rho,exp,days,mny,K,bid,ask,mid,model,iv_chain,iv_model,model/mid,spread/mid
-0.5,2026-10-16,24,-0.446,4300.0,0.05,0.25,0.15,0.010387030825216961,0.7227,0.5986334747598043,0.06924687216811308,1.3333333333333335
-0.5,2026-10-16,24,-0.433,4400.0,0.05,0.25,0.15,0.014351943237101131,0.6962,0.5870813779863241,0.09567962158067421,1.3333333333333335
-0.5,2026-10-16,24,-0.42,4500.0,0.05,0.25,0.15,0.019695548785473097,0.6702,0.5755648926899617,0.13130365856982065,1.3333333333333335
-0.5,2026-10-16,24,-0.408,4600.0,0.1,0.3,0.2,0.026853525694999568,0.6591,0.5640742074271928,0.13426762847499782,0.9999999999999999
-0.5,2026-10-16,24,-0.395,4700.0,0.1,0.3,0.2,0.03638645697576642,0.6337,0.5525994805960106,0.18193228487883206,0.9999999999999999
-0.5,2026-10-16,24,-0.382,4800.0,0.15,0.35,0.25,0.049012313370602203,0.6196,0.5411307731451508,0.19604925348240881,0.7999999999999999
-0.5,2026-10-16,24,-0.369,4900.0,0.2,0.4,0.30000000000000004,0.06564662539981952,0.6038,0.5296579778937917,0.21882208466606504,0.6666666666666666
-0.5,2026-10-16,24,-0.356,5000.0,0.2,0.45,0.325,0.08745201887566016,0.583,0.5181707439941206,0.26908313500203124,0.7692307692307692
-0.5,2026-10-16,24,-0.343,5100.0,0.25,0.5,0.375,0.11589913186590896,0.5655,0.5066583948481331,0.3090643516424239,0.6666666666666666
-0.5,2026-10-16,24,-0.33,5200.0,0.35,0.55,0.45,0.15284134421189804,0.5501,0.4951098374894207,0.3396474315819957,0.4444444444444446
-0.5,2026-10-16,24,-0.317,5300.0,0.4,0.6,0.5,0.20060624814816624,0.5312,0.4835134610380933,0.4012124962963325,0.3999999999999999
-0.5,2026-10-16,24,-0.305,5400.0,0.45,0.7,0.575,0.26210738864766037,0.5137,0.4718570213008576,0.4558389367785398,0.4347826086956521
-0.5,2026-10-16,24,-0.292,5500.0,0.55,0.8,0.675,0.34098052760586006,0.4974,0.46012750787428114,0.5051563371938668,0.37037037037037035
-0.5,2026-10-16,24,-0.279,5600.0,0.65,0.9,0.775,0.44174956535032256,0.4802,0.4483109891545837,0.5699994391617065,0.3225806451612903
-0.5,2026-10-16,24,-0.266,5700.0,0.75,1.0,0.875,0.5700283219580804,0.4621,0.4363924293719616,0.6514609393806633,0.2857142857142857
-0.5,2026-10-16,24,-0.253,5800.0,0.9,1.15,1.025,0.7327656845235315,0.4458,0.42435547002117424,0.714893350754665,0.24390243902439016
-0.5,2026-10-16,24,-0.24,5900.0,1.05,1.3,1.175,0.9385432217882367,0.4285,0.4121821656615526,0.7987601887559461,0.2127659574468085
-0.5,2026-10-16,24,-0.227,6000.0,1.2,1.45,1.325,1.1979363265007064,0.4104,0.3998526607233237,0.9041028879250614,0.18867924528301888
-0.5,2026-10-16,24,-0.214,6100.0,1.35,1.65,1.5,1.5239523596654398,0.3924,0.3873447892500718,1.0159682397769598,0.19999999999999987
-0.5,2026-10-16,24,-0.202,6200.0,1.55,1.85,1.7000000000000002,1.9325622541052976,0.3744,0.3746335727596422,1.1368013259442926,0.17647058823529413
-0.5,2026-10-16,24,-0.189,6300.0,1.75,2.05,1.9,2.443345729915285,0.3558,0.36169058156057227,1.2859714367975186,0.15789473684210517
-0.5,2026-10-16,24,-0.176,6400.0,2.0,2.3,2.15,3.0802748540082403,0.3375,0.3484831102103852,1.432685978608484,0.13953488372093015
-0.5,2026-10-16,24,-0.163,6500.0,2.3,2.6,2.45,3.8726663391530955,0.3192,0.33497309551616394,1.5806801384298348,0.12244897959183683
-0.5,2026-10-16,24,-0.15,6600.0,2.65,3.0,2.825,4.856339931477468,0.3012,0.3211156707344523,1.7190583828238823,0.12389380530973454
-0.5,2026-10-16,24,-0.137,6700.0,3.0,3.4,3.2,6.075028640895162,0.2824,0.30685719394628924,1.8984464502797382,0.12499999999999997
-0.5,2026-10-16,24,-0.124,6800.0,3.6,4.0,3.8,7.582096419380051,0.265,0.29213249651598333,1.9952885314158029,0.10526315789473682
-0.5,2026-10-16,24,-0.111,6900.0,4.2,4.7,4.45,9.442629763978973,0.2466,0.2768609398116661,2.1219392728042634,0.11235955056179775
-0.5,2026-10-16,24,-0.098,7000.0,5.1,5.6,5.35,11.735980393060856,0.2286,0.2609405869500951,2.193641194964646,0.09345794392523366
-0.5,2026-10-16,24,-0.086,7100.0,6.3,6.8,6.55,14.558844584945804,0.2108,0.24423927031123133,2.2227243641138634,0.07633587786259542
-0.5,2026-10-16,24,-0.073,7200.0,8.0,8.6,8.3,18.028972315575274,0.1935,0.22658029848098807,2.1721653392259364,0.07228915662650598
-0.5,2026-10-16,24,-0.06,7300.0,10.6,11.3,10.95,22.289642840754635,0.1769,0.2077183750581385,2.035583821073483,0.06392694063926951
-0.5,2026-10-16,24,-0.047,7400.0,14.8,15.4,15.100000000000001,27.515407943504766,0.1605,0.1872964620252803,1.8222124465897194,0.03973509933774832
-0.5,2026-11-20,59,-0.459,4200.0,0.8,1.05,0.925,0.6586939537777682,0.5552,0.5326006840918174,0.7121015716516412,0.27027027027027023
-0.5,2026-11-20,59,-0.446,4300.0,0.9,1.2,1.05,0.7949577588345135,0.5421,0.5226432072671122,0.7571026274614414,0.28571428571428564
-0.5,2026-11-20,59,-0.433,4400.0,1.05,1.3,1.175,0.9555659833223701,0.5285,0.5127280638421853,0.8132476453807405,0.2127659574468085
-0.5,2026-11-20,59,-0.42,4500.0,1.15,1.45,1.2999999999999998,1.1442361844236728,0.5144,0.502846967795298,0.8801816803259023,0.23076923076923084
-0.5,2026-11-20,59,-0.408,4600.0,1.35,1.65,1.5,1.3651674694742593,0.5028,0.49299168791581804,0.9101116463161728,0.19999999999999987
-0.5,2026-11-20,59,-0.395,4700.0,1.5,1.8,1.65,1.6230936019193296,0.4888,0.4831539949187493,0.983693092072321,0.18181818181818185
-0.5,2026-11-20,59,-0.382,4800.0,1.7,2.0,1.85,1.9233412763566207,0.4759,0.473325607392103,1.0396439331657408,0.16216216216216217
-0.5,2026-11-20,59,-0.369,4900.0,1.95,2.25,2.1,2.2718940521147553,0.4638,0.4634981355829033,1.0818543105308358,0.14285714285714288
-0.5,2026-11-20,59,-0.356,5000.0,2.15,2.5,2.325,2.6754624856001072,0.4508,0.4536630219279306,1.1507365529462825,0.15053763440860218
-0.5,2026-11-20,59,-0.343,5100.0,2.45,2.8,2.625,3.1415610579666664,0.4386,0.44381147709181024,1.1967851649396823,0.1333333333333332
-0.5,2026-11-20,59,-0.33,5200.0,2.75,3.1,2.925,3.6785925568663096,0.4259,0.4339344100779584,1.257638480979935,0.11965811965811969
-0.5,2026-11-20,59,-0.317,5300.0,3.1,3.5,3.3,4.29594063931142,0.414,0.4240223507134631,1.3018001937307333,0.12121212121212119
-0.5,2026-11-20,59,-0.305,5400.0,3.4,3.9,3.65,5.004071376958173,0.401,0.4140653624579734,1.3709784594405954,0.136986301369863
-0.5,2026-11-20,59,-0.292,5500.0,3.8,4.3,4.05,5.814644664874115,0.3885,0.4040529430223897,1.4357147320676829,0.1234567901234568
-0.5,2026-11-20,59,-0.279,5600.0,4.3,4.8,4.55,6.740636458866343,0.3765,0.393973909668217,1.4814585623882075,0.10989010989010989
-0.5,2026-11-20,59,-0.266,5700.0,4.8,5.3,5.05,7.796472892397164,0.3639,0.38381626524030243,1.5438560182964682,0.09900990099009901
-0.5,2026-11-20,59,-0.253,5800.0,5.4,5.9,5.65,8.998177408078833,0.3517,0.37356703988967593,1.5925977713413864,0.08849557522123894
-0.5,2026-11-20,59,-0.24,5900.0,6.0,6.5,6.25,10.363532114441389,0.339,0.3632121019621313,1.6581651383106222,0.08
-0.5,2026-11-20,59,-0.227,6000.0,6.8,7.3,7.05,11.912254636622809,0.3272,0.35273592950615945,1.689681508740824,0.07092198581560284
-0.5,2026-11-20,59,-0.214,6100.0,7.6,8.1,7.85,13.666191756319018,0.3147,0.3421213310611611,1.7409161473017858,0.06369426751592357
-0.5,2026-11-20,59,-0.202,6200.0,8.5,9.1,8.8,15.649531113977662,0.3025,0.33134910048001254,1.7783558084065525,0.06818181818181814
-0.5,2026-11-20,59,-0.189,6300.0,9.6,10.2,9.899999999999999,17.889032155225756,0.2903,0.3203975849972622,1.8069729449722989,0.06060606060606058
-0.5,2026-11-20,59,-0.176,6400.0,10.8,11.4,11.100000000000001,20.414277332161372,0.2779,0.30924213776990933,1.8391240839785017,0.054054054054054015
-0.5,2026-11-20,59,-0.163,6500.0,12.3,12.9,12.600000000000001,23.257944344828225,0.266,0.2978544144267121,1.8458685987958907,0.04761904761904759
-0.5,2026-11-20,59,-0.15,6600.0,14.0,14.7,14.35,26.45610007789476,0.254,0.2862014557433235,1.8436306674491123,0.048780487804878
-0.5,2026-11-20,59,-0.137,6700.0,16.1,16.8,16.450000000000003,30.048517353368215,0.2422,0.27424447213303926,1.8266575898704078,0.04255319148936165
-0.5,2026-11-20,59,-0.124,6800.0,18.6,19.3,18.950000000000003,34.07901815914249,0.2303,0.2619372048076183,1.798365074361081,0.036939313984168824
-0.5,2026-11-20,59,-0.111,6900.0,21.6,22.4,22.0,38.59585580941142,0.2187,0.24922367428050463,1.7543570822459735,0.03636363636363624
-0.5,2026-11-20,59,-0.098,7000.0,25.4,26.3,25.85,43.652175421475484,0.2071,0.2360350247241066,1.688672163306595,0.03481624758220511
-0.5,2026-11-20,59,-0.086,7100.0,30.3,31.1,30.700000000000003,49.3066718321976,0.1958,0.2222850099944977,1.6060805157067621,0.026058631921824126
-0.5,2026-11-20,59,-0.073,7200.0,36.5,37.3,36.9,55.62480315221291,0.1847,0.2078634165964255,1.507447239897369,0.021680216802167945
-0.5,2026-11-20,59,-0.06,7300.0,44.6,45.6,45.1,62.68166854049578,0.1741,0.19262638795983697,1.389837439922301,0.022172949002217293
-0.5,2026-11-20,59,-0.047,7400.0,55.5,56.5,56.0,70.57020391176573,0.1639,0.17638248884733407,1.2601822127101023,0.017857142857142856
-0.5,2026-12-18,87,-0.459,4200.0,2.3,2.65,2.4749999999999996,2.2258095957162665,0.5071,0.49675440979637747,0.8993170083702088,0.14141414141414146
-0.5,2026-12-18,87,-0.446,4300.0,2.55,2.9,2.7249999999999996,2.5912649747868297,0.4947,0.48756427557000515,0.9509229265272771,0.12844036697247713
-0.5,2026-12-18,87,-0.433,4400.0,2.85,3.2,3.0250000000000004,3.0069676042049784,0.4829,0.4784151562900301,0.9940388774231332,0.11570247933884299
-0.5,2026-12-18,87,-0.42,4500.0,3.1,3.6,3.35,3.4786006825733566,0.4713,0.4692995008830389,1.0383882634547332,0.14925373134328357
-0.5,2026-12-18,87,-0.408,4600.0,3.5,3.9,3.7,4.0123690644176575,0.4596,0.4602098229724561,1.0844240714642317,0.10810810810810807
-0.5,2026-12-18,87,-0.395,4700.0,3.9,4.3,4.1,4.615038547133259,0.4483,0.4511386537972169,1.1256191578373804,0.09756097560975609
-0.5,2026-12-18,87,-0.382,4800.0,4.3,4.7,4.5,5.293977798051936,0.4366,0.44207849439345503,1.176439510678208,0.08888888888888896
-0.5,2026-12-18,87,-0.369,4900.0,4.7,5.2,4.95,6.057203105731887,0.4253,0.43302176619185695,1.2236773950973507,0.10101010101010101
-0.5,2026-12-18,87,-0.356,5000.0,5.2,5.7,5.45,6.9134261511670685,0.414,0.4239607591100368,1.2685185598471684,0.09174311926605504
-0.5,2026-12-18,87,-0.343,5100.0,5.8,6.2,6.0,7.87210500553254,0.4029,0.4148875761111217,1.31201750092209,0.06666666666666672
-0.5,2026-12-18,87,-0.33,5200.0,6.4,6.8,6.6,8.943498570644778,0.3918,0.4057940730496495,1.3550755410067845,0.06060606060606053
-0.5,2026-12-18,87,-0.317,5300.0,7.0,7.5,7.25,10.138724685537424,0.3806,0.3966717924239068,1.3984447842120584,0.06896551724137931
-0.5,2026-12-18,87,-0.305,5400.0,7.7,8.2,7.949999999999999,11.469822126141555,0.3695,0.3875118893861285,1.4427449215272397,0.06289308176100618
-0.5,2026-12-18,87,-0.292,5500.0,8.5,9.0,8.75,12.949816723257907,0.3586,0.37830504800943,1.479979054086618,0.05714285714285714
-0.5,2026-12-18,87,-0.279,5600.0,9.3,9.8,9.55,14.592791814617264,0.3474,0.36904138534650205,1.528041027708614,0.05235602094240837
-0.5,2026-12-18,87,-0.266,5700.0,10.3,10.8,10.55,16.413963227162764,0.3368,0.35971034020329334,1.5558258983092665,0.04739336492890995
-0.5,2026-12-18,87,-0.253,5800.0,11.3,11.9,11.600000000000001,18.429758952835,0.3259,0.3503005427398193,1.5887723235202587,0.05172413793103445
-0.5,2026-12-18,87,-0.24,5900.0,12.5,13.1,12.8,20.657903632641965,0.3152,0.34079965992760847,1.6138987213001534,0.04687499999999997
-0.5,2026-12-18,87,-0.227,6000.0,13.8,14.5,14.15,23.11750789935058,0.3047,0.331194210436262,1.6337461412968608,0.0494699646643109
-0.5,2026-12-18,87,-0.214,6100.0,15.3,16.0,15.65,25.829162554572083,0.2941,0.32146934054243437,1.6504257223368743,0.04472843450479229
-0.5,2026-12-18,87,-0.202,6200.0,17.0,17.7,17.35,28.81503749216687,0.2836,0.31160854993885556,1.6608090773583208,0.04034582132564837
-0.5,2026-12-18,87,-0.189,6300.0,18.9,19.6,19.25,32.09898528173097,0.2731,0.3015933525547504,1.6674797548951152,0.036363636363636515
-0.5,2026-12-18,87,-0.176,6400.0,21.1,21.8,21.450000000000003,35.70664952507423,0.2628,0.2914028522183223,1.664645665504626,0.0326340326340326
-0.5,2026-12-18,87,-0.163,6500.0,23.6,24.4,24.0,39.66557879647775,0.2524,0.2810132055079405,1.6527324498532396,0.033333333333333215
-0.5,2026-12-18,87,-0.15,6600.0,26.6,27.4,27.0,44.00534885622804,0.2424,0.27039693342837146,1.6298277354158532,0.029629629629629523
-0.5,2026-12-18,87,-0.137,6700.0,30.1,31.0,30.55,48.75770043516342,0.2324,0.25952202811031894,1.5959967409218796,0.029459901800327284
-0.5,2026-12-18,87,-0.124,6800.0,34.3,35.2,34.75,53.95671080096495,0.2226,0.24835077844186834,1.5527111021860416,0.02589928057553973
-0.5,2026-12-18,87,-0.111,6900.0,39.2,40.1,39.650000000000006,59.6390430127071,0.2128,0.23683820669376365,1.5041372764869378,0.02269861286254725
-0.5,2026-12-18,87,-0.098,7000.0,45.0,46.0,45.5,65.84437811137441,0.203,0.224929964451212,1.4471291892609761,0.02197802197802198
-0.5,2026-12-18,87,-0.086,7100.0,52.3,53.2,52.75,72.61628631853382,0.1936,0.21255948299983932,1.3766120629105938,0.01706161137440769
-0.5,2026-12-18,87,-0.073,7200.0,60.9,62.1,61.5,80.0041810604622,0.1842,0.199644135804944,1.3008809928530438,0.019512195121951265
-0.5,2026-12-18,87,-0.06,7300.0,71.7,72.9,72.30000000000001,88.06805879356025,0.1751,0.18608026544033668,1.2180920994959923,0.01659751037344402
-0.5,2026-12-18,87,-0.047,7400.0,85.1,86.4,85.75,96.89085945878132,0.1662,0.1717376411007342,1.1299225592860795,0.015160349854227538
-0.5,2027-01-15,115,-0.459,4200.0,4.5,4.9,4.7,5.162641596343365,0.478,0.4787746126010483,1.0984343822007159,0.08510638297872347
-0.5,2027-01-15,115,-0.446,4300.0,4.9,5.3,5.1,5.869152142916403,0.4663,0.4700099768728934,1.150814145669883,0.07843137254901951
-0.5,2027-01-15,115,-0.433,4400.0,5.3,5.8,5.55,6.6541310648743375,0.455,0.46128630935342074,1.1989425342115925,0.0900900900900901
-0.5,2027-01-15,115,-0.42,4500.0,5.8,6.3,6.05,7.524454546333132,0.444,0.4525964987744529,1.2437114952616748,0.08264462809917356
-0.5,2027-01-15,115,-0.408,4600.0,6.4,6.8,6.6,8.487463172521842,0.4332,0.44393350872029286,1.2859792685639155,0.06060606060606053
-0.5,2027-01-15,115,-0.395,4700.0,6.9,7.4,7.15,9.550986613097136,0.4221,0.43529033430746106,1.3358023235100889,0.06993006993006992
-0.5,2027-01-15,115,-0.382,4800.0,7.5,8.0,7.75,10.723369494154996,0.4112,0.42665995847005295,1.3836605798909671,0.06451612903225806
-0.5,2027-01-15,115,-0.369,4900.0,8.2,8.7,8.45,12.013498508802552,0.4008,0.4180353071050993,1.4217157998582903,0.0591715976331361
-0.5,2027-01-15,115,-0.356,5000.0,8.9,9.4,9.15,13.430830812315742,0.3901,0.4094092022788302,1.4678503620017205,0.0546448087431694
-0.5,2027-01-15,115,-0.343,5100.0,9.7,10.2,9.95,14.985423741843801,0.3798,0.4007743126127906,1.506072737873749,0.05025125628140704
-0.5,2027-01-15,115,-0.33,5200.0,10.5,11.0,10.75,16.687965891755468,0.3691,0.3921230998532649,1.5523689201632993,0.046511627906976744
-0.5,2027-01-15,115,-0.317,5300.0,11.4,12.0,11.7,18.5498095634784,0.359,0.38344776047124873,1.585453808844308,0.05128205128205125
-0.5,2027-01-15,115,-0.305,5400.0,12.4,13.0,12.7,20.583004592461116,0.3488,0.3747401609332709,1.6207090230284344,0.04724409448818895
-0.5,2027-01-15,115,-0.292,5500.0,13.5,14.1,13.8,22.80033353441436,0.3387,0.3659917650120758,1.652198082203939,0.04347826086956519
-0.5,2027-01-15,115,-0.279,5600.0,14.7,15.4,15.05,25.21534816848682,0.3288,0.3571935511519151,1.675438416510752,0.04651162790697681
-0.5,2027-01-15,115,-0.266,5700.0,16.0,16.7,16.35,27.842407248153595,0.3188,0.3483359174405685,1.7028995258809536,0.04281345565749231
-0.5,2027-01-15,115,-0.253,5800.0,17.5,18.2,17.85,30.69671540562831,0.309,0.33940857113445727,1.7197039442929025,0.03921568627450976
-0.5,2027-01-15,115,-0.24,5900.0,19.1,19.9,19.5,33.79436310228677,0.2993,0.3304003988865895,1.733044261655732,0.04102564102564088
-0.5,2027-01-15,115,-0.227,6000.0,21.0,21.7,21.35,37.15236753599336,0.2897,0.3212993127737145,1.7401577300231081,0.032786885245901606
-0.5,2027-01-15,115,-0.214,6100.0,22.9,23.8,23.35,40.78871450660625,0.2803,0.31209206581781707,1.746840021696199,0.03854389721627418
-0.5,2027-01-15,115,-0.202,6200.0,25.3,26.2,25.75,44.72240148228041,0.2708,0.30276402882174197,1.7367922905739965,0.03495145631067956
-0.5,2027-01-15,115,-0.189,6300.0,27.9,28.9,28.4,48.97348265622749,0.2615,0.2932989178151366,1.7244184033882919,0.035211267605633804
-0.5,2027-01-15,115,-0.176,6400.0,31.1,31.9,31.5,53.563117940192086,0.2526,0.28367845799756636,1.7004164425457806,0.025396825396825307
-0.5,2027-01-15,115,-0.163,6500.0,34.5,35.5,35.0,58.513630211049076,0.2436,0.27388196545586485,1.6718180060299737,0.02857142857142857
-0.5,2027-01-15,115,-0.15,6600.0,38.5,39.5,39.0,63.84857993086232,0.2346,0.26388582173182173,1.637143075150316,0.02564102564102564
-0.5,2027-01-15,115,-0.137,6700.0,43.2,44.1,43.650000000000006,69.59287602010413,0.2258,0.2536628081156951,1.5943385113425914,0.020618556701030893
-0.5,2027-01-15,115,-0.124,6800.0,48.6,49.5,49.05,75.7729619364504,0.2172,0.2431812561502795,1.5448106409062263,0.018348623853210982
-0.5,2027-01-15,115,-0.111,6900.0,54.8,55.8,55.3,82.41715807360838,0.2086,0.23240395903627384,1.4903645221267339,0.018083182640144666
-0.5,2027-01-15,115,-0.098,7000.0,62.0,63.2,62.6,89.55633279133508,0.2,0.22128677949201656,1.430612344909506,0.019169329073482472
-0.5,2027-01-15,115,-0.086,7100.0,70.8,71.9,71.35,97.22527928319947,0.1917,0.20977689736611616,1.362652828075676,0.015416958654520092
-0.5,2027-01-15,115,-0.073,7200.0,80.9,82.2,81.55000000000001,105.46565822935374,0.1834,0.19781071055785127,1.293263742849218,0.01594114040465968
-0.5,2027-01-15,115,-0.06,7300.0,93.2,94.6,93.9,114.33257188485908,0.1753,0.18531168109935695,1.2175992745991382,0.01490947816826402
-0.5,2027-01-15,115,-0.047,7400.0,108.0,109.4,108.7,123.91006772184308,0.1674,0.17218938566069458,1.139927025959918,0.012879484820607228
-0.5,2027-02-19,150,-0.459,4200.0,7.4,7.9,7.65,9.954628931883406,0.4481,0.4601432652819495,1.3012586839063274,0.06535947712418301
-0.5,2027-02-19,150,-0.446,4300.0,8.0,8.5,8.25,11.117151855021278,0.4375,0.45181910051679947,1.3475335581843975,0.06060606060606061
-0.5,2027-02-19,150,-0.433,4400.0,8.6,9.2,8.899999999999999,12.386176659715758,0.427,0.44353581279928356,1.391705242664692,0.06741573033707862
-0.5,2027-02-19,150,-0.42,4500.0,9.4,9.9,9.65,13.769032505251003,0.4171,0.43528674173392606,1.426842746658135,0.05181347150259067
-0.5,2027-02-19,150,-0.408,4600.0,10.1,10.7,10.399999999999999,15.273412033057545,0.4069,0.4270653115875096,1.468597310870918,0.05769230769230767
-0.5,2027-02-19,150,-0.395,4700.0,10.9,11.5,11.2,16.907384737073464,0.3968,0.4188649917371886,1.509587922952988,0.05357142857142854
-0.5,2027-02-19,150,-0.382,4800.0,11.8,12.4,12.100000000000001,18.67941074981132,0.3871,0.4106792570510623,1.5437529545298612,0.0495867768595041
-0.5,2027-02-19,150,-0.369,4900.0,12.7,13.4,13.05,20.59835503258225,0.3773,0.4025015475537433,1.5784180101595593,0.0536398467432951
-0.5,2027-02-19,150,-0.356,5000.0,13.7,14.4,14.05,22.673501950744416,0.3676,0.39432522669430004,1.6137723808359015,0.04982206405693958
-0.5,2027-02-19,150,-0.343,5100.0,14.8,15.5,15.15,24.9145702060024,0.358,0.3861435374762111,1.6445260862047788,0.04620462046204616
-0.5,2027-02-19,150,-0.33,5200.0,16.0,16.7,16.35,27.33172808793406,0.3486,0.3779495556253292,1.6716653264791472,0.04281345565749231
-0.5,2027-02-19,150,-0.317,5300.0,17.3,18.0,17.65,29.935608996627217,0.3393,0.3697361388575252,1.696068498392477,0.03966005665722376
-0.5,2027-02-19,150,-0.305,5400.0,18.7,19.4,19.049999999999997,32.73732717886336,0.3301,0.3614958711560866,1.7184948650321976,0.036745406824146946
-0.5,2027-02-19,150,-0.292,5500.0,20.2,21.0,20.6,35.74849361416359,0.321,0.3532210007711379,1.7353637676778442,0.03883495145631071
-0.5,2027-02-19,150,-0.279,5600.0,21.8,22.7,22.25,38.981231988752505,0.3119,0.34490337039741004,1.751965482640562,0.040449438202247126
-0.5,2027-02-19,150,-0.266,5700.0,23.7,24.5,24.1,42.44819471328344,0.3029,0.3365343376567516,1.7613358802192298,0.033195020746887995
-0.5,2027-02-19,150,-0.253,5800.0,25.7,26.6,26.15,46.16257898844445,0.2942,0.3281046835868451,1.7652993877034209,0.034416826003824175
-0.5,2027-02-19,150,-0.24,5900.0,28.1,28.9,28.5,50.138143026739904,0.2856,0.3196045062900724,1.7592330886575405,0.02807017543859639
-0.5,2027-02-19,150,-0.227,6000.0,30.7,31.5,31.1,54.389222743537516,0.2772,0.3110230961902858,1.7488496059015277,0.02572347266881031
-0.5,2027-02-19,150,-0.214,6100.0,33.5,34.4,33.95,58.93074961482817,0.2688,0.3023487884339903,1.735810003382273,0.026509572901325433
-0.5,2027-02-19,150,-0.202,6200.0,36.8,37.7,37.25,63.77827110389136,0.2607,0.29356878679806037,1.7121683517823185,0.024161073825503507
-0.5,2027-02-19,150,-0.189,6300.0,40.3,41.4,40.849999999999994,68.9479763380667,0.2525,0.284668951959714,1.6878329580922082,0.026927784577723417
-0.5,2027-02-19,150,-0.176,6400.0,44.4,45.5,44.95,74.45673203506487,0.2445,0.2756335450737912,1.656434528032589,0.02447163515016688
-0.5,2027-02-19,150,-0.163,6500.0,49.2,50.1,49.650000000000006,80.3221379029695,0.2366,0.2664449152356658,1.6177671279550754,0.01812688821752263
-0.5,2027-02-19,150,-0.15,6600.0,54.5,55.5,55.0,86.56261852239035,0.2289,0.25708311661906214,1.5738657913161882,0.01818181818181818
-0.5,2027-02-19,150,-0.137,6700.0,60.5,61.6,61.05,93.1975832948581,0.2212,0.24752543815030267,1.5265779409477167,0.018018018018018042
-0.5,2027-02-19,150,-0.124,6800.0,67.4,68.5,67.95,100.24771391316443,0.2136,0.23774582645720635,1.4753158780450983,0.01618837380426776
-0.5,2027-02-19,150,-0.111,6900.0,75.3,76.5,75.9,107.73549351410958,0.2061,0.22771418413657077,1.4194399672478204,0.015810276679841934
-0.5,2027-02-19,150,-0.098,7000.0,84.3,85.6,84.94999999999999,115.68620248427675,0.1987,0.2173955370259395,1.361815214647166,0.015303119482048232
-0.5,2027-02-19,150,-0.086,7100.0,94.7,96.1,95.4,124.12983892886898,0.1914,0.20674910415826683,1.3011513514556496,0.014675052410901378
-0.5,2027-02-19,150,-0.073,7200.0,106.8,108.3,107.55,133.10493407296397,0.1842,0.19572742020466435,1.2376098007713991,0.01394700139470014
-0.5,2027-02-19,150,-0.06,7300.0,121.0,122.5,121.75,142.66641863201667,0.1771,0.1842759836264159,1.1717980996469541,0.012320328542094456
-0.5,2027-02-19,150,-0.047,7400.0,137.6,139.2,138.39999999999998,152.90260947195998,0.1703,0.1723348119772377,1.1047876406933526,0.011560693641618458
-0.5,2027-03-19,178,-0.459,4200.0,9.9,10.5,10.2,14.253549212177294,0.4301,0.4472545107776978,1.397406785507578,0.05882352941176468
-0.5,2027-03-19,178,-0.446,4300.0,10.7,11.2,10.95,15.768764001056583,0.4202,0.43923320718354936,1.4400697717859894,0.04566210045662101
-0.5,2027-03-19,178,-0.433,4400.0,11.6,12.1,11.85,17.40736242189603,0.4105,0.43125266466470713,1.468975731805572,0.04219409282700422
-0.5,2027-03-19,178,-0.42,4500.0,12.4,13.0,12.7,19.176615566733705,0.4007,0.4233065287007092,1.5099697296640713,0.04724409448818895
-0.5,2027-03-19,178,-0.408,4600.0,13.4,14.0,13.7,21.084086256581774,0.3914,0.41538853554007205,1.5389843982906406,0.04379562043795618
-0.5,2027-03-19,178,-0.395,4700.0,14.4,15.0,14.7,23.13763720954384,0.3819,0.4074924751371746,1.573988925819309,0.04081632653061222
-0.5,2027-03-19,178,-0.382,4800.0,15.5,16.1,15.8,25.345439348307366,0.3726,0.39961215422442176,1.6041417309055295,0.03797468354430389
-0.5,2027-03-19,178,-0.369,4900.0,16.7,17.3,17.0,27.715980219918247,0.3635,0.3917413589343639,1.6303517776422498,0.035294117647058906
-0.5,2027-03-19,178,-0.356,5000.0,17.9,18.6,18.25,30.258072495112234,0.3545,0.38387381636233814,1.657976575074643,0.0383561643835618
-0.5,2027-03-19,178,-0.343,5100.0,19.3,20.0,19.65,32.98086250914879,0.3456,0.3760031544170233,1.6784153948676233,0.03562340966921116
-0.5,2027-03-19,178,-0.33,5200.0,20.8,21.5,21.15,35.89383880200987,0.3368,0.36812285924175925,1.6971082175891192,0.03309692671394796
-0.5,2027-03-19,178,-0.317,5300.0,22.4,23.1,22.75,39.00684061459416,0.328,0.3602262294001629,1.7145864006415015,0.030769230769230896
-0.5,2027-03-19,178,-0.305,5400.0,24.2,24.9,24.549999999999997,42.330066301940505,0.3195,0.3523063259008066,1.724238953235866,0.028513238289205677
-0.5,2027-03-19,178,-0.292,5500.0,26.1,26.8,26.450000000000003,45.874081639227015,0.311,0.3443559169812104,1.7343698162278642,0.026465028355387495
-0.5,2027-03-19,178,-0.279,5600.0,28.2,29.0,28.6,49.649828028976245,0.3028,0.33636741637290957,1.7360079730411273,0.027972027972027996
-0.5,2027-03-19,178,-0.266,5700.0,30.6,31.4,31.0,53.66863068150121,0.2947,0.32833281351623456,1.731246151016168,0.025806451612903136
-0.5,2027-03-19,178,-0.253,5800.0,33.2,34.0,33.6,57.94220695643171,0.2866,0.32024359387209234,1.7244704451318962,0.023809523809523725
-0.5,2027-03-19,178,-0.24,5900.0,36.0,36.9,36.45,62.482675256944866,0.2787,0.31209064707150475,1.714202339010833,0.02469135802469132
-0.5,2027-03-19,178,-0.227,6000.0,39.3,40.1,39.7,67.30256522025344,0.271,0.3038641601313095,1.6952787209131848,0.020151133501259553
-0.5,2027-03-19,178,-0.214,6100.0,42.9,43.8,43.349999999999994,72.41483055022503,0.2634,0.2955534923225445,1.670468986164361,0.020761245674740456
-0.5,2027-03-19,178,-0.202,6200.0,46.9,47.8,47.349999999999994,77.83286686691099,0.2559,0.2871470274821382,1.6437775473476453,0.01900739176346354
-0.5,2027-03-19,178,-0.189,6300.0,51.4,52.3,51.849999999999994,83.57053871082641,0.2485,0.27863199859004595,1.611775095676498,0.01735776277724202
-0.5,2027-03-19,178,-0.176,6400.0,56.4,57.4,56.9,89.64222288357644,0.2412,0.2699942782965135,1.575434497075157,0.01757469244288225
-0.5,2027-03-19,178,-0.163,6500.0,62.0,63.1,62.55,96.06288062088385,0.234,0.2612181278410209,1.5357774679597738,0.017585931254996027
-0.5,2027-03-19,178,-0.15,6600.0,68.5,69.5,69.0,102.84818051265944,0.227,0.2522858956634948,1.4905533407631804,0.014492753623188406
-0.5,2027-03-19,178,-0.137,6700.0,75.6,76.8,76.19999999999999,110.01471108913599,0.22,0.24317765651333556,1.4437626127183203,0.01574803149606303
-0.5,2027-03-19,178,-0.124,6800.0,83.8,84.9,84.35,117.58035338364415,0.2131,0.23387078332861377,1.3939579535701738,0.013040901007706088
-0.5,2027-03-19,178,-0.111,6900.0,92.9,94.2,93.55000000000001,125.56494327800566,0.2063,0.22433945068864666,1.3422228036131014,0.013896312132549406
-0.5,2027-03-19,178,-0.098,7000.0,103.4,104.7,104.05000000000001,133.99146970861634,0.1996,0.2145540875489057,1.2877604008516705,0.012493993272465132
-0.5,2027-03-19,178,-0.086,7100.0,115.2,116.7,115.95,142.88829025595487,0.193,0.2044808457535505,1.2323267809914176,0.012936610608020697
-0.5,2027-03-19,178,-0.073,7200.0,128.9,130.3,129.60000000000002,152.29334226294864,0.1865,0.19408127258726438,1.1751029495597887,0.010802469135802512
-0.5,2027-03-19,178,-0.06,7300.0,144.4,146.0,145.2,162.26242494385812,0.1801,0.18331268050855007,1.117509813662935,0.011019283746556436
-0.5,2027-03-19,178,-0.047,7400.0,162.3,163.9,163.10000000000002,172.8861814167534,0.1738,0.17213048935354938,1.060001112303822,0.009809932556713636
-0.5,2027-04-16,206,-0.459,4200.0,12.5,13.1,12.8,19.364458649947263,0.4154,0.43822667267509663,1.5128483320271298,0.04687499999999997
-0.5,2027-04-16,206,-0.446,4300.0,13.5,14.1,13.8,21.25606476461728,0.4062,0.4304350779243879,1.5402945481606722,0.04347826086956519
-0.5,2027-04-16,206,-0.433,4400.0,14.5,15.1,14.8,23.285822964278477,0.397,0.42268440525518214,1.5733664165053025,0.040540540540540515
-0.5,2027-04-16,206,-0.42,4500.0,15.5,16.2,15.85,25.460744618105128,0.3878,0.4149685425602263,1.6063561273252447,0.044164037854889544
-0.5,2027-04-16,206,-0.408,4600.0,16.7,17.4,17.049999999999997,27.788067162100234,0.3789,0.4072814746136099,1.6297986605337382,0.04105571847507328
-0.5,2027-04-16,206,-0.395,4700.0,17.9,18.6,18.25,30.27525872201038,0.3699,0.39961724804519344,1.658918286137555,0.0383561643835618
-0.5,2027-04-16,206,-0.382,4800.0,19.2,20.0,19.6,32.930022720220144,0.3613,0.3919699366312746,1.6801032000112317,0.040816326530612276
-0.5,2027-04-16,206,-0.369,4900.0,20.7,21.4,21.049999999999997,35.76030243828497,0.3527,0.3843336063678149,1.698826719158431,0.03325415676959617
-0.5,2027-04-16,206,-0.356,5000.0,22.2,22.9,22.549999999999997,38.77428550538513,0.3443,0.3767022797778349,1.7194805102166357,0.031042128603104187
-0.5,2027-04-16,206,-0.343,5100.0,23.8,24.6,24.200000000000003,41.98040828384869,0.3358,0.3690698988737114,1.7347276150350697,0.03305785123966945
-0.5,2027-04-16,206,-0.33,5200.0,25.6,26.4,26.0,45.38736012767229,0.3275,0.361430286146587,1.7456676972181648,0.03076923076923066
-0.5,2027-04-16,206,-0.317,5300.0,27.6,28.4,28.0,49.00408750143225,0.3195,0.3537771028866579,1.750145982194009,0.02857142857142847
-0.5,2027-04-16,206,-0.305,5400.0,29.7,30.6,30.15,52.83979796937994,0.3116,0.3461038040465797,1.7525637800789367,0.02985074626865679
-0.5,2027-04-16,206,-0.292,5500.0,32.1,33.0,32.55,56.9039641047151,0.3038,0.3384035887414733,1.748201662203229,0.027649769585253416
-0.5,2027-04-16,206,-0.279,5600.0,34.6,35.6,35.1,61.206327437871124,0.2961,0.3306693453276931,1.7437700124749607,0.02849002849002849
-0.5,2027-04-16,206,-0.266,5700.0,37.5,38.4,37.95,65.75690267744334,0.2885,0.3228935898120865,1.732724708233026,0.023715415019762806
-0.5,2027-04-16,206,-0.253,5800.0,40.6,41.6,41.1,70.56598262597667,0.2811,0.31506839610609577,1.7169338838437147,0.024330900243309
-0.5,2027-04-16,206,-0.24,5900.0,44.0,45.1,44.55,75.64414452031593,0.2738,0.3071853163459259,1.697960595293287,0.02469135802469139
-0.5,2027-04-16,206,-0.227,6000.0,47.8,48.9,48.349999999999994,81.00225902637803,0.2666,0.2992352891422087,1.6753311070605592,0.022750775594622578
-0.5,2027-04-16,206,-0.214,6100.0,52.1,53.2,52.650000000000006,86.6515039333068,0.2596,0.2912085331932677,1.6458025438424841,0.02089268755935425
-0.5,2027-04-16,206,-0.202,6200.0,56.8,57.9,57.349999999999994,92.60338592718439,0.2526,0.28309442319526246,1.6147059446762755,0.019180470793374045
-0.5,2027-04-16,206,-0.189,6300.0,62.0,63.2,62.6,98.86977602966562,0.2458,0.2748813444273433,1.5793893934451375,0.019169329073482472
-0.5,2027-04-16,206,-0.176,6400.0,67.9,69.1,68.5,105.46296796902043,0.2391,0.2665565218363125,1.5396053718105172,0.017518248175182317
-0.5,2027-04-16,206,-0.163,6500.0,74.4,75.7,75.05000000000001,112.39577498368683,0.2325,0.25810581903231083,1.4976119251657138,0.01732178547634906
-0.5,2027-04-16,206,-0.15,6600.0,81.7,83.0,82.35,119.68169128246906,0.2259,0.24951350265066388,1.4533295844865703,0.015786278081360017
-0.5,2027-04-16,206,-0.137,6700.0,89.8,91.3,90.55,127.33516319574939,0.2195,0.24076196872583722,1.4062414488763046,0.016565433462175594
-0.5,2027-04-16,206,-0.124,6800.0,99.1,100.5,99.8,135.3720487886759,0.2132,0.23183143155406888,1.3564333545959508,0.014028056112224506
-0.5,2027-04-16,206,-0.111,6900.0,109.3,110.8,110.05,143.81040678102792,0.2069,0.22269958523070366,1.3067733464882139,0.013630168105406633
-0.5,2027-04-16,206,-0.098,7000.0,120.7,122.4,121.55000000000001,152.671873209903,0.2007,0.2133412707711142,1.2560417376380335,0.013986013986014009
-0.5,2027-04-16,206,-0.086,7100.0,133.7,135.4,134.55,161.98411451976153,0.1946,0.2037282335445188,1.203895314156533,0.012634708286882325
-0.5,2027-04-16,206,-0.073,7200.0,148.3,150.1,149.2,171.7853136747252,0.1886,0.1938291740337498,1.1513760970155844,0.01206434316353876
-0.5,2027-04-16,206,-0.06,7300.0,164.8,166.7,165.75,182.13263680840817,0.1827,0.1836105696169565,1.0988394377581185,0.011463046757164266
-0.5,2027-04-16,206,-0.047,7400.0,183.5,185.4,184.45,193.11882183171917,0.1768,0.1730394011058824,1.0469982208279707,0.010300894551368966
-0.5,2027-05-21,241,-0.459,4200.0,15.9,16.5,16.2,26.110709272392956,0.4006,0.4283224633964219,1.6117721773082072,0.037037037037037014
-0.5,2027-05-21,241,-0.446,4300.0,17.1,17.7,17.4,28.44898496177546,0.392,0.42078462514712334,1.634999135734222,0.03448275862068954
-0.5,2027-05-21,241,-0.433,4400.0,18.3,19.0,18.65,30.939470374991306,0.3833,0.4132878852913166,1.6589528351201774,0.037533512064343126
-0.5,2027-05-21,241,-0.42,4500.0,19.7,20.3,20.0,33.58870797116909,0.3749,0.40582639780248664,1.6794353985584547,0.030000000000000072
-0.5,2027-05-21,241,-0.408,4600.0,21.1,21.8,21.450000000000003,36.403401849115966,0.3666,0.3983944200089107,1.6971282913340775,0.0326340326340326
-0.5,2027-05-21,241,-0.395,4700.0,22.6,23.3,22.950000000000003,39.39041981671049,0.3582,0.3909862797602676,1.7163581619481694,0.030501089324618702
-0.5,2027-05-21,241,-0.382,4800.0,24.2,25.0,24.6,42.5567953631026,0.3502,0.38359634309733626,1.729951031020431,0.03252032520325206
-0.5,2027-05-21,241,-0.369,4900.0,26.0,26.8,26.4,45.90972951656038,0.3423,0.3762189819447154,1.7390049059303176,0.03030303030303033
-0.5,2027-05-21,241,-0.356,5000.0,27.9,28.7,28.299999999999997,49.45659257601301,0.3344,0.368848541341151,1.7475827765375622,0.028268551236749144
-0.5,2027-05-21,241,-0.343,5100.0,30.0,30.8,30.4,53.20492571415684,0.3267,0.3614793057033992,1.7501620300709488,0.026315789473684237
-0.5,2027-05-21,241,-0.33,5200.0,32.2,33.1,32.650000000000006,57.162442467064025,0.3192,0.35410546358688905,1.750763934672711,0.0275650842266462
-0.5,2027-05-21,241,-0.317,5300.0,34.6,35.5,35.05,61.33703015337083,0.3116,0.34672107035854666,1.7499865949606517,0.025677603423680417
-0.5,2027-05-21,241,-0.305,5400.0,37.3,38.2,37.75,65.73675131138751,0.3044,0.339320008132285,1.7413708956658942,0.023841059602649158
-0.5,2027-05-21,241,-0.292,5500.0,40.1,41.1,40.6,70.3698453138628,0.2971,0.33189594223361873,1.7332474215237141,0.02463054187192118
-0.5,2027-05-21,241,-0.279,5600.0,43.3,44.3,43.8,75.24473043175303,0.2901,0.32444227335398385,1.7179162199030373,0.022831050228310504
-0.5,2027-05-21,241,-0.266,5700.0,46.7,47.7,47.2,80.37000679189084,0.283,0.31695208442470724,1.702754381184128,0.0211864406779661
-0.5,2027-05-21,241,-0.253,5800.0,50.5,51.6,51.05,85.75446094295228,0.2762,0.30941808108241736,1.6798131428590066,0.021547502448579853
-0.5,2027-05-21,241,-0.24,5900.0,54.7,55.8,55.25,91.40707316333702,0.2696,0.30183252441023223,1.6544266635898102,0.019909502262443337
-0.5,2027-05-21,241,-0.227,6000.0,59.3,60.4,59.849999999999994,97.3370292994044,0.2629,0.2941871544232091,1.6263496958964814,0.0183792815371763
-0.5,2027-05-21,241,-0.214,6100.0,64.3,65.5,64.9,103.55373995188104,0.2564,0.28647310252919067,1.5955892134342224,0.01848998459167955
-0.5,2027-05-21,241,-0.202,6200.0,70.0,71.0,70.5,110.06687146030951,0.2501,0.2786807909566376,1.5612322192951704,0.014184397163120567
-0.5,2027-05-21,241,-0.189,6300.0,76.2,77.3,76.75,116.88639575010477,0.2438,0.27079981694333394,1.5229497817603228,0.014332247557003183
-0.5,2027-05-21,241,-0.176,6400.0,83.0,84.2,83.6,124.02267034858966,0.2377,0.2628188194166757,1.4835247649352832,0.014354066985645968
-0.5,2027-05-21,241,-0.163,6500.0,90.6,91.9,91.25,131.48656685847095,0.2317,0.2547253261556143,1.4409486779010514,0.014246575342465878
-0.5,2027-05-21,241,-0.15,6600.0,99.0,100.4,99.7,139.2896778635676,0.2257,0.2465055803821415,1.3970880427639678,0.014042126379137468
-0.5,2027-05-21,241,-0.137,6700.0,108.3,109.8,109.05,147.44465217667008,0.2198,0.2381443481369426,1.352083009414673,0.01375515818431912
-0.5,2027-05-21,241,-0.124,6800.0,118.7,120.3,119.5,155.96574308326691,0.2141,0.22962471315917493,1.3051526617846603,0.013389121338912086
-0.5,2027-05-21,241,-0.111,6900.0,130.2,131.9,131.05,164.86971626681643,0.2084,0.22092787739522163,1.2580672740695644,0.012972148035101235
-0.5,2027-05-21,241,-0.098,7000.0,143.0,144.8,143.9,174.17737788205747,0.2027,0.21203300912056158,1.2104056836835126,0.012508686587908349
-0.5,2027-05-21,241,-0.086,7100.0,157.3,159.1,158.2,183.91619829335082,0.1972,0.2029172306635178,1.162554982890966,0.011378002528444899
-0.5,2027-05-21,241,-0.073,7200.0,173.2,175.0,174.1,194.12492706247164,0.1917,0.19355594393753792,1.11501968444843,0.01033888569787485
-0.5,2027-05-21,241,-0.06,7300.0,190.8,192.7,191.75,204.86194494460256,0.1863,0.183923922541017,1.0683804169210043,0.009908735332464027
-0.5,2027-05-21,241,-0.047,7400.0,210.4,212.4,211.4,216.2208835151946,0.1809,0.17399811323328257,1.0228045577823774,0.00946073793755913
-0.5,2027-06-17,268,-0.459,4200.0,18.4,19.0,18.7,31.391779672911728,0.3905,0.42135640549952463,1.6787047953428733,0.03208556149732628
-0.5,2027-06-17,268,-0.446,4300.0,19.7,20.4,20.049999999999997,34.04999330982869,0.3822,0.41399644746860886,1.6982540304153964,0.03491271820448875
-0.5,2027-06-17,268,-0.433,4400.0,21.2,21.8,21.5,36.86856646634442,0.374,0.4066776853363624,1.714817044946252,0.027906976744186112
-0.5,2027-06-17,268,-0.42,4500.0,22.7,23.4,23.049999999999997,39.85364065265815,0.366,0.3993944572974724,1.729008271264996,0.030368763557483705
-0.5,2027-06-17,268,-0.408,4600.0,24.3,25.0,24.65,43.01148099721991,0.358,0.39214120908943034,1.7448876672300169,0.028397565922920864
-0.5,2027-06-17,268,-0.395,4700.0,26.0,26.8,26.4,46.34847721334735,0.3502,0.3849124626388759,1.755624136869218,0.03030303030303033
-0.5,2027-06-17,268,-0.382,4800.0,27.9,28.7,28.299999999999997,49.87114445451008,0.3426,0.3777027853300954,1.7622312528095436,0.028268551236749144
-0.5,2027-06-17,268,-0.369,4900.0,29.9,30.7,30.299999999999997,53.58612405468383,0.335,0.37050675945034595,1.7685189456991364,0.026402640264026427
-0.5,2027-06-17,268,-0.356,5000.0,32.0,32.9,32.45,57.50018416056085,0.3275,0.3633189513670934,1.7719625319125067,0.027734976887519216
-0.5,2027-06-17,268,-0.343,5100.0,34.4,35.3,34.849999999999994,61.62022027914172,0.3202,0.3561338799811102,1.7681555316826896,0.025824964131994223
-0.5,2027-06-17,268,-0.33,5200.0,36.9,37.8,37.349999999999994,65.95325579042297,0.313,0.34894598397642,1.7658167547636676,0.02409638554216864
-0.5,2027-06-17,268,-0.317,5300.0,39.7,40.6,40.150000000000006,70.50644251523498,0.306,0.3417495873527044,1.756075778710709,0.022415940224159363
-0.5,2027-06-17,268,-0.305,5400.0,42.7,43.6,43.150000000000006,75.28706148971727,0.299,0.33453886267706406,1.7447754690548614,0.020857473928157556
-0.5,2027-06-17,268,-0.292,5500.0,45.9,46.9,46.4,80.30252419094728,0.2922,0.32730779142885147,1.7306578489428295,0.021551724137931036
-0.5,2027-06-17,268,-0.279,5600.0,49.5,50.5,50.0,85.56037459874285,0.2856,0.32005012073246586,1.711207491974857,0.02
-0.5,2027-06-17,268,-0.266,5700.0,53.4,54.5,53.95,91.0682926909119,0.2791,0.3127593156776128,1.6880128394979035,0.02038924930491198
-0.5,2027-06-17,268,-0.253,5800.0,57.6,58.7,58.150000000000006,96.83410029062,0.2725,0.3054285063145165,1.6652467805781597,0.0189165950128977
-0.5,2027-06-17,268,-0.24,5900.0,62.3,63.5,62.9,102.86577067341014,0.2663,0.29805042828481604,1.6353858612624823,0.019077901430842654
-0.5,2027-06-17,268,-0.227,6000.0,67.6,68.4,68.0,109.171444089546,0.26,0.2906173559132499,1.605462413081559,0.011764705882353108
-0.5,2027-06-17,268,-0.214,6100.0,73.0,74.2,73.6,115.75945251135938,0.2539,0.2831210264543516,1.5728186482521658,0.016304347826086998
-0.5,2027-06-17,268,-0.202,6200.0,79.2,80.4,79.80000000000001,122.63835871232426,0.2479,0.275552554090446,1.5368215377484242,0.01503759398496244
-0.5,2027-06-17,268,-0.189,6300.0,86.1,87.3,86.69999999999999,129.81701761443233,0.242,0.2679023322678911,1.4973127752529682,0.013840830449827025
-0.5,2027-06-17,268,-0.176,6400.0,93.6,95.0,94.3,137.30467235420724,0.2363,0.26015992314469005,1.4560410642015615,0.014846235418875989
-0.5,2027-06-17,268,-0.163,6500.0,101.9,103.3,102.6,145.11110482347547,0.2306,0.25231393350787007,1.414338253640112,0.013645224171539879
-0.5,2027-06-17,268,-0.15,6600.0,111.2,112.5,111.85,153.24687246229755,0.2251,0.24435187789094154,1.3701106165605503,0.011622708985248075
-0.5,2027-06-17,268,-0.137,6700.0,121.5,122.7,122.1,161.7236832308829,0.2196,0.23626003252302427,1.3245182901792212,0.009828009828009852
-0.5,2027-06-17,268,-0.124,6800.0,132.7,133.8,133.25,170.55499516435555,0.2142,0.22802328961309248,1.2799624402578278,0.00825515947467184
-0.5,2027-06-17,268,-0.111,6900.0,144.9,146.2,145.55,179.7569872742562,0.2088,0.21962503315927276,1.235018806418799,0.008931638612160652
-0.5,2027-06-17,268,-0.098,7000.0,158.7,159.9,159.3,189.350156944165,0.2036,0.21104708070424175,1.1886387755440364,0.007532956685499165
-0.5,2027-06-17,268,-0.086,7100.0,173.7,175.0,174.35,199.36199905950284,0.1984,0.2022697820590992,1.1434585549727723,0.007456266131345061
-0.5,2027-06-17,268,-0.073,7200.0,190.3,191.7,191.0,209.83160276861307,0.1932,0.1932724610509817,1.0985947788932622,0.007329842931937054
-0.5,2027-06-17,268,-0.06,7300.0,208.6,210.1,209.35,220.81774920441768,0.1882,0.184034584404658,1.0547778801261891,0.007165034631000717
-0.5,2027-06-17,268,-0.047,7400.0,228.8,230.4,229.60000000000002,232.41360814251294,0.1831,0.1745384648998444,1.0122543908646033,0.006968641114982553
-0.5,2027-07-16,297,-0.459,4200.0,21.1,21.8,21.450000000000003,37.07702299290626,0.3814,0.41450193074586344,1.72853254046183,0.0326340326340326
-0.5,2027-07-16,297,-0.446,4300.0,22.7,23.3,23.0,40.05681067381037,0.3735,0.40731728077723434,1.7416004640787117,0.02608695652173919
-0.5,2027-07-16,297,-0.433,4400.0,24.3,25.0,24.65,43.20376495393743,0.3658,0.40017391074342795,1.7526882334254537,0.028397565922920864
-0.5,2027-07-16,297,-0.42,4500.0,26.0,26.7,26.35,46.523591726952155,0.358,0.39306633888602893,1.7656012040589053,0.026565464895635646
-0.5,2027-07-16,297,-0.408,4600.0,27.8,28.6,28.200000000000003,50.02208838572954,0.3505,0.38598919488582345,1.7738329214797708,0.02836879432624116
-0.5,2027-07-16,297,-0.395,4700.0,29.8,30.6,30.200000000000003,53.70514410271525,0.3431,0.3789371899268774,1.7783160298912333,0.026490066225165584
-0.5,2027-07-16,297,-0.382,4800.0,31.9,32.7,32.3,57.5787400109994,0.3357,0.3719050874915877,1.7826235297523034,0.024767801857585273
-0.5,2027-07-16,297,-0.369,4900.0,34.2,35.0,34.6,61.64894929921225,0.3286,0.3648876744735508,1.7817615404396603,0.02312138728323691
-0.5,2027-07-16,297,-0.356,5000.0,36.6,37.5,37.05,65.92193724908344,0.3215,0.35787973220060265,1.7792695613787706,0.024291497975708464
-0.5,2027-07-16,297,-0.343,5100.0,39.3,40.2,39.75,70.40396126822027,0.3146,0.3508760069558792,1.771168836936359,0.02264150943396241
-0.5,2027-07-16,297,-0.33,5200.0,42.1,43.0,42.55,75.1013710059483,0.3077,0.3438711795703533,1.76501459473439,0.02115158636897764
-0.5,2027-07-16,297,-0.317,5300.0,45.2,46.2,45.7,80.02060869228553,0.3011,0.33685983363589583,1.750998002019377,0.02188183807439825
-0.5,2027-07-16,297,-0.305,5400.0,48.6,49.6,49.1,85.16820991711074,0.2945,0.32983642185327916,1.7345867600226221,0.020366598778004074
-0.5,2027-07-16,297,-0.292,5500.0,52.2,53.3,52.75,90.55080517998312,0.2881,0.32279522998441307,1.7166029418006277,0.020853080568720272
-0.5,2027-07-16,297,-0.279,5600.0,56.2,57.3,56.75,96.17512270829329,0.2818,0.3157303378225184,1.6947158186483398,0.019383259911894175
-0.5,2027-07-16,297,-0.266,5700.0,60.6,61.7,61.150000000000006,102.04799328868245,0.2756,0.3086355765285307,1.6688142810904731,0.017988552739166008
-0.5,2027-07-16,297,-0.253,5800.0,65.3,66.5,65.9,108.17635822398242,0.2695,0.30150448160881743,1.6415228865551201,0.01820940819423373
-0.5,2027-07-16,297,-0.24,5900.0,70.5,71.7,71.1,114.56728207671259,0.2636,0.2943302407329303,1.6113541782941294,0.016877637130801728
-0.5,2027-07-16,297,-0.227,6000.0,76.1,77.4,76.75,121.22797268614733,0.2577,0.2871056355200742,1.5795175594286297,0.016938110749185817
-0.5,2027-07-16,297,-0.214,6100.0,82.4,83.6,83.0,128.16581219994046,0.252,0.2798229763775195,1.5441664120474754,0.014457831325301068
-0.5,2027-07-16,297,-0.202,6200.0,89.2,90.5,89.85,135.3884047841383,0.2463,0.27247402948731775,1.506826987024355,0.014468558708959346
-0.5,2027-07-16,297,-0.189,6300.0,96.6,98.0,97.3,142.90364965783286,0.2408,0.2650499351718015,1.4686911578400088,0.014388489208633152
-0.5,2027-07-16,297,-0.176,6400.0,104.8,106.2,105.5,150.7198527845191,0.2353,0.2575411172372017,1.4286241970096598,0.01327014218009484
-0.5,2027-07-16,297,-0.163,6500.0,113.7,115.2,114.45,158.84589802124003,0.2299,0.24993718370583515,1.3879064921034516,0.01310615989515072
-0.5,2027-07-16,297,-0.15,6600.0,123.6,125.1,124.35,167.29151062473318,0.2247,0.24222682098187548,1.3453277895032825,0.012062726176115804
-0.5,2027-07-16,297,-0.137,6700.0,134.4,136.0,135.2,176.06766596209215,0.2195,0.23439768666120175,1.302275635814291,0.011834319526627177
-0.5,2027-07-16,297,-0.124,6800.0,146.3,148.0,147.15,185.18722981883957,0.2144,0.2264363122245383,1.2584928971718625,0.011552837240910557
-0.5,2027-07-16,297,-0.111,6900.0,159.4,161.1,160.25,194.66597434052392,0.2094,0.21832803829852251,1.2147642704556876,0.010608424336973407
-0.5,2027-07-16,297,-0.098,7000.0,173.7,175.6,174.64999999999998,204.5242150632424,0.2045,0.21005702702634604,1.1710519041697247,0.010878900658459811
-0.5,2027-07-16,297,-0.086,7100.0,189.5,191.4,190.45,214.7894975470047,0.1996,0.20160643835258032,1.1277999346127838,0.00997637175111581
-0.5,2027-07-16,297,-0.073,7200.0,206.7,208.7,207.7,225.5011016425481,0.1947,0.19295894017996898,1.0857058336184309,0.009629272989889264
-0.5,2027-07-16,297,-0.06,7300.0,225.6,227.7,226.64999999999998,236.71777898170208,0.19,0.1840978893886521,1.0444199381500203,0.009265387160820624
-0.5,2027-07-16,297,-0.047,7400.0,246.4,248.4,247.4,248.53140796665403,0.1852,0.17500986364125481,1.0045731930745918,0.008084074373484237
-0.7,2026-10-16,24,-0.446,4300.0,0.05,0.25,0.15,0.007694825939637449,0.7227,0.5887724476810919,0.051298839597582996,1.3333333333333335
-0.7,2026-10-16,24,-0.433,4400.0,0.05,0.25,0.15,0.01076740549334483,0.6962,0.577491800742601,0.07178270328896554,1.3333333333333335
-0.7,2026-10-16,24,-0.42,4500.0,0.05,0.25,0.15,0.014960675260823422,0.6702,0.5662475691835311,0.09973783507215615,1.3333333333333335
-0.7,2026-10-16,24,-0.408,4600.0,0.1,0.3,0.2,0.02064728233784128,0.6591,0.5550302605934484,0.10323641168920639,0.9999999999999999
-0.7,2026-10-16,24,-0.395,4700.0,0.1,0.3,0.2,0.0283126971694245,0.6337,0.5438303660373227,0.1415634858471225,0.9999999999999999
-0.7,2026-10-16,24,-0.382,4800.0,0.15,0.35,0.25,0.03858632898747814,0.6196,0.5326382960504387,0.15434531594991255,0.7999999999999999
-0.7,2026-10-16,24,-0.369,4900.0,0.2,0.4,0.30000000000000004,0.05228048955256687,0.6038,0.5214443136661113,0.17426829850855619,0.6666666666666666
-0.7,2026-10-16,24,-0.356,5000.0,0.2,0.45,0.325,0.07043903633582534,0.583,0.510238463118429,0.2167354964179241,0.7692307692307692
-0.7,2026-10-16,24,-0.343,5100.0,0.25,0.5,0.375,0.09439793155939334,0.5655,0.4990104926672778,0.2517278174917156,0.6666666666666666
-0.7,2026-10-16,24,-0.33,5200.0,0.35,0.55,0.45,0.12586044805372673,0.5501,0.48774976972684486,0.2796898845638372,0.4444444444444446
-0.7,2026-10-16,24,-0.317,5300.0,0.4,0.6,0.5,0.16699035772323612,0.5312,0.4764451861221601,0.33398071544647223,0.3999999999999999
-0.7,2026-10-16,24,-0.305,5400.0,0.45,0.7,0.575,0.22052718029395846,0.5137,0.46508505082375634,0.3835255309460147,0.4347826086956521
-0.7,2026-10-16,24,-0.292,5500.0,0.55,0.8,0.675,0.2899284832993528,0.4974,0.4536569668799159,0.4295236789620041,0.37037037037037035
-0.7,2026-10-16,24,-0.279,5600.0,0.65,0.9,0.775,0.3795453534916752,0.4802,0.4421476884252011,0.4897359399892583,0.3225806451612903
-0.7,2026-10-16,24,-0.266,5700.0,0.75,1.0,0.875,0.4948385634798537,0.4621,0.43054295251607827,0.5655297868341186,0.2857142857142857
-0.7,2026-10-16,24,-0.253,5800.0,0.9,1.15,1.025,0.6426447129980613,0.4458,0.4188272790185557,0.6269704517054256,0.24390243902439016
-0.7,2026-10-16,24,-0.24,5900.0,1.05,1.3,1.175,0.8315038363240463,0.4285,0.4069837296870357,0.7076628394247203,0.2127659574468085
-0.7,2026-10-16,24,-0.227,6000.0,1.2,1.45,1.325,1.0720627789748638,0.4104,0.3949936146882661,0.8091039841319727,0.18867924528301888
-0.7,2026-10-16,24,-0.214,6100.0,1.35,1.65,1.5,1.3775722569684832,0.3924,0.38283613077832607,0.9183815046456555,0.19999999999999987
-0.7,2026-10-16,24,-0.202,6200.0,1.55,1.85,1.7000000000000002,1.7645002033574675,0.3744,0.37048790958039773,1.0379412960926278,0.17647058823529413
-0.7,2026-10-16,24,-0.189,6300.0,1.75,2.05,1.9,2.2532901902252145,0.3558,0.35792244607088797,1.185942205381692,0.15789473684210517
-0.7,2026-10-16,24,-0.176,6400.0,2.0,2.3,2.15,2.8693020028604495,0.3375,0.3451093650774035,1.3345590710978836,0.13953488372093015
-0.7,2026-10-16,24,-0.163,6500.0,2.3,2.6,2.45,3.64398278002389,0.3192,0.33201346505852825,1.4873399102138327,0.12244897959183683
-0.7,2026-10-16,24,-0.15,6600.0,2.65,3.0,2.825,4.616333027399065,0.3012,0.31859344986338783,1.6341001866899345,0.12389380530973454
-0.7,2026-10-16,24,-0.137,6700.0,3.0,3.4,3.2,5.834754777529276,0.2824,0.3048002139642041,1.8233608679778985,0.12499999999999997
-0.7,2026-10-16,24,-0.124,6800.0,3.6,4.0,3.8,7.359403643344732,0.265,0.29057447302140044,1.9366851693012452,0.10526315789473682
-0.7,2026-10-16,24,-0.111,6900.0,4.2,4.7,4.45,9.265220830942052,0.2466,0.2758434076959617,2.0820720968409105,0.11235955056179775
-0.7,2026-10-16,24,-0.098,7000.0,5.1,5.6,5.35,11.645912293539443,0.2286,0.26051577209945465,2.1768060361755968,0.09345794392523366
-0.7,2026-10-16,24,-0.086,7100.0,6.3,6.8,6.55,14.619307996226961,0.2108,0.2444745237991511,2.231955419271292,0.07633587786259542
-0.7,2026-10-16,24,-0.073,7200.0,8.0,8.6,8.3,18.334869351244983,0.1935,0.2275652789938517,2.2090204037644554,0.07228915662650598
-0.7,2026-10-16,24,-0.06,7300.0,10.6,11.3,10.95,22.984887243306236,0.1769,0.20957738248874516,2.0990764605759122,0.06392694063926951
-0.7,2026-10-16,24,-0.047,7400.0,14.8,15.4,15.100000000000001,28.8230290388624,0.1605,0.19021118498917033,1.9088098701233376,0.03973509933774832
-0.7,2026-11-20,59,-0.459,4200.0,0.8,1.05,0.925,0.5643633120657788,0.5552,0.5252306667331081,0.6101224995305716,0.27027027027027023
-0.7,2026-11-20,59,-0.446,4300.0,0.9,1.2,1.05,0.6861447504485816,0.5421,0.515533949908707,0.653471190903411,0.28571428571428564
-0.7,2026-11-20,59,-0.433,4400.0,1.05,1.3,1.175,0.8307548866375091,0.5285,0.5058808597082156,0.7070254354361779,0.2127659574468085
-0.7,2026-11-20,59,-0.42,4500.0,1.15,1.45,1.2999999999999998,1.001881183659237,0.5144,0.4962634426275869,0.7706778335840285,0.23076923076923084
-0.7,2026-11-20,59,-0.408,4600.0,1.35,1.65,1.5,1.2037223383321063,0.5028,0.4866738153657314,0.8024815588880708,0.19999999999999987
-0.7,2026-11-20,59,-0.395,4700.0,1.5,1.8,1.65,1.4410497706608643,0.4888,0.4771041153266769,0.8733634973702208,0.18181818181818185
-0.7,2026-11-20,59,-0.382,4800.0,1.7,2.0,1.85,1.719275864069545,0.4759,0.4675464503746805,0.9293383049024566,0.16216216216216217
-0.7,2026-11-20,59,-0.369,4900.0,1.95,2.25,2.1,2.044529726001363,0.4638,0.45799284695242404,0.9735855838101728,0.14285714285714288
-0.7,2026-11-20,59,-0.356,5000.0,2.15,2.5,2.325,2.423741347124356,0.4508,0.4484351955958169,1.0424693966126262,0.15053763440860218
-0.7,2026-11-20,59,-0.343,5100.0,2.45,2.8,2.625,2.8647351666390786,0.4386,0.4388651927655984,1.091327682529173,0.1333333333333332
-0.7,2026-11-20,59,-0.33,5200.0,2.75,3.1,2.925,3.3763342060391084,0.4259,0.42927427775838295,1.1543022926629432,0.11965811965811969
-0.7,2026-11-20,59,-0.317,5300.0,3.1,3.5,3.3,3.9684761207351102,0.414,0.41965356324747033,1.202568521434882,0.12121212121212119
-0.7,2026-11-20,59,-0.305,5400.0,3.4,3.9,3.65,4.652342746988764,0.401,0.40999375772189384,1.2746144512297983,0.136986301369863
-0.7,2026-11-20,59,-0.292,5500.0,3.8,4.3,4.05,5.440505002427646,0.3885,0.40028507772041355,1.3433345685006532,0.1234567901234568
-0.7,2026-11-20,59,-0.279,5600.0,4.3,4.8,4.55,6.347085348208078,0.3765,0.3905171472671469,1.3949638127929842,0.10989010989010989
-0.7,2026-11-20,59,-0.266,5700.0,4.8,5.3,5.05,7.387940462185269,0.3639,0.38067888126780114,1.4629585073634197,0.09900990099009901
-0.7,2026-11-20,59,-0.253,5800.0,5.4,5.9,5.65,8.58086733728658,0.3517,0.37075834876456376,1.5187375818206337,0.08849557522123894
-0.7,2026-11-20,59,-0.24,5900.0,6.0,6.5,6.25,9.945836754131859,0.339,0.3607426107949457,1.5913338806610975,0.08
-0.7,2026-11-20,59,-0.227,6000.0,6.8,7.3,7.05,11.505259050943588,0.3272,0.3506175260424524,1.6319516384317145,0.07092198581560284
-0.7,2026-11-20,59,-0.214,6100.0,7.6,8.1,7.85,13.28428843225117,0.3147,0.34036751534120624,1.6922660423249898,0.06369426751592357
-0.7,2026-11-20,59,-0.202,6200.0,8.5,9.1,8.8,15.311173885981898,0.3025,0.32997527316203296,1.7399061234070337,0.06818181818181814
-0.7,2026-11-20,59,-0.189,6300.0,9.6,10.2,9.899999999999999,17.61766738294211,0.2903,0.3194214101058525,1.7795623619133447,0.06060606060606058
-0.7,2026-11-20,59,-0.176,6400.0,10.8,11.4,11.100000000000001,20.239503858419965,0.2779,0.3086840046206753,1.8233787259837804,0.054054054054054015
-0.7,2026-11-20,59,-0.163,6500.0,12.3,12.9,12.600000000000001,23.216973291565903,0.266,0.2977380338133468,1.8426169279020557,0.04761904761904759
-0.7,2026-11-20,59,-0.15,6600.0,14.0,14.7,14.35,26.595614384030352,0.254,0.28655464106308254,1.8533529187477598,0.048780487804878
-0.7,2026-11-20,59,-0.137,6700.0,16.1,16.8,16.450000000000003,30.427074474643643,0.2422,0.2751001801497235,1.8496701808294005,0.04255319148936165
-0.7,2026-11-20,59,-0.124,6800.0,18.6,19.3,18.950000000000003,34.77020645508013,0.2303,0.26333494861603723,1.8348393907693996,0.036939313984168824
-0.7,2026-11-20,59,-0.111,6900.0,21.6,22.4,22.0,39.69252092977413,0.2187,0.25121148212161765,1.804205496807915,0.03636363636363624
-0.7,2026-11-20,59,-0.098,7000.0,25.4,26.3,25.85,45.272203154349896,0.2071,0.23867221906811548,1.7513424817930325,0.03481624758220511
-0.7,2026-11-20,59,-0.086,7100.0,30.3,31.1,30.700000000000003,51.60109118608523,0.1958,0.2256462504617614,1.680817302478346,0.026058631921824126
-0.7,2026-11-20,59,-0.073,7200.0,36.5,37.3,36.9,58.78942225804234,0.1847,0.21204473478558072,1.5932092752857003,0.021680216802167945
-0.7,2026-11-20,59,-0.06,7300.0,44.6,45.6,45.1,66.9741319399209,0.1741,0.19775439851908147,1.4850140119716384,0.022172949002217293
-0.7,2026-11-20,59,-0.047,7400.0,55.5,56.5,56.0,76.33504678900717,0.1639,0.18262852258925602,1.3631258355179852,0.017857142857142856
-0.7,2026-12-18,87,-0.459,4200.0,2.3,2.65,2.4749999999999996,1.9877881721009925,0.5071,0.49066595805565855,0.8031467362024213,0.14141414141414146
-0.7,2026-12-18,87,-0.446,4300.0,2.55,2.9,2.7249999999999996,2.3281198323509984,0.4947,0.4817313239933229,0.8543559017801831,0.12844036697247713
-0.7,2026-12-18,87,-0.433,4400.0,2.85,3.2,3.0250000000000004,2.717646818958876,0.4829,0.4728393231217158,0.8983956426310333,0.11570247933884299
-0.7,2026-12-18,87,-0.42,4500.0,3.1,3.6,3.35,3.162293819328018,0.4713,0.46398274305734283,0.9439683042770203,0.14925373134328357
-0.7,2026-12-18,87,-0.408,4600.0,3.5,3.9,3.7,3.668577520424191,0.4596,0.455154452974963,0.991507437952484,0.10810810810810807
-0.7,2026-12-18,87,-0.395,4700.0,3.9,4.3,4.1,4.243657355009197,0.4483,0.4463473599887525,1.035038379270536,0.09756097560975609
-0.7,2026-12-18,87,-0.382,4800.0,4.3,4.7,4.5,4.895390532391389,0.4366,0.43755436523040964,1.0878645627536419,0.08888888888888896
-0.7,2026-12-18,87,-0.369,4900.0,4.7,5.2,4.95,5.632391813474165,0.4253,0.4287683188810051,1.1378569320149827,0.10101010101010101
-0.7,2026-12-18,87,-0.356,5000.0,5.2,5.7,5.45,6.464098561049446,0.414,0.41998197336273113,1.1860731304677883,0.09174311926605504
-0.7,2026-12-18,87,-0.343,5100.0,5.8,6.2,6.0,7.400841682516149,0.4029,0.411187933817938,1.2334736137526916,0.06666666666666672
-0.7,2026-12-18,87,-0.33,5200.0,6.4,6.8,6.6,8.453923187657818,0.3918,0.4023786048910355,1.280897452675427,0.06060606060606053
-0.7,2026-12-18,87,-0.317,5300.0,7.0,7.5,7.25,9.635701214454897,0.3806,0.3935461326769292,1.3290622364765377,0.06896551724137931
-0.7,2026-12-18,87,-0.305,5400.0,7.7,8.2,7.949999999999999,10.959683538816487,0.3695,0.3846823404978736,1.3785765457630803,0.06289308176100618
-0.7,2026-12-18,87,-0.292,5500.0,8.5,9.0,8.75,12.440630790389775,0.3586,0.3757786569054798,1.4217863760445457,0.05714285714285714
-0.7,2026-12-18,87,-0.279,5600.0,9.3,9.8,9.55,14.094670861389002,0.3474,0.3668260339576754,1.4758817655904712,0.05235602094240837
-0.7,2026-12-18,87,-0.266,5700.0,10.3,10.8,10.55,15.939426340631567,0.3368,0.35781485336637986,1.5108460986380632,0.04739336492890995
-0.7,2026-12-18,87,-0.253,5800.0,11.3,11.9,11.600000000000001,17.994157262743663,0.3259,0.3487348175156487,1.5512204536847982,0.05172413793103445
-0.7,2026-12-18,87,-0.24,5900.0,12.5,13.1,12.8,20.27992208089447,0.3152,0.3395748215637525,1.5843689125698803,0.04687499999999997
-0.7,2026-12-18,87,-0.227,6000.0,13.8,14.5,14.15,22.81976062385727,0.3047,0.3303228017986339,1.612703931014648,0.0494699646643109
-0.7,2026-12-18,87,-0.214,6100.0,15.3,16.0,15.65,25.63890399939983,0.2941,0.3209655540196367,1.6382686261597335,0.04472843450479229
-0.7,2026-12-18,87,-0.202,6200.0,17.0,17.7,17.35,28.765018139503372,0.2836,0.3114885138351621,1.6579261175506266,0.04034582132564837
-0.7,2026-12-18,87,-0.189,6300.0,18.9,19.6,19.25,32.22849024967925,0.2731,0.3018754882049809,1.6742072856976231,0.036363636363636515
-0.7,2026-12-18,87,-0.176,6400.0,21.1,21.8,21.450000000000003,36.0627713318605,0.2628,0.29210832404459547,1.6812480807394172,0.0326340326340326
-0.7,2026-12-18,87,-0.163,6500.0,23.6,24.4,24.0,40.30479407730812,0.2524,0.2821664948582447,1.6793664198878382,0.033333333333333215
-0.7,2026-12-18,87,-0.15,6600.0,26.6,27.4,27.0,44.995495345741304,0.2424,0.272026579627486,1.6664998276200482,0.029629629629629523
-0.7,2026-12-18,87,-0.137,6700.0,30.1,31.0,30.55,50.18048906956817,0.2324,0.26166159879916545,1.6425692003131969,0.029459901800327284
-0.7,2026-12-18,87,-0.124,6800.0,34.3,35.2,34.75,55.91096433477661,0.2226,0.2510401592229969,1.608948613950406,0.02589928057553973
-0.7,2026-12-18,87,-0.111,6900.0,39.2,40.1,39.650000000000006,62.244935764442005,0.2128,0.24012534226747614,1.5698596661902142,0.02269861286254725
-0.7,2026-12-18,87,-0.098,7000.0,45.0,46.0,45.5,69.249072541658,0.203,0.2288732467782393,1.5219576382781976,0.02197802197802198
-0.7,2026-12-18,87,-0.086,7100.0,52.3,53.2,52.75,77.00152991059848,0.1936,0.21723107410416734,1.4597446428549474,0.01706161137440769
-0.7,2026-12-18,87,-0.073,7200.0,60.9,62.1,61.5,85.59662274377648,0.1842,0.20513463151770497,1.3918150039638453,0.019512195121951265
-0.7,2026-12-18,87,-0.06,7300.0,71.7,72.9,72.30000000000001,95.15311326201554,0.1751,0.19250519075400957,1.3160873203598273,0.01659751037344402
-0.7,2026-12-18,87,-0.047,7400.0,85.1,86.4,85.75,105.83013429595414,0.1662,0.179245974391463,1.2341706623434885,0.015160349854227538
-0.7,2027-01-15,115,-0.459,4200.0,4.5,4.9,4.7,4.742588226557246,0.478,0.4736577369188281,1.009061324799414,0.08510638297872347
-0.7,2027-01-15,115,-0.446,4300.0,4.9,5.3,5.1,5.419444414753639,0.4663,0.46515080057112457,1.0626361597556155,0.07843137254901951
-0.7,2027-01-15,115,-0.433,4400.0,5.3,5.8,5.55,6.175558466211088,0.455,0.45668675788442153,1.1127132371551511,0.0900900900900901
-0.7,2027-01-15,115,-0.42,4500.0,5.8,6.3,6.05,7.01839507899775,0.444,0.4482588482406321,1.1600653023136775,0.08264462809917356
-0.7,2027-01-15,115,-0.408,4600.0,6.4,6.8,6.6,7.955983036564186,0.4332,0.4398604040897512,1.2054519752369979,0.06060606060606053
-0.7,2027-01-15,115,-0.395,4700.0,6.9,7.4,7.15,8.996952290387615,0.4221,0.43148481118242826,1.2583150056486174,0.06993006993006992
-0.7,2027-01-15,115,-0.382,4800.0,7.5,8.0,7.75,10.150573862787063,0.4112,0.42312546885139335,1.3097514661660725,0.06451612903225806
-0.7,2027-01-15,115,-0.369,4900.0,8.2,8.7,8.45,11.42680290166097,0.4008,0.41477574969935543,1.35228436706047,0.0591715976331361
-0.7,2027-01-15,115,-0.356,5000.0,8.9,9.4,9.15,12.836325276585354,0.3901,0.4064289580193764,1.4028770794082355,0.0546448087431694
-0.7,2027-01-15,115,-0.343,5100.0,9.7,10.2,9.95,14.390608177132497,0.3798,0.398078286219955,1.4462922791087938,0.05025125628140704
-0.7,2027-01-15,115,-0.33,5200.0,10.5,11.0,10.75,16.101955263624745,0.3691,0.38971676844798614,1.4978563035929995,0.046511627906976744
-0.7,2027-01-15,115,-0.317,5300.0,11.4,12.0,11.7,17.9835670336664,0.359,0.3813372304937776,1.5370570114244788,0.05128205128205125
-0.7,2027-01-15,115,-0.305,5400.0,12.4,13.0,12.7,20.049607212810827,0.3488,0.3729322349169956,1.5787092293551832,0.04724409448818895
-0.7,2027-01-15,115,-0.292,5500.0,13.5,14.1,13.8,22.315276166116746,0.3387,0.3644940201420096,1.6170489975446916,0.04347826086956519
-0.7,2027-01-15,115,-0.279,5600.0,14.7,15.4,15.05,24.79689257565759,0.3288,0.35601443202380795,1.6476340581832285,0.04651162790697681
-0.7,2027-01-15,115,-0.266,5700.0,16.0,16.7,16.35,27.511984961340737,0.3188,0.34748484606556274,1.6826902117027973,0.04281345565749231
-0.7,2027-01-15,115,-0.253,5800.0,17.5,18.2,17.85,30.479395074372803,0.309,0.3388960780547269,1.7075291358192046,0.03921568627450976
-0.7,2027-01-15,115,-0.24,5900.0,19.1,19.9,19.5,33.71939581818492,0.2993,0.3302382803475922,1.7291997855479446,0.04102564102564088
-0.7,2027-01-15,115,-0.227,6000.0,21.0,21.7,21.35,37.253827233147426,0.2897,0.32150082033411,1.7449099406626427,0.032786885245901606
-0.7,2027-01-15,115,-0.214,6100.0,22.9,23.8,23.35,41.10625534806941,0.2803,0.31267213670395994,1.760439201202116,0.03854389721627418
-0.7,2027-01-15,115,-0.202,6200.0,25.3,26.2,25.75,45.30216055922231,0.2708,0.30373956794273077,1.7593072061833905,0.03495145631067956
-0.7,2027-01-15,115,-0.189,6300.0,27.9,28.9,28.4,49.869164982152036,0.2615,0.29468914592340445,1.7559565134560577,0.035211267605633804
-0.7,2027-01-15,115,-0.176,6400.0,31.1,31.9,31.5,54.83731249271865,0.2526,0.2855053454074972,1.7408670632609096,0.025396825396825307
-0.7,2027-01-15,115,-0.163,6500.0,34.5,35.5,35.0,60.23942188874796,0.2436,0.27617077759209824,1.7211263396785133,0.02857142857142857
-0.7,2027-01-15,115,-0.15,6600.0,38.5,39.5,39.0,66.11154444319759,0.2346,0.2666658123845367,1.6951678062358355,0.02564102564102564
-0.7,2027-01-15,115,-0.137,6700.0,43.2,44.1,43.650000000000006,72.49357512251987,0.2258,0.256968109753163,1.660792099026801,0.020618556701030893
-0.7,2027-01-15,115,-0.124,6800.0,48.6,49.5,49.05,79.43009758172163,0.2172,0.24705203539723483,1.6193699812787283,0.018348623853210982
-0.7,2027-01-15,115,-0.111,6900.0,54.8,55.8,55.3,86.9715976841777,0.2086,0.2368879308536059,1.572723285428168,0.018083182640144666
-0.7,2027-01-15,115,-0.098,7000.0,62.0,63.2,62.6,95.17628075882511,0.2,0.22644120556894531,1.520387871546727,0.019169329073482472
-0.7,2027-01-15,115,-0.086,7100.0,70.8,71.9,71.35,104.11292030156888,0.1917,0.21567122586015597,1.459185988809655,0.015416958654520092
-0.7,2027-01-15,115,-0.073,7200.0,80.9,82.2,81.55000000000001,113.86555196960339,0.1834,0.20453001383110692,1.396266731693481,0.01594114040465968
-0.7,2027-01-15,115,-0.06,7300.0,93.2,94.6,93.9,124.5416420839278,0.1753,0.19296089619214976,1.3263220669214888,0.01490947816826402
-0.7,2027-01-15,115,-0.047,7400.0,108.0,109.4,108.7,136.287182856638,0.1674,0.18089762465253162,1.2537919306038454,0.012879484820607228
-0.7,2027-02-19,150,-0.459,4200.0,7.4,7.9,7.65,9.346432119592121,0.4481,0.45598418570260135,1.221755832626421,0.06535947712418301
-0.7,2027-02-19,150,-0.446,4300.0,8.0,8.5,8.25,10.485192504110127,0.4375,0.4479187552879066,1.2709324247406215,0.06060606060606061
-0.7,2027-02-19,150,-0.433,4400.0,8.6,9.2,8.899999999999999,11.734358094081013,0.427,0.4398963854280111,1.3184672015821366,0.06741573033707862
-0.7,2027-02-19,150,-0.42,4500.0,9.4,9.9,9.65,13.102204800645609,0.4171,0.4319107732937335,1.3577414301187158,0.05181347150259067
-0.7,2027-02-19,150,-0.408,4600.0,10.1,10.7,10.399999999999999,14.597489717586868,0.4069,0.423955719690573,1.403604780537199,0.05769230769230767
-0.7,2027-02-19,150,-0.395,4700.0,10.9,11.5,11.2,16.229476985956186,0.3968,0.41602509305308344,1.4490604451746596,0.05357142857142854
-0.7,2027-02-19,150,-0.382,4800.0,11.8,12.4,12.100000000000001,18.007965710636014,0.3871,0.4081127938059372,1.488261628978183,0.0495867768595041
-0.7,2027-02-19,150,-0.369,4900.0,12.7,13.4,13.05,19.94332020437818,0.3773,0.40021271854236184,1.5282237704504351,0.0536398467432951
-0.7,2027-02-19,150,-0.356,5000.0,13.7,14.4,14.05,22.04650288856874,0.3676,0.39231872345548435,1.5691461130653905,0.04982206405693958
-0.7,2027-02-19,150,-0.343,5100.0,14.8,15.5,15.15,24.329110247775585,0.358,0.3844245864259478,1.6058818645396424,0.04620462046204616
-0.7,2027-02-19,150,-0.33,5200.0,16.0,16.7,16.35,26.803412321621757,0.3486,0.3765239671182611,1.6393524355731959,0.04281345565749231
-0.7,2027-02-19,150,-0.317,5300.0,17.3,18.0,17.65,29.482396329075666,0.3393,0.3686103643660379,1.6703907268598113,0.03966005665722376
-0.7,2027-02-19,150,-0.305,5400.0,18.7,19.4,19.049999999999997,32.3798151658241,0.3301,0.36067707002887106,1.6997278302269871,0.036745406824146946
-0.7,2027-02-19,150,-0.292,5500.0,20.2,21.0,20.6,35.51024170766488,0.321,0.3527171183759895,1.7237981411487806,0.03883495145631071
-0.7,2027-02-19,150,-0.279,5600.0,21.8,22.7,22.25,38.88913011012426,0.3119,0.34472322988739623,1.7478260723651353,0.040449438202247126
-0.7,2027-02-19,150,-0.266,5700.0,23.7,24.5,24.1,42.53288564333775,0.3029,0.33668774815315855,1.7648500266945124,0.033195020746887995
-0.7,2027-02-19,150,-0.253,5800.0,25.7,26.6,26.15,46.45894508096688,0.2942,0.32860256828472106,1.7766326990809513,0.034416826003824175
-0.7,2027-02-19,150,-0.24,5900.0,28.1,28.9,28.5,50.68587033142189,0.2856,0.32045905491431514,1.7784515905762066,0.02807017543859639
-0.7,2027-02-19,150,-0.227,6000.0,30.7,31.5,31.1,55.23345894863242,0.2772,0.3122479474320414,1.7759954645862512,0.02572347266881031
-0.7,2027-02-19,150,-0.214,6100.0,33.5,34.4,33.95,60.12287652681479,0.2688,0.3039592495736043,1.7709241981388744,0.026509572901325433
-0.7,2027-02-19,150,-0.202,6200.0,36.8,37.7,37.25,65.37681798774875,0.2607,0.29558209980056027,1.7550823620872147,0.024161073825503507
-0.7,2027-02-19,150,-0.189,6300.0,40.3,41.4,40.849999999999994,71.019707760787,0.2525,0.28710461808444465,1.7385485375957652,0.026927784577723417
-0.7,2027-02-19,150,-0.176,6400.0,44.4,45.5,44.95,77.07795340977442,0.2445,0.27851372369833216,1.7147486854232352,0.02447163515016688
-0.7,2027-02-19,150,-0.163,6500.0,49.2,50.1,49.650000000000006,83.58027433857191,0.2366,0.26979491744073075,1.6833892112501894,0.01812688821752263
-0.7,2027-02-19,150,-0.15,6600.0,54.5,55.5,55.0,90.55813845508509,0.2289,0.2609320204383545,1.6465116082742743,0.01818181818181818
-0.7,2027-02-19,150,-0.137,6700.0,60.5,61.6,61.05,98.04635798654137,0.2212,0.25190686052229605,1.6060009498204975,0.018018018018018042
-0.7,2027-02-19,150,-0.124,6800.0,67.4,68.5,67.95,106.08392624346477,0.2136,0.24269889672964767,1.5612056842305337,0.01618837380426776
-0.7,2027-02-19,150,-0.111,6900.0,75.3,76.5,75.9,114.71522975544765,0.2061,0.23328477414769366,1.5113996015210494,0.015810276679841934
-0.7,2027-02-19,150,-0.098,7000.0,84.3,85.6,84.94999999999999,123.99186355779628,0.1987,0.2236378083576993,1.4595863867898329,0.015303119482048232
-0.7,2027-02-19,150,-0.086,7100.0,94.7,96.1,95.4,133.97544877522216,0.1914,0.21372741877813553,1.4043548089645927,0.014675052410901378
-0.7,2027-02-19,150,-0.073,7200.0,106.8,108.3,107.55,144.74217822003087,0.1842,0.20351858131255773,1.3458129076711378,0.01394700139470014
-0.7,2027-02-19,150,-0.06,7300.0,121.0,122.5,121.75,156.39046399585828,0.1771,0.192971496689533,1.2845212648530455,0.012320328542094456
-0.7,2027-02-19,150,-0.047,7400.0,137.6,139.2,138.39999999999998,169.05440555905741,0.1703,0.18204198147123485,1.2214913696463687,0.011560693641618458
-0.7,2027-03-19,178,-0.459,4200.0,9.9,10.5,10.2,13.542477304874657,0.4301,0.44371334219013425,1.327693853419084,0.05882352941176468
-0.7,2027-03-19,178,-0.446,4300.0,10.7,11.2,10.95,15.045027737170896,0.4202,0.4359505115147772,1.3739751358146939,0.04566210045662101
-0.7,2027-03-19,178,-0.433,4400.0,11.6,12.1,11.85,16.677448550539545,0.4105,0.4282307614924168,1.4073796245181052,0.04219409282700422
-0.7,2027-03-19,178,-0.42,4500.0,12.4,13.0,12.7,18.448173771819633,0.4007,0.4205480963581644,1.452612108017294,0.04724409448818895
-0.7,2027-03-19,178,-0.408,4600.0,13.4,14.0,13.7,20.366053461134946,0.3914,0.4128966302191793,1.4865732453383174,0.04379562043795618
-0.7,2027-03-19,178,-0.395,4700.0,14.4,15.0,14.7,22.440374279460453,0.3819,0.4052705534763052,1.526556073432684,0.04081632653061222
-0.7,2027-03-19,178,-0.382,4800.0,15.5,16.1,15.8,24.680881837295534,0.3726,0.39766409979918615,1.5620811289427552,0.03797468354430389
-0.7,2027-03-19,178,-0.369,4900.0,16.7,17.3,17.0,27.097805083181,0.3635,0.39007151316217353,1.5939885343047648,0.035294117647058906
-0.7,2027-03-19,178,-0.356,5000.0,17.9,18.6,18.25,29.701883044717313,0.3545,0.3824870144424933,1.6275004408064282,0.0383561643835618
-0.7,2027-03-19,178,-0.343,5100.0,19.3,20.0,19.65,32.504394303382504,0.3456,0.3749047670621683,1.6541676490270996,0.03562340966921116
-0.7,2027-03-19,178,-0.33,5200.0,20.8,21.5,21.15,35.51718967267412,0.3368,0.36731884112012486,1.6792997481169798,0.03309692671394796
-0.7,2027-03-19,178,-0.317,5300.0,22.4,23.1,22.75,38.75272866364656,0.328,0.3597231754091354,1.7034166445558927,0.030769230769230896
-0.7,2027-03-19,178,-0.305,5400.0,24.2,24.9,24.549999999999997,42.224120472255194,0.3195,0.35211153664142164,1.719923440825059,0.028513238289205677
-0.7,2027-03-19,178,-0.292,5500.0,26.1,26.8,26.450000000000003,45.945170422397815,0.311,0.34447747511370375,1.737057482888386,0.026465028355387495
-0.7,2027-03-19,178,-0.279,5600.0,28.2,29.0,28.6,49.93043306632733,0.3028,0.3368142759231221,1.745819337983473,0.027972027972027996
-0.7,2027-03-19,178,-0.266,5700.0,30.6,31.4,31.0,54.19527350793751,0.2947,0.32911490469462823,1.7482346292883066,0.025806451612903136
-0.7,2027-03-19,178,-0.253,5800.0,33.2,34.0,33.6,58.75593901504385,0.2866,0.3213719465918271,1.7486886611620194,0.023809523809523725
-0.7,2027-03-19,178,-0.24,5900.0,36.0,36.9,36.45,63.629643684793464,0.2787,0.3135775371494627,1.7456692368941964,0.02469135802469132
-0.7,2027-03-19,178,-0.227,6000.0,39.3,40.1,39.7,68.83466991324067,0.271,0.3057232831786092,1.7338707786710497,0.020151133501259553
-0.7,2027-03-19,178,-0.214,6100.0,42.9,43.8,43.349999999999994,74.390491836134,0.2634,0.29780017164719835,1.7160436409719495,0.020761245674740456
-0.7,2027-03-19,178,-0.202,6200.0,46.9,47.8,47.349999999999994,80.31792797145097,0.2559,0.2897984640233067,1.696260358425575,0.01900739176346354
-0.7,2027-03-19,178,-0.189,6300.0,51.4,52.3,51.849999999999994,86.63933335125321,0.2485,0.28170757308860556,1.6709611060993872,0.01735776277724202
-0.7,2027-03-19,178,-0.176,6400.0,56.4,57.4,56.9,93.37884603976472,0.2412,0.27351591870431713,1.6411044998201183,0.01757469244288225
-0.7,2027-03-19,178,-0.163,6500.0,62.0,63.1,62.55,100.56271001618924,0.234,0.2652107585008178,1.60771718650982,0.017585931254996027
-0.7,2027-03-19,178,-0.15,6600.0,68.5,69.5,69.0,108.21970750271312,0.227,0.256777989106494,1.568401558010335,0.014492753623188406
-0.7,2027-03-19,178,-0.137,6700.0,75.6,76.8,76.19999999999999,116.38175160541742,0.22,0.24820191364651478,1.5273195748742445,0.01574803149606303
-0.7,2027-03-19,178,-0.124,6800.0,83.8,84.9,84.35,125.08471931266976,0.2131,0.2394649725044012,1.4829249473938324,0.013040901007706088
-0.7,2027-03-19,178,-0.111,6900.0,92.9,94.2,93.55000000000001,134.3696539910947,0.2063,0.23054743818706033,1.4363405023099378,0.013896312132549406
-0.7,2027-03-19,178,-0.098,7000.0,103.4,104.7,104.05000000000001,144.28455145120662,0.1996,0.2214270846366926,1.386684780886176,0.012493993272465132
-0.7,2027-03-19,178,-0.086,7100.0,115.2,116.7,115.95,154.8870950622448,0.193,0.21207886312620702,1.3358093580184978,0.012936610608020697
-0.7,2027-03-19,178,-0.073,7200.0,128.9,130.3,129.60000000000002,166.24898420965272,0.1865,0.2024746655947402,1.2827853719880609,0.010802469135802512
-0.7,2027-03-19,178,-0.06,7300.0,144.4,146.0,145.2,178.46303191043577,0.1801,0.1925833650370178,1.229084241807409,0.011019283746556436
-0.7,2027-03-19,178,-0.047,7400.0,162.3,163.9,163.10000000000002,191.65525778093618,0.1738,0.18237156841654584,1.1750782206065982,0.009809932556713636
-0.7,2027-04-16,206,-0.459,4200.0,12.5,13.1,12.8,18.585411720244675,0.4154,0.43524600865340674,1.451985290644115,0.04687499999999997
-0.7,2027-04-16,206,-0.446,4300.0,13.5,14.1,13.8,20.481144782416933,0.4062,0.42771432381194946,1.4841409262620966,0.04347826086956519
-0.7,2027-04-16,206,-0.433,4400.0,14.5,15.1,14.8,22.52432496322081,0.397,0.4202260122396743,1.521913848866271,0.040540540540540515
-0.7,2027-04-16,206,-0.42,4500.0,15.5,16.2,15.85,24.723315084086604,0.3878,0.4127753228667578,1.5598306046742336,0.044164037854889544
-0.7,2027-04-16,206,-0.408,4600.0,16.7,17.4,17.049999999999997,27.086832026150105,0.3789,0.405356620688375,1.588670500067455,0.04105571847507328
-0.7,2027-04-16,206,-0.395,4700.0,17.9,18.6,18.25,29.623963659625975,0.3699,0.3979643551628832,1.6232308854589574,0.0383561643835618
-0.7,2027-04-16,206,-0.382,4800.0,19.2,20.0,19.6,32.34418740135028,0.3613,0.39059302932725937,1.6502136429260348,0.040816326530612276
-0.7,2027-04-16,206,-0.369,4900.0,20.7,21.4,21.049999999999997,35.257390653235205,0.3527,0.383237169183174,1.674935422956542,0.03325415676959617
-0.7,2027-04-16,206,-0.356,5000.0,22.2,22.9,22.549999999999997,38.3738934298707,0.3443,0.3758912929088844,1.701724764074089,0.031042128603104187
-0.7,2027-04-16,206,-0.343,5100.0,23.8,24.6,24.200000000000003,41.70447355447574,0.3358,0.368549879442087,1.723325353490733,0.03305785123966945
-0.7,2027-04-16,206,-0.33,5200.0,25.6,26.4,26.0,45.260394893921976,0.3275,0.36120733595660903,1.740784418996999,0.03076923076923066
-0.7,2027-04-16,206,-0.317,5300.0,27.6,28.4,28.0,49.053439222717834,0.3195,0.3538579637204962,1.751908543668494,0.02857142857142847
-0.7,2027-04-16,206,-0.305,5400.0,29.7,30.6,30.15,53.09594246250879,0.3116,0.34649592177339084,1.7610594514928288,0.02985074626865679
-0.7,2027-04-16,206,-0.292,5500.0,32.1,33.0,32.55,57.40083625167032,0.3038,0.33911518779535427,1.7634665515106092,0.027649769585253416
-0.7,2027-04-16,206,-0.279,5600.0,34.6,35.6,35.1,61.98169607874188,0.2961,0.3317095154552534,1.765860287143643,0.02849002849002849
-0.7,2027-04-16,206,-0.266,5700.0,37.5,38.4,37.95,66.8527975921789,0.2885,0.3242723874219481,1.7616020445896943,0.023715415019762806
-0.7,2027-04-16,206,-0.253,5800.0,40.6,41.6,41.1,72.02918321867914,0.2811,0.31679696309297767,1.752534871500709,0.024330900243309
-0.7,2027-04-16,206,-0.24,5900.0,44.0,45.1,44.55,77.52674194428002,0.2738,0.3092760199406568,1.7402186743946133,0.02469135802469139
-0.7,2027-04-16,206,-0.227,6000.0,47.8,48.9,48.349999999999994,83.36230612799476,0.2666,0.30170188719283136,1.7241428361529425,0.022750775594622578
-0.7,2027-04-16,206,-0.214,6100.0,52.1,53.2,52.650000000000006,89.55377066560625,0.2596,0.29406637035603417,1.7009263184350663,0.02089268755935425
-0.7,2027-04-16,206,-0.202,6200.0,56.8,57.9,57.349999999999994,96.12024191479128,0.2526,0.2863606648591714,1.6760286297260905,0.019180470793374045
-0.7,2027-04-16,206,-0.189,6300.0,62.0,63.2,62.6,103.08222686593346,0.2458,0.27857525686468076,1.6466809403503748,0.019169329073482472
-0.7,2027-04-16,206,-0.176,6400.0,67.9,69.1,68.5,110.46187762702047,0.2391,0.2706998091030303,1.612582155138985,0.017518248175182317
-0.7,2027-04-16,206,-0.163,6500.0,74.4,75.7,75.05000000000001,118.28331324689768,0.2325,0.26272302952229837,1.5760601365342792,0.01732178547634906
-0.7,2027-04-16,206,-0.15,6600.0,81.7,83.0,82.35,126.57305165161306,0.2259,0.25463252078163706,1.5370133776759327,0.015786278081360017
-0.7,2027-04-16,206,-0.137,6700.0,89.8,91.3,90.55,135.36060141465512,0.2195,0.24641460950011515,1.4948713574230272,0.016565433462175594
-0.7,2027-04-16,206,-0.124,6800.0,99.1,100.5,99.8,144.6792903671669,0.2132,0.23805415637980507,1.4496922882481655,0.014028056112224506
-0.7,2027-04-16,206,-0.111,6900.0,109.3,110.8,110.05,154.5674530027475,0.2069,0.2295343532004712,1.404520245367992,0.013630168105406633
-0.7,2027-04-16,206,-0.098,7000.0,120.7,122.4,121.55000000000001,165.07017452136694,0.2007,0.22083652293506342,1.3580433938409455,0.013986013986014009
-0.7,2027-04-16,206,-0.086,7100.0,133.7,135.4,134.55,176.24192090940195,0.1946,0.211939960375989,1.3098619168294459,0.012634708286882325
-0.7,2027-04-16,206,-0.073,7200.0,148.3,150.1,149.2,188.1506189666693,0.1886,0.20282189418448288,1.2610631298034136,0.01206434316353876
-0.7,2027-04-16,206,-0.06,7300.0,164.8,166.7,165.75,200.8841806143552,0.1827,0.19345774168563884,1.2119709237668488,0.011463046757164266
-0.7,2027-04-16,206,-0.047,7400.0,183.5,185.4,184.45,214.56127915583892,0.1768,0.18382201852986407,1.1632490059953318,0.010300894551368966
-0.7,2027-05-21,241,-0.459,4200.0,15.9,16.5,16.2,25.308397839938145,0.4006,0.42594865169443746,1.5622467802430955,0.037037037037037014
-0.7,2027-05-21,241,-0.446,4300.0,17.1,17.7,17.4,27.676357310465335,0.392,0.41867189587244896,1.5905952477278928,0.03448275862068954
-0.7,2027-05-21,241,-0.433,4400.0,18.3,19.0,18.65,30.209149439786934,0.3833,0.41143881021426604,1.619793535645412,0.037533512064343126
-0.7,2027-05-21,241,-0.42,4500.0,19.7,20.3,20.0,32.9148467978424,0.3749,0.4042439100007061,1.64574233989212,0.030000000000000072
-0.7,2027-05-21,241,-0.408,4600.0,21.1,21.8,21.450000000000003,35.801813203964144,0.3666,0.3970818328782091,1.6690822006510089,0.0326340326340326
-0.7,2027-05-21,241,-0.395,4700.0,22.6,23.3,22.950000000000003,38.87871798504046,0.3582,0.38994730934417293,1.6940617858405427,0.030501089324618702
-0.7,2027-05-21,241,-0.382,4800.0,24.2,25.0,24.6,42.154551766674835,0.3502,0.3828351341111022,1.7135996653119852,0.03252032520325206
-0.7,2027-05-21,241,-0.369,4900.0,26.0,26.8,26.4,45.63864405064138,0.3423,0.375740137949212,1.7287365170697495,0.03030303030303033
-0.7,2027-05-21,241,-0.356,5000.0,27.9,28.7,28.299999999999997,49.340682889708184,0.3344,0.3686571596161196,1.743487027904883,0.028268551236749144
-0.7,2027-05-21,241,-0.343,5100.0,30.0,30.8,30.4,53.27073704488787,0.3267,0.3615810174815456,1.752326876476575,0.026315789473684237
-0.7,2027-05-21,241,-0.33,5200.0,32.2,33.1,32.650000000000006,57.43928110562043,0.3192,0.35450648044464383,1.759242912882708,0.0275650842266462
-0.7,2027-05-21,241,-0.317,5300.0,34.6,35.5,35.05,61.857224177620196,0.3116,0.3474282377215568,1.7648280792473667,0.025677603423680417
-0.7,2027-05-21,241,-0.305,5400.0,37.3,38.2,37.75,66.5359429062061,0.3044,0.34034086705064426,1.7625415339392345,0.023841059602649158
-0.7,2027-05-21,241,-0.292,5500.0,40.1,41.1,40.6,71.48731981899805,0.2971,0.33323880082202456,1.7607714241132524,0.02463054187192118
-0.7,2027-05-21,241,-0.279,5600.0,43.3,44.3,43.8,76.72378826081278,0.2901,0.3261162895859592,1.7516846634888763,0.022831050228310504
-0.7,2027-05-21,241,-0.266,5700.0,46.7,47.7,47.2,82.25838558393926,0.283,0.31896736233073464,1.742762406439391,0.0211864406779661
-0.7,2027-05-21,241,-0.253,5800.0,50.5,51.6,51.05,88.10481678971395,0.2762,0.31178578284501607,1.7258534140982165,0.021547502448579853
-0.7,2027-05-21,241,-0.24,5900.0,54.7,55.8,55.25,94.27753155246302,0.2696,0.3045650013932264,1.706380661583041,0.019909502262443337
-0.7,2027-05-21,241,-0.227,6000.0,59.3,60.4,59.849999999999994,100.79181858301202,0.2629,0.2972981008385711,1.6840738276192486,0.0183792815371763
-0.7,2027-05-21,241,-0.214,6100.0,64.3,65.5,64.9,107.66392273880363,0.2564,0.28997773625417445,1.65892022710021,0.01848998459167955
-0.7,2027-05-21,241,-0.202,6200.0,70.0,71.0,70.5,114.91119236266412,0.2501,0.28259606698328155,1.6299459909597749,0.014184397163120567
-0.7,2027-05-21,241,-0.189,6300.0,76.2,77.3,76.75,122.55226734280481,0.2438,0.2751446800731042,1.5967722129355675,0.014332247557003183
-0.7,2027-05-21,241,-0.176,6400.0,83.0,84.2,83.6,130.60732281840052,0.2377,0.2676145040669013,1.5622885504593365,0.014354066985645968
-0.7,2027-05-21,241,-0.163,6500.0,90.6,91.9,91.25,139.09839008073533,0.2317,0.25999571239338604,1.5243659186929899,0.014246575342465878
-0.7,2027-05-21,241,-0.15,6600.0,99.0,100.4,99.7,148.04978629043336,0.2257,0.2522776162215454,1.4849527210675362,0.014042126379137468
-0.7,2027-05-21,241,-0.137,6700.0,108.3,109.8,109.05,157.4887002104228,0.2198,0.24444854798353874,1.4441879890914515,0.01375515818431912
-0.7,2027-05-21,241,-0.124,6800.0,118.7,120.3,119.5,167.44600571408225,0.2141,0.2364957394220692,1.4012218051387635,0.013389121338912086
-0.7,2027-05-21,241,-0.111,6900.0,130.2,131.9,131.05,177.9574143325931,0.2084,0.22840520314144636,1.3579352486271887,0.012972148035101235
-0.7,2027-05-21,241,-0.098,7000.0,143.0,144.8,143.9,189.06514302296503,0.2027,0.2201616364203048,1.3138647882068453,0.012508686587908349
-0.7,2027-05-21,241,-0.086,7100.0,157.3,159.1,158.2,200.82038244991753,0.1972,0.21174838470863744,1.269408232932475,0.011378002528444899
-0.7,2027-05-21,241,-0.073,7200.0,173.2,175.0,174.1,213.28703881326945,0.1917,0.2031475381195034,1.2250835084047642,0.01033888569787485
-0.7,2027-05-21,241,-0.06,7300.0,190.8,192.7,191.75,226.54755298960043,0.1863,0.19434030408674424,1.1814735488375512,0.009908735332464027
-0.7,2027-05-21,241,-0.047,7400.0,210.4,212.4,211.4,240.7121965639026,0.1809,0.18530793744033233,1.138657505032652,0.00946073793755913
-0.7,2027-06-17,268,-0.459,4200.0,18.4,19.0,18.7,30.612459700949486,0.3905,0.4193899257368177,1.6370299305320581,0.03208556149732628
-0.7,2027-06-17,268,-0.446,4300.0,19.7,20.4,20.049999999999997,33.32198534896987,0.3822,0.4122914167227487,1.6619444064324127,0.03491271820448875
-0.7,2027-06-17,268,-0.433,4400.0,21.2,21.8,21.5,36.206846549517124,0.374,0.4052367400200516,1.6840393743961453,0.027906976744186112
-0.7,2027-06-17,268,-0.42,4500.0,22.7,23.4,23.049999999999997,39.274818225950256,0.366,0.3982205936729901,1.703896669238623,0.030368763557483705
-0.7,2027-06-17,268,-0.408,4600.0,24.3,25.0,24.65,42.533928492634004,0.358,0.3912378019899623,1.7255143404719677,0.028397565922920864
-0.7,2027-06-17,268,-0.395,4700.0,26.0,26.8,26.4,45.99247170929998,0.3502,0.3842832874128306,1.7421390798977265,0.03030303030303033
-0.7,2027-06-17,268,-0.382,4800.0,27.9,28.7,28.299999999999997,49.65902303073933,0.3426,0.37735204336316036,1.754735796139199,0.028268551236749144
-0.7,2027-06-17,268,-0.369,4900.0,29.9,30.7,30.299999999999997,53.5424547080879,0.335,0.3704391076940768,1.7670777131382147,0.026402640264026427
-0.7,2027-06-17,268,-0.356,5000.0,32.0,32.9,32.45,57.65195445722981,0.3275,0.3635395363896219,1.7766395826573131,0.027734976887519216
-0.7,2027-06-17,268,-0.343,5100.0,34.4,35.3,34.849999999999994,61.99704628569621,0.3202,0.35664837715818876,1.7789683295752143,0.025824964131994223
-0.7,2027-06-17,268,-0.33,5200.0,36.9,37.8,37.349999999999994,66.58761426715436,0.313,0.34976064256323547,1.7828009174606259,0.02409638554216864
-0.7,2027-06-17,268,-0.317,5300.0,39.7,40.6,40.150000000000006,71.43392987954664,0.306,0.34287128232325864,1.7791763357296795,0.022415940224159363
-0.7,2027-06-17,268,-0.305,5400.0,42.7,43.6,43.150000000000006,76.54668368921156,0.299,0.3359751543940041,1.7739671770385064,0.020857473928157556
-0.7,2027-06-17,268,-0.292,5500.0,45.9,46.9,46.4,81.9370223829475,0.2922,0.32906699441918574,1.7658841030807653,0.021551724137931036
-0.7,2027-06-17,268,-0.279,5600.0,49.5,50.5,50.0,87.61659244270085,0.2856,0.3221413831017374,1.752331848854017,0.02
-0.7,2027-06-17,268,-0.266,5700.0,53.4,54.5,53.95,93.59759215127752,0.2791,0.3151927110063764,1.7348951279198799,0.02038924930491198
-0.7,2027-06-17,268,-0.253,5800.0,57.6,58.7,58.150000000000006,99.89283415233442,0.2725,0.308215140257312,1.7178475348638762,0.0189165950128977
-0.7,2027-06-17,268,-0.24,5900.0,62.3,63.5,62.9,106.51582152185725,0.2663,0.3012025625450095,1.6934152865160135,0.019077901430842654
-0.7,2027-06-17,268,-0.227,6000.0,67.6,68.4,68.0,113.48084132653872,0.26,0.29414855280833496,1.6688359018608636,0.011764705882353108
-0.7,2027-06-17,268,-0.214,6100.0,73.0,74.2,73.6,120.80308107310921,0.2539,0.28704631792300855,1.6413462102324623,0.016304347826086998
-0.7,2027-06-17,268,-0.202,6200.0,79.2,80.4,79.80000000000001,128.49877548157377,0.2479,0.2798886397218212,1.6102603443806236,0.01503759398496244
-0.7,2027-06-17,268,-0.189,6300.0,86.1,87.3,86.69999999999999,136.585393933655,0.242,0.272667811728018,1.575379399465456,0.013840830449827025
-0.7,2027-06-17,268,-0.176,6400.0,93.6,95.0,94.3,145.08188320280624,0.2363,0.2653755691560047,1.538514137887659,0.014846235418875989
-0.7,2027-06-17,268,-0.163,6500.0,101.9,103.3,102.6,154.00898636622293,0.2306,0.2580030121204602,1.501062245284824,0.013645224171539879
-0.7,2027-06-17,268,-0.15,6600.0,111.2,112.5,111.85,163.3896682533248,0.2251,0.250540522767651,1.4607927425420189,0.011622708985248075
-0.7,2027-06-17,268,-0.137,6700.0,121.5,122.7,122.1,173.24969221907034,0.2196,0.24297767850581606,1.4189163981905843,0.009828009828009852
-0.7,2027-06-17,268,-0.124,6800.0,132.7,133.8,133.25,183.61841545253148,0.2142,0.235303166210891,1.377999365497422,0.00825515947467184
-0.7,2027-06-17,268,-0.111,6900.0,144.9,146.2,145.55,194.52990550749618,0.2088,0.22750470721036567,1.3365160117313375,0.008931638612160652
-0.7,2027-06-17,268,-0.098,7000.0,158.7,159.9,159.3,206.02453796761432,0.2036,0.2195690118261574,1.2933116005499956,0.007532956685499165
-0.7,2027-06-17,268,-0.086,7100.0,173.7,175.0,174.35,218.15132934345417,0.1984,0.21148179870066577,1.2512264373011424,0.007456266131345061
-0.7,2027-06-17,268,-0.073,7200.0,190.3,191.7,191.0,230.9714175247131,0.1932,0.20322794453376333,1.2092744373021629,0.007329842931937054
-0.7,2027-06-17,268,-0.06,7300.0,208.6,210.1,209.35,244.56337332113102,0.1882,0.19479188678218926,1.1682033595468404,0.007165034631000717
-0.7,2027-06-17,268,-0.047,7400.0,228.8,230.4,229.60000000000002,259.0314999933599,0.1831,0.18615850992703462,1.1281859755808357,0.006968641114982553
-0.7,2027-07-16,297,-0.459,4200.0,21.1,21.8,21.450000000000003,36.35548656685208,0.3814,0.4129260122716231,1.6948944786411224,0.0326340326340326
-0.7,2027-07-16,297,-0.446,4300.0,22.7,23.3,23.0,39.410869482630055,0.3735,0.40600287428583187,1.7135160644621763,0.02608695652173919
-0.7,2027-07-16,297,-0.433,4400.0,24.3,25.0,24.65,42.65072043190498,0.3658,0.3991237020038458,1.730252350178701,0.028397565922920864
-0.7,2027-07-16,297,-0.42,4500.0,26.0,26.7,26.35,46.082465000531755,0.358,0.39228337088942494,1.7488601518228368,0.026565464895635646
-0.7,2027-07-16,297,-0.408,4600.0,27.8,28.6,28.200000000000003,49.71374910981627,0.3505,0.3854768861592758,1.7628989046034136,0.02836879432624116
-0.7,2027-07-16,297,-0.395,4700.0,29.8,30.6,30.200000000000003,53.55245125971259,0.3431,0.3786993559601789,1.7732599754871716,0.026490066225165584
-0.7,2027-07-16,297,-0.382,4800.0,31.9,32.7,32.3,57.6066962442071,0.3357,0.37194596560900356,1.7834890478082694,0.024767801857585273
-0.7,2027-07-16,297,-0.369,4900.0,34.2,35.0,34.6,61.88487059902644,0.3286,0.3652119525505974,1.7885800751163712,0.02312138728323691
-0.7,2027-07-16,297,-0.356,5000.0,36.6,37.5,37.05,66.39564010231076,0.3215,0.35849258170521864,1.7920550634901693,0.024291497975708464
-0.7,2027-07-16,297,-0.343,5100.0,39.3,40.2,39.75,71.14796972613739,0.3146,0.35178312088641744,1.7898860308462237,0.02264150943396241
-0.7,2027-07-16,297,-0.33,5200.0,42.1,43.0,42.55,76.15114653614606,0.3077,0.3450788159727211,1.789686170062187,0.02115158636897764
-0.7,2027-07-16,297,-0.317,5300.0,45.2,46.2,45.7,81.4148061652175,0.3011,0.3383748655125888,1.7815056053658096,0.02188183807439825
-0.7,2027-07-16,297,-0.305,5400.0,48.6,49.6,49.1,86.94896365523141,0.2945,0.3316663944323589,1.7708546569293566,0.020366598778004074
-0.7,2027-07-16,297,-0.292,5500.0,52.2,53.3,52.75,92.7640496820931,0.2881,0.3249484265017924,1.7585601835467886,0.020853080568720272
-0.7,2027-07-16,297,-0.279,5600.0,56.2,57.3,56.75,98.87095347277045,0.2818,0.3182158551921107,1.7422194444541048,0.019383259911894175
-0.7,2027-07-16,297,-0.266,5700.0,60.6,61.7,61.150000000000006,105.28107411605477,0.2756,0.31146341253838,1.721685594702449,0.017988552739166008
-0.7,2027-07-16,297,-0.253,5800.0,65.3,66.5,65.9,112.00638249978617,0.2695,0.3046856355939098,1.6996416160817323,0.01820940819423373
-0.7,2027-07-16,297,-0.24,5900.0,70.5,71.7,71.1,119.05949683167809,0.2636,0.29787683004283755,1.6745358204174134,0.016877637130801728
-0.7,2027-07-16,297,-0.227,6000.0,76.1,77.4,76.75,126.4537756992592,0.2577,0.29103103052483253,1.6476061980359504,0.016938110749185817
-0.7,2027-07-16,297,-0.214,6100.0,82.4,83.6,83.0,134.20343401520043,0.252,0.2841419572340994,1.6169088435566317,0.014457831325301068
-0.7,2027-07-16,297,-0.202,6200.0,89.2,90.5,89.85,142.3236891536345,0.2463,0.27720296840260145,1.5840143478423427,0.014468558708959346
-0.7,2027-07-16,297,-0.189,6300.0,96.6,98.0,97.3,150.83094737670888,0.2408,0.2702070083967812,1.5501638990412012,0.014388489208633152
-0.7,2027-07-16,297,-0.176,6400.0,104.8,106.2,105.5,159.74304468455074,0.2353,0.26314655140235355,1.5141520823180166,0.01327014218009484
-0.7,2027-07-16,297,-0.163,6500.0,113.7,115.2,114.45,169.079562125363,0.2299,0.25601354113516445,1.4773225174780515,0.01310615989515072
-0.7,2027-07-16,297,-0.15,6600.0,123.6,125.1,124.35,178.86224436580525,0.2247,0.24879932785515138,1.4383775180201468,0.012062726176115804
-0.7,2027-07-16,297,-0.137,6700.0,134.4,136.0,135.2,189.11556352764558,0.2195,0.24149460544647566,1.3987837539027042,0.011834319526627177
-0.7,2027-07-16,297,-0.124,6800.0,146.3,148.0,147.15,199.86749051563177,0.2144,0.23408935393270577,1.3582568162802022,0.011552837240910557
-0.7,2027-07-16,297,-0.111,6900.0,159.4,161.1,160.25,211.15056753889345,0.2094,0.22657279735535996,1.3176322467325645,0.010608424336973407
-0.7,2027-07-16,297,-0.098,7000.0,173.7,175.6,174.64999999999998,223.00342539239864,0.2045,0.21893339494842173,1.2768590059685008,0.010878900658459811
-0.7,2027-07-16,297,-0.086,7100.0,189.5,191.4,190.45,235.47296947883632,0.1996,0.21115889769666013,1.2364030951894793,0.00997637175111581
-0.7,2027-07-16,297,-0.073,7200.0,206.7,208.7,207.7,248.61759056470697,0.1947,0.20323652765426853,1.1970033248180403,0.009629272989889264
-0.7,2027-07-16,297,-0.06,7300.0,225.6,227.7,226.64999999999998,262.51197668809516,0.19,0.19515338311790728,1.1582262373178698,0.009265387160820624
-0.7,2027-07-16,297,-0.047,7400.0,246.4,248.4,247.4,277.2544759904238,0.1852,0.18689725639523722,1.1206729021439927,0.008084074373484237
-0.9,2026-10-16,24,-0.446,4300.0,0.05,0.25,0.15,0.006398582769394306,0.7227,0.5829247019000522,0.04265721846262871,1.3333333333333335
-0.9,2026-10-16,24,-0.433,4400.0,0.05,0.25,0.15,0.009027280878605336,0.6962,0.5718160974935897,0.060181872524035576,1.3333333333333335
-0.9,2026-10-16,24,-0.42,4500.0,0.05,0.25,0.15,0.01264404008609734,0.6702,0.5607445157968624,0.08429360057398227,1.3333333333333335
-0.9,2026-10-16,24,-0.408,4600.0,0.1,0.3,0.2,0.01758806416304177,0.6591,0.5497006681878872,0.08794032081520885,0.9999999999999999
-0.9,2026-10-16,24,-0.395,4700.0,0.1,0.3,0.2,0.024304807995606737,0.6337,0.5386752582751143,0.12152403997803368,0.9999999999999999
-0.9,2026-10-16,24,-0.382,4800.0,0.15,0.35,0.25,0.03337636447021105,0.6196,0.5276589199279235,0.1335054578808442,0.7999999999999999
-0.9,2026-10-16,24,-0.369,4900.0,0.2,0.4,0.30000000000000004,0.04555981893265933,0.6038,0.5166421525921484,0.1518660631088644,0.6666666666666666
-0.9,2026-10-16,24,-0.356,5000.0,0.2,0.45,0.325,0.06183550820703357,0.583,0.5056152525966928,0.1902631021754879,0.7692307692307692
-0.9,2026-10-16,24,-0.343,5100.0,0.25,0.5,0.375,0.08346756861417902,0.5655,0.49456823897677304,0.22258018297114404,0.6666666666666666
-0.9,2026-10-16,24,-0.33,5200.0,0.35,0.55,0.45,0.11207970775783907,0.5501,0.48349077209221114,0.24906601723964236,0.4444444444444446
-0.9,2026-10-16,24,-0.317,5300.0,0.4,0.6,0.5,0.14974981331814363,0.5312,0.4723720629875267,0.29949962663628726,0.3999999999999999
-0.9,2026-10-16,24,-0.305,5400.0,0.45,0.7,0.575,0.19912785112642706,0.5137,0.4612007709991669,0.3463093063068297,0.4347826086956521
-0.9,2026-10-16,24,-0.292,5500.0,0.55,0.8,0.675,0.26358254639538453,0.4974,0.4499648865287611,0.39049266132649557,0.37037037037037035
-0.9,2026-10-16,24,-0.279,5600.0,0.65,0.9,0.775,0.3473836411549266,0.4802,0.43865159511997825,0.4482369563289375,0.3225806451612903
-0.9,2026-10-16,24,-0.266,5700.0,0.75,1.0,0.875,0.45592815061145187,0.4621,0.42724711792954734,0.521060743555945,0.2857142857142857
-0.9,2026-10-16,24,-0.253,5800.0,0.9,1.15,1.025,0.5960210992477906,0.4458,0.41573652226831526,0.5814839992661371,0.24390243902439016
-0.9,2026-10-16,24,-0.24,5900.0,1.05,1.3,1.175,0.776223837505897,0.4285,0.4041034939572265,0.6606160319199122,0.2127659574468085
-0.9,2026-10-16,24,-0.227,6000.0,1.2,1.45,1.325,1.0072864067929619,0.4104,0.39233006057591335,0.7602161560701599,0.18867924528301888
-0.9,2026-10-16,24,-0.214,6100.0,1.35,1.65,1.5,1.3026847952208787,0.3924,0.38039625094744206,0.8684565301472524,0.19999999999999987
-0.9,2026-10-16,24,-0.202,6200.0,1.55,1.85,1.7000000000000002,1.679289684476447,0.3744,0.36827967089512914,0.9878174614567334,0.17647058823529413
-0.9,2026-10-16,24,-0.189,6300.0,1.75,2.05,1.9,2.1582009824226005,0.3558,0.3559549676347634,1.1358952539066318,0.15789473684210517
-0.9,2026-10-16,24,-0.176,6400.0,2.0,2.3,2.15,2.765792901462301,0.3375,0.34339314386379427,1.2864153030057215,0.13953488372093015
-0.9,2026-10-16,24,-0.163,6500.0,2.3,2.6,2.45,3.5350288772833993,0.3192,0.33056066560865693,1.4428689295034283,0.12244897959183683
-0.9,2026-10-16,24,-0.15,6600.0,2.65,3.0,2.825,4.507126311375549,0.3012,0.3174182817115675,1.5954429420798402,0.12389380530973454
-0.9,2026-10-16,24,-0.137,6700.0,3.0,3.4,3.2,5.733681442524219,0.2824,0.30391943144314315,1.7917754507888184,0.12499999999999997
-0.9,2026-10-16,24,-0.124,6800.0,3.6,4.0,3.8,7.279410672649264,0.265,0.29000804928662666,1.91563438753928,0.10526315789473682
-0.9,2026-10-16,24,-0.111,6900.0,4.2,4.7,4.45,9.22573752414152,0.2466,0.27561546224963784,2.0731994436273076,0.11235955056179775
-0.9,2026-10-16,24,-0.098,7000.0,5.1,5.6,5.35,11.675575804681639,0.2286,0.26065587572073445,2.182350617697503,0.09345794392523366
-0.9,2026-10-16,24,-0.086,7100.0,6.3,6.8,6.55,14.759875034781603,0.2108,0.24501957803232807,2.2534160358445194,0.07633587786259542
-0.9,2026-10-16,24,-0.073,7200.0,8.0,8.6,8.3,18.64690790437315,0.1935,0.22856228534534762,2.2466154101654396,0.07228915662650598
-0.9,2026-10-16,24,-0.06,7300.0,10.6,11.3,10.95,23.55615630361688,0.1769,0.21108758561961932,2.1512471510152404,0.06392694063926951
-0.9,2026-10-16,24,-0.047,7400.0,14.8,15.4,15.100000000000001,29.780759997135036,0.1605,0.192316178717974,1.972235761399671,0.03973509933774832
-0.9,2026-11-20,59,-0.459,4200.0,0.8,1.05,0.925,0.5156078401655952,0.5552,0.5210429134684529,0.5574138812601029,0.27027027027027023
-0.9,2026-11-20,59,-0.446,4300.0,0.9,1.2,1.05,0.629850808559032,0.5421,0.5115125703764933,0.5998579129133638,0.28571428571428564
-0.9,2026-11-20,59,-0.433,4400.0,1.05,1.3,1.175,0.766158316171105,0.5285,0.5020267179166895,0.6520496307839191,0.2127659574468085
-0.9,2026-11-20,59,-0.42,4500.0,1.15,1.45,1.2999999999999998,0.928218777942179,0.5144,0.4925776077585001,0.714014444570907,0.23076923076923084
-0.9,2026-11-20,59,-0.408,4600.0,1.35,1.65,1.5,1.1202529639145846,0.5028,0.48315757043199253,0.7468353092763897,0.19999999999999987
-0.9,2026-11-20,59,-0.395,4700.0,1.5,1.8,1.65,1.347081177365798,0.4888,0.4737589677164492,0.8164128347671503,0.18181818181818185
-0.9,2026-11-20,59,-0.382,4800.0,1.7,2.0,1.85,1.614198241115212,0.4759,0.4643741444875,0.8725395897920065,0.16216216216216217
-0.9,2026-11-20,59,-0.369,4900.0,1.95,2.25,2.1,1.9278572401402323,0.4638,0.45499537918238725,0.9180272572096344,0.14285714285714288
-0.9,2026-11-20,59,-0.356,5000.0,2.15,2.5,2.325,2.2951631109246615,0.4508,0.4456148319758925,0.9871669294299619,0.15053763440860218
-0.9,2026-11-20,59,-0.343,5100.0,2.45,2.8,2.625,2.724177338529395,0.4386,0.43622448965834404,1.0377818432492933,0.1333333333333332
-0.9,2026-11-20,59,-0.33,5200.0,2.75,3.1,2.925,3.2240352283736047,0.4259,0.4268161060652633,1.1022342661106341,0.11965811965811969
-0.9,2026-11-20,59,-0.317,5300.0,3.1,3.5,3.3,3.8050774705358585,0.414,0.41738113671601074,1.1530537789502602,0.12121212121212119
-0.9,2026-11-20,59,-0.305,5400.0,3.4,3.9,3.65,4.4789980224518295,0.401,0.4079106660628675,1.2271227458772136,0.136986301369863
-0.9,2026-11-20,59,-0.292,5500.0,3.8,4.3,4.05,5.259010717884583,0.3885,0.3983953254137376,1.2985211649097737,0.1234567901234568
-0.9,2026-11-20,59,-0.279,5600.0,4.3,4.8,4.55,6.160037488604394,0.3765,0.38882519914516567,1.353854393099867,0.10989010989010989
-0.9,2026-11-20,59,-0.266,5700.0,4.8,5.3,5.05,7.198921691561128,0.3639,0.37918971623145753,1.4255290478338867,0.09900990099009901
-0.9,2026-11-20,59,-0.253,5800.0,5.4,5.9,5.65,8.394670812102346,0.3517,0.3694775233292887,1.4857824446198842,0.08849557522123894
-0.9,2026-11-20,59,-0.24,5900.0,6.0,6.5,6.25,9.768733825064556,0.339,0.359676334602575,1.562997412010329,0.08
-0.9,2026-11-20,59,-0.227,6000.0,6.8,7.3,7.05,11.345319830285222,0.3272,0.3497727520446617,1.6092652241539322,0.07092198581560284
-0.9,2026-11-20,59,-0.214,6100.0,7.6,8.1,7.85,13.151766370052503,0.3147,0.33975204810077897,1.6753842509621024,0.06369426751592357
-0.9,2026-11-20,59,-0.202,6200.0,8.5,9.1,8.8,15.218968283755038,0.3025,0.3295978996857838,1.7294282140630723,0.06818181818181814
-0.9,2026-11-20,59,-0.189,6300.0,9.6,10.2,9.899999999999999,17.581881369422643,0.2903,0.31929205888752166,1.7759476130729945,0.06060606060606058
-0.9,2026-11-20,59,-0.176,6400.0,10.8,11.4,11.100000000000001,20.280119994569805,0.2779,0.3088139402183028,1.827037837348631,0.054054054054054015
-0.9,2026-11-20,59,-0.163,6500.0,12.3,12.9,12.600000000000001,23.358674932237516,0.266,0.29814009640215217,1.85386308986012,0.04761904761904759
-0.9,2026-11-20,59,-0.15,6600.0,14.0,14.7,14.35,26.868788444181792,0.254,0.2872435430469672,1.8723894386189404,0.048780487804878
-0.9,2026-11-20,59,-0.137,6700.0,16.1,16.8,16.450000000000003,30.869040349881196,0.2422,0.2760928749951731,1.8765374072876104,0.04255319148936165
-0.9,2026-11-20,59,-0.124,6800.0,18.6,19.3,18.950000000000003,35.4267257836307,0.2303,0.2646510900637304,1.8694842102179787,0.036939313984168824
-0.9,2026-11-20,59,-0.111,6900.0,21.6,22.4,22.0,40.61965065057596,0.2187,0.2528739930564562,1.846347756844362,0.03636363636363624
-0.9,2026-11-20,59,-0.098,7000.0,25.4,26.3,25.85,46.53855054900909,0.2071,0.24070798333591653,1.8003307755902935,0.03481624758220511
-0.9,2026-11-20,59,-0.086,7100.0,30.3,31.1,30.700000000000003,53.29048697264497,0.1958,0.2280869127394398,1.7358464811936472,0.026058631921824126
-0.9,2026-11-20,59,-0.073,7200.0,36.5,37.3,36.9,61.003866724538135,0.1847,0.21492749929820537,1.653221320448188,0.021680216802167945
-0.9,2026-11-20,59,-0.06,7300.0,44.6,45.6,45.1,69.83634931979239,0.1741,0.2011224228353411,1.5484778119687892,0.022172949002217293
-0.9,2026-11-20,59,-0.047,7400.0,55.5,56.5,56.0,79.98833284393035,0.1639,0.18652956830838793,1.4283630864987562,0.017857142857142856
-0.9,2026-12-18,87,-0.459,4200.0,2.3,2.65,2.4749999999999996,1.8651683273939301,0.5071,0.4873201518861932,0.7536033646036082,0.14141414141414146
-0.9,2026-12-18,87,-0.446,4300.0,2.55,2.9,2.7249999999999996,2.192948577560958,0.4947,0.4785486331078088,0.8047517715820031,0.12844036697247713
-0.9,2026-12-18,87,-0.433,4400.0,2.85,3.2,3.0250000000000004,2.569587208421277,0.4829,0.46982076083649366,0.8494503168334799,0.11570247933884299
-0.9,2026-12-18,87,-0.42,4500.0,3.1,3.6,3.35,3.0011920925430418,0.4713,0.46112952556205317,0.8958782365800124,0.14925373134328357
-0.9,2026-12-18,87,-0.408,4600.0,3.5,3.9,3.7,3.494510877110189,0.4596,0.4524680080036314,0.9444623992189699,0.10810810810810807
-0.9,2026-12-18,87,-0.395,4700.0,3.9,4.3,4.1,4.05698928610477,0.4483,0.4438293372737266,0.9895095819767732,0.09756097560975609
-0.9,2026-12-18,87,-0.382,4800.0,4.3,4.7,4.5,4.6968347268010415,0.4366,0.43520664892324684,1.0437410504002314,0.08888888888888896
-0.9,2026-12-18,87,-0.369,4900.0,4.7,5.2,4.95,5.423085811538373,0.4253,0.4265930421668436,1.0955728912198732,0.10101010101010101
-0.9,2026-12-18,87,-0.356,5000.0,5.2,5.7,5.45,6.245688504865344,0.414,0.4179815355445226,1.1459978908009805,0.09174311926605504
-0.9,2026-12-18,87,-0.343,5100.0,5.8,6.2,6.0,7.175579726501562,0.4029,0.4093650202061421,1.195929954416927,0.06666666666666672
-0.9,2026-12-18,87,-0.33,5200.0,6.4,6.8,6.6,8.224779387828043,0.3918,0.40073620990536124,1.2461786951254612,0.06060606060606053
-0.9,2026-12-18,87,-0.317,5300.0,7.0,7.5,7.25,9.406492021346155,0.3806,0.39208758665246085,1.2974471753580903,0.06896551724137931
-0.9,2026-12-18,87,-0.305,5400.0,7.7,8.2,7.949999999999999,10.735219388860461,0.3695,0.3834113407921543,1.350342061491882,0.06289308176100618
-0.9,2026-12-18,87,-0.292,5500.0,8.5,9.0,8.75,12.226885738770081,0.3586,0.3746993040304904,1.3973583701451522,0.05714285714285714
-0.9,2026-12-18,87,-0.279,5600.0,9.3,9.8,9.55,13.898977744686094,0.3474,0.36594287361690064,1.4553903397577062,0.05235602094240837
-0.9,2026-12-18,87,-0.266,5700.0,10.3,10.8,10.55,15.770701622952995,0.3368,0.357132925469372,1.4948532344031273,0.04739336492890995
-0.9,2026-12-18,87,-0.253,5800.0,11.3,11.9,11.600000000000001,17.863160532786033,0.3259,0.3482597134792092,1.5399276321367268,0.05172413793103445
-0.9,2026-12-18,87,-0.24,5900.0,12.5,13.1,12.8,20.199556163164207,0.3152,0.3393127514999858,1.5780903252472036,0.04687499999999997
-0.9,2026-12-18,87,-0.227,6000.0,13.8,14.5,14.15,22.805419483677138,0.3047,0.3302806735464607,1.6116904228747093,0.0494699646643109
-0.9,2026-12-18,87,-0.214,6100.0,15.3,16.0,15.65,25.708877098795288,0.2941,0.32115106640792507,1.6427397507217436,0.04472843450479229
-0.9,2026-12-18,87,-0.202,6200.0,17.0,17.7,17.35,28.940961673833705,0.2836,0.3119102670776955,1.6680669552641902,0.04034582132564837
-0.9,2026-12-18,87,-0.189,6300.0,18.9,19.6,19.25,32.535977771394435,0.2731,0.30254311491153685,1.6901806634490615,0.036363636363636515
-0.9,2026-12-18,87,-0.176,6400.0,21.1,21.8,21.450000000000003,36.53193858692355,0.2628,0.29303264494630016,1.7031206800430558,0.0326340326340326
-0.9,2026-12-18,87,-0.163,6500.0,23.6,24.4,24.0,40.971095214643746,0.2524,0.28335970387025033,1.7071289672768228,0.033333333333333215
-0.9,2026-12-18,87,-0.15,6600.0,26.6,27.4,27.0,45.900589406798346,0.2424,0.27350246301828185,1.7000218298814203,0.029629629629629523
-0.9,2026-12-18,87,-0.137,6700.0,30.1,31.0,30.55,51.37327537760602,0.2324,0.2634357923350138,1.6816129419838304,0.029459901800327284
-0.9,2026-12-18,87,-0.124,6800.0,34.3,35.2,34.75,57.44877974470164,0.2226,0.2531304436895505,1.653202294811558,0.02589928057553973
-0.9,2026-12-18,87,-0.111,6900.0,39.2,40.1,39.650000000000006,64.19490805256154,0.2128,0.24255196827063025,1.6190392951465709,0.02269861286254725
-0.9,2026-12-18,87,-0.098,7000.0,45.0,46.0,45.5,71.68957474613356,0.203,0.2316592561120825,1.5755950493655728,0.02197802197802198
-0.9,2026-12-18,87,-0.086,7100.0,52.3,53.2,52.75,80.02355782910941,0.1936,0.22040252780116085,1.5170342716418845,0.01706161137440769
-0.9,2026-12-18,87,-0.073,7200.0,60.9,62.1,61.5,89.30461714830852,0.1842,0.2087205150939261,1.4521075959074556,0.019512195121951265
-0.9,2026-12-18,87,-0.06,7300.0,71.7,72.9,72.30000000000001,99.6639965362351,0.1751,0.19653641533084235,1.3784785136408726,0.01659751037344402
-0.9,2026-12-18,87,-0.047,7400.0,85.1,86.4,85.75,111.26737180777596,0.1662,0.1837519594117674,1.2975786799740636,0.015160349854227538
-0.9,2027-01-15,115,-0.459,4200.0,4.5,4.9,4.7,4.531145230446797,0.478,0.4709629623727005,0.9640734532865526,0.08510638297872347
-0.9,2027-01-15,115,-0.446,4300.0,4.9,5.3,5.1,5.194840402300479,0.4663,0.46262031894625577,1.0185961573138196,0.07843137254901951
-0.9,2027-01-15,115,-0.433,4400.0,5.3,5.8,5.55,5.938773583690993,0.455,0.4543217068409307,1.0700492943587374,0.0900900900900901
-0.9,2027-01-15,115,-0.42,4500.0,5.8,6.3,6.05,6.770820562511349,0.444,0.44606056843291975,1.119143894629975,0.08264462809917356
-0.9,2027-01-15,115,-0.408,4600.0,6.4,6.8,6.6,7.699487067352853,0.4332,0.43783044766509205,1.166588949598917,0.06060606060606053
-0.9,2027-01-15,115,-0.395,4700.0,6.9,7.4,7.15,8.733953579151255,0.4221,0.4296249519569211,1.2215319691120634,0.06993006993006992
-0.9,2027-01-15,115,-0.382,4800.0,7.5,8.0,7.75,9.884123855963077,0.4112,0.4214377143223597,1.275370820124268,0.06451612903225806
-0.9,2027-01-15,115,-0.369,4900.0,8.2,8.7,8.45,11.160677630531922,0.4008,0.4132623550884278,1.3207902521339554,0.0591715976331361
-0.9,2027-01-15,115,-0.356,5000.0,8.9,9.4,9.15,12.575128020356125,0.3901,0.40509244258092325,1.3743309311864618,0.0546448087431694
-0.9,2027-01-15,115,-0.343,5100.0,9.7,10.2,9.95,14.139884288019593,0.3798,0.39692145209638896,1.4210938982934265,0.05025125628140704
-0.9,2027-01-15,115,-0.33,5200.0,10.5,11.0,10.75,15.868320710655652,0.3691,0.3887427224082844,1.476122856805177,0.046511627906976744
-0.9,2027-01-15,115,-0.317,5300.0,11.4,12.0,11.7,17.77485246827508,0.359,0.3805494089558353,1.5192181596816308,0.05128205128205125
-0.9,2027-01-15,115,-0.305,5400.0,12.4,13.0,12.7,19.87501965037465,0.3488,0.37233443273002337,1.5649621771948545,0.04724409448818895
-0.9,2027-01-15,115,-0.292,5500.0,13.5,14.1,13.8,22.185580721123078,0.3387,0.36409042369402483,1.6076507768929766,0.04347826086956519
-0.9,2027-01-15,115,-0.279,5600.0,14.7,15.4,15.05,24.72461709260501,0.3288,0.3558096573432802,1.6428317005053161,0.04651162790697681
-0.9,2027-01-15,115,-0.266,5700.0,16.0,16.7,16.35,27.511650856999363,0.3188,0.3474839827070422,1.6826697771865053,0.04281345565749231
-0.9,2027-01-15,115,-0.253,5800.0,17.5,18.2,17.85,30.567778256187413,0.309,0.3391047396963986,1.7124805745763256,0.03921568627450976
-0.9,2027-01-15,115,-0.24,5900.0,19.1,19.9,19.5,33.91582217000267,0.2993,0.3306626631824701,1.7392729317950086,0.04102564102564088
-0.9,2027-01-15,115,-0.227,6000.0,21.0,21.7,21.35,37.58050785377021,0.2897,0.3221477704996571,1.7602111406918128,0.032786885245901606
-0.9,2027-01-15,115,-0.214,6100.0,22.9,23.8,23.35,41.58866745835781,0.2803,0.31354922815169406,1.7810992487519404,0.03854389721627418
-0.9,2027-01-15,115,-0.202,6200.0,25.3,26.2,25.75,45.96948068303378,0.2708,0.3048551922664785,1.7852225507974284,0.03495145631067956
-0.9,2027-01-15,115,-0.189,6300.0,27.9,28.9,28.4,50.754761491950546,0.2615,0.2960526156748286,1.7871394891531884,0.035211267605633804
-0.9,2027-01-15,115,-0.176,6400.0,31.1,31.9,31.5,55.97930456191071,0.2526,0.2871270121974954,1.7771207797431972,0.025396825396825307
-0.9,2027-01-15,115,-0.163,6500.0,34.5,35.5,35.0,61.68131065553802,0.2436,0.2780621655472204,1.7623231615868005,0.02857142857142857
-0.9,2027-01-15,115,-0.15,6600.0,38.5,39.5,39.0,67.90291847717245,0.2346,0.26883976579069296,1.7411004737736526,0.02564102564102564
-0.9,2027-01-15,115,-0.137,6700.0,43.2,44.1,43.650000000000006,74.69088354630762,0.2258,0.2594389499689624,1.7111313527218237,0.020618556701030893
-0.9,2027-01-15,115,-0.124,6800.0,48.6,49.5,49.05,82.09746532280187,0.2172,0.24983571433001084,1.6737505672334734,0.018348623853210982
-0.9,2027-01-15,115,-0.111,6900.0,54.8,55.8,55.3,90.18161785072851,0.2086,0.2400021522813172,1.6307706663784542,0.018083182640144666
-0.9,2027-01-15,115,-0.098,7000.0,62.0,63.2,62.6,99.01063705353762,0.2,0.2299054524720834,1.5816395695453294,0.019169329073482472
-0.9,2027-01-15,115,-0.086,7100.0,70.8,71.9,71.35,108.6625199579796,0.1917,0.2195065621132778,1.5229505249892026,0.015416958654520092
-0.9,2027-01-15,115,-0.073,7200.0,80.9,82.2,81.55000000000001,119.2294791736223,0.1834,0.20875837706636743,1.462041436831665,0.01594114040465968
-0.9,2027-01-15,115,-0.06,7300.0,93.2,94.6,93.9,130.82341901810094,0.1753,0.1976032566401082,1.3932206498200312,0.01490947816826402
-0.9,2027-01-15,115,-0.047,7400.0,108.0,109.4,108.7,143.5849196747616,0.1674,0.1859695743895966,1.3209284238708519,0.012879484820607228
-0.9,2027-02-19,150,-0.459,4200.0,7.4,7.9,7.65,9.05435191480371,0.4481,0.4539236694165715,1.1835754136998313,0.06535947712418301
-0.9,2027-02-19,150,-0.446,4300.0,8.0,8.5,8.25,10.186563834745654,0.4375,0.44602266460466067,1.2347350102722003,0.06060606060606061
-0.9,2027-02-19,150,-0.433,4400.0,8.6,9.2,8.899999999999999,11.432285977699197,0.427,0.4381659358052426,1.2845265143482245,0.06741573033707862
-0.9,2027-02-19,150,-0.42,4500.0,9.4,9.9,9.65,12.800432753089558,0.4171,0.4303473791279634,1.326469715346068,0.05181347150259067
-0.9,2027-02-19,150,-0.408,4600.0,10.1,10.7,10.399999999999999,14.30047460544752,0.4069,0.42256100221069876,1.3750456351391847,0.05769230769230767
-0.9,2027-02-19,150,-0.395,4700.0,10.9,11.5,11.2,15.942470986679009,0.3968,0.41480088972722823,1.4234349095249117,0.05357142857142854
-0.9,2027-02-19,150,-0.382,4800.0,11.8,12.4,12.100000000000001,17.73710613753365,0.3871,0.40706116938693926,1.465876540292037,0.0495867768595041
-0.9,2027-02-19,150,-0.369,4900.0,12.7,13.4,13.05,19.695728056380073,0.3773,0.39933597790365327,1.5092511920597755,0.0536398467432951
-0.9,2027-02-19,150,-0.356,5000.0,13.7,14.4,14.05,21.83039110241696,0.3676,0.39161942639840985,1.5537644912752284,0.04982206405693958
-0.9,2027-02-19,150,-0.343,5100.0,14.8,15.5,15.15,24.153902765586924,0.358,0.38390556467224574,1.59431701423016,0.04620462046204616
-0.9,2027-02-19,150,-0.33,5200.0,16.0,16.7,16.35,26.67987524132157,0.3486,0.3761883437378765,1.6317966508453559,0.04281345565749231
-0.9,2027-02-19,150,-0.317,5300.0,17.3,18.0,17.65,29.42278258095711,0.3393,0.3684615759309211,1.667013177391338,0.03966005665722376
-0.9,2027-02-19,150,-0.305,5400.0,18.7,19.4,19.049999999999997,32.39802435655984,0.3301,0.3607188918279089,1.7006836932577345,0.036745406824146946
-0.9,2027-02-19,150,-0.292,5500.0,20.2,21.0,20.6,35.62199699330157,0.321,0.35295369307413466,1.7292231550146393,0.03883495145631071
-0.9,2027-02-19,150,-0.279,5600.0,21.8,22.7,22.25,39.11217419909773,0.3119,0.34515910006185613,1.757850525802145,0.040449438202247126
-0.9,2027-02-19,150,-0.266,5700.0,23.7,24.5,24.1,42.88719828185311,0.3029,0.3373278931879275,1.779551795927515,0.033195020746887995
-0.9,2027-02-19,150,-0.253,5800.0,25.7,26.6,26.15,46.96698462025331,0.2942,0.3294524461455959,1.7960605973328225,0.034416826003824175
-0.9,2027-02-19,150,-0.24,5900.0,28.1,28.9,28.5,51.372842188992756,0.2856,0.3215246493485911,1.8025558662804475,0.02807017543859639
-0.9,2027-02-19,150,-0.227,6000.0,30.7,31.5,31.1,56.12761389807421,0.2772,0.31353582112044015,1.8047464275908105,0.02572347266881031
-0.9,2027-02-19,150,-0.214,6100.0,33.5,34.4,33.95,61.25584168351482,0.2688,0.30547660367177193,1.8042957786013198,0.026509572901325433
-0.9,2027-02-19,150,-0.202,6200.0,36.8,37.7,37.25,66.78396292614491,0.2607,0.29733684008281214,1.792858065131407,0.024161073825503507
-0.9,2027-02-19,150,-0.189,6300.0,40.3,41.4,40.849999999999994,72.74054709389534,0.2525,0.2891054274367254,1.7806743474637785,0.026927784577723417
-0.9,2027-02-19,150,-0.176,6400.0,44.4,45.5,44.95,79.15658483945677,0.2445,0.28077013981251836,1.7609918762949224,0.02447163515016688
-0.9,2027-02-19,150,-0.163,6500.0,49.2,50.1,49.650000000000006,86.06584667602785,0.2366,0.2723174129028489,1.7334510911586674,0.01812688821752263
-0.9,2027-02-19,150,-0.15,6600.0,54.5,55.5,55.0,93.50533566845517,0.2289,0.263732079371175,1.7000970121537304,0.01818181818181818
-0.9,2027-02-19,150,-0.137,6700.0,60.5,61.6,61.05,101.51586975746112,0.2212,0.25499704041683485,1.6628316094588227,0.018018018018018042
-0.9,2027-02-19,150,-0.124,6800.0,67.4,68.5,67.95,110.14284683443822,0.2136,0.24609285396656191,1.6209396149291864,0.01618837380426776
-0.9,2027-02-19,150,-0.111,6900.0,75.3,76.5,75.9,119.43727379642421,0.2061,0.2369972128817686,1.5736136205062476,0.015810276679841934
-0.9,2027-02-19,150,-0.098,7000.0,84.3,85.6,84.94999999999999,129.4571872799496,0.1987,0.22768427678440395,1.5239221575038213,0.015303119482048232
-0.9,2027-02-19,150,-0.086,7100.0,94.7,96.1,95.4,140.26967304912208,0.1914,0.21812380759906116,1.4703320026113424,0.014675052410901378
-0.9,2027-02-19,150,-0.073,7200.0,106.8,108.3,107.55,151.95383108601504,0.1842,0.20828004079481544,1.4128668627244543,0.01394700139470014
-0.9,2027-02-19,150,-0.06,7300.0,121.0,122.5,121.75,164.60529079675385,0.1771,0.1981102018063749,1.3519941749220028,0.012320328542094456
-0.9,2027-02-19,150,-0.047,7400.0,137.6,139.2,138.39999999999998,178.3433747980287,0.1703,0.18756255511767164,1.2886081994077219,0.011560693641618458
-0.9,2027-03-19,178,-0.459,4200.0,9.9,10.5,10.2,13.217773921784008,0.4301,0.442057147486378,1.295860188410197,0.05882352941176468
-0.9,2027-03-19,178,-0.446,4300.0,10.7,11.2,10.95,14.722981320253572,0.4202,0.43445807573489337,1.3445645041327463,0.04566210045662101
-0.9,2027-03-19,178,-0.433,4400.0,11.6,12.1,11.85,16.362883593275065,0.4105,0.4269033237805389,1.380834058504225,0.04219409282700422
-0.9,2027-03-19,178,-0.42,4500.0,12.4,13.0,12.7,18.146684022376757,0.4007,0.4193870897759016,1.4288727576674614,0.04724409448818895
-0.9,2027-03-19,178,-0.408,4600.0,13.4,14.0,13.7,20.08407835268941,0.3914,0.41190368902759716,1.4659911206342635,0.04379562043795618
-0.9,2027-03-19,178,-0.395,4700.0,14.4,15.0,14.7,22.185281872623722,0.3819,0.4044475217972849,1.5092028484778044,0.04081632653061222
-0.9,2027-03-19,178,-0.382,4800.0,15.5,16.1,15.8,24.461058940857498,0.3726,0.3970130417562127,1.548168287396044,0.03797468354430389
-0.9,2027-03-19,178,-0.369,4900.0,16.7,17.3,17.0,26.922755302662253,0.3635,0.38959472462094447,1.5836914883918973,0.035294117647058906
-0.9,2027-03-19,178,-0.356,5000.0,17.9,18.6,18.25,29.582333601564557,0.3545,0.3821870364934311,1.620949786387099,0.0383561643835618
-0.9,2027-03-19,178,-0.343,5100.0,19.3,20.0,19.65,32.45241257146397,0.3456,0.37478440140999614,1.6515222682678865,0.03562340966921116
-0.9,2027-03-19,178,-0.33,5200.0,20.8,21.5,21.15,35.54631049296161,0.3368,0.36738116756993444,1.6806766190525584,0.03309692671394796
-0.9,2027-03-19,178,-0.317,5300.0,22.4,23.1,22.75,38.878093621537936,0.328,0.3599715716633245,1.7089271921555136,0.030769230769230896
-0.9,2027-03-19,178,-0.305,5400.0,24.2,24.9,24.549999999999997,42.46263045223353,0.3195,0.3525497006464261,1.7296387149585963,0.028513238289205677
-0.9,2027-03-19,178,-0.292,5500.0,26.1,26.8,26.450000000000003,46.315652886208795,0.311,0.34510945021762673,1.7510643813311453,0.026465028355387495
-0.9,2027-03-19,178,-0.279,5600.0,28.2,29.0,28.6,50.45382562366284,0.3028,0.3376444791217601,1.764119777051148,0.027972027972027996
-0.9,2027-03-19,178,-0.266,5700.0,30.6,31.4,31.0,54.894825445428665,0.2947,0.3301481582482304,1.7708008208202795,0.025806451612903136
-0.9,2027-03-19,178,-0.253,5800.0,33.2,34.0,33.6,59.65743249080251,0.2866,0.32261351327863574,1.7755188241310271,0.023809523809523725
-0.9,2027-03-19,178,-0.24,5900.0,36.0,36.9,36.45,64.7616362326655,0.2787,0.31503315936885934,1.776725273872853,0.02469135802469132
-0.9,2027-03-19,178,-0.227,6000.0,39.3,40.1,39.7,70.22875965171762,0.271,0.30739922600049746,1.7689863892120308,0.020151133501259553
-0.9,2027-03-19,178,-0.214,6100.0,42.9,43.8,43.349999999999994,76.08160620605152,0.2634,0.299703269682071,1.7550543530807734,0.020761245674740456
-0.9,2027-03-19,178,-0.202,6200.0,46.9,47.8,47.349999999999994,82.34463570876812,0.2559,0.2919361715877479,1.7390630561513862,0.01900739176346354
-0.9,2027-03-19,178,-0.189,6300.0,51.4,52.3,51.849999999999994,89.04417735879818,0.2485,0.28408801644378945,1.717341896987429,0.01735776277724202
-0.9,2027-03-19,178,-0.176,6400.0,56.4,57.4,56.9,96.20869121647286,0.2412,0.27614794794678477,1.6908381584617374,0.01757469244288225
-0.9,2027-03-19,178,-0.163,6500.0,62.0,63.1,62.55,103.86909384184824,0.234,0.2681039946350967,1.6605770398377018,0.017585931254996027
-0.9,2027-03-19,178,-0.15,6600.0,68.5,69.5,69.0,112.05917036439594,0.227,0.25994285831513186,1.6240459473100861,0.014492753623188406
-0.9,2027-03-19,178,-0.137,6700.0,75.6,76.8,76.19999999999999,120.81610514059086,0.22,0.25164965470250383,1.5855131908214026,0.01574803149606303
-0.9,2027-03-19,178,-0.124,6800.0,83.8,84.9,84.35,130.1811784058009,0.2131,0.24320759265474537,1.5433453278696017,0.013040901007706088
-0.9,2027-03-19,178,-0.111,6900.0,92.9,94.2,93.55000000000001,140.20070040401865,0.2063,0.23459757396464798,1.4986713030894563,0.013896312132549406
-0.9,2027-03-19,178,-0.098,7000.0,103.4,104.7,104.05000000000001,150.92729347969697,0.1996,0.22579768982373202,1.4505266072051606,0.012493993272465132
-0.9,2027-03-19,178,-0.086,7100.0,115.2,116.7,115.95,162.42169759366726,0.193,0.2167825824713585,1.4007908373753106,0.012936610608020697
-0.9,2027-03-19,178,-0.073,7200.0,128.9,130.3,129.60000000000002,174.75538639268927,0.1865,0.2075226312867246,1.3484211913016146,0.010802469135802512
-0.9,2027-03-19,178,-0.06,7300.0,144.4,146.0,145.2,188.01447956222108,0.1801,0.1979829129988888,1.2948655617232858,0.011019283746556436
-0.9,2027-03-19,178,-0.047,7400.0,162.3,163.9,163.10000000000002,202.3058040629182,0.1738,0.18812188104292463,1.240378933555599,0.009809932556713636
-0.9,2027-04-16,206,-0.459,4200.0,12.5,13.1,12.8,18.254990816141397,0.4154,0.4339587299311704,1.4261711575110465,0.04687499999999997
-0.9,2027-04-16,206,-0.446,4300.0,13.5,14.1,13.8,20.166283993736084,0.4062,0.42659111394869753,1.4613249270823248,0.04347826086956519
-0.9,2027-04-16,206,-0.433,4400.0,14.5,15.1,14.8,22.231683028340658,0.397,0.4192681269569405,1.5021407451581525,0.040540540540540515
-0.9,2027-04-16,206,-0.42,4500.0,15.5,16.2,15.85,24.460427624587794,0.3878,0.4119842072442424,1.5432446450844035,0.044164037854889544
-0.9,2027-04-16,206,-0.408,4600.0,16.7,17.4,17.049999999999997,26.862187115026625,0.3789,0.40473391580267226,1.5754948454561073,0.04105571847507328
-0.9,2027-04-16,206,-0.395,4700.0,17.9,18.6,18.25,29.447083281894106,0.3699,0.3975119059760135,1.6135388099668002,0.0383561643835618
-0.9,2027-04-16,206,-0.382,4800.0,19.2,20.0,19.6,32.22571538251447,0.3613,0.3903128939005458,1.6441691521691055,0.040816326530612276
-0.9,2027-04-16,206,-0.369,4900.0,20.7,21.4,21.049999999999997,35.209187694027435,0.3527,0.3831316293067092,1.6726454961533226,0.03325415676959617
-0.9,2027-04-16,206,-0.356,5000.0,22.2,22.9,22.549999999999997,38.40913995337126,0.3443,0.3759628662515052,1.7032878028102556,0.031042128603104187
-0.9,2027-04-16,206,-0.343,5100.0,23.8,24.6,24.200000000000003,41.83778114302962,0.3358,0.3688013333410563,1.7288339315301495,0.03305785123966945
-0.9,2027-04-16,206,-0.33,5200.0,25.6,26.4,26.0,45.507927166094895,0.3275,0.36164170297939935,1.7503048910036498,0.03076923076923066
-0.9,2027-04-16,206,-0.317,5300.0,27.6,28.4,28.0,49.43304307114637,0.3195,0.35447855914200876,1.7654658239695133,0.02857142857142847
-0.9,2027-04-16,206,-0.305,5400.0,29.7,30.6,30.15,53.62729063563296,0.3116,0.34730636311869023,1.7786829398219888,0.02985074626865679
-0.9,2027-04-16,206,-0.292,5500.0,32.1,33.0,32.55,58.105582305843605,0.3038,0.34011941659744716,1.7851177359706178,0.027649769585253416
-0.9,2027-04-16,206,-0.279,5600.0,34.6,35.6,35.1,62.883642735755494,0.2961,0.3329118213647021,1.791556773098447,0.02849002849002849
-0.9,2027-04-16,206,-0.266,5700.0,37.5,38.4,37.95,67.97807948496808,0.2885,0.32567743477245803,1.7912537413693828,0.023715415019762806
-0.9,2027-04-16,206,-0.253,5800.0,40.6,41.6,41.1,73.40646485390859,0.2811,0.3184098199624208,1.7860453735744182,0.024330900243309
-0.9,2027-04-16,206,-0.24,5900.0,44.0,45.1,44.55,79.18743138999882,0.2738,0.31110218963116665,1.7774956540964943,0.02469135802469139
-0.9,2027-04-16,206,-0.227,6000.0,47.8,48.9,48.349999999999994,85.34078434494123,0.2666,0.3037473418563763,1.7650627579098497,0.022750775594622578
-0.9,2027-04-16,206,-0.214,6100.0,52.1,53.2,52.650000000000006,91.88763537860358,0.2596,0.2963375861649382,1.7452542332118437,0.02089268755935425
-0.9,2027-04-16,206,-0.202,6200.0,56.8,57.9,57.349999999999994,98.85056320355145,0.2526,0.2888646575866691,1.723636673122083,0.019180470793374045
-0.9,2027-04-16,206,-0.189,6300.0,62.0,63.2,62.6,106.25380881715466,0.2458,0.2813196158721902,1.6973451887724387,0.019169329073482472
-0.9,2027-04-16,206,-0.176,6400.0,67.9,69.1,68.5,114.12351573501098,0.2391,0.27369272631973246,1.6660367260585545,0.017518248175182317
-0.9,2027-04-16,206,-0.163,6500.0,74.4,75.7,75.05000000000001,122.48802962089808,0.2325,0.2659733176997319,1.632085671164531,0.01732178547634906
-0.9,2027-04-16,206,-0.15,6600.0,81.7,83.0,82.35,131.3782775347168,0.2259,0.2581496115177034,1.5953646330870286,0.015786278081360017
-0.9,2027-04-16,206,-0.137,6700.0,89.8,91.3,90.55,140.828255700963,0.2195,0.25020851522504395,1.555254066272369,0.016565433462175594
-0.9,2027-04-16,206,-0.124,6800.0,99.1,100.5,99.8,150.8756678903237,0.2132,0.24213536986433887,1.5117802393820012,0.014028056112224506
-0.9,2027-04-16,206,-0.111,6900.0,109.3,110.8,110.05,161.5627769771679,0.2069,0.2339136399004654,1.4680852065167462,0.013630168105406633
-0.9,2027-04-16,206,-0.098,7000.0,120.7,122.4,121.55000000000001,172.93756474550747,0.2007,0.22552452954716842,1.4227689407281567,0.013986013986014009
-0.9,2027-04-16,206,-0.086,7100.0,133.7,135.4,134.55,185.05534796243722,0.1946,0.21694650578649066,1.3753649049605143,0.012634708286882325
-0.9,2027-04-16,206,-0.073,7200.0,148.3,150.1,149.2,197.9810873749919,0.1886,0.20815470393798408,1.3269509877680423,0.01206434316353876
-0.9,2027-04-16,206,-0.06,7300.0,164.8,166.7,165.75,211.79277921407834,0.1827,0.1991201886322214,1.2777844899793565,0.011463046757164266
-0.9,2027-04-16,206,-0.047,7400.0,183.5,185.4,184.45,226.58659149042512,0.1768,0.18980904592510217,1.2284445187878836,0.010300894551368966
-0.9,2027-05-21,241,-0.459,4200.0,15.9,16.5,16.2,25.01103780385105,0.4006,0.4250575966885461,1.5438912224599415,0.037037037037037014
-0.9,2027-05-21,241,-0.446,4300.0,17.1,17.7,17.4,27.413334341833714,0.392,0.4179448637309681,1.5754789851628572,0.03448275862068954
-0.9,2027-05-21,241,-0.433,4400.0,18.3,19.0,18.65,29.98925005757408,0.3833,0.4108770552348347,1.6080026840522295,0.037533512064343126
-0.9,2027-05-21,241,-0.42,4500.0,19.7,20.3,20.0,32.7478276012467,0.3749,0.40384886936926534,1.637391380062335,0.030000000000000072
-0.9,2027-05-21,241,-0.408,4600.0,21.1,21.8,21.450000000000003,35.698473319666185,0.3666,0.3968551324761247,1.6642644904273278,0.0326340326340326
-0.9,2027-05-21,241,-0.395,4700.0,22.6,23.3,22.950000000000003,38.85097669368828,0.3582,0.3898907706515521,1.692853014975524,0.030501089324618702
-0.9,2027-05-21,241,-0.382,4800.0,24.2,25.0,24.6,42.21553177689819,0.3502,0.3829507822543651,1.7160785275161865,0.03252032520325206
-0.9,2027-05-21,241,-0.369,4900.0,26.0,26.8,26.4,45.80276092785085,0.3423,0.376030210949705,1.7349530654488958,0.03030303030303033
-0.9,2027-05-21,241,-0.356,5000.0,27.9,28.7,28.299999999999997,49.623741184716806,0.3344,0.3691241189038713,1.7534890877991807,0.028268551236749144
-0.9,2027-05-21,241,-0.343,5100.0,30.0,30.8,30.4,53.690033701251004,0.3267,0.36222755974343823,1.7661195296464147,0.026315789473684237
-0.9,2027-05-21,241,-0.33,5200.0,32.2,33.1,32.650000000000006,58.01371675033867,0.3192,0.35533555087816227,1.7768366539154261,0.0275650842266462
-0.9,2027-05-21,241,-0.317,5300.0,34.6,35.5,35.05,62.60742291103177,0.3116,0.3484430447621192,1.7862317520979107,0.025677603423680417
-0.9,2027-05-21,241,-0.305,5400.0,37.3,38.2,37.75,67.48438119372696,0.3044,0.3415448986296396,1.7876657269861447,0.023841059602649158
-0.9,2027-05-21,241,-0.292,5500.0,40.1,41.1,40.6,72.65846503504414,0.2971,0.33463584219003617,1.789617365395176,0.02463054187192118
-0.9,2027-05-21,241,-0.279,5600.0,43.3,44.3,43.8,78.14424732147093,0.2901,0.3277104426951519,1.7841152356500214,0.022831050228310504
-0.9,2027-05-21,241,-0.266,5700.0,46.7,47.7,47.2,83.95706389593802,0.283,0.3207630667028259,1.7787513537275004,0.0211864406779661
-0.9,2027-05-21,241,-0.253,5800.0,50.5,51.6,51.05,90.11308738789953,0.2762,0.3137878377426861,1.7651927010362298,0.021547502448579853
-0.9,2027-05-21,241,-0.24,5900.0,54.7,55.8,55.25,96.62941371838903,0.2696,0.3067785889419727,1.7489486645862269,0.019909502262443337
-0.9,2027-05-21,241,-0.227,6000.0,59.3,60.4,59.849999999999994,103.52416431406661,0.2629,0.2997288094801713,1.7297270562082978,0.0183792815371763
-0.9,2027-05-21,241,-0.214,6100.0,64.3,65.5,64.9,110.81660798621017,0.2564,0.2926315835013912,1.7074978118060118,0.01848998459167955
-0.9,2027-05-21,241,-0.202,6200.0,70.0,71.0,70.5,118.52730769047155,0.2501,0.285479519808787,1.6812384069570432,0.014184397163120567
-0.9,2027-05-21,241,-0.189,6300.0,76.2,77.3,76.75,126.67829912646376,0.2438,0.2782646702779626,1.6505315847096256,0.014332247557003183
-0.9,2027-05-21,241,-0.176,6400.0,83.0,84.2,83.6,135.293310580337,0.2377,0.2709784344332996,1.6183410356499641,0.014354066985645968
-0.9,2027-05-21,241,-0.163,6500.0,90.6,91.9,91.25,144.39803688922217,0.2317,0.26361144700371897,1.5824442398818868,0.014246575342465878
-0.9,2027-05-21,241,-0.15,6600.0,99.0,100.4,99.7,154.02048542455321,0.2257,0.2561534444774943,1.54483937236262,0.014042126379137468
-0.9,2027-05-21,241,-0.137,6700.0,108.3,109.8,109.05,164.19141935540335,0.2198,0.2485931056693868,1.5056526304942994,0.01375515818431912
-0.9,2027-05-21,241,-0.124,6800.0,118.7,120.3,119.5,174.94493445100227,0.2141,0.2409178600580113,1.463974346870312,0.013389121338912086
-0.9,2027-05-21,241,-0.111,6900.0,130.2,131.9,131.05,186.31922242052266,0.2084,0.23311365612314497,1.4217414911905581,0.012972148035101235
-0.9,2027-05-21,241,-0.098,7000.0,143.0,144.8,143.9,198.3575997918064,0.2027,0.22516468014166147,1.3784405822919137,0.012508686587908349
-0.9,2027-05-21,241,-0.086,7100.0,157.3,159.1,158.2,211.10992263256773,0.1972,0.21705301406122876,1.3344495741628808,0.011378002528444899
-0.9,2027-05-21,241,-0.073,7200.0,173.2,175.0,174.1,224.63457461506206,0.1917,0.20875821969269548,1.2902617726310286,0.01033888569787485
-0.9,2027-05-21,241,-0.06,7300.0,190.8,192.7,191.75,239.0013281421216,0.1863,0.20025683692423688,1.2464215287724725,0.009908735332464027
-0.9,2027-05-21,241,-0.047,7400.0,210.4,212.4,211.4,254.29557100486127,0.1809,0.19152178935957118,1.2029118779794763,0.00946073793755913
-0.9,2027-06-17,268,-0.459,4200.0,18.4,19.0,18.7,30.36616528774172,0.3905,0.4187624728430159,1.6238591062963488,0.03208556149732628
-0.9,2027-06-17,268,-0.446,4300.0,19.7,20.4,20.049999999999997,33.125490920586685,0.3822,0.41182761151859965,1.6521441855654209,0.03491271820448875
-0.9,2027-06-17,268,-0.433,4400.0,21.2,21.8,21.5,36.07041194488598,0.374,0.4049378232413009,1.6776935788319063,0.027906976744186112
-0.9,2027-06-17,268,-0.42,4500.0,22.7,23.4,23.049999999999997,39.209721031143474,0.366,0.398087983610913,1.7010724959281336,0.030368763557483705
-0.9,2027-06-17,268,-0.408,4600.0,24.3,25.0,24.65,42.55253335760849,0.358,0.39127309966685486,1.7262691017285392,0.028397565922920864
-0.9,2027-06-17,268,-0.395,4700.0,26.0,26.8,26.4,46.10830434557064,0.3502,0.38448828274436314,1.7465266797564636,0.03030303030303033
-0.9,2027-06-17,268,-0.382,4800.0,27.9,28.7,28.299999999999997,49.88684928058622,0.3426,0.3777287223371518,1.7627861936602907,0.028268551236749144
-0.9,2027-06-17,268,-0.369,4900.0,29.9,30.7,30.299999999999997,53.89836509802823,0.335,0.3709896606001621,1.7788239306279945,0.026402640264026427
-0.9,2027-06-17,268,-0.356,5000.0,32.0,32.9,32.45,58.15345466550678,0.3275,0.36426636713695104,1.792094134530255,0.027734976887519216
-0.9,2027-06-17,268,-0.343,5100.0,34.4,35.3,34.849999999999994,62.66315396171433,0.3202,0.35755411371780305,1.7980818927321187,0.025824964131994223
-0.9,2027-06-17,268,-0.33,5200.0,36.9,37.8,37.349999999999994,67.43896263463016,0.313,0.3508481485667161,1.8055947157866177,0.02409638554216864
-0.9,2027-06-17,268,-0.317,5300.0,39.7,40.6,40.150000000000006,72.49287852658796,0.306,0.34414366983757805,1.805551146365827,0.022415940224159363
-0.9,2027-06-17,268,-0.305,5400.0,42.7,43.6,43.150000000000006,77.83743688571238,0.299,0.33743579787117917,1.8038803449759528,0.020857473928157556
-0.9,2027-06-17,268,-0.292,5500.0,45.9,46.9,46.4,83.48575515117594,0.2922,0.33071954578384843,1.7992619644649988,0.021551724137931036
-0.9,2027-06-17,268,-0.279,5600.0,49.5,50.5,50.0,89.45158441511882,0.2856,0.3239897878834808,1.7890316883023762,0.02
-0.9,2027-06-17,268,-0.266,5700.0,53.4,54.5,53.95,95.7493689425568,0.2791,0.3172412253368972,1.7747797765070767,0.02038924930491198
-0.9,2027-06-17,268,-0.253,5800.0,57.6,58.7,58.150000000000006,102.39431549391345,0.2725,0.3104683484203547,1.7608652707465768,0.0189165950128977
-0.9,2027-06-17,268,-0.24,5900.0,62.3,63.5,62.9,109.40247467313007,0.2663,0.3036653945680387,1.7393080234201919,0.019077901430842654
-0.9,2027-06-17,268,-0.227,6000.0,67.6,68.4,68.0,116.79083716029044,0.26,0.2968263012856354,1.7175123111807418,0.011764705882353108
-0.9,2027-06-17,268,-0.214,6100.0,73.0,74.2,73.6,124.57744854202747,0.2539,0.28994465281008164,1.6926283769297212,0.016304347826086998
-0.9,2027-06-17,268,-0.202,6200.0,79.2,80.4,79.80000000000001,132.78154761338126,0.2479,0.2830136191627325,1.6639291680874844,0.01503759398496244
-0.9,2027-06-17,268,-0.189,6300.0,86.1,87.3,86.69999999999999,141.42373461928153,0.242,0.2760258859495022,1.6311849437056696,0.013840830449827025
-0.9,2027-06-17,268,-0.176,6400.0,93.6,95.0,94.3,150.52617812229366,0.2363,0.2689735728932353,1.596247912219445,0.014846235418875989
-0.9,2027-06-17,268,-0.163,6500.0,101.9,103.3,102.6,160.1128723108399,0.2306,0.2618481386230825,1.5605543110218314,0.013645224171539879
-0.9,2027-06-17,268,-0.15,6600.0,111.2,112.5,111.85,170.20996103433086,0.2251,0.2546402686733061,1.5217698796095742,0.011622708985248075
-0.9,2027-06-17,268,-0.137,6700.0,121.5,122.7,122.1,180.8461513440724,0.2196,0.24733974294045072,1.4811314606394137,0.009828009828009852
-0.9,2027-06-17,268,-0.124,6800.0,132.7,133.8,133.25,192.05324889868356,0.2142,0.23993527800088846,1.4413001793522218,0.00825515947467184
-0.9,2027-06-17,268,-0.111,6900.0,144.9,146.2,145.55,203.86686197761142,0.2088,0.2324143387103241,1.4006654893686803,0.008931638612160652
-0.9,2027-06-17,268,-0.098,7000.0,158.7,159.9,159.3,216.3273428566906,0.2036,0.22476291245933605,1.3579870863571286,0.007532956685499165
-0.9,2027-06-17,268,-0.086,7100.0,173.7,175.0,174.35,229.48106966868176,0.1984,0.2169652385425378,1.3162091750426255,0.007456266131345061
-0.9,2027-06-17,268,-0.073,7200.0,190.3,191.7,191.0,243.3822267256443,0.1932,0.20900348480838374,1.2742524959457817,0.007329842931937054
-0.9,2027-06-17,268,-0.06,7300.0,208.6,210.1,209.35,258.09533091479705,0.1882,0.20085736524932502,1.2328413227360737,0.007165034631000717
-0.9,2027-06-17,268,-0.047,7400.0,228.8,230.4,229.60000000000002,273.6989019909412,0.1831,0.19250369810962176,1.1920683884622874,0.006968641114982553
-0.9,2027-07-16,297,-0.459,4200.0,21.1,21.8,21.450000000000003,36.18431579401351,0.3814,0.4125495884271506,1.6869144892313988,0.0326340326340326
-0.9,2027-07-16,297,-0.446,4300.0,22.7,23.3,23.0,39.30655542127519,0.3735,0.40578949649497575,1.7089806704902257,0.02608695652173919
-0.9,2027-07-16,297,-0.433,4400.0,24.3,25.0,24.65,42.62495175532396,0.3658,0.39907458854618444,1.7292069677616213,0.028397565922920864
-0.9,2027-07-16,297,-0.42,4500.0,26.0,26.7,26.35,46.14798237674272,0.358,0.3923999117918884,1.7513465797625318,0.026565464895635646
-0.9,2027-07-16,297,-0.408,4600.0,27.8,28.6,28.200000000000003,49.884410869957094,0.3505,0.38576064771851243,1.7689507400694002,0.02836879432624116
-0.9,2027-07-16,297,-0.395,4700.0,29.8,30.6,30.200000000000003,53.843303254425535,0.3431,0.3791520861439557,1.782890836239256,0.026490066225165584
-0.9,2027-07-16,297,-0.382,4800.0,31.9,32.7,32.3,58.03404619985562,0.3357,0.3725696003487619,1.7967196965899572,0.024767801857585273
-0.9,2027-07-16,297,-0.369,4900.0,34.2,35.0,34.6,62.46636729134264,0.3286,0.3660086229387646,1.8053863379000763,0.02312138728323691
-0.9,2027-07-16,297,-0.356,5000.0,36.6,37.5,37.05,67.15035766208474,0.3215,0.3594646221094066,1.8124253080184818,0.024291497975708464
-0.9,2027-07-16,297,-0.343,5100.0,39.3,40.2,39.75,72.09649737520631,0.3146,0.352933077987165,1.8137483616404104,0.02264150943396241
-0.9,2027-07-16,297,-0.33,5200.0,42.1,43.0,42.55,77.31568401564711,0.3077,0.3464094587203678,1.8170548534817184,0.02115158636897764
-0.9,2027-07-16,297,-0.317,5300.0,45.2,46.2,45.7,82.81926505239531,0.3011,0.33988919597993394,1.8122377473171838,0.02188183807439825
-0.9,2027-07-16,297,-0.305,5400.0,48.6,49.6,49.1,88.61907465648642,0.2945,0.33336765950965447,1.804869137606648,0.020366598778004074
-0.9,2027-07-16,297,-0.292,5500.0,52.2,53.3,52.75,94.72747581890741,0.2881,0.3268401303345764,1.7957815321119888,0.020853080568720272
-0.9,2027-07-16,297,-0.279,5600.0,56.2,57.3,56.75,101.15740881547099,0.2818,0.3203017721934738,1.7825094064400173,0.019383259911894175
-0.9,2027-07-16,297,-0.266,5700.0,60.6,61.7,61.150000000000006,107.92244732712922,0.2756,0.31374760070539176,1.7648805777126608,0.017988552739166008
-0.9,2027-07-16,297,-0.253,5800.0,65.3,66.5,65.9,115.03686386382915,0.2695,0.30717244970829954,1.7456276762341296,0.01820940819423373
-0.9,2027-07-16,297,-0.24,5900.0,70.5,71.7,71.1,122.51570658508393,0.2636,0.3005709341167666,1.723146365472348,0.016877637130801728
-0.9,2027-07-16,297,-0.227,6000.0,76.1,77.4,76.75,130.37489019914588,0.2577,0.29393740853112643,1.6986956377738878,0.016938110749185817
-0.9,2027-07-16,297,-0.214,6100.0,82.4,83.6,83.0,138.63130440898306,0.252,0.2872659206876559,1.6702566796263019,0.014457831325301068
-0.9,2027-07-16,297,-0.202,6200.0,89.2,90.5,89.85,147.3029444344145,0.2463,0.2805501586614435,1.6394317688860827,0.014468558708959346
-0.9,2027-07-16,297,-0.189,6300.0,96.6,98.0,97.3,156.40906958754664,0.2408,0.2737833905131216,1.6074930070662554,0.014388489208633152
-0.9,2027-07-16,297,-0.176,6400.0,104.8,106.2,105.5,165.97039787713885,0.2353,0.26695839479842,1.5731791267975246,0.01327014218009484
-0.9,2027-07-16,297,-0.163,6500.0,113.7,115.2,114.45,176.00934741044063,0.2299,0.2600673800256083,1.5378711001349115,0.01310615989515072
-0.9,2027-07-16,297,-0.15,6600.0,123.6,125.1,124.35,186.5503393161049,0.2247,0.25310189074071626,1.5002037741544423,0.012062726176115804
-0.9,2027-07-16,297,-0.137,6700.0,134.4,136.0,135.2,197.620182592092,0.2195,0.24605269743758307,1.4616877410657694,0.011834319526627177
-0.9,2027-07-16,297,-0.124,6800.0,146.3,148.0,147.15,209.24856956452285,0.2144,0.2389096669327977,1.4220086276895878,0.011552837240910557
-0.9,2027-07-16,297,-0.111,6900.0,159.4,161.1,160.25,221.46872291561223,0.2094,0.2316616092415337,1.3820201117978923,0.010608424336973407
-0.9,2027-07-16,297,-0.098,7000.0,173.7,175.6,174.64999999999998,234.31825374117054,0.2045,0.2242960964188014,1.341644739428403,0.010878900658459811
-0.9,2027-07-16,297,-0.086,7100.0,189.5,191.4,190.45,247.84031851678182,0.1996,0.21679924848380264,1.3013406065465047,0.00997637175111581
-0.9,2027-07-16,297,-0.073,7200.0,206.7,208.7,207.7,262.0852073788352,0.1947,0.20915548185278057,1.261845004231272,0.009629272989889264
-0.9,2027-07-16,297,-0.06,7300.0,225.6,227.7,226.64999999999998,277.1125673935062,0.19,0.20134721760065707,1.2226453447761139,0.009265387160820624
-0.9,2027-07-16,297,-0.047,7400.0,246.4,248.4,247.4,292.9945811595962,0.1852,0.1933545523588945,1.1842949925610193,0.008084074373484237
