date,strategy,SPY
2000-01-03,1.0002046,0.990015067378
2000-01-04,1.00040924186116,0.9512985679383499
2000-01-05,1.001220366702009,0.9530011926022601
2000-01-06,0.9878132626796196,0.9376849767552814
2000-01-07,1.012266789113776,0.9921420163495699
2000-01-10,1.0314371250039867,0.9955455198509764
2000-01-11,1.0211749209531686,0.9836323044767693
2000-01-12,1.0107771055174004,0.9738482811616307
2000-01-13,1.0227488510372693,0.9870369720946434
2000-01-14,1.034805934573209,1.000438200083276
2000-01-18,1.0330595750973024,0.9925670924740089
2000-01-19,1.0343826183491767,1.0006508963479288
2000-01-20,1.0305071606634297,0.9853346735591944
2000-01-21,1.034196002256115,0.9832079764665179
2000-01-24,1.011805937180517,0.955340598162975
2000-01-25,1.012779897226273,0.9661897134910812
2000-01-26,1.0149701600013903,0.9585313170079627
2000-01-27,1.0072748753339165,0.9547028183187616
2000-01-28,0.9875236471789638,0.9249214462700269
2000-01-31,1.0048674192243392,0.9500225194317707
2000-02-01,1.012152865379921,0.959382217295014
2000-02-02,1.0245606516687678,0.9602331989155769
2000-02-03,1.0279725958775194,0.9746987663732886
2000-02-04,1.0370674589159972,0.9706564079264962
2000-02-07,1.0317605184714707,0.9691676539542748
2000-02-08,1.0289752833821146,0.9823565913564647
2000-02-09,1.017919795488525,0.9617227903925429
2000-02-10,1.0217105630341068,0.9636370419034518
2000-02-11,1.0063682371679503,0.9440662577646924
2000-02-14,1.0176883778680035,0.9495971265797825
2000-02-15,1.0312058919767644,0.9603395580258715
2000-02-16,1.028354333197772,0.9461932857697669
2000-02-17,1.035426677693668,0.9413008609186343
2000-02-18,1.0119214358495252,0.9210922986477788
2000-02-22,1.0068819074843067,0.9187528900058272
2000-02-23,1.0017483034096504,0.9296010923171577
2000-02-24,0.9958070808120688,0.9108817894892545
2000-02-25,0.9880667185719556,0.9075847253287476
2000-02-28,0.9958037991798798,0.9266233388564555
2000-02-29,1.0074186520119863,0.9355577947585425
2000-03-01,1.0192279600239555,0.9423651284514984
2000-03-02,1.0216442755615063,0.943003071948855
2000-03-03,1.0318397401117623,0.9606586167039703
2000-03-06,1.0185565318937417,0.9512985931774939
2000-03-07,1.0280703749516884,0.9328987565349874
2000-03-08,1.0291978433603959,0.9317290507580936
2000-03-09,1.0323803310317352,0.958957071298593
2000-03-10,1.030494444507362,0.95385186194855
2000-03-13,1.0066616476190557,0.9434285694189583
2000-03-14,1.0019567269013772,0.9300269307332196
2000-03-15,1.00577380967226,0.9517246636331504
2000-03-16,1.044018977098525,0.9961835676390959
2000-03-17,1.0495386493458905,1.0027670659062238
2000-03-20,1.0407349974423874,0.9976493940470181
2000-03-21,1.0573543855958718,1.0181226760399418
2000-03-22,1.0693840257446623,1.0243074454976282
2000-03-23,1.0849618984710026,1.0417950675208543
2000-03-24,1.0911390882066556,1.047979163041658
2000-03-27,1.0938263252491145,1.0368892589021017
2000-03-28,1.084796554482454,1.0309181143579695
2000-03-29,1.0739696181742866,1.0319848671859826
2000-03-30,1.0580509124376574,1.0147101938582423
2000-03-31,1.0848306544960529,1.026225916612097
2000-04-03,1.0570802883528365,1.0321980588583395
2000-04-04,1.0349244163835314,1.0245206316284348
2000-04-05,1.0390632144956473,1.0181226642072163
2000-04-06,1.054646879512242,1.0269729499965037
2000-04-07,1.0706760757035798,1.033477765852593
2000-04-10,1.0421224563784535,1.0294251068111342
2000-04-11,1.0287906415893961,1.02643994900365
2000-04-12,1.0005123944049772,0.9982894125618458
2000-04-13,0.9805368343726266,0.9844263871132702
2000-04-14,0.9259457327812692,0.9281250534929604
2000-04-17,0.9607916840109348,0.9605412967050371
2000-04-18,0.9904141265650795,0.9859194605374788
2000-04-19,0.9793281799300905,0.9767486250402567
2000-04-20,0.9771701536204032,0.9814408082251153
2000-04-24,0.9552333500078452,0.970777885677705
2000-04-25,0.9971332899587911,1.0110844184588026
2000-04-26,0.9859934451613174,0.9996755440977972
2000-04-27,0.9989944142611628,0.9963698370020856
2000-04-28,1.0128974225596237,0.9901851502224496
2000-05-01,1.0260034652179426,1.0036208537036
2000-05-02,0.9963612258448632,0.9835734769698279
2000-05-03,0.9780997659604568,0.9605412745599122
2000-05-04,0.9872020975965403,0.967792218138723
2000-05-05,1.003736603338886,0.9795218114329534
2000-05-08,0.9840772596448009,0.9721639374420125
2000-05-09,0.9703510164319786,0.9643801610522924
2000-05-10,0.9361467315901623,0.9426270910181115
2000-05-11,0.9582601416532184,0.9641668741495482
2000-05-12,0.9625146296338501,0.9746164279565623
2000-05-15,0.97734282313974,0.9914646903697975
2000-05-16,0.9979503460467561,1.0010615133523504
2000-05-17,0.9866517972419148,0.9906113020764685
2000-05-18,0.9747341766232435,0.9784558079720789
2000-05-19,0.94658410087218,0.963100039936462
2000-05-22,0.9375847191838047,0.9558493509168007
2000-05-23,0.9067028269600872,0.9417740390923428
2000-05-24,0.9302020197473317,0.957129146824022
2000-05-25,0.9234796264577577,0.9407077011945452
2000-05-26,0.92103644627914,0.9417740404092343
2000-05-30,0.9661796938868051,0.9724844160171218
2000-05-31,0.9542302058312434,0.9746164325017327
2000-06-01,0.9849516407932656,0.991678067769108
2000-06-02,1.0226335007036076,1.0089519096959645
2000-06-05,1.0182766697214183,1.0040466881965957
2000-06-06,1.0077318153153236,0.9995687805337753
2000-06-07,1.0207622157792064,1.006500170294133
2000-06-08,1.015010999399707,1.002554518521551
2000-06-09,1.0161442586105431,1.0004220048562942
2000-06-12,1.0045731858361908,0.9886924970350363
2000-06-13,1.0189885006164567,1.007246211452071
2000-06-14,1.0114981578740094,1.0089519124039303
2000-06-15,1.0181949252208962,1.0110844331659872
2000-06-16,1.0197736129187716,1.002776868031723
2000-06-19,1.0427205908746064,1.0156030460065817
2000-06-20,1.049001043073475,1.0119692284640005
2000-06-21,1.0527782207715461,1.0115421572102041
2000-06-22,1.0329680232883545,0.9961510779788586
2000-06-23,1.0130608386631532,0.9875999079337617
2000-06-26,1.0214346914894,1.0003188219840766
2000-06-27,1.0142116682770295,0.9929440815040694
2000-06-28,1.03020078951795,0.9957227660100728
2000-06-29,1.0291958647605748,0.986317039318382
2000-06-30,1.0245646261673607,0.9937987965359835
2000-07-03,1.0324353570522518,1.0074797785986767
2000-07-05,1.009220642520473,0.9893095080241314
2000-07-06,1.0213845392680057,0.9970052180768152
2000-07-07,1.0350256657419532,1.013037819707456
2000-07-10,1.0330840705291622,1.0113274674349313
2000-07-11,1.0357095066712267,1.0134653833612646
2000-07-12,1.048420710521017,1.0200925855228715
2000-07-13,1.052589241607846,1.0245812071186151
2000-07-14,1.0641338501673718,1.03462819920656
2000-07-17,1.0682525095982558,1.0329181760651935
2000-07-18,1.0492000273397852,1.0244745967641304
2000-07-19,1.034517509842551,1.0162441420144088
2000-07-20,1.0538434179259542,1.0303526086257877
2000-07-21,1.0344833781155098,1.010258620534737
2000-07-24,1.019724617134979,1.0044871342666566
2000-07-25,1.029367355347428,1.0076936380069201
2000-07-26,1.0248977023105321,0.9978606743335487
2000-07-27,1.0029710394713014,0.9944400578349671
2000-07-28,0.9703795104623766,0.9719946209003781
2000-07-31,0.9876134600239616,0.9781943427905981
2000-08-01,0.9807601410024978,0.9841794444408493
2000-08-02,0.9849852846544364,0.9890958045958146
2000-08-03,0.9967438660605779,0.9959365395447698
2000-08-04,1.0002658374065931,1.0012811234312176
2000-08-07,1.01685843216541,1.0132517496589861
2000-08-08,1.0224930517809652,1.0170994414555887
2000-08-09,1.0191598818244025,1.0085487678192269
2000-08-10,1.008787408184074,1.003631749669527
2000-08-11,1.017100926372678,1.0083344067410485
2000-08-14,1.0296572318775135,1.0211610858955031
2000-08-15,1.0310130249543843,1.020305700100292
2000-08-16,1.033633329976818,1.0166714630240479
2000-08-17,1.0461436658840035,1.0273601367834049
2000-08-18,1.0446494209784005,1.0239393562831598
2000-08-21,1.0455465507098303,1.0294982206544856
2000-08-22,1.0480350950488404,1.0277881211601565
2000-08-23,1.0560430815780009,1.0318492614748214
2000-08-24,1.0668146068469206,1.035055929106214
2000-08-25,1.0685520502226673,1.0346281922435108
2000-08-28,1.0728549486444248,1.03815508455664
2000-08-29,1.0738809162369214,1.0383692040428298
2000-08-30,1.0704567102745681,1.028429227930673
2000-08-31,1.0881387626205397,1.0421097946080058
2000-09-01,1.09688918436375,1.0431786240977474
2000-09-05,1.0789801918968378,1.0348418117604004
2000-09-06,1.0608892516154653,1.0230849635885724
2000-09-07,1.0711988454870809,1.0318492516217028
2000-09-08,1.0516273435846795,1.0247950658054537
2000-09-11,1.0442248109529295,1.0232989982327363
2000-09-12,1.0337665564889091,1.015816912248388
2000-09-13,1.0409712838872942,1.0184885005694322
2000-09-14,1.0481222889388775,1.023619890072541
2000-09-15,1.0355137136868136,1.0012252160071253
2000-09-18,1.0130578512893134,0.9920095085921529
2000-09-19,1.0349379316529244,1.0010100207837047
2000-09-20,1.0306585934647243,0.9936163405479917
2000-09-21,1.0057945617980435,0.9785084239622863
2000-09-22,1.0152509827933807,0.9962954956808826
2000-09-25,1.0121293488065943,0.9892233618454765
2000-09-26,1.003632006870035,0.9765798111829547
2000-09-27,0.9982153515544692,0.9817234961116477
2000-09-28,1.022102395460011,0.9943672995455338
2000-09-29,1.0042040921018678,0.9849374757957916
2000-10-02,1.0010461824918189,0.9864377030107995
2000-10-03,0.9860391449985489,0.9772229938518944
2000-10-04,0.9952933147109791,0.9853662126041222
2000-10-05,0.9957853977489425,0.9887947253652434
2000-10-06,0.9709201557275773,0.9673645278426662
2000-10-09,0.9654892457445311,0.9600783575662458
2000-10-10,0.9408234355778907,0.944219908066153
2000-10-11,0.9301562853342571,0.9362910574431444
2000-10-12,0.905851078264789,0.9129320748998088
2000-10-13,0.9423651272465137,0.9433627758471989
2000-10-16,0.943374805583075,0.947648501238756
2000-10-17,0.9210014674055713,0.9240753183286163
2000-10-18,0.9116755656664473,0.9206467216750216
2000-10-19,0.9567107251310739,0.9553642266911817
2000-10-20,0.9682077762706925,0.9594355877723644
2000-10-23,0.9638569370250818,0.9637215592413494
2000-10-24,0.9528546874471929,0.9572927654639622
2000-10-25,0.9143197042875136,0.9347904981250515
2000-10-26,0.9172079014005258,0.9373619665668188
2000-10-27,0.9264545817994291,0.9551496190793609
2000-10-30,0.924199546706733,0.9637215615783077
2000-10-31,0.9513462325378246,0.9803298667469831
2000-11-01,0.9510573266540143,0.9770085385683402
2000-11-02,0.9548177561687424,0.9786156980741144
2000-11-03,0.9595623002509767,0.9791513629487693
2000-11-06,0.9606289456100734,0.9860088005616129
2000-11-07,0.9585752473261193,0.985794688750571
2000-11-08,0.9309912156534482,0.96393601249241
2000-11-09,0.9258845037142008,0.9602926331853525
2000-11-10,0.9042393114983589,0.9369336493240875
2000-11-13,0.8954609715170049,0.929647228765332
2000-11-14,0.9138762935114454,0.9540781998972561
2000-11-15,0.9208682549274825,0.957078060277283
2000-11-16,0.903982268273597,0.9420769910345478
2000-11-17,0.8992416278772305,0.9370408264351053
2000-11-20,0.8845283234169641,0.9236466617875511
2000-11-21,0.8900814079541397,0.9283616932666442
2000-11-22,0.8728782791030434,0.9061813870945208
2000-11-24,0.8918276159795145,0.9247183966615761
2000-11-27,0.8938857220595453,0.9328620309407998
2000-11-28,0.8817951681019633,0.9167893032359459
2000-11-29,0.8724080186419519,0.9150743846689918
2000-11-30,0.862734891872927,0.9071457043615397
2000-12-01,0.8698453233275995,0.9067172231595416
2000-12-04,0.8788901050345023,0.9144320357199668
2000-12-05,0.9008973969932421,0.9444345050903372
2000-12-06,0.8953107136072347,0.9293261690924709
2000-12-07,0.8936533663164202,0.916574856846568
2000-12-08,0.9058749172219611,0.918718175491818
2000-12-11,0.921083441292188,0.9506494383890278
2000-12-12,0.9124356359732166,0.946577169909284
2000-12-13,0.9075581794836615,0.933612072796927
2000-12-14,0.8907585409291393,0.9217177989727697
2000-12-15,0.8826664951856119,0.9008995397295851
2000-12-18,0.8943941521205178,0.9129373053254795
2000-12-19,0.8827788515484416,0.8943435386160346
2000-12-20,0.8632962376608709,0.8684405057252614
2000-12-21,0.8690741478886136,0.8744593455474562
2000-12-22,0.8833702527001427,0.900684836039284
2000-12-26,0.9010613131342767,0.9103580200482271
2000-12-27,0.9076690235679831,0.9170213673688097
2000-12-28,0.9185415700365014,0.9198161733901395
2000-12-29,0.9129395974240132,0.9024042463892606
2001-01-02,0.8919603417723589,0.8860674628262432
2001-01-03,0.8991368460764008,0.9286292349266718
2001-01-04,0.8852995543924526,0.9186338412936151
2001-01-05,0.8752916117200898,0.8886469043712829
2001-01-08,0.8709596257737662,0.8955256978962949
2001-01-09,0.86989977507541,0.8931610354252288
2001-01-10,0.874025613160746,0.9088528923405113
2001-01-11,0.8782991404727966,0.9097130943375247
2001-01-12,0.8731109259438325,0.9079932726355486
2001-01-16,0.8765292887981365,0.913797165634235
2001-01-17,0.8784868180409366,0.9179888354747441
2001-01-18,0.8785979208428011,0.9271251101799182
2001-01-19,0.8769610540318343,0.921858288582757
2001-01-22,0.8817528257800136,0.9279848112713518
2001-01-23,0.8914416812086636,0.9352929143764683
2001-01-24,0.8923787589570248,0.9380877192514915
2001-01-25,0.899487812139572,0.9357232222507321
2001-01-26,0.8916699895510855,0.9346486564167639
2001-01-29,0.8987128924818033,0.9396356332133471
2001-01-30,0.9039031662159738,0.9478899376041603
2001-01-31,0.9025370656560452,0.942524662542635
2001-02-01,0.9019533108333226,0.9487838745741144
2001-02-02,0.9019106166257949,0.9272540614044399
2001-02-05,0.9067333323634815,0.9340637225059879
2001-02-06,0.9078889063543151,0.931312204295416
2001-02-07,0.9060320027652999,0.926496966300571
2001-02-08,0.9041456049953217,0.9156974489772512
2001-02-09,0.9029323987253627,0.9068925235287125
2001-02-12,0.907073253559381,0.9172796714605002
2001-02-13,0.9066710775459497,0.9097817081796248
2001-02-14,0.8968982115872889,0.908405535976564
2001-02-15,0.8997329314528214,0.9172107925932832
2001-02-16,0.8889596251805332,0.896987193483178
2001-02-20,0.8818850227511458,0.8831608983347493
2001-02-21,0.868502312650938,0.8641069139117926
2001-02-22,0.8664155470441309,0.8654140397993978
2001-02-23,0.862451711852833,0.8595673544713555
2001-02-26,0.8779931715844268,0.8778645779406776
2001-02-27,0.8754917639404987,0.8697477015947056
2001-02-28,0.8632483334046063,0.8526193513257814
2001-03-01,0.8601610205251196,0.857090691832778
2001-03-02,0.867112402860548,0.8502806091735653
2001-03-05,0.8666781994821257,0.858053500379162
2001-03-06,0.8717504517406397,0.867270865529865
2001-03-07,0.8810952419763741,0.8734622775480481
2001-03-08,0.8878863762135575,0.8744250950165892
2001-03-09,0.8766484189839372,0.8485614457429489
2001-03-12,0.8472741029564841,0.8122415223970062
2001-03-13,0.8466331628636122,0.825586000816771
2001-03-14,0.824559314297661,0.8092837815040028
2001-03-15,0.8307053276458448,0.8094900841255838
2001-03-16,0.8161620292183388,0.7932538419969458
2001-03-19,0.8286160689206179,0.8093932101503705
2001-03-20,0.815703580983481,0.787667226691619
2001-03-21,0.7968711933432336,0.774286194064481
2001-03-22,0.7804012290603138,0.7664236507068196
2001-03-23,0.7951415675776857,0.7895984241662497
2001-03-26,0.8089581267270484,0.7996681807656261
2001-03-27,0.825498688144077,0.8160144299524286
2001-03-28,0.8146021058430367,0.7934603949592216
2001-03-29,0.8155537662311414,0.7964954047737525
2001-03-30,0.8222820678402967,0.8048410199053395
2001-04-02,0.8155955807850025,0.7876672175932669
2001-04-03,0.794372164629253,0.7613883864861132
2001-04-04,0.7980036192124722,0.7645608254066655
2001-04-05,0.8197839340821134,0.7935293622677977
2001-04-06,0.8097721844247816,0.7814592807442062
2001-04-09,0.8207121334868701,0.790149709669728
2001-04-10,0.8372478293833857,0.8045654301163583
2001-04-11,0.8310919954439336,0.805116798805617
2001-04-12,0.8397210967602992,0.8197392415426767
2001-04-16,0.8405431404395941,0.8111175275036502
2001-04-17,0.8511053711267628,0.822567035408984
2001-04-18,0.8661071117001263,0.8552600362623473
2001-04-19,0.8656503244300827,0.8666410756434942
2001-04-20,0.8601438422977505,0.8587088225414692
2001-04-23,0.8575876872543065,0.8431204064990506
2001-04-24,0.8539779910667754,0.8385687198101167
2001-04-25,0.8683302207614301,0.8495354879850446
2001-04-26,0.8793328469744596,0.8533292501183846
2001-04-27,0.8842433344842656,0.8675370882666382
2001-04-30,0.8815614050109252,0.8736066987248743
2001-05-01,0.8886594401528961,0.8762967346797889
2001-05-02,0.8825438471566989,0.8747101030490102
2001-05-03,0.8751286440456292,0.8636054133719742
2001-05-04,0.8873984659431392,0.8782967318581469
2001-05-07,0.8855156045308752,0.8707098729438465
2001-05-08,0.8817438475171574,0.8702963467038893
2001-05-09,0.8840976614600191,0.8666410933447695
2001-05-10,0.8872566240282566,0.8691922853961249
2001-05-11,0.882376520154026,0.8631922249742668
2001-05-14,0.8883496106887717,0.8649165377628754
2001-05-15,0.8908773253550942,0.8689167767500288
2001-05-16,0.9137664087556739,0.8894013594243941
2001-05-17,0.9186301977963092,0.8907809365550381
2001-05-18,0.9197628991437917,0.894850380185596
2001-05-21,0.9275222471833738,0.9080240274395439
2001-05-22,0.9228584433758905,0.9068518319818014
2001-05-23,0.9118009305098799,0.891470971978071
2001-05-24,0.9101655243019019,0.8940915400472977
2001-05-25,0.9035090958178299,0.8835389620594818
2001-05-29,0.9024107161118918,0.8765033854815503
2001-05-30,0.8946256440510738,0.8642267459932093
2001-05-31,0.8991951491325498,0.8687098012463047
2001-06-01,0.9014239419523455,0.8740899469099714
2001-06-04,0.9064819114503273,0.8782967407837614
2001-06-05,0.9124118871958169,0.8883666676229022
2001-06-06,0.9023634283101326,0.8809866947866251
2001-06-07,0.9039188222325394,0.8841592159732212
2001-06-08,0.9014431682196099,0.875951689753632
2001-06-11,0.8954440770743488,0.8697444070159801
2001-06-12,0.8985240188324958,0.8682271465953848
2001-06-13,0.8925967542241416,0.8607777924066822
2001-06-14,0.8779625572296091,0.8414650719762405
2001-06-15,0.879483015369957,0.8428212191594912
2001-06-18,0.8754734620349143,0.8387404726652014
2001-06-19,0.8766719992657931,0.8424066995326729
2001-06-20,0.8798944638565519,0.8468327548764195
2001-06-21,0.8816797457736347,0.8564475246087354
2001-06-22,0.8762484270716118,0.8497382260391287
2001-06-25,0.8684053788780967,0.8419219599512013
2001-06-26,0.8709070328900188,0.8407461906764707
2001-06-27,0.8692160986829941,0.8402620385751077
2001-06-28,0.8720185327017623,0.8448960669126088
2001-06-29,0.8713404161467063,0.8480090104305023
2001-07-02,0.8796457056942792,0.8585918321571608
2001-07-03,0.8786116033976258,0.8583841988943903
2001-07-05,0.8754351540795423,0.8416451919854304
2001-07-06,0.8648539627839971,0.8234541505487707
2001-07-09,0.8686343985184156,0.8279495020401975
2001-07-10,0.8604532181577227,0.817989335766614
2001-07-11,0.8589194884941231,0.8188197094609242
2001-07-12,0.8691626573786028,0.8382561393509603
2001-07-13,0.8737910606320343,0.8455187989248584
2001-07-16,0.8649567782888106,0.8349360573474391
2001-07-17,0.8722656574703296,0.842751826985384
2001-07-18,0.8739990713963701,0.8370109172647768
2001-07-19,0.8747315669923676,0.8443429487576146
2001-07-20,0.8744254809892245,0.8392935668383069
2001-07-23,0.8611885487232562,0.8227620266310998
2001-07-24,0.8413487028433948,0.814807834869099
2001-07-25,0.8579769295301182,0.8238000378385577
2001-07-26,0.864781794440835,0.8324459263296783
2001-07-27,0.8677307090109071,0.8356275846068659
2001-07-30,0.8689151193350904,0.8359043444628877
2001-07-31,0.8712950656668875,0.8393628485338424
2001-08-01,0.8738149901895331,0.8446197780542097
2001-08-02,0.8726101929499548,0.8480779554886838
2001-08-03,0.8702124884642274,0.8434438455204049
2001-08-06,0.8610166344197153,0.8320998631756936
2001-08-07,0.864062662940975,0.8353509023041169
2001-08-08,0.8514265597262226,0.8198567135260719
2001-08-09,0.8518698461304091,0.8222779553652928
2001-08-10,0.8594915696255343,0.8251141400433797
2001-08-13,0.8586428308878302,0.8253212766970962
2001-08-14,0.8588037558509951,0.8249751369536494
2001-08-15,0.8575201688417171,0.817851237403265
2001-08-16,0.858584545148789,0.8206871692830103
2001-08-17,0.8494610495966359,0.80754501322898
2001-08-20,0.8539129061129215,0.8150155556182104
2001-08-21,0.848831815652271,0.8011124008586528
2001-08-22,0.8513796086059379,0.8094127344550732
2001-08-23,0.8519183682002549,0.8065072584093459
2001-08-24,0.8609278017772204,0.8232462601021239
2001-08-27,0.858990322685714,0.8183357196475537
2001-08-28,0.849974044199936,0.8063690000185748
2001-08-29,0.8416781494643553,0.7991755595705892
2001-08-30,0.8334614208765908,0.783820040533888
2001-08-31,0.837399699764215,0.7895613655667906
2001-09-04,0.8388015495715591,0.7845119074524223
2001-09-05,0.8413560721089871,0.7864483417289443
2001-09-06,0.8218203368552603,0.7661824487847322
2001-09-07,0.8068037601021987,0.7520027791614935
2001-09-10,0.8077850981702055,0.761202029158976
2001-09-17,0.7723746283055165,0.7214299082172456
2001-09-18,0.767343414425021,0.7197011096566892
2001-09-19,0.7552463463718989,0.7051753029933662
2001-09-20,0.7354197948198258,0.6827645145353507
2001-09-21,0.7245765767492337,0.6753984549491249
2001-09-24,0.746520168925365,0.6991429994207756
2001-09-25,0.752583521021343,0.7064324111527666
2001-09-26,0.7511091841021375,0.7039334771415547
2001-09-27,0.75610176486316,0.7100433803857613
2001-09-28,0.7724629885912389,0.7251092583416315
2001-10-01,0.7758461836336817,0.7239289182398104
2001-10-02,0.7870222020534634,0.7330238978540676
2001-10-03,0.7974549922625093,0.7453128309246606
2001-10-04,0.7901117898737559,0.7459376490302098
2001-10-05,0.7939860077618914,0.744479467735756
2001-10-08,0.7865707523752263,0.7396193643192781
2001-10-09,0.7868417453318918,0.7356617498551294
2001-10-10,0.8010377430092488,0.7520475486236151
2001-10-11,0.8125943777683521,0.7637110014118903
2001-10-12,0.8046959668752447,0.7602396141518526
2001-10-15,0.8061621565815583,0.7588512265565077
2001-10-16,0.8126711989526313,0.7636414521586088
2001-10-17,0.8001972611892841,0.7473956522684123
2001-10-18,0.7961599840843956,0.7457989610406452
2001-10-19,0.7938412311074019,0.7453128194458806
2001-10-22,0.8040859434395967,0.7600314731450154
2001-10-23,0.8032626625465761,0.7561433193353296
2001-10-24,0.8010653051685909,0.7541298684660367
2001-10-25,0.8060262463516225,0.7676686036273351
2001-10-26,0.8115403868784697,0.7659329125912198
2001-10-29,0.7958061945115301,0.746007098936197
2001-10-30,0.7873929368827327,0.73705054516644
2001-10-31,0.7861707129177454,0.7345513615483951
2001-11-01,0.8000706851072944,0.7533662996878543
2001-11-02,0.8047164577608,0.7585041674477696
2001-11-05,0.8120166259463211,0.7684322588356602
2001-11-06,0.8224995687751948,0.780373888246031
2001-11-07,0.8200130356834453,0.7793324714884279
2001-11-08,0.8223800987809439,0.7817624379278534
2001-11-09,0.8224599539735282,0.7825956403341968
2001-11-12,0.8230133754042163,0.7778051611188883
2001-11-13,0.8340391873635644,0.7953008381812902
2001-11-14,0.8354785887720888,0.7960647405423801
2001-11-15,0.8347441490003566,0.7975230037766952
2001-11-16,0.8365500670379526,0.793981658705035
2001-11-19,0.8451066697651199,0.8037711667234709
2001-11-20,0.8450096351140017,0.7970368664556183
2001-11-21,0.8408597602367723,0.7917600759108803
2001-11-23,0.8473048652130503,0.8031461875401364
2001-11-26,0.845839595330301,0.804881963143572
2001-11-27,0.8430896790196852,0.8014105796759105
2001-11-28,0.8320271380438843,0.7869004721293665
2001-11-29,0.8382742077199882,0.7975230068517399
2001-11-30,0.8383876479866078,0.7918293704773743
2001-12-03,0.8313331075325616,0.7871082699766582
2001-12-04,0.8418206403911966,0.8004385388599153
2001-12-05,0.8552514582367722,0.8150881489893587
2001-12-06,0.854023651883815,0.8146716307943437
2001-12-07,0.84850828256528,0.8092558404337165
2001-12-10,0.83878495306305,0.7941203365426431
2001-12-11,0.8376075501949956,0.7925239005476847
2001-12-12,0.8339679359864134,0.7934261414570243
2001-12-13,0.8217228764854225,0.7780136244341633
2001-12-14,0.8233994172419281,0.7854419584778084
2001-12-17,0.8325484387348174,0.7935651484463581
2001-12-18,0.841625217119064,0.7982862500344495
2001-12-19,0.8424921496968527,0.8039101766659422
2001-12-20,0.8364304465116267,0.7959953674516972
2001-12-21,0.8413798637333249,0.8008227370772837
2001-12-24,0.8450596437104738,0.79929044285216
2001-12-26,0.848027193860325,0.8036798582197446
2001-12-27,0.8509633012165178,0.8085564107898532
2001-12-28,0.8563299249385576,0.8081383143553978
2001-12-31,0.8476055641168104,0.7962947241031938
2002-01-02,0.8507595743350871,0.8048635082962179
2002-01-03,0.8562702923016767,0.8139898958599641
2002-01-04,0.868623912840027,0.8194239703062407
2002-01-07,0.8639518371509692,0.8136419263042467
2002-01-08,0.8608803021389507,0.8117609977175321
2002-01-09,0.85724012535495,0.8051421826584925
2002-01-10,0.8577416694650752,0.8086959916871069
2002-01-11,0.851111758934261,0.8007536023526698
2002-01-14,0.8402443427405163,0.7957375456594202
2002-01-15,0.8462146192137926,0.8022166874348183
2002-01-16,0.8312835753868748,0.7859840974960817
2002-01-17,0.8369945620659418,0.7919058903228006
2002-01-18,0.8298416194800668,0.7882830396604573
2002-01-22,0.8347190259873993,0.7828493810195867
2002-01-23,0.8420520266256699,0.788840715216381
2002-01-24,0.8464225583536479,0.791278824656936
2002-01-25,0.8480481111613366,0.7910693652392611
2002-01-28,0.8519113284982829,0.7932293010341103
2002-01-29,0.8365868727974454,0.7682888391843721
2002-01-30,0.8465195506095204,0.7793652824275583
2002-01-31,0.8555622339673635,0.7884924136627618
2002-02-01,0.8505298387190524,0.7848001796619238
2002-02-04,0.8393752103210335,0.7652929588041949
2002-02-05,0.8370776503290617,0.7605554892720133
2002-02-06,0.8319112446764857,0.757281107751825
2002-02-07,0.8272907025178223,0.7525434738408077
2002-02-08,0.841499672734128,0.7669650890411024
2002-02-11,0.8543059804338167,0.7763701518384867
2002-02-12,0.8497801761270315,0.7739313713353225
2002-02-13,0.859268011183899,0.782152271583803
2002-02-14,0.8578548635221305,0.780689435654828
2002-02-15,0.8546697212986404,0.7725380776985857
2002-02-19,0.842371842715257,0.7576989499914896
2002-02-20,0.8550584087623765,0.7704482728726578
2002-02-21,0.8461183613630807,0.754494107399389
2002-02-22,0.852871105562157,0.7638300364057633
2002-02-25,0.862794846187157,0.776439854412874
2002-02-26,0.8648150278283101,0.7748374300769382
2002-02-27,0.8675486254556368,0.7778329748267385
2002-02-28,0.8632409151914849,0.7743497920954859
2002-03-01,0.8769548169237538,0.792393683207397
2002-03-04,0.8924835007779119,0.8063967930616066
2002-03-05,0.8830333921013394,0.8038185167230866
2002-03-06,0.8964562489038369,0.8133631622870637
2002-03-07,0.8973447833307928,0.8116216541530277
2002-03-08,0.8995448157007144,0.8150352130871471
2002-03-11,0.8970808367887736,0.8167769677885708
2002-03-12,0.8953612155985231,0.8162892457577953
2002-03-13,0.8907866157539248,0.8084165604528691
2002-03-14,0.8958132450705171,0.8073020288776352
2002-03-15,0.9035682333755116,0.814994414332816
2002-03-18,0.9080510435121788,0.8151342510744273
2002-03-19,0.9111844396268263,0.8205837740505879
2002-03-20,0.903846147879328,0.8051430871435725
2002-03-21,0.9039025561055288,0.8054924709348076
2002-03-22,0.9002243021660021,0.8037461471479714
2002-03-25,0.8876315941231397,0.7937549073921585
2002-03-26,0.8945711443762812,0.7983663297147912
2002-03-27,0.903070607040307,0.8004622089872216
2002-03-28,0.9036104300610276,0.800112823242243
2002-04-01,0.8990896630590711,0.8004622085087681
2002-04-02,0.8903327434275231,0.7960607469859514
2002-04-03,0.8837777728152616,0.7904711348055223
2002-04-04,0.8838364799778501,0.7871874465691381
2002-04-05,0.8880618756059431,0.7873272825471466
2002-04-08,0.8946656654349593,0.7890039826013318
2002-04-09,0.8914816464319214,0.783484828732677
2002-04-10,0.9072083144413499,0.7923577160695917
2002-04-11,0.8931248565914618,0.772655575064401
2002-04-12,0.9028465526687957,0.7784539842805832
2002-04-15,0.8970617080082995,0.7725155714151183
2002-04-16,0.9138295307841885,0.7908904800188397
2002-04-17,0.9104739593281973,0.7892136102963894
2002-04-18,0.9107405434915299,0.7857900016549236
2002-04-19,0.9124175909862642,0.7886545205269564
2002-04-22,0.9026462013267662,0.775520173503558
2002-04-23,0.8992357122428788,0.772166521820461
2002-04-24,0.8947844605042073,0.7644110743169267
2002-04-25,0.8975260450448983,0.7648300862473135
2002-04-26,0.887984982489939,0.7502980469180843
2002-04-29,0.8801451421208534,0.7465950184343444
2002-04-30,0.888944167359523,0.7535819905846112
2002-05-01,0.8941638047222011,0.7628040104809497
2002-05-02,0.8967024914272438,0.7598699535069957
2002-05-03,0.8930789266100673,0.7516250377673648
2002-05-06,0.8821133769227492,0.7368832806091267
2002-05-07,0.8838035100156507,0.7342985224945668
2002-05-08,0.9005286469219006,0.7616162779636414
2002-05-09,0.8902321101483414,0.752813433245147
2002-05-10,0.8823606535332783,0.7386297732151216
2002-05-13,0.8913734460753159,0.7536516119100978
2002-05-14,0.908688907909942,0.7700703117109136
2002-05-15,0.9065596525486017,0.7670656282665705
2002-05-16,0.9078517109019156,0.7710484171042813
2002-05-17,0.9141312819885455,0.7748211570091725
2002-05-20,0.9064099327419338,0.7664369102477151
2002-05-21,0.8972221766894987,0.7594506845234251
2002-05-22,0.898663086161686,0.7611274680952775
2002-05-23,0.9084008161471966,0.7692318772628092
2002-05-24,0.8992533782453378,0.7593805553802676
2002-05-28,0.8966022333851422,0.7552586832884968
2002-05-29,0.8937919294781068,0.7496693234295387
2002-05-30,0.8915313036774882,0.7475734504119471
2002-05-31,0.8957590857363191,0.7491102296782244
2002-06-03,0.8793920049763645,0.7291982055741705
2002-06-04,0.876508473992021,0.7310149883193944
2002-06-05,0.8834453378377248,0.7378617916623919
2002-06-06,0.869837047379223,0.7228403644146393
2002-06-07,0.8725884076311381,0.7220024261789989
2002-06-10,0.8777350510509049,0.7247966477685543
2002-06-11,0.8616086036241603,0.7123604854146107
2002-06-12,0.8628677650586214,0.7166922355487394
2002-06-13,0.849830237786759,0.7094958858100603
2002-06-14,0.8470157748328466,0.7084478255825005
2002-06-17,0.867043320189208,0.7274513717454907
2002-06-18,0.8692573492167774,0.7333903647640718
2002-06-19,0.8574952630810287,0.7162724836077048
2002-06-20,0.8498307104843483,0.7071204265520047
2002-06-21,0.8373384452097741,0.6960635945718584
2002-06-24,0.8372985581601826,0.6997096313653134
2002-06-25,0.8285675002002737,0.6840045647241632
2002-06-26,0.8250632242401742,0.6851264895313607
2002-06-27,0.8367421622875476,0.6971151480033657
2002-06-28,0.835128558469512,0.6938204493620237
2002-07-01,0.8206210811790415,0.6802890703460465
2002-07-02,0.8043648213730986,0.6658459347282181
2002-07-03,0.8020201218238232,0.6696323874883183
2002-07-05,0.8250545567982346,0.6962742276414794
2002-07-08,0.8180641668053928,0.6875802691254568
2002-07-09,0.8063507240543338,0.6702629756043035
2002-07-10,0.7833991169477291,0.6458642437373591
2002-07-11,0.7799957737317716,0.6511229156203656
2002-07-12,0.7737327561545736,0.6439710596499414
2002-07-15,0.7651679625031785,0.6474066774517269
2002-07-16,0.7528559160754061,0.6349270591670306
2002-07-17,0.7556466478691806,0.6361891544767018
2002-07-18,0.7397989517635749,0.6155764541005849
2002-07-19,0.7143957501147128,0.5939119117768498
2002-07-22,0.6981891620010983,0.5763138267013723
2002-07-23,0.6880135559559921,0.5605389646369023
2002-07-24,0.7204222812355658,0.5939819916905896
2002-07-25,0.7211317183946718,0.588934190169525
2002-07-26,0.7246201735651415,0.6001518375953343
2002-07-29,0.7569963834542942,0.6293883663971953
2002-07-30,0.7540026622575454,0.6375913171480069
2002-07-31,0.7581709817698277,0.6391339565880201
2002-08-01,0.7453062539273675,0.6224471340737813
2002-08-02,0.7260907511208408,0.6084948757475046
2002-08-05,0.7035136755407194,0.5873216697961482
2002-08-06,0.7256887867721509,0.607092444237828
2002-08-07,0.7361050801478579,0.6176795475856649
2002-08-08,0.7531796007286026,0.637661530364425
2002-08-09,0.756961090108265,0.6400452175673874
2002-08-12,0.7549736112420712,0.6353473432745124
2002-08-13,0.7424728677400918,0.6237793581774166
2002-08-14,0.7605417865375984,0.6465655752482934
2002-08-15,0.7696653637990494,0.6555393299893777
2002-08-16,0.7716265639609476,0.6535765206829168
2002-08-19,0.7814647208250325,0.6688610808029031
2002-08-20,0.7761705580655864,0.6617795542415672
2002-08-21,0.7826543078954932,0.6713147321531059
2002-08-22,0.7931846776472807,0.6778347959313751
2002-08-23,0.776745927595819,0.6632516547812687
2002-08-26,0.7879685137216096,0.6678791549441611
2002-08-27,0.7799194824943606,0.6601668337600264
2002-08-28,0.7679485462905191,0.6457242385061599
2002-08-29,0.7686099429089335,0.6460047023719127
2002-08-30,0.7712433427766717,0.6434806392588521
2002-09-03,0.745055133095977,0.6189417753425843
2002-09-04,0.7531568596977031,0.6277756094523259
2002-09-05,0.7404864465231259,0.622447144245636
2002-09-06,0.7562269545774736,0.6310005576985304
2002-09-09,0.7589681535622737,0.6356279371883568
2002-09-10,0.7620960888329745,0.642919218899565
2002-09-11,0.7636153869234275,0.638923263790762
2002-09-12,0.7524563324395106,0.6271441128349113
2002-09-13,0.7518392018435631,0.6286865047945764
2002-09-16,0.7491322293323724,0.6302292700430171
2002-09-17,0.7435910520852398,0.6157867155104668
2002-09-18,0.7445890696644947,0.6096168220408082
2002-09-19,0.7251077569248836,0.5938419626142413
2002-09-20,0.7269665052616745,0.5940391715916058
2002-09-23,0.7132421633998377,0.589179188619022
2002-09-24,0.7029976804337129,0.5796721814478817
2002-09-25,0.7147558720666038,0.5940391709699694
2002-09-26,0.7276618083074902,0.603757592403121
2002-09-27,0.7115871964679455,0.5827709603784608
2002-09-30,0.7012033393823441,0.57600994308163
2002-10-01,0.7273936618496772,0.6036873418087904
2002-10-02,0.7085677412223558,0.5855881553927805
2002-10-03,0.7026064852764241,0.5796721749264647
2002-10-04,0.6877083972523619,0.5690377990413512
2002-10-07,0.6740705655151562,0.5572768404550947
2002-10-08,0.686855721454455,0.5660094354182469
2002-10-09,0.6643142119275022,0.5500231158651431
2002-10-10,0.6850175483926111,0.567840757188569
2002-10-11,0.7061085264078455,0.5927007914678392
2002-10-14,0.7110964749458665,0.5960109483370842
2002-10-15,0.7396761562432773,0.6246739671382707
2002-10-16,0.7260369355828181,0.6095323574205334
2002-10-17,0.7433049885684649,0.6216456853894052
2002-10-18,0.7437071842980785,0.6242515930202733
2002-10-21,0.7574855168713541,0.6350262629110264
2002-10-22,0.7471551760810405,0.6304489047042868
2002-10-23,0.750572045489925,0.6352378450203329
2002-10-24,0.7442422508704366,0.6222793931817604
2002-10-25,0.7561022869769399,0.6352378450528743
2002-10-28,0.7491507615435017,0.6310829004130878
2002-10-29,0.7456740992951957,0.6237586343116706
2002-10-30,0.7459586564621832,0.6298149064949655
2002-10-31,0.7441521202160076,0.6234067224677021
2002-11-01,0.7556203620461193,0.6357308873685695
2002-11-04,0.7602023964364367,0.6417874510313678
2002-11-05,0.7619701552209814,0.6468577259235038
2002-11-06,0.7719442814941758,0.6552387768608952
2002-11-07,0.7576419328945101,0.639181750938265
2002-11-08,0.7517212255967592,0.6313644878142974
2002-11-11,0.7363135208537447,0.62157527613541
2002-11-12,0.7433686813947539,0.6265052569278087
2002-11-13,0.7405199770938213,0.6271393366332927
2002-11-14,0.7552879345373387,0.6389705836174011
2002-11-15,0.7609014750065913,0.6436889021494779
2002-11-18,0.7570195771214066,0.6372095940293315
2002-11-19,0.7521802810024554,0.6363648070379513
2002-11-20,0.7634262854353173,0.6505200485328708
2002-11-21,0.7775845095710769,0.6626335449866135
2002-11-22,0.7726611852003012,0.6579150176551247
2002-11-25,0.7754015341856257,0.6583374714671113
2002-11-26,0.7621336588106993,0.64580151466943
2002-11-27,0.7841769719947703,0.6639714890174724
2002-11-29,0.7852640213805798,0.6618585790259763
2002-12-02,0.7834200232846049,0.6629147861835575
2002-12-03,0.777806957997116,0.654041651883047
2002-12-04,0.7736979516726984,0.6510834999765782
2002-12-05,0.7709747268609414,0.6439002324488716
2002-12-06,0.7741457412240424,0.6481255508472173
2002-12-09,0.7613023786530645,0.6303081970603523
2002-12-10,0.7684060986936248,0.6387590857278488
2002-12-11,0.7661885726307176,0.639322458466279
2002-12-12,0.7682185546843977,0.639252081850051
2002-12-13,0.7591303207102855,0.6291812406273771
2002-12-16,0.7738114607503498,0.6454498478382187
2002-12-17,0.767080815208656,0.639815703207442
2002-12-18,0.7600436899279345,0.6324210204213079
2002-12-19,0.755916565383663,0.6279140340740142
2002-12-20,0.7662135299001305,0.636873124070463
2002-12-23,0.7667083632447718,0.6370856613694278
2002-12-24,0.7652645270633044,0.632344164076399
2002-12-26,0.7650337457005466,0.632626948386574
2002-12-27,0.7541349313479169,0.6184019961598192
2002-12-30,0.7579494185038317,0.6235684047166365
2002-12-31,0.7582503031548562,0.6244171436722964
2003-01-02,0.7790621507594356,0.6445167756093357
2003-01-03,0.7770986389027245,0.6464984455586308
2003-01-06,0.7930658370461525,0.6578923664880784
2003-01-07,0.7829565798467559,0.656264523668906
2003-01-08,0.7735362558979882,0.6467811141058213
2003-01-09,0.786417682407678,0.6568305985546521
2003-01-10,0.7876550188159924,0.6585998965696728
2003-01-13,0.7855546664894894,0.6583879393649598
2003-01-14,0.7924040384512537,0.6605110232013918
2003-01-15,0.7867541807441213,0.6539293941362526
2003-01-16,0.787275497240986,0.6512399852562823
2003-01-17,0.7842121285791651,0.641615035993386
2003-01-21,0.7730866550697407,0.6316365940405643
2003-01-22,0.7662061734530605,0.6239928185323187
2003-01-23,0.7757907581055824,0.6278145811080554
2003-01-24,0.7626391794814973,0.611324710949816
2003-01-27,0.7464835607343259,0.6029735263384728
2003-01-28,0.7509708822178532,0.6074322381979237
2003-01-29,0.7546575730301686,0.6120328206322319
2003-01-30,0.7430471582975053,0.5975243745279858
2003-01-31,0.7529877291409304,0.6090600844987231
2003-02-03,0.7518277304206645,0.6102634775948773
2003-02-04,0.748688234269765,0.6042477565434076
2003-02-05,0.7452929587111576,0.600496532088488
2003-02-06,0.7401512758930626,0.5976660796745582
2003-02-07,0.7370574761232216,0.5903763763840716
2003-02-10,0.7397958048880584,0.594551760172174
2003-02-11,0.735587689013708,0.590447040220639
2003-02-12,0.7310425385619581,0.5810346294809553
2003-02-13,0.7311512167333822,0.582803763720799
2003-02-14,0.7367704804797265,0.5955427816368105
2003-02-18,0.7514865779989365,0.6060165925374571
2003-02-19,0.7473037346463087,0.6028319026216817
2003-02-20,0.7424199097003078,0.5968166771043899
2003-02-21,0.7473986901908708,0.6028319028704234
2003-02-24,0.7419425780575883,0.5930658271093946
2003-02-25,0.7419797797263613,0.597807447703717
2003-02-26,0.7397871220814588,0.5891027316111819
2003-02-27,0.7431293010774673,0.5968874237670305
2003-02-28,0.7464041912075898,0.6008504757237544
2003-03-03,0.7447235911933645,0.5951179115474929
2003-03-04,0.7380271782565708,0.5856347492852374
2003-03-05,0.7394439513005581,0.5905887449000435
2003-03-06,0.7332150969042657,0.5856347506724107
2003-03-07,0.7328886785074027,0.5896687199619923
2003-03-10,0.7206572441805233,0.5755145183920767
2003-03-11,0.7118513975033786,0.5698527446836198
2003-03-12,0.7092343026035778,0.5736745475937521
2003-03-13,0.7217567278023441,0.5934903162920624
2003-03-14,0.7229274181203201,0.5954012838916849
2003-03-17,0.7399889025076473,0.6141555252783343
2003-03-18,0.7471005654533,0.617764917300395
2003-03-19,0.7466737608894741,0.622506744897311
2003-03-20,0.7530342754648293,0.6238514715175032
2003-03-21,0.7654397928401738,0.637167325397941
2003-03-24,0.7473466503586197,0.6159925029648226
2003-03-25,0.7554893018190209,0.6218903663039345
2003-03-26,0.7534792067269452,0.618763837362956
2003-03-27,0.7512549058212596,0.6192609893557237
2003-03-28,0.7562037538506964,0.6161344149317853
2003-03-31,0.7437758883915175,0.6021361675757751
2003-04-01,0.7523270253473192,0.6113735987361719
2003-04-02,0.7610537546592738,0.6261536961015466
2003-04-03,0.7552784326559414,0.6231694100167049
2003-04-04,0.7602183086501453,0.6268644681066226
2003-04-07,0.7602919523943892,0.6256562119189257
2003-04-08,0.758353755913052,0.6266510991443086
2003-04-09,0.7527550199972053,0.6184086381735546
2003-04-10,0.7554471700343087,0.6218190381313542
2003-04-11,0.7530386672169166,0.6192609927540991
2003-04-14,0.7583550231389029,0.6320513207654209
2003-04-15,0.7627174867189483,0.6379489347548642
2003-04-16,0.7577055007312649,0.6270775512653665
2003-04-17,0.7671055380694772,0.6363858967071251
2003-04-21,0.7681522693339372,0.6370254199863029
2003-04-22,0.7804803995652337,0.6490341454348197
2003-04-23,0.7841964077751716,0.6550025076680435
2003-04-24,0.7798025919347078,0.649175808410606
2003-04-25,0.7703423152396442,0.6411464254902147
2003-04-28,0.777611413697904,0.6522313855615142
2003-04-29,0.7814675844270411,0.6545054033319021
2003-04-30,0.7843396286585822,0.6530840728529725
2003-05-01,0.7862733638117236,0.6530130303675276
2003-05-02,0.8004182168233235,0.6623215025608561
2003-05-05,0.8013902347188345,0.6610422087090148
2003-05-06,0.8073994649040871,0.6672953573135639
2003-05-07,0.8018395470119238,0.6636005896307937
2003-05-08,0.7977372201934567,0.6569213302480537
2003-05-09,0.806362904787475,0.6660168462026292
2003-05-12,0.8153529284194011,0.6741881469471731
2003-05-13,0.8168103916099269,0.6729798939177403
2003-05-14,0.8160858302834962,0.6715587286267595
2003-05-15,0.8229231841528262,0.6758224348480488
2003-05-16,0.8224296117776677,0.6741170712741776
2003-05-19,0.8086307027118453,0.6583427115828497
2003-05-20,0.8091813387864879,0.6569919240072241
2003-05-21,0.8124058807055797,0.6583427125428214
2003-05-22,0.8181950045691331,0.6648793907522319
2003-05-23,0.8220182845985287,0.6662298472291704
2003-05-27,0.8353986325596783,0.6778829134608467
2003-05-28,0.8324455505597346,0.6798018983064174
2003-05-29,0.832071123565127,0.678025079690757
2003-05-30,0.8437878282997205,0.6888968389298045
2003-06-02,0.8492402396783129,0.691739213509292
2003-06-03,0.8487609040869888,0.6945814592593276
2003-06-04,0.8652498443078316,0.7046004078435262
2003-06-05,0.879437412140673,0.7080821766668769
2003-06-06,0.8746126153693256,0.7053112174424611
2003-06-09,0.8606198252316154,0.6981343936804971
2003-06-10,0.8659613455535363,0.7052400962968484
2003-06-11,0.8826888350156283,0.7127010005331958
2003-06-12,0.8850899960018138,0.714903973579864
2003-06-13,0.8759608823346057,0.7074430712836706
2003-06-16,0.8958698543182984,0.7223645454363543
2003-06-17,0.8984673374661716,0.7223645454363543
2003-06-18,0.8907311289679883,0.721725108340734
2003-06-19,0.8697421474655002,0.7107109769383634
2003-06-20,0.8691934438485551,0.7091424591335898
2003-06-23,0.8501125134490571,0.7018683381705073
2003-06-24,0.8517288578161176,0.7025816399439065
2003-06-25,0.8564533180686997,0.6955214251473758
2003-06-26,0.8648779172977137,0.7045787207572867
2003-06-27,0.8584234161462139,0.6964485939442555
2003-06-30,0.8573804025197141,0.6962346031492802
2003-07-01,0.8600347529321263,0.7026530089347165
2003-07-02,0.8762294769902492,0.7114956511236068
2003-07-03,0.8720630302444833,0.7041507392179276
2003-07-07,0.8924096045112702,0.7181282581385364
2003-07-08,0.8953138222980322,0.7213370060028336
2003-07-09,0.8932946369299086,0.7172722142670471
2003-07-10,0.880901689455431,0.7081441650319519
2003-07-11,0.8853544722454334,0.7148473939651695
2003-07-14,0.8951758445867403,0.7183419611929379
2003-07-15,0.8953658400212042,0.716773353769379
2003-07-16,0.8881261230695052,0.7125658153376838
2003-07-17,0.8670480859512676,0.7024390579911656
2003-07-18,0.8724168126740105,0.7096416433113084
2003-07-21,0.8607270473098728,0.7008698765010002
2003-07-22,0.8717960652293825,0.7072171573548575
2003-07-23,0.873283908599045,0.7077163465853763
2003-07-24,0.8736219454047568,0.7023676882929323
2003-07-25,0.8854165340068263,0.7147764322893573
2003-07-28,0.8902108689519197,0.7121377493163893
2003-07-29,0.8829796242117594,0.7088573010169184
2003-07-30,0.8748542653779212,0.7071457863293321
2003-07-31,0.8799271607767495,0.7087853462636838
2003-08-01,0.866055167736346,0.7025104341539441
2003-08-04,0.8582326058572194,0.7025104341539441
2003-08-05,0.8413274559971978,0.6876055372264648
2003-08-06,0.83392492797729,0.691599294583839
2003-08-07,0.8459017887667712,0.6988729619368572
2003-08-08,0.847752956797507,0.700869879605918
2003-08-11,0.8522205362920929,0.7035089771027789
2003-08-12,0.8648018662108755,0.7099267166411298
2003-08-13,0.8614037657597992,0.7062898188659146
2003-08-14,0.8678757924102012,0.7082152849814123
2003-08-15,0.8695907168229845,0.7104260710614689
2003-08-18,0.8853128997490405,0.7165589093710356
2003-08-19,0.8939616860830787,0.7192687201986041
2003-08-20,0.8961358736552438,0.7163448784656224
2003-08-21,0.9064245094571979,0.718627282190492
2003-08-22,0.8993424909654284,0.7114956537871249
2003-08-25,0.8968051013213876,0.7126369426204952
2003-08-26,0.9006567332857075,0.7139201452048552
2003-08-27,0.909335569460361,0.7141344283364385
2003-08-28,0.9207079947149645,0.7185559130946964
2003-08-29,0.9287126254466295,0.7234052170142803
2003-09-02,0.9442150335615053,0.7331037443755909
2003-09-03,0.9471459931220944,0.7370974149955263
2003-09-04,0.9584416102718857,0.7374541922573066
2003-09-05,0.9600134322683244,0.7333175240858003
2003-09-08,0.975058180705192,0.7393793174024499
2003-09-09,0.9673700399254401,0.734529928092023
2003-09-10,0.9456854852798556,0.7271134748969684
2003-09-11,0.9582181040587793,0.7292532171597605
2003-09-12,0.9638251649161736,0.7306078706434244
2003-09-15,0.9579832121702595,0.7280403903826453
2003-09-16,0.9670180510130508,0.7386662490863385
2003-09-17,0.9695923540132524,0.7372398919460152
2003-09-18,0.981268014469092,0.7459402884552367
2003-09-19,0.9793013362576556,0.7421460258809948
2003-09-22,0.9638212804334096,0.7341281919187074
2003-09-23,0.9654268247137716,0.7369203383774414
2003-09-24,0.937830628074457,0.7238193096481401
2003-09-25,0.9257054134287648,0.71787773751019
2003-09-26,0.9140861572239696,0.7155154818483617
2003-09-29,0.9278347752595146,0.7225312828716004
2003-09-30,0.9201505962762511,0.7155154824389787
2003-10-01,0.939792086744162,0.7307638185749261
2003-10-02,0.9519619848502219,0.7334124720353509
2003-10-03,0.973159831984533,0.740141876170137
2003-10-06,0.980943082402376,0.7435063242938061
2003-10-07,0.9894945767818496,0.7463695076681557
2003-10-08,0.9875897875155578,0.7445082710994935
2003-10-09,0.9910163527898223,0.7465129191800906
2003-10-10,0.9941204116582202,0.7485889342826845
2003-10-13,1.0057534547778295,0.7509511066648136
2003-10-14,1.0095760806103546,0.7536002594123283
2003-10-15,0.9982331827484485,0.7515957806903253
2003-10-16,1.0025009358276131,0.7546017955311541
2003-10-17,0.9824240970086963,0.7463695125189147
2003-10-20,0.9861351301204023,0.7519535581274712
2003-10-21,1.0062622550555793,0.7506650405884063
2003-10-22,0.980733461342535,0.741215196138504
2003-10-23,0.9655699666479017,0.7398550588414379
2003-10-24,0.9672298277477315,0.7415017616444519
2003-10-27,0.9698956824164894,0.7418592841338464
2003-10-28,0.9998546578039085,0.7519535556924561
2003-10-29,1.0031977236657976,0.7529559173017297
2003-10-30,1.004162858362649,0.7545305890707011
2003-10-31,0.9992499837458326,0.7538146300853437
2003-11-03,1.015558405396665,0.7587544979666337
2003-11-04,1.0155636981749678,0.7571077882547868
2003-11-05,1.016394866865454,0.7576806765760035
2003-11-06,1.0222945561407288,0.7616894665372792
2003-11-07,1.023679432168187,0.7560338841637665
2003-11-10,1.0010183310792564,0.7529559190145589
2003-11-11,0.9897303506413911,0.7527408898632068
2003-11-12,1.019131476335262,0.7611882836226119
2003-11-13,1.0181837377899638,0.7614031442394301
2003-11-14,0.9956765521542387,0.7549603944818822
2003-11-17,0.9831195296270325,0.7511659635392163
2003-11-18,0.9702144257570394,0.7433631594880159
2003-11-19,0.9785538619953671,0.7496629169548342
2003-11-20,0.9740546320624993,0.7429335977673058
2003-11-21,0.9821285005768362,0.7460118168309431
2003-11-24,1.0034709972425544,0.7558907216528453
2003-11-25,1.0078217532650138,0.7587544892408993
2003-11-26,1.0107254413062174,0.7614746013221931
2003-11-28,1.018230359793086,0.7620476566481642
2003-12-01,1.0369339112827882,0.7702797755253014
2003-12-02,1.0334435897822034,0.7683473361384523
2003-12-03,1.0320852265692313,0.7671300280868615
2003-12-04,1.0294071515038201,0.770279779597883
2003-12-05,1.0237452614456481,0.7649109295340857
2003-12-08,1.0269329679897625,0.770064914675505
2003-12-09,1.0185257539111574,0.7641233479152907
2003-12-10,1.0091029822619448,0.7640522233140667
2003-12-11,1.026651156660497,0.7726421950425086
2003-12-12,1.0270715880135242,0.7741458262918588
2003-12-15,1.0170009468144023,0.7702797807426486
2003-12-16,1.022662981863962,0.7742886556447368
2003-12-17,1.02449083441789,0.7767227791486006
2003-12-18,1.0432980724556782,0.7854564131891311
2003-12-19,1.041959570643976,0.7832701423904039
2003-12-22,1.0520820671404396,0.788736036425047
2003-12-23,1.0587865319295333,0.7892397942441512
2003-12-24,1.063847224084695,0.7884484708568502
2003-12-26,1.0659566291587714,0.7890238490129428
2003-12-29,1.0821572860920443,0.7995252435778033
2003-12-30,1.0812679707561628,0.7996693180266959
2003-12-31,1.0815005680016472,0.8003880208262724
2004-01-02,1.092886902576913,0.8000285825738797
2004-01-05,1.1219717240250027,0.8087314695014064
2004-01-06,1.1251311657319782,0.8095232095227335
2004-01-07,1.1267665209626854,0.8122558684497269
2004-01-08,1.1407652970143778,0.8154926187373535
2004-01-09,1.1379530256932158,0.8083721286269959
2004-01-12,1.1572820869699354,0.8143416981178251
2004-01-13,1.1442272316275452,0.809594590909651
2004-01-14,1.1391497538682527,0.816355733928877
2004-01-15,1.1352325597920767,0.8183696835244795
2004-01-16,1.1396119654041756,0.8216060982956105
2004-01-20,1.1545977542803485,0.8213906567445154
2004-01-21,1.145331186852352,0.8278638968739073
2004-01-22,1.1369042969022005,0.8257061192985392
2004-01-23,1.1328187285892173,0.8230445877359595
2004-01-26,1.148971258043751,0.8334019125151628
2004-01-27,1.1346401737519538,0.8248428498715747
2004-01-28,1.1118607083723528,0.8154210906673452
2004-01-29,1.0921400053681476,0.816211747419489
2004-01-30,1.0904680018852348,0.816211747419489
2004-02-02,1.0913561223372867,0.8197363946083706
2004-02-03,1.0962147196382954,0.8183696891044597
2004-02-04,1.0747744009817564,0.8116804171026888
2004-02-05,1.075274282621055,0.8140541358984849
2004-02-06,1.1038680329576096,0.8231884989681987
2004-02-09,1.1073619660930922,0.8234046929636827
2004-02-10,1.1171414113707134,0.8260655581651826
2004-02-11,1.1367770081535655,0.8348405717272814
2004-02-12,1.130996567857082,0.8318195174535605
2004-02-13,1.118248659022442,0.8280797567214314
2004-02-17,1.1302428626719754,0.8355600164646328
2004-02-18,1.1246417307528982,0.8318914651455444
2004-02-19,1.1018431212734248,0.8287988753482072
2004-02-20,1.0993840404254334,0.8262812495805394
2004-02-23,1.0825180268067112,0.8241954265081608
2004-02-24,1.084555368558677,0.8227571065854529
2004-02-25,1.0990298360823134,0.8262096340042464
2004-02-26,1.1031677137421292,0.8267131426794012
2004-02-27,1.1079543441103201,0.8272882704785004
2004-03-01,1.1297414123743688,0.8354879878086442
2004-03-02,1.1232250922334892,0.830596723642577
2004-03-03,1.1180929421409367,0.8321072468441933
2004-03-04,1.124232057092992,0.8342650257513474
2004-03-05,1.1294587676333934,0.8370703002989881
2004-03-08,1.1100002539602472,0.8268569711853561
2004-03-09,1.1020008702700808,0.8235480218837876
2004-03-10,1.071090873527155,0.8097386698270777
2004-03-11,1.0532809803631498,0.799237525303105
2004-03-12,1.0810555018125747,0.8097386751785615
2004-03-15,1.0528666827387512,0.7998124936288851
2004-03-16,1.0581197198113619,0.8040565866525777
2004-03-17,1.0799586382236932,0.8130473705120779
2004-03-18,1.0810163263482853,0.813263063849001
2004-03-19,1.066799928301893,0.8016060926622763
2004-03-22,1.0453976637667644,0.7914291502077248
2004-03-23,1.043835389489292,0.7900577142904959
2004-03-24,1.0415622389006964,0.7907070390241399
2004-03-25,1.0647615148868779,0.8011729559987192
2004-03-26,1.064204807173799,0.8013898976117444
2004-03-29,1.0845571675753292,0.8126494657426843
2004-03-30,1.0942994774177612,0.8153921739425551
2004-03-31,1.0977775060264352,0.8163307311043717
2004-04-01,1.113691273124664,0.8212387808489123
2004-04-02,1.1309797246044402,0.8274457281917318
2004-04-05,1.1361748821439999,0.8319934278350745
2004-04-06,1.1283950902820563,0.8293227538915267
2004-04-07,1.1252105429251067,0.8273736132095104
2004-04-08,1.122465917543687,0.8254970884860706
2004-04-12,1.1287082702591094,0.8287453039596709
2004-04-13,1.1071740011070206,0.817124554433018
2004-04-14,1.0945152275578958,0.8184237906458119
2004-04-15,1.0808879771906752,0.8153198202089328
2004-04-16,1.082646848584569,0.8215994705365693
2004-04-19,1.0871567410642953,0.8215994705365693
2004-04-20,1.0645627224065795,0.8078133847087381
2004-04-21,1.0678169143702805,0.8132266876060806
2004-04-22,1.083052253757136,0.8246309070015895
2004-04-23,1.0896727437646863,0.8254247214515965
2004-04-26,1.0817208633747535,0.8242700595714995
2004-04-27,1.0757428507755422,0.824991757464858
2004-04-28,1.0468436305008761,0.8143096486903569
2004-04-29,1.022155673787437,0.8071637313699501
2004-04-30,1.0068787822038803,0.8008844091933949
2004-05-03,1.0099479851340518,0.8094734700132572
2004-05-04,1.024107009414669,0.8088238108904287
2004-05-05,1.03546100231497,0.8140204229930186
2004-05-06,1.0107847556715917,0.8070196601305814
2004-05-07,0.9878701673316386,0.7936663738858035
2004-05-10,0.9502156713916612,0.7855102772678935
2004-05-11,0.9799300859885166,0.7921510282825329
2004-05-12,0.9785272596442989,0.797203565578676
2004-05-13,0.9714777617833933,0.7938831489517555
2004-05-14,0.9611858367683598,0.7942443260903711
2004-05-17,0.9344692534309361,0.7874594224527548
2004-05-18,0.9579053299135548,0.7914291628932236
2004-05-19,0.9699775152534635,0.788686615500758
2004-05-20,0.9625862796475605,0.7912125500110885
2004-05-21,0.9714072293153545,0.7925839903725246
2004-05-24,0.9848605788089619,0.7959039899689166
2004-05-25,1.0069605613416481,0.8073082992651838
2004-05-26,1.0067058413187457,0.810122713238833
2004-05-27,1.024052339180074,0.8146707421509558
2004-05-28,1.0297207082241997,0.8145985378830789
2004-06-01,1.0241142705985642,0.8135159119882762
2004-06-02,1.0232538384929502,0.8165471861685721
2004-06-03,0.99861935921592,0.8090405045766872
2004-06-04,1.0143150317480933,0.8154644803527471
2004-06-07,1.0475326399654006,0.82787879357049
2004-06-08,1.0421332950354014,0.8290343716269196
2004-06-09,1.0168567814996148,0.8213104988064394
2004-06-10,1.025644838873164,0.8253524470166356
2004-06-14,0.9967119647926143,0.8171966855438183
2004-06-15,1.016763656756901,0.8229707521648653
2004-06-16,1.0153112112258673,0.8228267652020665
2004-06-17,1.0109053824498735,0.821599486168697
2004-06-18,1.0100278957082143,0.8231499758550153
2004-06-21,1.0086252938398514,0.8200347894658911
2004-06-22,1.0172457931528485,0.8241641402510297
2004-06-23,1.0337589412627801,0.8312632841141171
2004-06-24,1.037391564624172,0.8286552620612718
2004-06-25,1.0414478229931763,0.8246708969705709
2004-06-28,1.0361910542364086,0.8218456816847663
2004-06-29,1.0443826836193901,0.8252506787470113
2004-06-30,1.053857740926137,0.8296693432137469
2004-07-01,1.038128095453344,0.818151209655779
2004-07-02,1.0372552346434267,0.8177168286340365
2004-07-06,1.0129160560551345,0.8105449041766408
2004-07-07,1.0229898574522376,0.8129353226807934
2004-07-08,1.0098834377172987,0.8072849750737344
2004-07-09,1.0222282385444934,0.8093859180756643
2004-07-12,1.0190523209927544,0.8097483449020603
2004-07-13,1.0216653983660702,0.8103277927201887
2004-07-14,1.012368086416905,0.8078647527745482
2004-07-15,1.0116427559676304,0.8026490325149802
2004-07-16,1.017328882654577,0.801996960440965
2004-07-19,1.0159825346021856,0.7985922908646226
2004-07-20,1.020272191689769,0.808733750127002
2004-07-21,0.9970407249607645,0.793811035406346
2004-07-22,0.9990494844387474,0.7959839343535637
2004-07-23,0.9833040464172226,0.7893197578591722
2004-07-26,0.9786022923634756,0.7877985966082212
2004-07-27,0.9867881965171708,0.7951873754017815
2004-07-28,0.9920748713924812,0.7975779631121993
2004-07-29,0.9960695817177907,0.8009827915336069
2004-07-30,0.999835913992309,0.80293841504862
2004-08-02,1.0026568838669947,0.8046044801423093
2004-08-03,1.0009986808691989,0.7983749345533899
2004-08-04,0.9944370617547988,0.7983022345318495
2004-08-05,0.9775302947635969,0.785262853646252
2004-08-06,0.9745174849474459,0.7740346942071057
2004-08-09,0.9789376904056172,0.7751211447845887
2004-08-10,0.9861095905527058,0.7851184480273112
2004-08-11,0.9848751599086745,0.7835237546916006
2004-08-12,0.9770703351296263,0.7749763175573826
2004-08-13,0.9786463758126085,0.7764977278147217
2004-08-16,0.9896774689082414,0.7845387422701298
2004-08-17,0.9870317781843488,0.7889574841374429
2004-08-18,0.9996526002406838,0.7970709572232406
2004-08-19,1.0019409023807093,0.7947526604027377
2004-08-20,1.012233702231275,0.8003310531686842
2004-08-23,1.0028683134143683,0.7983022299555227
2004-08-24,1.0015571826631509,0.7993891743227632
2004-08-25,1.0077333139051938,0.8048219990170791
2004-08-26,1.0058674331338242,0.8048219990170791
2004-08-27,1.0097476260553226,0.8073574860981225
2004-08-30,1.0062228710166263,0.8006933071270479
2004-08-31,1.016754518384028,0.8048943607500829
2004-09-01,1.0215032158731976,0.8064160215880245
2004-09-02,1.0283396966719005,0.815543570354932
2004-09-03,1.0192164919355853,0.8122115203004042
2004-09-07,1.0320057706727168,0.8175722300439997
2004-09-08,1.0292050147289793,0.815543571718147
2004-09-09,1.0298311553250834,0.8148189694101111
2004-09-10,1.0304554070451657,0.8190204449066495
2004-09-13,1.0323405888609525,0.82170100873058
2004-09-14,1.0404300826111506,0.8233668267515595
2004-09-15,1.0335167634975475,0.8171371921720159
2004-09-16,1.0408697093440564,0.8196001498970572
2004-09-17,1.0489586285170769,0.8230847455023566
2004-09-20,1.0487566173353882,0.818137816872396
2004-09-21,1.0623496950471454,0.8217025087915343
2004-09-22,1.053561183115192,0.8114456400936443
2004-09-23,1.0520836747867284,0.8070809875979702
2004-09-24,1.0588373328138265,0.8107913325973951
2004-09-27,1.0551234870063229,0.8056260485785568
2004-09-28,1.0692590003367368,0.809481460652895
2004-09-29,1.0715340748838746,0.8135550627762261
2004-09-30,1.0770919166024937,0.8129732895508349
2004-10-01,1.0918340279622403,0.8267217328721489
2004-10-04,1.0964405729951343,0.828103804929078
2004-10-05,1.0997990355307696,0.8285401825101234
2004-10-06,1.1063577034215866,0.8342139593967381
2004-10-07,1.0997081392804156,0.825266956287231
2004-10-08,1.1037320948263583,0.8184291243942176
2004-10-11,1.1032174241888106,0.8217748790233236
2004-10-12,1.0981280678421643,0.8185743617084842
2004-10-13,1.0800995439818049,0.8113728555324304
2004-10-14,1.0790135764201152,0.8048258311650394
2004-10-15,1.089011002197827,0.8093362199915378
2004-10-18,1.0848575540107508,0.8123912537945888
2004-10-19,1.0740663845397447,0.8055536734439886
2004-10-20,1.0801522775862353,0.8039530785725391
2004-10-21,1.0881162786903829,0.8091905675749232
2004-10-22,1.0844808465985567,0.8000980006594995
2004-10-25,1.0889343668521214,0.79915222081488
2004-10-26,1.0995760499764875,0.8113728565755812
2004-10-27,1.1015925704621854,0.8211206495058375
2004-10-28,1.0943736127467216,0.8235938238461167
2004-10-29,1.1037272743198978,0.8234482536377519
2004-11-01,1.1051895031263925,0.825703406666542
2004-11-02,1.0986971819350824,0.8259942937196765
2004-11-03,1.115754266646699,0.8363964858974069
2004-11-04,1.132045122535592,0.8478168275230771
2004-11-05,1.1344666996775026,0.8531275182180086
2004-11-08,1.1297834604352643,0.8518901847219611
2004-11-09,1.130718645185976,0.8502175579765725
2004-11-10,1.136980763638344,0.8508722850114435
2004-11-11,1.143626946040744,0.8573462744227959
2004-11-12,1.1597912397409649,0.8641118167842976
2004-11-15,1.153370722378066,0.8662343605632193
2004-11-16,1.1460404906994794,0.8600327289056391
2004-11-17,1.1584243879277976,0.865140351478355
2004-11-18,1.155381657480581,0.8663077286116222
2004-11-19,1.1559403161385267,0.8566770895495742
2004-11-22,1.1714522422605465,0.8607624883551563
2004-11-23,1.1733223589239508,0.8620760119123863
2004-11-24,1.180233510980344,0.8641185458489304
2004-11-26,1.194118560593322,0.8634624033546964
2004-11-29,1.184628719990183,0.8595222430810842
2004-11-30,1.183734229882864,0.8601057641366896
2004-12-01,1.180097454058487,0.869882474543882
2004-12-02,1.16597732423835,0.8706119840835088
2004-12-03,1.1764364372468377,0.8700284651072967
2004-12-06,1.1759948876463728,0.8697365792575379
2004-12-07,1.153637035753956,0.8616381488629025
2004-12-08,1.1478489599557262,0.8666719854070448
2004-12-09,1.1436116098613158,0.8697365722143235
2004-12-10,1.142743109455759,0.8706119794689887
2004-12-13,1.1617750851467774,0.8781992583966235
2004-12-14,1.1650247754543517,0.8812638488747021
2004-12-15,1.1778031114758445,0.8819206548212684
2004-12-16,1.1723079632369717,0.8814095818017995
2004-12-17,1.1767511733701546,0.8755308266858645
2004-12-20,1.1859774913688137,0.8757506724764453
2004-12-21,1.1973512322199573,0.8824944518323972
2004-12-22,1.1961819450692635,0.8846204074416949
2004-12-23,1.199624653962414,0.8852802015725852
2004-12-27,1.2036132824938692,0.8834475476161018
2004-12-28,1.211615575690635,0.8882858011174742
2004-12-29,1.2096035202943174,0.8896050565407199
2004-12-30,1.2137265566279847,0.8879194684637888
2004-12-31,1.2168286776970259,0.8860134427743951
2005-01-03,1.1930364880369564,0.8818345692316841
2005-01-04,1.168494182380284,0.8710590710780688
2005-01-05,1.1595498684322751,0.8650486241181787
2005-01-06,1.161914356586964,0.869447015750425
2005-01-07,1.1623394139229906,0.8682005417307646
2005-01-10,1.1666036010023113,0.8723057151262681
2005-01-11,1.1671588807721203,0.8662946826125044
2005-01-12,1.1807971794154237,0.8691538015829988
2005-01-13,1.181009706293231,0.862189680673201
2005-01-14,1.1877824405610495,0.8667347221967666
2005-01-18,1.185461618448869,0.8757506874586963
2005-01-19,1.179475568214165,0.866587988256036
2005-01-20,1.1663452313033986,0.8613099561206436
2005-01-21,1.179063483952264,0.8560322535252157
2005-01-24,1.1868088762973439,0.854346332243188
2005-01-25,1.186405944028879,0.8567652515571315
2005-01-26,1.201744581645702,0.8593309036441393
2005-01-27,1.2051013302150133,0.8607968963858291
2005-01-28,1.1998823514874006,0.8607968963858291
2005-01-31,1.2133636500518399,0.8661487117137908
2005-02-01,1.2240510077776297,0.8716458457735021
2005-02-02,1.235618037854492,0.8742851109463781
2005-02-03,1.2353681333661783,0.8720128439430284
2005-02-04,1.2475776115123363,0.8813221042598265
2005-02-07,1.2489300949874325,0.8801491614844882
2005-02-08,1.252493336001729,0.8811752041709803
2005-02-09,1.248341277478675,0.8745774929472705
2005-02-10,1.2624864380461116,0.877730152402297
2005-02-11,1.2714627551891278,0.8852802028499295
2005-02-14,1.2765554342427596,0.8846204035147455
2005-02-15,1.278650110930062,0.8879194626165932
2005-02-16,1.2872044464242582,0.8885053917907794
2005-02-17,1.2868034699429227,0.8813220833647145
2005-02-18,1.291010621308618,0.8824944444396687
2005-02-22,1.2822431401831562,0.869373720013462
2005-02-23,1.2917210966050068,0.8756041041654129
2005-02-24,1.3075008078663044,0.8813954547828555
2005-02-25,1.3269490305327194,0.8901182025290232
2005-02-28,1.322616411196941,0.8842540682060339
2005-03-01,1.30970812731854,0.8886526220600518
2005-03-02,1.316851003806708,0.8882124279837144
2005-03-03,1.3263896834944982,0.8885789221957491
2005-03-04,1.3499653356046577,0.8996476388269188
2005-03-07,1.3501292510711442,0.9000875035469704
2005-03-08,1.3474128971459072,0.896715406722807
2005-03-09,1.3242298105070103,0.8867463525316476
2005-03-10,1.31230270110835,0.888725907354112
2005-03-11,1.3095413002635687,0.8824944456840355
2005-03-14,1.309938378623609,0.8879926596539253
2005-03-15,1.295631411054675,0.8806622891284087
2005-03-16,1.2969648459967806,0.8731853518076109
2005-03-17,1.3152588278767934,0.8749443051121456
2005-03-18,1.3139953243248639,0.8723468317052301
2005-03-21,1.3016128706026517,0.8691085057965738
2005-03-22,1.2773146124820847,0.8602780765718737
2005-03-23,1.2532524024645373,0.8610140616719425
2005-03-24,1.2584915716710938,0.8620440927939206
2005-03-28,1.2592793570350191,0.8632948067068325
2005-03-29,1.2386605803636443,0.8575552257162343
2005-03-30,1.2634143401775073,0.8696970928905828
2005-03-31,1.2758034567959526,0.8680787170552774
2005-04-01,1.2910737547388225,0.8641778577668076
2005-04-04,1.2843425871429643,0.8656500798070778
2005-04-05,1.2819000362845507,0.8697710416380025
2005-04-06,1.2871138513083848,0.8727886861738342
2005-04-07,1.297304358428642,0.8774978175300853
2005-04-08,1.2892951151969838,0.8683729283250662
2005-04-11,1.2933548903860659,0.8690353839808975
2005-04-12,1.2978241802662458,0.8735242559015433
2005-04-13,1.2791364395454456,0.8632214391243422
2005-04-14,1.2500878106567008,0.8519620361797671
2005-04-15,1.2193359555680654,0.8400401821030687
2005-04-18,1.2321767112741047,0.8426158881082277
2005-04-19,1.259271635267059,0.8493128896468465
2005-04-20,1.2415865729274569,0.837464813466824
2005-04-21,1.2668895278496768,0.8537286397584419
2005-04-22,1.2642691623140496,0.8504902335956782
2005-04-25,1.2803236968032492,0.8560834996267249
2005-04-26,1.265437326104443,0.847767299051311
2005-04-27,1.2592603589009603,0.8510789070185762
2005-04-28,1.237387759326383,0.8404085903297215
2005-04-29,1.2517785699304038,0.8518149770933703
2005-05-02,1.2613904591292264,0.8565983952061368
2005-05-03,1.2524903637312121,0.8580702882286195
2005-05-04,1.2724083260718626,0.8646931750377689
2005-05-05,1.2734521983721432,0.864398798893259
2005-05-06,1.2781317179160328,0.8616760291166251
2005-05-09,1.288267113592216,0.8670482000207145
2005-05-10,1.2700610335407019,0.8580702887402261
2005-05-11,1.2716404294478645,0.8627800048761431
2005-05-12,1.2422778346244296,0.8532867070654903
2005-05-13,1.2231366841935198,0.8515943835393672
2005-05-16,1.2282761801248976,0.8595421776658387
2005-05-17,1.2389635641794041,0.8652818479159984
2005-05-18,1.2548885722924703,0.8741867229974563
2005-05-19,1.264395190142919,0.8778663235262955
2005-05-20,1.256410084444401,0.8766152762286382
2005-05-23,1.2669865138804721,0.8814718914158474
2005-05-24,1.2705007668240866,0.8794115742757277
2005-05-25,1.2707909183503578,0.8787495356543814
2005-05-26,1.2802492832395844,0.8834591674282349
2005-05-27,1.29467027233585,0.8849308072055618
2005-05-31,1.2857486021289006,0.8792640111926918
2005-06-01,1.3013637830755338,0.8867706133839279
2005-06-02,1.3127147634683913,0.8886839451301897
2005-06-03,1.3135759162389005,0.8841949092576352
2005-06-06,1.312135463956073,0.8833854730279553
2005-06-07,1.304567434161372,0.8840477647847939
2005-06-08,1.3037075000437686,0.8824288965179199
2005-06-09,1.3092745340546392,0.8866233899131835
2005-06-10,1.3155608054736885,0.8845627441615168
2005-06-13,1.3207898856586164,0.8873592981228109
2005-06-14,1.3331576791245108,0.8894200303680274
2005-06-15,1.3378715182587968,0.8911120986106008
2005-06-16,1.3536049071257994,0.8933938446058192
2005-06-17,1.373799994376842,0.8967041278842988
2005-06-20,1.3697822646224158,0.8969995829273953
2005-06-21,1.363420837651761,0.8975169633168321
2005-06-22,1.3667041841723566,0.8982556108024723
2005-06-23,1.3507731013510325,0.8856208641541541
2005-06-24,1.3433411645983484,0.8791189545930453
2005-06-27,1.3577042418705096,0.8803748990963353
2005-06-28,1.3616848965351591,0.8877635951007342
2005-06-29,1.356791083231014,0.8853988503348285
2005-06-30,1.3557341996391936,0.8805965709264515
2005-07-01,1.3632989327938627,0.88318241633908
2005-07-05,1.365703027045846,0.890275572270369
2005-07-06,1.351575326001776,0.8828126770362097
2005-07-07,1.3578432913941607,0.8862858033576985
2005-07-08,1.3650784349250422,0.8964084900721743
2005-07-11,1.3808719503858304,0.9009895049839239
2005-07-12,1.3943786469141954,0.903353917682483
2005-07-13,1.3922400471236385,0.9046100313050205
2005-07-14,1.386330335492737,0.9081568625001624
2005-07-15,1.376718529991836,0.9076388952336354
2005-07-18,1.3759488603012109,0.9040187048888844
2005-07-19,1.3850497235259394,0.9089692107589135
2005-07-20,1.3942371039179795,0.9120728497702812
2005-07-21,1.397120914036389,0.9067528565277702
2005-07-22,1.4031804255482703,0.9128114164139461
2005-07-25,1.3852688610970272,0.9102254946961588
2005-07-26,1.3928313173556084,0.9113336305201668
2005-07-27,1.4030908249152017,0.9146586130444471
2005-07-28,1.417551311632748,0.9204222062423407
2005-07-29,1.4130305336197835,0.914289285814595
2005-08-01,1.4247491109699257,0.913624259216772
2005-08-02,1.4520842308250475,0.9190919806396938
2005-08-03,1.4550901487072119,0.9215303408552507
2005-08-04,1.4473806139159362,0.914141639596521
2005-08-05,1.4349557132608073,0.9079348555404869
2005-08-08,1.4384312655391929,0.9062353104430978
2005-08-09,1.4583467439078324,0.9117036158674894
2005-08-10,1.4702847833548265,0.911259680025815
2005-08-11,1.4684331857544897,0.9148802878738967
2005-08-12,1.4639038601547851,0.9092649173453786
2005-08-15,1.4701998331579011,0.9148802828807269
2005-08-16,1.4463121521887377,0.9029843507289079
2005-08-17,1.4384372117666184,0.9029103240718351
2005-08-18,1.4209004906624865,0.902836953578901
2005-08-19,1.4199974772893553,0.9049056600041145
2005-08-22,1.4426823329024667,0.9049056600041145
2005-08-23,1.434718167208669,0.903205948555759
2005-08-24,1.4270514745499752,0.8951525488436994
2005-08-25,1.4432021412366003,0.8984033400824527
2005-08-26,1.4338403109276483,0.8922705873301147
2005-08-29,1.4442373871489547,0.8991424003357318
2005-08-30,1.4470590269677202,0.894413486761102
2005-08-31,1.4786162635038123,0.9057181666471077
2005-09-01,1.5020001628610908,0.905053306112517
2005-09-02,1.5031757536709898,0.9034276222124785
2005-09-06,1.5195984491121397,0.9139937412765505
2005-09-07,1.5198109412616412,0.9155453096319293
2005-09-08,1.5188264914263125,0.912516035710497
2005-09-09,1.5463359231574563,0.9206436335373633
2005-09-12,1.5335861926138787,0.9187963528802343
2005-09-13,1.5200274881069933,0.9136980346097736
2005-09-14,1.5323435260784057,0.9103734620780228
2005-09-15,1.5406351184759535,0.9099299463347676
2005-09-16,1.56013286414455,0.9164005309775499
2005-09-19,1.5718416285518193,0.9133581270347311
2005-09-20,1.5670157047588293,0.9056408171433264
2005-09-21,1.5874543318284162,0.8971820413471261
2005-09-22,1.5759713053096323,0.9003728423617159
2005-09-23,1.5736636184494877,0.9011146415390808
2005-09-26,1.5921804695685935,0.9021536447430683
2005-09-27,1.5879276178815522,0.9019308037712802
2005-09-28,1.603973034818121,0.9028213341696919
2005-09-29,1.6188582421485689,0.9101673295476438
2005-09-30,1.6114597789456193,0.912986891409483
2005-10-03,1.6188442018284994,0.9097221415844918
2005-10-04,1.5836119497547534,0.8994823000615954
2005-10-05,1.5281081336886664,0.8876839076643864
2005-10-06,1.4840083695902468,0.8844934385476545
2005-10-07,1.5172365560811671,0.8875360959762585
2005-10-10,1.5117526647432267,0.880041297413787
2005-10-11,1.5225004217845757,0.87877953820362
2005-10-12,1.4908998334556915,0.8718788076385361
2005-10-13,1.4712919273932668,0.871359342244945
2005-10-14,1.4786657205812324,0.8805609230398319
2005-10-17,1.495202581544352,0.8838253384937252
2005-10-18,1.456781967823207,0.8742531919007163
2005-10-19,1.4746951429589816,0.8887968658447083
2005-10-20,1.4230545677331838,0.8731403179822328
2005-10-21,1.4427373683632474,0.8765537902041589
2005-10-24,1.4798095595631757,0.8901326515134318
2005-10-25,1.4803835229199767,0.8883517631175489
2005-10-26,1.4781014432775783,0.8857548710589803
2005-10-27,1.4485248450246053,0.876330952968738
2005-10-28,1.4764366004132612,0.888945754563342
2005-10-31,1.5024560704790242,0.891393920060867
2005-11-01,1.5126728890914543,0.8940653384998976
2005-11-02,1.5303604529198982,0.9034148926674594
2005-11-03,1.5403335784739562,0.9072735493228719
2005-11-04,1.5254399532385738,0.9060864000290539
2005-11-07,1.5211986913270035,0.9069765936736264
2005-11-08,1.5234175669697907,0.9069765936736264
2005-11-09,1.527804166988931,0.9081638260347451
2005-11-10,1.5123170811250088,0.9152130299789799
2005-11-11,1.5192759016689554,0.9183293852588401
2005-11-14,1.5113042029295634,0.9178102536573532
2005-11-15,1.510208284018826,0.9144713058450605
2005-11-16,1.5314302164520974,0.9163262285865498
2005-11-17,1.5482333129719692,0.9248595349167865
2005-11-18,1.5437166552832897,0.9284953519690468
2005-11-21,1.5598468111628037,0.9331701682220012
2005-11-22,1.570131452267889,0.9371768836464893
2005-11-23,1.5789040810738706,0.9425941690200259
2005-11-25,1.5873255389736949,0.943335641871202
2005-11-28,1.5681734159682594,0.9366576745288315
2005-11-29,1.568263076288369,0.9356186682702069
2005-11-30,1.562408734463653,0.9305731949025728
2005-12-01,1.5989057220036054,0.9400708110443875
2005-12-02,1.6062215739991745,0.9412582896914826
2005-12-05,1.6121717814879921,0.9392546425827992
2005-12-06,1.624450367937952,0.9410355351329611
2005-12-07,1.6073764343721415,0.9355443857576425
2005-12-08,1.6092845380814602,0.934951063508195
2005-12-09,1.612397217385743,0.9373997283920549
2005-12-12,1.616764966821441,0.9382898456781469
2005-12-13,1.6298487941080388,0.9446717741899021
2005-12-14,1.6301215083218226,0.9483815380340168
2005-12-15,1.618141806606552,0.9456359165785161
2005-12-16,1.6074894630225398,0.942592434662804
2005-12-19,1.5905492103461565,0.9377437957344447
2005-12-20,1.6044729962617164,0.9386389753392906
2005-12-21,1.6243470321662725,0.9401312235822851
2005-12-22,1.6220194224934472,0.9450540609122657
2005-12-23,1.6262014628990067,0.9455766758079502
2005-12-27,1.5973777220621543,0.9359533434071508
2005-12-28,1.6132717271783517,0.9380422415171007
2005-12-29,1.6173014217057382,0.9338649518071767
2005-12-30,1.61455693154423,0.9287922254049087
2006-01-03,1.6724651965692512,0.9451288354488558
2006-01-04,1.6922909615969521,0.9496047482339094
2006-01-05,1.686463051292522,0.9502013943932722
2006-01-06,1.718499242261016,0.9581082292403255
2006-01-09,1.7270926815052117,0.9605702703759221
2006-01-10,1.7201885919775497,0.9615402350235422
2006-01-11,1.7353065255240252,0.9645983464332182
2006-01-12,1.7243905924224088,0.9607938644490676
2006-01-13,1.734240179643023,0.9598985967261738
2006-01-17,1.72796468562727,0.9572880757004892
2006-01-18,1.7069516922065153,0.9534835065554713
2006-01-19,1.7541940238992024,0.9571388476700478
2006-01-20,1.7295056347036024,0.9396832193634348
2006-01-23,1.760917036447741,0.9430400309343024
2006-01-24,1.7752580153932873,0.944009909884517
2006-01-25,1.763752455486423,0.9448301506551167
2006-01-26,1.7953658618031036,0.9500524347604207
2006-01-27,1.808253498875292,0.958854452056416
2006-01-30,1.8255192569351935,0.9581082427561921
2006-01-31,1.8292311159074466,0.9510963467437458
2006-02-01,1.8180649007867598,0.9577359313184369
2006-02-02,1.7902843623940885,0.9466209365448801
2006-02-03,1.7779725741938823,0.9419211907839595
2006-02-06,1.8093426511246953,0.944383146715583
2006-02-07,1.7548449239739319,0.9360280568029498
2006-02-08,1.7623638890646418,0.9445319559415296
2006-02-09,1.757337577731486,0.942965761388146
2006-02-10,1.7490774936062954,0.9446811009750296
2006-02-13,1.722168624936633,0.942965767925501
2006-02-14,1.7452607139073217,0.952961242784142
2006-02-15,1.7419046622997607,0.9563180487618492
2006-02-16,1.7841404685644975,0.9634794173436413
2006-02-17,1.7845899078794023,0.9608683977574342
2006-02-21,1.7819713145922875,0.9584813796576732
2006-02-22,1.782583094813084,0.9642999750602782
2006-02-23,1.7805773688719386,0.9628827530299319
2006-02-24,1.7966737072363914,0.9653443820457079
2006-02-27,1.7920749908639362,0.9657173621545989
2006-02-28,1.7739981887260627,0.9565417917815594
2006-03-01,1.8107085302638168,0.96504585005805
2006-03-02,1.8202592991793454,0.96497131956705
2006-03-03,1.8100643497039726,0.9604955799429209
2006-03-06,1.7692527495154213,0.9560942818370368
2006-03-07,1.731188462155597,0.9546022871492873
2006-03-08,1.722542006096982,0.9566167366257442
2006-03-09,1.7107834910233413,0.950201406503413
2006-03-10,1.730680586556819,0.9592273411577469
2006-03-13,1.7424594693733138,0.9610178732818456
2006-03-14,1.7782212087296958,0.9710882162029276
2006-03-15,1.7972803725029247,0.9754147346652231
2006-03-16,1.801071995045061,0.97742877100936
2006-03-17,1.7926148156845116,0.9782449338074406
2006-03-20,1.78590247225396,0.9766723463816491
2006-03-21,1.764350268288019,0.9705316166710091
2006-03-22,1.7770959121964707,0.9764476765414344
2006-03-23,1.7736163435965926,0.9744256682218059
2006-03-24,1.7885581646068385,0.975174280485674
2006-03-27,1.787444212474301,0.9737519107836432
2006-03-28,1.7611496888419667,0.9677599089255978
2006-03-29,1.7940183032592554,0.9738264377234862
2006-03-30,1.8120737140309788,0.9721037874464753
2006-03-31,1.802344049612724,0.9723287030997768
2006-04-03,1.8329932805033993,0.9715796696833439
2006-04-04,1.8415662037058247,0.9777957586836042
2006-04-05,1.8585933868534055,0.9811659468809741
2006-04-06,1.8675768493501994,0.9801177182416237
2006-04-07,1.8399229186891286,0.9701567230640711
2006-04-10,1.839779505808952,0.9716546159397803
2006-04-11,1.8232659393019512,0.9634163451130733
2006-04-12,1.8260564186909825,0.9652138584272949
2006-04-13,1.8281704309753908,0.9639410405643255
2006-04-17,1.8420936178014617,0.9635661542542396
2006-04-18,1.8978218176556105,0.9788442375758794
2006-04-19,1.9156556074150712,0.9807166099872839
2006-04-20,1.9027682993948225,0.9820643695957251
2006-04-21,1.9198224880659136,0.9822145959823422
2006-04-24,1.897971360448298,0.9804171727381324
2006-04-25,1.8827240250632482,0.9763728146421835
2006-04-26,1.8991468696359501,0.9765973120434541
2006-04-27,1.8834945878470553,0.9813158396163232
2006-04-28,1.9026376260385696,0.9846110785794381
2006-05-01,1.906675470603273,0.9765973093186585
2006-05-02,1.9294629581206817,0.9839370728864393
2006-05-03,1.9233200370825636,0.9802671056770217
2006-05-04,1.9319469812829873,0.9837871762348106
2006-05-05,1.9635021037452562,0.9924746072732697
2006-05-08,1.96951167108137,0.9912764919273694
2006-05-09,1.9806232202783807,0.9932238050319362
2006-05-10,1.965856170743322,0.9926998596103057
2006-05-11,1.9211700284646724,0.980716602379003
2006-05-12,1.8817875956649073,0.9679102872991457
2006-05-15,1.8483597317969969,0.9698571904465335
2006-05-16,1.8543223158679552,0.968434157785279
2006-05-17,1.7918701690133694,0.9500109762665023
2006-05-18,1.7694376457076963,0.9452177528864083
2006-05-19,1.788668099705755,0.9518831732709699
2006-05-22,1.7246031577166112,0.9446182771477534
2006-05-23,1.7129429704870722,0.9374288252251128
2006-05-24,1.6908673548425763,0.9449180566012952
2006-05-25,1.7545922828249811,0.9566011179449194
2006-05-26,1.7733670957092338,0.961469366260264
2006-05-30,1.7151513654146897,0.944393862609355
2006-05-31,1.7371928593934431,0.9549536686916918
2006-06-01,1.7601941091819866,0.9640905221506837
2006-06-02,1.775498102029811,0.9661127791481365
2006-06-05,1.725466156362279,0.9520330669333266
2006-06-06,1.7188912969191026,0.949711524779279
2006-06-07,1.6787298229349876,0.9425964284923614
2006-06-08,1.6523022455809844,0.9417730328082162
2006-06-09,1.6380226335337762,0.9387769043348312
2006-06-12,1.593186233675335,0.9285909871674174
2006-06-13,1.5333101033391885,0.917806758594309
2006-06-14,1.5649627283896677,0.9249218535728246
2006-06-15,1.643145709999372,0.9445439874534054
2006-06-16,1.6375210134395148,0.9376607081537975
2006-06-19,1.5984964147009482,0.9302886227575436
2006-06-20,1.610623547656742,0.9334480968868114
2006-06-21,1.6526831640901762,0.9403685130564728
2006-06-22,1.6407475820729243,0.9362312677464296
2006-06-23,1.6448484025945398,0.9360807123962633
2006-06-26,1.6520770182546938,0.9402183763611973
2006-06-27,1.6303276903846136,0.9320945229042698
2006-06-28,1.6570074728858162,0.9384128095162834
2006-06-29,1.7364528783541489,0.9573692456273014
2006-06-30,1.752946188463554,0.9574441884918492
2006-07-03,1.7820530957579017,0.9613558554472583
2006-07-05,1.7416105883743058,0.9558647061636463
2006-07-06,1.767797823083996,0.9586479643391125
2006-07-07,1.7469271927812304,0.9524042901473718
2006-07-10,1.7553468012728817,0.9542097724842472
2006-07-11,1.7719927215121591,0.9584223796194197
2006-07-12,1.7487621854171966,0.9481917670177388
2006-07-13,1.7121029195582378,0.932771106226623
2006-07-14,1.7135731465806348,0.9291604705346636
2006-07-17,1.682171937374352,0.9278060611915793
2006-07-18,1.6828742208985783,0.9325454430011156
2006-07-19,1.735240948288842,0.9454837090336751
2006-07-20,1.7066921061511293,0.939014955322231
2006-07-21,1.694275313217571,0.9323948998872092
2006-07-24,1.7257009215892702,0.9493952933926486
2006-07-25,1.7350613421202192,0.9527807705512162
2006-07-26,1.7372163254984028,0.9540591546222956
2006-07-27,1.7537641698634336,0.9531568245550369
2006-07-28,1.7785680868197897,0.9627100294605047
2006-07-31,1.7734893130420435,0.9617323396629858
2006-08-01,1.7636582869585813,0.9569927976679223
2006-08-02,1.787772946327667,0.9634622220990051
2006-08-03,1.7840687868398832,0.9660199830677446
2006-08-04,1.7883686953557605,0.9643649686521535
2006-08-07,1.7817247492873267,0.9621084028437559
2006-08-08,1.7823585635705135,0.958422401994033
2006-08-09,1.7891447901644078,0.9551875634554947
2006-08-10,1.7908974173043715,0.9581213742972701
2006-08-11,1.778526031935683,0.9554130621897577
2006-08-14,1.77380690959596,0.9561653353266647
2006-08-15,1.8008850897897644,0.9675997149823954
2006-08-16,1.8204369161814895,0.9756483739035704
2006-08-17,1.8000546215988165,0.9781306087399722
2006-08-18,1.8037146573353289,0.9830956486164667
2006-08-21,1.8063901601345798,0.9788829559597109
2006-08-22,1.8061426075138727,0.9788078462705001
2006-08-23,1.7840412971903405,0.976099788390302
2006-08-24,1.7801562940149698,0.9752720752917428
2006-08-25,1.7796509066513837,0.9764757560870679
2006-08-28,1.7858269522933528,0.9811397753589272
2006-08-29,1.7908134471945774,0.9822680959119876
2006-08-30,1.7940564193745545,0.9828697351207336
2006-08-31,1.798770242729256,0.982719434680839
2006-09-01,1.8125333015176401,0.9885867217568235
2006-09-05,1.8322254211146531,0.9904673992504264
2006-09-06,1.799753119363563,0.9817413319396602
2006-09-07,1.7786104826630298,0.9772281983148403
2006-09-08,1.7795764928118007,0.9800117057980743
2006-09-11,1.7411548133872539,0.9809892282741396
2006-09-12,1.7597881770065051,0.990618039755234
2006-09-13,1.772579660110582,0.99460481177477
2006-09-14,1.7538530642199288,0.9946799243301553
2006-09-15,1.757621481660003,0.9970149255057211
2006-09-18,1.775342527302385,0.9983746444909767
2006-09-19,1.7507871636072156,0.9958812836863321
2006-09-20,1.7616980381461067,1.0011700407079154
2006-09-21,1.7464266564237985,0.996334779867612
2006-09-22,1.7402697733019137,0.9933123186061013
2006-09-25,1.7498666540740497,1.000943301430068
2006-09-26,1.7634739828334247,1.009254183709007
2006-09-27,1.779058197602769,1.010463603274971
2006-09-28,1.7892476841719556,1.0100854776899895
2006-09-29,1.7823776556231357,1.0092541874427055
2006-10-02,1.7869929003537945,1.0054767912401124
2006-10-03,1.763986987530807,1.0075921133135233
2006-10-04,1.7851895318263076,1.0193783716794025
2006-10-05,1.7962502716994986,1.021343131746761
2006-10-06,1.7877159488333476,1.0200585169959437
2006-10-09,1.7895545704881857,1.0206634729000332
2006-10-10,1.7983805123988734,1.0220229456127623
2006-10-11,1.7947849299103713,1.0208146078841644
2006-10-12,1.8206887548843558,1.029654178442654
2006-10-13,1.833170601126558,1.0322982685936442
2006-10-16,1.8440293304826492,1.0338853962126588
2006-10-17,1.829499821388353,1.0306361839002733
2006-10-18,1.8354813117217308,1.0319963247785284
2006-10-19,1.8433903802416398,1.0336586541385184
2006-10-20,1.8400532693425111,1.0338853975008901
2006-10-23,1.840579771492055,1.0386449716391173
2006-10-24,1.8447262462555307,1.0417426264025338
2006-10-25,1.858826305460194,1.045293770754546
2006-10-26,1.8695688530518078,1.0485423138294214
2006-10-27,1.8522669294065137,1.0419692851704496
2006-10-30,1.8502118002725554,1.0412140241537868
2006-10-31,1.8684401737252019,1.0410623921554494
2006-11-01,1.8687001275147412,1.0340363661770315
2006-11-02,1.87065329976427,1.0334317444330006
2006-11-03,1.872352189180114,1.0316187847894243
2006-11-06,1.8965812313036212,1.0432538250403567
2006-11-07,1.8885869328903915,1.0472582192247768
2006-11-08,1.8898004620313922,1.0495246745176587
2006-11-09,1.903115260889452,1.0440090130384454
2006-11-10,1.9056660653540347,1.044462833316323
2006-11-13,1.908695252909451,1.0470313972052712
2006-11-14,1.922617657169532,1.054889294549099
2006-11-15,1.9314800897479847,1.057911425791267
2006-11-16,1.9250842808990412,1.0606316228612898
2006-11-17,1.9276102634036125,1.0609333089200963
2006-11-20,1.9395547529036605,1.0615380196875146
2006-11-21,1.959170558777535,1.062594971862957
2006-11-22,1.974803776730665,1.06471120413107
2006-11-24,1.9830362817247364,1.0604052032553148
2006-11-27,1.9439028739700293,1.0458227229811885
2006-11-28,1.9463532429968335,1.0503556324094059
2006-11-29,1.9767125005844777,1.0613111042443442
2006-11-30,1.9884953688632032,1.0617649314856301
2006-12-01,1.9770459251650712,1.059422784223266
2006-12-04,2.0011496889754645,1.0675067627494208
2006-12-05,2.020724876084839,1.0721157765729294
2006-12-06,2.0083976139307484,1.071209131145313
2006-12-07,2.001764489562267,1.0665248407357275
2006-12-08,2.002677001349772,1.068489358161866
2006-12-11,2.0179272535506025,1.0715867699075607
2006-12-12,2.009243460679013,1.0707558186627038
2006-12-13,2.013017478592311,1.0718891280362925
2006-12-14,2.032601577902515,1.081333575300094
2006-12-15,2.0286472685684855,1.0814316198153666
2006-12-18,2.0263073916152754,1.0784688107922422
2006-12-19,2.0235071931578554,1.0805203173028837
2006-12-20,2.0372801150205664,1.079912286909931
2006-12-21,2.031596444786195,1.0759616545898512
2006-12-22,2.034423373150682,1.0693518177129913
2006-12-26,2.058341713249259,1.0756578923172266
2006-12-27,2.0977688827980376,1.0827236308539643
2006-12-28,2.104238006213807,1.0804445517471983
2006-12-29,2.0985327688961224,1.075961657648653
2007-01-03,2.1202525283442504,1.0740627036786854
2007-01-04,2.0916357887573023,1.0763417895515022
2007-01-05,2.0310989843268152,1.0677568013306962
2007-01-08,2.050849906262834,1.0726951765368506
2007-01-09,2.0255006875046524,1.0717829565587236
2007-01-10,2.0215248224233666,1.0753534621467145
2007-01-11,2.0439635621972734,1.0800648437492102
2007-01-12,2.072049555657331,1.0882702907788449
2007-01-16,2.0806813088037788,1.0861426788295605
2007-01-17,2.07484677546319,1.0865981636233544
2007-01-18,2.066200423256997,1.082951127278932
2007-01-19,2.096835399428945,1.0850789096538098
2007-01-22,2.0943159131640536,1.0817359768473702
2007-01-23,2.126390168970548,1.084926773458277
2007-01-24,2.141310080880056,1.0936643071731973
2007-01-25,2.096140708949356,1.080824250741261
2007-01-26,2.105435820562792,1.079837004254149
2007-01-29,2.0931592395210314,1.079228559295732
2007-01-30,2.1224869403006825,1.0848507357216697
2007-01-31,2.121463528492955,1.092144632006728
2007-02-01,2.132789503850938,1.0986783654248156
2007-02-02,2.131441380894502,1.1001976947760106
2007-02-05,2.1319476384529055,1.1005021304801321
2007-02-06,2.1566450569168705,1.1008055609275482
2007-02-07,2.169464333560494,1.1032371963794148
2007-02-08,2.1718681301039853,1.101793389860513
2007-02-09,2.1503892624194587,1.0935879378406015
2007-02-12,2.1362421834658045,1.0898651348467252
2007-02-13,2.165211182907946,1.0990581581578085
2007-02-14,2.1787543785766963,1.1062754532707992
2007-02-15,2.18316257814002,1.1077197622515715
2007-02-16,2.1855924008080403,1.1071875029058096
2007-02-20,2.1936968945239523,1.109542778593241
2007-02-21,2.1902708380592553,1.109087289091773
2007-02-22,2.1940511161863108,1.1082513478202387
2007-02-23,2.18686509207397,1.1039205896983075
2007-02-26,2.1860779225757647,1.102933176887646
2007-02-27,2.068512116378001,1.05985501139274
2007-02-28,2.098552519395448,1.0707190869826717
2007-03-01,2.072389156744801,1.06752904007087
2007-03-02,2.0479720749776074,1.053548946644362
2007-03-05,1.977804383371036,1.0435203195761489
2007-03-06,2.06055226832152,1.0613744409191403
2007-03-07,2.0474791922913673,1.0603111772317164
2007-03-08,2.076295761379716,1.0692758749667517
2007-03-09,2.082511775255312,1.0695798914835222
2007-03-12,2.10540236145688,1.0711755014614364
2007-03-13,2.0451095004660353,1.0503579125663642
2007-03-14,2.0657221981838845,1.0581834046259366
2007-03-15,2.081637436142009,1.0596268831900209
2007-03-16,2.0710612682276985,1.0566600868611211
2007-03-19,2.1060519734026633,1.069398198174438
2007-03-20,2.1257960728617395,1.0752714721005778
2007-03-21,2.16471886754283,1.0929675588038081
2007-03-22,2.1570106147778794,1.0921284657495633
2007-03-23,2.162560342788964,1.0937304762321174
2007-03-26,2.1683024512131586,1.0922812724138051
2007-03-27,2.14635536365791,1.089687202697137
2007-03-28,2.124606004460837,1.081755195198752
2007-03-29,2.1539336824674264,1.0828989782368434
2007-03-30,2.1558024984530584,1.083128379556393
2007-04-02,2.1767656990480067,1.0843489352647475
2007-04-03,2.203005590138239,1.0960187093495561
2007-04-04,2.2082085341860456,1.0972395097889653
2007-04-05,2.2166304176487337,1.1002138627625209
2007-04-09,2.2206699034833077,1.1017391772575775
2007-04-10,2.238944384568282,1.1030360895300861
2007-04-11,2.2203548226173146,1.0985356691937207
2007-04-12,2.238703937709961,1.1034175397369042
2007-04-13,2.2485205077928976,1.1084517939885508
2007-04-16,2.2689485384640498,1.1189779515062506
2007-04-17,2.276996315704565,1.1219526424925348
2007-04-18,2.272888514083762,1.1233253291115715
2007-04-19,2.2556819584505936,1.1230204024509842
2007-04-20,2.2773621667781736,1.133623332199501
2007-04-23,2.2701636161085514,1.1293513180170405
2007-04-24,2.26345225324346,1.1298089650516405
2007-04-25,2.2830886047681687,1.1401828257763862
2007-04-26,2.2717103674030907,1.1414796469187678
2007-04-27,2.2615595553438648,1.1405644427822577
2007-04-30,2.234484063681016,1.1311056278018201
2007-05-01,2.239790758616988,1.1340042103946815
2007-05-02,2.2631214549663117,1.1406401422129429
2007-05-03,2.268747989143512,1.1468185107944504
2007-05-04,2.277672381563725,1.1511667993281638
2007-05-07,2.2885217337970993,1.1513957894278863
2007-05-08,2.2734986323596664,1.1498702245487682
2007-05-09,2.294086730632501,1.1529968826711476
2007-05-10,2.2534757189450683,1.1409459091430636
2007-05-11,2.3033221666752883,1.1507090745632735
2007-05-14,2.2957487252128312,1.1481920250406645
2007-05-15,2.290128219443304,1.1484967092764293
2007-05-16,2.292687343050391,1.1563534374449842
2007-05-17,2.2824358587813984,1.154064967738143
2007-05-18,2.284736648436231,1.1641336421711235
2007-05-21,2.282319571095194,1.163523531370598
2007-05-22,2.2807648120416437,1.1626082455846454
2007-05-23,2.2707216957772167,1.1627607914125484
2007-05-24,2.2163014117581397,1.1522346319133043
2007-05-25,2.2442933329986507,1.1570403951607808
2007-05-29,2.25619202570135,1.1612357194999983
2007-05-30,2.2809855775240906,1.1706938683117538
2007-05-31,2.2914787097227842,1.1694733145915908
2007-06-01,2.3117802950358373,1.1752702300857574
2007-06-04,2.3147957126929857,1.1754225333548742
2007-06-05,2.303915527701157,1.1707698113241944
2007-06-06,2.2671180845307846,1.1581841646371385
2007-06-07,2.2179265482457016,1.1372840712212875
2007-06-08,2.2560508315621934,1.1520814903559213
2007-06-11,2.271468783443234,1.1540649484121628
2007-06-12,2.229558093183625,1.1414796393367386
2007-06-13,2.270033673899621,1.1585654549706839
2007-06-14,2.2995952448184163,1.1659643783644542
2007-06-15,2.343456069459409,1.172598645719485
2007-06-18,2.350166251657853,1.1712195641782408
2007-06-19,2.3608290787514776,1.1741306889659842
2007-06-20,2.331002362958974,1.1578135951792068
2007-06-21,2.362413466567521,1.1642484568440858
2007-06-22,2.332787558327859,1.1532936472691644
2007-06-25,2.3246744077602703,1.1477786431796693
2007-06-26,2.296471917111178,1.1359806724175712
2007-06-27,2.318677008122906,1.1521452116339976
2007-06-28,2.330939564054629,1.1519914117696965
2007-06-29,2.336757962408942,1.1523744489141101
2007-07-02,2.3839784557835015,1.1627925131670072
2007-07-03,2.4007355762076252,1.167006287187922
2007-07-05,2.4122462805564413,1.165780172032288
2007-07-06,2.445562521948011,1.1719090980775237
2007-07-09,2.466866109613176,1.1728281209113272
2007-07-10,2.4311184357294167,1.1561283268522016
2007-07-11,2.452365577632951,1.1643249645349354
2007-07-12,2.5064448249244684,1.1827100981684286
2007-07-13,2.5215677887274253,1.1862339947330225
2007-07-16,2.500779227645728,1.186080946823022
2007-07-17,2.502365504564212,1.185468264849131
2007-07-18,2.4856121821423725,1.183323112605156
2007-07-19,2.513178934072248,1.1879194945714482
2007-07-20,2.495026275726862,1.1758926174741686
2007-07-23,2.5376652400916737,1.179492706793975
2007-07-24,2.462177879558154,1.1590390412009715
2007-07-25,2.4750849927973126,1.1614139237867827
2007-07-26,2.350517265838752,1.133913128681334
2007-07-27,2.310656957612327,1.1116206573714786
2007-07-30,2.3810788583141678,1.1290099838712855
2007-07-31,2.3648910454313086,1.1162937299110463
2007-08-01,2.339275822822789,1.1217327036659783
2007-08-02,2.3571755865012087,1.130695493793521
2007-08-03,2.2618927406849685,1.1015845510755384
2007-08-06,2.286433082254879,1.1200472844050926
2007-08-07,2.2991141867002782,1.131997472099433
2007-08-08,2.374852686552136,1.147778648857971
2007-08-09,2.276117226218671,1.1137652271664895
2007-08-10,2.2595917427821455,1.1085565704298181
2007-08-13,2.2570609999784907,1.1125391042513502
2007-08-14,2.192257398360213,1.0955332208924504
2007-08-15,2.0968913199399823,1.0804421631319991
2007-08-16,2.0431104165776492,1.0885624422974503
2007-08-17,2.0990825393704813,1.1085565585282264
2007-08-20,2.1272545795478512,1.108020150180686
2007-08-21,2.13646322479974,1.110241907865022
2007-08-22,2.2254320986701295,1.123417970164668
2007-08-23,2.2357861441018487,1.1224213411466162
2007-08-24,2.3035789453633377,1.1362872742023917
2007-08-27,2.3232573142398616,1.1257159164498318
2007-08-28,2.2107775713455866,1.1009724554630813
2007-08-29,2.3006902030509226,1.122575142459052
2007-08-30,2.2772893413714987,1.1195874872976572
2007-08-31,2.3443691667180473,1.130619152273872
2007-09-04,2.3828741368287623,1.142032763922268
2007-09-05,2.336322300288256,1.1321509485616186
2007-09-06,2.3724274664937086,1.1347553146391611
2007-09-07,2.3203184147252696,1.118974635600175
2007-09-10,2.3185030204511183,1.1168297402596712
2007-09-11,2.3756026092738565,1.1298529243363782
2007-09-12,2.3813701885133396,1.1327638887091678
2007-09-13,2.407289719237972,1.140730956967626
2007-09-14,2.4202778278490134,1.140654345476556
2007-09-17,2.3917396713781205,1.1345254157670717
2007-09-18,2.5094210780382977,1.167925322125563
2007-09-19,2.533401276454175,1.1748199823966796
2007-09-20,2.53155009925973,1.1665467356058445
2007-09-21,2.5696767934509994,1.1696945803136054
2007-09-24,2.602347229986777,1.1675396285944022
2007-09-25,2.615153744745546,1.1652303869891942
2007-09-26,2.6462746091172473,1.1713874060925258
2007-09-27,2.696619863929059,1.1783150497815271
2007-09-28,2.678721825573973,1.174389422494277
2007-10-01,2.758514308276865,1.1876285493319394
2007-10-02,2.757384038573969,1.1860120918660146
2007-10-03,2.680808829581333,1.1836262387812915
2007-10-04,2.6941953024497693,1.1854735952697317
2007-10-05,2.7818719781492507,1.1995584678593223
2007-10-08,2.7558035296204437,1.1931706390842012
2007-10-09,2.81938357164559,1.2044073593728957
2007-10-10,2.824797044149999,1.2024062004130769
2007-10-11,2.8044528732390748,1.196633628605824
2007-10-12,2.8638237921079,1.203253357973926
2007-10-15,2.845076106551818,1.1930932791397315
2007-10-16,2.799763647744676,1.183626239071884
2007-10-17,2.882605647195517,1.1872440281803944
2007-10-18,2.895728260397212,1.182933465669959
2007-10-19,2.761988938492317,1.151991853547139
2007-10-22,2.76801487052789,1.1586881057137637
2007-10-23,2.852662062867542,1.1680782068175166
2007-10-24,2.8443942774908844,1.1659229273142073
2007-10-25,2.8734438246377785,1.1686941395647648
2007-10-26,2.946351743700206,1.182394226737461
2007-10-29,2.9955297987160363,1.186320012049075
2007-10-30,2.9333800850523555,1.1780840684078249
2007-10-31,3.012327085877916,1.1903220763954894
2007-11-01,2.898867162464272,1.1624592671988598
2007-11-02,2.9180984229648748,1.163767975466465
2007-11-05,2.8183577164990856,1.1549162747813086
2007-11-06,2.9198555748054558,1.1704641387947854
2007-11-07,2.82021060110297,1.1384451324974603
2007-11-08,2.85237245395236,1.1326725667619726
2007-11-09,2.7839010852520443,1.1171246989130754
2007-11-12,2.6293255088776486,1.1060416042339358
2007-11-13,2.7764636537045813,1.1397534205185047
2007-11-14,2.800243294675561,1.1365979333910599
2007-11-15,2.722681256106301,1.1202038266554966
2007-11-16,2.7515046913573586,1.1221278775461216
2007-11-19,2.655383832638601,1.1065031557748728
2007-11-20,2.717302080805537,1.113276183306718
2007-11-21,2.5973381121617103,1.090493654181056
2007-11-23,2.6596964629422843,1.1093508848367433
2007-11-26,2.5820382640206545,1.0848750433009045
2007-11-27,2.645688852361016,1.097343946123579
2007-11-28,2.77567155229953,1.1324417460464584
2007-11-29,2.7606596747566257,1.1328261873704064
2007-11-30,2.7799815956004608,1.1442181140758407
2007-12-03,2.7580529100959743,1.136674455682456
2007-12-04,2.744561761566627,1.1265149616982673
2007-12-05,2.8358222516608427,1.1453726982404504
2007-12-06,2.8827243463428083,1.161766394762912
2007-12-07,2.8538625538842526,1.1615361558987978
2007-12-10,2.861613236288309,1.1705416502537351
2007-12-11,2.759052539481086,1.1384451289791981
2007-12-12,2.8238475150055518,1.1496830168430852
2007-12-13,2.7586361368029424,1.1472966657923447
2007-12-14,2.687138320931599,1.1327491735294308
2007-12-17,2.5755430379248123,1.116586462654484
2007-12-18,2.6382343547244846,1.1228207445148812
2007-12-19,2.6417927521926,1.1228207445148812
2007-12-20,2.657017741931792,1.1299019370504462
2007-12-21,2.720948756141632,1.1461897785465514
2007-12-24,2.760385170549981,1.1547009826756156
2007-12-26,2.7643953496404836,1.157177735454386
2007-12-27,2.7210868250220517,1.1426300672611287
2007-12-28,2.7287023484134965,1.1397670476593966
2007-12-31,2.7013749241291896,1.1313335237529685
2008-01-02,2.6896609425007365,1.1214292757326083
2008-01-03,2.6951847471494816,1.12088754689238
2008-01-04,2.642574228446628,1.093418157540447
2008-01-07,2.6402298462951728,1.0924899111297846
2008-01-08,2.6264609331045903,1.0748477504007123
2008-01-09,2.6820440684448887,1.086144787202614
2008-01-10,2.706230504995704,1.093263456168075
2008-01-11,2.663344335495814,1.084442580230963
2008-01-14,2.6881356911383913,1.0931862672445525
2008-01-15,2.608910456376772,1.0691215425329166
2008-01-16,2.550394693416587,1.05991406467553
2008-01-17,2.4965142816108705,1.032445087995164
2008-01-18,2.5028849274685743,1.0218444890275262
2008-01-22,2.4959851835827855,1.0114757819051394
2008-01-23,2.488320758646466,1.035772320285189
2008-01-24,2.5181538763909814,1.0445158441154923
2008-01-25,2.5392236702017894,1.0294271964828958
2008-01-28,2.547910958809001,1.0464507722655016
2008-01-29,2.5610494108535815,1.0516345859205811
2008-01-30,2.5542009359151425,1.0438966691537233
2008-01-31,2.5737204199779398,1.0629317073570737
2008-02-01,2.5870199791429727,1.080032397139327
2008-02-04,2.58987147244983,1.0664139014327823
2008-02-05,2.553315079522695,1.037861714307543
2008-02-06,2.547377275302995,1.0295047168619158
2008-02-07,2.5564032408930673,1.036313881649335
2008-02-08,2.5800244530523586,1.0296600003831513
2008-02-11,2.6044620745277,1.0349206671809088
2008-02-12,2.5925585913404205,1.0445158306546098
2008-02-13,2.6076933387154995,1.055194124894558
2008-02-14,2.603860425089034,1.0459084588032508
2008-02-15,2.602660090231016,1.0456764763070883
2008-02-19,2.635687673242351,1.048616688509639
2008-02-20,2.6548152495557837,1.0517124356697911
2008-02-21,2.658909134928029,1.0429684984796324
2008-02-22,2.6702205902020943,1.0493905561496506
2008-02-25,2.6809897942860332,1.0626223636477639
2008-02-26,2.708693779269436,1.0705922545258184
2008-02-27,2.713699142144511,1.069509125635992
2008-02-28,2.734792364947848,1.0590629840188064
2008-02-29,2.724931968943566,1.035462718576633
2008-03-03,2.7472624380580717,1.03298680296099
2008-03-04,2.718620995608237,1.029041072280116
2008-03-05,2.7407474717623415,1.0355400737857976
2008-03-06,2.7348431046072514,1.0141061339657556
2008-03-07,2.7126976179466293,1.003660566977252
2008-03-10,2.7287247458478827,0.9904289182951698
2008-03-11,2.7489451146918977,1.0260228339093915
2008-03-12,2.7697355952665794,1.0164280018985445
2008-03-13,2.771857229007438,1.018671939505496
2008-03-14,2.765986669299206,1.0028868537989035
2008-03-17,2.722948785312955,0.9927502050107367
2008-03-18,2.7246308856017394,1.0339928011226578
2008-03-19,2.6699841761667127,1.0083806546798575
2008-03-20,2.6241990011247993,1.0270588391274598
2008-03-24,2.634041107392836,1.0475877014745278
2008-03-25,2.6688243146961077,1.0485985397994346
2008-03-26,2.6917598496211825,1.035767709804697
2008-03-27,2.6823308018231513,1.0325017167044637
2008-03-28,2.6596197764477827,1.0226262198098206
2008-03-31,2.6355806963615684,1.0262033765529774
2008-04-01,2.6271126940123204,1.0622841023366554
2008-04-02,2.666009355357531,1.0629837757606595
2008-04-03,2.6777488138056573,1.065627947902864
2008-04-04,2.6974522821159588,1.0644618205831944
2008-04-07,2.702904949983692,1.0650061224905314
2008-04-08,2.6973970375610277,1.0639170152794888
2008-04-09,2.72813753255022,1.0562190649937744
2008-04-10,2.720799116766774,1.0576963563512185
2008-04-11,2.71077443516142,1.0371676546943605
2008-04-14,2.7144198802530757,1.0336681887973624
2008-04-15,2.7255800699755697,1.03607904412414
2008-04-16,2.7432621489805307,1.064150652631963
2008-04-17,2.732610548401714,1.0657053022449126
2008-04-18,2.7132944849172413,1.0768252017371795
2008-04-21,2.692878100648429,1.0773698383877142
2008-04-22,2.7098882593566036,1.0726263082736736
2008-04-23,2.6854805096401724,1.070915458585714
2008-04-24,2.644191484366131,1.0755812230556803
2008-04-25,2.652730424293231,1.0855350711705145
2008-04-28,2.6605882223928417,1.0857681355502946
2008-04-29,2.6298457839153033,1.0814911319991416
2008-04-30,2.646748349749079,1.075114606210318
2008-05-01,2.6067276446757868,1.0973534916046772
2008-05-02,2.621493849616736,1.100386510814263
2008-05-05,2.64100541444986,1.0950995827805396
2008-05-06,2.6529973334345316,1.1045859048183677
2008-05-07,2.6504294115952023,1.084912423505842
2008-05-08,2.674591104423482,1.0821130456777184
2008-05-09,2.6859780175361383,1.0800912040209132
2008-05-12,2.679174617537582,1.0922221943743138
2008-05-13,2.656553614947777,1.0923775629814634
2008-05-14,2.6465086897158843,1.09463279830779
2008-05-15,2.6653275410033017,1.108318510546601
2008-05-16,2.690586098938299,1.109328931283111
2008-05-19,2.687949543370661,1.1123617034617672
2008-05-20,2.7146459840434956,1.1033415067903107
2008-05-21,2.7366681918280626,1.0846792796088376
2008-05-22,2.7097828183126715,1.084834649068849
2008-05-23,2.719229161921278,1.0702933844042257
2008-05-27,2.6842787780899995,1.0782254785171193
2008-05-28,2.6878129596648104,1.0832017370923357
2008-05-29,2.645596524525465,1.088645367422093
2008-05-30,2.660316593841527,1.0913666433605844
2008-06-02,2.68150904442868,1.0800911997983709
2008-06-03,2.658010979728266,1.0737923563421228
2008-06-04,2.647189029731728,1.0732483838723235
2008-06-05,2.6752745450422397,1.0947105718364556
2008-06-06,2.7145483468585785,1.0597961465359467
2008-06-09,2.70376242681247,1.062361796429134
2008-06-10,2.6809849195155677,1.057074538628104
2008-06-11,2.724370178980379,1.0415218537949957
2008-06-12,2.7014168254438036,1.045488104412088
2008-06-13,2.7057024532128526,1.0587072873689176
2008-06-16,2.7163746615320763,1.059329193203664
2008-06-17,2.732701842966402,1.05419706106135
2008-06-18,2.750287955085758,1.043932955712091
2008-06-19,2.7261524195005618,1.0452547940599433
2008-06-20,2.7293942481744113,1.0282885422717485
2008-06-23,2.7253151009535466,1.027272469797359
2008-06-24,2.7331479983022837,1.0252407405793185
2008-06-25,2.743743801447395,1.0300859770572595
2008-06-26,2.789943126316054,1.002108501992012
2008-06-27,2.7957836552251307,0.9966379515952976
2008-06-30,2.77988068869671,1.0001549473971643
2008-07-01,2.795067007205448,1.0032806016341214
2008-07-02,2.813518178547384,0.9860877732433521
2008-07-03,2.8071880783306997,0.9871036014238365
2008-07-07,2.777866742363256,0.9770222926004227
2008-07-08,2.764613225247162,0.9943714044630264
2008-07-09,2.763851170986643,0.9752246935766644
2008-07-10,2.7893830912932285,0.9792106416964979
2008-07-11,2.797616461838807,0.967800683457322
2008-07-14,2.799272013970826,0.9590482715184006
2008-07-15,2.785409228657573,0.9455285680348057
2008-07-16,2.7733942255406827,0.9687384956154989
2008-07-17,2.730102107992626,0.9784289611600699
2008-07-18,2.712610479024368,0.984524827979627
2008-07-21,2.722617032469548,0.9850719579622802
2008-07-22,2.6886506921327356,0.9962473629080925
2008-07-23,2.6543988021361393,1.0016393923602545
2008-07-24,2.656922158968844,0.9808517089686031
2008-07-25,2.657420563677025,0.9806174031123646
2008-07-28,2.6681664283167623,0.9662378256366054
2008-07-29,2.661163560260914,0.9868695540818065
2008-07-30,2.6885962247796296,1.004453062886877
2008-07-31,2.684121463717329,0.9911672425803174
2008-08-01,2.6624620350934034,0.9859315800314906
2008-08-04,2.604428752163186,0.9767879125278573
2008-08-05,2.585136309342946,1.003124742209093
2008-08-06,2.5815522460247413,1.0075785558770167
2008-08-07,2.5902368457314737,0.992573998296463
2008-08-08,2.5439528261867674,1.0110175418230287
2008-08-11,2.5105025448538525,1.0214896109703544
2008-08-12,2.5148442526446964,1.0108612567257145
2008-08-13,2.5640023439237893,1.0047656420443076
2008-08-14,2.5375070518970593,1.0123457749057054
2008-08-15,2.4857276325388704,1.017269612162234
2008-08-18,2.518068943871706,1.0033592233408208
2008-08-19,2.532918812230287,0.9924179622532019
2008-08-20,2.548113481470137,0.99702847807716
2008-08-21,2.60017775677608,0.9987480530932997
2008-08-22,2.5595590484833854,1.0132054005734101
2008-08-25,2.557924819024676,0.9926526911356426
2008-08-26,2.5632223692163585,0.9955441296004901
2008-08-27,2.5596277220221215,1.0052347661134626
2008-08-28,2.5550308233986736,1.0174257406871559
2008-08-29,2.5437063200511245,1.0064848122876469
2008-09-02,2.5063074020502496,1.0002326594767417
2008-09-03,2.4922198701150426,0.9993733696013118
2008-09-04,2.4818218793074043,0.9692854854060676
2008-09-05,2.4534750958486313,0.9723332873006687
2008-09-08,2.4516982502034073,0.9924179689798103
2008-09-09,2.4048279401162715,0.9629560567347066
2008-09-10,2.375370625041347,0.9668631546393021
2008-09-11,2.355624310540041,0.9808517210919919
2008-09-12,2.3893842889500307,0.9853842957462613
2008-09-15,2.399992270735088,0.9384948333023903
2008-09-16,2.354700597451895,0.954203143968394
2008-09-17,2.4683632500720503,0.9112988786147284
2008-09-18,2.4408422243783017,0.938338711116265
2008-09-19,2.480786000204379,0.9756035944211487
2008-09-22,2.5289959452436097,0.9535166802582217
2008-09-23,2.5134026581055644,0.9318224308468223
2008-09-24,2.5014965991633034,0.9348091640115185
2008-09-25,2.5077482759198806,0.9494294484633757
2008-09-26,2.5031540787920554,0.9499012199563172
2008-09-29,2.4597306979958558,0.8754653455284662
2008-09-30,2.435277941179428,0.9117006110495927
2008-10-01,2.4428114701445147,0.9122507311982999
2008-10-02,2.3794534711965736,0.8791595748471739
2008-10-03,2.3704169502739765,0.8672907271716306
2008-10-06,2.3258695322940333,0.8231166443024925
2008-10-07,2.3307764243814737,0.7862522459487692
2008-10-08,2.320137110211611,0.7664445783801823
2008-10-09,2.287270353199685,0.712916778826231
2008-10-10,2.2366527389872597,0.69562453321823
2008-10-13,2.271303863861007,0.7966277615862426
2008-10-14,2.276232816398263,0.7848373520636616
2008-10-15,2.2337135119898015,0.7075721082398683
2008-10-16,2.2257006925045597,0.7370473900227689
2008-10-17,2.241629865712191,0.7326457577505007
2008-10-20,2.270426391510017,0.7766628877559658
2008-10-21,2.2548697249481653,0.7534755628756094
2008-10-22,2.2470643857177275,0.7124451641205525
2008-10-23,2.2527304395942394,0.7206987202312113
2008-10-24,2.220517456193165,0.6841487657071863
2008-10-27,2.216242729058058,0.6598606977535006
2008-10-28,2.221943300577247,0.7369688647588394
2008-10-29,2.261837500084454,0.7316243591819197
2008-10-30,2.236285641076228,0.7569337332888436
2008-10-31,2.229390961114093,0.7610996467687334
2008-11-03,2.2394662553483737,0.7633003816193581
2008-11-04,2.2807159774145873,0.7892389773156082
2008-11-05,2.2673106962090532,0.7560692993355946
2008-11-06,2.246397408500335,0.7141745468120922
2008-11-07,2.241706785798028,0.7377549548881153
2008-11-10,2.253775953024799,0.7280872516531713
2008-11-11,2.2462238354770188,0.7056073320513316
2008-11-12,2.234143733888737,0.6745594522450485
2008-11-13,2.233114206690977,0.7166112389110076
2008-11-14,2.2516462949319016,0.680847579790722
2008-11-17,2.24585028308757,0.6718080209416469
2008-11-18,2.245410910553393,0.6844633321796592
2008-11-19,2.2483742190907354,0.6406035241813189
2008-11-20,2.259658748337775,0.593049282469005
2008-11-21,2.2743575249461885,0.6250404067854076
2008-11-24,2.285208367364545,0.6683497190885394
2008-11-25,2.2990505201479072,0.6733018429651315
2008-11-26,2.3101648540826227,0.6993186234253915
2008-11-28,2.317867115780898,0.7081221357801067
2008-12-01,2.2928601732132976,0.645398241942625
2008-12-02,2.311205033351777,0.670236302928033
2008-12-03,2.322345220946412,0.6863499096474119
2008-12-04,2.3200036937380637,0.6704721036061008
2008-12-05,2.3172552105992272,0.6911444213310938
2008-12-08,2.3216507482975137,0.7152750376574477
2008-12-09,2.3193962089287994,0.7034849589347295
2008-12-10,2.330828308647707,0.7082795888117476
2008-12-11,2.3140267865690047,0.6912226935120447
2008-12-12,2.3251753135033644,0.699476168961656
2008-12-15,2.324679920679661,0.689729493154302
2008-12-16,2.3608669901872,0.7221919704089457
2008-12-17,2.379333154138056,0.7151964362218203
2008-12-18,2.390671756227447,0.701833849046739
2008-12-19,2.393025447748855,0.698814875653372
2008-12-22,2.389582712986668,0.6898609746279228
2008-12-23,2.384551512584004,0.6827294747152189
2008-12-24,2.3899722683399887,0.6866916952217288
2008-12-26,2.400095557693376,0.6906532127445459
2008-12-29,2.4068364562368676,0.6886725367414407
2008-12-30,2.4101765484690696,0.7049954807541878
2008-12-31,2.406844020214075,0.7150590938432192
2009-01-02,2.3891466057409025,0.7366122620380228
2009-01-05,2.3737565853842804,0.7357407613385604
2009-01-06,2.3689925468836632,0.7406537070594367
2009-01-07,2.363884979106159,0.7184664179754296
2009-01-08,2.3740966956568825,0.721398069901329
2009-01-09,2.381354473403406,0.7059466682755142
2009-01-12,2.380578752419401,0.6889891868920682
2009-01-13,2.3823685394529757,0.6902570579038951
2009-01-14,2.3833574197953604,0.6685458573585682
2009-01-15,2.382054029538108,0.6687831577106376
2009-01-16,2.3749431954412885,0.6740128748081453
2009-01-20,2.3724301969636334,0.6384342896558188
2009-01-21,2.362320995110572,0.6660097414092627
2009-01-22,2.343226747565987,0.6557087885221003
2009-01-23,2.3547100621328423,0.6585614627207416
2009-01-26,2.343663960493723,0.6630779628450705
2009-01-27,2.362366571003354,0.6698135154224304
2009-01-28,2.366176662931263,0.6924759390162868
2009-01-29,2.345666980540015,0.6699717174549477
2009-01-30,2.3422361811396732,0.6563428311920547
2009-02-02,2.348006642611188,0.6543617850612394
2009-02-03,2.328149844518914,0.6635531862644523
2009-02-04,2.326730625970761,0.6603045161264157
2009-02-05,2.3300589265073026,0.6701299991964155
2009-02-06,2.339683909361829,0.6892269819394155
2009-02-09,2.3414669412339113,0.690177998005905
2009-02-10,2.3450999714785126,0.6585614684525329
2009-02-11,2.357755180702373,0.6624439253911892
2009-02-12,2.3543243953099293,0.6629194342652743
2009-02-13,2.3342875785189916,0.6557880121592222
2009-02-17,2.3501644364580327,0.6277370471803984
2009-02-18,2.342918650903493,0.6262312566611039
2009-02-19,2.327375732791297,0.6194960392987127
2009-02-20,2.3314264556434567,0.6134738749359672
2009-02-23,2.3335113805681007,0.5915246324194444
2009-02-24,2.3278971283117973,0.6139493016582339
2009-02-25,2.316976075979598,0.6091156174113485
2009-02-26,2.3073336150294987,0.599210910179746
2009-02-27,2.301600819217224,0.5858191994771208
2009-03-02,2.313013801600818,0.5594323913191366
2009-03-03,2.3055546351432494,0.5552327435461516
2009-03-04,2.299494517224423,0.5683862849733441
2009-03-05,2.313685621283829,0.545169256926741
2009-03-06,2.308722112866682,0.5461202719852942
2009-03-09,2.296268305133697,0.5397016548942184
2009-03-10,2.291031007203727,0.5718732867335123
2009-03-11,2.2911643044903514,0.5755971311398035
2009-03-12,2.305397371048032,0.5982601342520849
2009-03-13,2.3098566545616817,0.6029350406453535
2009-03-16,2.295791356421409,0.6011125609566956
2009-03-17,2.2978054912655255,0.6194960317520233
2009-03-18,2.32135594297485,0.633362917656205
2009-03-19,2.3191970415568814,0.6255181098926319
2009-03-20,2.3130951415533065,0.6121982709639483
2009-03-23,2.3182815705046433,0.6561721544241877
2009-03-24,2.3156878323094183,0.6432433188732631
2009-03-25,2.3073885421887366,0.650026975778967
2009-03-26,2.322944184434953,0.6632751560715088
2009-03-27,2.324840955204758,0.6513039017621209
2009-03-30,2.3262781985655785,0.6287980563584967
2009-03-31,2.3323421300173153,0.6346244236929478
2009-04-01,2.332425328876967,0.6469143572023698
2009-04-02,2.3200958099450824,0.6658287097953812
2009-04-03,2.302953154757372,0.6724527133730678
2009-04-06,2.29779985141186,0.667185566106922
2009-04-07,2.3027648798909124,0.6516232426062413
2009-04-08,2.3140655718590306,0.6586461512008246
2009-04-09,2.313013507561016,0.6848225407670766
2009-04-13,2.3212515842254264,0.6849824399821204
2009-04-14,2.324602770994272,0.6731708014319763
2009-04-15,2.327644958311568,0.6803536079320436
2009-04-16,2.325921030329145,0.6903293539401718
2009-04-17,2.3227222431607037,0.694958516198769
2009-04-20,2.3377119115904925,0.6658287114792182
2009-04-21,2.3343554921627807,0.6788372267388624
2009-04-22,2.3313191984302315,0.6746871010462162
2009-04-23,2.3324668919582954,0.6813111047887069
2009-04-24,2.3287254668189785,0.691606240191615
2009-04-27,2.3332910866750747,0.6850621236256739
2009-04-28,2.317895725582081,0.6829075073381738
2009-04-29,2.3137865407654883,0.6974323627188005
2009-04-30,2.307495455884515,0.6976716517624494
2009-05-01,2.303281641430268,0.701422627584418
2009-05-04,2.307858513915174,0.7252850323890663
2009-05-05,2.3061004188507015,0.7228108603052271
2009-05-06,2.3120136298287846,0.7353404974442742
2009-05-07,2.2995797724650995,0.7251250884265386
2009-05-08,2.2976943692891854,0.7420441420647597
2009-05-11,2.3085349302442992,0.7281578544895823
2009-05-12,2.3128915138720503,0.7260028203481705
2009-05-13,2.3201065879334726,0.7077272820320537
2009-05-14,2.3231438863617093,0.7137926534617977
2009-05-15,2.3265760840972005,0.7079669918930099
2009-05-18,2.3131700919661604,0.7280780969569959
2009-05-19,2.311880549464842,0.727200194949247
2009-05-20,2.3197902381301523,0.7223321132282021
2009-05-21,2.3067133505134745,0.7119570909495194
2009-05-22,2.2994184333687153,0.7104409142482042
2009-05-26,2.289072170545325,0.7286366914218836
2009-05-27,2.2763796219164374,0.7156283041380941
2009-05-28,2.2848585518532913,0.7256040911349487
2009-05-29,2.3025765268792977,0.7384529505159891
2009-06-01,2.2805282140188554,0.7563295893862588
2009-06-02,2.281392609470673,0.7569682794713118
2009-06-03,2.289222025148792,0.747391480144215
2009-06-04,2.2810629538234144,0.7544145160874305
2009-06-05,2.2703581994870037,0.7545736296530186
2009-06-08,2.265202455355086,0.751461677455494
2009-06-09,2.264125880579176,0.7552922458417066
2009-06-10,2.25293734217456,0.7533770815056156
2009-06-11,2.258143236712334,0.7567290670868169
2009-06-12,2.2633640922123077,0.7588040030541875
2009-06-15,2.2730391288459297,0.7414060310515606
2009-06-16,2.278984988669972,0.731350311396167
2009-06-17,2.2775933370380894,0.7306319425527982
2009-06-18,2.26435964344062,0.7359791893254816
2009-06-19,2.269706745318588,0.7386919055802488
2009-06-22,2.2744324757633034,0.7165404337700945
2009-06-23,2.277603656698507,0.7171024379285135
2009-06-24,2.2761613918947576,0.7232824697647278
2009-06-25,2.2909337237818943,0.7390124675469438
2009-06-26,2.2932884467794357,0.7370865862762671
2009-06-29,2.293899660345447,0.7439888935669998
2009-06-30,2.290637081725099,0.7379688925549246
2009-07-01,2.2945003961805748,0.7410192722129224
2009-07-02,2.292969062457566,0.7207940922723464
2009-07-06,2.2931311846184825,0.7207139976328131
2009-07-07,2.2962588831902138,0.7067491116862408
2009-07-08,2.3042452107537073,0.7062675399090289
2009-07-09,2.2964025821808116,0.7076321617989395
2009-07-10,2.305137750277413,0.7059463201656346
2009-07-13,2.304812167772914,0.7231213658430397
2009-07-14,2.2992463831320413,0.7272149052765814
2009-07-15,2.289879901064438,0.748482996035555
2009-07-16,2.2952066511400817,0.7472793904689501
2009-07-17,2.28934332831016,0.755465641898896
2009-07-20,2.2944687811647393,0.7634915351213323
2009-07-21,2.3068047637787044,0.7670227445505913
2009-07-22,2.3025183158941114,0.766862383105388
2009-07-23,2.293086956053048,0.7837963149353595
2009-07-24,2.2958986969285973,0.7870066427478138
2009-07-27,2.2910382903968274,0.7893340811026113
2009-07-28,2.292272776720012,0.7856426813389268
2009-07-29,2.295440216433098,0.7837164661821004
2009-07-30,2.3033071199282986,0.7919026354606418
2009-07-31,2.3162984899803805,0.7930262265149651
2009-08-03,2.3039309646869923,0.8061082329856861
2009-08-04,2.301302858334946,0.8081945539478057
2009-08-05,2.2955782541843583,0.8058671960908022
2009-08-06,2.2974775405298584,0.8016940531092058
2009-08-07,2.2945391838032774,0.8122078296840038
2009-08-10,2.3022360022084345,0.8105224903153313
2009-08-11,2.3096318914599467,0.8004098605708638
2009-08-12,2.2990555238564503,0.8089977621206755
2009-08-13,2.3128530755866388,0.815177040737328
2009-08-14,2.316649096528836,0.808916994626001
2009-08-17,2.3266545260226597,0.7890132764956004
2009-08-18,2.32151314146008,0.7952735682056978
2009-08-19,2.3291001934418394,0.8022558076942664
2009-08-20,2.335002042138527,0.8105224922134905
2009-08-21,2.3267798315450223,0.826413507038354
2009-08-24,2.333345095871558,0.8263332457585505
2009-08-25,2.3391804859008913,0.8279385716184181
2009-08-26,2.341719782666425,0.8280180868388364
2009-08-27,2.3437742439105893,0.8298645340517635
2009-08-28,2.353620788508075,0.8297035901240296
2009-08-31,2.353401952630082,0.822320124251803
2009-09-01,2.3488378726482457,0.8041821763783761
2009-09-02,2.3841600196339554,0.8011322109307781
2009-09-03,2.409504527232829,0.8077937294118549
2009-09-04,2.410482765507657,0.8191100471436872
2009-09-08,2.4126905580001066,0.8261722173837488
2009-09-09,2.403336300251951,0.8325130230583916
2009-09-10,2.42619043430772,0.8410203237886811
2009-09-11,2.4429150272835853,0.8408594702415533
2009-09-14,2.4299981817129725,0.8449529254973938
2009-09-15,2.454498683051956,0.8484846343867999
2009-09-16,2.4813307624094345,0.8613256856920732
2009-09-17,2.4772187835785466,0.8600409925920929
2009-09-18,2.4481423415906662,0.8605894493334787
2009-09-21,2.4334328297308465,0.8584123129327659
2009-09-22,2.464161654757269,0.8634122556271665
2009-09-23,2.4366828156090374,0.8562347613508732
2009-09-24,2.4028904861624123,0.8468004499434476
2009-09-25,2.397274272382318,0.8422843276558273
2009-09-28,2.4070296276804704,0.8573640808875806
2009-09-29,2.4162145845219523,0.8547838865543536
2009-09-30,2.4385828396581095,0.8514775140984503
2009-10-01,2.39512677353112,0.830349836600226
2009-10-02,2.39102952393233,0.826478886821468
2009-10-05,2.436123376471468,0.8388167619988717
2009-10-06,2.489357223637039,0.8508325101404711
2009-10-07,2.5027536130392773,0.8531710828528679
2009-10-08,2.526996468722481,0.8597028241558162
2009-10-09,2.516644981280236,0.8649440540054516
2009-10-12,2.5192243115364974,0.868331270064783
2009-10-13,2.531103319639573,0.8665571911302262
2009-10-14,2.566410468558127,0.8814753371295534
2009-10-15,2.548943077865491,0.8847010344225054
2009-10-16,2.5348425318323224,0.8780886196450454
2009-10-19,2.5658444611988096,0.8853462942938838
2009-10-20,2.5326594471792534,0.8806688947261109
2009-10-21,2.533828984479273,0.8727666351203556
2009-10-22,2.540512865427796,0.8816366147990818
2009-10-23,2.5277419661597227,0.871556634156564
2009-10-26,2.4743479321040667,0.86212174597813
2009-10-27,2.440206478318445,0.8581707023648344
2009-10-28,2.333013855189349,0.8419617114458798
2009-10-29,2.4248874713718633,0.8600253769132847
2009-10-30,2.3466661901496417,0.8351074316552877
2009-11-02,2.373161218903791,0.8412358675424899
2009-11-03,2.4353538289818064,0.8438970667353085
2009-11-04,2.4673314069377503,0.8460746165314589
2009-11-05,2.506059301087409,0.8616379391231548
2009-11-06,2.51649755648139,0.863896171532285
2009-11-09,2.599933270695587,0.8835721497896404
2009-11-10,2.5912644856884297,0.8837332603354331
2009-11-11,2.6036261250737165,0.8882495526503795
2009-11-12,2.53887187977047,0.8792178045515439
2009-11-13,2.5855900701179855,0.8839755422338478
2009-11-16,2.6684479424238896,0.8967971478066679
2009-11-17,2.681398652091433,0.8978453781208531
2009-11-18,2.6599633566522516,0.8972808847747209
2009-11-19,2.6340833338957186,0.8855881842721914
2009-11-20,2.620201030769342,0.8824432480886767
2009-11-23,2.6589158294429547,0.8936518833861143
2009-11-24,2.6500291652429615,0.8950232368837644
2009-11-25,2.698101154431923,0.8981679189270203
2009-11-27,2.5982918757567446,0.8835721513437048
2009-11-30,2.6261763989796063,0.8865556475770965
2009-12-01,2.710146701135927,0.8975229171987962
2009-12-02,2.738109360481682,0.897119776830078
2009-12-03,2.6958043250972614,0.8901042194344869
2009-12-04,2.648969328872183,0.8951840887200105
2009-12-07,2.624265265575533,0.893813651398589
2009-12-08,2.558192985344178,0.8838946974123775
2009-12-09,2.5924929908378456,0.8872009055280484
2009-12-10,2.604677947940546,0.8922002648866808
2009-12-11,2.5977604794050624,0.8959906260380068
2009-12-14,2.6297534302969554,0.9021193900781382
2009-12-15,2.602012318700853,0.8979263120894734
2009-12-16,2.6127309486195465,0.899297005584141
2009-12-17,2.5199452383788215,0.8884910078001917
2009-12-18,2.543992949083011,0.8935178677995732
2009-12-21,2.533065311661146,0.9025980554923342
2009-12-22,2.5535907623220244,0.9058411173836598
2009-12-23,2.6028077734384785,0.907624754777433
2009-12-24,2.635158802995,0.9119217771114612
2009-12-28,2.6344270789350084,0.9138674351766706
2009-12-29,2.6220588026471403,0.9125702734618322
2009-12-30,2.61364560522461,0.9122457360954809
2009-12-31,2.614084441767865,0.9034900836225527
2010-01-04,2.7140227211939645,0.9188129501843612
2010-01-05,2.7354009719294337,0.9212451675091826
2010-01-06,2.7842734552605988,0.9218936596199474
2010-01-07,2.768660863652567,0.9257853046389207
2010-01-08,2.814293797567638,0.9288660959442858
2010-01-11,2.8149803696157556,0.9301631738493233
2010-01-12,2.7439854148812346,0.9214881186279985
2010-01-13,2.770956425161776,0.9292716523196135
2010-01-14,2.758228790521122,0.9317845422582336
2010-01-15,2.70655013926462,0.9213263509592993
2010-01-19,2.748383240760374,0.9328387567379206
2010-01-20,2.664323051763444,0.9233529339735667
2010-01-21,2.5603762648879584,0.9055978542744236
2010-01-22,2.5038165237697214,0.885410230683024
2010-01-25,2.517945122880591,0.8899505346590457
2010-01-26,2.478079421352163,0.8862210011544394
2010-01-27,2.4674149317622946,0.8904367633191411
2010-01-28,2.4341211848174455,0.8802215213960942
2010-01-29,2.3690562761003076,0.8706550186373203
2010-02-01,2.4610798760263624,0.8841939218408853
2010-02-02,2.4861880687262796,0.8948958956029748
2010-02-03,2.462818086964421,0.8904367725385284
2010-02-04,2.3327502190485014,0.8629530052401081
2010-02-05,2.3542012271737276,0.8647363925502674
2010-02-08,2.3265055073657748,0.8584940507744534
2010-02-09,2.397597169472957,0.8692765300136084
2010-02-10,2.3931459784493443,0.8675739910802196
2010-02-11,2.461050938059458,0.8766543501489817
2010-02-12,2.449458969605065,0.8759246756671788
2010-02-16,2.523407887451236,0.8897072716055809
2010-02-17,2.529816182320531,0.8939232028945203
2010-02-18,2.553370062913657,0.8991929248717436
2010-02-19,2.5532471403761514,0.9010575722481209
2010-02-22,2.5602844488905916,0.9012194292198239
2010-02-23,2.4981028861111843,0.8902748402274925
2010-02-24,2.5089223076107015,0.8984632588062141
2010-02-25,2.5005267659986288,0.8972471977700526
2010-02-26,2.5257366127605723,0.8978148501821938
2010-03-01,2.5735686741592545,0.9071383162316927
2010-03-02,2.6041616585993506,0.9096513705805326
2010-03-03,2.614222567004421,0.9104623065843777
2010-03-04,2.616426301516016,0.9132187221129389
2010-03-05,2.684825693160337,0.9262720604865152
2010-03-08,2.6775719667519144,0.9264340839953356
2010-03-09,2.6973207475527916,0.9279745215328398
2010-03-10,2.716126942009348,0.9321092790489431
2010-03-11,2.721977923033537,0.9360007513991373
2010-03-12,2.7220063717053113,0.9360819307443061
2010-03-15,2.704929800231363,0.9363247972012376
2010-03-16,2.751347292747629,0.9437839537921575
2010-03-17,2.7720320659908575,0.9493778839781976
2010-03-18,2.739680815468549,0.9488912423686492
2010-03-19,2.706747523937259,0.944088220589327
2010-03-22,2.7264338798504855,0.9491357693789434
2010-03-23,2.7621995176594254,0.9558110792104163
2010-03-24,2.7397326862662936,0.9511710752101677
2010-03-25,2.71624404072952,0.9496235769410654
2010-03-26,2.723049430075315,0.9490540971782095
2010-03-29,2.7642123537014696,0.9550785881911461
2010-03-30,2.7581740873120513,0.955729827628076
2010-03-31,2.754702074872742,0.9524732260269247
2010-04-01,2.795041360974215,0.9589857712346161
2010-04-05,2.8359102092565225,0.9668012079845891
2010-04-06,2.861115925576786,0.9690805385125336
2010-04-07,2.827597288338882,0.9635450148052747
2010-04-08,2.839081020962998,0.9668826287466085
2010-04-09,2.8570473777399688,0.9732324080278971
2010-04-12,2.849333530412994,0.9747793220111611
2010-04-13,2.8591094224437543,0.9755116542202017
2010-04-14,2.899447012859658,0.9865833603114054
2010-04-15,2.868201750164891,0.9873972027911598
2010-04-16,2.7912245376696054,0.9716859063578714
2010-04-19,2.7874830275867923,0.975349055339391
2010-04-20,2.8212759410983304,0.9840595953944198
2010-04-21,2.8222612616302136,0.9822685675684181
2010-04-22,2.8356943476147816,0.9851994703430144
2010-04-23,2.8603735186358925,0.991630675149509
2010-04-26,2.8550133260934922,0.9878859306494081
2010-04-27,2.7453417963761164,0.964521796142554
2010-04-28,2.7760760654896175,0.9718486798695533
2010-04-29,2.831552542043869,0.983897076693368
2010-04-30,2.771087402720005,0.9672079193093721
2010-05-03,2.7968093704297905,0.979744955408173
2010-05-04,2.682698468406537,0.9567063507562453
2010-05-05,2.659442898746444,0.9510080642251885
2010-05-06,2.550842368363448,0.9194217769042065
2010-05-07,2.532337215476054,0.9057454515264985
2010-05-10,2.705700349757765,0.9456353054400866
2010-05-11,2.6707913946234476,0.9429486798865068
2010-05-12,2.714497061191842,0.9561365338157163
2010-05-13,2.6888712147294314,0.9442512308252933
2010-05-14,2.610992803093115,0.9271554489810536
2010-05-17,2.582214173327896,0.9276440042733398
2010-05-18,2.5196043030565862,0.9150253742004901
2010-05-19,2.4760167647088647,0.909815558279181
2010-05-20,2.344907975663203,0.8754611411542931
2010-05-21,2.4297477078356358,0.8882423660476838
2010-05-24,2.395025453110941,0.8768454526028572
2010-05-25,2.406097443082617,0.8777408871790553
2010-05-26,2.397855708842494,0.8724489785928439
2010-05-27,2.5132271303963267,0.9016751731001948
2010-05-28,2.487612336472535,0.8903592668955599
2010-06-01,2.428331417050959,0.8753799605288284
2010-06-02,2.4983172394835758,0.8981742857040248
2010-06-03,2.4991733802287635,0.9012679572137038
2010-06-04,2.3951287673582287,0.8696000779630472
2010-06-07,2.350841933426135,0.8587724786883105
2010-06-08,2.3857227414323376,0.8679718126467907
2010-06-09,2.3862831626573118,0.8633315572189179
2010-06-10,2.4708093849389945,0.8885682322000208
2010-06-11,2.4874774062598166,0.8928827019085149
2010-06-14,2.49535543033755,0.8914988855106161
2010-06-15,2.5534925075163097,0.9117690204803149
2010-06-16,2.5420973125454536,0.9114439018829921
2010-06-17,2.5316057070320586,0.9129090661841471
2010-06-18,2.5334761171163476,0.9138988056773414
2010-06-21,2.5208298470469,0.9112814726097859
2010-06-22,2.462472570747973,0.8962312125617137
2010-06-23,2.466625321128588,0.8934497858804648
2010-06-24,2.4232897655654386,0.8786450459589918
2010-06-25,2.4563255495555465,0.8823257252023159
2010-06-28,2.430523159171048,0.8795447933351087
2010-06-29,2.341777756087973,0.8523885575911054
2010-06-30,2.314591744429444,0.8442909600567313
2010-07-01,2.299457098555561,0.8405285209227017
2010-07-02,2.27163344250639,0.8359477581576659
2010-07-06,2.2623321678870854,0.8414284406470871
2010-07-07,2.3192692620292568,0.867929953013726
2010-07-08,2.3325618652746307,0.87651843235358
2010-07-09,2.357424092586143,0.8830619667629194
2010-07-12,2.3474692718981807,0.8836345176503094
2010-07-13,2.3956819629390775,0.8969674491421603
2010-07-14,2.383248421609907,0.8968852779541444
2010-07-15,2.379338960651426,0.8971310514268621
2010-07-16,2.3072567915864477,0.8724287991225178
2010-07-19,2.307210655315883,0.8775817038573671
2010-07-20,2.3393172469126253,0.88731537499825
2010-07-21,2.316392636988132,0.8757822005976365
2010-07-22,2.3690766572917004,0.8953313846059108
2010-07-23,2.3896400447063644,0.9031020373194163
2010-07-26,2.4134474756860453,0.9125082604650351
2010-07-27,2.3691799374128544,0.9124270837301841
2010-07-28,2.356532300119275,0.9065374398988725
2010-07-29,2.3549430261774957,0.9021205175304532
2010-07-30,2.3744509149203674,0.9019565841900075
2010-08-02,2.4278611793734295,0.9223236838567338
2010-08-03,2.415343775065832,0.9179068509762438
2010-08-04,2.440885342936863,0.9240413509682772
2010-08-05,2.434270360542295,0.9230595939945275
2010-08-06,2.4415091116970054,0.91929748923788
2010-08-09,2.4473815039307807,0.9242050393755029
2010-08-10,2.4322755566226286,0.9192155705976279
2010-08-11,2.365216595712396,0.8940226018777916
2010-08-12,2.3747236052326355,0.8885425025948354
2010-08-13,2.3656526324471554,0.8859250074344164
2010-08-16,2.3872122776513836,0.8855158872659832
2010-08-17,2.4218929977377366,0.8963943348239805
2010-08-18,2.4286162833005,0.898030326196581
2010-08-19,2.4135473607887485,0.8824076787647792
2010-08-20,2.403961784528532,0.8795448217640252
2010-08-23,2.3958862103103655,0.8761912580858103
2010-08-24,2.394793176731113,0.863185776003791
2010-08-25,2.4180040254987785,0.8665395893860184
2010-08-26,2.4193585876684294,0.8607316251189504
2010-08-27,2.4287844724513565,0.8740647194993254
2010-08-30,2.4233975511327155,0.8613864369649293
2010-08-31,2.4374024632078775,0.8613864369649293
2010-09-01,2.4487241372006636,0.8871519610376288
2010-09-02,2.4640735187012006,0.8954129958975366
2010-09-03,2.470448330765546,0.9070278455738214
2010-09-07,2.467741829795512,0.8968036281523873
2010-09-08,2.469055743952477,0.9031020593936271
2010-09-09,2.452417983973874,0.9072737045504605
2010-09-10,2.4602320063890737,0.9118540577024093
2010-09-13,2.476592961652329,0.9219965192008274
2010-09-14,2.4918002568667945,0.9214240515620555
2010-09-15,2.492224493733189,0.9249415510219317
2010-09-16,2.496346995120885,0.9246958587977336
2010-09-17,2.4938243023705287,0.9250413344175391
2010-09-20,2.517270877550394,0.9391852811736767
2010-09-21,2.5210969629931714,0.9372937150581289
2010-09-22,2.521416842477945,0.9326891003429743
2010-09-23,2.505920514886862,0.9251238352047083
2010-09-24,2.5317314377151603,0.9442015816632479
2010-09-27,2.530524942853068,0.9396788088770018
2010-09-28,2.5482907296433384,0.9429680699763829
2010-09-29,2.5449070468143153,0.9413231093267126
2010-09-30,2.545129337203434,0.9385273891052434
2010-10-01,2.556512533428521,0.9424746194425205
2010-10-04,2.551160979814064,0.9354025632158635
2010-10-05,2.5878254825665388,0.9542337041034744
2010-10-06,2.595646837230908,0.9541519453597068
2010-10-07,2.581993952814994,0.9530004366259689
2010-10-08,2.5998723711165868,0.9583456064149078
2010-10-11,2.6043605703864716,0.9592500929982422
2010-10-12,2.6050326955185765,0.9622106553377653
2010-10-13,2.628879656692004,0.9696936617611549
2010-10-14,2.624027645965677,0.965911032240674
2010-10-15,2.6145694298948747,0.9678846879119616
2010-10-18,2.62275813619169,0.9726542300770541
2010-10-19,2.573172899005433,0.9599082286171439
2010-10-20,2.6007823837672954,0.9692830475438634
2010-10-21,2.5825853229941043,0.9714207140697471
2010-10-22,2.5931820547133695,0.9732298588650091
2010-10-25,2.610080594346062,0.9761080888496166
2010-10-26,2.609755095054816,0.9762729339836614
2010-10-27,2.5888225502434388,0.9734768785380029
2010-10-28,2.6093279460270704,0.9736410554135684
2010-10-29,2.6303547932454427,0.9743812757623571
2010-11-01,2.6285070607767937,0.9747099735419228
2010-11-02,2.6468294292410373,0.9824399987109946
2010-11-03,2.6415078437660187,0.9863873050842157
2010-11-04,2.7273275374180654,1.005383043302924
2010-11-05,2.750353080743185,1.009165676357386
2010-11-08,2.780389247862885,1.0072742778634434
2010-11-09,2.7099404732938246,1.000038039596758
2010-11-10,2.75485190911794,1.0040674428678034
2010-11-11,2.7669892760220507,1.0002846488988222
2010-11-12,2.6896112344787184,0.988443139185307
2010-11-15,2.661665486085113,0.9870448677517527
2010-11-16,2.6101846422237482,0.9716675773116641
2010-11-17,2.6217471157745615,0.9721608637906378
2010-11-18,2.6786478332147947,0.986469487083428
2010-11-19,2.7010587626796694,0.989183452071597
2010-11-22,2.725012199185852,0.9883608866801924
2010-11-23,2.7009548054305954,0.9740523465892877
2010-11-24,2.73595041828872,0.9884431420656499
2010-11-26,2.7022278312485444,0.9769304877947943
2010-11-29,2.7130272060490834,0.979890557864898
2010-11-30,2.7306103123936944,0.9743812897846974
2010-12-01,2.772160366879099,0.9951043336177093
2010-12-02,2.802789545979757,1.007850336446762
2010-12-03,2.829581504317051,1.0105638021430876
2010-12-06,2.8556512393046116,1.0094951309223212
2010-12-07,2.8228636238725344,1.0100705936217036
2010-12-08,2.799524751410355,1.0137711387520258
2010-12-09,2.8072505850915266,1.0177179525494153
2010-12-10,2.821652008835588,1.0236390864832454
2010-12-13,2.837010087177402,1.024296477740976
2010-12-14,2.829372167002016,1.0252013002775533
2010-12-15,2.7990042449946557,1.0205138543883983
2010-12-16,2.813724289186819,1.0264346512585119
2010-12-17,2.828820609374308,1.027534147528247
2010-12-20,2.8444279441044746,1.0300143067001357
2010-12-21,2.860670297995739,1.0365448034074758
2010-12-22,2.8597957033467787,1.0397689241912347
2010-12-23,2.8563465434890922,1.0382808277023108
2010-12-27,2.8589226256396136,1.0386940219405032
2010-12-28,2.8918685424416677,1.0401821173179766
2010-12-29,2.906139635275592,1.0409262428010635
2010-12-30,2.900898809678942,1.03927297087741
2010-12-31,2.9103123543420835,1.0395207335536671
2011-01-03,2.9261888654526476,1.0502672365259011
2011-01-04,2.8741219409312526,1.0496887808400397
2011-01-05,2.8655441977693354,1.0551448741788656
2011-01-06,2.836170350381932,1.0530777504073106
2011-01-07,2.8273668194296824,1.0510112011606887
2011-01-10,2.8338515059084424,1.0496887873370522
2011-01-11,2.861053163639071,1.0534088529087111
2011-01-12,2.8681818898256117,1.0629152778972546
2011-01-13,2.8282081060859037,1.0611789207575872
2011-01-14,2.8184408636363014,1.0688669816380596
2011-01-18,2.846039321739286,1.0706856801846563
2011-01-19,2.826171224310056,1.0601871895230304
2011-01-20,2.7829329432902123,1.0587819326070613
2011-01-21,2.774262007354648,1.0611789196121098
2011-01-24,2.7641233009433366,1.0672138759633114
2011-01-25,2.7606188751775127,1.0677924979825812
2011-01-26,2.803182813648855,1.0719255917265975
2011-01-27,2.7827706949653406,1.074570836105581
2011-01-28,2.7757418454781626,1.055805659323211
2011-01-31,2.7867704015257737,1.063741907629042
2011-02-01,2.8332754677742833,1.0807710539805413
2011-02-02,2.825360974213104,1.078704587302199
2011-02-03,2.860253441690497,1.081101317876542
2011-02-04,2.85741632603764,1.0841605859528296
2011-02-07,2.8751054874726214,1.0909387579362066
2011-02-08,2.9184601235159553,1.0958991473746669
2011-02-09,2.8987246536358717,1.0934189084243284
2011-02-10,2.902920850739257,1.0938323519819817
2011-02-11,2.9073201704722518,1.1003625967532553
2011-02-14,2.943756693411669,1.1030080114829877
2011-02-15,2.9514339441769737,1.0995358746238006
2011-02-16,2.9670365295512813,1.10647997144927
2011-02-17,3.0044008580806483,1.1097864323535525
2011-02-18,3.0192706994932874,1.1121011583069695
2011-02-22,2.9714272824903567,1.0897814326328992
2011-02-23,2.9739556396157107,1.0830855103720014
2011-02-24,2.9285262396940634,1.082341549765782
2011-02-25,3.0007827365503728,1.093914779018871
2011-02-28,3.032281858140839,1.1006932875819482
2011-03-01,3.0009261781858347,1.082341560481289
2011-03-02,3.008514901199568,1.0846562020254562
2011-03-03,3.040152685165393,1.103338537380383
2011-03-04,3.0523548343639795,1.095072435392183
2011-03-07,3.030352405761587,1.086474901243951
2011-03-08,3.042509584215838,1.0959814153880982
2011-03-09,3.0214515289456934,1.0944108959394754
2011-03-10,2.942940089373664,1.0741575418493672
2011-03-11,2.977957924451485,1.0815975114562046
2011-03-14,2.9689719249930175,1.075066933841783
2011-03-15,2.9110981689585778,1.0627498274767417
2011-03-16,2.876289777821104,1.043075341843132
2011-03-17,2.9242975922597734,1.056880370977152
2011-03-18,2.9448318383155803,1.0607249847026556
2011-03-21,3.0043903139780093,1.0771637186545828
2011-03-22,3.0048290098240122,1.0734272854622253
2011-03-23,3.0240828906837973,1.0764994343532182
2011-03-24,3.0474312479876597,1.0867941168588757
2011-03-25,3.0614065946446867,1.0901154466235257
2011-03-28,3.0436175792942373,1.0874587262685596
2011-03-29,3.059240239980086,1.0947650895856766
2011-03-30,3.0790922285126596,1.10232021673602
2011-03-31,3.093788880089998,1.1008255587077433
2011-04-01,3.099225569250561,1.1054747853723896
2011-04-04,3.1144741209555984,1.1063882502422908
2011-04-05,3.1531618216635686,1.1062220707271044
2011-04-06,3.1512706354916444,1.1097093251828647
2011-04-07,3.1492651852327627,1.1068861913683197
2011-04-08,3.1767501728593732,1.1030670023224842
2011-04-11,3.1382581776769545,1.0997463404493626
2011-04-12,3.0899633273625033,1.0915271002399658
2011-04-13,3.1082102910112552,1.0914438494680305
2011-04-14,3.146208546336782,1.0922740562321283
2011-04-15,3.1668482437467316,1.0962587593711877
2011-04-18,3.158042810566071,1.0839714855804146
2011-04-19,3.183389979685126,1.0901986307722027
2011-04-20,3.228874628094593,1.105059782427437
2011-04-21,3.261042926137109,1.1107056433618372
2011-04-25,3.251554498382557,1.1095431677284384
2011-04-26,3.222533136260775,1.1190913081720304
2011-04-27,3.284178035240954,1.1263974188774752
2011-04-28,3.277304958940055,1.1300504383466368
2011-04-29,3.3065117671127786,1.1327066558034837
2011-05-02,3.2130261595476863,1.1309639866135301
2011-05-03,3.143570164424774,1.1268952079560097
2011-05-04,3.068519072970346,1.1194230926316637
2011-05-05,2.92051135458487,1.1092939256126007
2011-05-06,2.9404183604635103,1.1141925010304703
2011-05-09,3.0277747535703337,1.1185101306750636
2011-05-10,3.048364882184029,1.1280577667058098
2011-05-11,2.933490348098678,1.1161853422508718
2011-05-12,2.9204567847635143,1.1214989425726571
2011-05-13,2.919481158563015,1.112864353988949
2011-05-16,2.8776414100778718,1.1058074251615035
2011-05-17,2.8928935988190876,1.1056409237374971
2011-05-18,2.953407284806211,1.1155208315243321
2011-05-19,2.940882530144909,1.1181778013512735
2011-05-20,2.936926572347118,1.1092939458102058
2011-05-23,2.904993159517856,1.0964252264177718
2011-05-24,2.951618081159243,1.0955120138466885
2011-05-25,3.006342113142942,1.0991652725348637
2011-05-26,3.017343651454662,1.1042297754529427
2011-05-27,3.0380957159001705,1.108463491792709
2011-05-31,3.0667730503548083,1.1200040599140801
2011-06-01,2.980749452273861,1.0948479847255679
2011-06-02,2.9850561817907653,1.093685431341467
2011-06-03,2.978299747623645,1.0828093968748893
2011-06-06,2.9420194859056608,1.0713519957408646
2011-06-07,2.9580879458513873,1.0706874682384664
2011-06-08,2.95317566461965,1.066204328498957
2011-06-09,2.9881852858155677,1.0743408962392045
2011-06-10,2.9316282873723916,1.0593963201757048
2011-06-13,2.8854159766534138,1.0602265266959736
2011-06-14,2.9386783399202008,1.0736762741524766
2011-06-15,2.8861471799473177,1.0545805765667415
2011-06-16,2.866455935495442,1.0569055259974522
2011-06-17,2.8712966986553403,1.0600593532251392
2011-06-20,2.882033902611244,1.0654827122815809
2011-06-21,2.9380351739191695,1.0800841299899961
2011-06-22,2.928878491735591,1.0735761586706305
2011-06-23,2.8989748732456517,1.0704888864469029
2011-06-24,2.8510624544698184,1.058057288303706
2011-06-27,2.8465463526463206,1.0674853617048854
2011-06-28,2.9062705506917808,1.0814193442049018
2011-06-29,2.9486289837147655,1.0906806627254464
2011-06-30,2.9596547248846643,1.1011101111470458
2011-07-01,2.966442808518332,1.1173800040383435
2011-07-05,3.005975145843993,1.116462054017426
2011-07-06,3.0126374735277266,1.117797599420303
2011-07-07,3.0559920166761905,1.1293951630994006
2011-07-08,3.045983469134491,1.1213853006055219
2011-07-11,2.972720302589922,1.101110093677924
2011-07-12,2.9670997825042846,1.0963545092943383
2011-07-13,3.032102268644386,1.1000253892436282
2011-07-14,3.0023144416388834,1.0924327059999597
2011-07-15,3.0478962613532796,1.098774419874541
2011-07-18,3.057456799872358,1.0897629423351263
2011-07-19,3.0730707644736883,1.1074513096597152
2011-07-20,3.0813270880866805,1.1067839484260011
2011-07-21,3.084573130525381,1.1221362260494945
2011-07-22,3.1145999973924425,1.1228870025128952
2011-07-25,3.1024185755525377,1.116629198163371
2011-07-26,3.100306350116589,1.1124573039846528
2011-07-27,3.042333485685077,1.0896796850627017
2011-07-28,3.026706760333037,1.086508662695185
2011-07-29,3.012113812213744,1.079082908374908
2011-08-01,3.000116709958184,1.0744940003987529
2011-08-02,2.9887115237991373,1.0470432144944057
2011-08-03,2.98963604524606,1.0527171626146152
2011-08-04,2.8011729779628314,1.0034059537181674
2011-08-05,2.7747519289517446,1.0019043165721901
2011-08-08,2.649237206043684,0.936657221611714
2011-08-09,2.7170952360774834,0.9802109862580204
2011-08-10,2.6797820696697134,0.9369071566923446
2011-08-11,2.7430983832618048,0.9789592787751807
2011-08-12,2.7658699891594956,0.9855509248661432
2011-08-15,2.821537296365696,1.0064096469820005
2011-08-16,2.8121752068248487,0.9978159351346142
2011-08-17,2.815880278862718,0.9984833742136258
2011-08-18,2.7302885254677483,0.9554300491762532
2011-08-19,2.7390904392463216,0.9398276758328946
2011-08-22,2.758546734750247,0.940578447773457
2011-08-23,2.7886590841937955,0.9715333547789055
2011-08-24,2.773118584514252,0.9852169940369574
2011-08-25,2.75296750036819,0.9701983855885378
2011-08-26,2.8053141974671063,0.9842991227988914
2011-08-29,2.8477071939147933,1.0125840998795
2011-08-30,2.8768324735564668,1.0152541930183132
2011-08-31,2.885531870504103,1.019759677923548
2011-09-01,2.864631719999218,1.009079806199832
2011-09-02,2.8436958719102554,0.983298079512176
2011-09-06,2.8143319222361582,0.9761222454513584
2011-09-07,2.857974161071597,1.003656369869487
2011-09-08,2.8517348177736768,0.9932269248848067
2011-09-09,2.788640939874534,0.9671947749484612
2011-09-12,2.772008435225116,0.973452244655893
2011-09-13,2.7899476564595003,0.9823798043951996
2011-09-14,2.7973372113348973,0.995980361597149
2011-09-15,2.8014128981180932,1.0131682934913395
2011-09-16,2.8129442196689745,1.0191647806947828
2011-09-19,2.7801237063013367,1.0090169162068137
2011-09-20,2.778099404333415,1.0078424810573638
2011-09-21,2.726868799666092,0.9781534874856506
2011-09-22,2.6104939880860223,0.9465350477010022
2011-09-23,2.514558834663826,0.9522381579971626
2011-09-26,2.532694559387471,0.9748820957228876
2011-09-27,2.571618666541695,0.98578505034678
2011-09-28,2.500059952729801,0.9656568278698258
2011-09-29,2.5289646521606155,0.9732887227906659
2011-09-30,2.4849005779660414,0.9489669189102331
2011-10-03,2.4873043994462543,0.921961484042623
2011-10-04,2.4839701131939473,0.9421739591241941
2011-10-05,2.504051263953392,0.9596182911338993
2011-10-06,2.5340716777127272,0.9769787072540711
2011-10-07,2.5142405766209905,0.9704373267800773
2011-10-10,2.545642476311073,1.002894612429057
2011-10-11,2.5530464235647106,1.0039006360726768
2011-10-12,2.5610030892421074,1.0127070532324334
2011-10-13,2.553072608321147,1.0106937612293956
2011-10-14,2.58077434277765,1.0279709242336048
2011-10-17,2.5640796643529504,1.008345879920515
2011-10-18,2.575369553443984,1.0280548471541004
2011-10-19,2.5433349349876524,1.0158936162673695
2011-10-20,2.5332815691984973,1.0203391159374748
2011-10-21,2.553308996493524,1.0397122437148238
2011-10-24,2.5732990091141734,1.0524603218889703
2011-10-25,2.606993510150535,1.0319965991282578
2011-10-26,2.6081704062849074,1.0424798063415903
2011-10-27,2.6456875532195987,1.0787948405906531
2011-10-28,2.6517688833798427,1.0785430067230657
2011-10-31,2.6296266440072174,1.0525442529870832
2011-11-01,2.616522718420884,1.0231906041473886
2011-11-02,2.6397281229862912,1.039879927483073
2011-11-03,2.649102527289492,1.0588340372960918
2011-11-04,2.645220106462398,1.052376579094536
2011-11-07,2.6707530925787832,1.058918288719143
2011-11-08,2.6606365490870845,1.0725046339307251
2011-11-09,2.6445875008189867,1.0329195389468835
2011-11-10,2.63810971533237,1.0426478127361793
2011-11-11,2.6553514160848293,1.0622730199119716
2011-11-14,2.6521024299669222,1.0522089072258332
2011-11-15,2.6551306787994284,1.0574085027617803
2011-11-16,2.639721191235576,1.0406349268492354
2011-11-17,2.6195019980309735,1.0241131095251759
2011-11-18,2.6252582252204806,1.0230223368933518
2011-11-21,2.610893703449721,1.0035653829959668
2011-11-22,2.6226910404045687,0.9996233882072124
2011-11-23,2.616148214955786,0.9775660483912179
2011-11-25,2.6013388981576764,0.9757206774103487
2011-11-28,2.624245809747,1.0039847978327856
2011-11-29,2.625060211535372,1.0068361849375664
2011-11-30,2.6473205824607615,1.0482668999143983
2011-12-01,2.6426505146064163,1.048099397346461
2011-12-02,2.6482796355119826,1.0471765458270974
2011-12-05,2.6442410246215657,1.0585826859736789
2011-12-06,2.6465311020664677,1.0589182778567863
2011-12-07,2.6522315019034655,1.0628601858595703
2011-12-08,2.6360987097069466,1.0395444026486005
2011-12-09,2.6354489887650847,1.0571568213178102
2011-12-12,2.622644795966514,1.0417253551950791
2011-12-13,2.617431549025499,1.0319965883476303
2011-12-14,2.602909309299942,1.0210097153088662
2011-12-15,2.6050653936637462,1.0247000324036841
2011-12-16,2.6235390157707057,1.0262192014367242
2011-12-19,2.6294940153391857,1.015247194125107
2011-12-20,2.6294837316649664,1.0459686249816926
2011-12-21,2.6251792296621077,1.047994540692047
2011-12-22,2.6280224901842044,1.057278210810713
2011-12-23,2.6232276103946908,1.0667312189929685
2011-12-27,2.622418217157547,1.0675753020719334
2011-12-28,2.614968332824827,1.0535645505650717
2011-12-29,2.621391809623826,1.0644523078791666
2011-12-30,2.6253525568531044,1.059219385821971
2012-01-03,2.632824364829459,1.0760996461563166
2012-01-04,2.6265790756611795,1.0777874761683235
2012-01-05,2.630211684680787,1.080656977544874
2012-01-06,2.6360056949603936,1.077871973221764
2012-01-09,2.635446384036116,1.0804885613303585
2012-01-10,2.640428055042651,1.0898568185476316
2012-01-11,2.6516759487679478,1.090447738914648
2012-01-12,2.652425171728067,1.0930638211806007
2012-01-13,2.655636339500874,1.087409478548101
2012-01-17,2.664402743905454,1.0916289861699957
2012-01-18,2.6624746367274903,1.1036983200646275
2012-01-19,2.6498176712556334,1.1095219069915663
2012-01-20,2.6468687091261414,1.113657572233344
2012-01-23,2.6470511826042578,1.1107880664498488
2012-01-24,2.6435368414035976,1.109521901348664
2012-01-25,2.669105062146739,1.1188059922864841
2012-01-26,2.687118315681687,1.113066741307253
2012-01-27,2.6896105518921765,1.1125604072466324
2012-01-30,2.6928229695684807,1.1087623262771658
2012-01-31,2.7090074744433617,1.1083404976501336
2012-02-01,2.70418115439773,1.1180465013897753
2012-02-02,2.7092799558597007,1.1198187504405235
2012-02-03,2.681084786887045,1.1355173439265116
2012-02-06,2.6840519823674973,1.1347576714682515
2012-02-07,2.685341482446597,1.1376272580154372
2012-02-08,2.6834486912018076,1.1410030076357818
2012-02-09,2.674485745351409,1.142437841737944
2012-02-10,2.683097308239518,1.133997842270158
2012-02-13,2.6884936056548328,1.142437848010822
2012-02-14,2.69104514906311,1.1410030146199912
2012-02-15,2.6928565378913256,1.1356858492916209
2012-02-16,2.689752695783006,1.148261855186893
2012-02-17,2.6829624353479478,1.151300351260233
2012-02-21,2.6825570584687486,1.15180643986864
2012-02-22,2.699978300800852,1.1480929352800529
2012-02-23,2.7017485533000083,1.1531569321180568
2012-02-24,2.7037435330174344,1.1556883537470117
2012-02-27,2.7084011125096645,1.1576301066483268
2012-02-28,2.7136053786112235,1.1610056055473994
2012-02-29,2.676943278399472,1.1564485192249532
2012-03-01,2.6797163744802597,1.162440518453495
2012-03-02,2.6846832948205437,1.1588958537073593
2012-03-05,2.672845632608526,1.1541694360355161
2012-03-06,2.6642333144669994,1.1372893502409716
2012-03-07,2.664826269612498,1.145223274087442
2012-03-08,2.669260005523774,1.1566170317279414
2012-03-09,2.673957735629639,1.161090201833468
2012-03-12,2.6703181234251785,1.1611747059783573
2012-03-13,2.652153477465705,1.182105959946094
2012-03-14,2.616401074917145,1.1808399599261705
2012-03-15,2.6236089020405777,1.187676550958159
2012-03-16,2.6265261590190967,1.1893209366500228
2012-03-19,2.6214397202880804,1.1939834671976
2012-03-20,2.61432504650186,1.1905076738660756
2012-03-21,2.6273051317233955,1.1885581937399665
2012-03-22,2.629679011427815,1.1799962127364678
2012-03-23,2.645785617669038,1.1838106684937597
2012-03-26,2.667099655828147,1.2004257116644168
2012-03-27,2.6679515610545548,1.1966960129867896
2012-03-28,2.656741068770837,1.1907620043350327
2012-03-29,2.660240645449924,1.1887273612058455
2012-03-30,2.6558727404679088,1.1936443774009164
2012-04-02,2.670095301367475,1.2023755159918472
2012-04-03,2.6487604296341387,1.1974585816755259
2012-04-04,2.638433258747544,1.1855906415200546
2012-04-05,2.647032103470972,1.1849976446488855
2012-04-09,2.6560998744019906,1.171688888701928
2012-04-10,2.6511813146434813,1.152022219590844
2012-04-11,2.6499927009978412,1.1613467680777678
2012-04-12,2.657459188158787,1.1765208320417306
2012-04-13,2.6504144996587224,1.1625337523647943
2012-04-16,2.6451667618025687,1.1617705954577169
2012-04-17,2.6604754624348024,1.1789789622540496
2012-04-18,2.656496273322637,1.174994850436694
2012-04-19,2.6600742363896237,1.1674501967520916
2012-04-20,2.668313483200149,1.1694000837452088
2012-04-23,2.6619368160112558,1.1595667036870028
2012-04-24,2.662462120509553,1.163974564597728
2012-04-25,2.684012417458792,1.1799118672926392
2012-04-26,2.705635535877693,1.1881346848949201
2012-04-27,2.7200520424032444,1.1900837485574092
2012-04-30,2.7102694170750374,1.1856757259561026
2012-05-01,2.7081707374837913,1.1930508779634519
2012-05-02,2.7216148374496716,1.189490587463942
2012-05-03,2.698808947360155,1.1804198653013067
2012-05-04,2.665011436055905,1.1613467709639533
2012-05-07,2.6762247449597956,1.1621944263586121
2012-05-08,2.67210034111191,1.1575320626003336
2012-05-09,2.663581701440179,1.1506659759658897
2012-05-10,2.6621733738624673,1.1530392820746183
2012-05-11,2.6745471924493263,1.1495640793304094
2012-05-14,2.6643845261362022,1.1368481532756145
2012-05-15,2.6624933223376757,1.1303212351841025
2012-05-16,2.6532345860125064,1.1259978694916468
2012-05-17,2.6115420931894837,1.1092982401291311
2012-05-18,2.5882150857682547,1.0998041891181796
2012-05-21,2.6371146592383856,1.1187078654776643
2012-05-22,2.633707150237864,1.120657180372023
2012-05-23,2.642721031784766,1.121251083851333
2012-05-24,2.640663630917312,1.1234548019440451
2012-05-25,2.642490471203873,1.1198095169136293
2012-05-29,2.6585604518659274,1.1333726833767725
2012-05-30,2.655598378419921,1.1169273097362535
2012-05-31,2.6565455386999473,1.114469176112986
2012-06-01,2.6225525107920102,1.0864106091642762
2012-06-04,2.6217535202701354,1.0859017018426254
2012-06-05,2.6286098702306857,1.0941242689781647
2012-06-06,2.655533532839358,1.118707873646768
2012-06-07,2.6525789957735744,1.1193857770569617
2012-06-08,2.6712128822129695,1.1282869200728212
2012-06-11,2.643761312360949,1.113960180984859
2012-06-12,2.661542229150504,1.1267608533789812
2012-06-13,2.64334883965504,1.119555521947053
2012-06-14,2.667850556152077,1.131423538190781
2012-06-15,2.6948777816648195,1.1429944370023273
2012-06-18,2.7229832389140576,1.1452097888201251
2012-06-19,2.7384168742411914,1.1562871511612287
2012-06-20,2.740009418566523,1.15441253218028
2012-06-21,2.695231129070997,1.1285088309884412
2012-06-22,2.711093473340433,1.1372002561669765
2012-06-25,2.686199083801144,1.1189655912194159
2012-06-26,2.713058444717862,1.1245892661084544
2012-06-27,2.738521700354884,1.134729237685248
2012-06-28,2.7259012946455274,1.1314914920567758
2012-06-29,2.787567423904466,1.1596957052528485
2012-07-02,2.8124853515908765,1.163189114610567
2012-07-03,2.817657579726164,1.1708580669707591
2012-07-05,2.8274497260783673,1.1655749680352963
2012-07-06,2.8202893785856316,1.1544978563920747
2012-07-09,2.8258231225827193,1.1530492271168096
2012-07-10,2.8045179758409895,1.1429944187769978
2012-07-11,2.7883605778156917,1.1431649192544469
2012-07-12,2.8023021075883126,1.1376260680193244
2012-07-13,2.8193145743921058,1.15671328332742
2012-07-16,2.8223975482224986,1.1539864474333041
2012-07-17,2.8267922110507664,1.1619108146685062
2012-07-18,2.8344591753015913,1.1705169951198906
2012-07-19,2.8269917101595037,1.1735845807141712
2012-07-20,2.8350201726791475,1.162848382517036
2012-07-23,2.8288880083916865,1.151089706186959
2012-07-24,2.8165549148406805,1.1412048959985344
2012-07-25,2.8102437871959918,1.1414608910808048
2012-07-26,2.839094031766578,1.1602921193021924
2012-07-27,2.844016109948234,1.1816792734087571
2012-07-30,2.836236319719019,1.1816792734087571
2012-07-31,2.8197219059709213,1.1734144195018525
2012-08-01,2.798411056813988,1.172391202128047
2012-08-02,2.806522531422756,1.1642967553424903
2012-08-03,2.8146012204027673,1.1873888699684785
2012-08-06,2.8220211557535975,1.1896891390568247
2012-08-07,2.8183019057980006,1.1956538121119655
2012-08-08,2.820369478186163,1.19710202387881
2012-08-09,2.8299843049967817,1.1981249116451536
2012-08-10,2.8278961934065685,1.2000842772006617
2012-08-13,2.825980970858153,1.1994882913469183
2012-08-14,2.825542902170514,1.1996581988633876
2012-08-15,2.820883079314586,1.2010222462252413
2012-08-16,2.833383033522426,1.209883748664565
2012-08-17,2.838502715953121,1.2115026215156282
2012-08-20,2.8272498080935686,1.2115877901499206
2012-08-21,2.8231124364452937,1.207923730586705
2012-08-22,2.8483515992177066,1.208434718562455
2012-08-23,2.8418105568197163,1.1985505805532644
2012-08-24,2.8622730792937476,1.2057934576680651
2012-08-27,2.861056431852072,1.2060491220548943
2012-08-28,2.8685793346740573,1.204856399775638
2012-08-29,2.8728956995353507,1.2057934527434355
2012-08-30,2.8659902408971396,1.1971020211884538
2012-08-31,2.888625869007479,1.2028111922638247
2012-09-04,2.9122766436543635,1.2017033069308543
2012-09-05,2.9030454257117277,1.2006809217913836
2012-09-06,2.9431645529073354,1.225051166474602
2012-09-07,2.94897658015083,1.2298220424888555
2012-09-10,2.9302299315686198,1.22283523899217
2012-09-11,2.9346936935102055,1.2262434764568795
2012-09-12,2.9513859698407128,1.2303340284953834
2012-09-13,2.9852294898903304,1.2490796807303657
2012-09-14,3.0146497521070734,1.2546183623414573
2012-09-17,3.000179002837935,1.2503580673146382
2012-09-18,2.9939537240854905,1.2493356745301563
2012-09-19,3.0088586977003247,1.250017162153899
2012-09-20,3.002027750069812,1.2501021633209253
2012-09-21,3.016531172969735,1.2495795456105274
2012-09-24,3.000661794070462,1.247695629504383
2012-09-25,2.96683019275588,1.2344173656452027
2012-09-26,2.931019817008908,1.22747816248927
2012-09-27,2.9648353821340248,1.2390435722092785
2012-09-28,2.949493970099784,1.233304148916705
2012-10-01,2.945994453158802,1.2365592578891067
2012-10-02,2.962275156716628,1.2378437832806093
2012-10-03,2.99835933167175,1.2428984812343222
2012-10-04,3.015277204215455,1.251807428399992
2012-10-05,3.0227211578726947,1.2518925888593462
2012-10-08,2.997131471123974,1.2476096890478958
2012-10-09,2.9536424294257735,1.2352735614884311
2012-10-10,2.9517154573864137,1.2273928991009389
2012-10-11,2.949267987994082,1.2280783734872287
2012-10-12,2.9196971581384736,1.2240517132738877
2012-10-15,2.9516151529616903,1.234246019879098
2012-10-16,2.9606203499740418,1.246753140839401
2012-10-17,2.9977483643682308,1.2524069793201367
2012-10-18,2.9992491936298054,1.2491513724255336
2012-10-19,2.962291978322334,1.2283351891760776
2012-10-22,2.9582084186566635,1.2285063454013374
2012-10-23,2.922908507589631,1.2114592473707717
2012-10-24,2.9286713157129047,1.2080328166084706
2012-10-25,2.9233517668005,1.2115451599424314
2012-10-26,2.898947897189828,1.2108602734635159
2012-10-31,2.9022996167270074,1.2108602734635159
2012-11-01,2.945354857830449,1.2235377262460214
2012-11-02,2.9091092945871675,1.2126585304347097
2012-11-05,2.9311130737701,1.215143085864791
2012-11-06,2.9442884459771164,1.2246516777231298
2012-11-07,2.8852291111574178,1.196896380289998
2012-11-08,2.850461990906878,1.1825049221513184
2012-11-09,2.85117397765709,1.1835327081294553
2012-11-12,2.8480645387458856,1.1844748356711077
2012-11-13,2.836187063737593,1.1803631800187908
2012-11-14,2.7818356436140905,1.1644296227025623
2012-11-15,2.76843578673816,1.162459372848061
2012-11-16,2.8109996859072255,1.1681992019949978
2012-11-19,2.8524369466770105,1.1918423505981985
2012-11-20,2.88549481700662,1.1923565828987877
2012-11-21,2.887338488950905,1.1945838215306817
2012-11-23,2.925491769557671,1.210860288907478
2012-11-26,2.9146540890651575,1.2082897293829504
2012-11-27,2.8997853330399797,1.2021220748738015
2012-11-28,2.9107939213776666,1.2118019945846323
2012-11-29,2.9316033443769,1.2174559960949256
2012-11-30,2.9236545327005303,1.2177129036592216
2012-12-03,2.918500339769233,1.2117164956534745
2012-12-04,2.913458870096751,1.2100030679427958
2012-12-05,2.903627931840943,1.2121447249729318
2012-12-06,2.9046932890583035,1.2162567077663518
2012-12-07,2.9090303007962364,1.2199402993191941
2012-12-10,2.916685432027896,1.2204541991702824
2012-12-11,2.939905177835501,1.2287630879718596
2012-12-12,2.9538877668787547,1.229363228151656
2012-12-13,2.930799751278268,1.2218248097175268
2012-12-14,2.9174050796241904,1.2172843376691431
2012-12-17,2.9744423118937817,1.2315905570575034
2012-12-18,3.015678194734869,1.245296792892035
2012-12-19,2.992724356732268,1.2360445241391096
2012-12-20,3.00958363215094,1.2431549691477817
2012-12-21,2.9794492620480333,1.2318708017666284
2012-12-24,2.971578673906511,1.2280744592858681
2012-12-26,2.956170874267842,1.222898616669762
2012-12-27,2.952614279409895,1.2212591376393236
2012-12-28,2.928807086082804,1.2080599764937712
2012-12-31,2.980241839240009,1.2285926712394493
2013-01-02,3.0582076203828836,1.2600817471218506
2013-01-03,3.0616070839016563,1.2572342647929744
2013-01-04,3.0814113434939903,1.2627559999669171
2013-01-07,3.0877943641066516,1.2593049762119275
2013-01-08,3.0909771112875126,1.2556821195050127
2013-01-09,3.1090177018205596,1.2588740006686885
2013-01-10,3.1220090473551987,1.268880865632444
2013-01-11,3.114039251064188,1.268795279618057
2013-01-14,3.113791087822892,1.2679320801254745
2013-01-15,3.1276760416632094,1.2687952756063032
2013-01-16,3.1175240380306044,1.2686219581716554
2013-01-17,3.1451941400744854,1.2768184358398653
2013-01-18,3.1479117561802386,1.2796653323698886
2013-01-22,3.1635424593116723,1.2865666442872794
2013-01-23,3.1693227209735038,1.288636935868601
2013-01-24,3.1744417917732166,1.2889822519083056
2013-01-25,3.199447910478016,1.296229374162145
2013-01-28,3.1891125692976434,1.2946763876735488
2013-01-29,3.2007068084057915,1.299766226636993
2013-01-30,3.184143076637477,1.2946763810864692
2013-01-31,3.1784266560949193,1.2914837479710013
2013-02-01,3.1954102677870364,1.3047697320502034
2013-02-04,3.1553372507524484,1.2901043290251162
2013-02-05,3.1834282874800666,1.303130576940499
2013-02-06,3.178671540715344,1.3040799336284117
2013-02-07,3.159397342868904,1.30235446634583
2013-02-08,3.179152764355339,1.309601587079892
2013-02-11,3.1735281063687384,1.3093427705182374
2013-02-12,3.202846784730244,1.311499388995558
2013-02-13,3.2091281268035274,1.3126206553981796
2013-02-14,3.2073461539378294,1.313828738944582
2013-02-15,3.203057496304796,1.3122757539602874
2013-02-19,3.214773747252963,1.3221104602480098
2013-02-20,3.1477108272593646,1.3056328389286835
2013-02-21,3.127843595324905,1.2976960144077916
2013-02-22,3.159470803785601,1.3103777097777112
2013-02-25,3.092533275685606,1.2854451399899935
2013-02-26,3.1283149207515804,1.2942452460005593
2013-02-27,3.1789894324103574,1.310550781789845
2013-02-28,3.1791718511631473,1.307962365362763
2013-03-01,3.1967571380377957,1.312275763651256
2013-03-04,3.232262066255959,1.3192636452154567
2013-03-05,3.2692907346630284,1.3310826379749399
2013-03-06,3.2809323780242954,1.3328943612426614
2013-03-07,3.287835000753413,1.3353101256408648
2013-03-08,3.3099621489585678,1.34100434202204
2013-03-11,3.3216592012648913,1.346094512893444
2013-03-12,3.3115256168509606,1.3430746171584933
2013-03-13,3.316990568205816,1.3449722472850767
2013-03-14,3.3350235904622756,1.352133377169354
2013-03-15,3.330247943536426,1.3503479120874695
2013-03-18,3.309150758453797,1.3428957335615532
2013-03-19,3.2992258390054454,1.3397762270593616
2013-03-20,3.3395204745246074,1.3491350061315261
2013-03-21,3.306352547722628,1.337609224351994
2013-03-22,3.3264950685353534,1.3483549883123793
2013-03-25,3.311732325962832,1.3427220870296557
2013-03-26,3.327958513764224,1.3534670996861227
2013-03-27,3.339813762463462,1.3534670996861227
2013-03-28,3.3526310493956486,1.357627359787796
2013-04-01,3.3365134579947466,1.3522541965283221
2013-04-02,3.361666202267779,1.3589267731582133
2013-04-03,3.3081390064583633,1.3451492397114777
2013-04-04,3.3221871229233413,1.3506076535538407
2013-04-05,3.3128909504043627,1.3445424527518735
2013-04-08,3.342408238939889,1.353641011865919
2013-04-09,3.352640742228006,1.358320156288046
2013-04-10,3.391977392415989,1.3749579618015886
2013-04-11,3.4184299487123315,1.3794640290323232
2013-04-12,3.4250327410093253,1.3760842869826329
2013-04-15,3.3180559015668925,1.3441960656268983
2013-04-16,3.382951969588298,1.3640398003715974
2013-04-17,3.353608117973133,1.3441089145820997
2013-04-18,3.311325524953804,1.3357029784001055
2013-04-19,3.377338002303918,1.3473149255998567
2013-04-22,3.401706849787277,1.3532947134341464
2013-04-23,3.4534712900378524,1.3672453955806307
2013-04-24,3.4386367821986332,1.3681124069033301
2013-04-25,3.4735665405005243,1.3736576537921146
2013-04-26,3.4792184430204474,1.3712318430584003
2013-04-29,3.494004148346483,1.3804175606272275
2013-04-30,3.4864516255121547,1.38370989792185
2013-05-01,3.446901316781672,1.3715786641789875
2013-05-02,3.491115570674623,1.3843171873067632
2013-05-03,3.5305612395112402,1.398354786528788
2013-05-06,3.530482555776595,1.4019084255477936
2013-05-07,3.5289756266687085,1.4090140544790195
2013-05-08,3.5438312990116065,1.4154257306635047
2013-05-09,3.534530303740888,1.4114405287475351
2013-05-10,3.570632434352977,1.416032594050194
2013-05-13,3.5911242904037204,1.4171589205358277
2013-05-14,3.6379430860299484,1.431803713276342
2013-05-15,3.6356988662173557,1.4395158662532366
2013-05-16,3.58899909233128,1.4327575551885576
2013-05-17,3.6199185635651308,1.4466218342573973
2013-05-20,3.6046099612301217,1.446535586663639
2013-05-21,3.6093707033082763,1.4486154299954999
2013-05-22,3.5833315575052347,1.4378700932650395
2013-05-23,3.581658179795295,1.4337105795231395
2013-05-24,3.5583874716393975,1.4324971729112659
2013-05-28,3.584939728631015,1.4410762695550858
2013-05-29,3.5384105710411924,1.4317171564901723
2013-05-30,3.562210245193782,1.4370033282581938
2013-05-31,3.4926176811544223,1.4163794133809324
2013-06-03,3.495586044682308,1.4241789757328032
2013-06-04,3.4469698342687245,1.4173322495487575
2013-06-05,3.376364236719321,1.3974891870287225
2013-06-06,3.4400220401428814,1.4101408802371633
2013-06-07,3.471336163802475,1.428077590205604
2013-06-10,3.4514537673845878,1.428077590205604
2013-06-11,3.4127956140926043,1.4133460558929756
2013-06-12,3.381804947288666,1.4016478612556522
2013-06-13,3.464753426350925,1.422964892835952
2013-06-14,3.447022758704225,1.4140401566356273
2013-06-17,3.473599069198182,1.4249579889658142
2013-06-18,3.4923677746698796,1.4362234645837195
2013-06-19,3.420798744848468,1.4163793947693206
2013-06-20,3.2982764478089566,1.3812836662636168
2013-06-21,3.3075866533529266,1.385718691859256
2013-06-24,3.2712189896353685,1.3682076418939688
2013-06-25,3.3084763340719503,1.3813620963999649
2013-06-26,3.3511773269569205,1.3950394183659127
2013-06-27,3.394904125399086,1.4032278393887125
2013-06-28,3.367532122879527,1.3974781975104877
2013-07-01,3.394142607375859,1.4056671123026958
2013-07-02,3.391382484401328,1.404360488495126
2013-07-03,3.393231349438147,1.4049698545546887
2013-07-05,3.421839308378832,1.4201277933215084
2013-07-08,3.422562058617507,1.4282291395389577
2013-07-09,3.4672092755506845,1.4385091901103655
2013-07-10,3.4702665223767366,1.4390314696420188
2013-07-11,3.550208729692563,1.4586322582643483
2013-07-12,3.5758653552146566,1.4592419519619804
2013-07-15,3.567121394180879,1.4648169420621926
2013-07-16,3.5437688764108053,1.4593296938527194
2013-07-17,3.564222358910905,1.4630756034639794
2013-07-18,3.5727474705785607,1.471089863435562
2013-07-19,3.5946535093168617,1.4737029603599825
2013-07-22,3.5949650269850784,1.4765779485172303
2013-07-23,3.588145088194243,1.4734419036754927
2013-07-24,3.5589241923185164,1.4680402361877802
2013-07-25,3.5508061752566764,1.4716126533809337
2013-07-26,3.552777643308613,1.473180347624454
2013-07-29,3.532437664286789,1.4686502591282948
2013-07-30,3.5450996267668553,1.4686502591282948
2013-07-31,3.5681157224325624,1.4696956590692452
2013-08-01,3.6122419310401233,1.486683180435467
2013-08-02,3.6338823718924567,1.4892093673624947
2013-08-05,3.620071969402653,1.4870311454971346
2013-08-06,3.572443821791694,1.4785815073815678
2013-08-07,3.5472424435584156,1.4737900309345622
2013-08-08,3.555022452942122,1.4791910292609283
2013-08-09,3.544494099910573,1.474921669776993
2013-08-12,3.5376680409420036,1.473180333006004
2013-08-13,3.5352351480291158,1.4775359379785697
2013-08-14,3.503939981221061,1.469957050362943
2013-08-15,3.469495707937921,1.4493982751552785
2013-08-16,3.466166569584747,1.4446063035659256
2013-08-19,3.4270589249525543,1.4353739835865291
2013-08-20,3.4733891206193097,1.44242858834854
2013-08-21,3.463473571961397,1.4335442379443248
2013-08-22,3.507602763870626,1.4466108789896484
2013-08-23,3.4912109289943722,1.4514889376702542
2013-08-26,3.498777234947334,1.4460877731545108
2013-08-27,3.4124928537821217,1.422828825106705
2013-08-28,3.423434120850045,1.4278803654259227
2013-08-29,3.454224097791124,1.4301464829598718
2013-08-30,3.417338087537267,1.4256163938648425
2013-09-03,3.446896130982562,1.4320631309910468
2013-09-04,3.4797597693839566,1.4439102169373217
2013-09-05,3.487420973727282,1.4457394634738532
2013-09-06,3.488397026863707,1.4464363966396152
2013-09-09,3.542127660127263,1.4602873703232884
2013-09-10,3.568820070799938,1.4710898753510024
2013-09-11,3.58380645946541,1.4757068615029942
2013-09-12,3.57386740651748,1.4717864691405882
2013-09-13,3.58791909620979,1.4750973263922433
2013-09-16,3.618621892423037,1.483634039141487
2013-09-17,3.6421295282268376,1.4902542664419232
2013-09-18,3.6724060842203197,1.5075031846437699
2013-09-19,3.6580562794556273,1.504977664558536
2013-09-20,3.641198110869751,1.4944544995333033
2013-09-23,3.606672705670978,1.4875391504494329
2013-09-24,3.608520553784619,1.484038018803369
2013-09-25,3.6008441981761794,1.4797485553138199
2013-09-26,3.6206343347610113,1.4854387064209957
2013-09-27,3.6184588630511945,1.4786105903191904
2013-09-30,3.6034503481362536,1.470731917291416
2013-10-01,3.6470826798668234,1.4823744370511633
2013-10-02,3.6322311502953792,1.48097359320815
2013-10-03,3.593482262553485,1.4673182021432947
2013-10-04,3.6248273815139935,1.478435118404103
2013-10-07,3.5797749984976637,1.4656541355116064
2013-10-08,3.5126976782462203,1.4485838523303403
2013-10-09,3.4963472266793643,1.4496352344903618
2013-10-10,3.59354077525757,1.480886514364562
2013-10-11,3.6118303917289154,1.49042808830959
2013-10-14,3.6317334984089773,1.4963804556787146
2013-10-15,3.5978754554687313,1.4855257717084394
2013-10-16,3.663270419534085,1.506272654346635
2013-10-17,3.6959292361819607,1.5163393456247114
2013-10-18,3.699947703581026,1.526581672022242
2013-10-21,3.6818101940247323,1.5266684123928462
2013-10-22,3.710304902765233,1.5355102193700083
2013-10-23,3.6988349348826586,1.528157659011088
2013-10-24,3.7273634673533356,1.5332341223464396
2013-10-25,3.72990617881014,1.5402372151972807
2013-10-28,3.7307131378125784,1.5426886259442443
2013-10-29,3.754282609881024,1.5509172499405997
2013-10-30,3.7263424845594977,1.5432137353959372
2013-10-31,3.71588386359177,1.5388370269209808
2013-11-01,3.7165222863992753,1.542513139306222
2013-11-04,3.7236949742107,1.547940394661214
2013-11-05,3.7215855594861167,1.5430385782516522
2013-11-06,3.710838626374261,1.5509172406498906
2013-11-07,3.6494620496775614,1.5313084821736647
2013-11-08,3.7128548293432857,1.5519671352103972
2013-11-11,3.716115448505252,1.5522300229234305
2013-11-12,3.7245319259754583,1.549078856276194
2013-11-13,3.7573489024248046,1.5615092071965537
2013-11-14,3.768546319325164,1.5692996390916254
2013-11-15,3.792999040846532,1.5761282424621794
2013-11-18,3.7712221489499096,1.570613243651545
2013-11-19,3.7543536128051866,1.5671990288763626
2013-11-20,3.752527968042352,1.5622968773300083
2013-11-21,3.809871338360965,1.574902379045527
2013-11-22,3.851633837728065,1.5827813794125347
2013-11-25,3.859025259708968,1.58120538816524
2013-11-26,3.883179944859597,1.581643097440792
2013-11-27,3.900072822494601,1.5854948570595586
2013-11-29,3.899531325689856,1.584443975213351
2013-12-02,3.880116041819512,1.580329491098517
2013-12-03,3.8478833408306796,1.5735022148442528
2013-12-04,3.8384608300430245,1.5733270683127185
2013-12-05,3.8391853897079122,1.5664117137164688
2013-12-06,3.8836198800642032,1.5839191998224522
2013-12-09,3.878660783374135,1.587945934247393
2013-12-10,3.8529630098309733,1.5822557840633669
2013-12-11,3.793773743552547,1.56448540606232
2013-12-12,3.8046837584169855,1.5593210397369082
2013-12-13,3.80631142147198,1.5591457252724104
2013-12-16,3.8445755341413803,1.5688627735845684
2013-12-17,3.8353760487947266,1.5638720485268909
2013-12-18,3.898160484391441,1.5905716450433784
2013-12-19,3.876581189806335,1.5887337554132472
2013-12-20,3.9369028524676226,1.5979753878938112
2013-12-23,3.9732103664309477,1.6065119322134789
2013-12-24,3.979820384855767,1.6100328440897147
2013-12-26,3.998564806590148,1.6182182671693952
2013-12-27,3.9862517867263576,1.618129702083633
2013-12-30,3.986360972287858,1.6178659793047874
2013-12-31,3.9983841396782935,1.6255233066275174
2014-01-02,3.9644236853638484,1.6099452828260163
2014-01-03,3.966285085320605,1.6096808976116705
2014-01-06,3.941916886867558,1.6050163804033803
2014-01-07,3.977966124872058,1.6148736848046108
2014-01-08,4.00043643151613,1.615225969498951
2014-01-09,4.026054160489413,1.6162820042378094
2014-01-10,4.049630957669691,1.6206824774597275
2014-01-13,4.001356812251793,1.5991191674425276
2014-01-14,4.0547021155078555,1.616546224208591
2014-01-15,4.064634534254562,1.6252599094864046
2014-01-16,4.068136257908069,1.6231471691196668
2014-01-17,4.0682483406019,1.6162820032419885
2014-01-21,4.107970483301104,1.6210339369828
2014-01-22,4.134003659484395,1.6220908024786946
2014-01-23,4.096390579285951,1.6088008341039983
2014-01-24,3.9905700931010033,1.574475153835397
2014-01-27,3.951046434599574,1.5667295862951098
2014-01-28,3.9870249852234676,1.576059617654456
2014-01-29,3.934474507844379,1.5609216123086733
2014-01-30,3.9982369226747037,1.5774674438360097
2014-01-31,3.957727642503895,1.5682266395500182
2014-02-03,3.8441205140775465,1.5329329933249571
2014-02-04,3.885068278733637,1.5436705297820115
2014-02-05,3.867276911793349,1.5417344273301483
2014-02-06,3.902880559582152,1.562065217553974
2014-02-07,3.9733610808398634,1.581428031267947
2014-02-10,3.9892890909059475,1.5843329247900224
2014-02-11,4.0393780157027805,1.601671579138998
2014-02-12,4.048639827169523,1.6024629009993874
2014-02-13,4.078109618346498,1.6107362246616992
2014-02-14,4.08884648416789,1.6196267315758062
2014-02-18,4.1239407215843675,1.6215620073610988
2014-02-19,4.072138151802086,1.6108239751014934
2014-02-20,4.106049516755087,1.620330317223514
2014-02-21,4.1214252087288825,1.6184824601231458
2014-02-24,4.164340183663238,1.6274595349364647
2014-02-25,4.158364105051238,1.6268433624819425
2014-02-26,4.15892007865396,1.6269314397815873
2014-02-27,4.1886256158633985,1.6354686486266405
2014-02-28,4.177312264369647,1.6396055665733418
2014-03-03,4.156218204093042,1.6280755487041405
2014-03-04,4.233534952343932,1.650959778616726
2014-03-05,4.229537919123124,1.652455680252935
2014-03-06,4.207768184523207,1.6562396385151463
2014-03-07,4.205979191428787,1.6569442194197672
2014-03-10,4.208319211735389,1.6560636529837987
2014-03-11,4.18466580720102,1.6478782271661956
2014-03-12,4.192247091368665,1.6483187544526638
2014-03-13,4.131801925749756,1.6298354969314843
2014-03-14,4.122131581875629,1.625259880459044
2014-03-17,4.156821815259899,1.6399576906515918
2014-03-18,4.207014404293651,1.6516630198652327
2014-03-19,4.186530906980879,1.6428617535813863
2014-03-20,4.202095817722799,1.6524556719354806
2014-03-21,4.12659186500353,1.6460461599242908
2014-03-24,4.081623848784304,1.6392388208066928
2014-03-25,4.0986255298246,1.6470187793893472
2014-03-26,4.054298131846371,1.6351722015340822
2014-03-27,4.034715482249829,1.631725078664306
2014-03-28,4.020036010812711,1.6397699238678924
2014-03-31,4.088881074064686,1.6532062970102612
2014-04-01,4.150794341562295,1.6641681624076583
2014-04-02,4.160021985637324,1.6697378336969675
2014-04-03,4.12717797673948,1.6675283698059065
2014-04-04,4.015602679473143,1.6478142491078478
2014-04-07,3.9865462079870997,1.6296036771059697
2014-04-08,3.988266341993621,1.6363226145468615
2014-04-09,4.065785844270031,1.6539143426216534
2014-04-10,3.924244547461409,1.6191723998711207
2014-04-11,3.864826939292809,1.6045859395813657
2014-04-14,3.88594477911278,1.6172271724847163
2014-04-15,3.915893260533576,1.6283658569797483
2014-04-16,3.9585319090269,1.645427320784791
2014-04-17,3.9850662921454187,1.6477255220322775
2014-04-21,4.017190161673688,1.65347232728998
2014-04-22,4.060274004440596,1.6609855732673995
2014-04-23,4.047879502991007,1.6570964253771612
2014-04-24,4.035821670942009,1.6604554758281505
2014-04-25,3.9551903736209852,1.6468419659366973
2014-04-28,3.940663788261508,1.6520576791270154
2014-04-29,3.978641084951912,1.6597484041171946
2014-04-30,3.9983662079370488,1.6646989024871868
2014-05-01,4.000832715898242,1.66487571015762
2014-05-02,3.9995486988466933,1.6624889443395379
2014-05-05,4.021248335394646,1.665671180927456
2014-05-06,3.973463807828195,1.6511736120431706
2014-05-07,3.981343026280118,1.660897654144007
2014-05-08,3.965395495034296,1.6591300604245607
2014-05-09,3.9842163470955283,1.661604569953181
2014-05-12,4.057397242032474,1.6777823175992506
2014-05-13,4.036554170477434,1.6792856944449353
2014-05-14,3.99883578584468,1.6713287518318036
2014-05-15,3.956991220996273,1.65665421797812
2014-05-16,3.963420939068846,1.6624000415019602
2014-05-19,4.001334944562884,1.668500634054262
2014-05-20,3.957194452049374,1.657980787611569
2014-05-21,3.983120710444332,1.6719479162029507
2014-05-22,4.0123045744073105,1.6760142105715103
2014-05-23,4.037854490707611,1.6827333180214075
2014-05-27,4.087852794339901,1.6930758513319628
2014-05-28,4.0789064445422625,1.6918385176382924
2014-05-29,4.093013027486028,1.7005902629429537
2014-05-30,4.0901383353795575,1.703330815169394
2014-06-02,4.112644831267809,1.7052753887279157
2014-06-03,4.1250409307781055,1.7043915103884304
2014-06-04,4.141699798303153,1.7078393069308802
2014-06-05,4.18507647973796,1.718977988596221
2014-06-06,4.213854675847779,1.7271998087463372
2014-06-09,4.241385602408721,1.7289674077586101
2014-06-10,4.238470073069515,1.7291442119657277
2014-06-11,4.219135156886404,1.7231326864898497
2014-06-12,4.187682255673378,1.7109333206213464
2014-06-13,4.19858433038338,1.71614920350526
2014-06-16,4.205197877879262,1.7175635163868528
2014-06-17,4.217584866200056,1.7223372093704874
2014-06-18,4.234139276881556,1.7349785961159876
2014-06-19,4.239763054015936,1.736923836768167
2014-06-20,4.267027975328769,1.7404498963722366
2014-06-23,4.239974663275795,1.739917144658957
2014-06-24,4.21721663172097,1.7294351878126735
2014-06-25,4.225744179265617,1.737252200272883
2014-06-26,4.218383437296852,1.7360093874213298
2014-06-27,4.228831378087975,1.739383894548881
2014-06-30,4.231218195785315,1.7384955216185793
2014-07-01,4.285439729360936,1.750131724153608
2014-07-02,4.290142851642469,1.751908457879969
2014-07-03,4.313242269324056,1.7605244487903304
2014-07-07,4.268591685478442,1.7543947780012437
2014-07-08,4.214449379723322,1.7431150195837193
2014-07-09,4.237181663901597,1.7509311996249832
2014-07-10,4.214532880721439,1.7440027123401312
2014-07-11,4.222633235113661,1.7464011171902227
2014-07-14,4.244787557812246,1.7551949104477
2014-07-15,4.219955469630742,1.7519084834973777
2014-07-16,4.228011422384813,1.7583924544665652
2014-07-17,4.1540436761276265,1.738406653748721
2014-07-18,4.2201804580024,1.7561722136263733
2014-07-21,4.228511772286796,1.7528854495199608
2014-07-22,4.258371352778562,1.7605244892512597
2014-07-23,4.253329976116356,1.7644327479859283
2014-07-24,4.226356890972608,1.7645213225098773
2014-07-25,4.193366094971757,1.7562609453263192
2014-07-28,4.186387766044465,1.7569711772526093
2014-07-29,4.177875731928915,1.7494210328611606
2014-07-30,4.195617767797467,1.7496872422597312
2014-07-31,4.107059002034444,1.7151340686621375
2014-08-01,4.110915717168487,1.7098940939636051
2014-08-04,4.133857787480666,1.7222406920500064
2014-08-05,4.1104749796905296,1.7055409851795436
2014-08-06,4.105491395311628,1.7060747342308555
2014-08-07,4.0728949367181455,1.6968365954562057
2014-08-08,4.121867911454893,1.7164672980290385
2014-08-11,4.1461676900058535,1.7214410709891914
2014-08-12,4.139470565961091,1.7190428453611428
2014-08-13,4.187496078258437,1.7306795449038177
2014-08-14,4.21361273635334,1.7388505157051948
2014-08-15,4.2325300762014795,1.738495564149424
2014-08-18,4.273564712979737,1.7530627487955894
2014-08-19,4.2918962291882545,1.7622121585878283
2014-08-20,4.301465933460568,1.7669202079455626
2014-08-21,4.30112725362621,1.7720716108042216
2014-08-22,4.30594831792211,1.7693179355660444
2014-08-25,4.330327524347984,1.7782893683174084
2014-08-26,4.344216060950204,1.7794444561765992
2014-08-27,4.3474489461043575,1.7787337282663578
2014-08-28,4.338164615014665,1.7777567943407822
2014-08-29,4.3616738930033705,1.7828197923583606
2014-09-02,4.365442101578827,1.7819314310840264
2014-09-03,4.36941908475336,1.780954166429277
2014-09-04,4.352114139223846,1.7783784614660787
2014-09-05,4.378112492476402,1.7863724504882148
2014-09-08,4.388237088829176,1.7817536237439568
2014-09-09,4.342777073223314,1.7704730386539178
2014-09-10,4.370625771141713,1.777135310993642
2014-09-11,4.363706164206919,1.779178252433101
2014-09-12,4.330114390043958,1.7687853605893382
2014-09-15,4.285107021384807,1.7674531468314496
2014-09-16,4.325183093610081,1.7807763500485168
2014-09-17,4.3371918180762465,1.7831750735997955
2014-09-18,4.395793360903653,1.7926792540880767
2014-09-19,4.374940524177733,1.7910640321533509
2014-09-22,4.33940328000275,1.7772316625436708
2014-09-23,4.317610084574457,1.7670579532083894
2014-09-24,4.379268446658015,1.7808908186071157
2014-09-25,4.2830476386339065,1.752155094523307
2014-09-26,4.331449625244175,1.7660767026544344
2014-09-29,4.321913571910845,1.7628640501854027
2014-09-30,4.310689107106089,1.758223292944649
2014-10-01,4.241181157206473,1.7343970288882695
2014-10-02,4.236321885244947,1.7346639005591045
2014-10-03,4.284652006892015,1.7537613358395299
2014-10-06,4.271798804346178,1.751708575733543
2014-10-07,4.1935833782387535,1.7246686591288616
2014-10-08,4.285501502599282,1.754832320629442
2014-10-09,4.20821485249585,1.7200287312143983
2014-10-10,4.083440386215576,1.7003955492633882
2014-10-13,4.033326306346178,1.6724629475281725
2014-10-14,4.0420160560210565,1.6750514518813209
2014-10-15,4.038126684916053,1.6637170152259917
2014-10-16,4.039206016622144,1.662289912044671
2014-10-17,4.083497357945554,1.6819229356065455
2014-10-20,4.141050696311559,1.6982535663498173
2014-10-21,4.248007376573784,1.7318969205212045
2014-10-22,4.216576028726746,1.719581886450516
2014-10-23,4.280636542764489,1.7395720086846844
2014-10-24,4.3301659080774,1.7529573716498699
2014-10-27,4.330183843089062,1.7505490010465339
2014-10-28,4.385466652277599,1.770628533319118
2014-10-29,4.372396062364167,1.7679502983059048
2014-10-30,4.411474169747762,1.7792842387192782
2014-10-31,4.480772143419748,1.7996311368740983
2014-11-03,4.487061007314975,1.800612889648197
2014-11-04,4.475617125170678,1.7943663834727184
2014-11-05,4.467352055227054,1.805699493888749
2014-11-06,4.480235084529636,1.8129279256467248
2014-11-07,4.454623459475586,1.814623412101348
2014-11-10,4.487517626126238,1.8203351570457464
2014-11-11,4.495936971102809,1.8221201959040971
2014-11-12,4.498498234080997,1.8201568431718085
2014-11-13,4.490136726756426,1.8222094340438535
2014-11-14,4.480565076523759,1.8226559482435716
2014-11-17,4.479973761960534,1.8238156859968797
2014-11-18,4.536368034611292,1.834345668241551
2014-11-19,4.508124283452297,1.8314003878062524
2014-11-20,4.518520326605358,1.8346137079846854
2014-11-21,4.55599984517515,1.8444298086292574
2014-11-24,4.579874159899465,1.849606311552964
2014-11-25,4.573094311740006,1.8482676034967882
2014-11-26,4.623771137947918,1.8529972648461082
2014-11-28,4.634707022838458,1.849070726581954
2014-12-01,4.598704452237348,1.836220276734842
2014-12-02,4.636120848304567,1.848088961926559
2014-12-03,4.652302995851907,1.8552279817393644
2014-12-04,4.653613968037892,1.8531757285459645
2014-12-05,4.658533640679937,1.8562099146345552
2014-12-08,4.662783555407671,1.8438056433832166
2014-12-09,4.6567456437440775,1.8425561700509214
2014-12-10,4.606967068079656,1.8130176545986691
2014-12-11,4.61282444452799,1.8222094365453658
2014-12-12,4.554857114586527,1.792760163178525
2014-12-15,4.483321217828671,1.7804441339163097
2014-12-16,4.443119288120893,1.7661657553577197
2014-12-17,4.555875384030353,1.800791540961453
2014-12-18,4.655177356259229,1.8453221624713023
2014-12-19,4.662219581586574,1.8531740820855045
2014-12-22,4.663775361187677,1.8616989979026919
2014-12-23,4.581424678040094,1.8642110628285218
2014-12-24,4.598419246781582,1.864391033764527
2014-12-26,4.629421809452138,1.8704030609554665
2014-12-29,4.652639647641441,1.8729154611630643
2014-12-30,4.633665961002935,1.8628655653608548
2014-12-31,4.599332214335408,1.8443806484142695
2015-01-02,4.6396609002916005,1.843393074796076
2015-01-05,4.607735097216444,1.8101023359957271
2015-01-06,4.5498416908527854,1.793052656274563
2015-01-07,4.645891493257664,1.8153966564370427
2015-01-08,4.724237780031876,1.8476102528706548
2015-01-09,4.717936687107505,1.8328047606791213
2015-01-12,4.718671283594888,1.8184472829778178
2015-01-13,4.703866543485504,1.8133327545186602
2015-01-14,4.706677090408901,1.8023856828129585
2015-01-15,4.703939924740449,1.7858740816442795
2015-01-16,4.787198112766815,1.8092947129831136
2015-01-20,4.810375926844487,1.8131534500963342
2015-01-21,4.8199664103813395,1.8223053421356956
2015-01-22,4.86268422115949,1.8494059200387476
2015-01-23,4.858394493044767,1.8392656273791752
2015-01-26,4.890345179447371,1.8435733714050597
2015-01-27,4.861717379305834,1.8192547213199206
2015-01-28,4.822418637871647,1.7959249808172055
2015-01-29,4.85225420694747,1.8125246435778997
2015-01-30,4.76764455278069,1.7897324724393435
2015-02-02,4.782580351665765,1.8118965014807076
2015-02-03,4.803194781089665,1.8380988984765354
2015-02-04,4.7704342924033645,1.8310999509198174
2015-02-05,4.817777359057342,1.8495848683023541
2015-02-06,4.723587174094218,1.8444700078117022
2015-02-09,4.679021108399486,1.836215285183442
2015-02-10,4.7520434223585735,1.8557761928220557
2015-02-11,4.739040249446725,1.8568541760969421
2015-02-12,4.781157001275612,1.8747106328499203
2015-02-13,4.783114397831676,1.8824276167105585
2015-02-17,4.787214594609115,1.8853886753516442
2015-02-18,4.8224575549190325,1.8855678061296892
2015-02-19,4.799161688895485,1.8842224535000156
2015-02-20,4.823499144600145,1.895528296961078
2015-02-23,4.820981018562989,1.8952594352274372
2015-02-24,4.82926125522517,1.9006424837435307
2015-02-25,4.818580389022703,1.899028097024264
2015-02-26,4.801311875590993,1.8967844143179107
2015-02-27,4.826491854361815,1.8903233785995754
2015-03-02,4.830991896874812,1.902258370024741
2015-03-03,4.8069506889341005,1.8944518250580824
2015-03-04,4.776923706067011,1.8864646456629732
2015-03-05,4.785136666718266,1.8885291925711867
2015-03-06,4.681980471677781,1.861968521415735
2015-03-09,4.699218253004086,1.8696850030802974
2015-03-10,4.670683859339215,1.8393554964721297
2015-03-11,4.679995935601325,1.8350479282284966
2015-03-12,4.738939930210736,1.8583790028451832
2015-03-13,4.703831727841144,1.8469825865291853
2015-03-16,4.764139340383665,1.8716593451351156
2015-03-17,4.7890907847380975,1.8660956505657669
2015-03-18,4.874690076203374,1.8885292180043474
2015-03-19,4.841258769648063,1.879914729747005
2015-03-20,4.8815365483112405,1.8965085866733034
2015-03-23,4.870018561033368,1.8928126897046802
2015-03-24,4.855725052172064,1.8821771834106253
2015-03-25,4.76286822035805,1.8545965306575714
2015-03-26,4.728695135769171,1.8501799388415674
2015-03-27,4.7698523045627494,1.8544158888079463
2015-03-30,4.8560604791350555,1.8770398924605154
2015-03-31,4.825485835933592,1.8606346388820063
2015-04-01,4.852161645746154,1.8540554534052658
2015-04-02,4.868829024244731,1.8607255291422184
2015-04-06,4.896474705246045,1.8732532545195297
2015-04-07,4.8917056744335685,1.8682969261285918
2015-04-08,4.976191990525616,1.8746052493826344
2015-04-09,5.0075543869761425,1.8828978656401185
2015-04-10,5.0257631720579825,1.8931732723594257
2015-04-13,5.019281066711716,1.8846106389658712
2015-04-14,5.005141006695302,1.8882161252714895
2015-04-15,5.028631686107692,1.8966883622039703
2015-04-16,5.02499228598218,1.8961481284577637
2015-04-17,4.950491803002819,1.8743350679257609
2015-04-20,4.961777928879366,1.8914610173882038
2015-04-21,4.995749087453073,1.8892078522804605
2015-04-22,5.022613960918846,1.8984913629903313
2015-04-23,5.013656596346351,1.903268878535469
2015-04-24,4.97995134280681,1.9076851284777787
2015-04-27,4.918037506309716,1.8997532789431888
2015-04-28,4.9133968316195595,1.9057918917082362
2015-04-29,4.876035823418162,1.8979509493019378
2015-04-30,4.794786781634216,1.8789326077324957
2015-05-01,4.877951521888295,1.8993024543407928
2015-05-04,4.901398129386607,1.904710927002798
2015-05-05,4.821908103811512,1.8828978536659045
2015-05-06,4.789282763857252,1.8751471494280099
2015-05-07,4.821962617448995,1.8826279927262386
2015-05-08,4.900913150167514,1.9074145787470729
2015-05-11,4.8937330778779415,1.898311042112941
2015-05-12,4.857785324313006,1.892633364633975
2015-05-13,4.856694385145503,1.892993305647261
2015-05-14,4.918187554216886,1.9127320200935714
2015-05-15,4.9371259758481285,1.914805708513156
2015-05-18,4.955704265031179,1.9207542630752799
2015-05-19,4.974359093651953,1.9201232952998597
2015-05-20,4.983102226587444,1.91877179731723
2015-05-21,4.979947337143863,1.9243607382453018
2015-05-22,5.0147179943188585,1.9197635174160634
2015-05-26,4.975937163817757,1.899122316064982
2015-05-27,5.02900286557025,1.9171487660978475
2015-05-28,4.981487798269357,1.914985838859936
2015-05-29,4.960243396018899,1.903088414840267
2015-06-01,4.977148363046434,1.9069647585398026
2015-06-02,4.94943793907102,1.9050710281166872
2015-06-03,4.963685854768219,1.9101190853269907
2015-06-04,4.927399114386004,1.8939848633477685
2015-06-05,4.935175688279701,1.890740145299427
2015-06-08,4.909039585336229,1.8791127551648863
2015-06-09,4.878177262266179,1.8788420501813772
2015-06-10,4.923685860156811,1.901375322292351
2015-06-11,4.9471282527447125,1.9075048429600845
2015-06-12,4.919534780959162,1.8929029124622734
2015-06-15,4.8790672688180265,1.8847906120245086
2015-06-16,4.887697851047983,1.8950663396580174
2015-06-17,4.903284336797616,1.8981306050772542
2015-06-18,4.9704728954001505,1.9178696448655734
2015-06-19,4.949522670487223,1.909356854408998
2015-06-22,4.997932229344341,1.9191387186969577
2015-06-23,5.026774652059308,1.9204968547854053
2015-06-24,4.989967953773829,1.9065488238682184
2015-06-25,4.973888745488065,1.9007520003002236
2015-06-26,4.920029409943675,1.9003897359764865
2015-06-29,4.792050277430975,1.8605380881156257
2015-06-30,4.846113042827501,1.8644327152847164
2015-07-01,4.861899322851492,1.8793769638481184
2015-07-02,4.858859045483552,1.877655736455778
2015-07-06,4.816157704658631,1.8723117216876939
2015-07-07,4.792133241333542,1.8840866901053879
2015-07-08,4.660463869990119,1.8524768024794827
2015-07-09,4.725617944833293,1.8558282108866884
2015-07-10,4.8120688586279625,1.879195667662965
2015-07-13,4.863180224689761,1.8999369140056614
2015-07-14,4.89930524362191,1.908178840338618
2015-07-15,4.886493188821614,1.9075453822089907
2015-07-16,4.9415098820829595,1.9228518887894583
2015-07-17,4.959751448610334,1.9244818903355851
2015-07-20,4.960426267124993,1.9254780983861173
2015-07-21,4.945584501178266,1.9178698027377163
2015-07-22,4.928819888189321,1.9144283196275897
2015-07-23,4.91823801677855,1.9036500690438032
2015-07-24,4.836839479395209,1.8839053724546795
2015-07-27,4.76650158123757,1.8729458283066391
2015-07-28,4.833631788179159,1.895952027282436
2015-07-29,4.842735247621726,1.908993731452024
2015-07-30,4.839125498620367,1.9094470601934321
2015-07-31,4.847511832634895,1.9065488059731175
2015-08-03,4.829978749001754,1.9001176927372732
2015-08-04,4.846921519179722,1.896404691755072
2015-08-05,4.874736690835182,1.9026538572436718
2015-08-06,4.779518971646364,1.8870754982567177
2015-08-07,4.784611283885977,1.8834527284566744
2015-08-10,4.8340579040805585,1.9071829520873733
2015-08-11,4.791035388120199,1.8899737537248262
2015-08-12,4.779415124799692,1.8922383769757518
2015-08-13,4.782611836035256,1.8898831835574652
2015-08-14,4.797114467352433,1.896767120851237
2015-08-17,4.844399984907279,1.9073632396628317
2015-08-18,4.829271261186093,1.901839267763547
2015-08-19,4.797634527913553,1.8868036308068912
2015-08-20,4.655538500394128,1.8474049823034315
2015-08-21,4.5262932437858225,1.791793843304639
2015-08-24,4.333903995051506,1.7163469591239948
2015-08-25,4.28013677539314,1.6961491082533109
2015-08-26,4.426486642382801,1.761270734847258
2015-08-27,4.511335762080948,1.8048357136355828
2015-08-28,4.51118144807266,1.8049259554212649
2015-08-31,4.454355141886975,1.7903446444992794
2015-09-01,4.355950614700237,1.7369064017433722
2015-09-02,4.440728113954774,1.7698750911195917
2015-09-03,4.431214948133732,1.7711426756598516
2015-09-04,4.387619297998864,1.744333579724032
2015-09-08,4.4856432350674815,1.7881700780493606
2015-09-09,4.4270263031788275,1.7642590611631017
2015-09-10,4.450252233610223,1.7738599649054545
2015-09-11,4.4783218374110305,1.7819214311633642
2015-09-14,4.463674293757176,1.7753093444048178
2015-09-15,4.511635062595172,1.797498953653627
2015-09-16,4.531752998859174,1.8130781467097858
2015-09-17,4.5481269014045385,1.8090022201205118
2015-09-18,4.496223174249615,1.7794406093306567
2015-09-21,4.467296365136715,1.7886357085297182
2015-09-22,4.422236186623792,1.7654196284192156
2015-09-23,4.41633077747394,1.7625979935355058
2015-09-24,4.388555491480764,1.756224033793343
2015-09-25,4.345808439326672,1.755769048832908
2015-09-28,4.234065932846425,1.7117042145336103
2015-09-29,4.226461518832506,1.7127059209569973
2015-09-30,4.301582104947651,1.7446621189690483
2015-10-01,4.324081280558367,1.749213977330681
2015-10-02,4.381385562470678,1.775343928137584
2015-10-05,4.412409470338933,1.806935196899632
2015-10-06,4.352628511138828,1.8007446911231098
2015-10-07,4.392446214355002,1.8154933483742624
2015-10-08,4.407983291298854,1.8318814800412342
2015-10-09,4.41612106131511,1.832973904243042
2015-10-12,4.425998012995817,1.8347037733651714
2015-10-13,4.380358467542725,1.8231408463861412
2015-10-14,4.352519070472166,1.8144008914826506
2015-10-15,4.420659214141192,1.8422603821310546
2015-10-16,4.4358473585507046,1.8506365689878859
2015-10-19,4.45033825909079,1.8515465454952227
2015-10-20,4.42525148957925,1.8491797135461163
2015-10-21,4.411223527690523,1.8377078648982046
2015-10-22,4.441315957306594,1.8687534216158848
2015-10-23,4.492705638632252,1.8892387526862406
2015-10-26,4.499418048529862,1.8845951738636257
2015-10-27,4.509243764037421,1.8809541171417694
2015-10-28,4.561975327359417,1.9023485783182104
2015-10-29,4.534097797327038,1.9012561546471112
2015-10-30,4.525141180495604,1.89306208284669
2015-11-02,4.583140274578341,1.9154587489038826
2015-11-03,4.592366798900564,1.9210131387201914
2015-11-04,4.589977269142322,1.9151855724727012
2015-11-05,4.578309702780142,1.9132744087899307
2015-11-06,4.585604528472056,1.9122728670351614
2015-11-09,4.542458096670988,1.8944275557627182
2015-11-10,4.581113876785552,1.8987972802513915
2015-11-11,4.572814232580905,1.8913323865997567
2015-11-12,4.514436733878049,1.8649300862758071
2015-11-13,4.46170372248948,1.8439901104373773
2015-11-16,4.513392346119488,1.8720320552847216
2015-11-17,4.531667756219105,1.8706659398923777
2015-11-18,4.58804534226141,1.9003458695747317
2015-11-19,4.586815425125751,1.8987073913659844
2015-11-20,4.608395496256213,1.905625901358644
2015-11-23,4.618560497343769,1.9034415395566937
2015-11-24,4.623991816481473,1.9059906475008834
2015-11-25,4.641559433004476,1.905717461861377
2015-11-27,4.643725334843021,1.907902481274449
2015-11-30,4.616650558161374,1.8999816142541652
2015-12-01,4.65817605188123,1.9180992879330248
2015-12-02,4.625058461687564,1.8985252573286042
2015-12-03,4.539538850876034,1.8719406637962934
2015-12-04,4.636470345625919,1.9084487107353667
2015-12-07,4.594108373280092,1.896886622319709
2015-12-08,4.584932437551491,1.8841405305987642
2015-12-09,4.5108466160291245,1.8694817853808685
2015-12-10,4.522185402070665,1.8743078339150114
2015-12-11,4.449985158480437,1.8379810865766144
2015-12-14,4.466316853366716,1.8472670816607035
2015-12-15,4.505189779646208,1.8666599870467107
2015-12-16,4.55924606793696,1.8939724333123815
2015-12-17,4.524095310298669,1.8651119109160486
2015-12-18,4.46594180152585,1.8318848116652453
2015-12-21,4.481443997753026,1.8469965607232672
2015-12-22,4.502533440002071,1.8637564291548574
2015-12-23,4.530982431801152,1.8868357350434966
2015-12-24,4.528461089320836,1.8837221164502427
2015-12-28,4.528686145588898,1.8794175288558366
2015-12-29,4.567800471963945,1.8994749546364154
2015-12-30,4.54153514860066,1.8860118180634444
2015-12-31,4.511803745072792,1.8671453628831012
2016-01-04,4.445998865965584,1.841043342882326
2016-01-05,4.450819710970295,1.8441569522046757
2016-01-06,4.4182984248817965,1.8208953465397906
2016-01-07,4.328353651020583,1.7772093904601416
2016-01-08,4.297322900033641,1.7577013361950327
2016-01-11,4.3062438283083475,1.7594410210925318
2016-01-12,4.335784259941604,1.7736369829991656
2016-01-13,4.234157458465527,1.7294016607701541
2016-01-14,4.2799306351058926,1.7577924177222204
2016-01-15,4.20612756241644,1.7200595050600018
2016-01-19,4.201073710850659,1.7223488870606416
2016-01-20,4.16873101971282,1.7002775888950699
2016-01-21,4.1709109874220145,1.7098013877592997
2016-01-22,4.245292819703147,1.7448790062080282
2016-01-25,4.185713128362642,1.718502455466734
2016-01-26,4.226304870138223,1.7419486890526734
2016-01-27,4.1852414947942345,1.7229905040461326
2016-01-28,4.217527578649111,1.7319657511106643
2016-01-29,4.280438442107357,1.7741862092989817
2016-02-01,4.286626130527154,1.7735454442076313
2016-02-02,4.2139403332906165,1.7415822712384867
2016-02-03,4.21010320184895,1.7520231788653204
2016-02-04,4.208325936680329,1.754770368730013
2016-02-05,4.084504030304035,1.7213420458488173
2016-02-08,4.011686023549004,1.6981705097401918
2016-02-09,4.0135847490028045,1.698262397746474
2016-02-10,4.028952500167199,1.696797408671682
2016-02-11,3.9980862059247593,1.6747254510117067
2016-02-12,4.062666071380156,1.7092525287560163
2016-02-16,4.134062824671594,1.7381020791925237
2016-02-17,4.196426590717034,1.7664933335583644
2016-02-18,4.175006059488773,1.7592577591991758
2016-02-19,4.187244390095429,1.7584331950874392
2016-02-22,4.229602744107088,1.7838944637043719
2016-02-23,4.2037928441682935,1.7613643582792908
2016-02-24,4.216808466070742,1.7694238155598259
2016-02-25,4.250667196688101,1.7908546875406468
2016-02-26,4.238344595925956,1.7867335548251313
2016-02-29,4.2268911958313655,1.7727207217073686
2016-03-01,4.271854730997004,1.8143918018044354
2016-03-02,4.274655094129066,1.822543319852402
2016-03-03,4.278840741153101,1.8296871611286605
2016-03-04,4.278205020472439,1.8356405240260545
2016-03-07,4.270863032481731,1.8371053468078218
2016-03-08,4.279042603781314,1.8170487491840472
2016-03-09,4.286089597332832,1.8260233346611423
2016-03-10,4.277516672691492,1.827488992290708
2016-03-11,4.274886802820636,1.8569794928324317
2016-03-14,4.279727627151407,1.8545982137495929
2016-03-15,4.282181807422749,1.8515749961093955
2016-03-16,4.296245194708059,1.8622914307773775
2016-03-17,4.3063309583472815,1.8741062731870868
2016-03-18,4.305959144535496,1.8814706300107635
2016-03-21,4.298862303125185,1.8841402298729797
2016-03-22,4.292737129700499,1.8831272218783885
2016-03-23,4.301716828119935,1.870699693259052
2016-03-24,4.300074328642604,1.8698709732949383
2016-03-28,4.304559820943759,1.870976029642736
2016-03-29,4.337975184598864,1.8882824456583693
2016-03-30,4.332678244671324,1.8965679080219024
2016-03-31,4.34212844581797,1.8919647101209842
2016-04-01,4.352597200888369,1.9048525466905633
2016-04-04,4.351179037742322,1.8986851484545668
2016-04-05,4.339156967090305,1.8797213090340206
2016-04-06,4.342168694322302,1.9002500086109644
2016-04-07,4.344201231441098,1.8775118450379267
2016-04-08,4.349026085428043,1.8825746871539004
2016-04-11,4.341508863239984,1.878156434969125
2016-04-12,4.351031228750013,1.8956472926535768
2016-04-13,4.3360355168881295,1.9147947520448476
2016-04-14,4.319640298189978,1.9148876387382694
2016-04-15,4.3394477278874035,1.9127699070519595
2016-04-18,4.34800883174317,1.9262102717193461
2016-04-19,4.370985437839734,1.9322864442351764
2016-04-20,4.323903258131691,1.9341274881135146
2016-04-21,4.2883852690479785,1.923725131561644
2016-04-22,4.275034593195064,1.923725131561644
2016-04-25,4.2805605374515485,1.920410283838445
2016-04-26,4.28443548880099,1.9232641671530517
2016-04-27,4.305457129749984,1.9272229371841527
2016-04-28,4.315569315012119,1.9097319050675448
2016-04-29,4.342907949202274,1.8994216062638278
2016-05-02,4.364322637966374,1.91451923487808
2016-05-03,4.3378703868773245,1.8978570782509743
2016-05-04,4.331031531331496,1.8872697686685265
2016-05-05,4.344129562512191,1.8869013547369846
2016-05-06,4.368927004885002,1.893805904174238
2016-05-09,4.352985508204668,1.89537109687792
2016-05-10,4.391641493657063,1.9189373071332176
2016-05-11,4.386315364534429,1.9009861475486862
2016-05-12,4.388824128082246,1.9015386691724712
2016-05-13,4.376422557373324,1.8849684140092753
2016-05-16,4.391245684698731,1.9035640044071593
2016-05-17,4.353413315167844,1.8857967852017843
2016-05-18,4.291537995134255,1.8863489842164272
2016-05-19,4.309474271014064,1.8798131811194039
2016-05-20,4.312866763641676,1.8916893332481572
2016-05-23,4.3049608340884875,1.88911096068694
2016-05-24,4.313190041335301,1.9135984292770771
2016-05-25,4.315704713759645,1.9265784822387695
2016-05-26,4.334039673778221,1.9271311790737542
2016-05-27,4.328986455498056,1.9354158003847215
2016-05-31,4.3337834154935155,1.9317338653660696
2016-06-01,4.348197066628675,1.935692470989671
2016-06-02,4.360044627357597,1.9415836929543537
2016-06-03,4.4915321504670045,1.9357832116716525
2016-06-06,4.4856425832728855,1.9456338704165503
2016-06-07,4.476285192711367,1.94867236683198
2016-06-08,4.528074347702463,1.9550242203054582
2016-06-09,4.562489279412438,1.9523541264263338
2016-06-10,4.548414821248365,1.9338511001874947
2016-06-13,4.539578027310002,1.918937279179871
2016-06-14,4.52697224619263,1.9151637849672278
2016-06-15,4.5596970165986885,1.9124937019215023
2016-06-16,4.550798969737848,1.918201462875139
2016-06-17,4.553136217504754,1.911057447620909
2016-06-20,4.539473650410627,1.923365154458524
2016-06-21,4.516979462907888,1.92882481878597
2016-06-22,4.533875661924548,1.925678461876822
2016-06-23,4.5272315140085135,1.9507560332958742
2016-06-24,4.582287763769361,1.8807054960711582
2016-06-27,4.626577357493146,1.8470222487070733
2016-06-28,4.639914746475625,1.880335252806089
2016-06-29,4.676323537658887,1.9123525861098345
2016-06-30,4.74974694691642,1.9384479757941135
2016-07-01,4.807206589178526,1.9425197439207085
2016-07-05,4.8630249444626745,1.928546286418407
2016-07-06,4.893741584033884,1.9401136877588818
2016-07-07,4.8322284134191325,1.9389107590690606
2016-07-08,4.9050529451958615,1.9677822454507314
2016-07-11,4.904359409064,1.9747220230957627
2016-07-12,4.830352668880558,1.98906553499384
2016-07-13,4.8919961251207145,1.9887880205703978
2016-07-14,4.8573494047335,1.9998916428559244
2016-07-15,4.841015937847998,1.9972085882278687
2016-07-18,4.848049991076208,2.0025758666157865
2016-07-19,4.845572427696663,2.0005397275776464
2016-07-20,4.7708053844267555,2.008868234533717
2016-07-21,4.812991685850278,2.001280036108001
2016-07-22,4.833817553687576,2.0102559571851484
2016-07-25,4.792886315168596,2.0047961221079933
2016-07-26,4.802119208494337,2.005722037196989
2016-07-27,4.851263631734603,2.0035936652572177
2016-07-28,4.861393593744243,2.0059071547546803
2016-07-29,4.921619288537243,2.0091455715016022
2016-08-01,4.928560011390068,2.0074803313775744
2016-08-02,4.913652377629371,1.9946176019023059
2016-08-03,4.8847924477052445,2.000447330605914
2016-08-04,4.892645850293441,2.0025758665790985
2016-08-05,4.816084512628607,2.0189548544888143
2016-08-08,4.827561165401901,2.0177517592910243
2016-08-09,4.842687109973112,2.0189548639550194
2016-08-10,4.871399408249466,2.0139575064966606
2016-08-11,4.84242948629922,2.0233036589574844
2016-08-12,4.816596277147917,2.021545873437692
2016-08-15,4.819736144423473,2.027375283980172
2016-08-16,4.794427857851915,2.01691942033309
2016-08-17,4.776978519354747,2.0207130239016
2016-08-18,4.815261507032193,2.0252470997846306
2016-08-19,4.724904800719473,2.0222858644852093
2016-08-22,4.691110617114939,2.0221929808954537
2016-08-23,4.670201949144308,2.026265252898451
2016-08-24,4.532699342859688,2.015901270857621
2016-08-25,4.555105009536265,2.0145130406064577
2016-08-26,4.536003189063554,2.0107186045688237
2016-08-29,4.586577154057301,2.02061994597893
2016-08-30,4.487517100926315,2.017288974204183
2016-08-31,4.469173984403885,2.011551965744664
2016-09-01,4.524374535833205,2.0116451810627565
2016-09-02,4.608392073949325,2.0207129935796257
2016-09-06,4.7419094232700605,2.0268207400526297
2016-09-07,4.7157689334243775,2.026635123809256
2016-09-08,4.674156986453847,2.0220084982187605
2016-09-09,4.475138059300071,1.9736120078950843
2016-09-12,4.539003519977862,2.001928149608798
2016-09-13,4.39092469266759,1.9731490511277483
2016-09-14,4.391492021797622,1.9724089031871797
2016-09-15,4.440218779344255,1.9921188697713046
2016-09-16,4.415552357327189,1.9844190116006193
2016-09-19,4.461360944641597,1.9847907528140623
2016-09-20,4.472286138229631,1.984883641021294
2016-09-21,4.646507320259785,2.0072048683435995
2016-09-22,4.666981178295105,2.0198529085245904
2016-09-23,4.60932889521882,2.0087856900711443
2016-09-26,4.567400507164386,1.9925098856866241
2016-09-27,4.552218021057542,2.0048795863079554
2016-09-28,4.632040441550893,2.0148304452562695
2016-09-29,4.577673637642082,1.9966016093239891
2016-09-30,4.584067601873369,2.011667985033964
2016-10-03,4.558505261524316,2.006831975431302
2016-10-04,4.371549224376378,1.9966016075919075
2016-10-05,4.4151018502917205,2.0054374482102086
2016-10-06,4.3812511881374645,2.006831989302945
2016-10-07,4.400668590384746,1.999949880088749
2016-10-10,4.422542226299961,2.010366359045707
2016-10-11,4.341870322969408,1.9849767185654292
2016-10-12,4.364562321627131,1.9875806705741448
2016-10-13,4.360704966622493,1.9810706084731664
2016-10-14,4.343332946385923,1.9820935739032635
2016-10-17,4.378102016647783,1.9752111305656634
2016-10-18,4.466682473009918,1.9875806532454952
2016-10-19,4.509692619323176,1.9928812923380226
2016-10-20,4.521479190362514,1.989161479761809
2016-10-21,4.506969081371407,1.9900918901523525
2016-10-24,4.509492761922821,1.9985551539336037
2016-10-25,4.538106854081756,1.991858655135973
2016-10-26,4.497958328176141,1.987859839537095
2016-10-27,4.454782279465914,1.982558535402624
2016-10-28,4.453280429665263,1.976699381035022
2016-10-31,4.514340941079284,1.976791435925197
2016-11-01,4.520402737137937,1.9624695226681759
2016-11-02,4.475731460115675,1.9506583409719118
2016-11-03,4.500812457801687,1.9417292804424464
2016-11-04,4.502397352769185,1.9395906209783815
2016-11-07,4.547523433853118,1.9823720937216769
2016-11-08,4.569628376416323,1.9913003209811018
2016-11-09,4.63425279338854,2.01241262463523
2016-11-10,4.474969353274085,2.0174344192228713
2016-11-11,4.371747454234563,2.0127848582912327
2016-11-14,4.388117792327895,2.01436533721766
2016-11-15,4.4858105433391104,2.030083450087623
2016-11-16,4.4565366273375,2.0262697353182886
2016-11-17,4.408601763203675,2.036686220672034
2016-11-18,4.402040153442737,2.032129216720729
2016-11-21,4.476025467936159,2.04747459664529
2016-11-22,4.550078758716711,2.051473744502203
2016-11-23,4.492026096934106,2.0525907719560843
2016-11-25,4.493269995558383,2.0602163519329784
2016-11-28,4.545905889670236,2.050543656762817
2016-11-29,4.500838427846603,2.0545428115511646
2016-11-30,4.478087262723011,2.049613737346544
2016-12-01,4.381526822671689,2.042080873962224
2016-12-02,4.457950688277594,2.0431035072222867
2016-12-05,4.5100265955874255,2.0553799849902736
2016-12-06,4.5276237657198966,2.0618903599851306
2016-12-07,4.600586850423956,2.088861473549313
2016-12-08,4.599595518980468,2.09397632241929
2016-12-09,4.5324163442731535,2.1066251957924957
2016-12-12,4.519311792727725,2.104207021796497
2016-12-13,4.532878409201674,2.1182504363337564
2016-12-14,4.430349713894292,2.100765719392118
2016-12-15,4.36381409235261,2.109415097050285
2016-12-16,4.341721585586439,2.105289481909323
2016-12-19,4.332977843725727,2.1098734129098635
2016-12-20,4.375257909087685,2.118012312896366
2016-12-21,4.36951013761068,2.112118943635732
2016-12-22,4.353525841154161,2.1084702581606014
2016-12-23,4.391579488090304,2.1115572905502766
2016-12-27,4.45029354740872,2.116796782117611
2016-12-28,4.458373705853617,2.099302430439929
2016-12-29,4.551845046536784,2.098834642879354
2016-12-30,4.462655810451549,2.0911635281897083
2017-01-03,4.5619472913587416,2.1071608246221833
2017-01-04,4.6244236048562435,2.119696872229675
2017-01-05,4.685281630460987,2.118012370322283
2017-01-06,4.625200089031565,2.125590258521193
2017-01-09,4.619572631574942,2.1185743652666975
2017-01-10,4.682818573657438,2.1185743652666975
2017-01-11,4.710994945312674,2.1245616259088904
2017-01-12,4.68743779084504,2.1192285938067665
2017-01-13,4.704497528819352,2.1240931770824205
2017-01-17,4.684980688798763,2.11660916842322
2017-01-18,4.6988859224762685,2.121286980515894
2017-01-19,4.683365351431506,2.1134287577480517
2017-01-20,4.733972268246004,2.121193262526855
2017-01-23,4.787769689068564,2.1156735994787708
2017-01-24,4.847064952807934,2.129238600426341
2017-01-25,4.8661259672990855,2.1476686935648233
2017-01-26,4.824381845927125,2.145423348899075
2017-01-27,4.84899052462458,2.1420554847802067
2017-01-30,4.794502738509832,2.1287711635419098
2017-01-31,4.804252526400828,2.1285840445566344
2017-02-01,4.813097269246183,2.1294260485471397
2017-02-02,4.838958304238711,2.1308292338418298
2017-02-03,4.879852308282186,2.1455172315253326
2017-02-06,4.898623851617636,2.141680767798125
2017-02-07,4.882867334429899,2.1417748304174467
2017-02-08,4.901610311207063,2.1445811765599943
2017-02-09,4.900224904552473,2.157304333306172
2017-02-10,4.941304336040431,2.1658176171045245
2017-02-13,4.969384752164436,2.177605209434673
2017-02-14,4.998053123463855,2.1863056132884484
2017-02-15,5.033783443058131,2.1977189812490034
2017-02-16,5.016857638043269,2.1958483487837337
2017-02-17,5.000568315221176,2.199309598660471
2017-02-21,5.050105023550117,2.2124066412721657
2017-02-22,5.028596529548607,2.210442134795048
2017-02-23,4.9599158536777495,2.2119386925379896
2017-02-24,4.905011914348494,2.214745222470469
2017-02-27,4.919770201021071,2.218206647778668
2017-02-28,4.877022565663851,2.2122193753053163
2017-03-01,5.008819721495394,2.2431850044999275
2017-03-02,4.861171538541791,2.2290585020703895
2017-03-03,4.907906222092344,2.2304625191490888
2017-03-06,4.863698209402725,2.2238200233300613
2017-03-07,4.830433398811194,2.2171778509697786
2017-03-08,4.790567765798965,2.2130617046330103
2017-03-09,4.768533725674627,2.2158680660500383
2017-03-10,4.799151721649985,2.223632910927091
2017-03-13,4.827747440140876,2.2247552451662234
2017-03-14,4.788507339721482,2.2162416185366784
2017-03-15,4.8730793751344565,2.235420308631009
2017-03-16,4.8670366477157865,2.231023505134369
2017-03-17,4.83228499131041,2.227105270103477
2017-03-20,4.841555881397509,2.224662670127438
2017-03-21,4.672577172912124,2.1960987578283095
2017-03-22,4.694530749151866,2.201266463698318
2017-03-23,4.686285458828464,2.1989174262169113
2017-03-24,4.694625618786233,2.1973198247500676
2017-03-27,4.688231983197305,2.1950655064490636
2017-03-28,4.734762630751875,2.2110386908303226
2017-03-29,4.745384873718806,2.2131049064869037
2017-03-30,4.778855346211662,2.2201523620132186
2017-03-31,4.769798785872309,2.2149844911586367
2017-04-03,4.768213087831923,2.211132566678977
2017-04-04,4.783396260054623,2.2125417214637215
2017-04-05,4.710916171148118,2.205964542939161
2017-04-06,4.723606025875069,2.2121656857465264
2017-04-07,4.733933482479984,2.2099106925331036
2017-04-10,4.718172860948365,2.2112257882871234
2017-04-11,4.729546923904386,2.2085955794364716
2017-04-12,4.651989633189094,2.1989174031776018
2017-04-13,4.577001665165673,2.1846355445898333
2017-04-17,4.6565762617573485,2.203991721363875
2017-04-18,4.638838080372774,2.1974147015084844
2017-04-19,4.610573352578318,2.1933741612777915
2017-04-20,4.685535944070034,2.2112257923052736
2017-04-21,4.662315478031826,2.2041791685116445
2017-04-24,4.760562694910166,2.2284203783382686
2017-04-25,4.788559868158141,2.241387311393577
2017-04-26,4.781067976342173,2.2399774787747107
2017-04-27,4.756990972940985,2.2418569094785017
2017-04-28,4.723317167887045,2.2369703788100495
2017-05-01,4.751409305599971,2.2426083494739872
2017-05-02,4.756927674097566,2.2434540146564905
2017-05-03,4.743213980097529,2.2407295865356316
2017-05-04,4.709121524746974,2.243359463629461
2017-05-05,4.73890561798208,2.2521923101463934
2017-05-08,4.725402544197979,2.2518165994252146
2017-05-09,4.735879303153026,2.249749229123448
2017-05-10,4.786282068894685,2.2537897562414617
2017-05-11,4.779432173315447,2.249186052595875
2017-05-12,4.796776340322868,2.2454268529950085
2017-05-15,4.847299805810414,2.257829131403499
2017-05-16,4.881976192346261,2.255762585556108
2017-05-17,4.716967622784227,2.2157362891227486
2017-05-18,4.586283778010432,2.22466269296656
2017-05-19,4.675274605287757,2.2391313429559414
2017-05-22,4.676104050180853,2.2505008458281885
2017-05-23,4.724092913650725,2.255480934139905
2017-05-24,4.737893521912371,2.260742023857261
2017-05-25,4.73598002408098,2.2715476925086917
2017-05-26,4.747392386205492,2.271077595713727
2017-05-30,4.740900165139336,2.269104778738658
2017-05-31,4.710111096945057,2.268541291948954
2017-06-01,4.73233459151096,2.2865812086962034
2017-06-02,4.735710806298609,2.2941918427254158
2017-06-05,4.73924923327813,2.292500518615122
2017-06-06,4.751936523277895,2.2851718988072234
2017-06-07,4.768132658646451,2.2894002209267432
2017-06-08,4.845220330246475,2.290527223973499
2017-06-09,4.798686370561802,2.287050684658224
2017-06-12,4.777141262989677,2.286581244634691
2017-06-13,4.7999551751807,2.297762123873081
2017-06-14,4.773007020653222,2.2948497563363146
2017-06-15,4.720186405384883,2.290433501568226
2017-06-16,4.710459174128209,2.290934694227039
2017-06-19,4.757775317214142,2.3100058779106423
2017-06-20,4.683132243751923,2.2944275216708356
2017-06-21,4.689395702763702,2.29386052274168
2017-06-22,4.693444482050296,2.29282259673235
2017-06-23,4.70622479040257,2.295560318625752
2017-06-26,4.7180459544095585,2.2970711875606615
2017-06-27,4.657532826706227,2.27856582127869
2017-06-28,4.730599249793123,2.2989597600915133
2017-06-29,4.692135403523896,2.2787539268848978
2017-06-30,4.688757057714844,2.2830031649074383
2017-07-03,4.6919333835945505,2.286873859793349
2017-07-05,4.726088319496116,2.2921610435509754
2017-07-06,4.684159800525103,2.2712006290259383
2017-07-07,4.733884949427951,2.2859298420573033
2017-07-10,4.7621435210912475,2.2883849078483744
2017-07-11,4.779491393093317,2.286685438796561
2017-07-12,4.839104642129519,2.303868873727524
2017-07-13,4.845546041989509,2.307740571447201
2017-07-14,4.868770048719793,2.3185038503950253
2017-07-17,4.8642975272577615,2.3182203669292374
2017-07-18,4.876296869605015,2.3194482355287853
2017-07-19,4.8989322135615305,2.3320055427200796
2017-07-20,4.902265435057752,2.333044311269029
2017-07-21,4.881767618131092,2.3309666419880712
2017-07-24,4.900453946614847,2.33040065997773
2017-07-25,4.921818714706353,2.336065724158096
2017-07-26,4.919191830435221,2.33615961063955
2017-07-27,4.8810179127958175,2.3339877064111345
2017-07-28,4.868831529464534,2.3312498221321287
2017-07-31,4.864376680171662,2.329928073420475
2017-08-01,4.890078853470881,2.3351213665997252
2017-08-02,4.880550701743643,2.3362540172185944
2017-08-03,4.871376199761202,2.3317219414131323
2017-08-04,4.888498720549891,2.33597101498975
2017-08-07,4.903730259097129,2.340314823171254
2017-08-08,4.893558904612771,2.3345548871347614
2017-08-09,4.876922268305278,2.3344608279183587
2017-08-10,4.775642240852476,2.3015085826896193
2017-08-11,4.7831703168015185,2.3049078418209943
2017-08-14,4.8678485730768575,2.327756508502358
2017-08-15,4.864265547990814,2.3274733369230987
2017-08-16,4.871479879047592,2.3315336374340943
2017-08-17,4.770731396630801,2.2951826265468505
2017-08-18,4.772983961829099,2.29159475116138
2017-08-21,4.767122375611784,2.293388932355854
2017-08-22,4.831318127672666,2.3173705793470485
2017-08-23,4.825294773826715,2.309062180130033
2017-08-24,4.83140247837356,2.3036799640037464
2017-08-25,4.837190430166227,2.309062189724446
2017-08-28,4.825309587574864,2.309156399461787
2017-08-29,4.831542918254017,2.3118004066307343
2017-08-30,4.875602579624196,2.3227517981630132
2017-08-31,4.899431742747267,2.3367265879016252
2017-09-01,4.91173433970753,2.340031303478565
2017-09-05,4.835284629965752,2.32322456684853
2017-09-06,4.8294727248975535,2.331155405016872
2017-09-07,4.8002531228784,2.330872402750703
2017-09-08,4.806944424363968,2.328134676570052
2017-09-11,4.890818431709111,2.3529656297764774
2017-09-12,4.926474643064663,2.360896465139233
2017-09-13,4.927506307902499,2.3620300967948986
2017-09-14,4.921963389764758,2.3612748376714485
2017-09-15,4.947250642741122,2.364453916436399
2017-09-18,5.004729379873213,2.3694821877796315
2017-09-19,5.032310674042821,2.371854323787461
2017-09-20,5.0370463159043535,2.3727082862181974
2017-09-21,5.038954390880438,2.366351278723596
2017-09-22,5.049568784233528,2.3668253772022885
2017-09-25,5.010974483163025,2.361986047694792
2017-09-26,5.021240228063075,2.363409663925459
2017-09-27,5.0990489638964345,2.372612899327268
2017-09-28,5.107891850968033,2.375459963628074
2017-09-29,5.138684855741803,2.383810061719221
2017-10-02,5.175824210415944,2.3941526030815994
2017-10-03,5.1800640282574575,2.3992762572428763
2017-10-04,5.173057478945421,2.402122998522095
2017-10-05,5.212690969692333,2.4163556733732583
2017-10-06,5.224220789699211,2.4136041450044314
2017-10-09,5.223700342316877,2.409618946656449
2017-10-10,5.24043354706063,2.415975955169139
2017-10-11,5.245225612817273,2.4197717191520645
2017-10-12,5.245390277259953,2.4161662350928106
2017-10-13,5.250992006715173,2.419106854370893
2017-10-16,5.261193320722712,2.4223337977682124
2017-10-17,5.24635419439959,2.4240419064457086
2017-10-18,5.260740813814078,2.4264137102490704
2017-10-19,5.284283513230293,2.4270779167381136
2017-10-20,5.335045303657358,2.4396020028501697
2017-10-23,5.319578782784788,2.430114097908845
2017-10-24,5.351364276081674,2.4343837840777303
2017-10-25,5.316234449124597,2.422333803441086
2017-10-26,5.329003359873529,2.4254645245420057
2017-10-27,5.372411545703182,2.4452954620596947
2017-10-30,5.362304332556376,2.4361872744285242
2017-10-31,5.380677627403649,2.4399820258984106
2017-11-01,5.378252247879342,2.4432086337296384
2017-11-02,5.392465633118331,2.444157478234634
2017-11-03,5.400084420552069,2.452317322417295
2017-11-06,5.427664256964262,2.4561130927384522
2017-11-07,5.4033571575977914,2.454405480110726
2017-11-08,5.428820881583232,2.4585796138785856
2017-11-09,5.368618334148225,2.4496608704712797
2017-11-10,5.36576224333265,2.448901279628564
2017-11-13,5.38026588833923,2.4511785374175035
2017-11-14,5.391514889805625,2.4454852340522146
2017-11-15,5.3666464301627865,2.4332453114524073
2017-11-16,5.404444454707935,2.4539298918609083
2017-11-17,5.408657157728348,2.4467190924915716
2017-11-20,5.448305796438992,2.450893904811899
2017-11-21,5.49830632920283,2.466929588943363
2017-11-22,5.479988277412145,2.4647475403833505
2017-11-24,5.497094238468188,2.4704403431298982
2017-11-27,5.471239339588017,2.469207321650239
2017-11-28,5.544252804927954,2.4942573064680142
2017-11-29,5.506704147256018,2.4927384783663866
2017-11-30,5.519862860291534,2.514562179398021
2017-12-01,5.498195859940999,2.5093438090896036
2017-12-04,5.4744920032884865,2.5063074779871672
2017-12-05,5.447606698251628,2.497293342637988
2017-12-06,5.445074970289124,2.497768103075357
2017-12-07,5.490773721759097,2.5056431163060946
2017-12-08,5.513246642022867,2.5193069895736597
2017-12-11,5.522991398591912,2.5268978378847344
2017-12-12,5.495478265054449,2.531357130306185
2017-12-13,5.501869561740556,2.5310728082733087
2017-12-14,5.491919660104521,2.5207294526886592
2017-12-15,5.554454063567491,2.541721129693458
2017-12-18,5.612228611296741,2.55783907297924
2017-12-19,5.585224921317069,2.548015154873258
2017-12-20,5.59842217980211,2.5466802752137716
2017-12-21,5.595692529524655,2.5519260800454733
2017-12-22,5.590031975228327,2.5512588789718453
2017-12-26,5.574776311579957,2.548207088613408
2017-12-27,5.584720097701942,2.549445746597112
2017-12-28,5.605911395413143,2.5546910527595337
2017-12-29,5.581125522400785,2.545058258035267
2018-01-02,5.662088913498854,2.5632748179241456
2018-01-03,5.745783830866677,2.5794879669042348
2018-01-04,5.765568436162781,2.590360276530819
2018-01-05,5.817214083645085,2.607622981389279
2018-01-08,5.84153466677844,2.61239086355337
2018-01-09,5.82927106967574,2.618303357175307
2018-01-10,5.792747370831624,2.6142972221236613
2018-01-11,5.851592372377213,2.6333720758032757
2018-01-12,5.900192254762358,2.650539397037528
2018-01-16,5.8625351170852165,2.6414790582166345
2018-01-17,5.972579257975721,2.6666565007635605
2018-01-18,5.973541059343816,2.6621732911879117
2018-01-19,6.019368512284678,2.674286419258413
2018-01-22,6.05136491733248,2.696030534018983
2018-01-23,6.073174098644437,2.701753074509881
2018-01-24,6.041935298502959,2.70070401080858
2018-01-25,5.998643445134273,2.7018474618797157
2018-01-26,6.088903923423427,2.7331299921628514
2018-01-29,6.025028396322816,2.7150089850079127
2018-01-30,5.951044047715928,2.687160296195901
2018-01-31,5.982290349998602,2.68849635229517
2018-02-01,5.96835488357073,2.685444559430789
2018-02-02,5.825802583237861,2.6269831832964576
2018-02-05,5.5762085091568805,2.5171153910180863
2018-02-06,5.711340021130997,2.5667078501634637
2018-02-07,5.694569131567316,2.5527844097582313
2018-02-08,5.463863093026943,2.45703214697183
2018-02-09,5.559136960447351,2.49394050450821
2018-02-12,5.6495015746713975,2.5305625493920156
2018-02-13,5.664461147868531,2.536857070677373
2018-02-14,5.771599879193235,2.571094848863225
2018-02-15,5.855727556227807,2.6039025076427413
2018-02-16,5.863771678581414,2.6046649042579544
2018-02-20,5.865181373543028,2.588357540085429
2018-02-21,5.832567106930287,2.5754821696394807
2018-02-22,5.82452577671752,2.5788204581181238
2018-02-23,5.903149233622527,2.6199253862928655
2018-02-26,5.9690772182603355,2.650347776483721
2018-02-27,5.8898549707818475,2.6172542884830903
2018-02-28,5.824778814762432,2.5907414763682137
2018-03-01,5.761523478117415,2.55306986726415
2018-03-02,5.815978144724254,2.566230891368499
2018-03-05,5.866549557760781,2.5958922092048216
2018-03-06,5.917440527133646,2.6024723806124026
2018-03-07,5.943970568119204,2.601518210138775
2018-03-08,5.9576972845780976,2.6141072689398217
2018-03-09,6.0664356830985176,2.659598198903567
2018-03-12,6.079439687474542,2.6562610946594747
2018-03-13,6.027427889275072,2.639094768271739
2018-03-14,6.011112453941365,2.6255518839950853
2018-03-15,6.003001775309855,2.6226905312963886
2018-03-16,6.010210371802908,2.6255347867237693
2018-03-19,5.941720137919374,2.5900104871436125
2018-03-20,5.972876381320236,2.5944151107782587
2018-03-21,5.979438376435497,2.589435857409351
2018-03-22,5.807727826926229,2.524706900662215
2018-03-23,5.676674885461983,2.4708942626516714
2018-03-26,5.872986394121341,2.538495384656731
2018-03-27,5.7189349921515324,2.495311440416243
2018-03-28,5.658216496121762,2.487938269218987
2018-03-29,5.754364988686228,2.519727452625044
2018-04-02,5.592242776033676,2.465340193845663
2018-04-03,5.668198877646358,2.496938434456781
2018-04-04,5.751907828724954,2.5236533036139557
2018-04-05,5.777463996308078,2.5435706568724687
2018-04-06,5.632847701631661,2.4868846920848218
2018-04-09,5.649569981447534,2.499140905388211
2018-04-10,5.766614674634481,2.538878045508974
2018-04-11,5.743112388795799,2.525568637463685
2018-04-12,5.8157291587680175,2.546347273570377
2018-04-13,5.777987533845175,2.5388780731128127
2018-04-16,5.823332962041625,2.5597519161889624
2018-04-17,5.919619106555652,2.5871374732593484
2018-04-18,5.925110168329717,2.5890526276453034
2018-04-19,5.845782256504217,2.5746896769597574
2018-04-20,5.787266266226137,2.552858496985364
2018-04-23,5.76721355208018,2.5524752873963816
2018-04-24,5.672645048164259,2.518101077176262
2018-04-25,5.651927243044259,2.5243236574721153
2018-04-26,5.734636528014642,2.5499855026389553
2018-04-27,5.70726247234322,2.5523800665252083
2018-04-30,5.662759210368425,2.5327507068617887
2018-05-01,5.6887386134812,2.537251050282783
2018-05-02,5.659448541182701,2.520207193215061
2018-05-03,5.6737041548107605,2.5146536394420202
2018-05-04,5.755140244707228,2.5472082197255546
2018-05-07,5.804217281368034,2.5558268515694893
2018-05-08,5.849229599907951,2.5558268515694893
2018-05-09,5.926113528122851,2.580531192775806
2018-05-10,5.982796787851748,2.6046602432513613
2018-05-11,5.968288645999317,2.612608207704028
2018-05-14,5.970077156068709,2.613852697497686
2018-05-15,5.910508102466226,2.5958508325847496
2018-05-16,5.94900495978607,2.6067678390122344
2018-05-17,5.940403279001251,2.6045651983913043
2018-05-18,5.943038152902861,2.598053160299678
2018-05-21,5.989294749881505,2.617587298479213
2018-05-22,5.955976145143107,2.610309856096108
2018-05-23,5.983426583518245,2.6174910795412143
2018-05-24,5.987895800393835,2.6121289658403986
2018-05-25,5.973086527648873,2.605904732698015
2018-05-29,5.906697569930729,2.5759341702491603
2018-05-30,5.969552197942203,2.610309857195085
2018-05-31,5.939201794748765,2.594319725484274
2018-06-01,6.020471796356488,2.619789459389216
2018-06-04,6.060460315190242,2.6322375985886604
2018-06-05,6.06473440842798,2.6341521039612417
2018-06-06,6.106407104329102,2.6561755384813934
2018-06-07,6.03422316884542,2.655888219973396
2018-06-08,6.071016912780268,2.66374014102469
2018-06-11,6.066650871197099,2.667282649038239
2018-06-12,6.082020674136316,2.6707301118621207
2018-06-13,6.067384778756671,2.6622078387824697
2018-06-14,6.056421703886965,2.668909813906213
2018-06-15,6.013119513292245,2.6655060731532436
2018-06-18,6.0235032497699414,2.660023313746193
2018-06-19,5.971083243746785,2.649827683786702
2018-06-20,5.982394225231777,2.6543486342928415
2018-06-21,5.9163138766473065,2.637709080117673
2018-06-22,5.924730706639353,2.642517834787454
2018-06-25,5.8147435873674045,2.606545873706773
2018-06-26,5.8474970927849315,2.6123167923366184
2018-06-27,5.770384586441311,2.5906748971314983
2018-06-28,5.816841180179329,2.6054880394055595
2018-06-29,5.845387334441527,2.6092387697126855
2018-07-02,5.850879871174681,2.614817087370842
2018-07-03,5.824081463724486,2.6055837760127725
2018-07-05,5.892043715539067,2.626839320726514
2018-07-06,5.944979780623876,2.649058519926059
2018-07-09,5.9961665222944385,2.6729118878969773
2018-07-10,6.012945000100604,2.682530414783812
2018-07-11,5.930771307092178,2.662908536384097
2018-07-12,6.003939908817752,2.6870505450622115
2018-07-13,6.00441320880925,2.689166624236954
2018-07-16,5.976134143496384,2.686762079008226
2018-07-17,6.031085713153583,2.6976303808968844
2018-07-18,6.072273237622477,2.703305251047658
2018-07-19,6.0314950155619345,2.693109600128069
2018-07-20,6.033019693561756,2.690032533892251
2018-07-23,6.047349802693764,2.6950347300899993
2018-07-24,6.045411697155758,2.70859506683792
2018-07-25,6.092941780364144,2.7316793662405034
2018-07-26,6.090149057784409,2.7252357716842406
2018-07-27,6.011885616914141,2.706768129720349
2018-07-30,5.909788047537477,2.6926294888008426
2018-07-31,5.942815866154588,2.7059021865611044
2018-08-01,5.948047148474008,2.701381408718995
2018-08-02,5.999560809650517,2.7160976701916457
2018-08-03,6.008181848787143,2.7277362030303705
2018-08-06,6.04050171353442,2.7377385934679865
2018-08-07,6.065935110432357,2.7467798109085986
2018-08-08,6.074966108524963,2.7456263831304017
2018-08-09,6.070416881965142,2.74187517108445
2018-08-10,6.012965496240959,2.7235035655256192
2018-08-13,5.997869228030416,2.7133079392828243
2018-08-14,6.0313227684497885,2.7306211773802764
2018-08-15,5.956668076191755,2.710230400269248
2018-08-16,5.97830899230935,2.7321599585299867
2018-08-17,5.968230172590931,2.7417788008799877
2018-08-20,5.977851075461004,2.747646097842719
2018-08-21,6.02045099393776,2.7540898499949185
2018-08-22,6.048219526268158,2.7524556832415255
2018-08-23,6.055937472618893,2.7487993486364646
2018-08-24,6.135700915618607,2.7653435197881095
2018-08-27,6.186307057618992,2.7871761834111886
2018-08-28,6.202348807568253,2.788523030558298
2018-08-29,6.259318470969684,2.8035279335595806
2018-08-30,6.223399441559453,2.792178215179196
2018-08-31,6.236528084393219,2.7922742661097986
2018-09-04,6.243890422179683,2.787465830209844
2018-09-05,6.159393817427332,2.779962892058643
2018-09-06,6.110155143697824,2.7715956763472382
2018-09-07,6.103331025731841,2.7662089692864305
2018-09-10,6.139184469215742,2.771017885269086
2018-09-11,6.170468684015655,2.7801548179625413
2018-09-12,6.158647514223012,2.7808284772764815
2018-09-13,6.205310536816996,2.79727543703077
2018-09-14,6.213474033084823,2.7977560089508517
2018-09-17,6.120024454653648,2.7829448844823865
2018-09-18,6.170390694612417,2.798045171255037
2018-09-19,6.15217621444854,2.8010270200135916
2018-09-20,6.210816935352322,2.8237261228297283
2018-09-21,6.188467515154228,2.821146084271299
2018-09-24,6.202013611235269,2.811773503481368
2018-09-25,6.20906659432928,2.8091658928519743
2018-09-26,6.198314275900001,2.8007594639176148
2018-09-27,6.231814305118019,2.8085859621787757
2018-09-28,6.240700446547706,2.808875780164213
2018-10-01,6.247274182182517,2.818633870802019
2018-10-02,6.205724500248788,2.816992072944954
2018-10-03,6.214416376709756,2.818537164927043
2018-10-04,6.101666857103684,2.7965097332757054
2018-10-05,6.043371152404712,2.7808562700436945
2018-10-08,5.986003575872327,2.7808562700436945
2018-10-09,5.986990984228016,2.7767987782771995
2018-10-10,5.728945657816047,2.6888763321289018
2018-10-11,5.654321233326983,2.6296493942678145
2018-10-12,5.808661608460251,2.6661712272871156
2018-10-15,5.744644961364027,2.6511949169160474
2018-10-16,5.91194709016056,2.709165573802045
2018-10-17,5.893210424859869,2.7096486451155095
2018-10-18,5.76554948013571,2.670518690320856
2018-10-19,5.726117667780931,2.6690703078039735
2018-10-22,5.760522531170093,2.6570894650784123
2018-10-23,5.739425426218463,2.6435623554661714
2018-10-24,5.506378221490221,2.5634665664884446
2018-10-25,5.681869912895305,2.6094552079605786
2018-10-26,5.539810344581799,2.5635629540691447
2018-10-29,5.465028756550244,2.549360020599086
2018-10-30,5.545610564154754,2.5871374826219316
2018-10-31,5.660024726334118,2.6147698184470722
2018-11-01,5.737261514467539,2.6425965649227607
2018-11-02,5.6800257468196,2.6269447561543453
2018-11-05,5.672816686363596,2.641437347679573
2018-11-06,5.7027309856834965,2.658152178315075
2018-11-07,5.872898027488702,2.715060319066926
2018-11-08,5.855555905745864,2.7101329189974708
2018-11-09,5.757552179420225,2.6836596631114737
2018-11-12,5.601616489321643,2.633514006293421
2018-11-13,5.601495578512888,2.6285869386039065
2018-11-14,5.552151126181018,2.6106159994231453
2018-11-15,5.635557016863235,2.637861641088805
2018-11-16,5.619773581532358,2.644721980616018
2018-11-19,5.445796671760101,2.5999881215943064
2018-11-20,5.356584085566419,2.551871961419646
2018-11-21,5.4018343981606245,2.5605677203153796
2018-11-23,5.385523037476292,2.5434670200066076
2018-11-26,5.48218618931231,2.584528751577594
2018-11-27,5.476219676184963,2.593224321026414
2018-11-28,5.624245478318135,2.6529338296629112
2018-11-29,5.622350875179249,2.6471378324785553
2018-11-30,5.671533112224809,2.663271714025459
2018-12-03,5.72950514556314,2.6985381188773734
2018-12-04,5.558004401710199,2.6110987374804493
2018-12-06,5.5721152193665295,2.607137622362729
2018-12-07,5.416102630369309,2.546558537568776
2018-12-10,5.464665642347188,2.5513890535275197
2018-12-11,5.468361565658985,2.551969341453854
2018-12-12,5.525612801173173,2.564818966442555
2018-12-13,5.516635273460316,2.5639495441093105
2018-12-14,5.39386115074073,2.5166067542067365
2018-12-17,5.268817656914381,2.4672351324224797
2018-12-18,5.289633151361663,2.464529636393319
2018-12-19,5.204213363073691,2.427621777079955
2018-12-20,5.120522733295015,2.3881048041353408
2018-12-21,5.022943223552857,2.3391732053679526
2018-12-24,4.919248754996825,2.2773657463806205
2018-12-26,5.140450732660984,2.392429491300899
2018-12-27,5.1760394093927475,2.410797273023182
2018-12-28,5.171894870214398,2.4076871516772003
2018-12-31,5.2125079085767165,2.4287753611325953
2019-01-02,5.196569679254692,2.4313022104428104
2019-01-03,5.089952262845061,2.3732845320554556
2019-01-04,5.222124016222862,2.452779596084279
2019-01-07,5.261756138321788,2.472118831143157
2019-01-08,5.312572037649579,2.4953453764092797
2019-01-09,5.321418295111019,2.507006849003399
2019-01-10,5.346887037530001,2.5158508170646288
2019-01-11,5.344538435827577,2.516822262540622
2019-01-14,5.3011153843414345,2.501468061141099
2019-01-15,5.363829351680134,2.530136661164099
2019-01-16,5.365585195868997,2.5362595159800168
2019-01-17,5.39465080594837,2.555501203874331
2019-01-18,5.430724988278059,2.5895147971228383
2019-01-22,5.405148202625138,2.5545288985048304
2019-01-23,5.415832318566436,2.5598734072304152
2019-01-24,5.425155838765355,2.5612346967109123
2019-01-25,5.435761907826191,2.582906020625498
2019-01-28,5.42404802515915,2.563276167330286
2019-01-29,5.426180639824732,2.5598734182181553
2019-01-30,5.469409342787334,2.6003992350791822
2019-01-31,5.523082994718764,2.6232367732894026
2019-02-01,5.5149118870897915,2.624499704401535
2019-02-04,5.539101826980632,2.6429646870118164
2019-02-05,5.555808859133101,2.6540435456757727
2019-02-06,5.548924978248537,2.6505450650951694
2019-02-07,5.569234433186674,2.6252772334514627
2019-02-08,5.5878281465437345,2.6284852434724235
2019-02-11,5.590849528330872,2.6299430802430104
2019-02-12,5.589554456089026,2.663761912803317
2019-02-13,5.593253873634052,2.6724111210965704
2019-02-14,5.6035086678882475,2.6664828313343083
2019-02-15,5.6125292513926155,2.695540774659117
2019-02-19,5.618896486740314,2.700205300148034
2019-02-20,5.612745575175449,2.7056473479140584
2019-02-21,5.617308630685894,2.6960271752602885
2019-02-22,5.641947758149754,2.712741168773043
2019-02-25,5.624616339407916,2.7164345658743274
2019-02-26,5.622973799255646,2.7144904951485684
2019-02-27,5.615571882676959,2.7133242957420425
2019-02-28,5.621105084279537,2.70827143470554
2019-03-01,5.623182083280164,2.72518068990441
2019-03-04,5.6239130723086275,2.7152680359075307
2019-03-05,5.627583334577645,2.7115746468670485
2019-03-06,5.61630539896081,2.69515129000889
2019-03-07,5.626214681646673,2.6726052175044237
2019-03-08,5.628689991940406,2.6672605415904584
2019-03-11,5.679743437300042,2.7059395002630673
2019-03-12,5.6993974165960495,2.716143787534324
2019-03-13,5.710934239585345,2.7341222148783926
2019-03-14,5.721252425409996,2.73237223995476
2019-03-15,5.717133233144725,2.7458724266890955
2019-03-18,5.7042688724277015,2.7558287678972007
2019-03-19,5.689625841454337,2.756511579591023
2019-03-20,5.692885152109548,2.748214314345759
2019-03-21,5.769020955092353,2.779254213294139
2019-03-22,5.7426496439592185,2.7257631303227208
2019-03-25,5.747211440249437,2.723713710797925
2019-03-26,5.778882186345813,2.7440177436036164
2019-03-27,5.754111646971535,2.7296692473821356
2019-03-28,5.771125223782679,2.740014448159482
2019-03-29,5.78731631983405,2.7572932806711647
2019-04-01,5.786111967472848,2.7899914426550554
2019-04-02,5.806432188262123,2.7913587337613572
2019-04-03,5.803580052512204,2.795750406370771
2019-04-04,5.778738125767769,2.803168426839003
2019-04-05,5.812496878581572,2.8167372477041703
2019-04-08,5.791659086905649,2.818884221169115
2019-04-09,5.784293942563407,2.804437665046361
2019-04-10,5.8135980260924,2.8140036580105874
2019-04-11,5.813349472492982,2.8132239538770256
2019-04-12,5.8295899125595625,2.832256933065939
2019-04-15,5.816965574466606,2.830401748129642
2019-04-16,5.729290481996105,2.8322569066514363
2019-04-17,5.664113203372043,2.825327082065087
2019-04-18,5.685762833500848,2.8308899533167775
2019-04-22,5.671152951792552,2.833330718325628
2019-04-23,5.7358079073751345,2.858807603145204
2019-04-24,5.757252491479283,2.8524627369627074
2019-04-25,5.777138421232621,2.8507059336876397
2019-04-26,5.8153810912348565,2.8639806164596275
2019-04-29,5.785700986404704,2.8684703070332143
2019-04-30,5.839206172282674,2.8699349766566886
2019-05-01,5.80522474854494,2.848363196502698
2019-05-02,5.805917055017139,2.8422127543361215
2019-05-03,5.85059294538051,2.8700327022632215
2019-05-06,5.831851984817111,2.8582216853839246
2019-05-07,5.733600315139913,2.810489383238013
2019-05-08,5.718616429781772,2.8065849389672435
2019-05-09,5.71674167426603,2.79809308298326
2019-05-10,5.771253746399726,2.8121501150326207
2019-05-13,5.700066179820381,2.7414788985012737
2019-05-14,5.7417129102126925,2.7662721482895947
2019-05-15,5.776408017017935,2.782475670386366
2019-05-16,5.82165461012141,2.8082453462095955
2019-05-17,5.798691994348709,2.790089113325386
2019-05-20,5.725855764346016,2.7716414068196635
2019-05-21,5.769703094142767,2.796629084490018
2019-05-22,5.784877450347548,2.7880395179199153
2019-05-23,5.763499086619188,2.753973243701517
2019-05-24,5.762538891610118,2.7602207421637837
2019-05-28,5.7207389722780935,2.734549281549082
2019-05-29,5.675265506825491,2.7161991159407397
2019-05-30,5.696642074394188,2.723616159380666
2019-05-31,5.679013838796209,2.6869155133414964
2019-06-03,5.671364482312261,2.68008290214431
2019-06-04,5.724157771663988,2.7382582824646793
2019-06-05,5.77867562453064,2.7619770483248054
2019-06-06,5.802791581128035,2.779937853632816
2019-06-07,5.825193920634913,2.807756469339091
2019-06-10,5.819877245450101,2.820640983001241
2019-06-11,5.8167940483569005,2.819958331470535
2019-06-12,5.825864403330899,2.8149800616309073
2019-06-13,5.8453120182528915,2.8265946693651967
2019-06-14,5.832715961561462,2.823471904106375
2019-06-17,5.842365376566871,2.8245460657575734
2019-06-18,5.866383190024889,2.854120475339088
2019-06-19,5.913295286238353,2.8605643943834895
2019-06-20,5.97697154923518,2.887894455452581
2019-06-21,5.955802905274652,2.883696554314246
2019-06-24,5.948603573449034,2.880165352535626
2019-06-25,5.872032334292969,2.8519176700141764
2019-06-26,5.807537556734775,2.8490730817725742
2019-06-27,5.836306451610846,2.859175837939078
2019-06-28,5.8496198011178,2.8738879273555025
2019-07-01,5.8661212988353535,2.8999786625983957
2019-07-02,5.913476065065538,2.9075309610302544
2019-07-03,5.976923410694296,2.930777456097051
2019-07-05,5.999413837734661,2.927442670968631
2019-07-08,6.012881126787901,2.9113569882546195
2019-07-09,6.03283758347942,2.9149849175383933
2019-07-10,6.077088763209096,2.9289149891626276
2019-07-11,6.057767383680662,2.9357793407769788
2019-07-12,6.043650390516763,2.948923089105778
2019-07-15,6.04189828686526,2.9499035175652133
2019-07-16,6.022207889720834,2.940389695233608
2019-07-17,6.023242756633328,2.920379961106883
2019-07-18,6.0630731545051155,2.931073282780071
2019-07-19,5.989014796444989,2.9147904965473725
2019-07-22,5.98656175267261,2.921949309450608
2019-07-23,5.987738019850174,2.9428424450123964
2019-07-24,5.9923408760152155,2.9566721565121856
2019-07-25,5.953710065195727,2.9425483110208566
2019-07-26,5.987916094241874,2.9622629138969665
2019-07-29,6.004266387152477,2.9568678925650316
2019-07-30,5.993506764994436,2.9496100533419782
2019-07-31,5.922541980933323,2.9173402869948983
2019-08-01,5.938287062513998,2.891935183400258
2019-08-02,5.934000629143324,2.8701603285174935
2019-08-05,5.816283939185282,2.78384628397402
2019-08-06,5.890009197804014,2.8228839933834107
2019-08-07,5.935279470162374,2.8245523742811804
2019-08-08,6.038342888618382,2.8799695834451495
2019-08-09,6.0144465643057785,2.860352670627513
2019-08-12,5.944834243389508,2.8255327966692163
2019-08-13,5.971320135695746,2.8694739851906332
2019-08-14,5.845755347024089,2.784631071386168
2019-08-15,5.898022253972825,2.7919871199022066
2019-08-16,5.923936877288099,2.83318210809997
2019-08-19,5.902445897096736,2.8673160311519688
2019-08-20,5.935927848011565,2.845344763292702
2019-08-21,5.987202374482144,2.868493862311003
2019-08-22,5.951716896753618,2.8676104809411656
2019-08-23,5.922566918326722,2.7939483065704174
2019-08-26,5.937130365190138,2.824845798587254
2019-08-27,5.979462683275233,2.813762629090329
2019-08-28,5.971629294277342,2.833576273257968
2019-08-29,6.000349011189013,2.869769429653241
2019-08-30,6.024694755650603,2.868493874537149
2019-09-03,6.029749941439685,2.8517218769075465
2019-09-04,6.123665697570491,2.884089690175354
2019-09-05,6.057175501793389,2.9211648938697334
2019-09-06,6.0247695540269595,2.9234212016337584
2019-09-09,5.969877233441652,2.924891185516576
2019-09-10,5.937632690280224,2.9242048890488066
2019-09-11,5.988194394697354,2.9450003136331797
2019-09-12,5.982676691941291,2.9552014413195673
2019-09-13,5.895951311530724,2.95323924666656
2019-09-16,5.952369435855807,2.9441162771801124
2019-09-17,6.022545446631231,2.951572192769745
2019-09-18,5.98176632263852,2.9533376166454066
2019-09-19,5.994664306532207,2.9531415445610376
2019-09-20,6.050613415925605,2.9391881870143104
2019-09-23,6.097198182712234,2.938497889276708
2019-09-24,6.110612301163053,2.915440495428836
2019-09-25,6.021667598988715,2.932683430922976
2019-09-26,6.024285456646034,2.9265748566242036
2019-09-27,5.971676917636842,2.910808871088095
2019-09-30,5.897887748058643,2.9243088824432255
2019-10-01,5.912190581740285,2.8895245499605404
2019-10-02,5.932475946593203,2.838482370176289
2019-10-03,5.953605174047561,2.8617374885386693
2019-10-04,6.0143121852139005,2.900461804799203
2019-10-07,5.93758142839074,2.887948197411667
2019-10-08,5.998844863086938,2.8431133214775266
2019-10-09,5.9950229961500785,2.8701130324283377
2019-10-10,5.955306013570627,2.8895245540039514
2019-10-11,5.910470775673076,2.919480832960221
2019-10-14,5.933894937487931,2.916228794065578
2019-10-15,5.85906636857899,2.9451006256183447
2019-10-16,5.905423955632827,2.9403702933464952
2019-10-17,5.930907209826052,2.949042268645256
2019-10-18,5.94648068971114,2.936133160508911
2019-10-21,5.9247725568872065,2.956037882514628
2019-10-22,5.942306946199451,2.9463811570807867
2019-10-23,5.961801159281859,2.9549540950144872
2019-10-24,6.02185132654148,2.9597821354112495
2019-10-25,6.044175672607114,2.9719029168209006
2019-10-28,5.984205704084023,2.9886543150828238
2019-10-29,5.977228961770404,2.9877669537301323
2019-10-30,6.021736917279375,2.9969308233869265
2019-10-31,6.065038239601938,2.9889484681695273
2019-11-01,6.089102337542333,3.0166384753419506
2019-11-04,6.0339479543762575,3.0287582427460236
2019-11-05,5.956060833803707,3.025409163031525
2019-11-06,5.992479613286995,3.0260987747961465
2019-11-07,5.896304708154837,3.0367409287063616
2019-11-08,5.882142415570208,3.0442294103669147
2019-11-11,5.900128184914286,3.0384159672311135
2019-11-12,5.9207177127429995,3.0448206746326
2019-11-13,5.954388640461179,3.045805765465464
2019-11-14,5.990062258690662,3.0502393012537907
2019-11-15,5.982460921446343,3.072312266450135
2019-11-18,6.021923380881557,3.0745792335021807
2019-11-19,6.0221277450584125,3.0736918484438074
2019-11-20,6.026438851554981,3.0622613724608962
2019-11-21,5.961412784130783,3.0573349594779495
2019-11-22,5.954401973471657,3.064133157773796
2019-11-25,5.978126773407751,3.0878815073238006
2019-11-26,6.034151431869554,3.0948767940904918
2019-11-27,6.038160981384955,3.10867325965826
2019-11-29,6.03038800568277,3.0971444029207587
2019-12-02,5.9608015712606575,3.0708339753892826
2019-12-03,5.9901668390726055,3.0502393044999754
2019-12-04,5.999415572863652,3.069060562109248
2019-12-05,6.029582378685283,3.074579224049611
2019-12-06,6.009600203827415,3.1026620617325733
2019-12-09,6.006092601339171,3.0929066096248325
2019-12-10,6.011560451176212,3.0894584826910925
2019-12-11,6.087351781935255,3.098227848805042
2019-12-12,6.106226742835719,3.124931753474399
2019-12-13,6.118187876661725,3.126803556345413
2019-12-16,6.125148794744828,3.148284259025008
2019-12-17,6.102235955575304,3.148975212971336
2019-12-18,6.103187584256543,3.1491719609426427
2019-12-19,6.120183423074412,3.1620807317277424
2019-12-20,6.151088983321087,3.1759433568972515
2019-12-23,6.19192139512473,3.1807949914881153
2019-12-24,6.248062778936054,3.1808943595236494
2019-12-26,6.271260515072534,3.197827882455517
2019-12-27,6.2550497358972414,3.197035556641081
2019-12-30,6.251666238600287,3.1794090847438072
2019-12-31,6.250595895204687,3.187132886821557
2020-01-02,6.329242988209368,3.2169389535791124
2020-01-03,6.299230343605926,3.1925791015551988
2020-01-06,6.311914243953956,3.2047600359334814
2020-01-07,6.343170695295003,3.195748058426834
2020-01-08,6.345394751604625,3.212780948173521
2020-01-09,6.376309469278447,3.234564438325184
2020-01-10,6.368759557400411,3.2252566556974593
2020-01-13,6.422814983328038,3.2474379713162196
2020-01-14,6.428186382930816,3.2424872846033277
2020-01-15,6.4486456288902385,3.2498149167680572
2020-01-16,6.51612811490736,3.276847527208717
2020-01-17,6.535297584254645,3.2870466496002035
2020-01-21,6.552988296463048,3.280610382167021
2020-01-22,6.572055527988085,3.2810068767378096
2020-01-23,6.623043058826276,3.28476907608309
2020-01-24,6.581826747749259,3.255557591841792
2020-01-27,6.463054959740647,3.2033727942012438
2020-01-28,6.552772135335493,3.2369423792294363
2020-01-29,6.52954386325076,3.2342673053083937
2020-01-30,6.545008796952249,3.244763537679657
2020-01-31,6.40461771526328,3.1858450240195637
2020-02-03,6.4575226321206225,3.2095119339586495
2020-02-04,6.5606426285721575,3.2584300631463927
2020-02-05,6.639456083829819,3.296057631492392
2020-02-06,6.680634736927163,3.3071484369348716
2020-02-07,6.616656221792666,3.2895219641242117
2020-02-10,6.700639396263401,3.314079561395185
2020-02-11,6.733463457180573,3.319822894415878
2020-02-12,6.772691237796707,3.3412118825582495
2020-02-13,6.7777821699399095,3.337646441946253
2020-02-14,6.7868351549581,3.3429942860872544
2020-02-18,6.7914081857807105,3.334380459570179
2020-02-19,6.88085540674186,3.3503212656084647
2020-02-20,6.846260142033989,3.3365580118364946
2020-02-21,6.7679201795475805,3.30219743675342
2020-02-24,6.571826789973348,3.1926787709064928
2020-02-25,6.356893432599021,3.0959326224510986
2020-02-26,6.332121658912414,3.0845470206387726
2020-02-27,6.040439560937182,2.9460136289295527
2020-02-28,5.9809890736694555,2.933636954312239
2020-03-02,6.2481652528327585,3.0606823857286836
2020-03-03,6.156134214306097,2.9730466015418866
2020-03-04,6.411729636559348,3.098012847727293
2020-03-05,6.261326081657988,2.9950295101264826
2020-03-06,6.128660292107586,2.945518797095762
2020-03-09,5.646715906850333,2.7154895375681476
2020-03-10,5.923663822162991,2.856002244985762
2020-03-11,5.682106480916341,2.7167769050664554
2020-03-12,5.303581774747078,2.456843379268338
2020-03-13,5.509956245668524,2.666869387209677
2020-03-16,5.148607624190557,2.375050618107074
2020-03-17,5.253801594075143,2.503285016094084
2020-03-18,5.035753945944606,2.3765362109070423
2020-03-19,5.023074275431378,2.3815867543663756
2020-03-20,5.068891936999682,2.278953868850082
2020-03-23,5.1374626961980185,2.220685097751011
2020-03-24,5.301494110295832,2.4218867401434356
2020-03-25,5.420958690735368,2.4581421908924437
2020-03-26,5.507781764399575,2.601672449720262
2020-03-27,5.462400020626567,2.524180439036017
2020-03-30,5.474752946807465,2.6061546628183665
2020-03-31,5.416778087325261,2.567309041476473
2020-04-01,5.335411464631875,2.451767888545904
2020-04-02,5.363030521553376,2.508342996480715
2020-04-03,5.353121821405353,2.472087206142143
2020-04-06,5.469140280033629,2.6381273165463983
2020-04-07,5.464890599823522,2.6408175204961735
2020-04-08,5.514111758237921,2.7294653280857957
2020-04-09,5.596347232567484,2.7710009940105946
2020-04-13,5.581910864422705,2.7457010898950394
2020-04-14,5.602645751391488,2.8266797775692045
2020-04-15,5.620761908578242,2.7666186552562007
2020-04-16,5.622456018184126,2.7799646299858507
2020-04-17,5.604070588377453,2.8550667088479407
2020-04-20,5.60588400112454,2.8047663434261274
2020-04-21,5.598387124346181,2.719604718082738
2020-04-22,5.6284793866479745,2.7799646314496123
2020-04-23,5.646519730653549,2.779765724980232
2020-04-24,5.66187100404244,2.8185126292418166
2020-04-27,5.629261007176257,2.859150620773256
2020-04-28,5.638916135570172,2.846003216924717
2020-04-29,5.641462904095122,2.920507909799656
2020-04-30,5.585838846114593,2.8933151190616693
2020-05-01,5.611552980973394,2.816719635652819
2020-05-04,5.624152464155284,2.824488289243931
2020-05-05,5.6324398569333525,2.8505846686293914
2020-05-06,5.589441296145371,2.831261552865387
2020-05-07,5.6404033702025105,2.8654260462724266
2020-05-08,5.617962266365171,2.912838302570385
2020-05-11,5.5895614638797975,2.9134352013953477
2020-05-12,5.604524901733223,2.855365164513824
2020-05-13,5.6265931034978545,2.8048660613774334
2020-05-14,5.66799860972191,2.8384333240156288
2020-05-15,5.69788428266144,2.8514803530954658
2020-05-18,5.651790773830483,2.9383364731655575
2020-05-19,5.685188570428224,2.9081571718500507
2020-05-20,5.691330859651885,2.9575595208884256
2020-05-21,5.661636105307695,2.9371410031657352
2020-05-22,5.674805917612294,2.9427184870736967
2020-05-26,5.617520293993545,2.9789754567082674
2020-05-27,5.6178398848898565,3.0232991856823115
2020-05-28,5.617520681135113,3.017721712645589
2020-05-29,5.655840571331024,3.0311678959894928
2020-06-01,5.674921624678132,3.043418603534566
2020-06-02,5.6451471069182935,3.0686189617290407
2020-06-03,5.595709603743158,3.1094566952231437
2020-06-04,5.595341537535077,3.1012895517403054
2020-06-05,5.586138556006319,3.180774486487171
2020-06-08,5.614991459878613,3.219221302898963
2020-06-09,5.650918852636759,3.195217050485045
2020-06-10,5.756343309275272,3.177386844682564
2020-06-11,5.573720438774168,2.994214305950828
2020-06-12,5.58605229543141,3.03007178885103
2020-06-15,5.639504070368658,3.0583603572674356
2020-06-16,5.636355572297395,3.117225353070247
2020-06-17,5.656573763534496,3.1042777081882416
2020-06-18,5.656531788904701,3.1054728240631166
2020-06-19,5.705553255419783,3.0877263822269105
2020-06-22,5.774126966184642,3.1075330662646623
2020-06-23,5.800845092806086,3.1218400242004223
2020-06-24,5.7507730582826095,3.042205194333495
2020-06-25,5.778281529428802,3.074819946092698
2020-06-26,5.766180581176255,3.0017882371502798
2020-06-29,5.7900789383835045,3.0459068996942666
2020-06-30,5.860249471685269,3.0849243578979704
2020-07-01,5.841357349676232,3.1065340370803405
2020-07-02,5.851917848462431,3.1236413783037977
2020-07-06,5.914014838091833,3.1718632480460522
2020-07-07,5.942035771742987,3.139148143007586
2020-07-08,6.0038130076151655,3.163157383924195
2020-07-09,6.031943099392832,3.1451506993057468
2020-07-10,6.0075897189561385,3.1772632540727845
2020-07-13,5.930734107142608,3.149751744599991
2020-07-14,6.011167615786574,3.190569188473158
2020-07-15,6.022707754416812,3.2198827024207146
2020-07-16,5.985931028557678,3.209277761149676
2020-07-17,6.039973790498784,3.218581553657582
2020-07-20,6.136729613529229,3.244593518243747
2020-07-21,6.114617752579215,3.251495742035107
2020-07-22,6.150626595590193,3.2700036134633024
2020-07-23,6.079040052692192,3.2309868132484336
2020-07-24,6.050553172412205,3.210177448818498
2020-07-27,6.163205251851892,3.23358811728885
2020-07-28,6.115979486630131,3.213078858303777
2020-07-29,6.141952777804185,3.252596161743381
2020-07-30,6.150960695540049,3.240991191371935
2020-07-31,6.198627585265149,3.2666020223247467
2020-08-03,6.2671830405472315,3.289312092904353
2020-08-04,6.326255230512158,3.3020177845118566
2020-08-05,6.3251901247756335,3.3225263858302148
2020-08-06,6.354814131821021,3.3447346173467976
2020-08-07,6.272844411540942,3.3471365047228603
2020-08-10,6.239040195483602,3.357140861435921
2020-08-11,6.094277043050346,3.3294296107664674
2020-08-12,6.202664388443691,3.3758494839343602
2020-08-13,6.211008613207221,3.369746555720314
2020-08-14,6.194474044169919,3.3698462665208977
2020-08-17,6.28150584883787,3.380551897426545
2020-08-18,6.295703326189194,3.387854261385695
2020-08-19,6.239916370749055,3.373748354233191
2020-08-20,6.291383613122352,3.3842529245838984
2020-08-21,6.29699889005639,3.3962577157706284
2020-08-24,6.309394809867389,3.430672470680612
2020-08-25,6.357468106537014,3.442676599495872
2020-08-26,6.480165689770367,3.4771917045723737
2020-08-27,6.442358613192813,3.4847958360234346
2020-08-28,6.516132165898248,3.5073054913986863
2020-08-31,6.54812591275243,3.494600452621369
2020-09-01,6.620295228242698,3.5275136480642932
2020-09-02,6.703471885643156,3.578536875374809
2020-09-03,6.392941598557303,3.45538424849681
2020-09-04,6.303780897860054,3.427171796292368
2020-09-08,6.07778560314052,3.3335301188790147
2020-09-09,6.2643198953655626,3.399359504931096
2020-09-10,6.154860529515395,3.340333978308134
2020-09-11,6.117174582579813,3.342033941076374
2020-09-14,6.269740241945297,3.386053574551601
2020-09-15,6.335023909347389,3.4031612377711293
2020-09-16,6.275879039631772,3.3896549075771127
2020-09-17,6.214368649151617,3.3598425198029322
2020-09-18,6.124923376859483,3.321161728022047
2020-09-21,6.055132580521119,3.28419819433768
2020-09-22,6.122606918206671,3.317646472109714
2020-09-23,5.888890548206172,3.2407066673632996
2020-09-24,5.949863154862607,3.249344414507423
2020-09-25,6.014875256910839,3.3018755258665515
2020-09-28,6.126679521809625,3.3567191170323554
2020-09-29,6.146407203092681,3.338437585541218
2020-09-30,6.12901063273766,3.3637496193147913
2020-10-01,6.215870538381009,3.385344656408319
2020-10-02,6.103797107957894,3.353202163033585
2020-10-05,6.240044764140609,3.4126657376754594
2020-10-06,6.115753199456858,3.3641514180552945
2020-10-07,6.220949662610175,3.422709990694872
2020-10-08,6.265057414990835,3.4530431761267066
2020-10-09,6.434037993285585,3.4838801983763568
2020-10-12,6.531392971326889,3.5399275391333602
2020-10-13,6.476113428104951,3.5168249454339895
2020-10-14,6.461161305523298,3.4947273979083486
2020-10-15,6.432592403894526,3.490408194422726
2020-10-16,6.403960185333553,3.4882987662304266
2020-10-19,6.342490351018752,3.4352654973106596
2020-10-20,6.371539649725174,3.4490264151344765
2020-10-21,6.384895731473343,3.442497408130627
2020-10-22,6.342921902251063,3.4613808145632388
2020-10-23,6.34506676108948,3.4731323408839136
2020-10-26,6.2245729664157325,3.408949098343643
2020-10-27,6.269607230773475,3.3971975644748866
2020-10-28,6.007675721187117,3.2810850886384557
2020-10-29,6.078404399797501,3.3144309860702443
2020-10-30,6.005513766352831,3.2798793025242365
2020-11-02,6.051085604148192,3.3166417640889936
2020-11-03,6.148460357434756,3.3752000262451545
2020-11-04,6.298331076546432,3.450632979167712
2020-11-05,6.553157995730305,3.5179303290971218
2020-11-06,6.5907890896585695,3.517126693092743
2020-11-09,6.383731904757502,3.561321465096202
2020-11-10,6.231557252669308,3.556097932450487
2020-11-11,6.335212054807528,3.58251469042953
2020-11-12,6.3191703399958525,3.547761611046346
2020-11-13,6.38062775447447,3.5968784902376285
2020-11-16,6.413014778046778,3.641777173430148
2020-11-17,6.3739340550714,3.6221901662450278
2020-11-18,6.293049550963758,3.5785982666951224
2020-11-19,6.331704666901429,3.5936636643941515
2020-11-20,6.320939410592068,3.569055872769029
2020-11-23,6.25920003169211,3.5904505068172257
2020-11-24,6.2605618790107584,3.6483058414354113
2020-11-25,6.309694702390096,3.642680518658502
2020-11-27,6.331946385583904,3.6528254567565757
2020-11-30,6.370778069895704,3.6366536678944232
2020-12-01,6.502120643102097,3.6764292037216517
2020-12-02,6.497521745691343,3.684163969594777
2020-12-03,6.495715301762784,3.6831595928133867
2020-12-04,6.534684970496802,3.7148995889204155
2020-12-07,6.61741454142013,3.7072652102222126
2020-12-08,6.629369269764822,3.718114076988102
2020-12-09,6.46773144890601,3.6847664977372996
2020-12-10,6.48739362465487,3.6835610632252296
2020-12-11,6.470773531280929,3.679241203823943
2020-12-14,6.465732323759339,3.6627686522758305
2020-12-15,6.5791846548109,3.712288002485572
2020-12-16,6.681517449019257,3.7181140672766726
2020-12-17,6.790712750806122,3.7389051662426325
2020-12-18,6.760873864028071,3.7239757179138255
2020-12-21,6.772672532226644,3.7106614992488396
2020-12-22,6.706879355112398,3.704407364824931
2020-12-23,6.715837010921126,3.707736515723699
2020-12-24,6.748648398765495,3.7221607972455493
2020-12-28,6.762402707328611,3.7541384389788055
2020-12-29,6.750609542739371,3.746974979716468
2020-12-30,6.8168246255261264,3.7523214633755257
2020-12-31,6.802115128490485,3.771385995604142
2021-01-04,6.859489621450932,3.7200430632233266
2021-01-05,6.9236273046406795,3.74566385540965
2021-01-06,6.836132453872504,3.7680571943993013
2021-01-07,6.97075485817178,3.8240414056096643
2021-01-08,6.888670617597597,3.8458298757688913
2021-01-11,6.834946458807587,3.819905636534217
2021-01-12,6.871498832518462,3.820712591599935
2021-01-13,6.866159528198945,3.8310014649521067
2021-01-14,6.8877026462567645,3.817585527681932
2021-01-15,6.775702764984675,3.789744983528351
2021-01-19,6.903890893616898,3.8195015305747178
2021-01-20,7.025844520922334,3.8723586573809583
2021-01-21,7.078510766584326,3.8758892029396526
2021-01-22,7.017739029780966,3.862170841935876
2021-01-25,7.032463670921045,3.877402741654262
2021-01-26,7.010788725680061,3.871349340493991
2021-01-27,6.826614555774104,3.7767328657694366
2021-01-28,6.971626068353142,3.8092126928803967
2021-01-29,6.881760636048689,3.732954540296547
2021-02-01,7.140333602252603,3.795091845722053
2021-02-02,7.111839169793393,3.84875425466597
2021-02-03,7.087710909415715,3.8517802992111587
2021-02-04,7.135565840722517,3.895558632629115
2021-02-05,7.1788452054235075,3.910890889162176
2021-02-08,7.273991404451675,3.9391365555398807
2021-02-09,7.2738245717316685,3.9365129724197945
2021-02-10,7.256805995862021,3.9347980699084895
2021-02-11,7.331603402281753,3.9411535950989864
2021-02-12,7.388705823720562,3.9606219479819127
2021-02-16,7.381674743500976,3.9571914552816683
2021-02-17,7.323828599543619,3.9581001055836302
2021-02-18,7.256149680712621,3.9412543127912634
2021-02-19,7.3260407183650305,3.9342939394372447
2021-02-22,7.295745162460662,3.90403221599976
2021-02-23,7.22718774707406,3.9087735069648026
2021-02-24,7.350192043412827,3.951844946729544
2021-02-25,7.043221699848446,3.8566225950019812
2021-02-26,6.998318030846068,3.836751115683878
2021-03-01,7.1840438999381675,3.9297546917107673
2021-03-02,7.111459974110522,3.899089833412675
2021-03-03,6.968665015787153,3.847443113333664
2021-03-04,6.746565638062339,3.7998314664993336
2021-03-05,6.8647246375649855,3.869736092027285
2021-03-08,6.748186037531374,3.8504684825382767
2021-03-09,6.993903371557784,3.9054446629335766
2021-03-10,6.998767989258466,3.929754650000259
2021-03-11,7.1770127225951645,3.969599296942634
2021-03-12,7.120868494696739,3.9749444814839463
2021-03-15,7.177691794195397,3.9986502951320646
2021-03-16,7.154345196524539,3.9936059178117493
2021-03-17,7.241761310386713,4.007223594822718
2021-03-18,7.018327402911529,3.948919613540654
2021-03-19,7.052934699266379,3.941613598896054
2021-03-22,7.088646607849788,3.973087068154151
2021-03-23,6.926009075401172,3.941816330152054
2021-03-24,6.853262580100968,3.9217770031291534
2021-03-25,6.918888342031932,3.9438403322822073
2021-03-26,7.152558247590553,4.007394767099289
2021-03-29,7.040192896184161,4.005371112889799
2021-03-30,7.035349415594303,3.994745263864414
2021-03-31,7.152249859219311,4.010937324632246
2021-04-01,7.307645079535374,4.054251035707217
2021-04-05,7.394519521275455,4.112442025162805
2021-04-06,7.377603574383358,4.110013216902744
2021-04-07,7.326613469130212,4.114770475001045
2021-04-08,7.376061788841147,4.1343032904458745
2021-04-09,7.393020642288899,4.164357938960034
2021-04-12,7.354244932740772,4.165877096736167
2021-04-13,7.333715204492764,4.178223548346534
2021-04-14,7.384523568828617,4.163954121066457
2021-04-15,7.453873567638021,4.208684648700272
2021-04-16,7.508625891771315,4.222752640093864
2021-04-19,7.410651170934719,4.202006425283188
2021-04-20,7.228823729572207,4.1712398804981
2021-04-21,7.402854860491597,4.21070932019454
2021-04-22,7.312157818370069,4.172251564546221
2021-04-23,7.467756109804785,4.21749057897783
2021-04-26,7.5736644456251065,4.226294168812388
2021-04-27,7.574032775799694,4.225383529207834
2021-04-28,7.5624978874526825,4.224168773697023
2021-04-29,7.575494447495432,4.251089063358291
2021-04-30,7.442406199611604,4.223158132885309
2021-05-03,7.553969097646784,4.232265162240969
2021-05-04,7.5937878735082105,4.206155133420859
2021-05-05,7.6209988859687465,4.207470902869696
2021-05-06,7.675774727974384,4.241070082511652
2021-05-07,7.768971639998239,4.271935657536753
2021-05-10,7.633922087902608,4.229633583636414
2021-05-11,7.593509667286682,4.191886387904594
2021-05-12,7.282303607006458,4.102827791406959
2021-05-13,7.4317081217069285,4.15211448726924
2021-05-14,7.57852795440497,4.215869997615536
2021-05-17,7.618523446561851,4.2051427585653025
2021-05-18,7.502539331839175,4.168912720357469
2021-05-19,7.455897223054965,4.157983081878508
2021-05-20,7.505774579779903,4.202714622293527
2021-05-21,7.502672261957048,4.19927381780511
2021-05-24,7.575123854068716,4.2420823909004834
2021-05-25,7.515154036637605,4.232670609962264
2021-05-26,7.621772956494056,4.241070048500792
2021-05-27,7.732286110166145,4.243297458490265
2021-05-28,7.734459704294202,4.250886977891547
2021-06-01,7.803528970129844,4.247142073990633
2021-06-02,7.749960863227965,4.25382163927324
2021-06-03,7.675863416317633,4.238034048179458
2021-06-04,7.741993512096321,4.276794259977297
2021-06-07,7.734756973357415,4.272644871418325
2021-06-08,7.779014803953919,4.27355550021977
2021-06-09,7.701125757150171,4.267180039182322
2021-06-10,7.638398666883723,4.287016281625263
2021-06-11,7.685051326035831,4.294098989834625
2021-06-14,7.618381826412238,4.303713863941773
2021-06-15,7.620234701179678,4.295819905898254
2021-06-16,7.574787131509724,4.2718356130742405
2021-06-17,7.3907669209533635,4.270418474327959
2021-06-18,7.246824492878506,4.212809077166994
2021-06-21,7.390943191793496,4.273119146378628
2021-06-22,7.4141763298728165,4.295963839571849
2021-06-23,7.418892693131725,4.290786172113843
2021-06-24,7.51936627705233,4.316168660977876
2021-06-25,7.513913236354438,4.331500253163596
2021-06-28,7.46667567529197,4.340232730933984
2021-06-29,7.469137411306009,4.342568166764172
2021-06-30,7.509485455785934,4.346223653795591
2021-07-01,7.5584610898579685,4.370286042970228
2021-07-02,7.544284273955455,4.403690761368275
2021-07-06,7.398058595290594,4.395669526720258
2021-07-07,7.4373007037592185,4.41120351513082
2021-07-08,7.284288828755141,4.375261602345992
2021-07-09,7.485804996114082,4.421967301187956
2021-07-12,7.512194488852485,4.4378054172509485
2021-07-13,7.381684427582394,4.422677870522677
2021-07-14,7.3416099338904015,4.4292776558017435
2021-07-15,7.345503027512476,4.414148439234492
2021-07-16,7.182753107293092,4.379526639790654
2021-07-19,7.008270377055882,4.314848870673631
2021-07-20,7.182006983752284,4.376682424078421
2021-07-21,7.353917110837905,4.412118145791323
2021-07-22,7.268401293508735,4.421357783006332
2021-07-23,7.318821446541488,4.466845065586524
2021-07-26,7.388252837356584,4.477808936800006
2021-07-27,7.327841783975548,4.4574017255733445
2021-07-28,7.40139616648845,4.455573477681583
2021-07-29,7.54396239769283,4.474053102347472
2021-07-30,7.490741938965252,4.452325131899108
2021-08-02,7.4415320922971695,4.442984465435143
2021-08-03,7.535590820461975,4.479130098974623
2021-08-04,7.408333660827501,4.457097347600368
2021-08-05,7.483642170789703,4.48532374396396
2021-08-06,7.597294427559002,4.492735472331436
2021-08-09,7.562005794754474,4.489080632024694
2021-08-10,7.66392128455853,4.49466374649755
2021-08-11,7.749252561858668,4.505833660107158
2021-08-12,7.715230364629954,4.519337012769787
2021-08-13,7.668008962331587,4.527561663812587
2021-08-16,7.592218871518557,4.538222079403733
2021-08-17,7.468283893686569,4.508473171411046
2021-08-18,7.377344720641134,4.4591269857705855
2021-08-19,7.257467235708237,4.466031542586623
2021-08-20,7.31004567498458,4.501567621590038
2021-08-23,7.485050651801716,4.541166336408498
2021-08-24,7.563833151470074,4.5483759829075066
2021-08-25,7.606220946222103,4.557919703781162
2021-08-26,7.5267555909468085,4.53101371124018
2021-08-27,7.719433123452373,4.571524734560048
2021-08-30,7.645528461960241,4.5916285174479965
2021-08-31,7.6314944598221865,4.584825009641123
2021-09-01,7.598559734463498,4.58726312788475
2021-09-02,7.652354820553801,4.601375659407162
2021-09-03,7.649199203430346,4.600257617149439
2021-09-07,7.617390542601974,4.583810316090845
2021-09-08,7.535059853438294,4.578225172411204
2021-09-09,7.5566794384072775,4.558630551802291
2021-09-10,7.563471807185169,4.5226879836303
2021-09-13,7.637825302788956,4.534262039676088
2021-09-14,7.541323476000942,4.509793484033041
2021-09-15,7.678977934248881,4.547461579206362
2021-09-16,7.600546251145066,4.5402522609917675
2021-09-17,7.521733887164046,4.496026253950241
2021-09-20,7.317537364104268,4.421057938582686
2021-09-21,7.305476572791447,4.4168816304115825
2021-09-22,7.452271447226749,4.4599683548850635
2021-09-23,7.628292826885309,4.514156524400081
2021-09-24,7.651974931858486,4.521591836752986
2021-09-27,7.833631077138269,4.508656828553749
2021-09-28,7.733720170529157,4.417798556491007
2021-09-29,7.694920557224067,4.425234197419424
2021-09-30,7.629255070814107,4.371148055759382
2021-10-01,7.770405301364131,4.4230955660606766
2021-10-04,7.758182765640883,4.366054485252601
2021-10-05,7.835210606211649,4.4114832821716545
2021-10-06,7.787471746543608,4.429816965544032
2021-10-07,7.872576867558428,4.468117207326296
2021-10-08,7.905377550841187,4.459968344525918
2021-10-11,7.880103716108815,4.4276792887036365
2021-10-12,7.86711728625459,4.416780246196942
2021-10-13,7.8795766734685415,4.432670187314067
2021-10-14,8.000267224862768,4.507230359466802
2021-10-15,8.059775924608855,4.541556389221518
2021-10-18,8.092623156206939,4.555002257314139
2021-10-19,8.108691942635991,4.590142869878708
2021-10-20,8.195133845162497,4.608172813367305
2021-10-21,8.122607209116355,4.620191895780858
2021-10-22,8.189153329413347,4.615403390294314
2021-10-25,8.27196624318971,4.640155106365954
2021-10-26,8.245678254729418,4.644331385166336
2021-10-27,8.030886378892763,4.6237559753771444
2021-10-28,8.12608469437896,4.668369856982603
2021-10-29,8.08906915725005,4.677842492943106
2021-11-01,8.216426326711218,4.685889645048442
2021-11-02,8.189637063352608,4.704836196368059
2021-11-03,8.234573931560869,4.733559127250162
2021-11-04,8.187236260477764,4.755866734671198
2021-11-05,8.282863750856727,4.772367214307139
2021-11-08,8.37000227468706,4.776441813711043
2021-11-09,8.358603009672535,4.76065457493511
2021-11-10,8.241019840132287,4.722355013666665
2021-11-11,8.348159664301278,4.723883167749088
2021-11-12,8.350160539060044,4.759532944089972
2021-11-15,8.33291216720841,4.761163464885958
2021-11-16,8.299010233525365,4.7800080070450734
2021-11-17,8.199577135382539,4.768395407792679
2021-11-18,8.184226010349892,4.784590452168027
2021-11-19,8.03596823624997,4.776034121216511
2021-11-22,8.143064126102171,4.762588916520509
2021-11-23,8.27880961016449,4.768904871438043
2021-11-24,8.272752103765466,4.781636178328077
2021-11-26,7.906800353498875,4.674991011928294
2021-11-29,7.912083189870256,4.732337490424764
2021-11-30,7.701844260953619,4.640256519356828
2021-12-01,7.601191967027836,4.588717143793766
2021-12-02,7.791905085695055,4.658999358070426
2021-12-03,7.701528410771418,4.61846042626599
2021-12-06,7.832944203223081,4.6731577767863435
2021-12-07,7.960863382543129,4.769821157499192
2021-12-08,7.990691749207242,4.782451739320673
2021-12-09,7.916035338813819,4.750162681631028
2021-12-10,7.951031758597871,4.794878243031308
2021-12-13,7.819054295783022,4.752404012834976
2021-12-14,7.819740311713034,4.71970685541415
2021-12-15,7.831110644203306,4.79345246381827
2021-12-16,7.906351732536447,4.7511809718553675
2021-12-17,7.803016436408593,4.7006147229136275
2021-12-20,7.681168788376419,4.650631770392764
2021-12-21,7.898133752773038,4.733222200484216
2021-12-22,7.970114058275061,4.780547701313534
2021-12-23,8.003702190056801,4.810292603749446
2021-12-27,8.135847778811785,4.878368971045007
2021-12-28,8.119814406818842,4.874382465489249
2021-12-29,8.111293153528234,4.880618019258226
2021-12-30,8.071557285973938,4.8671249650698245
2021-12-31,8.071451592730725,4.854857960650362
2022-01-03,8.206317026884827,4.882967733888266
2022-01-04,8.3892757541455,4.881332916290961
2022-01-05,8.306100325123158,4.7876004877391
2022-01-06,8.42568017796309,4.783103494600967
2022-01-07,8.448343065411736,4.764193160117817
2022-01-10,8.422987653339765,4.7582646934332296
2022-01-11,8.56050161021173,4.80160434815778
2022-01-12,8.59582518246271,4.814585917657417
2022-01-13,8.549910067519296,4.74824838632027
2022-01-14,8.607975214955392,4.750189327813146
2022-01-18,8.465935790248167,4.666065802410346
2022-01-19,8.335298338105277,4.617615288205096
2022-01-20,8.199541024121,4.566508307189841
2022-01-21,8.10632305657216,4.476864461233724
2022-01-24,8.190611007511059,4.495876137698023
2022-01-25,8.161550358966414,4.4409857161802995
2022-01-26,8.105626390584051,4.429844704133832
2022-01-27,8.010592774959367,4.407970130984819
2022-01-28,8.177064175680409,4.517443611977373
2022-01-31,8.30174638887875,4.598807650268186
2022-02-01,8.357741699970553,4.629881287692206
2022-02-02,8.448819358462814,4.674856741600667
2022-02-03,8.334831894324601,4.56497484162072
2022-02-04,8.290263841187953,4.586439627224512
2022-02-07,8.31483509001365,4.571720228935671
2022-02-08,8.327528903211228,4.609336160110544
2022-02-09,8.491908468305965,4.676798680710092
2022-02-10,8.349323308982814,4.592777513707834
2022-02-11,8.371714424849044,4.502212396131704
2022-02-14,8.323166421000423,4.487494303631758
2022-02-15,8.362620674083315,4.559863630642054
2022-02-16,8.396304669968524,4.564974827384277
2022-02-17,8.33926095961045,4.467459615461877
2022-02-18,8.310328562585962,4.4385326357533765
2022-02-22,8.260898710124025,4.390900034534199
2022-02-23,8.24847596006594,4.313011351727608
2022-02-24,8.265757821903305,4.377918118340438
2022-02-25,8.45530348784586,4.474512722599408
2022-02-28,8.435539538492515,4.46306463705351
2022-03-01,8.446133242796916,4.395090957603733
2022-03-02,8.619797103918929,4.475944501239828
2022-03-03,8.690742831040518,4.453660832502625
2022-03-04,8.813036884736489,4.417475996190358
2022-03-07,8.741764378892327,4.2872530004248635
2022-03-08,8.727783573295742,4.254747948498772
2022-03-09,8.640085095558709,4.368821783008575
2022-03-10,8.631605597570486,4.349092882847994
2022-03-11,8.588490295973036,4.293794993170229
2022-03-14,8.515486108906485,4.262414608283693
2022-03-15,8.567901337465981,4.356147023606426
2022-03-16,8.635539977347301,4.452741273183161
2022-03-17,8.816027026315943,4.508448317011812
2022-03-18,8.844876940611293,4.557828089062514
2022-03-21,8.952005098780477,4.556496018225204
2022-03-22,8.963748286768828,4.6098134462978235
2022-03-23,8.97114492098245,4.550445917731543
2022-03-24,9.00810132795032,4.619040431602448
2022-03-25,9.1048844029084,4.641598624119882
2022-03-28,8.973252589765512,4.674614500797191
2022-03-29,9.025797874570825,4.732443595832813
2022-03-30,9.073528463394778,4.703221466495085
2022-03-31,8.954825647540284,4.630832491744532
2022-04-01,9.02899499464832,4.643956271026136
2022-04-04,9.061017962146188,4.683740115608763
2022-04-05,8.972044690427046,4.624577967549864
2022-04-06,8.960476547519914,4.578335563816282
2022-04-07,9.010350199343481,4.601405247322084
2022-04-08,9.10827098981162,4.58910136577506
2022-04-11,9.0037040984272,4.510663343846906
2022-04-12,9.138648922796094,4.493949847639049
2022-04-13,9.300126755435171,4.5454217516139686
2022-04-14,9.32144895193656,4.4888240235857895
2022-04-18,9.387750849963227,4.490669244477164
2022-04-19,9.315729307446881,4.563160232009676
2022-04-20,9.348414447221394,4.559776922487255
2022-04-21,9.177604630599948,4.4915915231147645
2022-04-22,8.96827033715029,4.3683471924711705
2022-04-25,8.864137770410931,4.39367286005341
2022-04-26,8.833555443522949,4.266427348859575
2022-04-27,8.890956704258182,4.278424158586106
2022-04-28,9.024057018725639,4.386495099188395
2022-04-29,8.840601882884059,4.224388488142005
2022-05-02,8.855092480929216,4.249817532597455
2022-05-03,8.915935394586525,4.269298823661408
2022-05-04,9.105755793670221,4.399311780738369
2022-05-05,8.946432339648851,4.2429471740949385
2022-05-06,8.936241546051665,4.217622168008503
2022-05-09,8.57114825194545,4.082585082887616
2022-05-10,8.56484025100018,4.092018140676733
2022-05-11,8.57974337024935,4.027011644850858
2022-05-12,8.575777454372771,4.022807444693633
2022-05-13,8.738672521816284,4.118984604397145
2022-05-16,8.813012276834291,4.102271082947575
2022-05-17,8.907224693112571,4.186656850259348
2022-05-18,8.675406945324974,4.017885344109337
2022-05-19,8.671739991486492,3.9932782071078736
2022-05-20,8.661614843319736,3.9950220317681353
2022-05-23,8.76669199047477,4.069767335923925
2022-05-24,8.76108917625108,4.038700685569803
2022-05-25,8.808908106625688,4.074381677225655
2022-05-26,8.882601296487026,4.155794219915856
2022-05-27,8.979597821953428,4.257815435589704
2022-05-31,8.88860319432882,4.233924194508295
2022-06-01,8.903781827382959,4.1996779293040465
2022-06-02,8.974143642279286,4.279655083905658
2022-06-03,8.962240224832337,4.209418754158225
2022-06-06,8.992329002222062,4.222235802851824
2022-06-07,9.074031875801676,4.262736839788236
2022-06-08,9.031978158250341,4.2163910860450065
2022-06-09,8.930448632488448,4.116113373632083
2022-06-10,8.859825405006891,3.996764155534463
2022-06-13,8.636468171518395,3.845013894983167
2022-06-14,8.567327437370654,3.83342786841397
2022-06-15,8.560078298922598,3.8880786728086694
2022-06-16,8.438912319120796,3.759398082318446
2022-06-17,8.320331109490471,3.767502743080231
2022-06-21,8.443735295968219,3.862344199433326
2022-06-22,8.388820160589326,3.8553422715044996
2022-06-23,8.366887721734296,3.8931340328003863
2022-06-24,8.462696666010471,4.01691214158254
2022-06-27,8.492949069875422,4.001568902951822
2022-06-28,8.511540180738658,3.9198057259029664
2022-06-29,8.468399274459516,3.916612534564474
2022-06-30,8.38615148417829,3.884792760183786
2022-07-01,8.449354116720425,3.925880736987001
2022-07-05,8.24448334685494,3.933295783487792
2022-07-06,8.232804308685491,3.946579113342998
2022-07-07,8.378339336232383,4.005687739107777
2022-07-08,8.4110375450789,4.002392179691058
2022-07-11,8.397278390927042,3.9566709326742004
2022-07-12,8.270413516447912,3.921658945091606
2022-07-13,8.288973975776761,3.9010632550769526
2022-07-14,8.222930762971924,3.891589991089589
2022-07-15,8.288124180142693,3.9659388178693553
2022-07-18,8.336832284113562,3.9331924576440898
2022-07-19,8.413270381793836,4.039463738644496
2022-07-20,8.40507798136718,4.065208493284637
2022-07-21,8.350577590222306,4.106604877240519
2022-07-22,8.297222539845167,4.068503386528994
2022-07-25,8.434359824834315,4.073446740198729
2022-07-26,8.452254544464537,4.025253791815437
2022-07-27,8.556654982999065,4.129774578339703
2022-07-28,8.646290849000811,4.181571532629104
2022-07-29,8.741430345933525,4.242533994951859
2022-08-01,8.671761511252658,4.229970536607268
2022-08-02,8.624188292485087,4.2020645326834565
2022-08-03,8.598231355270912,4.267866342026561
2022-08-04,8.567673537458589,4.2649825447392535
2022-08-05,8.598470644768344,4.257774212440739
2022-08-08,8.639090457585226,4.25283183071268
2022-08-09,8.69575213382069,4.235944515966012
2022-08-10,8.768735840455511,4.324914684920446
2022-08-11,8.852721044856928,4.324914684920446
2022-08-12,8.91674767227357,4.398131165621464
2022-08-15,8.874196405900527,4.416255468323185
2022-08-16,8.859294491070456,4.424905852884318
2022-08-17,8.849698547406573,4.393498180883954
2022-08-18,8.915945798439934,4.406266697102184
2022-08-19,8.90853368468785,4.3470557258531946
2022-08-22,8.8959473010889,4.256539114531059
2022-08-23,8.977020400228858,4.246241609974403
2022-08-24,9.034345038347064,4.259834041680011
2022-08-25,9.05116886599989,4.319972589550152
2022-08-26,8.979846171066367,4.17374497337195
2022-08-29,9.016517670627318,4.146148380295264
2022-08-30,8.865483452249734,4.1006315073000605
2022-08-31,8.796870345542434,4.06942992517996
2022-09-01,8.734868372922469,4.082200121839569
2022-09-02,8.74359413790637,4.039154587036808
2022-09-06,8.737734589561525,4.023914735605281
2022-09-07,8.751998846218987,4.096203639525777
2022-09-08,8.771319464797145,4.12297867942572
2022-09-09,8.90759661681378,4.1870299778063345
2022-09-12,8.96913681200473,4.232030375584906
2022-09-13,8.817445423748843,4.048011368700358
2022-09-14,8.829045256289252,4.063457972881613
2022-09-15,8.694223163339771,4.017324274843517
2022-09-16,8.6486353110526,3.9866763891634354
2022-09-19,8.708362883997138,4.017592825360815
2022-09-20,8.662176818170277,3.9714764040037718
2022-09-21,8.593448233231728,3.9021985653337903
2022-09-22,8.568688600445928,3.869421307066542
2022-09-23,8.342152746352719,3.8045899656451163
2022-09-26,8.235829942456252,3.7669521082624806
2022-09-27,8.257245976349463,3.75733590825955
2022-09-28,8.42011945242051,3.8312666398047512
2022-09-29,8.319112087701768,3.7512350044645384
2022-09-30,8.223239814332397,3.693228457195302
2022-10-03,8.45693903681267,3.790734009542553
2022-10-04,8.625014574019522,3.908195816373284
2022-10-05,8.652575786618334,3.8990974192668926
2022-10-06,8.62668630931655,3.858874876163374
2022-10-07,8.55996466251377,3.7512349958914366
2022-10-10,8.55618108543975,3.722593153814957
2022-10-11,8.518538289312511,3.6990186414386144
2022-10-12,8.484581711846625,3.686817428449829
2022-10-13,8.613477522152953,3.784116595885792
2022-10-14,8.445573525313751,3.6978813088112994
2022-10-17,8.52935746157352,3.7929052101216274
2022-10-18,8.578433978203947,3.837471239475723
2022-10-19,8.569629005255244,3.810276769288904
2022-10-20,8.532016746150045,3.778326074467709
2022-10-21,8.67048263649644,3.870144498817475
2022-10-24,8.700325163421828,3.9175015993801456
2022-10-25,8.754751089819495,3.9800579886197514
2022-10-26,8.787606979261222,3.9500731073462476
2022-10-27,8.814081205082678,3.928979914456674
2022-10-28,8.84803672007284,4.022452743299346
2022-10-31,8.866124857341147,3.9933974408477266
2022-11-01,8.930878060907748,3.9759231722600394
2022-11-02,8.807369957298986,3.876142012755891
2022-11-03,8.850463697079432,3.8362302312017866
2022-11-04,9.003690906661083,3.8914450545571713
2022-11-07,8.976118629074284,3.9286688278843402
2022-11-08,8.986757014321652,3.9498653712448655
2022-11-09,8.800365232522227,3.86849036336244
2022-11-10,8.878768671026952,4.081080427283058
2022-11-11,8.953913295944677,4.120579449874147
2022-11-14,8.932592313216805,4.085526587021547
2022-11-15,8.992273545487416,4.120372370124381
2022-11-16,8.902143737085492,4.088938131720149
2022-11-17,8.831404653222389,4.076427166829143
2022-11-18,8.843875427733822,4.0949350022162525
2022-11-21,8.881509073578064,4.0800464327884445
2022-11-22,8.943328760633245,4.134951495233086
2022-11-23,8.918204769003681,4.1610083469249615
2022-11-25,8.897776888320015,4.160076780376252
2022-11-28,8.810121611543448,4.093695392009447
2022-11-29,8.918980195823897,4.086664879543211
2022-11-30,9.06910527317523,4.215395967514988
2022-12-01,9.01074340336086,4.212295164395243
2022-12-02,9.018583522192742,4.2074342178984825
2022-12-05,8.836809463220565,4.131746052637574
2022-12-06,8.791332342974117,4.07218742909833
2022-12-07,8.764171944726701,4.0652605975595595
2022-12-08,8.744864017675626,4.097106954723509
2022-12-09,8.671336330894938,4.066500910234612
2022-12-12,8.730456748319778,4.125128955137755
2022-12-13,8.748682486313127,4.156355150045909
2022-12-14,8.733829474479135,4.129781534957641
2022-12-15,8.629466741026782,4.028760388366491
2022-12-16,8.589736322664494,3.981195594305716
2022-12-19,8.58674004324308,3.9474362500246816
2022-12-20,8.70022583095004,3.9528389086482782
2022-12-21,8.817515320110028,4.011942862805282
2022-12-22,8.738021099377487,3.9547080446107867
2022-12-23,8.857391750207675,3.9774563557720777
2022-12-27,8.856269493150041,3.9617714555059083
2022-12-28,8.773542537156436,3.9125345994745957
2022-12-29,8.80436307054853,3.9829613569001725
2022-12-30,8.804022222573574,3.9724707544710736
2023-01-03,8.622495448662898,3.955746930667703
2023-01-04,8.652766272750705,3.986286167236782
2023-01-05,8.72530180955036,3.9407878928097917
2023-01-06,8.886772369805442,4.031158907741042
2023-01-09,8.856480471120769,4.028875014350272
2023-01-10,8.942772869957878,4.05712935367091
2023-01-11,9.02085449957387,4.1084423840269855
2023-01-12,9.090834352387565,4.12340007238336
2023-01-13,9.105060519813662,4.139396679262169
2023-01-17,9.106347938491663,4.1318131389698936
2023-01-18,8.994161443328277,4.066580651585676
2023-01-19,9.010077204204205,4.036977327079554
2023-01-20,9.068571202268751,4.112181612528893
2023-01-23,9.092938453176844,4.16152248716496
2023-01-24,9.115954614012999,4.157055384081562
2023-01-25,9.149792021286945,4.158613781003947
2023-01-26,9.230358030181288,4.204318110869038
2023-01-27,9.153352176562773,4.213978835067374
2023-01-30,9.069837225531234,4.161106759000186
2023-01-31,9.165356921589384,4.222288551954454
2023-02-01,9.114896898077108,4.267162316895573
2023-02-02,9.067805446518484,4.329279014698013
2023-02-03,8.996865522456131,4.283262285487775
2023-02-06,8.9843436824004,4.257086798502308
2023-02-07,9.077886821376516,4.312763235909125
2023-02-08,9.015769168186171,4.265604550008694
2023-02-09,8.941932192877758,4.228624744483304
2023-02-10,9.06887004537908,4.238493508911979
2023-02-13,9.082983040245331,4.288248506054136
2023-02-14,9.125977123691188,4.286275997506321
2023-02-15,9.098916557427925,4.300194435788184
2023-02-16,9.068893986745673,4.240985445619315
2023-02-17,9.005153086234106,4.230391167107177
2023-02-21,8.919068896897326,4.145525501423398
2023-02-22,8.895728261211561,4.139812096722081
2023-02-23,8.91126061006479,4.161834199753683
2023-02-24,8.880872455826045,4.11737553076984
2023-02-27,8.905137470703997,4.131398653047557
2023-02-28,8.881167478573303,4.116128218660149
2023-03-01,8.943719755457451,4.1003396563615775
2023-03-02,9.009730748167579,4.132229555998171
2023-03-03,9.12702097525164,4.198500972626108
2023-03-06,9.069389161140649,4.201409694099943
2023-03-07,8.940077088213286,4.137006747054151
2023-03-08,8.927231608446295,4.143760079608177
2023-03-09,8.805332217647543,4.067308161953015
2023-03-10,8.679854455519074,4.008618979503195
2023-03-13,8.66945028957464,4.0029058957336074
2023-03-14,8.751418955627761,4.069073930190084
2023-03-15,8.551067457085775,4.043625290778846
2023-03-16,8.631173903702607,4.1145701708342735
2023-03-17,8.521020485956134,4.066460641403197
2023-03-20,8.613470250898782,4.105562181675887
2023-03-21,8.703450509430066,4.159470512236113
2023-03-22,8.567313017983185,4.088565515823408
2023-03-23,8.568775207875039,4.099618462067575
2023-03-24,8.618121788771866,4.126520773358432
2023-03-27,8.665437755218596,4.134235922922341
2023-03-28,8.716988881553343,4.124956423681545
2023-03-29,8.801511919203634,4.18491221155455
2023-03-30,8.827490292860157,4.209415291044422
2023-03-31,8.910866916400932,4.2687465786301635
2023-04-03,9.018719909920634,4.285012424030705
2023-04-04,8.930065384439883,4.261238489500195
2023-04-05,8.925967911734569,4.25008184272414
2023-04-06,8.901643262521784,4.2666607319795125
2023-04-10,8.946463436761862,4.271039776555172
2023-04-11,9.011644898495286,4.272186721576769
2023-04-12,9.005288553897524,4.254774271102567
2023-04-13,9.047859557743283,4.311288225263001
2023-04-14,9.02132885291133,4.3007574295310915
2023-04-17,9.067493413980161,4.316189407339735
2023-04-18,9.12733388022661,4.319003735480897
2023-04-19,9.11826779364226,4.318273910229675
2023-04-20,9.124479858226811,4.294709694059899
2023-04-21,9.104232998282805,4.298045824550245
2023-04-24,9.140726680603526,4.302530190661289
2023-04-25,9.052803078917558,4.234231439187015
2023-04-26,8.954020489778415,4.216297224899395
2023-04-27,9.03889481308499,4.30023598682322
2023-04-28,9.121063400463228,4.336939275013234
2023-05-01,9.110863355363655,4.3325589229760775
2023-05-02,9.030835674065338,4.283865119938392
2023-05-03,8.99051716717986,4.254460883948391
2023-05-04,8.920105661035393,4.224325814249034
2023-05-05,9.024009666822199,4.30253020888587
2023-05-08,9.026506128191233,4.303676488984122
2023-05-09,9.025266750570403,4.2848033612931555
2023-05-10,9.017260063927065,4.304822733861722
2023-05-11,8.97435502914645,4.297316285316005
2023-05-12,8.957604955522509,4.291685640706844
2023-05-15,9.037238597335634,4.306492127834709
2023-05-16,8.970621566726118,4.277713348216634
2023-05-17,9.06628359892728,4.329640211110702
2023-05-18,9.115548853272832,4.371348371303167
2023-05-19,9.101229031187799,4.3649875348611165
2023-05-22,9.083674066381914,4.366759938049647
2023-05-23,8.99273301828213,4.317752751952102
2023-05-24,8.904941487260386,4.286471712702397
2023-05-25,8.888074524275037,4.323592129087229
2023-05-26,8.983084135602649,4.379585976324847
2023-05-30,8.950301572718685,4.3812540292356505
2023-05-31,8.888430582612704,4.35695866126733
2023-06-01,8.992617396324125,4.3983543869255515
2023-06-02,9.151573895186427,4.461959341583233
2023-06-05,9.119299144633528,4.453409647430045
2023-06-06,9.19390326697137,4.463106946937324
2023-06-07,9.19642483839691,4.447674995940107
2023-06-08,9.286005106011878,4.474576980536801
2023-06-09,9.263573235932892,4.482605848250288
2023-06-12,9.320201326377115,4.523270748549918
2023-06-13,9.327911252555745,4.55309244643157
2023-06-14,9.29160679551306,4.558514405509555
2023-06-15,9.389916586705473,4.6150290437032995
2023-06-16,9.4035071751128,4.5993099317284125
2023-06-20,9.301866125282762,4.5754472860165265
2023-06-21,9.270721776599627,4.5520040667571635
2023-06-22,9.23773522783055,4.568436073117506
2023-06-23,9.196196655896397,4.5338983766142125
2023-06-26,9.186348929162014,4.51537422801688
2023-06-27,9.280865293965352,4.564877269060959
2023-06-28,9.261058729493353,4.567179793155474
2023-06-29,9.270427010481981,4.585180464546036
2023-06-30,9.375285415174371,4.639288574394981
2023-07-03,9.389626244171227,4.644626447042908
2023-07-05,9.322380686270934,4.637719237268453
2023-07-06,9.190083223482393,4.601402788368752
2023-07-07,9.198078940499073,4.589786501015487
2023-07-10,9.313200302677348,4.601402745773043
2023-07-11,9.359325662176879,4.630707607411993
2023-07-12,9.546008231445642,4.667965586215089
2023-07-13,9.686843846101175,4.7050142021204495
2023-07-14,9.679834010968897,4.702083872225227
2023-07-17,9.754200099839746,4.718411200179787
2023-07-18,9.811361186303857,4.753470694025156
2023-07-19,9.794127449884666,4.764042365313961
2023-07-20,9.57541748980939,4.732434325792389
2023-07-21,9.618536561497557,4.732434325792389
2023-07-24,9.644859884062942,4.753576050223777
2023-07-25,9.750546558565736,4.766554596306421
2023-07-26,9.7027888621661,4.767286405433592
2023-07-27,9.644462143010504,4.735678676818335
2023-07-28,9.788002867760525,4.782042723265496
2023-07-31,9.839263327458056,4.791148736839565
2023-08-01,9.817677939846762,4.777438002322326
2023-08-02,9.594502906520258,4.710980495503421
2023-08-03,9.50229308117343,4.697478495634673
2023-08-04,9.477688309379422,4.676233068718111
2023-08-07,9.523854974792592,4.717049849632401
2023-08-08,9.444800136035205,4.696537947043269
2023-08-09,9.338107968223396,4.665140275836659
2023-08-10,9.324494385904277,4.66681464133306
2023-08-11,9.248922948244612,4.664092721693502
2023-08-14,9.315557167981101,4.689839119849305
2023-08-15,9.234157114700537,4.635206902551833
2023-08-16,9.117901105689368,4.601193986061253
2023-08-17,8.98332265780009,4.566133486042685
2023-08-18,9.009850080028684,4.568331622702866
2023-08-21,9.102009630905794,4.59805391917323
2023-08-22,9.135716628614565,4.58559949238614
2023-08-23,9.33161634383433,4.636672569708485
2023-08-24,9.168700248745246,4.572413202765249
2023-08-25,9.161717584318012,4.604647069775991
2023-08-28,9.259014111994878,4.633847254983093
2023-08-29,9.457870562863471,4.700828219576642
2023-08-30,9.494840724652107,4.720189567772894
2023-08-31,9.4735607167337,4.713283033599224
2023-09-01,9.511334472070814,4.72207368351953
2023-09-05,9.367756063393367,4.701666108798516
2023-09-06,9.319574322469045,4.670058406115541
2023-09-07,9.230261343541683,4.655720859802926
2023-09-08,9.223453117028306,4.662732096074538
2023-09-11,9.293560989552267,4.693396926722939
2023-09-12,9.199214170537207,4.667651157079493
2023-09-13,9.17931345890812,4.673094385152832
2023-09-14,9.249007984019984,4.713386739560497
2023-09-15,9.137114278127944,4.656598913444925
2023-09-18,9.170473469804351,4.65932949648178
2023-09-19,9.143605335035053,4.649667118751861
2023-09-20,9.050195469762846,4.606921055049012
2023-09-21,8.894706913834229,4.530775882875108
2023-09-22,8.919311270903531,4.520588705149017
2023-09-25,8.923450085498903,4.5395977354482815
2023-09-26,8.781955880262949,4.472906232740947
2023-09-27,8.805099372253844,4.474691593263745
2023-09-28,8.910174135572122,4.5006330808127
2023-09-29,8.892745522148875,4.489710089331899
2023-10-02,8.896110149699455,4.487925025497481
2023-10-03,8.725190028807738,4.427848943038168
2023-10-04,8.833248042156113,4.460092804712309
2023-10-05,8.815515176800337,4.458411795734213
2023-10-06,8.96396154831049,4.511345716470842
2023-10-09,9.014468432792796,4.540228163789918
2023-10-10,9.0864005699255,4.563859188739093
2023-10-11,9.164800331799139,4.58255449024266
2023-10-12,9.057403840485605,4.554616900967351
2023-10-13,8.94290433503226,4.53193140174552
2023-10-16,9.050595192611159,4.579613846073101
2023-10-17,9.04375718427727,4.579404145555089
2023-10-18,8.884903227208456,4.518382532052614
2023-10-19,8.802049297020085,4.478681763934734
2023-10-20,8.672975476388153,4.423648394221769
2023-10-23,8.686890319851678,4.415980751750613
2023-10-24,8.751964154295818,4.449274464550939
2023-10-25,8.517530979999266,4.385417587580811
2023-10-26,8.440268227797121,4.332904097699093
2023-10-27,8.456712810561386,4.313263910005043
2023-10-30,8.518280918064436,4.36483251692556
2023-10-31,8.601404288433736,4.392245323768209
2023-11-01,8.776828545609403,4.439086599713348
2023-11-02,8.963728884159902,4.524159963153081
2023-11-03,9.13222296350854,4.565434372154522
2023-11-06,9.117791248979545,4.575937930051507
2023-11-07,9.215494549661553,4.588960683325398
2023-11-08,9.230367380588538,4.592322372363576
2023-11-09,9.168052449906545,4.556506758335065
2023-11-10,9.407261550047558,4.627611182994086
2023-11-13,9.364205205032702,4.623199588701113
2023-11-14,9.66838284111403,4.712893960297532
2023-11-15,9.673158726023289,4.7228707326510255
2023-11-16,9.690735280218153,4.728647275844131
2023-11-17,9.718762926565203,4.734528861898772
2023-11-20,9.83290932771697,4.770972945158527
2023-11-21,9.747859211338353,4.760575420689954
2023-11-22,9.786831482493564,4.7789550026684005
2023-11-24,9.790138239579042,4.781895971577042
2023-11-27,9.768111455786595,4.77328415948391
2023-11-28,9.767178154362472,4.778009854000325
2023-11-29,9.810589916000097,4.7746498141306954
2023-11-30,9.799817938845898,4.793449472562355
2023-12-01,9.885738540453499,4.821807136166076
2023-12-04,9.801462574933414,4.796495107822844
2023-12-05,9.793413419715389,4.795550246251555
2023-12-06,9.762920187367138,4.77622513786921
2023-12-07,9.908657466838516,4.812669550636705
2023-12-08,9.9824190191263,4.833359602048456
2023-12-11,10.066430288251807,4.852159244222199
2023-12-12,10.113384939078768,4.87432060818152
2023-12-13,10.257741079327586,4.941537538111549
2023-12-14,10.358472938669573,4.957397254593992
2023-12-15,10.367448550930192,4.949234751292385
2023-12-18,10.40736613975007,4.9770746421995335
2023-12-19,10.48477627395976,5.007339337225313
2023-12-20,10.341933569639298,4.937951183900974
2023-12-21,10.468703087271575,4.984772540749652
2023-12-22,10.484418617808736,4.994789889799816
2023-12-26,10.538540380415593,5.015881439015373
2023-12-27,10.550190695344007,5.024950252974741
2023-12-28,10.550635054505875,5.0268486289308125
2023-12-29,10.498180664251645,5.012295751344599
2024-01-02,10.299494662228676,4.984245490754307
2024-01-03,10.17044385706271,4.943540702947419
2024-01-04,10.119081622462364,4.9276168662475275
2024-01-05,10.140928190159576,4.9343655332028655
2024-01-08,10.374142524318001,5.004808930304112
2024-01-09,10.382346094358525,4.997216084627858
2024-01-10,10.475388973949109,5.025477040639897
2024-01-11,10.511887455272566,5.023263267748725
2024-01-12,10.516481927591693,5.0267429826795595
2024-01-16,10.527952077523217,5.008288653039257
2024-01-17,10.466132747988702,4.980449429483813
2024-01-18,10.644055605750252,5.024739271343361
2024-01-19,10.883058981643103,5.087378424810819
2024-01-22,10.945054600709565,5.098134923383317
2024-01-23,10.93934296925121,5.113003531924667
2024-01-24,10.986605540906075,5.118593629816155
2024-01-25,11.038877872865084,5.1464325344781265
2024-01-26,10.93707630009298,5.139893889014421
2024-01-29,11.067272758732425,5.180599021673776
2024-01-30,10.995906729621893,5.176592553614374
2024-01-31,10.79357921264876,5.092124384641505
2024-02-01,10.93013191572281,5.158770006745207
2024-02-02,11.0522768960765,5.213078854815817
2024-02-05,11.040067687585557,5.194097721920701
2024-02-06,10.996672338485283,5.209177745836754
2024-02-07,11.146893017487336,5.252623746806801
2024-02-08,11.24078428953329,5.254943883242003
2024-02-09,11.36498557875825,5.285314621217445
2024-02-12,11.36167702401241,5.282994473805023
2024-02-13,11.107447324186815,5.210231315447804
2024-02-14,11.293170747507991,5.257580074061633
2024-02-15,11.303818070789177,5.293856325056644
2024-02-16,11.168304208655238,5.267493397004931
2024-02-20,11.073235377748306,5.2384932647826545
2024-02-21,10.99731740682153,5.243238553906559
2024-02-22,11.31463461805764,5.351749840101775
2024-02-23,11.314935582063542,5.355440567344004
2024-02-26,11.345875195581678,5.335825998494078
2024-02-27,11.368060588891815,5.345738949392341
2024-02-28,11.314644604356126,5.338673860424655
2024-02-29,11.46714128782598,5.357866019245711
2024-03-01,11.681655605592317,5.408167058479554
2024-03-04,11.66498202380581,5.402367556452723
2024-03-05,11.416451406803354,5.3483751065726715
2024-03-06,11.541593404467122,5.375477195168963
2024-03-07,11.746704396631904,5.4288361707347725
2024-03-08,11.57880650748811,5.3962506673871715
2024-03-11,11.5287366166398,5.391611402763405
2024-03-12,11.716697518447592,5.449610314525781
2024-03-13,11.649074007864485,5.441068922295412
2024-03-14,11.535648584503283,5.430312418732237
2024-03-15,11.406066029837325,5.393024526871522
2024-03-18,11.486797247913348,5.425077267053794
2024-03-19,11.548923248914319,5.455223987420631
2024-03-20,11.709090425017472,5.505680881543
2024-03-21,11.81725807133126,5.523875009640956
2024-03-22,11.802599510747266,5.51340334454643
2024-03-25,11.745572492978113,5.498171795930652
2024-03-26,11.711717247132706,5.488015518007491
2024-03-27,11.785115566426796,5.534137239462067
2024-03-28,11.799358433395707,5.533079389128744
2024-04-01,11.799507775476629,5.523452218307217
2024-04-02,11.648261677641361,5.488333556757998
2024-04-03,11.70544128136965,5.494362710703439
2024-04-04,11.515736240374887,5.427298299682084
2024-04-05,11.650758956747106,5.483995385464458
2024-04-08,11.652236411924136,5.4870632970029485
2024-04-09,11.70233476894379,5.493411170789985
2024-04-10,11.470552449357815,5.438404436186407
2024-04-11,11.63307122386508,5.479447856930128
2024-04-12,11.436373515191852,5.403814490216136
2024-04-15,11.229843779838735,5.33611463767239
2024-04-16,11.211910093423302,5.326382471712764
2024-04-17,11.05831387847228,5.294860141287797
2024-04-18,10.973739824674995,5.283964431037657
2024-04-19,10.762415744712595,5.237844034416721
2024-04-22,10.876299772189826,5.28608017818471
2024-04-23,11.084287115959485,5.34880808294876
2024-04-24,11.104910870212084,5.346269592120673
2024-04-25,11.08647161217989,5.3259597554925575
2024-04-26,11.250874073154922,5.376417312360521
2024-04-29,11.286925098168224,5.395457948036419
2024-04-30,11.04213492089297,5.3099867181804505
2024-05-01,10.943046286285652,5.292744766507582
2024-05-02,11.105469162935037,5.342249501987053
2024-05-03,11.315615011403182,5.408469035153963
2024-05-06,11.47995610691434,5.464321645863714
2024-05-07,11.421565451638857,5.4703508144381106
2024-05-08,11.391012365527477,5.470878593884688
2024-05-09,11.424963132342208,5.502401905760223
2024-05-10,11.470062415009053,5.509489604679052
2024-05-13,11.463078595584824,5.5102290883737925
2024-05-14,11.560620611334384,5.535510901067905
2024-05-15,11.841857721742478,5.6040579075273556
2024-05-16,11.74002450516471,5.592526717773932
2024-05-17,11.738561014261583,5.600566925660274
2024-05-20,11.837578966544239,5.607019170798321
2024-05-21,11.795951021720162,5.620771787069496
2024-05-22,11.769882506233765,5.604586381254604
2024-05-23,11.66909300179925,5.563650258142466
2024-05-24,11.775206532937373,5.600461259891425
2024-05-28,11.802332866496624,5.604375030233674
2024-05-29,11.700624914995341,5.565128936946955
2024-05-30,11.572428880714806,5.528212264584692
2024-05-31,11.6260222360526,5.5785634983011425
2024-06-03,11.621325942513305,5.583112705262737
2024-06-04,11.574691180435131,5.589353564475807
2024-06-05,11.824444084315454,5.655784149460315
2024-06-06,11.78389266178496,5.655678442854562
2024-06-07,11.709948776880195,5.648804135377626
2024-06-10,11.775209999342973,5.666257132538619
2024-06-11,11.76550012891023,5.679902726290341
2024-06-12,11.966252182461934,5.726552562567746
2024-06-13,11.982513657579732,5.738080399203823
2024-06-14,11.946057085986185,5.741573398266035
2024-06-17,12.049741305477559,5.787270064201228
2024-06-18,12.053217995541418,5.801974533598452
2024-06-20,11.973165901386686,5.78621323769895
2024-06-21,11.93614152904263,5.778455545886903
2024-06-24,11.865859305791416,5.759671173736556
2024-06-25,11.83929017291288,5.7818508034759395
2024-06-26,11.83625288189797,5.7890674205562975
2024-06-27,11.835074789688957,5.798193074875366
2024-06-28,11.8793271949805,5.7753766632883545
2024-07-01,11.86738912436491,5.787263485782969
2024-07-02,11.948661932791696,5.826209454136893
2024-07-03,12.080295172911912,5.852211127785571
2024-07-05,12.14523334688483,5.885956498723275
2024-07-08,12.177853754979527,5.892749069101496
2024-07-09,12.171644725645454,5.898479414006253
2024-07-10,12.309753045390126,5.956845221716611
2024-07-11,12.257300742616465,5.905482681203073
2024-07-12,12.280983448013973,5.942731040776146
2024-07-15,12.322749126198612,5.959075274530282
2024-07-16,12.459348100945832,5.99441330599728
2024-07-17,12.041820399134151,5.910364198374698
2024-07-18,11.964137813354238,5.864944054272103
2024-07-19,11.800047561736326,5.825997424084185
2024-07-22,11.981819842131657,5.886063515786467
2024-07-23,11.955165691538307,5.876830165670523
2024-07-24,11.560603001712105,5.743645914357998
2024-07-25,11.386817633103574,5.713719853486878
2024-07-26,11.544682762274055,5.777711687455578
2024-07-29,11.538309202347172,5.7811082886023994
2024-07-30,11.385633028653313,5.751817725347366
2024-07-31,11.779521419837755,5.845311509336684
2024-08-01,11.421911986588858,5.762537339021499
2024-08-02,11.087229245736388,5.655246442692833
2024-08-05,10.77501268286218,5.490545872919068
2024-08-06,10.899049774681146,5.541165960594444
2024-08-07,10.73405883843604,5.50412897354881
2024-08-08,11.157974749893217,5.631370454929665
2024-08-09,11.209630600084765,5.656202264519201
2024-08-12,11.252946788722555,5.659173467568753
2024-08-13,11.562942433009383,5.752243159173429
2024-08-14,11.5926397232046,5.770389415533084
2024-08-15,11.923007274025537,5.869295852047723
2024-08-16,11.926826022293715,5.882454872040973
2024-08-19,12.096685162539824,5.9386996113527
2024-08-20,12.05018648864138,5.929042870075667
2024-08-21,12.132562713309113,5.949419211707256
2024-08-22,11.8988000056267,5.902723529186792
2024-08-23,12.076335488109102,5.965442445828284
2024-08-26,11.931593330468385,5.951220592419731
2024-08-27,11.971761369125856,5.95939370122033
2024-08-28,11.826533093916225,5.924797513778762
2024-08-29,11.807458408640557,5.925327249924468
2024-08-30,11.962387047619632,5.981891075638245
2024-09-03,11.473056571390376,5.858790337381794
2024-09-04,11.445989159507368,5.846797217797463
2024-09-05,11.43431777675918,5.832577339220003
2024-09-06,11.177921829208234,5.73441471264629
2024-09-09,11.316636574342613,5.7986179078988425
2024-09-10,11.396197002932036,5.823875759726786
2024-09-11,11.574742693189624,5.883622144041974
2024-09-12,11.791188429691545,5.93318071706834
2024-09-13,11.983266659981302,5.964168948640095
2024-09-16,11.982071612084368,5.972976892985137
2024-09-17,11.97273449128266,5.9754169735054585
2024-09-18,11.905611857857174,5.957696097666322
2024-09-19,12.169967946541044,6.059358998377393
2024-09-20,12.136750734801472,6.048886002284598
2024-09-23,12.177005769988638,6.064001261071407
2024-09-24,12.253338870497421,6.081351884679648
2024-09-25,12.211119425231827,6.067939584725025
2024-09-26,12.319241645845453,6.0919963559644374
2024-09-27,12.275446462282599,6.083161194569346
2024-09-30,12.268723118848225,6.107538307255956
2024-10-01,12.20741591375666,6.052824352858085
2024-10-02,12.20536360555506,6.055378765791478
2024-10-03,12.174054423316672,6.044308201224283
2024-10-04,12.237388083468044,6.099234884913596
2024-10-07,12.164494702724017,6.044094873921232
2024-10-08,12.251443322921736,6.101258230892213
2024-10-09,12.324301758949478,6.143517741852336
2024-10-10,12.284079730987333,6.132766278628208
2024-10-11,12.439999005977432,6.169490203019576
2024-10-14,12.581360816321418,6.219946761695952
2024-10-15,12.501485181010041,6.171619890139473
2024-10-16,12.611385009753254,6.19844508285676
2024-10-17,12.652671826870634,6.198976847460418
2024-10-18,12.736013493335317,6.222821583842785
2024-10-21,12.569191818848086,6.212601843955641
2024-10-22,12.523896613244581,6.209302268990298
2024-10-23,12.450544071468753,6.152564955786467
2024-10-24,12.440350865165573,6.165871538695893
2024-10-25,12.327858060996471,6.163742524912297
2024-10-28,12.433193709621692,6.18279674872926
2024-10-29,12.40773990340631,6.192803790750981
2024-10-30,12.341465223417124,6.174067958306368
2024-10-31,12.117527062794347,6.053037086712892
2024-11-01,12.099228489517756,6.078584111328476
2024-11-04,12.093227173990861,6.0654909019385155
2024-11-05,12.269505468006232,6.138834332685484
2024-11-06,12.669986168563495,6.291479579173218
2024-11-07,12.655539195730242,6.340125488023772
2024-11-08,12.717649126672237,6.367590150822833
2024-11-11,12.680378960139599,6.373656872339029
2024-11-12,12.520526297578021,6.3538581907867755
2024-11-13,12.42105294214211,6.356945721097424
2024-11-14,12.405881368654844,6.316069415860538
2024-11-15,12.280797162252629,6.235169030176381
2024-11-18,12.396947148983283,6.260716014133581
2024-11-19,12.434920505816658,6.283602875416327
2024-11-20,12.413944344570684,6.285730566185972
2024-11-21,12.561293559872816,6.319475322158625
2024-11-22,12.689172315618,6.3390619671668755
2024-11-25,12.817756409863176,6.360564318921985
2024-11-26,12.764103918616135,6.393775305851161
2024-11-27,12.734764151271385,6.374402038798926
2024-11-29,12.78897607947232,6.414000079240027
2024-12-02,12.700835862230374,6.425497366802066
2024-12-03,12.740184241794013,6.42847719120592
2024-12-04,12.714727218481844,6.468394948894258
2024-12-05,12.655403260381517,6.4577511403219034
2024-12-06,12.639336350366317,6.469992905426077
2024-12-09,12.618200237784214,6.436674253561145
2024-12-10,12.543764627404935,6.416661539072201
2024-12-11,12.63019929782223,6.466266631932459
2024-12-12,12.478972237026252,6.43294932243676
2024-12-13,12.396938811812083,6.431671095406392
2024-12-16,12.397893832360278,6.4591344596172
2024-12-17,12.274952241499877,6.432521921364753
2024-12-18,11.831916476575774,6.240811026183989
2024-12-19,11.780958315277104,6.2388953468313915
2024-12-20,11.93988919173246,6.313830781231136
2024-12-23,11.975334269842959,6.3516381262257635
2024-12-24,12.080430737638876,6.422237727293625
2024-12-26,12.089411983271715,6.422665127214377
2024-12-27,11.966059752377392,6.35505668584615
2024-12-30,11.856225051071535,6.282535448071082
2024-12-31,11.825311509515947,6.259679772587063
2025-01-02,11.821724975636098,6.244298675240255
2025-01-03,11.951356996724972,6.322374138840148
2025-01-06,11.98626071336251,6.358794933751834
2025-01-07,11.839594912425028,6.28691447994121
2025-01-08,11.844250120880151,6.2960999134729825
2025-01-10,11.630040418845653,6.199975278381019
2025-01-13,11.635052858319753,6.20958815405089
2025-01-14,11.702650705892454,6.218130870762062
2025-01-15,11.941378577669783,6.331239914927398
2025-01-16,11.958576474426721,6.319063294448615
2025-01-17,12.071462771811687,6.382506058018549
2025-01-21,12.208239107042965,6.4409283910456825
2025-01-22,12.263412021011467,6.477137164953772
2025-01-23,12.309269518235553,6.512488472800887
2025-01-24,12.349140528001332,6.493476760576893
2025-01-27,12.184936826446334,6.401624129212132
2025-01-28,12.301580152536143,6.4566298924936625
2025-01-29,12.283949639805513,6.427683593925934
2025-01-30,12.410051068255058,6.462183414294301
2025-01-31,12.347957480225036,6.427791932650763
2025-02-03,12.303269858865026,6.384535399782877
2025-02-04,12.44167288640819,6.427365225522718
2025-02-05,12.387633031534197,6.453424077998468
2025-02-06,12.457973914870287,6.4758536632582
2025-02-07,12.407453039710296,6.416577195785713
2025-02-10,12.55157522645853,6.460154802318944
2025-02-11,12.496480694408666,6.465068266858491
2025-02-12,12.559246304811854,6.4442393038683745
2025-02-13,12.662552922162776,6.512275133627681
2025-02-14,12.699445886141609,6.511954078463593
2025-02-18,12.759631339359027,6.531073436116126
2025-02-19,12.741431557464063,6.546453918125977
2025-02-20,12.758319534758119,6.519217920315927
2025-02-21,12.613260991877294,6.407712173931976
2025-02-24,12.526336633508155,6.378555161226933
2025-02-25,12.43308082154957,6.34683179984588
2025-02-26,12.518837881378762,6.350036949904802
2025-02-27,12.309970411076538,6.248677152107466
2025-02-28,12.346310891107805,6.346192383087196
2025-03-03,12.323207079447963,6.235006965611661
2025-03-04,12.299801725732772,6.16120418576083
2025-03-05,12.494961944947946,6.227424746737346
2025-03-06,12.396254225096532,6.1168788031683805
2025-03-07,12.425104928710198,6.151164581716808
2025-03-10,12.177559226489898,5.987323822732636
2025-03-11,12.35013564104646,5.937552576878739
2025-03-12,12.409289014425232,5.969059962125842
2025-03-13,12.53316190039756,5.889489587372522
2025-03-14,12.701437743589905,6.011142000865851
2025-03-17,12.831310868661593,6.057496080845648
2025-03-18,12.84666992248404,5.9920239979055925
2025-03-19,12.91097355205002,6.057282711825102
2025-03-20,12.816015786308371,6.039765898242083
2025-03-21,12.703792796303503,6.041759322976799
2025-03-24,12.771275877798837,6.149957565636397
2025-03-25,12.842323430850511,6.1647417561263085
2025-03-26,12.79897334928682,6.091145034676893
2025-03-27,12.923041902043858,6.074968293516699
2025-03-28,12.770887470048814,5.952628577282323
2025-03-31,12.857297458343437,5.992586906185617
2025-04-01,12.806357609520472,6.0095121289399716
2025-04-02,12.840782189656947,6.047543506733332
2025-04-03,12.470336410659996,5.749515422309532
2025-04-04,11.796186400169256,5.412921598436419
2025-04-07,11.582841169425095,5.403280481389796
2025-04-08,11.523595730328294,5.318650087931494
2025-04-09,12.242886029007238,5.877211209857001
2025-04-10,12.101064828267942,5.619677926940725
2025-04-11,12.241405459142747,5.71994899723944
2025-04-14,12.327298559582866,5.775440682039728
2025-04-15,12.332747817151999,5.759263903706962
2025-04-16,12.279980336610357,5.6312470432480035
2025-04-17,12.265067642960329,5.639281256029546
2025-04-21,12.269684473053609,5.505051136076652
2025-04-22,12.37031845158861,5.648280620676402
2025-04-23,12.35650229183125,5.73580344006848
2025-04-24,12.496701766315924,5.856535907814206
2025-04-25,12.449883016987702,5.898851898058605
2025-04-28,12.512446585837887,5.901100599390664
2025-04-29,12.514691458769114,5.938273166352381
2025-04-30,12.504578901067275,5.940630838947619
2025-05-01,12.439031764773109,5.982732149109549
2025-05-02,12.547237047395324,6.071539825130932
2025-05-05,12.657681433976352,6.036722944296108
2025-05-06,12.832899713412653,5.986266384012486
2025-05-07,12.714161955494712,6.011441806878442
2025-05-08,12.687117503125776,6.0533284513292465
2025-05-09,12.747941081307223,6.045616631948822
2025-05-12,12.680669359920952,6.245407636188993
2025-05-13,12.691043635300893,6.286651496315392
2025-05-14,12.617074928859992,6.294687031391468
2025-05-15,12.706068454614547,6.325431290002709
2025-05-16,12.69740887936077,6.365497330845341
2025-05-19,12.795460190183743,6.372460739340472
2025-05-20,12.925064522595349,6.351034869495018
2025-05-21,12.892143332406063,6.244014470054038
2025-05-22,12.821949689977846,6.246477858642764
2025-05-23,12.925312035300351,6.203842149229926
2025-05-27,12.855163503963738,6.332824184086657
2025-05-28,12.810711281094266,6.296186009739074
2025-05-29,12.85357872371458,6.321039070699038
2025-05-30,12.839388111649791,6.313969367760804
2025-06-02,13.082216264288407,6.349535388952158
2025-06-03,13.05576928880653,6.3857441859658435
2025-06-04,13.117312520944026,6.384029294364702
2025-06-05,13.132003234949758,6.353177323674411
2025-06-06,13.06592883400507,6.418418101611224
2025-06-09,13.110376912399298,6.4242023158202155
2025-06-10,13.063673991474579,6.460626450836522
2025-06-11,13.105274213438959,6.442199710498504
2025-06-12,13.203608238847144,6.467802558275956
2025-06-13,13.185788166510596,6.395492719708507
2025-06-16,13.173813869233898,6.456341164226847
2025-06-17,13.121367584160812,6.401169856639591
2025-06-18,13.062812197966167,6.400206032494276
2025-06-20,13.026940740765287,6.385175212629024
2025-06-23,13.167061699376934,6.448243759163733
2025-06-24,13.174472937146113,6.519480151751156
2025-06-25,13.161108083748351,6.5231339944022055
2025-06-26,13.27731611103187,6.574168842140191
2025-06-27,13.128204522712627,6.606832139840544
2025-06-30,13.250354219889223,6.638420593530907
2025-07-01,13.320028182922323,6.63627094017431
2025-07-02,13.393518652416539,6.666355877217206
2025-07-03,13.425477974443286,6.718895627782994
2025-07-07,13.415070967310019,6.668826551942668
2025-07-08,13.293080100255873,6.665174702522824
2025-07-09,13.325293961203991,6.705142355974756
2025-07-10,13.382851887111492,6.724053003064159
2025-07-11,13.40851944122715,6.700414325769767
2025-07-14,13.502573426892143,6.713201128452494
2025-07-15,13.416395048631792,6.684513404674244
2025-07-16,13.465575620581948,6.706861872030359
2025-07-17,13.499385357399051,6.74790498273658
2025-07-18,13.537469813874575,6.742963626875822
2025-07-21,13.664218895739149,6.7557497693643755
2025-07-22,13.77990394629296,6.7567162469263815
2025-07-23,13.817433722316252,6.81419799688967
2025-07-24,13.748500727745633,6.816453973420502
2025-07-25,13.77448253254105,6.84524933342128
2025-07-28,13.663867045581853,6.843531107386098
2025-07-29,13.67010768226924,6.825479925384146
2025-07-30,13.529882322831872,6.816884052475715
2025-07-31,13.466308963236177,6.791313102368792
2025-08-01,13.44570862761224,6.680000764095727
2025-08-04,13.707069765603428,6.781534771709752
2025-08-05,13.781371663646658,6.747152593863227
2025-08-06,13.857773680238735,6.798834230887123
2025-08-07,13.849826765750475,6.793138439521855
2025-08-08,13.849904517829739,6.846109566857252
2025-08-11,13.740652035633877,6.832570974422217
2025-08-12,13.865402203539555,6.905310866644466
2025-08-13,13.931233201763739,6.928948850590729
2025-08-14,13.799028161513133,6.929592965675879
2025-08-15,13.835043695899499,6.9133696798083575
2025-08-18,13.859371998197004,6.911864777496457
2025-08-19,13.640998354804003,6.874367150773413
2025-08-20,13.787664629623256,6.856101269817093
2025-08-21,13.82574407597472,6.828596031303854
2025-08-22,14.0155856467175,6.933461483123342
2025-08-25,13.978030463664636,6.9029464871207376
2025-08-26,14.134901559468457,6.931848916973917
2025-08-27,14.062637257991804,6.9476441745085795
2025-08-28,14.151062670098721,6.972248005776651
2025-08-29,14.270677109666329,6.93066712228724
2025-09-02,14.441726745831318,6.879309215550982
2025-09-03,14.440416907469332,6.916592113396304
2025-09-04,14.36563838054477,6.974396909490723
2025-09-05,14.562806891745876,6.954196754489858
2025-09-08,14.701320384036777,6.971280156069067
2025-09-09,14.689842685614922,6.9873977557899
2025-09-10,14.835140116408308,7.007596575852449
2025-09-11,15.007307391378404,7.0658320859806185
2025-09-12,14.982210893997623,7.063468423831217
2025-09-15,15.179557634265468,7.101073058295379
2025-09-16,15.136160824952716,7.09129537776922
2025-09-17,15.098127612025907,7.082486145173232
2025-09-18,15.141052629037931,7.115578140963355
2025-09-19,15.366363148357761,7.150821101405076
2025-09-22,15.503708797235916,7.184651564527613
2025-09-23,15.501161534014091,7.145541410810497
2025-09-24,15.352199918505223,7.1228073706241055
2025-09-25,15.41487610143119,7.0899466549601
2025-09-26,15.534651222135672,7.130564392150633
2025-09-29,15.704236621828924,7.1506056990425
2025-09-30,15.807973842637274,7.17753995703514
2025-10-01,15.904241168523038,7.201998213968133
2025-10-02,15.96185699216483,7.210293619550946
2025-10-03,16.010676184565618,7.210187267720058
2025-10-06,16.197177079077377,7.236044008688319
2025-10-07,16.13003984620029,7.209217460932709
2025-10-08,16.429117392126088,7.252205520007028
2025-10-09,16.146722096177957,7.231195735571457
2025-10-10,15.94800988261557,7.035752568093493
2025-10-13,16.53049729911507,7.143709507285947
2025-10-14,16.558198337121127,7.134982680314751
2025-10-15,16.707076874700743,7.16665886402297
2025-10-16,16.835924898092607,7.117852053827669
2025-10-17,16.332626876960727,7.1582550462622905
2025-10-20,16.782025365437075,7.232704549453492
2025-10-21,15.957469867234547,7.232596203539341
2025-10-22,15.81419982348752,7.194994225180988
2025-10-23,16.014586204003766,7.237660540936311
2025-10-24,16.0071185954379,7.296810683590141
2025-10-27,15.72074680634226,7.382896412928145
2025-10-28,15.747137816910586,7.402505016656062
2025-10-29,15.746622592098552,7.406060513840612
2025-10-30,15.811351833051507,7.324608364066972
2025-10-31,15.765380950488398,7.348635203637537
2025-11-03,15.639645641403513,7.362425725947036
2025-11-04,15.20760483628041,7.275154181864921
2025-11-05,15.382476909213425,7.300366155930631
2025-11-06,15.346973655394006,7.222038775355775
2025-11-07,15.558941360712023,7.229148366987397
2025-11-10,15.963015398045934,7.341954311433346
2025-11-11,15.994776301646963,7.358762541116683
2025-11-12,16.312092546887033,7.362856441481182
2025-11-13,15.931290750990156,7.240677569834066
2025-11-14,15.75065347127243,7.239491112407473
2025-11-17,15.546631830257263,7.172045551777306
2025-11-18,15.637781168215175,7.111817940653979
2025-11-19,15.706075849130137,7.139292600195032
2025-11-20,15.326023444135593,7.0304735033809305
2025-11-21,15.377659689970711,7.100505456042809
2025-11-24,15.816287506997348,7.205014600622848
2025-11-25,15.895151976905051,7.27278453565543
2025-11-26,16.28566800444609,7.322992494608708
2025-11-28,16.66511989909165,7.3629640971515045
2025-12-01,16.642612604366022,7.329348999973446
2025-12-02,16.66213782046335,7.342924127017238
2025-12-03,16.75277242240062,7.368351498401238
2025-12-04,16.74409592133646,7.373738868599294
2025-12-05,16.76364279871288,7.387744695681089
2025-12-08,16.62677225585819,7.365550433066324
2025-12-09,16.925882254054308,7.359193226487545
2025-12-10,17.105691756484553,7.407999984701068
2025-12-11,17.535278605066424,7.425238919225466
2025-12-12,17.30240190384256,7.345402676113564
2025-12-15,17.33366418202879,7.334304874480359
2025-12-16,17.285520287154228,7.314264913213524
2025-12-17,17.45032498294158,7.233781960385084
2025-12-18,17.482506626519253,7.288406201089081
2025-12-19,17.84513049470524,7.354464597808589
2025-12-22,18.272285937083304,7.4002815884493085
2025-12-23,18.498030858688544,7.434104057429605
2025-12-24,18.478927705556252,7.460255302636587
2025-12-26,18.927820331562867,7.459498907351453
2025-12-29,18.144488608320238,7.4329156402853025
2025-12-30,18.351024310003357,7.42383848937623
2025-12-31,17.95161110213644,7.36883601239229
2026-01-02,18.295921053612055,7.3823433098680855
2026-01-05,18.864036535667253,7.431511045133602
2026-01-06,19.48259165173051,7.475707504675889
2026-01-07,19.166714064915023,7.451610234348242
2026-01-08,19.152461306526998,7.450853821393353
2026-01-09,19.499030131861307,7.5001292235472174
2026-01-12,20.13050705958354,7.511907651483752
2026-01-13,20.17920126919731,7.496887441896457
2026-01-14,20.70980046695981,7.460038590804299
2026-01-15,20.68290719925553,7.48035443929825
2026-01-16,20.556861725327455,7.474086351099385
2026-01-20,21.241085747696143,7.321937571103871
2026-01-21,21.38159541900345,7.4064412973413685
2026-01-22,21.94478393495034,7.445126695590055
2026-01-23,22.4517784558258,7.4478273408476126
2026-01-26,22.622406670252474,7.485649344519545
2026-01-27,23.180512125298748,7.515472994929539
2026-01-28,23.672081633850617,7.514716562572599
2026-01-29,23.414266911614728,7.499804734761659
2026-01-30,20.59792875563845,7.477436942130469
2026-02-02,20.296624956475316,7.514608851431556
2026-02-03,21.222245139109422,7.451069677456985
2026-02-04,21.126283942410524,7.414977888110531
2026-02-05,19.833237734996583,7.32237015307211
2026-02-06,20.742606453115425,7.462848140313664
2026-02-09,21.557475500493805,7.498832202962703
2026-02-10,21.271965198672625,7.479056732606981
2026-02-11,21.678919864369238,7.477328546967778
2026-02-12,20.417951679248848,7.361812644164811
2026-02-13,20.95056802693837,7.366998599463867
2026-02-17,20.404070106873885,7.378885399044074
2026-02-18,20.918955324212604,7.416058010018838
2026-02-19,21.074734968112963,7.396499269426115
2026-02-20,21.60495176558101,7.4499894947377285
2026-02-23,22.093580748687554,7.3739148210109535
2026-02-24,22.066399214396654,7.427512120887471
2026-02-25,22.153916719202357,7.490187844967398
2026-02-26,22.290855727062198,7.448583746386284
2026-02-27,22.634478937111794,7.412816317608674
2026-03-02,22.64577753286241,7.417030503685234
2026-03-03,21.3245519207377,7.3516547942275166
2026-03-04,21.495191084928866,7.4035238800123535
2026-03-05,20.959673310416903,7.3622441259498075
2026-03-06,20.9332053100955,7.265745940609483
2026-03-09,21.249269334232316,7.329394093021599
2026-03-10,21.511081863876164,7.317615610126231
2026-03-11,21.33646189277678,7.3084308317170255
2026-03-12,20.87078178502717,7.197452821127561
2026-03-13,20.206817186137314,7.156714158542056
2026-03-16,20.405341056399905,7.2295471081606975
2026-03-17,20.32341175851116,7.248564793306069
2026-03-18,19.644213899162864,7.147420349778418
2026-03-19,18.98396572643391,7.129806532965238
2026-03-20,18.296548864395916,7.027595908046739
2026-03-23,18.520135773766405,7.1013853839773935
2026-03-24,18.707799278501568,7.07754731149275
2026-03-25,19.134391715135095,7.1169885009464515
2026-03-26,18.353175893422616,6.989888267234714
2026-03-27,18.718676107353165,6.8706972516928895
2026-03-30,18.515188312663323,6.847725968622497
2026-03-31,19.48404970946855,7.046774502965001
2026-04-01,19.88477751258117,7.099868566393082
2026-04-02,19.675836578592296,7.10626164304369
2026-04-06,19.679959664954026,7.139852160141577
2026-04-07,19.768406126434275,7.142993552294995
2026-04-08,20.36037781576646,7.324922740874529
2026-04-09,20.49294989359927,7.367180293415862
2026-04-10,20.65992383156145,7.3623054302157085
2026-04-13,20.709458212455928,7.434253044671111
2026-04-14,21.192704521786514,7.524838079854882
2026-04-15,21.03951585228595,7.58421687813654
2026-04-16,21.027906891703186,7.602853650113354
2026-04-17,21.500795022571968,7.694739534501066
2026-04-20,21.419967806337677,7.679351748274761
2026-04-21,20.767200185121286,7.629075953901015
2026-04-22,21.208610185638623,7.706333164781865
2026-04-23,20.916537798270888,7.676427043542634
2026-04-24,21.230792826101844,7.73591420992397
2026-04-27,21.145518681708616,7.7492414108474
2026-04-28,20.564977543046908,7.711533757127045
2026-04-29,20.375100659757198,7.710341939584881
2026-04-30,20.9146628204133,7.787057451677749
2026-05-01,20.957043714065488,7.808620280984893
2026-05-04,20.62489884739479,7.780014337619938
2026-05-05,20.894517218818105,7.842427479839767
2026-05-06,21.871186296175324,7.951432673201602
2026-05-07,21.625693649931442,7.927052864996625
2026-05-08,22.11780486532737,7.99249900980268
2026-05-11,22.887862111556174,8.010702405847447
2026-05-12,22.719576295567453,7.998566992772829
2026-05-13,22.78077565593908,8.043317775312344
2026-05-14,22.397983012220678,8.106813736660104
2026-05-15,21.318004640391777,8.009294523245837
2026-05-18,21.240531827978945,8.003659904455787
2026-05-19,20.75854650878573,7.950349126564189
2026-05-20,21.31005433005919,8.031831777741399
2026-05-21,21.44715521577695,8.047759944294791
2026-05-22,21.48081331376691,8.079400275858982
2026-05-26,22.17251871660178,8.133036101736296
2026-05-27,21.788108902258582,8.131627622544197
2026-05-28,22.099915077801953,8.176486071589066
2026-05-29,22.135010573013883,8.196857050752683
2026-06-01,22.053231439389933,8.21917824006187
2026-06-02,22.61644102746518,8.230339226577614
2026-06-03,22.171338679830765,8.172585619370443
2026-06-04,22.199559950673283,8.203466796569364
2026-06-05,20.541108499958735,7.99174048673399
2026-06-08,20.74820366486817,8.009835545378863
2026-06-09,20.374162242237638,7.986322512938693
2026-06-10,19.79474489917409,7.860414065497732
2026-06-11,20.836890341584084,7.994016422911027
2026-06-12,21.147184666419225,8.037249742469578
2026-06-15,21.79185002093887,8.178978684800786
2026-06-16,21.542172315721448,8.130219049053052
2026-06-17,21.208486151770543,8.028689767892573
2026-06-18,21.288041721313476,8.112163894835556
2026-06-22,21.276401545974522,8.086635482909982
2026-06-23,20.276624644930465,7.969201281560808
2026-06-24,19.658584866511784,7.965507556766806
2026-06-25,20.013245858616834,7.97702281311117
2026-06-26,19.85965882533552,7.919338328732035
2026-06-29,19.89176207388677,8.049807923023613
2026-06-30,20.184421442799806,8.11249032835477
2026-07-01,19.740409266277503,8.10151818518567
2026-07-02,19.79460339785986,8.090872385214427
2026-07-06,20.09233719200366,8.161484583960423
2026-07-07,19.398607914230457,8.122702106980748
2026-07-08,19.250982111604326,8.097607749864421
2026-07-09,19.725997456414152,8.166156104845038
2026-07-10,19.749088347309403,8.201353217595653
2026-07-13,19.159599139035866,8.13856250917229
2026-07-14,19.548231450631196,8.167459614759858
2026-07-15,19.256142583901823,8.19983240271271
2026-07-16,18.571961941285455,8.155400626858723
2026-07-17,18.471878233802855,8.074684995774577
2026-07-20,18.452422076727267,8.061649628051649
2026-07-21,19.23770843695291,8.128894507943604
2026-07-22,19.508478319747073,8.119442473276603
2026-07-23,19.206180857294232,8.019173448313492
2026-07-24,18.976284209838823,8.027320687961776
2026-07-27,18.96535604241077,8.029059566169202
2026-07-28,18.489964857437283,8.048287317146478
2026-07-29,18.03065302417696,7.924444698468252
2026-07-30,18.95943273477907,8.05730387792715
2026-07-31,18.691216765876824,8.115315418398723
2026-08-03,18.966712138317874,8.230901774749823
2026-08-04,19.777685301248226,8.379296291301698
2026-08-05,20.29102913493704,8.362566523498336
2026-08-06,20.239630101356806,8.349204731081425
2026-08-07,21.006534196633712,8.40026287324955
2026-08-10,21.12789013356148,8.397764299060531
2026-08-11,21.086543729435473,8.370931762572173
2026-08-12,21.295318190004938,8.391897681974028
2026-08-13,21.14511085398432,8.450452315887954
2026-08-14,21.25426480886773,8.433722532915576
2026-08-17,21.550050205160737,8.393853290362372
2026-08-18,20.85999762354317,8.33714659993454
2026-08-19,21.415752225356275,8.35463609932895
2026-08-20,21.494823096053985,8.284458576382724
2026-08-21,21.764426165219916,8.318352201844178
2026-08-24,21.519234483007224,8.29390922300019
2026-08-25,21.75460890920692,8.320416059242344
2026-08-26,21.687325556168854,8.322263274811657
2026-08-27,21.982384547626094,8.376797734489374
2026-08-28,21.44610663657009,8.357786675798929
2026-08-31,21.5476130764553,8.332800654642295
2026-09-01,21.303563681429058,8.275550897696634
2026-09-02,21.519266682918165,8.312268854985643
2026-09-03,21.665861266992454,8.399285176512551
2026-09-04,21.753869261697396,8.366912399606681
2026-09-08,21.811549107407966,8.32095981066381
2026-09-09,21.97074948147317,8.282286319332592
2026-09-10,21.563068068455056,8.232639976094342
2026-09-11,21.702808915441494,8.302817469042562
2026-09-14,21.295638134948337,8.265773203481809
2026-09-15,21.432161619156194,8.227860168240738
2026-09-16,21.287964558644894,8.191576292242017
2026-09-17,21.732569757500823,8.284458527925675
2026-09-18,21.886918487724685,8.295120294672776
2026-09-21,22.111364994577453,8.423736051890474
2026-09-22,22.270394486150973,8.422429277716745
2026-09-23,22.051858913090566,8.361769594469944
