date,equity
1950-01-03,1.00003598
1950-01-04,1.0000719612945606
1950-01-05,1.0013545824770829
1950-01-06,1.0011731497733265
1950-01-07,1.0056727835187707
1950-01-09,1.007637324463826
1950-01-10,1.0054014101913198
1950-01-11,1.0097014617524718
1950-01-12,0.99006512775687
1950-01-13,0.980821580327703
1950-01-14,0.9828122314934505
1950-01-16,0.9853292905554027
1950-01-17,0.9961663189521475
1950-01-18,0.9957874165269446
1950-01-19,0.999372192236971
1950-01-20,1.004945070010264
1950-01-21,1.0058234657272425
1950-01-23,1.0042395997637628
1950-01-24,1.002205588796562
1950-01-25,0.9948681864715143
1950-01-26,0.9946945136458185
1950-01-27,1.000679441026144
1950-01-28,1.0037811410075075
1950-01-30,1.0068244480649582
1950-01-31,1.009411647448348
1950-02-01,1.0115119749722163
1950-02-02,1.0216430188502732
1950-02-03,1.0263034797525017
1950-02-04,1.0307125315507035
1950-02-06,1.028745292952674
1950-02-07,1.0251926313024617
1950-02-08,1.0299544824025715
1950-02-09,1.033513462190109
1950-02-10,1.0324951068344324
1950-02-11,1.031812227184889
1950-02-14,1.0280851261494175
1950-02-15,1.0276700283078881
1950-02-16,1.025217351773512
1950-02-17,1.0290692358992783
1950-02-18,1.0344220146915428
1950-02-20,1.033992412749955
1950-02-21,1.0323481563507428
1950-02-23,1.0347073273388767
1950-02-24,1.0381295567858697
1950-02-25,1.0369832233162863
1950-02-27,1.0368998959770739
1950-02-28,1.0346184709785058
1950-03-01,1.0373120693457676
1950-03-02,1.038079941285074
1950-03-03,1.0419601843938082
1950-03-04,1.0448566976582605
1950-03-06,1.0429367886780017
1950-03-07,1.0333179188969062
1950-03-08,1.0310084954427883
1950-03-09,1.0246339683668682
1950-03-10,1.0220844764786008
1950-03-11,1.0259884188451942
1950-03-13,1.023595361344039
1950-03-14,1.028077790888122
1950-03-15,1.0442149840902417
1950-03-16,1.0474287419311785
1950-03-17,1.0486930495019497
1950-03-18,1.0497272587839817
1950-03-20,1.0486681127667794
1950-03-21,1.0491125347759074
1950-03-22,1.055433752682459
1950-03-23,1.057208182791832
1950-03-24,1.0569829358281069
1950-03-25,1.0623624564194907
1950-03-27,1.0551545801946522
1950-03-28,1.0610935364161749
1950-03-29,1.0571991663835434
1950-03-30,1.04786286492011
1950-03-31,1.0468730919406042
1950-04-01,1.0496119675944633
1950-04-03,1.0589401387237023
1950-04-04,1.0597536814399944
1950-04-05,1.0666612644504347
1950-04-06,1.0789961378582202
1950-04-08,1.0856486209731502
1950-04-10,1.0880644960029062
1950-04-11,1.082359252620414
1950-04-12,1.0935189855190806
1950-04-13,1.0960072587879777
1950-04-14,1.0970039380073167
1950-04-15,1.0926557357301758
1950-04-17,1.0932945851588038
1950-04-18,1.097083624219341
1950-04-19,1.0972954152196677
1950-04-20,1.08806148161981
1950-04-21,1.095873321759925
1950-04-22,1.0975985212686885
1950-04-24,1.0897500866956065
1950-04-25,1.0878792107551145
1950-04-26,1.0830001450003959
1950-04-27,1.0917352420038946
1950-04-28,1.0988730867267344
1950-04-29,1.108123997018192
1950-05-01,1.1140406262503533
1950-05-02,1.1081412510722617
1950-05-03,1.1170163064286491
1950-05-04,1.1083738888264436
1950-05-05,1.1120464726098034
1950-05-06,1.1186020451755643
1950-05-08,1.1138506930891028
1950-05-09,1.1171269275548008
1950-05-10,1.117551945038525
1950-05-11,1.1175346504062922
1950-05-12,1.112140780918138
1950-05-13,1.1154442544537806
1950-05-15,1.1212510098124988
1950-05-16,1.131434104442438
1950-05-17,1.1356450104187181
1950-05-18,1.1395153420960127
1950-05-19,1.1461415608702603
1950-05-20,1.148754985985689
1950-05-22,1.1437944821754062
1950-05-23,1.1511947452948976
1950-05-24,1.1517524348559138
1950-05-25,1.147751736193647
1950-05-26,1.150263924680804
1950-05-27,1.1493713170651865
1950-05-29,1.153696863321992
1950-05-31,1.158557225056137
1950-06-01,1.1582317385627803
1950-06-02,1.1588631436977195
1950-06-05,1.1464974752656634
1950-06-06,1.1665217982740468
1950-06-07,1.1712042480875426
1950-06-08,1.1806917677029574
1950-06-09,1.1904384557926542
1950-06-12,1.199587329807009
1950-06-13,1.1909538196477505
1950-06-14,1.175547158618622
1950-06-15,1.174813131142974
1950-06-16,1.1748568441861027
1950-06-19,1.168813522090504
1950-06-20,1.1633986270152672
1950-06-21,1.172773427073369
1950-06-22,1.184501186408247
1950-06-23,1.1845259921026439
1950-06-26,1.1137061372482286
1950-06-27,1.1031681826236843
1950-06-28,1.1149028095423965
1950-06-29,1.067692962407149
1950-06-30,1.0856977561436263
1950-07-03,1.0762608368717712
1950-07-05,1.0829384709855323
1950-07-06,1.0913619267427432
1950-07-07,1.072503030670103
1950-07-10,1.0615890247780966
1950-07-11,1.0350383807350918
1950-07-12,1.0014321872630916
1950-07-13,0.9901864586737298
1950-07-14,1.005584366184018
1950-07-17,0.9942303218099486
1950-07-18,1.0231704037999287
1950-07-19,1.0394750254845726
1950-07-20,1.0535437690365457
1950-07-21,1.05082551947895
1950-07-24,1.0374375108717009
1950-07-25,1.0156462127812653
1950-07-26,1.0178441023548406
1950-07-27,1.0295842945502027
1950-07-28,1.0420762802620285
1950-07-31,1.0489874275690962
1950-08-01,1.0582568536401065
1950-08-02,1.0613678252823935
1950-08-03,1.0653525458459043
1950-08-04,1.0711539881747139
1950-08-07,1.0865759839140505
1950-08-08,1.0965853232404568
1950-08-09,1.1029354572952192
1950-08-10,1.1065309166606867
1950-08-11,1.0966137139964065
1950-08-14,1.0981298742151842
1950-08-15,1.1007192009878932
1950-08-16,1.1018849177906205
1950-08-17,1.114857438638123
1950-08-18,1.118456575531738
1950-08-21,1.1230797768467402
1950-08-22,1.1213479920279803
1950-08-23,1.1281268526660424
1950-08-24,1.1268424287331658
1950-08-25,1.110372917276769
1950-08-28,1.1119977758194681
1950-08-29,1.1171312260636985
1950-08-30,1.1171893289035009
1950-08-31,1.116182474037109
1950-09-01,1.1228307905750228
1950-09-05,1.1301910414041696
1950-09-06,1.122743194511068
1950-09-07,1.1243069779822714
1950-09-08,1.132154582291846
1950-09-11,1.1228983300292332
1950-09-12,1.134751253021405
1950-09-13,1.1473761773219662
1950-09-14,1.1524842674251128
1950-09-15,1.1588565751986115
1950-09-18,1.1628618105208008
1950-09-19,1.1580074878619788
1950-09-20,1.1484224280071718
1950-09-21,1.1576508633327056
1950-09-22,1.1649299380957874
1950-09-25,1.1609371188830906
1950-09-26,1.1475118360194096
1950-09-27,1.1655284576153682
1950-09-28,1.1680847652142767
1950-09-29,1.1701611470403468
1950-10-02,1.1838603298475026
1950-10-03,1.1826033843735766
1950-10-04,1.204482932023796
1950-10-05,1.202479706495607
1950-10-06,1.2126106696094474
1950-10-07,1.2152042114609531
1950-10-09,1.204253279506711
1950-10-10,1.1934396366110172
1950-10-11,1.1981431109933032
1950-10-13,1.19811354310348
1950-10-14,1.1893080619875567
1950-10-16,1.1883572498115413
1950-10-17,1.199235686466926
1950-10-18,1.2068597824515266
1950-10-19,1.205959850665102
1950-10-20,1.2029980302492653
1950-10-21,1.208191019012929
1950-10-23,1.2067796485207445
1950-10-24,1.2122643244429467
1950-10-25,1.209703670617906
1950-10-26,1.1821904967767618
1950-10-27,1.190439986643906
1950-10-28,1.1927533600248308
1950-10-30,1.180160807163535
1950-10-31,1.1726627113729913
1950-11-01,1.1764516958378166
1950-11-02,1.1888417839026497
1950-11-03,1.1937111421404887
1950-11-04,1.1891754509133852
1950-11-06,1.1653161910030356
1950-11-08,1.182324050487086
1950-11-09,1.1977452932308015
1950-11-10,1.208643615749746
1950-11-13,1.2143849003365355
1950-11-14,1.2183690089997004
1950-11-15,1.215600822806026
1950-11-16,1.213583090792012
1950-11-17,1.2249437403954075
1950-11-18,1.231816251255564
1950-11-20,1.232728279662505
1950-11-21,1.2338750091708228
1950-11-22,1.2501869699385646
1950-11-24,1.2608582741791476
1950-11-25,1.2593059248204725
1950-11-27,1.2567857054356018
1950-11-28,1.2187133837191444
1950-11-29,1.2085677994943678
1950-11-30,1.2198269108522517
1950-12-01,1.23036657282954
1950-12-02,1.2217240079466187
1950-12-04,1.1883687175784823
1950-12-05,1.2072740521411505
1950-12-06,1.217298861065855
1950-12-07,1.2154575323209704
1950-12-08,1.213877109723399
1950-12-09,1.2185915352869041
1950-12-11,1.2325520200446318
1950-12-12,1.2312924339373417
1950-12-13,1.2286518846111039
1950-12-14,1.215085156548717
1950-12-15,1.2082309483076368
1950-12-16,1.231146236834335
1950-12-18,1.2435798866535515
1950-12-19,1.2526865502964784
1950-12-20,1.2542069200384665
1950-12-21,1.2513232531909013
1950-12-22,1.2595123550890885
1950-12-26,1.2514481421878292
1950-12-27,1.2765998179949842
1950-12-28,1.279470605166143
1950-12-29,1.2794684641853282
1950-12-30,1.280846265763596
1951-01-02,1.3014728539489857
1951-01-03,1.2937218243916238
1951-01-04,1.3011413955907194
1951-01-05,1.3008678346404756
1951-01-06,1.3002165901996563
1951-01-08,1.3081068831548635
1951-01-09,1.314863397451913
1951-01-10,1.2996670358695566
1951-01-11,1.3191560277254668
1951-01-12,1.3151309391582529
1951-01-13,1.3160985558810883
1951-01-15,1.324425650238954
1951-01-16,1.3338331790787974
1951-01-17,1.3427067917217885
1951-01-18,1.3391883196971583
1951-01-19,1.3374470301970693
1951-01-20,1.3395053062446292
1951-01-22,1.326056126832597
1951-01-23,1.33244280596044
1951-01-24,1.326451686789514
1951-01-25,1.3158776073409546
1951-01-26,1.3286258982522459
1951-01-27,1.3461218041815626
1951-01-29,1.3577067772801632
1951-01-30,1.3616088803219344
1951-01-31,1.3571212370672598
1951-02-01,1.3655602800816349
1951-02-02,1.3763831099290988
1951-02-03,1.3800442223960698
1951-02-05,1.3844767249284302
1951-02-06,1.3782667778480728
1951-02-07,1.3746104470071812
1951-02-08,1.3813333755177477
1951-02-09,1.3898379949433721
1951-02-10,1.3909607389202923
1951-02-13,1.3958175358953344
1951-02-14,1.3924147362647883
1951-02-15,1.3882765288235361
1951-02-16,1.3952078530952299
1951-02-17,1.3959313600539032
1951-02-19,1.3778982752559592
1951-02-20,1.374466750008372
1951-02-21,1.3805037387288097
1951-02-23,1.3827437728799303
1951-02-24,1.383560056094505
1951-02-26,1.3814238629545155
1951-02-27,1.3695383484024144
1951-02-28,1.3711135110738695
1951-03-01,1.3760879178174747
1951-03-02,1.3824740430080766
1951-03-03,1.3811549179203797
1951-03-05,1.3741673121703393
1951-03-06,1.3705700843772932
1951-03-07,1.3749300423741644
1951-03-08,1.3813993928882873
1951-03-09,1.3849968994469761
1951-03-10,1.3813025455981451
1951-03-12,1.3678608120234732
1951-03-13,1.3462138294146457
1951-03-14,1.332656471283012
1951-03-15,1.332893926195817
1951-03-16,1.3544825949576815
1951-03-17,1.3575741920606588
1951-03-19,1.3490260077895073
1951-03-20,1.346397955102553
1951-03-21,1.3559317272647529
1951-03-22,1.3621012715974534
1951-03-24,1.3467351213734444
1951-03-26,1.3484980657669325
1951-03-27,1.349786106907285
1951-03-28,1.3351670354130032
1951-03-29,1.3402849711952665
1951-03-30,1.3510242087036985
1951-03-31,1.3467906763824602
1951-04-02,1.3416129401301458
1951-04-03,1.33894807366643
1951-04-04,1.3461391307051302
1951-04-05,1.365802321475836
1951-04-06,1.3712826962482145
1951-04-07,1.3708639067196604
1951-04-09,1.3714348368018277
1951-04-10,1.366657882883469
1951-04-11,1.3641655384999907
1951-04-12,1.3782234920667902
1951-04-13,1.3971885447336476
1951-04-14,1.4024596448510342
1951-04-16,1.3952229597966366
1951-04-17,1.3990595842954048
1951-04-18,1.4040061946802886
1951-04-19,1.398523306822451
1951-04-20,1.3978022229075397
1951-04-21,1.3974954307536427
1951-04-23,1.3979014587908742
1951-04-24,1.3912489917128061
1951-04-25,1.3928478668846163
1951-04-26,1.4063240922475682
1951-04-27,1.420912555203314
1951-04-28,1.4231499307350712
1951-04-30,1.4221312071235526
1951-05-01,1.4250860818156939
1951-05-02,1.4292309836834056
1951-05-03,1.4411925268501826
1951-05-04,1.4437826767101558
1951-05-05,1.4393632332538584
1951-05-07,1.4376859720653699
1951-05-08,1.4448380681318507
1951-05-09,1.4495649213663515
1951-05-10,1.4441897345593364
1951-05-11,1.4375560400347136
1951-05-12,1.4303426812386935
1951-05-14,1.4274500779694053
1951-05-15,1.4021787593623753
1951-05-16,1.3958495493524756
1951-05-17,1.4081318721952223
1951-05-18,1.384634777200522
1951-05-19,1.3869095334463424
1951-05-21,1.3797944603803112
1951-05-22,1.3762143309679078
1951-05-23,1.367218848999698
1951-05-24,1.3639715360126197
1951-05-25,1.3650737100958383
1951-05-26,1.3664306421551602
1951-05-28,1.3738085679727472
1951-05-29,1.3832249563536596
1951-05-31,1.3910177023943622
1951-06-01,1.3890922435560618
1951-06-04,1.3751723500091462
1951-06-05,1.377607098788638
1951-06-06,1.390649567989391
1951-06-07,1.4026267522871085
1951-06-08,1.4012226823803098
1951-06-11,1.4144550146658648
1951-06-12,1.4108630467999759
1951-06-13,1.4133318716912153
1951-06-14,1.4306027745748948
1951-06-15,1.4422996025858128
1951-06-18,1.4423273197576159
1951-06-19,1.440693312224501
1951-06-20,1.4333162537160247
1951-06-21,1.4235125566469038
1951-06-22,1.4119853431952107
1951-06-25,1.38714632069443
1951-06-26,1.3947553083919153
1951-06-27,1.406264141514106
1951-06-28,1.3878311308290847
1951-06-29,1.375876244486911
1951-07-02,1.3829392343498754
1951-07-03,1.3925994550751277
1951-07-05,1.413544007885008
1951-07-06,1.4128509000298473
1951-07-09,1.4168124914356366
1951-07-10,1.4128653883399567
1951-07-11,1.4199527288946234
1951-07-12,1.4297868419613127
1951-07-13,1.4409126491192181
1951-07-16,1.4323887808635174
1951-07-17,1.44222114804332
1951-07-18,1.4411988632052775
1951-07-19,1.445423855371179
1951-07-20,1.452586976979999
1951-07-23,1.4686737383778459
1951-07-24,1.4890545154247337
1951-07-25,1.4848244561131618
1951-07-26,1.4953057879733278
1951-07-27,1.5051588034513168
1951-07-30,1.526562130858779
1951-07-31,1.5178869270631026
1951-08-01,1.5289428615052925
1951-08-02,1.5436282892740474
1951-08-03,1.5404586560722486
1951-08-06,1.5506178472228367
1951-08-07,1.5463920055270504
1951-08-08,1.5424453594689493
1951-08-09,1.5363691105262536
1951-08-10,1.5324463563493151
1951-08-13,1.5361161539676782
1951-08-14,1.53375807912865
1951-08-15,1.5386232931226278
1951-08-16,1.5415526485189757
1951-08-17,1.5455026819966378
1951-08-20,1.544766453925251
1951-08-21,1.5392777430283233
1951-08-22,1.532061538163356
1951-08-23,1.541096865696496
1951-08-24,1.5436948721588635
1951-08-27,1.5412647880307477
1951-08-28,1.5386862347728032
1951-08-29,1.5507516896949063
1951-08-30,1.5597631112041777
1951-08-31,1.5609177831695538
1951-09-04,1.5629982836610303
1951-09-05,1.5746591587984833
1951-09-06,1.5817805956313196
1951-09-07,1.5873917881328599
1951-09-10,1.592195929017185
1951-09-11,1.5837591073179278
1951-09-12,1.596841180923938
1951-09-13,1.5990209500459331
1951-09-14,1.599147975329274
1951-09-17,1.5892734593045992
1951-09-18,1.589057110041192
1951-09-19,1.5874870791498823
1951-09-20,1.5834575210445991
1951-09-21,1.5675827080010851
1951-09-24,1.5576603995860947
1951-09-25,1.5614850207337627
1951-09-26,1.5637783164342571
1951-09-27,1.5521786995867395
1951-09-28,1.551879035403141
1951-10-01,1.5632063687203934
1951-10-02,1.572232177811343
1951-10-03,1.5837499135948045
1951-10-04,1.5827755088209707
1951-10-05,1.5807578799981938
1951-10-06,1.581675314416604
1951-10-08,1.577762107025934
1951-10-09,1.5668576659708244
1951-10-10,1.5628436422397778
1951-10-11,1.5690126429979225
1951-10-13,1.572779000812073
1951-10-15,1.5769402857538286
1951-10-16,1.572485138063273
1951-10-17,1.5693764419887988
1951-10-18,1.564431323464045
1951-10-19,1.5428938852530034
1951-10-20,1.523549733278465
1951-10-22,1.4911330509919773
1951-10-23,1.5026766903961346
1951-10-24,1.5117628285168763
1951-10-25,1.500572314602461
1951-10-26,1.4855239607438506
1951-10-27,1.4602613199781989
1951-10-29,1.4757980510017426
1951-10-30,1.4766642071023184
1951-10-31,1.495880635300898
1951-11-01,1.504878063349863
1951-11-02,1.4895633417056484
1951-11-03,1.4730760100233677
1951-11-05,1.475559315235925
1951-11-07,1.462954213683699
1951-11-08,1.466857965313305
1951-11-09,1.4807470283379423
1951-11-10,1.4857717248687752
1951-11-13,1.4867701797790773
1951-11-14,1.4910321911067586
1951-11-15,1.4907734016199816
1951-11-16,1.4890474910670393
1951-11-17,1.490097893140245
1951-11-19,1.4839406438259921
1951-11-20,1.482367912752453
1951-11-21,1.4831836786137735
1951-11-23,1.4653572934657917
1951-11-24,1.4572693575960336
1951-11-26,1.4691925143508353
1951-11-27,1.4767928589337471
1951-11-28,1.4774499283924902
1951-11-29,1.4844320272931883
1951-11-30,1.5001099731359375
1951-12-01,1.5048588445257207
1951-12-03,1.50996250156802
1951-12-04,1.5142419359650405
1951-12-05,1.5176453909787855
1951-12-06,1.5283067720080155
1951-12-07,1.5360931272515093
1951-12-08,1.5392914782708262
1951-12-10,1.5401724838929536
1951-12-11,1.5336174669197475
1951-12-12,1.5383803987239626
1951-12-13,1.5409294822469504
1951-12-14,1.542899459320119
1951-12-15,1.5437458607200345
1951-12-17,1.5484120326564188
1951-12-18,1.5476367643166382
1951-12-19,1.5500049197556736
1951-12-20,1.554470304986853
1951-12-21,1.552790954401444
1951-12-22,1.5534459590435252
1951-12-24,1.551979937274021
1951-12-26,1.5431758967116391
1951-12-27,1.5526266683988295
1951-12-28,1.5604281309024097
1951-12-29,1.5629319479451451
1951-12-31,1.5729721598610062
1952-01-02,1.5758034301882116
1952-01-03,1.5774228518793143
1952-01-04,1.5857396318588834
1952-01-05,1.5867263585518439
1952-01-07,1.5879245104586948
1952-01-08,1.583120929131487
1952-01-09,1.5812629451175833
1952-01-10,1.5934370180712198
1952-01-11,1.6017379574193293
1952-01-12,1.609923588359346
1952-01-14,1.6140648422541233
1952-01-15,1.6083740941024005
1952-01-16,1.6154562918815492
1952-01-17,1.6217450854362956
1952-01-18,1.622004964195975
1952-01-19,1.6275033637575602
1952-01-21,1.633013312724522
1952-01-22,1.6424339362242857
1952-01-23,1.6392681353119447
1952-01-24,1.6435794161924178
1952-01-25,1.64674403404967
1952-01-26,1.6477140848042293
1952-01-28,1.652077129881378
1952-01-29,1.652343025506399
1952-01-30,1.6387052176453472
1952-01-31,1.6242670048086054
1952-02-01,1.6381875104235613
1952-02-02,1.6442372602146786
1952-02-04,1.6239138599952363
1952-02-05,1.6225720490671947
1952-02-06,1.6290562369973007
1952-02-07,1.6306930192894775
1952-02-08,1.6396193278218425
1952-02-09,1.6401144305476558
1952-02-11,1.6377239293176742
1952-02-13,1.6279038241309616
1952-02-14,1.6243579455165846
1952-02-15,1.6281501835627015
1952-02-16,1.626838687573296
1952-02-18,1.617486242691033
1952-02-19,1.5926811296472687
1952-02-20,1.5753740422114966
1952-02-21,1.5817597851618623
1952-02-23,1.5923843646008407
1952-02-25,1.590425619051761
1952-02-26,1.580537382242231
1952-02-27,1.5838666469765297
1952-02-28,1.5950657794203893
1952-02-29,1.595219411623183
1952-03-01,1.5965961771258843
1952-03-03,1.6017721913079135
1952-03-04,1.61965057202213
1952-03-05,1.6250719585815552
1952-03-06,1.6272653374987835
1952-03-07,1.6313343492362846
1952-03-08,1.6376446157483933
1952-03-10,1.6333970714998065
1952-03-11,1.6389759895062321
1952-03-12,1.6370324292090601
1952-03-13,1.6404117166586216
1952-03-14,1.6470714052124875
1952-03-15,1.6509556070113276
1952-03-17,1.6542761565781998
1952-03-18,1.6492404138644707
1952-03-19,1.6438430357681364
1952-03-20,1.6453577331135516
1952-03-21,1.6478053094218126
1952-03-22,1.64795046241736
1952-03-24,1.6456677846897279
1952-03-25,1.6389332713583078
1952-03-26,1.63632169710385
1952-03-27,1.6450875363714825
1952-03-28,1.6526228855740002
1952-03-29,1.6544991121165527
1952-03-31,1.6563530015457841
1952-04-01,1.6425913407797188
1952-04-02,1.645977646373507
1952-04-03,1.6515178033525182
1952-04-04,1.6418343658676737
1952-04-05,1.6387483225823993
1952-04-07,1.6275630244790764
1952-04-08,1.6363833461418902
1952-04-09,1.636119984406623
1952-04-10,1.6435363318347154
1952-04-12,1.6471139430651656
1952-04-14,1.6350244028872707
1952-04-15,1.6192227399621246
1952-04-16,1.6146683189863802
1952-04-17,1.6012508984552012
1952-04-18,1.6056961197589066
1952-04-19,1.6069041296208226
1952-04-21,1.621128965706308
1952-04-22,1.6139855171435311
1952-04-23,1.6050634714325323
1952-04-24,1.5998827901350767
1952-04-25,1.6088990961768497
1952-04-26,1.6121870063835027
1952-04-28,1.612246136218957
1952-04-29,1.6073244839374747
1952-04-30,1.598494062280585
1952-05-01,1.5878268885583242
1952-05-02,1.6087525250064307
1952-05-03,1.6121776420641063
1952-05-05,1.6186753317971165
1952-05-06,1.6223521186124819
1952-05-07,1.6331688196429868
1952-05-08,1.6403842102814934
1952-05-09,1.6415161244743641
1952-05-10,1.640592284226733
1952-05-12,1.6394681363585581
1952-05-13,1.6401146852255544
1952-05-14,1.6347693144956577
1952-05-15,1.6285496837406517
1952-05-16,1.6307277929939423
1952-05-17,1.6297311219086281
1952-05-19,1.6321183065935407
1952-05-20,1.6392239132385817
1952-05-21,1.6429724204588965
1952-05-22,1.6486256155159615
1952-05-23,1.6490129261541675
1952-05-24,1.6493502041213355
1952-05-26,1.6540028613124305
1952-05-27,1.6494863798286088
1952-05-28,1.647742824872805
1952-05-29,1.6478786312952516
1952-06-02,1.6469530135677266
1952-06-03,1.6442158127071933
1952-06-04,1.6511782933278547
1952-06-05,1.6587761663843505
1952-06-06,1.667399694780823
1952-06-09,1.671652532306513
1952-06-10,1.6682202897181597
1952-06-11,1.6721758221491334
1952-06-12,1.6723626587147087
1952-06-13,1.6759530042732433
1952-06-16,1.6750430097337703
1952-06-17,1.6770674590460801
1952-06-18,1.6807904004100376
1952-06-19,1.689722565063513
1952-06-20,1.6931740465208989
1952-06-23,1.6924621579261392
1952-06-24,1.6928040730301677
1952-06-25,1.6968366195829536
1952-06-26,1.6992746528073837
1952-06-27,1.7027590764363982
1952-06-30,1.7055466624689912
1952-07-01,1.7125254726830497
1952-07-02,1.7103133481582822
1952-07-03,1.711848627862823
1952-07-07,1.7064231765952675
1952-07-08,1.7066101182513898
1952-07-09,1.7035069719286045
1952-07-10,1.6995845667394074
1952-07-11,1.7087157165392468
1952-07-14,1.7113122010176847
1952-07-15,1.7190809184664204
1952-07-16,1.7175861816576625
1952-07-17,1.712086213319838
1952-07-18,1.6996019621276466
1952-07-21,1.703370029810722
1952-07-22,1.7062725978345734
1952-07-23,1.714118235872311
1952-07-24,1.7194212349433606
1952-07-25,1.716566798036284
1952-07-28,1.718406951845048
1952-07-29,1.7232427593534794
1952-07-30,1.7277999597824099
1952-07-31,1.7299196004392443
1952-08-01,1.7310840978332065
1952-08-04,1.728654317551992
1952-08-05,1.7297575888886185
1952-08-06,1.7355950674500922
1952-08-07,1.7391261086438805
1952-08-08,1.742311697570572
1952-08-11,1.7472618212332052
1952-08-12,1.7368198861099375
1952-08-13,1.737987778871684
1952-08-14,1.73635649223328
1952-08-15,1.7327166665180358
1952-08-18,1.7146880743105917
1952-08-19,1.7130029588548326
1952-08-20,1.7178419193158987
1952-08-21,1.721095699348945
1952-08-22,1.7225817873104983
1952-08-25,1.7183228066976923
1952-08-26,1.7171358248130422
1952-08-27,1.7252064648875383
1952-08-28,1.7293164133655057
1952-08-29,1.732311918150464
1952-09-02,1.7383618623665924
1952-09-03,1.745167289835151
1952-09-04,1.7464026204310075
1952-09-05,1.7441245791159077
1952-09-08,1.7397719442031334
1952-09-09,1.7229909805880081
1952-09-10,1.7132258479899758
1952-09-11,1.7155109579356138
1952-09-12,1.7164720149582948
1952-09-15,1.701248185435475
1952-09-16,1.7059626518765476
1952-09-17,1.7083746546068461
1952-09-18,1.708029906420622
1952-09-19,1.7141691825282277
1952-09-22,1.715992587770524
1952-09-23,1.7237350693437472
1952-09-24,1.7301327484127742
1952-09-25,1.7313730805365946
1952-09-26,1.7267109098755729
1952-09-29,1.7259627853667634
1952-09-30,1.7158682950159245
1952-10-01,1.712225674855695
1952-10-02,1.7131747693385935
1952-10-03,1.7112272686161127
1952-10-06,1.706015592144171
1952-10-07,1.7068942980085309
1952-10-08,1.7146764195554858
1952-10-09,1.714130926028153
1952-10-10,1.7143590429581133
1952-10-14,1.7063584222113009
1952-10-15,1.67859898457805
1952-10-16,1.6716909639515825
1952-10-17,1.6866679193832006
1952-10-20,1.6812125504422168
1952-10-21,1.6789245582013834
1952-10-22,1.6625275711501841
1952-10-23,1.6674179252382884
1952-10-24,1.6736950831089246
1952-10-27,1.6750202967975512
1952-10-28,1.6777478769155838
1952-10-29,1.6815795988359423
1952-10-30,1.6828811057505324
1952-10-31,1.7026917112637443
1952-11-03,1.7066388351526391
1952-11-05,1.7140585208359855
1952-11-06,1.7240771272303796
1952-11-07,1.7339591760338768
1952-11-10,1.738445272337639
1952-11-12,1.7408640706512994
1952-11-13,1.746690670251158
1952-11-14,1.752150066157016
1952-11-17,1.75744360822714
1952-11-18,1.7792354014696994
1952-11-19,1.7862367500242025
1952-11-20,1.7857802598755734
1952-11-21,1.7872405788496004
1952-11-24,1.7966402754749737
1952-11-25,1.7979656657873917
1952-11-26,1.8079253949981922
1952-11-28,1.8157459502340945
1952-12-01,1.8232606372189992
1952-12-02,1.8255370637520596
1952-12-03,1.8266585129472475
1952-12-04,1.8234132514289663
1952-12-05,1.8237596143639117
1952-12-08,1.8336183327145856
1952-12-09,1.845161378191825
1952-12-10,1.850285465942303
1952-12-11,1.8514035359628565
1952-12-12,1.8560092428162744
1952-12-15,1.858370558507836
1952-12-16,1.8601733096383473
1952-12-17,1.858120191389928
1952-12-18,1.855714323371279
1952-12-19,1.858603315983637
1952-12-22,1.8582102284308375
1952-12-23,1.8538040309848571
1952-12-24,1.8555003285273215
1952-12-26,1.8617307675560273
1952-12-29,1.8687622027599171
1952-12-30,1.8803749662118425
1952-12-31,1.8878718010180673
1953-01-02,1.8846760346842466
1953-01-05,1.8899469690334783
1953-01-06,1.8810455816551668
1953-01-07,1.8818564700541187
1953-01-08,1.8780138880035344
1953-01-09,1.8616764583691356
1953-01-12,1.8488231633256533
1953-01-13,1.8588594553332276
1953-01-14,1.8639320130991972
1953-01-15,1.8707359402613468
1953-01-16,1.863066963476262
1953-01-19,1.861489203422836
1953-01-20,1.8739143896526937
1953-01-21,1.8703161017868954
1953-01-22,1.8720909666174266
1953-01-23,1.8686563923020287
1953-01-26,1.8627995153248877
1953-01-27,1.8659172140276994
1953-01-28,1.8701792328826503
1953-01-29,1.8732371446001508
1953-01-30,1.8786999585972552
1953-02-02,1.8846079564840206
1953-02-03,1.8886439406941502
1953-02-04,1.8895562682527498
1953-02-05,1.8749406668022974
1953-02-06,1.8595306401339802
1953-02-09,1.8535224402201544
1953-02-10,1.8484073869049868
1953-02-11,1.8475330953506095
1953-02-13,1.852990587265131
1953-02-16,1.8524342584580709
1953-02-17,1.8406040833770236
1953-02-18,1.842255308064388
1953-02-19,1.8485255680023107
1953-02-20,1.850787848320151
1953-02-24,1.8616899195738532
1953-02-25,1.8720101857123892
1953-02-26,1.874238965432659
1953-02-27,1.8773673109065647
1953-03-02,1.8801575882087318
1953-03-03,1.8871284593188027
1953-03-04,1.8740094312293412
1953-03-05,1.875590093725337
1953-03-06,1.8803588110389255
1953-03-09,1.884084878954656
1953-03-10,1.8931423363631552
1953-03-11,1.9074537004190315
1953-03-12,1.907421681323308
1953-03-13,1.914814917278826
1953-03-16,1.9198636838557492
1953-03-17,1.927262519380635
1953-03-18,1.9247434882981438
1953-03-19,1.9262198913591366
1953-03-20,1.9239939981919754
1953-03-23,1.9127117785417886
1953-03-24,1.9208835006940121
1953-03-25,1.9180284176362856
1953-03-26,1.904977978279501
1953-03-27,1.9054184738615465
1953-03-30,1.8725590156883292
1953-03-31,1.8460713769870583
1953-04-01,1.8446163226485446
1953-04-02,1.8446584198935172
1953-04-06,1.8007094918261757
1953-04-07,1.8085354491825751
1953-04-08,1.8292536483599584
1953-04-09,1.8229210494711605
1953-04-10,1.8211903229690691
1953-04-13,1.8200130366139415
1953-04-14,1.8272162243317076
1953-04-15,1.8353571088415122
1953-04-16,1.8292203427676128
1953-04-17,1.8133612221157833
1953-04-20,1.8131142179907656
1953-04-21,1.8119748173132673
1953-04-22,1.801186046656737
1953-04-23,1.78237507610472
1953-04-24,1.7819513909399542
1953-04-27,1.7914640836321065
1953-04-28,1.7992027199080323
1953-04-29,1.810190209977674
1953-04-30,1.807709944738609
1953-05-01,1.8145688879290713
1953-05-04,1.8308021397103467
1953-05-05,1.834239766079841
1953-05-06,1.8360014365250825
1953-05-07,1.8285942715224577
1953-05-08,1.8345769690178126
1953-05-11,1.8332237448365878
1953-05-12,1.823623684755568
1953-05-13,1.822014118043317
1953-05-14,1.8290816737037918
1953-05-15,1.8334934682456705
1953-05-18,1.8294134440793512
1953-05-19,1.824879264851549
1953-05-20,1.841553599147627
1953-05-21,1.8470917280165962
1953-05-22,1.8483122977664244
1953-05-25,1.8467992658758594
1953-05-26,1.8409858531623429
1953-05-27,1.8271390075883192
1953-05-28,1.8139994468507543
1953-05-29,1.815563278286179
1953-06-01,1.7904037041282443
1953-06-02,1.7902407520349404
1953-06-03,1.7883679325432043
1953-06-04,1.7743836962060378
1953-06-05,1.7778599640864026
1953-06-08,1.7736409056852174
1953-06-09,1.7363727436313567
1953-06-10,1.727242397883951
1953-06-11,1.7385723234617554
1953-06-12,1.7445918793574295
1953-06-15,1.735305543338433
1953-06-16,1.7289321373402753
1953-06-17,1.7483603189574195
1953-06-18,1.7487693528352137
1953-06-19,1.7492088770276426
1953-06-22,1.7534489656753498
1953-06-23,1.7619641174214562
1953-06-24,1.7625161787213874
1953-06-25,1.77599428376114
1953-06-26,1.7760169308746758
1953-06-29,1.7757464439083976
1953-06-30,1.7738809829555047
1953-07-01,1.780088934776829
1953-07-02,1.7865887220010461
1953-07-03,1.7887713747844487
1953-07-06,1.7920780581805231
1953-07-07,1.8003971479137735
1953-07-08,1.8006702907038707
1953-07-09,1.7969421842142104
1953-07-10,1.794347096178039
1953-07-13,1.7748490519478142
1953-07-14,1.7694255565900223
1953-07-15,1.7741142280583173
1953-07-16,1.7778606377870492
1953-07-17,1.7883791421252784
1953-07-20,1.7773743543764613
1953-07-21,1.773426334024789
1953-07-22,1.7760301103116662
1953-07-23,1.7801763913228315
1953-07-24,1.7813118539968733
1953-07-27,1.773831661949821
1953-07-28,1.7758752203206138
1953-07-29,1.785564602171831
1953-07-30,1.7994044976885237
1953-07-31,1.8149272171702246
1953-08-03,1.8222780671366876
1953-08-04,1.8228822142751775
1953-08-05,1.825203508767604
1953-08-06,1.8302235997811382
1953-08-07,1.8314588520878459
1953-08-10,1.832877111749244
1953-08-11,1.8343061957182314
1953-08-12,1.8431027964901547
1953-08-13,1.8431560554878241
1953-08-14,1.8427959865779309
1953-08-17,1.8432830491742638
1953-08-18,1.8358602714422505
1953-08-19,1.824716003034986
1953-08-20,1.8271314154887717
1953-08-21,1.8288306139331478
1953-08-24,1.8180412441548155
1953-08-25,1.8105299301603877
1953-08-26,1.8071996174698146
1953-08-27,1.7999892548328995
1953-08-28,1.797267109023878
1953-08-31,1.7712107962331527
1953-09-01,1.7773358728078397
1953-09-02,1.7870003373377379
1953-09-03,1.7867198429796565
1953-09-04,1.7941337698220308
1953-09-08,1.7998757647311077
1953-09-09,1.8005516972956752
1953-09-10,1.7915091668810532
1953-09-11,1.7729543727257107
1953-09-14,1.7474453287338119
1953-09-15,1.7504949889892225
1953-09-16,1.7632720345442154
1953-09-17,1.7664027065136263
1953-09-18,1.7603393807965564
1953-09-21,1.7573126369793965
1953-09-22,1.77413580812203
1953-09-23,1.7819659415819655
1953-09-24,1.7843670346254628
1953-09-25,1.789572201563449
1953-09-28,1.798252662148046
1953-09-29,1.8016562997865515
1953-09-30,1.803152677874638
1953-10-01,1.8146233713911741
1953-10-02,1.8198341114334462
1953-10-05,1.8170032746450255
1953-10-06,1.8093807416326453
1953-10-07,1.821024152350514
1953-10-08,1.8252555884987862
1953-10-09,1.8300513511542642
1953-10-13,1.82804013910714
1953-10-14,1.8320352902387103
1953-10-15,1.8492753721617055
1953-10-16,1.851026371472896
1953-10-19,1.8542585510179133
1953-10-20,1.8598572911005136
1953-10-21,1.8581630969476834
1953-10-22,1.8611026852988226
1953-10-23,1.8601873701227656
1953-10-26,1.8552057869292964
1953-10-27,1.8465864942510595
1953-10-28,1.8481670439616555
1953-10-29,1.8590060377412578
1953-10-30,1.8644727009418145
1953-11-02,1.8683819446773586
1953-11-04,1.8744347599993891
1953-11-05,1.8853846291923064
1953-11-06,1.8842453872635239
1953-11-09,1.8826406035844783
1953-11-10,1.8704014334196868
1953-11-12,1.8738477694264484
1953-11-13,1.8767520775107465
1953-11-16,1.866341569811761
1953-11-17,1.8569801450090764
1953-11-18,1.8600382203793329
1953-11-19,1.8700193493361525
1953-11-20,1.8738650506062655
1953-11-23,1.874018782074711
1953-11-24,1.8908271143931425
1953-11-25,1.8964030673072665
1953-11-27,1.9158226757772148
1953-11-30,1.9235609260625923
1953-12-01,1.924406200259091
1953-12-02,1.938187275228157
1953-12-03,1.9417073569375969
1953-12-04,1.940253694718989
1953-12-07,1.9347887306860945
1953-12-08,1.929259074168862
1953-12-09,1.9270695994560307
1953-12-10,1.9267393348584347
1953-12-11,1.9278486362894578
1953-12-14,1.9262165579909032
1953-12-15,1.9271018264146553
1953-12-16,1.937067625237882
1953-12-17,1.9379755829883927
1953-12-18,1.9398969551714729
1953-12-21,1.9406773530981818
1953-12-22,1.927978952851859
1953-12-23,1.9269171119378121
1953-12-24,1.9322004042495693
1953-12-28,1.9261488582812654
1953-12-29,1.9188209442637132
1953-12-30,1.9266273502488147
1953-12-31,1.9301558953856905
1954-01-04,1.9414546970418032
1954-01-05,1.9501884908546958
1954-01-06,1.949989773010079
1954-01-07,1.9437429330533993
1954-01-08,1.9405439848522206
1954-01-11,1.933617588201104
1954-01-12,1.942791368902966
1954-01-13,1.9486806436819952
1954-01-14,1.955803648652497
1954-01-15,1.9719988570409024
1954-01-18,1.9729150382721985
1954-01-19,1.9824828369707934
1954-01-20,1.9847360990358256
1954-01-21,1.9804605527711958
1954-01-22,1.980161255715201
1954-01-25,1.987719708467733
1954-01-26,2.007077699780533
1954-01-27,2.001707836988959
1954-01-28,2.0002066050381475
1954-01-29,2.0026034088115465
1954-02-01,1.9996675144644982
1954-02-02,1.9996527506916346
1954-02-03,2.011938979637553
1954-02-04,2.0205476255201553
1954-02-05,2.022317020254438
1954-02-08,2.019263929259397
1954-02-09,2.020715537317214
1954-02-10,2.0165177867715287
1954-02-11,2.0226314479347964
1954-02-12,2.029913879618868
1954-02-15,2.0232540807966535
1954-02-16,2.0069528896909805
1954-02-17,2.0074370644855235
1954-02-18,2.023801497901116
1954-02-19,2.0168458055859886
1954-02-23,2.008604664385029
1954-02-24,2.006936193536655
1954-02-25,2.016811659399932
1954-02-26,2.033577180031689
1954-03-01,2.050663800949654
1954-03-02,2.056637129719339
1954-03-03,2.0602593327133585
1954-03-04,2.0672596436314103
1954-03-05,2.0670212209106413
1954-03-08,2.061645368170499
1954-03-09,2.0667530251426283
1954-03-10,2.07056454773765
1954-03-11,2.0778252748207393
1954-03-12,2.078603099919584
1954-03-15,2.0704205768867094
1954-03-16,2.0713538008277093
1954-03-17,2.0711956679302173
1954-03-18,2.083920509929256
1954-03-19,2.089811322884724
1954-03-22,2.090187324468772
1954-03-23,2.077043437765954
1954-03-24,2.0670173441338395
1954-03-25,2.068402223190586
1954-03-26,2.083265607826445
1954-03-29,2.095653138014843
1954-03-30,2.1033863534251083
1954-03-31,2.121076773699301
1954-04-01,2.1335274330529015
1954-04-02,2.1338656491543255
1954-04-05,2.1325387869760197
1954-04-06,2.1126438614007497
1954-04-07,2.124831160150941
1954-04-08,2.141211919315275
1954-04-09,2.1469500140612716
1954-04-12,2.1464699831756784
1954-04-13,2.149125343778806
1954-04-14,2.1678214811485437
1954-04-15,2.177439477984165
1954-04-19,2.1702922078187767
1954-04-20,2.1704997126305905
1954-04-21,2.173607517683306
1954-04-22,2.181184593207457
1954-04-23,2.1876234649630883
1954-04-26,2.1915996476716564
1954-04-27,2.1889351774850625
1954-04-28,2.193842892336548
1954-04-29,2.2281140144810054
1954-04-30,2.2323688768053502
1954-05-03,2.2277054112144827
1954-05-04,2.2226579408974514
1954-05-05,2.2220757119969874
1954-05-06,2.2314284625951624
1954-05-07,2.239271539057728
1954-05-10,2.2378356845549003
1954-05-11,2.2319175561870432
1954-05-12,2.2468318880652416
1954-05-13,2.2417816328733764
1954-05-14,2.2458543346499766
1954-05-17,2.2515376036968346
1954-05-18,2.255424609432265
1954-05-19,2.2559075288944697
1954-05-20,2.2599849231631177
1954-05-21,2.275665516949819
1954-05-24,2.276241775538494
1954-05-25,2.2706474881185135
1954-05-26,2.278801372090895
1954-05-27,2.273889627652126
1954-05-28,2.276912999285602
1954-06-01,2.282282315591938
1954-06-02,2.2753317992802686
1954-06-03,2.2779225790375404
1954-06-04,2.2702500144462565
1954-06-07,2.2691950070283298
1954-06-08,2.224134998952978
1954-06-09,2.2182921448662896
1954-06-10,2.226609881984083
1954-06-11,2.2430868513845685
1954-06-14,2.2483686397967215
1954-06-15,2.268179920612848
1954-06-16,2.2941566843384953
1954-06-17,2.2934201782746193
1954-06-18,2.2932671451724262
1954-06-21,2.2988436082996335
1954-06-22,2.309067679871814
1954-06-23,2.3173239902759626
1954-06-24,2.340471874857553
1954-06-25,2.343785164244459
1954-06-28,2.345473395762598
1954-06-29,2.3453176409698244
1954-06-30,2.3280653282944455
1954-07-01,2.3243701851609355
1954-07-02,2.3427721602825953
1954-07-06,2.3670834244413657
1954-07-07,2.3629627800541435
1954-07-08,2.3555330947424897
1954-07-09,2.366816055214621
1954-07-12,2.3671057400137734
1954-07-13,2.3576858808570478
1954-07-14,2.364651082403899
1954-07-15,2.3712012063168095
1954-07-16,2.3637372133258205
1954-07-19,2.3614663685827044
1954-07-20,2.3574070239081344
1954-07-21,2.3658879604825427
1954-07-22,2.38556250804166
1954-07-23,2.3867037405384797
1954-07-26,2.383456274079505
1954-07-27,2.3904592137264795
1954-07-28,2.389269282782289
1954-07-29,2.397357007114053
1954-07-30,2.402536335810833
1954-08-02,2.4133553977442377
1954-08-03,2.4263683114336363
1954-08-04,2.4277968728175736
1954-08-05,2.4253777077467498
1954-08-06,2.3925557662907138
1954-08-09,2.3872297816196766
1954-08-10,2.404275150085209
1954-08-11,2.4187825621572494
1954-08-12,2.413659891138193
1954-08-13,2.415538556867881
1954-08-16,2.422565082534586
1954-08-17,2.414532743003814
1954-08-18,2.4172919529519032
1954-08-19,2.4279267179981083
1954-08-20,2.4306504295208655
1954-08-23,2.411638648025834
1954-08-24,2.4028204641791
1954-08-25,2.392228435567987
1954-08-26,2.3832271920096675
1954-08-27,2.3902505931367544
1954-08-30,2.3643231190938248
1954-08-31,2.3311540845877357
1954-09-01,2.352041726305158
1954-09-02,2.364177872229771
1954-09-03,2.377882988058073
1954-09-07,2.3950337333313843
1954-09-08,2.3963841259205543
1954-09-09,2.396012745504608
1954-09-10,2.4006138820386402
1954-09-13,2.412382883004509
1954-09-14,2.4187826723045007
1954-09-15,2.4159132439700444
1954-09-16,2.4219738624516167
1954-09-17,2.4322240143949925
1954-09-20,2.4228959984823506
1954-09-21,2.4393965209516026
1954-09-22,2.4446979337780803
1954-09-23,2.4443441263714427
1954-09-24,2.45064772957731
1954-09-27,2.4533141885381298
1954-09-28,2.4474700486193104
1954-09-29,2.4433449920608883
1954-09-30,2.4366066523531793
1954-10-01,2.4370560296894634
1954-10-04,2.44484078288466
1954-10-05,2.4511844634815816
1954-10-06,2.458331726141321
1954-10-07,2.4555177624193516
1954-10-08,2.456137542227893
1954-10-11,2.4423835136938186
1954-10-12,2.4366408675716844
1954-10-13,2.4354020418229814
1954-10-14,2.4100718348707537
1954-10-15,2.404840612970962
1954-10-18,2.4080707135657904
1954-10-19,2.4197809927537937
1954-10-20,2.4367046567000945
1954-10-21,2.4383027399953816
1954-10-22,2.4451676447456085
1954-10-25,2.43302008437015
1954-10-26,2.4233249422988417
1954-10-27,2.417355285247041
1954-10-28,2.4165191974703264
1954-10-29,2.3998109815626707
1954-11-01,2.4149077950136983
1954-11-03,2.470714711973629
1954-11-04,2.4997896780849342
1954-11-05,2.4937504195635323
1954-11-08,2.5155854042444106
1954-11-09,2.525769333589915
1954-11-10,2.5328017781734147
1954-11-11,2.5489999723216514
1954-11-12,2.5661923967175846
1954-11-15,2.5702840415848835
1954-11-16,2.5993088928405013
1954-11-17,2.606764016236167
1954-11-18,2.593579711111565
1954-11-19,2.59879123858803
1954-11-22,2.6176959723413664
1954-11-23,2.637421996302441
1954-11-24,2.635762931189309
1954-11-26,2.6461625129371407
1954-11-29,2.650845527141267
1954-11-30,2.643124248288378
1954-12-01,2.6362025074107387
1954-12-02,2.649696644280684
1954-12-03,2.663631592045112
1954-12-06,2.683785533484931
1954-12-07,2.690992967467229
1954-12-08,2.6872090830620854
1954-12-09,2.675923395753984
1954-12-10,2.6695324548540325
1954-12-13,2.6657944877365445
1954-12-14,2.649581032265845
1954-12-15,2.66519053804564
1954-12-16,2.688549164870226
1954-12-17,2.705824852317636
1954-12-20,2.7301396578364634
1954-12-21,2.731049669765012
1954-12-22,2.724285976478452
1954-12-23,2.723743940891434
1954-12-27,2.7019777345142573
1954-12-28,2.728200597510957
1954-12-29,2.757633018867013
1954-12-30,2.757901167076019
1954-12-31,2.7793835939652465
1955-01-03,2.8248770243498935
1955-01-04,2.8105024486307224
1955-01-05,2.7500403223610776
1955-01-06,2.714231162141632
1955-01-07,2.7482497916253985
1955-01-10,2.795461816358449
1955-01-11,2.7980592707286354
1955-01-12,2.796619911448823
1955-01-13,2.784111829762248
1955-01-14,2.7750428524373767
1955-01-17,2.722830033500942
1955-01-18,2.735137214519051
1955-01-19,2.751003443198096
1955-01-20,2.757710341352403
1955-01-21,2.7707178136742727
1955-01-24,2.7741035973180868
1955-01-25,2.7756633459714815
1955-01-26,2.7942212977214167
1955-01-27,2.79884851664395
1955-01-28,2.81703492586943
1955-01-31,2.835695133434581
1955-02-01,2.8381835077738966
1955-02-02,2.836441152881873
1955-02-03,2.834986727280122
1955-02-04,2.869321851046958
1955-02-07,2.8761989805314165
1955-02-08,2.8556273605542515
1955-02-09,2.8817976959776437
1955-02-10,2.8987273409433127
1955-02-11,2.8983914953373797
1955-02-14,2.8820698204665973
1955-02-15,2.888616446225639
1955-02-16,2.877723268333061
1955-02-17,2.88209864391321
1955-02-18,2.891988621131462
1955-02-21,2.8944074502411543
1955-02-23,2.892474223260565
1955-02-24,2.876250949126948
1955-02-25,2.872833801575689
1955-02-28,2.887397293556773
1955-03-01,2.90011005891774
1955-03-02,2.9282112349396296
1955-03-03,2.9375787901728665
1955-03-04,2.9479698380842705
1955-03-07,2.928394657454672
1955-03-08,2.871417537405451
1955-03-09,2.840654888218259
1955-03-10,2.860460404392494
1955-03-11,2.8202792341264313
1955-03-14,2.747672027494133
1955-03-15,2.800503183391843
1955-03-16,2.8339848380816
1955-03-17,2.842233634690975
1955-03-18,2.8518956251697865
1955-03-21,2.8334845898021994
1955-03-22,2.850669537191953
1955-03-23,2.881741452746007
1955-03-24,2.9118471360725335
1955-03-25,2.9116705508739495
1955-03-28,2.90352359841346
1955-03-29,2.9011863871650574
1955-03-30,2.881747334774839
1955-03-31,2.8938709921649624
1955-04-01,2.917367566017276
1955-04-04,2.909346628252174
1955-04-05,2.9154193105221253
1955-04-06,2.9233854522674805
1955-04-07,2.9326657429726835
1955-04-11,2.9377034768277412
1955-04-12,2.950936925223524
1955-04-13,2.9604284781885255
1955-04-14,2.954934011280463
1955-04-15,2.9751501401382443
1955-04-18,2.990545197946592
1955-04-19,2.9877795625330554
1955-04-20,2.9928700096517367
1955-04-21,2.980231550682305
1955-04-22,2.957678255580725
1955-04-25,2.9662568345972233
1955-04-26,2.979951702849852
1955-04-27,2.9675983754040938
1955-04-28,2.9455018209415305
1955-04-29,2.9617801291232704
1955-05-02,2.964904301210101
1955-05-03,2.9327234780165994
1955-05-04,2.93899132765853
1955-05-05,2.9582046841469176
1955-05-06,2.976009001054614
1955-05-09,2.970186346211238
1955-05-10,2.956100015786976
1955-05-11,2.935296298622735
1955-05-12,2.9173599312243543
1955-05-13,2.937804689100144
1955-05-16,2.9080362341878194
1955-05-17,2.907544167749908
1955-05-18,2.932080965663964
1955-05-19,2.956486449560916
1955-05-20,2.9818468957461337
1955-05-23,2.960677361419038
1955-05-24,2.964729697904524
1955-05-25,2.98173403873819
1955-05-26,3.0023336068786826
1955-05-27,3.0019508094746743
1955-05-31,3.0052183311057727
1955-06-01,3.0134586112249804
1955-06-02,3.0179317660830787
1955-06-03,3.040333094222998
1955-06-06,3.055484071204617
1955-06-07,3.078252419307098
1955-06-08,3.090096612366581
1955-06-09,3.0706010584210635
1955-06-10,3.0863411085213577
1955-06-13,3.1102394525168253
1955-06-14,3.1025694187562096
1955-06-15,3.126211507136997
1955-06-16,3.1335784835122986
1955-06-17,3.1363893551551376
1955-06-20,3.137747143307507
1955-06-21,3.1492587139909145
1955-06-22,3.1612834458317014
1955-06-23,3.1590883381861636
1955-06-24,3.150062700263242
1955-06-27,3.146725754040621
1955-06-28,3.131398509811318
1955-06-29,3.1310184956704554
1955-06-30,3.1435989736046066
1955-07-01,3.1539505980907268
1955-07-05,3.178512651728467
1955-07-06,3.165893859332024
1955-07-07,3.1229485829344905
1955-07-08,3.115778660533382
1955-07-11,3.1349559560886586
1955-07-12,3.126768538972697
1955-07-13,3.1083203551747802
1955-07-14,3.115205924191564
1955-07-15,3.1304957225211143
1955-07-18,3.1230148288358954
1955-07-19,3.1080342812400095
1955-07-20,3.121086330362949
1955-07-21,3.1380955363718037
1955-07-22,3.158711825502792
1955-07-25,3.1657082705412516
1955-07-26,3.1555254364602328
1955-07-27,3.151677601091831
1955-07-28,3.134579745963728
1955-07-29,3.1278160198076703
1955-08-01,3.0987874621378926
1955-08-02,3.0973570796445635
1955-08-03,3.0987224162090685
1955-08-04,3.0622898251634845
1955-08-05,3.0801324059863218
1955-08-08,3.064857561269929
1955-08-09,3.0356405387439143
1955-08-10,3.0438976965315647
1955-08-11,3.0753707879735948
1955-08-12,3.0870043321325564
1955-08-15,3.080980788264464
1955-08-16,3.0651236478970763
1955-08-17,3.0641997869107453
1955-08-18,3.064720293531083
1955-08-19,3.0694709353112724
1955-08-22,3.0655631990787144
1955-08-23,3.091095229802202
1955-08-24,3.1075047109097356
1955-08-25,3.127335556030632
1955-08-26,3.1376992061150473
1955-08-29,3.1436589453855825
1955-08-30,3.143520637383799
1955-08-31,3.1622222525647365
1955-09-01,3.1695950353690816
1955-09-02,3.1831058942818182
1955-09-06,3.202146908102554
1955-09-07,3.19642524104258
1955-09-08,3.202909476651816
1955-09-09,3.2099639633615356
1955-09-12,3.239607935437387
1955-09-13,3.2763674362926096
1955-09-14,3.2893695986789417
1955-09-15,3.280227301686775
1955-09-16,3.304079318614975
1955-09-19,3.313877027384206
1955-09-20,3.313895842396079
1955-09-21,3.3382883257020737
1955-09-22,3.335078847007346
1955-09-23,3.349740645173629
1955-09-26,3.132578729957014
1955-09-27,3.205640282549071
1955-09-28,3.2605257986148413
1955-09-29,3.2406576082151624
1955-09-30,3.2211981939871555
1955-10-03,3.1408177840610607
1955-10-04,3.16146300442372
1955-10-05,3.176310467302719
1955-10-06,3.1595382512805066
1955-10-07,3.1319173662710122
1955-10-10,3.0510760553878495
1955-10-11,3.0331055291914244
1955-10-12,3.0701262826272786
1955-10-13,3.066520946200538
1955-10-14,3.0645927562917112
1955-10-17,3.0764405955400362
1955-10-18,3.090680391864801
1955-10-19,3.1131852694115243
1955-10-20,3.1483193412236163
1955-10-21,3.153007741791733
1955-10-24,3.174392985330622
1955-10-25,3.163499912575537
1955-10-26,3.1404330278245074
1955-10-27,3.1415092514673995
1955-10-28,3.145390383911309
1955-10-31,3.1473261802036974
1955-11-01,3.1442615815326307
1955-11-02,3.152784180633602
1955-11-03,3.194522596662768
1955-11-04,3.233801245787795
1955-11-07,3.255423382339643
1955-11-09,3.308313597817569
1955-11-10,3.3129255599476557
1955-11-11,3.347011025382376
1955-11-14,3.4274861881191954
1955-11-15,3.4495943906923383
1955-11-16,3.4355001990108214
1955-11-17,3.4079593015555085
1955-11-18,3.399800149232302
1955-11-21,3.3746546267881157
1955-11-22,3.401941602668216
1955-11-23,3.4051619542657616
1955-11-25,3.403095922392893
1955-11-28,3.373780694222146
1955-11-29,3.3822970053214596
1955-11-30,3.378725457718663
1955-12-01,3.360791729329614
1955-12-02,3.373491568222661
1955-12-05,3.392374702202922
1955-12-06,3.3887036297932673
1955-12-07,3.3761494047983818
1955-12-08,3.39540508481563
1955-12-09,3.397029075312268
1955-12-12,3.365340438338602
1955-12-13,3.3724895147366896
1955-12-14,3.348120970298423
1955-12-15,3.3527557833226314
1955-12-16,3.3505553125433045
1955-12-19,3.3420692945741615
1955-12-20,3.3296277924404873
1955-12-21,3.358274002214395
1955-12-22,3.3688159387211525
1955-12-23,3.38285275297413
1955-12-27,3.35619471896479
1955-12-28,3.344456212209104
1955-12-29,3.3529898613574565
1955-12-30,3.3789419225169013
1956-01-03,3.3483066372482577
1956-01-04,3.3321071478790625
1956-01-05,3.3295264497074823
1956-01-06,3.337067514133489
1956-01-09,3.2906451752968837
1956-01-10,3.264499097246798
1956-01-11,3.283031741552966
1956-01-12,3.3084716159867087
1956-01-13,3.301223834996336
1956-01-16,3.2627843724853123
1956-01-17,3.2862581259910746
1956-01-18,3.2624454298092394
1956-01-19,3.2260389156620057
1956-01-20,3.200264507668296
1956-01-23,3.1896052597142055
1956-01-24,3.2278081694452667
1956-01-25,3.236099450049317
1956-01-26,3.217619523229293
1956-01-27,3.2015967895640607
1956-01-30,3.2035988011634675
1956-01-31,3.2227953416018784
1956-02-01,3.231481727986167
1956-02-02,3.249726472353006
1956-02-03,3.283340172185163
1956-02-06,3.2791703322341457
1956-02-07,3.2762983442447142
1956-02-08,3.2464727965970988
1956-02-09,3.2128865998809393
1956-02-10,3.2212466486495672
1956-02-13,3.2186493719529117
1956-02-14,3.212482724321761
1956-02-15,3.2616756403641936
1956-02-16,3.2473337497371038
1956-02-17,3.3023929838926738
1956-02-20,3.2938275721148407
1956-02-21,3.2973805004248233
1956-02-23,3.3343344716191416
1956-02-24,3.3683191776336443
1956-02-27,3.3781186105851613
1956-02-28,3.3963199232215975
1956-02-29,3.389803933128187
1956-03-01,3.4147812544152485
1956-03-02,3.4288580459613427
1956-03-05,3.442389304692867
1956-03-06,3.4369510188178287
1956-03-07,3.4347216739216004
1956-03-08,3.4420578302261187
1956-03-09,3.4816643059821852
1956-03-12,3.5120310657527094
1956-03-13,3.5060974589447995
1956-03-14,3.535043077817939
1956-03-15,3.5575182898321778
1956-03-16,3.559563193436956
1956-03-19,3.583678791126918
1956-03-20,3.588875437462556
1956-03-21,3.5477084287586362
1956-03-22,3.5781845293646617
1956-03-23,3.5870606102266467
1956-03-26,3.578401145499892
1956-03-27,3.554569273188416
1956-03-28,3.5719254185817477
1956-03-29,3.5669171202906145
1956-04-02,3.58110837639535
1956-04-03,3.571859027266604
1956-04-04,3.5822822270818264
1956-04-05,3.5665671375512926
1956-04-06,3.587378441498337
1956-04-09,3.570113434344142
1956-04-10,3.525239862368649
1956-04-11,3.5514350766052156
1956-04-12,3.534290365646354
1956-04-13,3.5289173679757613
1956-04-16,3.5216673957459736
1956-04-17,3.513983999935561
1956-04-18,3.5103112661686073
1956-04-19,3.498731431356778
1956-04-20,3.506809726763177
1956-04-23,3.4968820033164842
1956-04-24,3.465040407330388
1956-04-25,3.451619302764997
1956-04-26,3.4763540840555347
1956-04-27,3.5095220210176796
1956-04-30,3.5228044535868284
1956-05-01,3.5148464456565782
1956-05-02,3.5171639813231956
1956-05-03,3.534913977822687
1956-05-04,3.553730457950584
1956-05-07,3.541228273672287
1956-05-08,3.530445991921805
1956-05-09,3.5326889116681235
1956-05-10,3.4935040842679834
1956-05-11,3.4889072776572934
1956-05-14,3.458443415987723
1956-05-15,3.435400867098049
1956-05-16,3.421466649404176
1956-05-17,3.463528455654133
1956-05-18,3.4496779926745544
1956-05-21,3.413385431272734
1956-05-22,3.370073551687105
1956-05-23,3.359810684487171
1956-05-24,3.3270555228843084
1956-05-25,3.334278684225205
1956-05-28,3.291963863919721
1956-05-29,3.367333736993538
1956-05-31,3.3717908819119216
1956-06-01,3.409958213017459
1956-06-04,3.4208679997002878
1956-06-05,3.419582325747578
1956-06-06,3.407553928325582
1956-06-07,3.425666196504263
1956-06-08,3.3593238984255804
1956-06-11,3.3999928549099736
1956-06-12,3.4415540575120573
1956-06-13,3.4486495331777425
1956-06-14,3.4410047213419066
1956-06-15,3.4473200272337405
1956-06-18,3.4181318811119303
1956-06-19,3.436266189207742
1956-06-20,3.440911193628392
1956-06-21,3.4563955141804037
1956-06-22,3.4482933224700707
1956-06-25,3.4326216527715134
1956-06-26,3.452246776138214
1956-06-27,3.4805518130375153
1956-06-28,3.4861592684836786
1956-06-29,3.4917864353430406
1956-07-02,3.494126837825878
1956-07-03,3.5094543001012277
1956-07-05,3.5361377614751315
1956-07-06,3.55509613926081
1956-07-09,3.568384993042878
1956-07-10,3.5846246424346746
1956-07-11,3.5919444922980155
1956-07-12,3.588036093249374
1956-07-13,3.6011429244489235
1956-07-16,3.627803700789097
1956-07-17,3.6394628244335947
1956-07-18,3.6354209283869094
1956-07-19,3.64150596671842
1956-07-20,3.64301653241696
1956-07-23,3.640855550688021
1956-07-24,3.647071509574265
1956-07-25,3.6531962665099784
1956-07-26,3.6580841483325015
1956-07-27,3.639712528401182
1956-07-30,3.6371676662015306
1956-07-31,3.6564591246454485
1956-08-01,3.6568348555449575
1956-08-02,3.682417903372655
1956-08-03,3.670411557945941
1956-08-06,3.622434797906137
1956-08-07,3.6526604010477457
1956-08-08,3.6662833777879005
1956-08-09,3.6671381689945983
1956-08-10,3.6430060122905332
1956-08-13,3.618053463840876
1956-08-14,3.6297630568844244
1956-08-15,3.634091823277879
1956-08-16,3.635898411207883
1956-08-17,3.632307258422642
1956-08-20,3.6035249328676304
1956-08-21,3.5603456284217487
1956-08-22,3.5463141415347645
1956-08-23,3.5707831267704058
1956-08-24,3.5729753969834217
1956-08-27,3.5560376536871576
1956-08-28,3.544943867401679
1956-08-29,3.5235772726399714
1956-08-30,3.488847404039672
1956-08-31,3.526522546894975
1956-09-04,3.551573794542025
1956-09-05,3.5645643862566634
1956-09-06,3.5696168795556975
1956-09-07,3.5552106033987334
1956-09-10,3.546859101498953
1956-09-11,3.5312978865810822
1956-09-12,3.5147204169763944
1956-09-13,3.5074704129579723
1956-09-14,3.5125913797057935
1956-09-17,3.5103816031902237
1956-09-18,3.483868847741017
1956-09-19,3.459183417798328
1956-09-20,3.4465717430954412
1956-09-21,3.468863069148582
1956-09-24,3.4526903498293704
1956-09-25,3.4064073012092986
1956-09-26,3.388409450714689
1956-09-27,3.3819703764640465
1956-09-28,3.3548450874491453
1956-10-01,3.2964394600063485
1956-10-02,3.3580316933095635
1956-10-03,3.4056785914782406
1956-10-04,3.405124003337209
1956-10-05,3.411815814723185
1956-10-08,3.414848769758154
1956-10-09,3.404412992747257
1956-10-10,3.429093797183426
1956-10-11,3.4357069165045564
1956-10-12,3.4469032145721403
1956-10-15,3.4551182663325224
1956-10-16,3.4401602068750243
1956-10-17,3.4239820699069083
1956-10-18,3.4282953234060476
1956-10-19,3.4335750667940603
1956-10-22,3.4336029159791353
1956-10-23,3.4361581530647762
1956-10-24,3.430827314684059
1956-10-25,3.419325190028215
1956-10-26,3.4518695253330853
1956-10-29,3.4618268745369947
1956-10-30,3.4521062843592842
1956-10-31,3.4012429522821575
1956-11-01,3.463701469775664
1956-11-02,3.501434204840016
1956-11-05,3.5630081416952857
1956-11-07,3.542308818637183
1956-11-08,3.520827703000711
1956-11-09,3.5028986733692444
1956-11-12,3.5241499601653143
1956-11-13,3.524813973680512
1956-11-14,3.5029868562949797
1956-11-15,3.483135199685283
1956-11-16,3.4760825812074296
1956-11-19,3.4471009433376953
1956-11-20,3.4198931420618095
1956-11-21,3.4159079848041634
1956-11-23,3.4377698923607682
1956-11-26,3.4275240250431986
1956-11-27,3.4326780546543136
1956-11-28,3.4029403260169313
1956-11-29,3.3922376790401154
1956-11-30,3.4419163283883867
1956-12-03,3.4968899884615663
1956-12-04,3.4988481032042023
1956-12-05,3.5240070500077385
1956-12-06,3.5406919354944457
1956-12-07,3.543220588697862
1956-12-10,3.539980327475993
1956-12-11,3.5381250792281507
1956-12-12,3.527439147176939
1956-12-13,3.543633707462455
1956-12-14,3.556694703814777
1956-12-17,3.5557338457549745
1956-12-18,3.557424889332746
1956-12-19,3.5505562698976307
1956-12-20,3.530446582879667
1956-12-21,3.543660582599654
1956-12-26,3.548636464560048
1956-12-27,3.558381798262543
1956-12-28,3.580281054909573
1956-12-31,3.5920330807982204
1957-01-02,3.5620360807488134
1957-01-03,3.583942948893823
1957-01-04,3.591461732193595
1957-01-07,3.5712943032671456
1957-01-08,3.5643891245852424
1957-01-09,3.5592270922809113
1957-01-10,3.576019503764698
1957-01-11,3.5802550466817498
1957-01-14,3.5540051221650204
1957-01-15,3.5195913639426806
1957-01-16,3.515809701852885
1957-01-17,3.506265982590547
1957-01-18,3.471769732041052
1957-01-21,3.4629111143083278
1957-01-22,3.481212987641178
1957-01-23,3.5004409623231822
1957-01-24,3.507704593843388
1957-01-25,3.4935748669433506
1957-01-28,3.474774880696654
1957-01-29,3.477745402822353
1957-01-30,3.4864379605934817
1957-01-31,3.4809473179135937
1957-02-01,3.468962739729258
1957-02-04,3.465836233061835
1957-02-05,3.4225576150246906
1957-02-06,3.4256727246858243
1957-02-07,3.410168833954101
1957-02-08,3.3937755756419685
1957-02-11,3.3350830641182667
1957-02-12,3.3094275411283265
1957-02-13,3.368587218261091
1957-02-14,3.3698928045251355
1957-02-15,3.4061307577026216
1957-02-18,3.4014897637600363
1957-02-19,3.4105812616308633
1957-02-20,3.42817716920291
1957-02-21,3.420927592015494
1957-02-25,3.4359854708924726
1957-02-26,3.437354989822439
1957-02-27,3.4341882975420845
1957-02-28,3.4308555984797366
1957-03-01,3.455623888711758
1957-03-04,3.4778934121928473
1957-03-05,3.5016745487160206
1957-03-06,3.5068232318675596
1957-03-07,3.5015515475438415
1957-03-08,3.4927707068841265
1957-03-11,3.4771438274471533
1957-03-12,3.4802338934552557
1957-03-13,3.510392467363006
1957-03-14,3.516419725077595
1957-03-15,3.527971383902489
1957-03-18,3.5253896247288083
1957-03-19,3.5418313834729918
1957-03-20,3.5463250078986674
1957-03-21,3.5436610181195722
1957-03-22,3.5409042563752005
1957-03-25,3.52614170003349
1957-03-26,3.534696432095686
1957-03-27,3.5497872089625653
1957-03-28,3.564725485162769
1957-03-29,3.5589286668609343
1957-04-01,3.5638191786662174
1957-04-02,3.5883778486412323
1957-04-03,3.60180946571819
1957-04-04,3.5962069438966755
1957-04-05,3.600173498008683
1957-04-08,3.59736971235651
1957-04-09,3.6123193533741165
1957-04-10,3.63141847521105
1957-04-11,3.6401336538858136
1957-04-12,3.6503776970473605
1957-04-15,3.6565363762789347
1957-04-16,3.6694757050112563
1957-04-17,3.6931453967233714
1957-04-18,3.7125124909717266
1957-04-22,3.716190352238495
1957-04-23,3.733610841719033
1957-04-24,3.734121262935164
1957-04-25,3.7215253644481687
1957-04-26,3.7127318816932737
1957-04-29,3.7176465269512264
1957-04-30,3.718454929319125
1957-05-01,3.7361182146801077
1957-05-02,3.749321706712923
1957-05-03,3.750962678206736
1957-05-06,3.7500270371314666
1957-05-07,3.756017641987218
1957-05-08,3.769551562692691
1957-05-09,3.768983732019635
1957-05-10,3.780759024757613
1957-05-13,3.828970111761083
1957-05-14,3.8282854063706626
1957-05-15,3.82780372310997
1957-05-16,3.834939774583784
1957-05-17,3.843153833730563
1957-05-20,3.8551667133953273
1957-05-21,3.8539391192217063
1957-05-22,3.8415897934005687
1957-05-23,3.8227448938791326
1957-05-24,3.822739247300719
1957-05-27,3.802503513342838
1957-05-28,3.7993622406176324
1957-05-29,3.8198359570458886
1957-05-31,3.845269596177976
1957-06-03,3.8506508321404636
1957-06-04,3.856682665818981
1957-06-05,3.8597554934647547
1957-06-06,3.8930487619172376
1957-06-07,3.897034023578864
1957-06-10,3.8724449070481275
1957-06-11,3.9233111037897257
1957-06-12,3.917722122074224
1957-06-13,3.919680690916256
1957-06-14,3.9265334633577664
1957-06-17,3.945546216522023
1957-06-18,3.932011861969064
1957-06-19,3.9038622179757954
1957-06-20,3.885663283483646
1957-06-21,3.863924553717833
1957-06-24,3.8304447740621224
1957-06-25,3.8620305647580757
1957-06-26,3.8594706512242665
1957-06-27,3.8763414876864197
1957-06-28,3.88723838191903
1957-07-01,3.904078976213152
1957-07-02,3.954893442752804
1957-07-03,3.9969232207149243
1957-07-05,4.0332229875182835
1957-07-08,4.0572177711349955
1957-07-09,4.043171414931621
1957-07-10,4.069159469102224
1957-07-11,4.04828120593273
1957-07-12,4.072947029039952
1957-07-15,4.0704367628647455
1957-07-16,4.040857522409712
1957-07-17,4.010285189019966
1957-07-18,4.012672349870828
1957-07-19,4.014988292001266
1957-07-22,4.00287482211035
1957-07-23,3.9925528799495607
1957-07-24,3.9944531903735787
1957-07-25,3.9962053460672706
1957-07-26,3.9822846592043075
1957-07-29,3.926977779981605
1957-07-30,3.9212306311993466
1957-07-31,3.935473020283767
1957-08-01,3.927401056176516
1957-08-02,3.9255228673570133
1957-08-05,3.8782087992892285
1957-08-06,3.8318672994785117
1957-08-07,3.8697358420865284
1957-08-08,3.860357161167002
1957-08-09,3.8671148983105135
1957-08-12,3.8248521936895825
1957-08-13,3.829804787140219
1957-08-14,3.77241419861206
1957-08-15,3.7713770662511963
1957-08-16,3.782603481050716
1957-08-19,3.7111800197190368
1957-08-20,3.738522361353617
1957-08-21,3.779796642815141
1957-08-22,3.755648764070299
1957-08-23,3.6930296818013666
1957-08-26,3.626555689388493
1957-08-27,3.6886009153709165
1957-08-28,3.7054862552524357
1957-08-29,3.685975471082172
1957-08-30,3.7572887384247537
1957-09-03,3.784262984061148
1957-09-04,3.748767036273742
1957-09-05,3.741609463606823
1957-09-06,3.7316299758183087
1957-09-09,3.703578031570559
1957-09-10,3.6728185574981347
1957-09-11,3.7059677997351073
1957-09-12,3.7584569948631783
1957-09-13,3.763379566405503
1957-09-16,3.7471663529047863
1957-09-17,3.755046284471147
1957-09-18,3.7616180061249973
1957-09-19,3.7428524785261836
1957-09-20,3.677198514912687
1957-09-23,3.5814461463509404
1957-09-24,3.6138643928543353
1957-09-25,3.5651961677316466
1957-09-26,3.578314182508685
1957-09-27,3.5799733282620885
1957-09-30,3.5702030646222656
1957-10-01,3.5912976174105022
1957-10-02,3.6179281348134147
1957-10-03,3.6189195675105923
1957-10-04,3.5971926316168292
1957-10-07,3.5312684981813307
1957-10-08,3.50206350757995
1957-10-09,3.5046068320789656
1957-10-10,3.4151169623192197
1957-10-11,3.4008066464145696
1957-10-14,3.4294587762628677
1957-10-15,3.4748319248017117
1957-10-16,3.450144288291165
1957-10-17,3.389364618520138
1957-10-18,3.362582374816975
1957-10-21,3.263641843168259
1957-10-22,3.245937474449726
1957-10-23,3.398214564444154
1957-10-24,3.4048886478037046
1957-10-25,3.3961089217569125
1957-10-28,3.38569351052295
1957-10-29,3.409959245710444
1957-10-30,3.439724630220608
1957-10-31,3.4497940119350625
1957-11-01,3.4056469499762074
1957-11-04,3.399021627770237
1957-11-06,3.4154055266650407
1957-11-07,3.4406603515374017
1957-11-08,3.411983448869803
1957-11-11,3.40764180811399
1957-11-12,3.36686934610316
1957-11-13,3.373878217143253
1957-11-14,3.3578458685575643
1957-11-15,3.4455874558773947
1957-11-18,3.420532906004178
1957-11-19,3.409267004106022
1957-11-20,3.421781620323077
1957-11-21,3.4752174095043276
1957-11-22,3.512958167344668
1957-11-25,3.548659508805195
1957-11-26,3.437998734644563
1957-11-27,3.5563698145266502
1957-11-29,3.6141184481226376
1957-12-02,3.604406219024634
1957-12-03,3.6179200924580095
1957-12-04,3.628203532616621
1957-12-05,3.625852271537554
1957-12-06,3.610291844699762
1957-12-09,3.5963999768036845
1957-12-10,3.5739315229522566
1957-12-11,3.570179508141275
1957-12-12,3.5733577940904664
1957-12-13,3.5859229988137002
1957-12-16,3.5413821339192153
1957-12-17,3.498481609422971
1957-12-18,3.4915802725690117
1957-12-19,3.515601780971205
1957-12-20,3.496868264843972
1957-12-23,3.506102092689159
1957-12-24,3.507723996608279
1957-12-26,3.525026463223421
1957-12-27,3.533249646629781
1957-12-30,3.531474184822109
1957-12-31,3.577483329029812
1958-01-02,3.592602675672471
1958-01-03,3.616925354112981
1958-01-06,3.5979928746707306
1958-01-07,3.6161813745570455
1958-01-08,3.620888331941815
1958-01-09,3.604318455615801
1958-01-10,3.5780006050918525
1958-01-13,3.581784744540389
1958-01-14,3.6051630141905604
1958-01-15,3.626303084272691
1958-01-16,3.6363255681665634
1958-01-17,3.6425745167146664
1958-01-20,3.6608350477056026
1958-01-21,3.6640985186569064
1958-01-22,3.661131851744988
1958-01-23,3.677386260326994
1958-01-24,3.7067291290435764
1958-01-27,3.707640620644298
1958-01-28,3.712738590684219
1958-01-29,3.7376212022209763
1958-01-30,3.7301903555759366
1958-01-31,3.7355287504614987
1958-02-03,3.7733424399744497
1958-02-04,3.809050876442323
1958-02-05,3.7964548433989784
1958-02-06,3.8065024409148926
1958-02-07,3.7828554288210063
1958-02-10,3.7737652724507775
1958-02-11,3.761602503291592
1958-02-12,3.7671563379204493
1958-02-13,3.7679243274493555
1958-02-14,3.801214323373429
1958-02-17,3.803994304838186
1958-02-18,3.798242900591682
1958-02-19,3.7998042349988275
1958-02-20,3.7854183594899644
1958-02-21,3.784401708141606
1958-02-24,3.770333524153299
1958-02-25,3.768610656002453
1958-02-26,3.7998591106454556
1958-02-27,3.7799909980868507
1958-02-28,3.7960158338546006
1958-03-03,3.8119947963897953
1958-03-04,3.8282294139294857
1958-03-05,3.8472365920663916
1958-03-06,3.8692544154183026
1958-03-07,3.8671234058096364
1958-03-10,3.883389960033193
1958-03-11,3.90881716730706
1958-03-12,3.9076338870727403
1958-03-13,3.9119705045677464
1958-03-14,3.9151958841393464
1958-03-17,3.913301639626611
1958-03-18,3.9114048762328393
1958-03-19,3.9366609366942202
1958-03-20,3.9422292467702853
1958-03-21,3.968421296693272
1958-03-24,3.9743938194968784
1958-03-25,3.96412065308388
1958-03-26,3.9557549346233483
1958-03-27,3.949801801073501
1958-03-28,3.9599090064484344
1958-03-31,3.957273427689161
1958-04-01,3.948169168472971
1958-04-02,3.9175204826944503
1958-04-03,3.9030931889673535
1958-04-07,3.88923631202069
1958-04-08,3.9133941124641134
1958-04-09,3.924071468577222
1958-04-10,3.934919529723347
1958-04-11,3.95671997768832
1958-04-14,3.9829123551011474
1958-04-15,4.003659348567044
1958-04-16,3.9891679894337684
1958-04-17,3.996241658531007
1958-04-18,4.0214381540009
1958-04-21,4.0374685455042
1958-04-22,4.029289636634078
1958-04-23,4.039931430210679
1958-04-24,4.060754617583619
1958-04-25,4.086062017403717
1958-04-28,4.079264583038622
1958-04-29,4.0703607095319905
1958-04-30,4.101504498182399
1958-05-01,4.096238718875345
1958-05-02,4.108673385052753
1958-05-05,4.125405676840821
1958-05-06,4.152559273018167
1958-05-07,4.14789894228838
1958-05-08,4.150486846514415
1958-05-09,4.151194492998199
1958-05-12,4.141500470166868
1958-05-13,4.142055657938665
1958-05-14,4.110337434795907
1958-05-15,4.1259319752563535
1958-05-16,4.136741779441543
1958-05-19,4.131782060291102
1958-05-20,4.155044082399238
1958-05-21,4.1578776494693335
1958-05-22,4.159961898421803
1958-05-23,4.172739924487603
1958-05-26,4.161708200860322
1958-05-27,4.167484824286732
1958-05-28,4.172904606951406
1958-05-29,4.185065092885584
1958-06-02,4.19205693511587
1958-06-03,4.19907185245344
1958-06-04,4.19969435218523
1958-06-05,4.211553455101593
1958-06-06,4.230685595896366
1958-06-09,4.216838471724278
1958-06-10,4.206932306683418
1958-06-11,4.202941041030932
1958-06-12,4.217956248907905
1958-06-13,4.227037105829488
1958-06-16,4.236154422391393
1958-06-17,4.2455137973654455
1958-06-18,4.243574951517392
1958-06-19,4.2210838930526275
1958-06-20,4.238338871323087
1958-06-23,4.239925319026357
1958-06-24,4.238120084472934
1958-06-25,4.250307905739697
1958-06-26,4.266564176796248
1958-06-27,4.284090976289336
1958-06-30,4.295870573364914
1958-07-01,4.302061734789116
1958-07-02,4.311074052260943
1958-07-03,4.323459673187153
1958-07-07,4.3245314794793615
1958-07-08,4.317062908445527
1958-07-09,4.31771247570057
1958-07-10,4.333802577286956
1958-07-11,4.351255675979431
1958-07-14,4.325586530324023
1958-07-15,4.3143496861674056
1958-07-16,4.309073189668364
1958-07-17,4.312707583054581
1958-07-18,4.313748619357935
1958-07-21,4.328705086015794
1958-07-22,4.331863415970785
1958-07-23,4.344062512433546
1958-07-24,4.352900569488465
1958-07-25,4.387510624613503
1958-07-28,4.3962355443055685
1958-07-29,4.406253508795876
1958-07-30,4.4165869386362955
1958-07-31,4.409928471172903
1958-08-01,4.432619049796583
1958-08-04,4.451784283183817
1958-08-05,4.430494391912615
1958-08-06,4.411678685776372
1958-08-07,4.432277844560825
1958-08-08,4.449454241573142
1958-08-11,4.459731200449109
1958-08-12,4.44622996474517
1958-08-13,4.453814442333425
1958-08-14,4.462588872204522
1958-08-15,4.441680206947857
1958-08-18,4.425540769017374
1958-08-19,4.434684283247531
1958-08-20,4.45303285900511
1958-08-21,4.46986587066103
1958-08-22,4.478567414664157
1958-08-25,4.489047255500736
1958-08-26,4.506455410020651
1958-08-27,4.510917560770946
1958-08-28,4.493185845392115
1958-08-29,4.515563970359148
1958-09-02,4.540292717535124
1958-09-03,4.564145762884986
1958-09-04,4.570725030111979
1958-09-05,4.570955209442031
1958-09-08,4.5876360556346025
1958-09-09,4.593854136313234
1958-09-10,4.5988379600647535
1958-09-11,4.623760611306209
1958-09-12,4.629347501148537
1958-09-15,4.6519579670118025
1958-09-16,4.661718208627923
1958-09-17,4.653817251666616
1958-09-18,4.642699371996184
1958-09-19,4.663792704783638
1958-09-22,4.649479593836159
1958-09-23,4.66616054660935
1958-09-24,4.668486887840849
1958-09-25,4.688450239360024
1958-09-26,4.733140687908172
1958-09-29,4.769592488402398
1958-09-30,4.780180626223833
1958-10-01,4.765490171309658
1958-10-02,4.773039018152733
1958-10-03,4.794131393910843
1958-10-06,4.81571334780346
1958-10-07,4.809090905919662
1958-10-08,4.807490872823087
1958-10-09,4.817238762187872
1958-10-10,4.839449561792434
1958-10-13,4.861473240137543
1958-10-14,4.824358971331685
1958-10-15,4.787230648604379
1958-10-16,4.817192888753033
1958-10-17,4.857160524957038
1958-10-20,4.852815096145713
1958-10-21,4.850108894179109
1958-10-22,4.842863069305332
1958-10-23,4.85209071302457
1958-10-24,4.847287175502214
1958-10-27,4.806319031849107
1958-10-28,4.828653145064235
1958-10-29,4.874878262222433
1958-10-30,4.865128724426288
1958-10-31,4.881602860571905
1958-11-03,4.894048026079721
1958-11-05,4.947414900380881
1958-11-06,4.98003429256183
1958-11-07,4.997734880605067
1958-11-10,5.040487312119118
1958-11-11,5.0894290119387335
1958-11-12,5.103250565738852
1958-11-13,5.116335960614904
1958-11-14,5.140625970862481
1958-11-17,5.172968338085241
1958-11-18,5.172184844386059
1958-11-19,5.208041638869315
1958-11-20,5.211753747397459
1958-11-21,5.195491125954313
1958-11-24,5.068737180494362
1958-11-25,5.043425315515138
1958-11-26,5.118868031066188
1958-11-28,5.173364057348913
1958-12-01,5.194952645804632
1958-12-02,5.179546331228933
1958-12-03,5.173431248265442
1958-12-04,5.1857226234049385
1958-12-05,5.225683224935578
1958-12-08,5.244133079551331
1958-12-09,5.2630577552065185
1958-12-10,5.3315258417468065
1958-12-11,5.301449647877302
1958-12-12,5.289805398359809
1958-12-15,5.28846179817013
1958-12-16,5.304018886490252
1958-12-17,5.296450384539302
1958-12-18,5.286119152222772
1958-12-19,5.259995814092741
1958-12-22,5.223226578685932
1958-12-23,5.208402617953739
1958-12-24,5.281037317983765
1958-12-29,5.328424253082772
1958-12-30,5.33715502446275
1958-12-31,5.35299664439118
1959-01-02,5.393913161738061
1959-01-05,5.430864802114461
1959-01-06,5.4175621703249215
1959-01-07,5.356569653163863
1959-01-08,5.405159599987364
1959-01-09,5.444987511681322
1959-01-12,5.449202102619633
1959-01-13,5.435967561638331
1959-01-14,5.452578695345294
1959-01-15,5.4958871515965155
1959-01-16,5.516917058074255
1959-01-19,5.515208125419722
1959-01-20,5.531983820910271
1959-01-21,5.541599426595612
1959-01-22,5.523336881971302
1959-01-23,5.5373697163303515
1959-01-26,5.5163518057060585
1959-01-27,5.49901473412727
1959-01-28,5.437143958999926
1959-01-29,5.446494130784277
1959-01-30,5.447458136147802
1959-02-02,5.427148893844185
1959-02-03,5.437187704098149
1959-02-04,5.410149605662166
1959-02-05,5.375268347291271
1959-02-06,5.329487263426731
1959-02-09,5.258625072666574
1959-02-10,5.357657021728889
1959-02-11,5.361183860576236
1959-02-12,5.344002941184093
1959-02-13,5.388398593811755
1959-02-16,5.429080077777967
1959-02-17,5.4087722586994245
1959-02-18,5.43439138356405
1959-02-19,5.495597943102319
1959-02-20,5.56453401506144
1959-02-24,5.55284875935519
1959-02-25,5.526292202639049
1959-02-26,5.542680424509654
1959-02-27,5.53191697026983
1959-03-02,5.535512964812301
1959-03-03,5.564776608999174
1959-03-04,5.577586300838047
1959-03-05,5.5897034064014814
1959-03-06,5.572047183674255
1959-03-09,5.572438957101261
1959-03-10,5.5897425030023635
1959-03-11,5.606166546753511
1959-03-12,5.6216129224047515
1959-03-13,5.634166523653088
1959-03-16,5.579910658556126
1959-03-17,5.62167960815241
1959-03-18,5.630270205028819
1959-03-19,5.630706661908279
1959-03-20,5.630147583014648
1959-03-23,5.576016851646054
1959-03-24,5.603649931365122
1959-03-25,5.593478553270932
1959-03-26,5.593983356512407
1959-03-30,5.569274071973855
1959-03-31,5.555064289120884
1959-04-01,5.558740808454671
1959-04-02,5.606045379749232
1959-04-03,5.63980351343917
1959-04-06,5.680226256354198
1959-04-07,5.662806936320005
1959-04-08,5.654371536238484
1959-04-09,5.666649258634325
1959-04-10,5.684204845990877
1959-04-13,5.7356626509124995
1959-04-14,5.7973927694921965
1959-04-15,5.81463275410897
1959-04-16,5.858803678110067
1959-04-17,5.902581907385626
1959-04-20,5.905068769862826
1959-04-21,5.8873559123092045
1959-04-22,5.84651754245141
1959-04-23,5.825973513084571
1959-04-24,5.861032589553044
1959-04-27,5.887502206648469
1959-04-28,5.870921621761582
1959-04-29,5.875893971473369
1959-04-30,5.880264594011283
1959-05-01,5.887247423391357
1959-05-04,5.873695873913382
1959-05-05,5.881159132639275
1959-05-06,5.87468253306458
1959-05-07,5.785363161495473
1959-05-08,5.818681949940262
1959-05-11,5.830089899886386
1959-05-12,5.834023893301643
1959-05-13,5.839021554234086
1959-05-14,5.877062967549431
1959-05-15,5.86778008324824
1959-05-18,5.841151002833051
1959-05-19,5.83494463919322
1959-05-20,5.8165297799922735
1959-05-21,5.84091305711573
1959-05-22,5.856283460103747
1959-05-25,5.8508712779856324
1959-05-26,5.8547810705221774
1959-05-27,5.872096008321532
1959-05-28,5.905807543131381
1959-05-29,5.965137615606623
1959-06-01,5.973624102816121
1959-06-02,5.9421581931659455
1959-06-03,5.928493687949719
1959-06-04,5.851150999471455
1959-06-05,5.848017506710613
1959-06-08,5.739783475345597
1959-06-09,5.695988924517772
1959-06-10,5.798145148937926
1959-06-11,5.81731021984884
1959-06-12,5.803860347213587
1959-06-15,5.7698400737755104
1959-06-16,5.723275973759372
1959-06-17,5.812994264963604
1959-06-18,5.826045350769712
1959-06-19,5.872086500328364
1959-06-22,5.873877422206992
1959-06-23,5.879601954010657
1959-06-24,5.921852255810436
1959-06-25,5.934305078195262
1959-06-26,5.954511523023123
1959-06-29,5.988246379081716
1959-06-30,6.01342220204682
1959-07-01,6.068595204637604
1959-07-02,6.085244801409456
1959-07-06,6.116468719946614
1959-07-07,6.148685578402657
1959-07-08,6.172769389535747
1959-07-09,6.146853799953241
1959-07-10,6.148020013014649
1959-07-13,6.084587608544811
1959-07-14,6.107749680655059
1959-07-15,6.121213590831075
1959-07-16,6.112473416552255
1959-07-17,6.096955517236004
1959-07-20,6.085971858353244
1959-07-21,6.132340408040781
1959-07-22,6.156043463931053
1959-07-23,6.1654226284833396
1959-07-24,6.177836261168489
1959-07-27,6.19643125258838
1959-07-28,6.211300205594469
1959-07-29,6.199005075357322
1959-07-30,6.183350641126969
1959-07-31,6.177840210517253
1959-08-03,6.179417119103646
1959-08-04,6.162856735081329
1959-08-05,6.139834227412317
1959-08-06,6.1240554803545
1959-08-07,6.081178444865506
1959-08-10,5.948853902135764
1959-08-11,6.051460539430591
1959-08-12,6.046954828301591
1959-08-13,6.0238078793515415
1959-08-14,6.047295738618996
1959-08-17,6.031363303398877
1959-08-18,5.968887459388601
1959-08-19,5.937834066001244
1959-08-20,6.0233204494751
1959-08-21,6.030548287779946
1959-08-24,5.999450305181446
1959-08-25,6.01269530891945
1959-08-26,6.0279544466940935
1959-08-27,6.063643148561763
1959-08-28,6.057405589849023
1959-08-31,6.071783036165189
1959-09-01,5.997959729395092
1959-09-02,6.0012364517185075
1959-09-03,5.912944563237271
1959-09-04,5.950678478275931
1959-09-08,5.846444130926072
1959-09-09,5.79125658511853
1959-09-10,5.758880279189249
1959-09-11,5.820512909903846
1959-09-14,5.774563801648051
1959-09-15,5.7298876972751955
1959-09-16,5.7387145250348155
1959-09-17,5.7192856338980524
1959-09-18,5.675270772971007
1959-09-21,5.557602682392406
1959-09-22,5.537273614936417
1959-09-23,5.63306604996271
1959-09-24,5.763047245982836
1959-09-25,5.787371262741413
1959-09-28,5.84302740033962
1959-09-29,5.883202316760386
1959-09-30,5.821032820529133
1959-10-01,5.828177160592057
1959-10-02,5.867534588975445
1959-10-05,5.851738073736702
1959-10-06,5.853009829770734
1959-10-07,5.844240095476506
1959-10-08,5.8469635015910235
1959-10-09,5.864211089219376
1959-10-12,5.893374270815402
1959-10-13,5.86275633090671
1959-10-14,5.828251491194782
1959-10-15,5.841905429619152
1959-10-16,5.898749075196232
1959-10-19,5.886150395577737
1959-10-20,5.85855413795841
1959-10-21,5.85049099166385
1959-10-22,5.81143066074349
1959-10-23,5.871932713732195
1959-10-26,5.898012417617935
1959-10-27,5.928966952085197
1959-10-28,5.935924424430198
1959-10-29,5.952167543322626
1959-10-30,5.958520253646607
1959-11-02,5.950189599239831
1959-11-04,5.970765113341456
1959-11-05,5.985663062611184
1959-11-06,6.020941515823376
1959-11-09,6.022315073908208
1959-11-10,6.041315591827334
1959-11-11,6.057950299433198
1959-11-12,6.038898381411572
1959-11-13,6.004353073690818
1959-11-16,5.947436620482032
1959-11-17,5.955307982364814
1959-11-18,6.002690748094321
1959-11-19,6.018908298050499
1959-11-20,6.030028975015805
1959-11-23,6.066261729028654
1959-11-24,6.105930712881327
1959-11-25,6.1224987831705775
1959-11-27,6.137819739262418
1959-11-30,6.188649756811144
1959-12-01,6.231875398918887
1959-12-02,6.227776216118294
1959-12-03,6.226593287844864
1959-12-04,6.258772878711318
1959-12-07,6.270468755296864
1959-12-08,6.274215020008561
1959-12-09,6.227029869187826
1959-12-10,6.25877637128304
1959-12-11,6.248523733028327
1959-12-14,6.26098050959509
1959-12-15,6.248218014024242
1959-12-16,6.2407118677390025
1959-12-17,6.237979123110656
1959-12-18,6.256538454174998
1959-12-21,6.276358022384027
1959-12-22,6.252011088502602
1959-12-23,6.242105470490841
1959-12-24,6.259856450298643
1959-12-28,6.230335515340396
1959-12-29,6.266855044644364
1959-12-30,6.317211717481455
1959-12-31,6.336917330709062
1960-01-04,6.313891802587563
1960-01-05,6.379201988149842
1960-01-06,6.345009226010594
1960-01-07,6.312032684367961
1960-01-08,6.27909985381053
1960-01-11,6.220980627252108
1960-01-12,6.170524516502508
1960-01-13,6.153735460446608
1960-01-14,6.183696609071401
1960-01-15,6.190289594091506
1960-01-18,6.139377031783847
1960-01-19,6.069042852846582
1960-01-20,6.061222122033611
1960-01-21,6.073442409804071
1960-01-22,6.098315599773172
1960-01-25,6.025070262082878
1960-01-26,6.029984223824504
1960-01-27,6.026594941289199
1960-01-28,5.9650507167730495
1960-01-29,5.90131599534719
1960-02-01,5.9324504969932
1960-02-02,6.034537583555672
1960-02-03,5.992077760756638
1960-02-04,5.984458849592884
1960-02-05,5.95858940394593
1960-02-08,5.889154588886898
1960-02-09,5.949314116992895
1960-02-10,5.928810272533444
1960-02-11,5.893603545025805
1960-02-12,5.917914286954858
1960-02-15,5.874418969145362
1960-02-16,5.820925664101715
1960-02-17,5.854438418627366
1960-02-18,5.948855262817491
1960-02-19,6.006462230892284
1960-02-23,5.990260258647572
1960-02-24,5.979357748467891
1960-02-25,5.998901113446662
1960-02-26,6.021818119431342
1960-02-29,6.00781176187624
1960-03-01,6.0166390487109815
1960-03-02,5.967436126306005
1960-03-03,5.865773464458208
1960-03-04,5.842700033386673
1960-03-07,5.755268875507155
1960-03-08,5.698521974156687
1960-03-09,5.784910707820854
1960-03-10,5.7585534618886065
1960-03-11,5.810927295103568
1960-03-14,5.810877083642314
1960-03-15,5.868047525735988
1960-03-16,5.904017465579475
1960-03-17,5.896568478158726
1960-03-18,5.90170311631981
1960-03-21,5.903849138286477
1960-03-22,5.925914959631643
1960-03-23,5.960623469633082
1960-03-24,5.99152730508082
1960-03-25,6.002359199577756
1960-03-28,5.996455937295268
1960-03-29,5.990208671592146
1960-03-30,5.990138547141381
1960-03-31,5.9547140389372695
1960-04-01,6.008127788957152
1960-04-04,6.021680395837276
1960-04-05,6.052681546095343
1960-04-06,6.096982071175491
1960-04-07,6.116372401505601
1960-04-08,6.1056939413242866
1960-04-11,6.091840421343468
1960-04-12,6.118746226516286
1960-04-13,6.139223287647465
1960-04-14,6.168058985299462
1960-04-18,6.211706693587065
1960-04-19,6.176777368099525
1960-04-20,6.072976124222145
1960-04-21,6.08988057017302
1960-04-22,6.0864817209185045
1960-04-25,6.031590944132252
1960-04-26,6.056227316443891
1960-04-27,6.059584911147963
1960-04-28,6.014369626220177
1960-04-29,6.001873876120595
1960-05-02,5.987729945723308
1960-05-03,6.051103156612071
1960-05-04,6.0701432820621655
1960-05-05,6.0630218086009835
1960-05-06,6.063033246700284
1960-05-09,6.062437711199944
1960-05-10,6.053083841876461
1960-05-11,6.074164242881296
1960-05-12,6.097281408150817
1960-05-13,6.1413756251605855
1960-05-16,6.134971273546685
1960-05-17,6.136162870897972
1960-05-18,6.147627854034493
1960-05-19,6.168923694226129
1960-05-20,6.1782260685299235
1960-05-23,6.189883921410557
1960-05-24,6.21710873170427
1960-05-25,6.236376351878264
1960-05-26,6.266918433714941
1960-05-27,6.282586627909629
1960-05-31,6.33319283643215
1960-06-01,6.374940806760596
1960-06-02,6.392343858862416
1960-06-03,6.394692315507748
1960-06-06,6.4150202315589215
1960-06-07,6.434786980324294
1960-06-08,6.46008464454062
1960-06-09,6.4921034187191236
1960-06-10,6.503652673709164
1960-06-13,6.521957428293191
1960-06-14,6.535455859838541
1960-06-15,6.517607954058989
1960-06-16,6.530373328649608
1960-06-17,6.5365292363553404
1960-06-20,6.541240136581442
1960-06-21,6.5455093387772525
1960-06-22,6.557159984177236
1960-06-23,6.576532793861167
1960-06-24,6.58221384144649
1960-06-27,6.576654053095322
1960-06-28,6.524637596476883
1960-06-29,6.537556710429397
1960-06-30,6.552284426225711
1960-07-01,6.563379216526089
1960-07-05,6.577011683230363
1960-07-06,6.549828748671604
1960-07-07,6.578031090206362
1960-07-08,6.592365746595139
1960-07-11,6.532105199340889
1960-07-12,6.44402794291014
1960-07-13,6.418061828925376
1960-07-14,6.436377254340699
1960-07-15,6.440117328733995
1960-07-18,6.385990955365065
1960-07-19,6.391268827185874
1960-07-20,6.382686490746812
1960-07-21,6.343152500749149
1960-07-22,6.318670223305294
1960-07-25,6.241575544397395
1960-07-26,6.289343294874645
1960-07-27,6.241030947566514
1960-07-28,6.2817334876414614
1960-07-29,6.4048303102873865
1960-08-01,6.389186228472522
1960-08-02,6.324288589105185
1960-08-03,6.295624679087346
1960-08-04,6.325819145649347
1960-08-05,6.3681572079418896
1960-08-08,6.363024482644913
1960-08-09,6.395297175167904
1960-08-10,6.4153091304942365
1960-08-11,6.440326431474117
1960-08-12,6.478392195625302
1960-08-15,6.496866443265614
1960-08-16,6.5128775963818475
1960-08-17,6.53337488600118
1960-08-18,6.535023621219849
1960-08-19,6.55965095728504
1960-08-22,6.574349652214934
1960-08-23,6.623979820524115
1960-08-24,6.66671541091567
1960-08-25,6.663892485014452
1960-08-26,6.666224053828687
1960-08-29,6.686339182425429
1960-08-30,6.62794491047638
1960-08-31,6.659061457336996
1960-09-01,6.6943879683521805
1960-09-02,6.685285559957066
1960-09-06,6.635604560614944
1960-09-07,6.562099617530098
1960-09-08,6.588783848370717
1960-09-09,6.629653014105464
1960-09-12,6.586947506685021
1960-09-13,6.601203352208173
1960-09-14,6.566742589020026
1960-09-15,6.531248225505907
1960-09-16,6.524767084097604
1960-09-19,6.3697975363689565
1960-09-20,6.387163878921215
1960-09-21,6.447386862539674
1960-09-22,6.430322494907359
1960-09-23,6.381113279378376
1960-09-26,6.27519295224952
1960-09-27,6.250529950284545
1960-09-28,6.172865858863383
1960-09-29,6.185394652613051
1960-09-30,6.287136180445382
1960-10-03,6.272555359837276
1960-10-04,6.244062824903098
1960-10-05,6.276925911543758
1960-10-06,6.3233588196483135
1960-10-07,6.351647832362959
1960-10-10,6.367523230700674
1960-10-11,6.387293710473074
1960-10-12,6.362550867199511
1960-10-13,6.43653847410558
1960-10-14,6.45877627968733
1960-10-17,6.420757396808302
1960-10-18,6.4079162279115245
1960-10-19,6.4087496922364995
1960-10-20,6.3517230581795685
1960-10-21,6.27993060011984
1960-10-24,6.207764659505052
1960-10-25,6.171261735041144
1960-10-26,6.244920691390976
1960-10-27,6.305976701829412
1960-10-28,6.278593351021364
1960-10-31,6.274152138281943
1960-11-01,6.328570890478609
1960-11-02,6.344422509982376
1960-11-03,6.3558186630778
1960-11-04,6.400938694630894
1960-11-07,6.429177785753911
1960-11-09,6.459194184518261
1960-11-10,6.53279160596263
1960-11-11,6.517180389780876
1960-11-14,6.512453836723845
1960-11-15,6.547138709415748
1960-11-16,6.53082182180669
1960-11-17,6.531812305441041
1960-11-18,6.578881223785592
1960-11-21,6.6059189561350795
1960-11-22,6.589292705756905
1960-11-23,6.6100362217062045
1960-11-25,6.655624510965179
1960-11-28,6.664955264515015
1960-11-29,6.6622952128497985
1960-11-30,6.640864365871
1960-12-01,6.632803118476948
1960-12-02,6.64668874950368
1960-12-05,6.662747724733744
1960-12-06,6.685747004262206
1960-12-07,6.720838252991181
1960-12-08,6.731911802651131
1960-12-09,6.774464295819669
1960-12-12,6.793947985553258
1960-12-13,6.817042161979321
1960-12-14,6.823715517743301
1960-12-15,6.80304526098045
1960-12-16,6.831829050419178
1960-12-19,6.827395411693202
1960-12-20,6.82376508656735
1960-12-21,6.935459366947635
1960-12-22,6.9033731733021435
1960-12-23,6.92150231698865
1960-12-27,6.939953953625275
1960-12-28,6.989984398491909
1960-12-29,7.046771511091063
1960-12-30,7.062808258373658
1961-01-03,6.974583811732203
1961-01-04,7.00334705622603
1961-01-05,7.028334227049913
1961-01-06,7.014431977853531
1961-01-09,7.053041816999962
1961-01-10,7.066411921271585
1961-01-11,7.093628009997131
1961-01-12,7.127110992250762
1961-01-13,7.1218408491030685
1961-01-16,7.1307434156569025
1961-01-17,7.134114748410785
1961-01-18,7.166022753282364
1961-01-19,7.180724862478445
1961-01-20,7.215900440102573
1961-01-23,7.259977194440696
1961-01-24,7.28523908926753
1961-01-25,7.33779316469764
1961-01-26,7.356955537488137
1961-01-27,7.434529734404748
1961-01-30,7.533783900063125
1961-01-31,7.4964308274974165
1961-02-01,7.5164977925407435
1961-02-02,7.551907100498892
1961-02-03,7.534681988214573
1961-02-06,7.492844122591127
1961-02-07,7.492171404380993
1961-02-08,7.562919115997899
1961-02-09,7.591815021191858
1961-02-10,7.562164946270092
1961-02-13,7.533011291550342
1961-02-14,7.56619122560829
1961-02-15,7.614734161921478
1961-02-16,7.686212376794642
1961-02-17,7.653345358946179
1961-02-20,7.696968696163827
1961-02-21,7.710452886447788
1961-02-23,7.773947921513966
1961-02-24,7.797151911541375
1961-02-27,7.829638980479826
1961-02-28,7.8331264894150685
1961-03-01,7.82521540207918
1961-03-02,7.86384009312779
1961-03-03,7.864934604700394
1961-03-06,7.879094612831484
1961-03-07,7.837740698147849
1961-03-08,7.851848769544708
1961-03-09,7.865549278425375
1961-03-10,7.8812109290949195
1961-03-13,7.906474822452462
1961-03-14,7.8751486951984395
1961-03-15,7.887864894782039
1961-03-16,7.949613899966243
1961-03-17,7.976747036963431
1961-03-20,8.023128256037289
1961-03-21,8.014093354845684
1961-03-22,8.030788141657201
1961-03-23,8.043160394701786
1961-03-24,8.041798242113586
1961-03-27,8.071090491790125
1961-03-28,8.107295637178296
1961-03-29,8.173452054772453
1961-03-30,8.205763238784083
1961-04-03,8.36178735521552
1961-04-04,8.359502325077282
1961-04-05,8.333449373489822
1961-04-06,8.320623058866536
1961-04-07,8.355035693562906
1961-04-10,8.429310043695493
1961-04-11,8.401545001140908
1961-04-12,8.384729831285469
1961-04-13,8.415572768425392
1961-04-14,8.451062473810772
1961-04-17,8.469479101363405
1961-04-18,8.405131399014198
1961-04-19,8.37051411940287
1961-04-20,8.36733708189613
1961-04-21,8.349604531474666
1961-04-24,8.14331667180462
1961-04-25,8.269774847894585
1961-04-26,8.311860236542682
1961-04-27,8.30323115580548
1961-04-28,8.271001883815977
1961-05-01,8.27105471991277
1961-05-02,8.323508220016715
1961-05-03,8.394369389995038
1961-05-04,8.430461475371468
1961-05-05,8.435335253593292
1961-05-08,8.439620563874275
1961-05-09,8.465064785494276
1961-05-10,8.452963083689792
1961-05-11,8.43065141134467
1961-05-12,8.439147241514302
1961-05-15,8.48188465870928
1961-05-16,8.521806287206438
1961-05-17,8.534783417014525
1961-05-18,8.477075248972602
1961-05-19,8.493367241848189
1961-05-22,8.436398779415972
1961-05-23,8.425791097425245
1961-05-24,8.372993227326901
1961-05-25,8.35652185462839
1961-05-26,8.404066593887665
1961-05-31,8.40548217068021
1961-06-01,8.402757503829696
1961-06-02,8.409363635650168
1961-06-05,8.442692308282776
1961-06-06,8.43362146486645
1961-06-07,8.39331685014135
1961-06-08,8.36225640778228
1961-06-09,8.354551009141815
1961-06-12,8.317741607450781
1961-06-13,8.270610174310326
1961-06-14,8.262961932170679
1961-06-15,8.219517193566364
1961-06-16,8.17437696062574
1961-06-19,8.100337871192322
1961-06-20,8.172167915567089
1961-06-21,8.18441835933325
1961-06-22,8.167567021653987
1961-06-23,8.206645545761749
1961-06-26,8.13512417290767
1961-06-27,8.129491310120269
1961-06-28,8.150053206169833
1961-06-29,8.142157253465635
1961-06-30,8.153457261873141
1961-07-03,8.232651309023984
1961-07-05,8.290822226067258
1961-07-06,8.31255004298136
1961-07-07,8.334800669858785
1961-07-10,8.332065918050779
1961-07-11,8.330988628266763
1961-07-12,8.280347923163392
1961-07-13,8.21724245227553
1961-07-14,8.269013807835607
1961-07-17,8.21548001360953
1961-07-18,8.184382589665471
1961-07-19,8.22504498675172
1961-07-20,8.23899484085229
1961-07-21,8.261286295576568
1961-07-24,8.238084102459828
1961-07-25,8.282651300612244
1961-07-26,8.358006979903372
1961-07-27,8.452704906699585
1961-07-28,8.466836831877847
1961-07-31,8.462527568436698
1961-08-01,8.536511189363317
1961-08-02,8.47456631400143
1961-08-03,8.519448787388683
1961-08-04,8.583612490933534
1961-08-07,8.578882869439465
1961-08-08,8.5860981615425
1961-08-09,8.58851416172186
1961-08-10,8.629651715302643
1961-08-11,8.653487905623793
1961-08-14,8.611614479531841
1961-08-15,8.606244103133251
1961-08-16,8.631473014341541
1961-08-17,8.701948372463066
1961-08-18,8.757734534370323
1961-08-21,8.773516841493421
1961-08-22,8.777386188033129
1961-08-23,8.7376572042276
1961-08-24,8.713601854597268
1961-08-25,8.712742553329981
1961-08-28,8.711086522148397
1961-08-29,8.698420503107881
1961-08-30,8.732707195962611
1961-08-31,8.760100062419118
1961-09-01,8.776697615160295
1961-09-05,8.734369453240815
1961-09-06,8.780324976562323
1961-09-07,8.761791156273828
1961-09-08,8.718461008603734
1961-09-11,8.649246668154163
1961-09-12,8.741473428436548
1961-09-13,8.710783005405547
1961-09-14,8.644270522142971
1961-09-15,8.642932495947923
1961-09-18,8.58536019069319
1961-09-19,8.52282678016751
1961-09-20,8.56109349017349
1961-09-21,8.571129089684236
1961-09-22,8.53625676534729
1961-09-25,8.431737436310046
1961-09-26,8.431800463236437
1961-09-27,8.497179707159617
1961-09-28,8.516085781349572
1961-09-29,8.557577886103418
1961-10-02,8.551909980102188
1961-10-03,8.551648383007045
1961-10-04,8.594395400883577
1961-10-05,8.648354375167939
1961-10-06,8.68195540098644
1961-10-09,8.705535001632567
1961-10-10,8.743890227439515
1961-10-11,8.760405425403766
1961-10-12,8.771826762296554
1961-10-13,8.770874992940492
1961-10-16,8.733476142785934
1961-10-17,8.745766059562552
1961-10-18,8.804199644334052
1961-10-19,8.851220840472292
1961-10-20,8.866549815314263
1961-10-23,8.814235395330675
1961-10-24,8.794385184482252
1961-10-25,8.83151099482079
1961-10-26,8.852246734874798
1961-10-27,8.82648352973096
1961-10-30,8.853321340088955
1961-10-31,8.856282522044282
1961-11-01,8.871490359236056
1961-11-02,8.941684258596666
1961-11-03,8.997047739715367
1961-11-06,9.071718520427474
1961-11-08,9.122725445652923
1961-11-09,9.120668962028212
1961-11-10,9.173810215639985
1961-11-13,9.227977728176176
1961-11-14,9.318046988778772
1961-11-15,9.348743543530016
1961-11-16,9.369421429623952
1961-11-17,9.378237937139438
1961-11-20,9.407700452161597
1961-11-21,9.410591877828729
1961-11-22,9.414782299155346
1961-11-24,9.46193103209485
1961-11-27,9.467271556559893
1961-11-28,9.448193639050867
1961-11-29,9.414707447730931
1961-11-30,9.370343850531311
1961-12-01,9.414678421223542
1961-12-04,9.35160316150267
1961-12-05,9.317417240257493
1961-12-06,9.331118149989631
1961-12-07,9.302520393447173
1961-12-08,9.327037129315185
1961-12-11,9.331314117577847
1961-12-12,9.323962287045294
1961-12-13,9.290634262111276
1961-12-14,9.221254455122152
1961-12-15,9.195743505554995
1961-12-18,9.170739280668611
1961-12-19,9.13141275384674
1961-12-20,9.10042789468124
1961-12-21,9.063381917243671
1961-12-22,9.045343998591276
1961-12-26,8.9994519464439
1961-12-27,9.053343432166328
1961-12-28,9.07735806658409
1961-12-29,9.087648523990936
1962-01-02,8.99471441338029
1962-01-03,8.9609721868606
1962-01-04,8.820725413518396
1962-01-05,8.693143062870298
1962-01-08,8.644855677702036
1962-01-09,8.667048081466058
1962-01-10,8.650029823582377
1962-01-11,8.7140949362898
1962-01-12,8.760377827790828
1962-01-15,8.725090444637353
1962-01-16,8.659206755783199
1962-01-17,8.571035211165142
1962-01-18,8.547369579176294
1962-01-19,8.622062447183895
1962-01-22,8.617760755842896
1962-01-23,8.557272429432432
1962-01-24,8.582071437825421
1962-01-25,8.564644149770889
1962-01-26,8.51444493496323
1962-01-29,8.477980263380012
1962-01-30,8.546591596206508
1962-01-31,8.634040052223753
1962-02-01,8.686709980831763
1962-02-02,8.738675125162526
1962-02-05,8.773549205736941
1962-02-06,8.790383562507886
1962-02-07,8.823363129074048
1962-02-08,8.814635902385957
1962-02-09,8.812883868944036
1962-02-12,8.806494670085161
1962-02-13,8.815877261285165
1962-02-14,8.81500354358255
1962-02-15,8.877365856767131
1962-02-16,8.852893829193045
1962-02-19,8.790691618885349
1962-02-20,8.80205847252537
1962-02-21,8.764298378235383
1962-02-23,8.756316380323648
1962-02-26,8.704985346220763
1962-02-27,8.70930464270349
1962-02-28,8.721944332069869
1962-03-01,8.715928685299913
1962-03-02,8.67998155269116
1962-03-05,8.70052792014083
1962-03-06,8.679662923911547
1962-03-07,8.6701813919496
1962-03-08,8.726855576648122
1962-03-09,8.75358449042701
1962-03-12,8.741367474227518
1962-03-13,8.750875021228811
1962-03-14,8.798193621926849
1962-03-15,8.84576991545008
1962-03-16,8.846324840398546
1962-03-19,8.829463925213542
1962-03-20,8.836213473435876
1962-03-21,8.845131825308224
1962-03-22,8.83729028638452
1962-03-23,8.854194333414362
1962-03-26,8.800034222747835
1962-03-27,8.777881914499128
1962-03-28,8.813557651049704
1962-03-29,8.81108595806153
1962-03-30,8.745358110548617
1962-04-02,8.734981827506747
1962-04-03,8.681467194648508
1962-04-04,8.614129283346715
1962-04-05,8.678896903508745
1962-04-06,8.699191272891804
1962-04-09,8.630042873547703
1962-04-10,8.666633635595762
1962-04-11,8.63714244803994
1962-04-12,8.556361582405904
1962-04-13,8.566609955717729
1962-04-16,8.525921857305233
1962-04-17,8.586295949005462
1962-04-18,8.646906777528486
1962-04-19,8.701163263561895
1962-04-23,8.700389760705555
1962-04-24,8.688358398456792
1962-04-25,8.605699660173084
1962-04-26,8.534096186593075
1962-04-27,8.422384495479585
1962-04-30,8.30502555644665
1962-05-01,8.388748179162404
1962-05-02,8.454878378375152
1962-05-03,8.52542928292358
1962-05-04,8.497467802099344
1962-05-07,8.484297039808029
1962-05-08,8.372164380557177
1962-05-09,8.27045643482257
1962-05-10,8.168188064854899
1962-05-11,8.052438598843997
1962-05-14,8.080071313316278
1962-05-15,8.228937361892871
1962-05-16,8.239434195581183
1962-05-17,8.229693276827158
1962-05-18,8.22430269075731
1962-05-21,8.20535919663805
1962-05-22,8.069290654692438
1962-05-23,7.895140398086343
1962-05-24,7.79834526260203
1962-05-25,7.622870551091137
1962-05-28,7.142823398014441
1962-05-29,7.422695619539605
1962-05-31,7.641587556361885
1962-06-01,7.658344576232169
1962-06-04,7.424397280783806
1962-06-05,7.448128319390912
1962-06-06,7.579403037689849
1962-06-07,7.597976219835686
1962-06-08,7.60099800911437
1962-06-11,7.540207412758101
1962-06-12,7.396026641740596
1962-06-13,7.3128507869275055
1962-06-14,7.15581450566118
1962-06-15,7.305999562737494
1962-06-18,7.306599565703917
1962-06-19,7.244760246347683
1962-06-20,7.16646908738692
1962-06-21,7.0245855059576545
1962-06-22,6.909167390047903
1962-06-25,6.826636764814994
1962-06-26,6.836813697950643
1962-06-27,6.853158893661126
1962-06-28,7.075750563667149
1962-06-29,7.138129139098938
1962-07-02,7.260921092377141
1962-07-03,7.328369749854231
1962-07-05,7.365507613660238
1962-07-06,7.310791636919486
1962-07-09,7.32644715436613
1962-07-10,7.406374342860961
1962-07-11,7.438664737898444
1962-07-12,7.491366706138938
1962-07-13,7.479219341566822
1962-07-16,7.4875210677339865
1962-07-17,7.398656433253769
1962-07-18,7.334809282413356
1962-07-19,7.3447223877238335
1962-07-20,7.387786572479563
1962-07-23,7.383404270831365
1962-07-24,7.366492031869037
1962-07-25,7.37270764457517
1962-07-26,7.396129125823364
1962-07-27,7.453054648077316
1962-07-30,7.523889285863856
1962-07-31,7.578495579431782
1962-08-01,7.5359913280969195
1962-08-02,7.544606926418092
1962-08-03,7.560399834121452
1962-08-06,7.541513414391132
1962-08-07,7.512649670816824
1962-08-08,7.517330600411527
1962-08-09,7.534004446951723
1962-08-10,7.566589182115457
1962-08-13,7.591225730194151
1962-08-14,7.64286827154563
1962-08-15,7.685779695997122
1962-08-16,7.698304549496741
1962-08-17,7.76189813937362
1962-08-20,7.808298416618853
1962-08-21,7.78518278082003
1962-08-22,7.849233350282917
1962-08-23,7.841044130985118
1962-08-24,7.834732712753712
1962-08-27,7.837562889624577
1962-08-28,7.7695776635414076
1962-08-29,7.765278412967128
1962-08-30,7.791693518158927
1962-08-31,7.828005910432687
1962-09-04,7.7794051061842495
1962-09-05,7.7481993639377995
1962-09-06,7.784570384523014
1962-09-07,7.786045169232784
1962-09-10,7.800687839305607
1962-09-11,7.816141056342125
1962-09-12,7.846342389199858
1962-09-13,7.829275393285455
1962-09-14,7.850268676498496
1962-09-17,7.864368774540198
1962-09-18,7.868635746801253
1962-09-19,7.873726287043019
1962-09-20,7.83439873659766
1962-09-21,7.734416365504202
1962-09-24,7.6052407811902
1962-09-25,7.637424905386325
1962-09-26,7.5601395827801925
1962-09-27,7.523421169858866
1962-09-28,7.576371979623132
1962-10-01,7.505418213529342
1962-10-02,7.580088334751969
1962-10-03,7.601285160212329
1962-10-04,7.680316373150296
1962-10-05,7.714415191246417
1962-10-08,7.706130355708016
1962-10-09,7.728743557265979
1962-10-10,7.730288227722833
1962-10-11,7.713580009960963
1962-10-12,7.698702405352885
1962-10-15,7.718190818439064
1962-10-16,7.718411550450116
1962-10-17,7.691497328623085
1962-10-18,7.641028322411165
1962-10-19,7.5271662287320815
1962-10-22,7.42591785177699
1962-10-23,7.193818931249105
1962-10-24,7.421126383226366
1962-10-25,7.354855652469489
1962-10-26,7.360507720805555
1962-10-29,7.529090016812995
1962-10-30,7.635657702708178
1962-10-31,7.647810740389114
1962-11-01,7.691744145567675
1962-11-02,7.75572510985555
1962-11-05,7.842724948906448
1962-11-07,7.8805174832910705
1962-11-08,7.84219522084761
1962-11-09,7.871782804007042
1962-11-12,7.946958965230882
1962-11-13,7.939462413596069
1962-11-14,8.027749043564564
1962-11-15,8.017014553513132
1962-11-16,8.023533631663033
1962-11-19,7.994681210334959
1962-11-20,8.08749695548873
1962-11-21,8.111916257616235
1962-11-23,8.18653670577224
1962-11-26,8.16781648169274
1962-11-27,8.187822051975866
1962-11-28,8.233986507813444
1962-11-29,8.27878693297929
1962-11-30,8.26746578988391
1962-12-03,8.254408622120527
1962-12-04,8.3188067879532
1962-12-05,8.362222408668956
1962-12-06,8.366548479754524
1962-12-07,8.408838989506823
1962-12-10,8.31978824497781
1962-12-11,8.333398859211407
1962-12-12,8.363494711783884
1962-12-13,8.346861005087387
1962-12-14,8.368183787119722
1962-12-17,8.362945821443057
1962-12-18,8.346855438191772
1962-12-19,8.441067613206853
1962-12-20,8.480505381536357
1962-12-21,8.455683762616909
1962-12-24,8.455643630392768
1962-12-26,8.511806007257364
1962-12-27,8.495041776820623
1962-12-28,8.476511335037321
1962-12-31,8.504017764518519
1963-01-02,8.453505911699688
1963-01-03,8.5813688562117
1963-01-04,8.620146851441318
1963-01-07,8.61801415833102
1963-01-08,8.701405953161292
1963-01-09,8.677500148616405
1963-01-10,8.69268087449756
1963-01-11,8.710257463420202
1963-01-14,8.74475726414573
1963-01-15,8.74510298797735
1963-01-16,8.703097536220287
1963-01-17,8.75570325914309
1963-01-18,8.757914227682269
1963-01-21,8.771124227629665
1963-01-22,8.780043127320617
1963-01-23,8.79907684386356
1963-01-24,8.835230040339116
1963-01-25,8.877080229669318
1963-01-28,8.923267392337598
1963-01-29,8.928874238891206
1963-01-30,8.882796942752853
1963-01-31,8.932809827660911
1963-02-01,8.946078023571097
1963-02-04,8.939625938889304
1963-02-05,8.925285817664617
1963-02-06,8.966117636993086
1963-02-07,8.97246412765623
1963-02-08,8.965244812400213
1963-02-11,8.901913195301272
1963-02-12,8.911926349666182
1963-02-13,8.950916688880936
1963-02-14,8.980241055109826
1963-02-15,8.989405179449186
1963-02-18,8.994487250634176
1963-02-19,8.958503809201156
1963-02-20,8.915061065631107
1963-02-21,8.924780445253552
1963-02-25,8.872798691988974
1963-02-26,8.878772601641165
1963-02-27,8.81468735678964
1963-02-28,8.72144801377032
1963-03-01,8.698797621438155
1963-03-04,8.78201302278532
1963-03-05,8.798012528032313
1963-03-06,8.81757931843304
1963-03-07,8.882252246144747
1963-03-08,8.903768434434163
1963-03-11,8.924239232302018
1963-03-12,8.957591158898133
1963-03-13,8.991965267876328
1963-03-14,8.961067332564092
1963-03-15,9.011284784008174
1963-03-18,8.981834876386756
1963-03-19,8.961794263885977
1963-03-20,9.03020033458817
1963-03-21,9.030774581495956
1963-03-22,9.075766994509694
1963-03-25,9.096646788666986
1963-03-26,9.12339269287518
1963-03-27,9.152878921575997
1963-03-28,9.146362166743927
1963-03-29,9.148540304766323
1963-04-01,9.21029341476817
1963-04-02,9.229283818056855
1963-04-03,9.298650390673751
1963-04-04,9.344661005971805
1963-04-05,9.378593884789352
1963-04-08,9.393503242014448
1963-04-09,9.391115637216666
1963-04-10,9.356809687348031
1963-04-11,9.439973801109346
1963-04-15,9.496714895436831
1963-04-16,9.48975121299715
1963-04-17,9.46495173502766
1963-04-18,9.490820574511217
1963-04-19,9.544655431541898
1963-04-22,9.561540704653428
1963-04-23,9.593470504826772
1963-04-24,9.600433754689536
1963-04-25,9.60083305986432
1963-04-26,9.57077191266184
1963-04-29,9.585367594370776
1963-04-30,9.622482401666169
1963-05-01,9.648373928355214
1963-05-02,9.687547244558507
1963-05-03,9.657025653293472
1963-05-06,9.583853296808003
1963-05-07,9.617912880269587
1963-05-08,9.727481084857642
1963-05-09,9.76101595376006
1963-05-10,9.794714498623215
1963-05-13,9.782743419796946
1963-05-14,9.753328517933332
1963-05-15,9.783295492800782
1963-05-16,9.777870396481648
1963-05-17,9.775014798696489
1963-05-20,9.736145172171565
1963-05-21,9.77394187355989
1963-05-22,9.797661253423403
1963-05-23,9.800353586707413
1963-05-24,9.79829029944257
1963-05-27,9.816508208177204
1963-05-28,9.850543162376377
1963-05-29,9.900230485276387
1963-05-31,9.960155611740351
1963-06-03,9.96018599187952
1963-06-04,9.94280012931257
1963-06-05,9.909095741630123
1963-06-06,9.920835180213922
1963-06-07,9.888482742231156
1963-06-10,9.812981992453516
1963-06-11,9.834051759724346
1963-06-12,9.881778854082885
1963-06-13,9.86105561596457
1963-06-14,9.874002825126318
1963-06-17,9.835007623764062
1963-06-18,9.859332677405774
1963-06-19,9.868384577778567
1963-06-20,9.856218790759971
1963-06-21,9.897559558624678
1963-06-24,9.91772066441523
1963-06-25,9.899632260117
1963-06-26,9.803407481944102
1963-06-27,9.744929966601612
1963-06-28,9.801002524506309
1963-07-01,9.734374165044919
1963-07-02,9.816488195334019
1963-07-03,9.884382527318197
1963-07-05,9.925942113932022
1963-07-08,9.843090385286963
1963-07-09,9.904292345741457
1963-07-10,9.90286331460272
1963-07-11,9.876200528780183
1963-07-12,9.86458868834592
1963-07-15,9.790603322959784
1963-07-16,9.77938362371838
1963-07-17,9.739621605042178
1963-07-18,9.674650466294818
1963-07-19,9.633926299775283
1963-07-22,9.55545209387434
1963-07-23,9.537589698602678
1963-07-24,9.599580541998494
1963-07-25,9.585495877254438
1963-07-26,9.643306196234185
1963-07-29,9.664544801061878
1963-07-30,9.773226833281052
1963-07-31,9.771814180894964
1963-08-01,9.7784798976627
1963-08-02,9.823141420032098
1963-08-05,9.88864981449566
1963-08-06,9.941816600557418
1963-08-07,9.916433446674498
1963-08-08,9.92859593979083
1963-08-09,9.9880633321392
1963-08-12,10.00850204132532
1963-08-13,10.03952810381589
1963-08-14,10.045531793848099
1963-08-15,10.112058188099192
1963-08-16,10.140468608717986
1963-08-19,10.119408017934022
1963-08-20,10.114826961616489
1963-08-21,10.099659761875794
1963-08-22,10.146033726104372
1963-08-23,10.189717083731578
1963-08-26,10.19793995550338
1963-08-27,10.142493645831765
1963-08-28,10.24579074038134
1963-08-29,10.250588197998946
1963-08-30,10.301612876172406
1963-09-03,10.321078640275216
1963-09-04,10.311420057425147
1963-09-05,10.358183053841628
1963-09-06,10.315873953762091
1963-09-09,10.270117620226792
1963-09-10,10.346110147712244
1963-09-11,10.391195930236735
1963-09-12,10.379477799148562
1963-09-13,10.378555268580756
1963-09-16,10.376325519608448
1963-09-17,10.389395888708055
1963-09-18,10.327635103779908
1963-09-19,10.389050679286106
1963-09-20,10.411509928858356
1963-09-23,10.349575370128772
1963-09-24,10.351847923132564
1963-09-25,10.297036795935755
1963-09-26,10.192338583509985
1963-09-27,10.165136718572503
1963-09-30,10.069480414755029
1963-10-01,10.15256890583423
1963-10-02,10.17694097268499
1963-10-03,10.22391134983749
1963-10-04,10.235897579785032
1963-10-07,10.193865012876426
1963-10-08,10.198185811511452
1963-10-09,10.114595101527563
1963-10-10,10.111702451608263
1963-10-11,10.134717610896596
1963-10-14,10.132350857147975
1963-10-15,10.17962801991003
1963-10-16,10.302813400240577
1963-10-17,10.32634174872746
1963-10-18,10.336146013180056
1963-10-21,10.31812333914477
1963-10-22,10.273883189726666
1963-10-23,10.244339772420096
1963-10-24,10.30897445923557
1963-10-25,10.43672554245151
1963-10-28,10.512863332475858
1963-10-29,10.517156328298421
1963-10-30,10.405107338199892
1963-10-31,10.424994323960243
1963-11-01,10.42231852706474
1963-11-04,10.346609407520152
1963-11-06,10.25323012521327
1963-11-07,10.295709004123031
1963-11-08,10.35203040947977
1963-11-11,10.379526078048285
1963-11-12,10.33195401843305
1963-11-13,10.307467024737853
1963-11-14,10.248846405192133
1963-11-15,10.136416700783029
1963-11-18,10.0362554891874
1963-11-19,10.095783288333518
1963-11-20,10.146931186800808
1963-11-21,10.006795947008506
1963-11-22,9.682396326777562
1963-11-26,10.107330090820183
1963-11-27,10.098641360596663
1963-11-29,10.26503089512175
1963-12-02,10.321208977803401
1963-12-03,10.298768559127923
1963-12-04,10.334736128724472
1963-12-05,10.387199203382263
1963-12-06,10.355484419657563
1963-12-09,10.330030967836375
1963-12-10,10.364199103876368
1963-12-11,10.362970922212773
1963-12-12,10.366101146025885
1963-12-13,10.390037154068855
1963-12-16,10.433696520776731
1963-12-17,10.496706350336815
1963-12-18,10.455994638878195
1963-12-19,10.403731894620677
1963-12-20,10.361627075844922
1963-12-23,10.290017797397288
1963-12-24,10.340787030486426
1963-12-26,10.397189730280223
1963-12-27,10.404625566213557
1963-12-30,10.434756524383948
1963-12-31,10.51246886275924
1964-01-02,10.589738173669545
1964-01-03,10.619602195724173
1964-01-06,10.630993909012972
1964-01-07,10.637152746555467
1964-01-08,10.679173890914175
1964-01-09,10.711917323559248
1964-01-10,10.706331367873958
1964-01-13,10.676549929178552
1964-01-14,10.708867921289967
1964-01-15,10.725400184987642
1964-01-16,10.71004127883367
1964-01-17,10.716249549697247
1964-01-20,10.73439156361854
1964-01-21,10.768845115516706
1964-01-22,10.816283919680775
1964-01-23,10.81128519256508
1964-01-24,10.850277882285203
1964-01-27,10.852681650339674
1964-01-28,10.864989097038874
1964-01-29,10.80899876112281
1964-01-30,10.806842683847071
1964-01-31,10.863402585931663
1964-02-03,10.849561347828317
1964-02-04,10.826973171130275
1964-02-05,10.812376503390308
1964-02-06,10.829941864339633
1964-02-07,10.87629573656759
1964-02-10,10.872991380816929
1964-02-11,10.917324821498264
1964-02-12,10.982424534576115
1964-02-13,10.984734261562787
1964-02-14,10.965738662593022
1964-02-17,10.970070772621332
1964-02-18,10.97149386307947
1964-02-19,10.988958894861353
1964-02-20,11.024501099877869
1964-02-24,11.05027605424523
1964-02-25,11.063934137772629
1964-02-26,11.102347672311348
1964-02-27,11.073920466621002
1964-02-28,11.107076510656793
1964-03-02,11.13475576553468
1964-03-03,11.176024577476614
1964-03-04,11.167179466119926
1964-03-05,11.16660776976181
1964-03-06,11.202791698523718
1964-03-09,11.215716602982365
1964-03-10,11.281393601520193
1964-03-11,11.332870008292172
1964-03-12,11.33814625443633
1964-03-13,11.346360285015331
1964-03-16,11.335719792998315
1964-03-17,11.386959485082924
1964-03-18,11.40989081414944
1964-03-19,11.399633050767008
1964-03-20,11.343855904295935
1964-03-23,11.347496355548879
1964-03-24,11.334012184664918
1964-03-25,11.365948664000102
1964-03-26,11.422876622743114
1964-03-30,11.400809764181247
1964-03-31,11.36078361784314
1964-04-01,11.420213909037242
1964-04-02,11.497012355519512
1964-04-03,11.544701412395414
1964-04-06,11.567714365848815
1964-04-07,11.530144818472918
1964-04-08,11.536498069026985
1964-04-09,11.543174858578404
1964-04-10,11.580069129745738
1964-04-13,11.551959179919724
1964-04-14,11.568999872819004
1964-04-15,11.56060783975113
1964-04-16,11.566908314589183
1964-04-17,11.612933354269055
1964-04-20,11.597813960355388
1964-04-21,11.607121294457185
1964-04-22,11.599846892711037
1964-04-23,11.591861561017287
1964-04-24,11.504355128846809
1964-04-27,11.419519512866831
1964-04-28,11.531427411963968
1964-04-29,11.502147950681477
1964-04-30,11.479440349512911
1964-05-01,11.624205018833504
1964-05-04,11.704012686976935
1964-05-05,11.76331873282251
1964-05-06,11.804213630370754
1964-05-07,11.836338290995444
1964-05-08,11.820620951321024
1964-05-11,11.821614603067504
1964-05-12,11.874951920597287
1964-05-13,11.834458358928307
1964-05-14,11.816351957327143
1964-05-15,11.835342890783808
1964-05-18,11.782023865112864
1964-05-19,11.689495071277696
1964-05-20,11.767868507809677
1964-05-21,11.777495889383152
1964-05-22,11.792662257486926
1964-05-25,11.791934459788454
1964-05-26,11.773190776691113
1964-05-27,11.755451753409904
1964-05-28,11.76235444098028
1964-06-01,11.733397159744
1964-06-02,11.664874825304262
1964-06-03,11.619626078365139
1964-06-04,11.469354396286759
1964-06-05,11.523719852657067
1964-06-08,11.454874127576433
1964-06-09,11.543859939615787
1964-06-10,11.589021547982888
1964-06-11,11.604240955582767
1964-06-12,11.585895522727204
1964-06-15,11.635605218355018
1964-06-16,11.69901452742939
1964-06-17,11.772754551189838
1964-06-18,11.76374655350337
1964-06-19,11.780492308544828
1964-06-22,11.810614791516352
1964-06-23,11.771129628270936
1964-06-24,11.841778406728814
1964-06-25,11.893625529613152
1964-06-26,11.911664075769265
1964-06-29,11.940123683220449
1964-06-30,11.94448996606541
1964-07-01,12.01956504512794
1964-07-02,12.05737001070242
1964-07-06,12.095611650071344
1964-07-07,12.10260992684262
1964-07-08,12.102854377816033
1964-07-09,12.111338756530941
1964-07-10,12.145150342432547
1964-07-13,12.117127061368459
1964-07-14,12.069011315440992
1964-07-15,12.1185630444025
1964-07-16,12.161777871991738
1964-07-17,12.21818420345523
1964-07-20,12.193131591785798
1964-07-21,12.178258170842106
1964-07-22,12.188798224956319
1964-07-23,12.190332955676343
1964-07-24,12.16279599051278
1964-07-27,12.113365563353648
1964-07-28,12.075156737297847
1964-07-29,12.110377055428446
1964-07-30,12.100132371581536
1964-07-31,12.11216036136143
1964-08-03,12.066583508143061
1964-08-04,11.910268301781034
1964-08-05,11.910966032541918
1964-08-06,11.823513264469073
1964-08-07,11.898014095356881
1964-08-10,11.896134313249675
1964-08-11,11.903151751115443
1964-08-12,11.967073799384892
1964-08-13,12.02297757698171
1964-08-14,12.019630335180636
1964-08-17,12.01297364823913
1964-08-18,12.018156712484638
1964-08-19,11.998785271535109
1964-08-20,11.943701910135697
1964-08-21,11.964778386362527
1964-08-24,11.957418756186538
1964-08-25,11.913051907780735
1964-08-26,11.898024317606158
1964-08-27,11.957225386759236
1964-08-28,12.01593796392017
1964-08-31,11.970477665137194
1964-09-01,12.043775620119586
1964-09-02,12.063994645154702
1964-09-03,12.10464139735863
1964-09-04,12.124917915481639
1964-09-08,12.142207608358689
1964-09-09,12.190679205350902
1964-09-10,12.249365633844054
1964-09-11,12.322656487087501
1964-09-14,12.321867325823678
1964-09-15,12.289684219573939
1964-09-16,12.287140804285961
1964-09-17,12.360320477998163
1964-09-18,12.326377378478263
1964-09-21,12.411499785947907
1964-09-22,12.417969532114233
1964-09-23,12.449927203325016
1964-09-24,12.464272653543015
1964-09-25,12.478284176839978
1964-09-28,12.497577839601709
1964-09-29,12.494432748384277
1964-09-30,12.478861913644325
1964-10-01,12.481329962628541
1964-10-02,12.476959307894418
1964-10-05,12.54803484340746
1964-10-06,12.590771133696542
1964-10-07,12.596408824722726
1964-10-08,12.64797545580217
1964-10-09,12.696815109286685
1964-10-12,12.718398344545198
1964-10-13,12.68733932640499
1964-10-14,12.650007488728008
1964-10-15,12.534685334573496
1964-10-16,12.646929189059975
1964-10-19,12.677197879922085
1964-10-20,12.749461505761433
1964-10-21,12.734613298372361
1964-10-22,12.736886306267087
1964-10-23,12.780864982726337
1964-10-26,12.765374002659511
1964-10-27,12.772841466480273
1964-10-28,12.693881317176066
1964-10-29,12.69368015614115
1964-10-30,12.736035651730907
1964-11-02,12.821690306677844
1964-11-04,12.825120746885936
1964-11-05,12.838582955505926
1964-11-06,12.88959276248623
1964-11-09,12.86998712596634
1964-11-10,12.830527091920587
1964-11-11,12.90944333269934
1964-11-12,12.949190539126825
1964-11-13,12.967901443505365
1964-11-16,13.028692548593295
1964-11-17,13.118116043305676
1964-11-18,13.210460073218806
1964-11-19,13.189120624433654
1964-11-20,13.222626645136925
1964-11-23,13.187637719420023
1964-11-24,13.135567649224383
1964-11-25,13.105100872463204
1964-11-27,13.059389222240613
1964-11-30,12.942152992553746
1964-12-01,12.774695315000782
1964-12-02,12.804269287060247
1964-12-03,12.848972089630223
1964-12-04,12.859575131803911
1964-12-07,12.868931061118415
1964-12-08,12.819781503036134
1964-12-09,12.72571458263006
1964-12-10,12.715535226165802
1964-12-11,12.74456854898074
1964-12-14,12.710449838268362
1964-12-15,12.661354925190427
1964-12-16,12.71008116935392
1964-12-17,12.773214944912164
1964-12-18,12.86489822601561
1964-12-21,12.892762977996519
1964-12-22,12.8799914691106
1964-12-23,12.846993422216695
1964-12-24,12.840255231027117
1964-12-28,12.830449441229243
1964-12-29,12.775465071476676
1964-12-30,12.852533968992558
1964-12-31,12.92794634682896
1965-01-04,12.79374422260248
1965-01-05,12.857472387838232
1965-01-06,12.908214067219179
1965-01-07,12.9779520132108
1965-01-08,12.986119493346864
1965-01-11,12.999215539062819
1965-01-12,13.031442228249592
1965-01-13,13.070684775079132
1965-01-14,13.08376866357987
1965-01-15,13.139562330326013
1965-01-18,13.1583509664773
1965-01-19,13.172880834640052
1965-01-20,13.174808352561058
1965-01-21,13.16896729742806
1965-01-22,13.216437106062443
1965-01-25,13.244580893846168
1965-01-26,13.257291312688377
1965-01-27,13.290474083187478
1965-01-28,13.333945327092824
1965-01-29,13.351334566846546
1965-02-01,13.335571222572927
1965-02-02,13.34544091126634
1965-02-03,13.349346941811664
1965-02-04,13.334302769629183
1965-02-05,13.287162530252075
1965-02-08,13.279520070921636
1965-02-09,13.313844608676622
1965-02-10,13.169999126497055
1965-02-11,13.017777849191303
1965-02-12,13.137362490062154
1965-02-15,13.131924293368696
1965-02-16,13.086391615351499
1965-02-17,13.122154905247255
1965-02-18,13.163631334442353
1965-02-19,13.179482417972235
1965-02-23,13.231014971383647
1965-02-24,13.311600921763537
1965-02-25,13.34624907436489
1965-02-26,13.386232536491748
1965-03-01,13.380461612576234
1965-03-02,13.419134486032085
1965-03-03,13.400878227589981
1965-03-04,13.348269263410245
1965-03-05,13.30460493420692
1965-03-08,13.306404695431235
1965-03-09,13.283261294670497
1965-03-10,13.286768015274651
1965-03-11,13.382881208282969
1965-03-12,13.450924141846748
1965-03-15,13.455487938224897
1965-03-16,13.411007750320476
1965-03-17,13.409873419335
1965-03-18,13.37408634985848
1965-03-19,13.378145730834053
1965-03-22,13.378956169892689
1965-03-23,13.41285156150209
1965-03-24,13.449051699742263
1965-03-25,13.393454529241799
1965-03-26,13.27935694406079
1965-03-29,13.226924300865392
1965-03-30,13.283580491978947
1965-03-31,13.286956572155763
1965-04-01,13.317327942355615
1965-04-02,13.355417344122856
1965-04-05,13.37250658915591
1965-04-06,13.36937155970368
1965-04-07,13.37738803278732
1965-04-08,13.462416878349261
1965-04-09,13.527911120911035
1965-04-12,13.59108446856098
1965-04-13,13.612611914466498
1965-04-14,13.654496290940509
1965-04-15,13.636742183848833
1965-04-19,13.736661281225945
1965-04-20,13.741265602070563
1965-04-21,13.691108190937333
1965-04-22,13.744377264522436
1965-04-23,13.767251093664889
1965-04-26,13.771309097307036
1965-04-27,13.80906352054767
1965-04-28,13.808594367626661
1965-04-29,13.830047138853043
1965-04-30,13.861578806322724
1965-05-03,13.899151749861598
1965-05-04,13.980963846082528
1965-05-05,13.970068712944023
1965-05-06,13.997061350838596
1965-05-07,14.012115564852149
1965-05-10,14.004223334162633
1965-05-11,13.979224145641309
1965-05-12,13.995231173224617
1965-05-13,14.037370818817159
1965-05-14,13.988156491874834
1965-05-17,13.9189129456102
1965-05-18,13.87856938752104
1965-05-19,13.881022791737104
1965-05-20,13.791453691281118
1965-05-21,13.759700856573525
1965-05-24,13.667286188601688
1965-05-25,13.739024088298624
1965-05-26,13.709726259892372
1965-05-27,13.598695772022086
1965-05-28,13.691794825767564
1965-06-01,13.602176933918082
1965-06-02,13.469760437081035
1965-06-03,13.463412032435803
1965-06-04,13.470353818703353
1965-06-07,13.413773387647487
1965-06-08,13.26635033066458
1965-06-09,13.16230239853639
1965-06-10,13.076022296705988
1965-06-11,13.127563003144916
1965-06-14,12.9322791080184
1965-06-15,13.012752726482896
1965-06-16,13.156577469209193
1965-06-17,13.234941570196819
1965-06-18,13.191525063652701
1965-06-21,13.147719079363172
1965-06-22,13.153017152241274
1965-06-23,13.071877905238463
1965-06-24,12.879332717859747
1965-06-25,12.805906471788086
1965-06-28,12.540035751157145
1965-06-29,12.650646730477126
1965-06-30,12.932909193764974
1965-07-01,13.007705744935423
1965-07-02,13.107798794507195
1965-07-06,13.110398345368313
1965-07-07,13.059753926169211
1965-07-08,13.183528933628592
1965-07-09,13.236987077846798
1965-07-12,13.248108220064674
1965-07-13,13.23031257833978
1965-07-14,13.251203828323044
1965-07-15,13.227428488407888
1965-07-16,13.226977720520823
1965-07-19,13.220060020040572
1965-07-20,13.053360467428885
1965-07-21,12.95919403389613
1965-07-22,12.946020982331802
1965-07-23,12.960144612552327
1965-07-26,12.962734489980756
1965-07-27,12.941455750320378
1965-07-28,12.92784858522516
1965-07-29,13.012364716456513
1965-07-30,13.101115768358609
1965-08-02,13.151828497383729
1965-08-03,13.17001565493725
1965-08-04,13.220773904320808
1965-08-05,13.218879635712868
1965-08-06,13.27310672293288
1965-08-09,13.255911340155604
1965-08-10,13.262295585433234
1965-08-11,13.305594009990562
1965-08-12,13.351185043340918
1965-08-13,13.402703038945846
1965-08-16,13.409954689782507
1965-08-17,13.42963425644973
1965-08-18,13.43432259130833
1965-08-19,13.422166481361964
1965-08-20,13.41091159556314
1965-08-23,13.397613560254833
1965-08-24,13.396387837326598
1965-08-25,13.40675595015269
1965-08-26,13.46246179476718
1965-08-27,13.483963764220267
1965-08-30,13.499254053668176
1965-08-31,13.505228488550127
1965-09-01,13.504003546774134
1965-09-02,13.558499302213978
1965-09-03,13.630633846176226
1965-09-07,13.677369315491612
1965-09-08,13.656579418520224
1965-09-09,13.656513871594312
1965-09-10,13.664240067205872
1965-09-13,13.65989367384257
1965-09-14,13.597486204444914
1965-09-15,13.649751502805774
1965-09-16,13.732910944808895
1965-09-17,13.751842172643073
1965-09-20,13.75364988957909
1965-09-21,13.693854753383722
1965-09-22,13.759094677378284
1965-09-23,13.723317088007768
1965-09-24,13.757479548080811
1965-09-27,13.814809017377684
1965-09-28,13.767402717373571
1965-09-29,13.713491567547992
1965-09-30,13.714802483159342
1965-10-01,13.716032747423283
1965-10-04,13.731412214830673
1965-10-05,13.78650620311198
1965-10-06,13.778236276412512
1965-10-07,13.791733906103168
1965-10-08,13.847940470621877
1965-10-11,13.891411211300143
1965-10-12,13.873936901945667
1965-10-13,13.877937810479848
1965-10-14,13.87828001312483
1965-10-15,13.923301291931619
1965-10-18,13.95316423060775
1965-10-19,13.971094696078481
1965-10-20,13.973432448759686
1965-10-21,14.01345640075066
1965-10-22,13.9958091451835
1965-10-25,13.92905895991872
1965-10-26,13.972010028695896
1965-10-27,14.035274154692765
1965-10-28,14.028205188634644
1965-10-29,14.07594739853828
1965-11-01,14.066754060073073
1965-11-03,14.104739245879959
1965-11-04,14.133554027136496
1965-11-05,14.15834074623872
1965-11-08,14.117921949491809
1965-11-09,14.117400093281923
1965-11-10,14.119632039381381
1965-11-11,14.156165721580415
1965-11-12,14.214876776142994
1965-11-15,14.22760597422874
1965-11-16,14.19904553108963
1965-11-17,14.185062423793461
1965-11-18,14.160521913355321
1965-11-19,14.190122074988224
1965-11-22,14.15098917981838
1965-11-23,14.197361490018151
1965-11-24,14.230482669245989
1965-11-26,14.28613518737649
1965-11-29,14.315439625149448
1965-11-30,14.301170096212607
1965-12-01,14.310749577816766
1965-12-02,14.332089492401854
1965-12-03,14.354390483920563
1965-12-06,14.229984448222336
1965-12-07,14.368136595812814
1965-12-08,14.385979507167162
1965-12-09,14.433240671658533
1965-12-10,14.44825303876007
1965-12-13,14.486751835751624
1965-12-14,14.53020773016781
1965-12-15,14.582384839972455
1965-12-16,14.649600205190666
1965-12-17,14.693151307679411
1965-12-20,14.606864713164011
1965-12-21,14.659150286394642
1965-12-22,14.650611208232464
1965-12-23,14.634133461891144
1965-12-27,14.54917723487601
1965-12-28,14.50758854942556
1965-12-29,14.55577325936181
1965-12-30,14.616100398785578
1965-12-31,14.68034459372673
1966-01-03,14.651515069253758
1966-01-04,14.680736417102029
1966-01-05,14.773764784538185
1966-01-06,14.80251815869315
1966-01-07,14.820289804843247
1966-01-10,14.901390453753695
1966-01-11,14.958232961101748
1966-01-12,14.976849179979299
1966-01-13,15.017104250448078
1966-01-14,15.050264989525324
1966-01-17,15.11103155053612
1966-01-18,15.158717639432998
1966-01-19,15.100833047599588
1966-01-20,15.07183806546741
1966-01-21,15.086203550050824
1966-01-24,15.135325359728439
1966-01-25,15.196529987043991
1966-01-26,15.219758988625061
1966-01-27,15.24976412160357
1966-01-28,15.220434693878108
1966-01-31,15.117003271078104
1966-02-01,14.967028471284234
1966-02-02,15.000190427492582
1966-02-03,14.984925427494336
1966-02-04,15.08087079777671
1966-02-07,15.128548211934573
1966-02-08,15.136494524601892
1966-02-09,15.260766799767728
1966-02-10,15.27173554510578
1966-02-11,15.289221086624181
1966-02-14,15.317992053250686
1966-02-15,15.264009909806711
1966-02-16,15.281807788710196
1966-02-17,15.199603432720751
1966-02-18,15.1653631420087
1966-02-21,15.075462979076507
1966-02-23,14.986310548548404
1966-02-24,14.907038216383489
1966-02-25,14.976693478469238
1966-02-28,15.03880102278355
1966-03-01,14.83633901702043
1966-03-02,14.67052185890816
1966-03-03,14.743226949642047
1966-03-04,14.670093076428017
1966-03-07,14.45067668809794
1966-03-08,14.445359491274804
1966-03-09,14.572258052622592
1966-03-10,14.56880050778555
1966-03-11,14.565763999731324
1966-03-14,14.369503756914868
1966-03-15,14.226865295452976
1966-03-16,14.301807212420494
1966-03-17,14.366612171001071
1966-03-18,14.495928859549165
1966-03-21,14.658176685928277
1966-03-22,14.7014449057301
1966-03-23,14.671241076611713
1966-03-24,14.725234488226482
1966-03-25,14.790518571193715
1966-03-28,14.855903860419879
1966-03-29,14.78856434385659
1966-03-30,14.654580061579317
1966-03-31,14.757524116309042
1966-04-01,14.864243289634052
1966-04-04,15.002107801951027
1966-04-05,15.121434581067174
1966-04-06,15.179818810208454
1966-04-07,15.262958670143739
1966-04-11,15.292535694198993
1966-04-12,15.242807090721803
1966-04-13,15.256875016807387
1966-04-14,15.3288007433796
1966-04-15,15.350877851044745
1966-04-18,15.269843969380164
1966-04-19,15.292289090750945
1966-04-20,15.384907774288134
1966-04-21,15.441566985390246
1966-04-22,15.394963671683564
1966-04-25,15.377682801035926
1966-04-26,15.318787413123369
1966-04-27,15.262736409864981
1966-04-28,15.141347146039266
1966-04-29,15.162141405113708
1966-05-02,15.125134647479259
1966-05-03,14.923633051402634
1966-05-04,14.84013536042023
1966-05-05,14.531259762690029
1966-05-06,14.470125847371293
1966-05-09,14.218776115175379
1966-05-10,14.358682625029529
1966-05-11,14.400203537900335
1966-05-12,14.19990916811783
1966-05-13,14.035955942284422
1966-05-16,13.77834326290996
1966-05-17,13.602031598295536
1966-05-18,13.898260204413077
1966-05-19,13.865954572935777
1966-05-20,13.95881080101941
1966-05-23,14.118571814312633
1966-05-24,14.223940947238955
1966-05-25,14.323273153136418
1966-05-26,14.336947745692932
1966-05-27,14.404496065761597
1966-05-31,14.212170031820905
1966-06-01,14.234506133231285
1966-06-02,14.250227900656144
1966-06-03,14.281231646773435
1966-06-06,14.173885115038246
1966-06-07,14.076508797936585
1966-06-08,14.11708060562608
1966-06-09,14.269788754244695
1966-06-10,14.440419844842562
1966-06-13,14.501928641322007
1966-06-14,14.564430089211642
1966-06-15,14.534179882243672
1966-06-16,14.534381419460582
1966-06-17,14.531106027891532
1966-06-20,14.514195757498213
1966-06-21,14.600487035329515
1966-06-22,14.63681369545465
1966-06-23,14.554093269294482
1966-06-24,14.511595126229748
1966-06-27,14.377435552754429
1966-06-28,14.351685228644426
1966-06-29,14.194876856789572
1966-06-30,14.18209722728306
1966-07-01,14.301274733893132
1966-07-05,14.287457001552573
1966-07-06,14.484569875249266
1966-07-07,14.513470330651257
1966-07-08,14.560632102869247
1966-07-11,14.543476735197103
1966-07-12,14.492299972464753
1966-07-13,14.435377814941106
1966-07-14,14.518851927809756
1966-07-15,14.57753288816014
1966-07-18,14.57077205611141
1966-07-19,14.458402179379009
1966-07-20,14.334061769587555
1966-07-21,14.321926844409733
1966-07-22,14.319544491227914
1966-07-25,14.000771117825511
1966-07-26,13.96214857161567
1966-07-27,14.043242914129468
1966-07-28,14.015096544406864
1966-07-29,14.006653389562603
1966-08-01,13.783328112028173
1966-08-02,13.792608707261387
1966-08-03,13.935958522079646
1966-08-04,14.05089727165353
1966-08-05,14.05536870416149
1966-08-08,14.033121192010972
1966-08-09,14.010484597698374
1966-08-10,13.947837363046428
1966-08-11,13.92785859784775
1966-08-12,13.973557135197458
1966-08-15,13.923798064801987
1966-08-16,13.738941244506787
1966-08-17,13.631545369377193
1966-08-18,13.427880801467055
1966-08-19,13.31985915498877
1966-08-22,13.069236450334454
1966-08-23,13.03018360391682
1966-08-24,13.196212820862621
1966-08-25,12.994891167754968
1966-08-26,12.670829345129132
1966-08-29,12.302572984763769
1966-08-30,12.53939292171572
1966-08-31,12.778035400183386
1966-09-01,12.78631640310909
1966-09-02,12.745097887094555
1966-09-06,12.6767089312067
1966-09-07,12.552809474936929
1966-09-08,12.55389219024933
1966-09-09,12.618943054353736
1966-09-12,12.927274038056687
1966-09-13,12.978324842363698
1966-09-14,13.098786775774332
1966-09-15,13.213282094247829
1966-09-16,13.222106076689306
1966-09-19,13.179453759326098
1966-09-20,13.118311843831734
1966-09-21,12.884743073090686
1966-09-22,12.896429976304125
1966-09-23,12.857159487902445
1966-09-26,12.909603156825176
1966-09-27,12.945468928497096
1966-09-28,12.820531463583423
1966-09-29,12.674195319157121
1966-09-30,12.710594691738747
1966-10-03,12.416535562699236
1966-10-04,12.395790432556268
1966-10-05,12.316681260877887
1966-10-06,12.171365857558479
1966-10-07,11.99303920106628
1966-10-10,12.184303854437049
1966-10-11,12.237600760092603
1966-10-12,12.551438800611828
1966-10-13,12.570021204326261
1966-10-14,12.580128940802902
1966-10-17,12.718608657255771
1966-10-18,12.953632170250794
1966-10-19,12.854264974995456
1966-10-20,12.838222567786387
1966-10-21,12.865551806706488
1966-10-24,12.905562333270984
1966-10-25,12.955333764263703
1966-10-26,13.088615716109262
1966-10-27,13.205777011452648
1966-10-28,13.226519906746693
1966-10-31,13.240501864122646
1966-11-01,13.37999354869841
1966-11-02,13.37228723824347
1966-11-03,13.355391229073328
1966-11-04,13.429671351312503
1966-11-07,13.41659621039556
1966-11-09,13.564308524715115
1966-11-10,13.63664510428465
1966-11-11,13.645040548410968
1966-11-14,13.594749776108152
1966-11-15,13.681568403947391
1966-11-16,13.840769629182402
1966-11-17,13.73111333697248
1966-11-18,13.652061274990169
1966-11-21,13.468733972456343
1966-11-22,13.407439813941254
1966-11-23,13.541647276125982
1966-11-25,13.662863977043807
1966-11-28,13.69548966177753
1966-11-29,13.663235805300067
1966-11-30,13.71266224790051
1966-12-01,13.663070378489381
1966-12-02,13.658264735304696
1966-12-05,13.663886659363241
1966-12-06,13.775096506286472
1966-12-07,13.952340481794689
1966-12-08,13.975495354276587
1966-12-09,13.959145884560842
1966-12-12,14.082264761086043
1966-12-13,14.03148101235268
1966-12-14,14.006565842532618
1966-12-15,13.854754553864655
1966-12-16,13.880087292389858
1966-12-19,13.87586700563416
1966-12-20,13.870801615206943
1966-12-21,13.926361490607674
1966-12-22,13.978281569198721
1966-12-23,13.940124663286086
1966-12-27,13.871779811172303
1966-12-28,13.849273070115865
1966-12-29,13.842501105195785
1966-12-30,13.890623930036996
1967-01-03,13.817396095220088
1967-01-04,13.814402305515927
1967-01-05,13.933429156463141
1967-01-06,14.047961482271372
1967-01-09,14.159446352340243
1967-01-10,14.14105898315828
1967-01-11,14.254191806253512
1967-01-12,14.311171296948409
1967-01-13,14.425257857753902
1967-01-16,14.400539014516253
1967-01-17,14.52975995957816
1967-01-18,14.586132104190945
1967-01-19,14.59872168586281
1967-01-20,14.61647698063691
1967-01-23,14.632658434355521
1967-01-24,14.674833404740314
1967-01-25,14.59539914230468
1967-01-26,14.627049234011604
1967-01-27,14.678430591995358
1967-01-30,14.76050401720861
1967-01-31,14.73137530163904
1967-02-01,14.685253219196031
1967-02-02,14.764911383569446
1967-02-03,14.826675071329566
1967-02-06,14.812936910803566
1967-02-07,14.80601205395199
1967-02-08,14.939467278709198
1967-02-09,14.910127946336036
1967-02-10,14.917072653401316
1967-02-13,14.951205439208938
1967-02-14,15.107963861813136
1967-02-15,15.161553085375566
1967-02-16,15.11145919028382
1967-02-17,15.129847180500013
1967-02-20,15.084738573171697
1967-02-21,15.101062913889827
1967-02-23,15.095354740055475
1967-02-24,15.102418199420262
1967-02-27,14.948486203547578
1967-02-28,15.029677525252197
1967-03-01,15.244693069295822
1967-03-02,15.33334726770017
1967-03-03,15.322272321433827
1967-03-06,15.295059134949922
1967-03-07,15.313885833937046
1967-03-08,15.315860042956405
1967-03-09,15.337471111579317
1967-03-10,15.34352905906086
1967-03-13,15.279540579963259
1967-03-14,15.230059620177052
1967-03-15,15.309545979318441
1967-03-16,15.425661342442975
1967-03-17,15.441789764815637
1967-03-20,15.412967938312102
1967-03-21,15.38293523629495
1967-03-22,15.41490993575016
1967-03-23,15.562894912923133
1967-03-27,15.613285462958698
1967-03-28,15.619704778781028
1967-03-29,15.624867064110086
1967-03-30,15.69811966901423
1967-03-31,15.624328733554051
1967-04-03,15.46599307507849
1967-04-04,15.466627533855839
1967-04-05,15.598245211176968
1967-04-06,15.643869343962582
1967-04-07,15.59626164944811
1967-04-10,15.407951387512458
1967-04-11,15.522645560393773
1967-04-12,15.511514429605224
1967-04-13,15.61898583547422
1967-04-14,15.708921667841171
1967-04-17,15.741530120939519
1967-04-18,15.855554540619421
1967-04-19,15.83096572027919
1967-04-20,15.807419139850971
1967-04-21,15.82032014643496
1967-04-24,15.835173872411524
1967-04-25,15.91109227984033
1967-04-26,15.898682907049963
1967-04-27,16.058655640522403
1967-04-28,16.011528659474575
1967-05-01,15.982063115581465
1967-05-02,15.954619378389246
1967-05-03,15.953381387319476
1967-05-04,15.972266459424258
1967-05-05,15.97237116892329
1967-05-08,15.970232918247122
1967-05-09,15.856197943063135
1967-05-10,15.854035883148743
1967-05-11,15.88582538153174
1967-05-12,15.871864732023768
1967-05-15,15.733645571887877
1967-05-16,15.849474245792255
1967-05-17,15.81988621561682
1967-05-18,15.786106560235234
1967-05-19,15.738343222728831
1967-05-22,15.66239439307954
1967-05-23,15.595715507927876
1967-05-24,15.428950049455977
1967-05-25,15.527943589049372
1967-05-26,15.516729801300546
1967-05-29,15.480228983906324
1967-05-31,15.275962603747761
1967-06-01,15.442127139092927
1967-06-02,15.367858707506167
1967-06-05,15.108922355815318
1967-06-06,15.372313799211627
1967-06-07,15.513224772396567
1967-06-08,15.617683384968684
1967-06-09,15.699118827663922
1967-06-12,15.788649945258548
1967-06-13,15.88607056500975
1967-06-14,15.896801047450614
1967-06-15,15.911724893273586
1967-06-16,15.894520250895829
1967-06-19,15.920136896007424
1967-06-20,15.932265942875578
1967-06-21,15.91569059988986
1967-06-22,15.902852819619442
1967-06-23,15.905232283818343
1967-06-26,15.858441263845684
1967-06-27,15.783616593904124
1967-06-28,15.78183784774833
1967-06-29,15.709076964855631
1967-06-30,15.709235398176272
1967-07-03,15.764639993766263
1967-07-05,15.860179398170002
1967-07-06,15.859422901023226
1967-07-07,15.958242960776822
1967-07-10,16.05746010743054
1967-07-11,16.114918460331616
1967-07-12,16.168538576074386
1967-07-13,16.198394526169395
1967-07-14,16.22871798029117
1967-07-17,16.24611043326378
1967-07-18,16.320952952241534
1967-07-19,16.37018395777245
1967-07-20,16.38354118723506
1967-07-21,16.369103654507377
1967-07-24,16.311131678630968
1967-07-25,16.330302884987397
1967-07-26,16.416650311837454
1967-07-27,16.45945354421821
1967-07-28,16.520381989915972
1967-07-31,16.562202810585067
1967-08-01,16.667175114178534
1967-08-02,16.734865663342955
1967-08-03,16.684544514586065
1967-08-04,16.73296525623316
1967-08-07,16.71040061263652
1967-08-08,16.729109931170047
1967-08-09,16.749562352398527
1967-08-10,16.718306030398587
1967-08-11,16.651986784672573
1967-08-14,16.58257485648916
1967-08-15,16.595936617102403
1967-08-16,16.594425535965517
1967-08-17,16.621772717294192
1967-08-18,16.640140807135793
1967-08-21,16.578716016764375
1967-08-22,16.51603268618166
1967-08-23,16.50695055419741
1967-08-24,16.41472614056089
1967-08-25,16.368464295215706
1967-08-28,16.369887737373368
1967-08-29,16.42892039062763
1967-08-30,16.487439676862806
1967-08-31,16.60395129953303
1967-09-01,16.674030339408162
1967-09-05,16.774307835143834
1967-09-06,16.8286772694042
1967-09-07,16.841168588537712
1967-09-08,16.884954068280006
1967-09-11,16.91073564384141
1967-09-12,16.991727860478953
1967-09-13,17.091718495571175
1967-09-14,17.121117989338575
1967-09-15,17.148377895513256
1967-09-18,17.180250616993753
1967-09-19,17.10160688614371
1967-09-20,17.113181473490684
1967-09-21,17.195283787025854
1967-09-22,17.215795932986673
1967-09-25,17.239660645472362
1967-09-26,17.094861668664063
1967-09-27,17.10169284406445
1967-09-28,17.10026545631401
1967-09-29,17.101848751320578
1967-10-02,17.058791683375752
1967-10-03,17.112785558404074
1967-10-04,17.12402964662206
1967-10-05,17.171202944006108
1967-10-06,17.29495080669894
1967-10-09,17.31625231869182
1967-10-10,17.212373603470745
1967-10-11,17.157706235921665
1967-10-12,17.067766461615367
1967-10-13,17.09449235797145
1967-10-16,16.963772152064603
1967-10-17,16.89926896868353
1967-10-18,16.958131279617746
1967-10-19,16.977984064384348
1967-10-20,16.915513274059045
1967-10-23,16.810528148506904
1967-10-24,16.75848539229919
1967-10-25,16.779028305576862
1967-10-26,16.88140742621148
1967-10-27,16.889352367527223
1967-10-30,16.855371194585537
1967-10-31,16.744998234405198
1967-11-01,16.594246758188323
1967-11-02,16.492738926415903
1967-11-03,16.445534711337746
1967-11-06,16.37406698882583
1967-11-08,16.33101576657256
1967-11-09,16.35148660132746
1967-11-10,16.420390333332584
1967-11-13,16.358562476182406
1967-11-14,16.2291005312683
1967-11-15,16.290591140714643
1967-11-16,16.470180254332135
1967-11-17,16.588095212916343
1967-11-20,16.336785543232622
1967-11-21,16.597949409917074
1967-11-22,16.716259716756696
1967-11-24,16.75036535614448
1967-11-27,16.816460615494524
1967-11-28,16.863738584746446
1967-11-29,16.911728904470497
1967-11-30,16.873341362092678
1967-12-01,16.941960796741537
1967-12-04,17.05262327423594
1967-12-05,17.09442767700809
1967-12-06,17.142206352431078
1967-12-07,17.11952004299156
1967-12-08,17.136528840299864
1967-12-11,17.109127285989448
1967-12-12,17.10299302859948
1967-12-13,17.17084061563821
1967-12-14,17.211289145071174
1967-12-15,17.13920001210675
1967-12-18,17.06415128182441
1967-12-19,17.05885887688342
1967-12-20,17.1551163673333
1967-12-21,17.196640438098825
1967-12-22,17.180042811203066
1967-12-26,17.190046838748408
1967-12-27,17.30717534093574
1967-12-28,17.267310485042778
1967-12-29,17.40610273464738
1968-01-02,17.325123230071718
1968-01-03,17.254897040494775
1968-01-04,17.217911375616552
1968-01-05,17.35864827987786
1968-01-08,17.514438776116165
1968-01-09,17.579491934190422
1968-01-10,17.626279499400596
1968-01-11,17.709332642478117
1968-01-12,17.754520570144393
1968-01-15,17.737404436475334
1968-01-16,17.62670735671432
1968-01-17,17.661015934154612
1968-01-18,17.661244306550746
1968-01-19,17.61892192302772
1968-01-22,17.37962890427593
1968-01-23,17.342848680924057
1968-01-24,17.24817534053356
1968-01-25,17.2435155637654
1968-01-26,17.24609108186714
1968-01-29,17.230630231445446
1968-01-30,17.136564998057757
1968-01-31,16.966465620869414
1968-02-01,17.014091941326303
1968-02-02,16.949405177710478
1968-02-05,16.872476507589212
1968-02-06,16.90128491667999
1968-02-07,16.95234529800117
1968-02-08,16.70682931958409
1968-02-09,16.47944538600513
1968-02-13,16.310913148513755
1968-02-14,16.520696574668428
1968-02-15,16.565130696004857
1968-02-16,16.504179752234517
1968-02-19,16.58511659494661
1968-02-20,16.736630588777217
1968-02-21,16.835750478789592
1968-02-23,16.738007581461876
1968-02-26,16.628220601684593
1968-02-27,16.74323776417176
1968-02-28,16.67134339475566
1968-02-29,16.51774079592952
1968-03-01,16.431488235750944
1968-03-04,16.132238082618933
1968-03-05,16.070834078628195
1968-03-06,16.403717186209633
1968-03-07,16.38343803732196
1968-03-08,16.36103204451855
1968-03-11,16.63530284235689
1968-03-12,16.718394526229698
1968-03-13,16.710883004133983
1968-03-14,16.3354077357823
1968-03-15,16.479480899954574
1968-03-18,16.61975061597742
1968-03-19,16.515782169852137
1968-03-20,16.52991508632959
1968-03-21,16.39017829613772
1968-03-22,16.42377031324808
1968-03-25,16.396600123075846
1968-03-26,16.52093005153829
1968-03-27,16.694590411849646
1968-03-28,16.710771506334332
1968-03-29,16.875426156580094
1968-04-01,17.297937861649306
1968-04-02,17.38142491353671
1968-04-03,17.58743143861417
1968-04-04,17.630318186324235
1968-04-05,17.514042661465183
1968-04-08,17.84580227245404
1968-04-10,18.058971421826342
1968-04-11,18.21691771958726
1968-04-15,18.22642599106423
1968-04-16,18.320945010914734
1968-04-17,18.413539754997245
1968-04-18,18.489904065784962
1968-04-19,18.22165603211012
1968-04-22,18.161574685501176
1968-04-23,18.49788673881659
1968-04-24,18.545135411453852
1968-04-25,18.62968948187149
1968-04-26,18.724159726990905
1968-04-29,18.798392703173448
1968-04-30,18.873624566170616
1968-05-01,18.99867389192552
1968-05-02,19.103599977010482
1968-05-03,19.093212244342972
1968-05-06,19.083233498956382
1968-05-07,19.159051093696775
1968-05-08,19.197584726097624
1968-05-09,19.11249800317829
1968-05-10,19.204915023957675
1968-05-13,19.143531221434362
1968-05-14,19.166308857686204
1968-05-15,19.160787317276824
1968-05-16,19.066459121013715
1968-05-17,18.980100466661085
1968-05-20,18.878573792597734
1968-05-21,19.044408059737318
1968-05-22,19.107589896444587
1968-05-23,19.135865542968155
1968-05-24,19.195516245816105
1968-05-27,19.216328776352345
1968-05-28,19.302472134014966
1968-05-29,19.40969492567681
1968-05-31,19.631926432238522
1968-06-03,19.915665111018505
1968-06-04,20.02550036193937
1968-06-05,19.900665231693623
1968-06-06,20.10001993531667
1968-06-07,20.233248154796804
1968-06-10,20.254988805679723
1968-06-11,20.322473390779997
1968-06-13,20.23225467430701
1968-06-14,20.18523948615628
1968-06-17,19.9373910476187
1968-06-18,19.933894982266477
1968-06-20,20.07985139576168
1968-06-21,20.129276737951535
1968-06-24,20.03067028184919
1968-06-25,20.012323333489512
1968-06-27,20.06906962538373
1968-06-28,20.003954618426807
1968-07-01,19.958487053286518
1968-07-02,20.102044622633798
1968-07-03,20.473563451601002
1968-07-08,20.776393150487802
1968-07-09,20.781033397185627
1968-07-11,20.718470453878233
1968-07-12,20.700008595763283
1968-07-15,20.68921137597828
1968-07-16,20.60520131288573
1968-07-18,20.548379573218583
1968-07-19,20.262303330488113
1968-07-22,19.920148056508694
1968-07-23,19.82650963065765
1968-07-25,19.434154897877608
1968-07-26,19.422215834129997
1968-07-29,19.255822825508435
1968-07-30,19.299331919182446
1968-08-01,19.23518791430529
1968-08-02,19.116881767780054
1968-08-05,19.218958384345466
1968-08-06,19.369370393116405
1968-08-08,19.384316622680053
1968-08-09,19.389140994956495
1968-08-12,19.60108963465943
1968-08-13,19.70016584241806
1968-08-15,19.691741195810625
1968-08-16,19.805299937239262
1968-08-19,19.946230208862378
1968-08-20,19.992263310804823
1968-08-22,19.889392817970787
1968-08-23,19.87997814977637
1968-08-26,19.909908537853514
1968-08-27,19.81329658249679
1968-08-29,19.757621072516457
1968-08-30,19.805717313965395
1968-09-03,19.90209677628574
1968-09-04,20.030285680341127
1968-09-05,20.117962974671904
1968-09-06,20.253823173394366
1968-09-09,20.29942717000177
1968-09-10,20.231993608572242
1968-09-12,20.225356770607092
1968-09-13,20.342766897499583
1968-09-16,20.42108401790485
1968-09-17,20.514308268019757
1968-09-19,20.55792890067287
1968-09-20,20.58742958064348
1968-09-23,20.726016292877368
1968-09-24,20.809473654185425
1968-09-26,20.803785534034187
1968-09-27,20.896991434622773
1968-09-30,21.033483223808265
1968-10-01,21.009596818951394
1968-10-03,21.050253314858818
1968-10-04,21.08187284375377
1968-10-07,21.08071439039513
1968-10-08,21.054404516110754
1968-10-10,20.985896612755884
1968-10-11,21.057660260853353
1968-10-14,21.11655239814696
1968-10-15,21.155569864020915
1968-10-17,21.30681615515883
1968-10-18,21.42352808584562
1968-10-21,21.466999964787313
1968-10-22,21.43966979114966
1968-10-24,21.417800368508114
1968-10-25,21.505497902628196
1968-10-28,21.473956546979004
1968-10-29,21.356128844844523
1968-10-31,21.327474291971892
1968-11-01,21.242540846917006
1968-11-04,21.19898054817724
1968-11-06,21.258241455218922
1968-11-07,21.25937326366656
1968-11-08,21.364598088326304
1968-11-12,21.5080827072113
1968-11-13,21.66083141898349
1968-11-14,21.70739778510369
1968-11-15,21.7473437578872
1968-11-18,21.746863319641857
1968-11-19,21.845652515439877
1968-11-21,21.798302914242516
1968-11-22,21.93589038407271
1968-11-25,22.020317287331945
1968-11-26,22.163674428759865
1968-11-27,22.315534063541943
1968-11-29,22.497306051393373
1968-12-02,22.487673380937082
1968-12-03,22.46647218304104
1968-12-05,22.46753624494774
1968-12-06,22.543868129499348
1968-12-09,22.574169462787754
1968-12-10,22.493611044539932
1968-12-12,22.551000723855935
1968-12-13,22.676755769371425
1968-12-16,22.581240812229428
1968-12-17,22.43447167215678
1968-12-19,22.400066555705795
1968-12-20,22.351578872496564
1968-12-23,22.118175399467297
1968-12-24,22.044497583304576
1968-12-26,22.074703584330837
1968-12-27,21.945836552902097
1968-12-30,21.671940716880542
1968-12-31,21.719311713289898
1969-01-02,21.71059113856242
1969-01-03,21.66782796568172
1969-01-06,21.353139343531577
1969-01-07,21.025069979438328
1969-01-08,20.895597604947408
1969-01-09,20.98363452959436
1969-01-10,20.989957306356654
1969-01-13,20.804949307188842
1969-01-14,20.98276955780634
1969-01-15,21.144231324419994
1969-01-16,21.27038634024212
1969-01-17,21.288819252153612
1969-01-20,21.303881821542685
1969-01-21,21.227330088948424
1969-01-22,21.309191887699413
1969-01-23,21.44655951681335
1969-01-24,21.471346792507923
1969-01-27,21.481121232653063
1969-01-28,21.493161392679525
1969-01-29,21.499735629952937
1969-01-30,21.51826252057138
1969-01-31,21.642534474978824
1969-02-03,21.682991989681007
1969-02-04,21.7030139127515
1969-02-05,21.74249819323571
1969-02-06,21.79819962682279
1969-02-07,21.819516078557537
1969-02-11,21.802294656871616
1969-02-12,21.77341677757203
1969-02-13,21.752195163669985
1969-02-14,21.739739278968496
1969-02-17,21.45849244050753
1969-02-18,21.140067199746927
1969-02-19,20.98431273791742
1969-02-20,20.76191608471782
1969-02-24,20.40506900117899
1969-02-25,20.236009254019926
1969-02-26,20.318102889117917
1969-02-27,20.203516363581823
1969-02-28,20.208170840581765
1969-03-03,20.192964116010007
1969-03-04,20.366119043619022
1969-03-05,20.456969663252227
1969-03-06,20.2052721766666
1969-03-07,20.15146281897577
1969-03-10,20.19859588126093
1969-03-11,20.28733389050051
1969-03-12,20.2299977642691
1969-03-13,20.114950461406515
1969-03-14,19.98675374387653
1969-03-17,20.01427941712123
1969-03-18,20.149132380377914
1969-03-19,20.319421661801794
1969-03-20,20.447173959631204
1969-03-21,20.418070126987008
1969-03-24,20.397643256829802
1969-03-25,20.451590809408785
1969-03-26,20.665588680918965
1969-03-27,20.82875400879409
1969-03-28,20.941120456247123
1969-04-01,20.929058715497206
1969-04-02,20.78268899639089
1969-04-03,20.740307382800264
1969-04-07,20.542517683977973
1969-04-08,20.605759539717184
1969-04-09,20.774459566189343
1969-04-10,20.84913155940453
1969-04-11,20.877444901063203
1969-04-14,20.867896300136124
1969-04-15,20.839909724031415
1969-04-16,20.640222238158238
1969-04-17,20.688208047281456
1969-04-18,20.73935187435151
1969-04-21,20.626076909523878
1969-04-22,20.670269929468407
1969-04-23,20.773592385767227
1969-04-24,20.846844819999756
1969-04-25,20.95758193849458
1969-04-28,21.012979898414955
1969-04-29,21.16198888833406
1969-04-30,21.38134315712302
1969-05-01,21.391254835936248
1969-05-02,21.461060016672104
1969-05-05,21.62635560957241
1969-05-06,21.70850223499858
1969-05-07,21.68485409671354
1969-05-08,21.734434903794433
1969-05-09,21.76472065250493
1969-05-12,21.742948658259277
1969-05-13,21.86218003948634
1969-05-14,22.002400617787146
1969-05-15,21.977396931224213
1969-05-16,21.95165494475043
1969-05-19,21.76452828939006
1969-05-20,21.611790255935958
1969-05-21,21.72982844271706
1969-05-22,21.780061200858082
1969-05-23,21.7046273493884
1969-05-26,21.674728732422256
1969-05-27,21.53101216209797
1969-05-28,21.45895757112606
1969-05-29,21.561313964300997
1969-06-02,21.44545210866877
1969-06-03,21.397714303696766
1969-06-04,21.40042503074205
1969-06-05,21.41781272585756
1969-06-06,21.23580893694814
1969-06-09,20.98633169274204
1969-06-10,20.82639643070487
1969-06-11,20.629167181121776
1969-06-12,20.33013519479556
1969-06-13,20.386855917468306
1969-06-16,20.29192784007137
1969-06-17,20.1613145823709
1969-06-18,20.125196689550144
1969-06-19,19.908351660430174
1969-06-20,19.73218326134007
1969-06-23,19.539446107392013
1969-06-24,19.72659176787047
1969-06-25,19.628927251234725
1969-06-26,19.608187512127827
1969-06-27,19.611512742600045
1969-06-30,19.678084294089132
1969-07-01,19.820592120129543
1969-07-02,19.95508822385029
1969-07-03,20.10410145222817
1969-07-07,20.027317022154364
1969-07-08,19.76906560018722
1969-07-09,19.603402032309447
1969-07-10,19.279266617230522
1969-07-11,19.331950421062636
1969-07-14,19.086743539472376
1969-07-15,18.97450722668115
1969-07-16,19.14197709278224
1969-07-17,19.25320047849685
1969-07-18,19.1317299809199
1969-07-22,18.849134366169945
1969-07-23,18.671174608455363
1969-07-24,18.630070869911496
1969-07-25,18.4837408157447
1969-07-28,18.03013044118314
1969-07-29,17.769826721153827
1969-07-30,17.820879029027022
1969-07-31,18.220766315741557
1969-08-01,18.604522076161533
1969-08-04,18.53202006510821
1969-08-05,18.638923251403423
1969-08-06,18.74956321616652
1969-08-07,18.78757665461433
1969-08-08,18.826618782434725
1969-08-11,18.727918842828
1969-08-12,18.618282287325712
1969-08-13,18.613950730770785
1969-08-14,18.78756273084809
1969-08-15,18.967498073640236
1969-08-18,19.06408923097666
1969-08-19,19.196778412656318
1969-08-20,19.221318010094237
1969-08-21,19.27152865208879
1969-08-22,19.4284117201529
1969-08-25,19.291941497416545
1969-08-26,19.134652136396227
1969-08-27,19.154816282020402
1969-08-28,19.219582132186485
1969-08-29,19.37549450221708
1969-09-02,19.356270315683993
1969-09-03,19.254162536109725
1969-09-04,19.09236466599767
1969-09-05,18.980152822503758
1969-09-08,18.755703548369038
1969-09-09,18.890712378677847
1969-09-10,19.108270142195423
1969-09-11,19.096862464075556
1969-09-12,19.106531041759578
1969-09-15,19.12988326828923
1969-09-16,19.15348805013682
1969-09-17,19.148598161706424
1969-09-18,19.226809083362504
1969-09-19,19.270135624896255
1969-09-22,19.338123014841795
1969-09-23,19.424045591379805
1969-09-24,19.431149237566938
1969-09-25,19.374029690969028
1969-09-26,19.243547878041813
1969-09-29,19.08139684509783
1969-09-30,19.0131343062794
1969-10-01,18.910107996514817
1969-10-02,19.037157402013595
1969-10-03,19.06129872655365
1969-10-06,19.07084355496144
1969-10-07,19.072411307603762
1969-10-08,18.986725142306305
1969-10-09,18.9916920618239
1969-10-10,19.14065933191004
1969-10-13,19.334464280894135
1969-10-14,19.560295262380542
1969-10-15,19.578612431899522
1969-10-16,19.73253601261659
1969-10-17,19.669888724090047
1969-10-20,19.73162323127676
1969-10-21,19.87057227873323
1969-10-22,20.015212051396055
1969-10-23,19.96661804463868
1969-10-24,20.098144459361944
1969-10-27,20.071803268035815
1969-10-28,20.017815324967255
1969-10-29,19.826138830899193
1969-10-30,19.818907328027137
1969-10-31,19.860360395105776
1969-11-03,19.84269064041482
1969-11-04,19.85177103106221
1969-11-05,19.970246112200698
1969-11-06,20.098587181955555
1969-11-07,20.40090278751314
1969-11-10,20.39650590550649
1969-11-11,20.330694833821877
1969-11-12,20.254012629190466
1969-11-13,20.224917095570245
1969-11-14,20.159101687689787
1969-11-17,19.986067683312157
1969-11-18,19.964918058604187
1969-11-19,19.911009824592295
1969-11-20,19.737407498285872
1969-11-21,19.6257018462586
1969-11-24,19.426538944490066
1969-11-25,19.46430764329744
1969-11-26,19.54456325402216
1969-11-28,19.69203843516353
1969-12-01,19.628755547123962
1969-12-02,19.496915855159802
1969-12-03,19.346626575061478
1969-12-04,19.412930767264264
1969-12-05,19.3805069415825
1969-12-08,19.17224505374837
1969-12-09,19.172987858432933
1969-12-10,19.195056544395953
1969-12-11,19.21568900860004
1969-12-12,19.26997211504325
1969-12-15,19.26688846999605
1969-12-16,19.14438920519444
1969-12-17,19.04271324442684
1969-12-18,19.32358437696874
1969-12-19,19.408029787537902
1969-12-22,19.25098735564755
1969-12-23,19.139500366994486
1969-12-24,19.303844697033323
1969-12-26,19.439241549385038
1969-12-29,19.35313794726586
1969-12-30,19.40219018106901
1969-12-31,19.522610072565694
1970-01-02,19.612112429297916
1970-01-05,19.680605829192256
1970-01-06,19.642145414394932
1970-01-07,19.661831485572762
1970-01-08,19.686806852276455
1970-01-09,19.692760456682635
1970-01-12,19.57425530892579
1970-01-13,19.647687811070714
1970-01-14,19.663028012884045
1970-01-15,19.677206642220515
1970-01-16,19.529695266841216
1970-01-19,19.204835627599007
1970-01-20,19.28539087262453
1970-01-21,19.306121186874755
1970-01-22,19.278897071176225
1970-01-23,19.18235144239535
1970-01-26,18.909157025222783
1970-01-27,18.739041754429348
1970-01-28,18.475204163249888
1970-01-29,18.306610691306226
1970-01-30,18.206597676938312
1970-02-02,18.460638014027012
1970-02-03,18.67922398659824
1970-02-04,18.524549108824782
1970-02-05,18.51357576449738
1970-02-06,18.708515980463154
1970-02-09,18.91432958124599
1970-02-10,18.77277760904184
1970-02-11,18.937955914681655
1970-02-12,18.931567322009876
1970-02-13,18.97840645574218
1970-02-16,18.95218169750403
1970-02-17,18.90448970023564
1970-02-18,19.03913182200027
1970-02-19,19.023258335844016
1970-02-20,19.084643669144313
1970-02-24,19.000058942366948
1970-02-25,19.227836144404744
1970-02-26,19.126843836222694
1970-02-27,19.21211498177804
1970-03-02,19.17471295668816
1970-03-03,19.286431774311872
1970-03-04,19.212862261465116
1970-03-05,19.152091474658288
1970-03-06,19.012470005954896
1970-03-09,18.813913859675218
1970-03-10,18.85554238575923
1970-03-11,18.818119099962512
1970-03-12,18.728408683814735
1970-03-13,18.562937956764035
1970-03-16,18.359750667345512
1970-03-17,18.419762704424745
1970-03-18,18.46666869393689
1970-03-19,18.43462048081728
1970-03-20,18.32219273115816
1970-03-23,18.294094844890207
1970-03-24,18.456916464832677
1970-03-25,18.79826878457351
1970-03-26,18.82387750369391
1970-03-30,18.842362757815167
1970-03-31,18.832864045696187
1970-04-01,18.896422400411613
1970-04-02,18.799660919495906
1970-04-03,18.690644178134935
1970-04-06,18.526999501825465
1970-04-07,18.460419185372903
1970-04-08,18.44444108500051
1970-04-09,18.45745968883557
1970-04-10,18.35960824789856
1970-04-13,18.26141239407695
1970-04-14,18.103799114299658
1970-04-15,18.011036245599737
1970-04-16,17.757422524612952
1970-04-17,17.720456098402067
1970-04-20,17.799055145132762
1970-04-21,17.73120507211536
1970-04-22,17.45617918400673
1970-04-23,17.15013327570095
1970-04-24,17.13673300867913
1970-04-27,16.85634077302085
1970-04-28,16.565828440628476
1970-04-29,16.91114773660138
1970-04-30,16.828252394771216
1970-05-01,16.813979450119582
1970-05-04,16.357494711664728
1970-05-05,16.13059019025674
1970-05-06,16.28139258609531
1970-05-07,16.38764326032612
1970-05-08,16.3126717097826
1970-05-11,16.1779155902443
1970-05-12,16.067021693121987
1970-05-13,15.849819175098775
1970-05-14,15.641256687376027
1970-05-15,15.878885083845843
1970-05-18,15.942695409981269
1970-05-19,15.739325110442227
1970-05-20,15.381186337460564
1970-05-21,15.102273753663406
1970-05-22,15.036154886804383
1970-05-25,14.684790171447242
1970-05-26,14.483927902712674
1970-05-27,15.058223531209466
1970-05-28,15.370535288885943
1970-05-29,15.696209660790474
1970-06-01,15.85595227836539
1970-06-02,15.863661194240136
1970-06-03,16.003993848357293
1970-06-04,15.874890787232287
1970-06-05,15.65255859610049
1970-06-08,15.676653911713716
1970-06-09,15.662304514049941
1970-06-10,15.521671274935816
1970-06-11,15.35001644971857
1970-06-12,15.236598174404088
1970-06-15,15.316207219270721
1970-06-16,15.56850631265645
1970-06-17,15.604161811739079
1970-06-18,15.63158040885595
1970-06-19,15.735056378360587
1970-06-22,15.665864062148916
1970-06-23,15.401667306042814
1970-06-24,15.226649308194192
1970-06-25,15.207182109086983
1970-06-26,15.157805508031547
1970-06-29,15.067085940196998
1970-06-30,15.091387988313397
1970-07-01,15.19400516764474
1970-07-02,15.218513906947612
1970-07-06,15.065918977773132
1970-07-07,14.973491396307038
1970-07-08,15.34222907399248
1970-07-09,15.629334605654064
1970-07-10,15.736905569559402
1970-07-13,15.773047352969565
1970-07-14,15.766933051885905
1970-07-15,15.931105916995612
1970-07-16,16.073513537442107
1970-07-17,16.241295743377407
1970-07-20,16.276611849479202
1970-07-21,16.054110964930857
1970-07-22,16.029781370814955
1970-07-23,16.218396331245433
1970-07-24,16.20867387394787
1970-07-27,16.155528196305756
1970-07-28,16.17766704646537
1970-07-29,16.176437413957824
1970-07-30,16.118179008433362
1970-07-31,16.124663660518173
1970-08-03,15.935078931674244
1970-08-04,15.93463712548306
1970-08-05,15.922884908371014
1970-08-06,15.87869538809434
1970-08-07,15.868451821560505
1970-08-10,15.696101235090275
1970-08-11,15.61143925120047
1970-08-12,15.56316275484675
1970-08-13,15.459035851720415
1970-08-14,15.486262767173418
1970-08-17,15.491035005813583
1970-08-18,15.609957360375516
1970-08-19,15.689901292840407
1970-08-20,15.764753144958792
1970-08-21,16.009901605668585
1970-08-24,16.340548706858964
1970-08-25,16.43601810539078
1970-08-26,16.500770185923386
1970-08-27,16.501824174421074
1970-08-28,16.630062635505205
1970-08-31,16.602837096050497
1970-09-01,16.553420088051496
1970-09-02,16.570955517987805
1970-09-03,16.797003127253102
1970-09-04,16.93710800883136
1970-09-08,17.001438572522368
1970-09-09,17.022179476699286
1970-09-10,16.917975201328368
1970-09-11,16.974745585958978
1970-09-14,16.96231143768596
1970-09-15,16.799283328949887
1970-09-16,16.752089971596593
1970-09-17,16.759492898032317
1970-09-18,16.776666236408374
1970-09-21,16.71913297362393
1970-09-22,16.681301734250354
1970-09-23,16.83677207651112
1970-09-24,17.00430385382156
1970-09-25,17.05338840854244
1970-09-28,17.02594389551984
1970-09-29,17.082991521481873
1970-09-30,17.10755912127843
1970-10-01,17.082312948650653
1970-10-02,17.182947241265133
1970-10-05,17.32125792450534
1970-10-06,17.346918228411518
1970-10-07,17.328296943530564
1970-10-08,17.23465185172806
1970-10-09,17.112504235853248
1970-10-12,16.9687200678844
1970-10-13,16.89834428726843
1970-10-14,16.92546808702465
1970-10-15,16.972044581120276
1970-10-16,16.921150539987558
1970-10-19,16.747543358986583
1970-10-20,16.826909608544803
1970-10-21,16.818083054129936
1970-10-22,16.777364626655412
1970-10-23,16.80531102550116
1970-10-26,16.734529660813607
1970-10-27,16.691544655595163
1970-10-28,16.710032821620914
1970-10-29,16.708714220477844
1970-10-30,16.75772481168857
1970-11-02,16.82709726433742
1970-11-03,17.059539142212667
1970-11-04,17.151619714005
1970-11-05,17.17610181131084
1970-11-06,17.18835152764176
1970-11-09,17.288211280556432
1970-11-10,17.316649433741297
1970-11-11,17.368487925854826
1970-11-12,17.120106934882916
1970-11-13,16.991218855952972
1970-11-16,16.995472402342212
1970-11-17,17.046201483823328
1970-11-18,16.93547936482258
1970-11-19,16.975870062795234
1970-11-20,17.148814227840454
1970-11-23,17.27138361630771
1970-11-24,17.4404444754369
1970-11-25,17.53942133588191
1970-11-27,17.66214834765973
1970-11-30,17.92319770525201
1970-12-01,17.97298705477873
1970-12-02,18.155026545935094
1970-12-03,18.254249127827656
1970-12-04,18.391628340130502
1970-12-07,18.45237810683403
1970-12-08,18.32265230259156
1970-12-09,18.369768105202734
1970-12-10,18.43384940481786
1970-12-11,18.523331994674194
1970-12-14,18.429167399905662
1970-12-15,18.377540290024566
1970-12-16,18.430966000040627
1970-12-17,18.497880184659778
1970-12-18,18.5293346233302
1970-12-21,18.472531819818048
1970-12-22,18.495446574410828
1970-12-23,18.523504991356102
1970-12-24,18.62575691029253
1970-12-28,18.702538421060794
1970-12-29,18.899480961607054
1970-12-30,18.97365752045911
1970-12-31,18.985119599083305
1971-01-04,18.78985014690656
1971-01-05,18.88171860272235
1971-01-06,18.9802263441107
1971-01-07,19.006869230860854
1971-01-08,18.978329078504522
1971-01-11,18.903993976647904
1971-01-12,19.030410182477592
1971-01-13,18.97260049034868
1971-01-14,19.022801605407256
1971-01-15,19.09647477881811
1971-01-18,19.11283504402397
1971-01-19,19.18297026649665
1971-01-20,19.199601763345573
1971-01-21,19.303161662274427
1971-01-22,19.435530413239302
1971-01-25,19.497261445868205
1971-01-26,19.498558011818083
1971-01-27,19.329780025939307
1971-01-28,19.444042500554236
1971-01-29,19.571827650725584
1971-02-01,19.70273596399374
1971-02-02,19.701610762511454
1971-02-03,19.69203738510058
1971-02-04,19.73247893227682
1971-02-05,19.832924188307206
1971-02-08,19.93291551429276
1971-02-09,19.94353235922845
1971-02-10,19.94937703190497
1971-02-11,20.007984994247302
1971-02-12,20.092959163239076
1971-02-16,20.17341060645327
1971-02-17,20.141959239553348
1971-02-18,20.067176460773894
1971-02-19,19.91790858387563
1971-02-22,19.7217570276893
1971-02-23,19.776456787733775
1971-02-24,19.876537486584628
1971-02-25,19.983638777078614
1971-02-26,19.86945934266849
1971-03-01,19.848097098292666
1971-03-02,19.835935951323158
1971-03-03,19.859695227850068
1971-03-04,20.105316495776872
1971-03-05,20.319000670621808
1971-03-08,20.41102610934886
1971-03-09,20.427899652486907
1971-03-10,20.38149542371902
1971-03-11,20.410734192757364
1971-03-12,20.402103262573135
1971-03-15,20.618654588742544
1971-03-16,20.709881670531203
1971-03-17,20.69280816077525
1971-03-18,20.682911933477676
1971-03-19,20.652791620895236
1971-03-22,20.614437806772635
1971-03-23,20.56131371419567
1971-03-24,20.443399646100072
1971-03-25,20.44493369944763
1971-03-26,20.547441358958825
1971-03-29,20.53361506398696
1971-03-30,20.581516669386918
1971-03-31,20.59452312449347
1971-04-01,20.641157909805536
1971-04-02,20.66244984231701
1971-04-05,20.74188616749217
1971-04-06,20.93001095289526
1971-04-07,21.09441311356673
1971-04-08,21.162750364391666
1971-04-12,21.382272021154062
1971-04-13,21.44269473251554
1971-04-14,21.522125094196742
1971-04-15,21.61397381783438
1971-04-16,21.63210329191006
1971-04-19,21.7611300105048
1971-04-20,21.651852919099845
1971-04-21,21.59289971955837
1971-04-22,21.635381858113394
1971-04-23,21.729333687835425
1971-04-26,21.714903194658973
1971-04-27,21.806367157916828
1971-04-28,21.922936166466204
1971-04-29,21.85796523359886
1971-04-30,21.736168175947167
1971-05-03,21.611055089408136
1971-05-04,21.75920253699949
1971-05-05,21.767197928552434
1971-05-06,21.64965957361065
1971-05-07,21.595440444578465
1971-05-10,21.4771798710017
1971-05-11,21.592612034331204
1971-05-12,21.62349027156881
1971-05-13,21.6100418811079
1971-05-14,21.536391843021157
1971-05-17,21.191095364219205
1971-05-18,21.191462517209878
1971-05-19,21.25720503435782
1971-05-20,21.28884937640585
1971-05-21,21.25443175496544
1971-05-24,21.085817034581115
1971-05-25,20.9585858482723
1971-05-26,20.97025473060787
1971-05-27,20.947707422582173
1971-05-28,21.025191804336295
1971-06-01,21.186443899055288
1971-06-02,21.388560987496884
1971-06-03,21.47003327691541
1971-06-04,21.53258217937465
1971-06-07,21.541732542956606
1971-06-08,21.382358695964736
1971-06-09,21.339782816304268
1971-06-10,21.416480575306473
1971-06-11,21.462983035049593
1971-06-14,21.264317992711636
1971-06-15,21.281798120827794
1971-06-16,21.314225587479708
1971-06-17,21.28391857583122
1971-06-18,20.922692862437557
1971-06-21,20.613969148714858
1971-06-22,20.554285277201007
1971-06-23,20.75186745044843
1971-06-24,20.69953949612796
1971-06-25,20.676596737373508
1971-06-28,20.567716339660386
1971-06-29,20.794968685741743
1971-06-30,20.986245248314553
1971-07-01,21.025064710207626
1971-07-02,21.068519113461402
1971-07-06,21.11306782414699
1971-07-07,21.226727230698938
1971-07-08,21.341057517587448
1971-07-09,21.395717648184387
1971-07-12,21.416994444725113
1971-07-13,21.187117002415096
1971-07-14,21.160844775713382
1971-07-15,21.182115379673558
1971-07-16,21.10915354911972
1971-07-19,21.074963410426697
1971-07-20,21.162735982096173
1971-07-21,21.14856963578666
1971-07-22,21.098295155115135
1971-07-23,21.089730271427033
1971-07-26,21.020729043583977
1971-07-27,20.865702162060217
1971-07-28,20.665003708925795
1971-07-29,20.357273516680653
1971-07-30,20.278661923302934
1971-08-02,20.389580315932612
1971-08-03,20.063874388200382
1971-08-04,19.981835681790802
1971-08-05,20.054115316352963
1971-08-06,20.15937430376163
1971-08-09,19.976239248450845
1971-08-10,20.013848702486953
1971-08-11,20.27390200427351
1971-08-12,20.577454105871215
1971-08-13,20.53862190928939
1971-08-16,21.261989548230236
1971-08-17,21.720011075213144
1971-08-18,21.430475449667647
1971-08-19,21.386091522158242
1971-08-20,21.431245387041088
1971-08-23,21.60032895016959
1971-08-24,21.770939661886786
1971-08-25,21.862686539927807
1971-08-26,21.918021695464983
1971-08-27,21.9661218704628
1971-08-30,21.723252043820075
1971-08-31,21.642800170189876
1971-09-01,21.67464211928926
1971-09-02,21.74665015160479
1971-09-03,21.981568499265446
1971-09-07,22.126435682065193
1971-09-08,22.15547250758975
1971-09-09,22.118402380585373
1971-09-10,22.05105741787975
1971-09-13,22.02039338229867
1971-09-14,21.886265657354624
1971-09-15,21.954734693000933
1971-09-16,21.941457358756416
1971-09-17,21.9968801096463
1971-09-20,21.947185871655527
1971-09-21,21.872290891891673
1971-09-22,21.734573731740703
1971-09-23,21.690593761163868
1971-09-24,21.709903280284635
1971-09-27,21.578508731427487
1971-09-28,21.607887098735898
1971-09-29,21.617524033979038
1971-09-30,21.710026613787264
1971-10-01,21.817481580137887
1971-10-04,21.82774990161984
1971-10-05,21.760966181368257
1971-10-06,21.959854058966453
1971-10-07,22.053782408312944
1971-10-08,21.961658042363844
1971-10-11,21.85285811158503
1971-10-12,21.875336387384262
1971-10-13,21.763629767914075
1971-10-14,21.53079808883909
1971-10-15,21.4347678006848
1971-10-18,21.329692030316988
1971-10-19,21.24517489404856
1971-10-20,20.993263281466415
1971-10-21,20.99009997870975
1971-10-22,20.93671050409374
1971-10-25,20.838365133604768
1971-10-26,20.765574006604375
1971-10-27,20.569342842416305
1971-10-28,20.58893659783352
1971-10-29,20.68808954649054
1971-11-01,20.41398510150488
1971-11-02,20.4550593066933
1971-11-03,20.807931239530987
1971-11-04,20.82485760771776
1971-11-05,20.804584842790874
1971-11-08,20.810587915708307
1971-11-09,20.842624311178877
1971-11-10,20.635305285091015
1971-11-11,20.32604077561615
1971-11-12,20.25436153502594
1971-11-15,20.184064547866793
1971-11-16,20.381432768251273
1971-11-17,20.441458675279552
1971-11-18,20.326345741224642
1971-11-19,20.18619831884874
1971-11-22,19.99534307761498
1971-11-23,19.85754560244907
1971-11-24,19.902868457692534
1971-11-26,20.269361413839455
1971-11-29,20.572665907578
1971-11-30,20.722755420210284
1971-12-01,21.157684887954836
1971-12-02,21.216073499202405
1971-12-03,21.400038432994567
1971-12-06,21.41915534407224
1971-12-07,21.544207813780897
1971-12-08,21.593529075207936
1971-12-09,21.561043564714446
1971-12-10,21.67562454593737
1971-12-13,21.69803252082586
1971-12-14,21.612219694671246
1971-12-15,21.742905622020412
1971-12-16,21.923779019698323
1971-12-17,22.04045785778317
1971-12-20,22.335872446307494
1971-12-21,22.38888846985145
1971-12-22,22.256040148807415
1971-12-23,22.15002245766325
1971-12-27,22.145084194856587
1971-12-28,22.23247012621593
1971-12-29,22.310567504785688
1971-12-30,22.261952189665507
1971-12-31,22.374574901916215
1972-01-03,22.316014603014363
1972-01-04,22.349137012385444
1972-01-05,22.51739333569041
1972-01-06,22.62618834451229
1972-01-07,22.663492940400232
1972-01-10,22.653102082571106
1972-01-11,22.687361363460322
1972-01-12,22.683304304271065
1972-01-13,22.551591239128907
1972-01-14,22.611433345138174
1972-01-17,22.660093369442922
1972-01-18,22.75483454696608
1972-01-19,22.707886463389777
1972-01-20,22.687881067739976
1972-01-21,22.642802264528292
1972-01-24,22.381271591915485
1972-01-25,22.428824204632015
1972-01-26,22.386051342830864
1972-01-27,22.658610401337175
1972-01-28,22.89781484037832
1972-01-31,22.908802693854433
1972-02-01,22.94055691223745
1972-02-02,23.103151428228255
1972-02-03,23.169118451821053
1972-02-04,23.330250603220875
1972-02-07,23.223500730169555
1972-02-08,23.255596664318556
1972-02-09,23.45868525723292
1972-02-10,23.559902181702874
1972-02-11,23.47717141488293
1972-02-14,23.407030976062806
1972-02-15,23.47938874156364
1972-02-16,23.610744622349156
1972-02-17,23.67127313691853
1972-02-18,23.57714622753791
1972-02-22,23.526398741399
1972-02-23,23.552938224111593
1972-02-24,23.628014282436588
1972-02-25,23.753478267947283
1972-02-28,23.737327114616185
1972-02-29,23.88588782828268
1972-03-01,24.147685745959897
1972-03-02,24.164413466044913
1972-03-03,24.31126859537294
1972-03-06,24.50145251133181
1972-03-07,24.534525405327138
1972-03-08,24.570156095257534
1972-03-09,24.580681942977588
1972-03-10,24.4508581473408
1972-03-13,24.1755906950303
1972-03-14,24.281340843812398
1972-03-15,24.312829122245002
1972-03-16,24.278895221078304
1972-03-17,24.320442913214162
1972-03-20,24.244162268936577
1972-03-21,24.038194867776838
1972-03-22,24.07268488177451
1972-03-23,24.32478557045855
1972-03-24,24.31328714041242
1972-03-27,24.28410766345312
1972-03-28,24.309057295564152
1972-03-29,24.21605409522591
1972-03-30,24.333677340852823
1972-04-03,24.36751418224833
1972-04-04,24.499266247907777
1972-04-05,24.714147646889284
1972-04-06,24.916929889554076
1972-04-07,25.015378380788697
1972-04-10,24.99048318526596
1972-04-11,25.090018235912122
1972-04-12,25.15800759445561
1972-04-13,25.11516019756849
1972-04-14,25.067631330475855
1972-04-17,24.969841456998765
1972-04-18,25.085179254786965
1972-04-19,24.94611729744337
1972-04-20,24.903675498941556
1972-04-21,24.85983123447464
1972-04-24,24.641194173093478
1972-04-25,24.388023658880375
1972-04-26,24.3035781835099
1972-04-27,24.3288270372044
1972-04-28,24.456100406862525
1972-05-01,24.17213992383951
1972-05-02,24.04537892247492
1972-05-03,23.963848755714203
1972-05-04,23.959887470608937
1972-05-05,24.061630202322654
1972-05-08,23.95665682137825
1972-05-09,23.642989482966158
1972-05-10,23.806830170611157
1972-05-11,23.855389669219942
1972-05-12,24.020392955102324
1972-05-15,24.160959847879116
1972-05-16,24.09102468178344
1972-05-17,24.108013711128518
1972-05-18,24.372019355128394
1972-05-19,24.621506326591383
1972-05-22,24.75885829081214
1972-05-23,24.842690578097223
1972-05-24,24.972727826852218
1972-05-25,25.002517542341252
1972-05-26,24.999661238159955
1972-05-30,24.95789432802454
1972-05-31,24.767759199234053
1972-06-01,24.82499030884164
1972-06-02,24.9096801707568
1972-06-05,24.718805824201088
1972-06-06,24.67567043747207
1972-06-07,24.551060021108125
1972-06-08,24.495228976509882
1972-06-09,24.377140778613168
1972-06-12,24.354820666174863
1972-06-13,24.388373246800974
1972-06-14,24.56360413712301
1972-06-15,24.514255311227814
1972-06-16,24.45427606518912
1972-06-19,24.42046910245042
1972-06-20,24.558061756831382
1972-06-21,24.572721660331467
1972-06-22,24.533545015381645
1972-06-23,24.47184693284964
1972-06-26,24.352169572389048
1972-06-27,24.311373574094596
1972-06-28,24.23265980690789
1972-06-29,24.149738807983944
1972-06-30,24.234599894440507
1972-07-03,24.286724548278194
1972-07-05,24.447156062817196
1972-07-06,24.689177624311487
1972-07-07,24.597808856216666
1972-07-10,24.44856204486482
1972-07-11,24.30607668047993
1972-07-12,24.176161885815876
1972-07-13,24.057464332131556
1972-07-14,24.15650045383751
1972-07-17,23.89069455908033
1972-07-18,23.817400623780802
1972-07-19,23.88139596228125
1972-07-20,23.819978187984294
1972-07-21,23.96704943972576
1972-07-24,24.24280522421597
1972-07-25,24.277813653349266
1972-07-26,24.31256547054952
1972-07-27,24.26298368648452
1972-07-28,24.276723812957563
1972-07-31,24.28782652672818
1972-08-01,24.553185611480266
1972-08-02,24.790476601326986
1972-08-03,24.976976306771192
1972-08-04,25.058712692555183
1972-08-07,25.115446460195127
1972-08-08,25.12289062567578
1972-08-09,25.118802925937338
1972-08-10,25.225464034329335
1972-08-11,25.39242205064907
1972-08-14,25.544941347535143
1972-08-15,25.40570981785266
1972-08-16,25.299617192627355
1972-08-17,25.210230391275747
1972-08-18,25.272573780899044
1972-08-21,25.127729219859933
1972-08-22,25.108281142821376
1972-08-23,25.029284677218005
1972-08-24,24.784961882183424
1972-08-25,24.716554469082194
1972-08-28,24.597949104902117
1972-08-29,24.611793451226948
1972-08-30,24.648800371632763
1972-08-31,24.76125900465523
1972-09-01,24.90835671068638
1972-09-05,24.867132725202723
1972-09-06,24.693500828080367
1972-09-07,24.623853696197404
1972-09-08,24.58525318879498
1972-09-11,24.39926392125417
1972-09-12,24.129391829241076
1972-09-13,24.222461299829526
1972-09-14,24.252882426114304
1972-09-15,24.200123228944758
1972-09-18,24.106367364733433
1972-09-19,24.06996091921119
1972-09-20,24.07167012230412
1972-09-21,24.036727297331353
1972-09-22,23.998027222932954
1972-09-25,23.828341635267414
1972-09-26,23.85669432814068
1972-09-27,24.196459983060297
1972-09-28,24.345899928957273
1972-09-29,24.388655442004207
1972-10-02,24.27124814801569
1972-10-03,24.29187548703625
1972-10-04,24.214165521619943
1972-10-05,23.895878799021435
1972-10-06,24.074588844842044
1972-10-09,24.152027849991885
1972-10-10,24.220704607181958
1972-10-11,24.131221301227896
1972-10-12,23.964204746999876
1972-10-13,23.85019392443281
1972-10-16,23.615166041789873
1972-10-17,23.764217334868146
1972-10-18,23.914416190828206
1972-10-19,23.899865631333522
1972-10-20,24.1414424253226
1972-10-23,24.353330296824417
1972-10-24,24.46917944810931
1972-10-25,24.465002906936956
1972-10-26,24.552137738593583
1972-10-27,24.464521822727768
1972-10-30,24.47312246628215
1972-10-31,24.729767171245044
1972-11-01,25.024728137187736
1972-11-02,25.11161994490127
1972-11-03,25.295043313668995
1972-11-06,25.228551074551657
1972-11-08,25.042680048086304
1972-11-09,25.072872348880345
1972-11-10,25.074181590441235
1972-11-13,25.069844721466392
1972-11-14,25.290497367713517
1972-11-15,25.165751328930053
1972-11-16,25.25200689140277
1972-11-17,25.32240284017024
1972-11-20,25.33697248355204
1972-11-21,25.38842773734759
1972-11-22,25.56355255900443
1972-11-24,25.631661509327834
1972-11-27,25.51763979310786
1972-11-28,25.500224133061526
1972-11-29,25.514578434399084
1972-11-30,25.514248802124616
1972-12-01,25.715708395872788
1972-12-04,25.81961551297638
1972-12-05,25.762962457567728
1972-12-06,25.89105253104683
1972-12-07,26.03803648447776
1972-12-08,26.10415423722907
1972-12-11,26.17364499437087
1972-12-12,26.110195468941424
1972-12-13,26.080893565076607
1972-12-14,26.017442790420535
1972-12-15,26.0291420342356
1972-12-18,25.72297381109858
1972-12-19,25.63273860764879
1972-12-20,25.566521463773324
1972-12-21,25.44380870418454
1972-12-22,25.62042536725627
1972-12-26,25.708596235284872
1972-12-27,25.777683008574844
1972-12-29,26.04337376212318
1973-01-02,26.250808590113426
1973-01-03,26.44212088260403
1973-01-04,26.346818929731633
1973-01-05,26.44497933408079
1973-01-08,26.474738954470734
1973-01-09,26.478727426388705
1973-01-10,26.52659160139749
1973-01-11,26.730136338371878
1973-01-12,26.561666964594824
1973-01-15,26.378433341966282
1973-01-16,26.310220179730347
1973-01-17,26.43426140603128
1973-01-18,26.525528090859144
1973-01-19,26.49970095395699
1973-01-22,26.42725824926092
1973-01-23,26.448467761215067
1973-01-24,26.192963721949578
1973-01-26,26.083834804574888
1973-01-29,25.947724662194872
1973-01-30,25.936165151226174
1973-01-31,26.01323619471553
1973-02-01,25.763551559679815
1973-02-02,25.636299401059937
1973-02-05,25.660926292006323
1973-02-06,25.77657638689862
1973-02-07,25.581365170550804
1973-02-08,25.42182201843894
1973-02-09,25.77876133103911
1973-02-12,26.066336495894724
1973-02-13,26.190975471245167
1973-02-14,25.817809018169186
1973-02-15,25.639717413461202
1973-02-16,25.767712289907728
1973-02-20,25.797015305790985
1973-02-21,25.651455810689434
1973-02-22,25.6427893214984
1973-02-23,25.497953319055984
1973-02-26,25.245904899103557
1973-02-27,25.03581195377944
1973-02-28,25.11977340405905
1973-03-01,24.983271964818165
1973-03-02,25.165617415286544
1973-03-05,25.250251361669907
1973-03-06,25.62253972140183
1973-03-07,25.67902137567691
1973-03-08,25.68139130880056
1973-03-09,25.575894020626908
1973-03-12,25.63770850217355
1973-03-13,25.79949760240322
1973-03-14,25.92577604072487
1973-03-15,25.856405798462838
1973-03-16,25.73124309914594
1973-03-19,25.422843523035148
1973-03-20,25.407525350855035
1973-03-21,25.188790599180795
1973-03-22,24.76537000848088
1973-03-23,24.801058608083963
1973-03-26,25.032668559380298
1973-03-27,25.400594269686145
1973-03-28,25.432235822288707
1973-03-29,25.672919902268852
1973-03-30,25.38687298966726
1973-04-02,25.0512691206019
1973-04-03,24.873063015402874
1973-04-04,24.75841570609333
1973-04-05,24.660612440022966
1973-04-06,24.847891170897665
1973-04-09,25.17106794461187
1973-04-10,25.55300771772339
1973-04-11,25.70101887686048
1973-04-12,25.72424257781932
1973-04-13,25.674571203184264
1973-04-16,25.579052190081573
1973-04-17,25.53098543171119
1973-04-18,25.69322172498468
1973-04-19,25.919435129867004
1973-04-23,25.781491357859082
1973-04-24,25.501159118297448
1973-04-25,25.226636725490923
1973-04-26,25.293621011241576
1973-04-27,24.884738116448087
1973-04-30,24.81891590518724
1973-05-01,24.82230228182877
1973-05-02,25.130307811899755
1973-05-03,25.544874354503186
1973-05-04,25.650998354961896
1973-05-07,25.65181418052727
1973-05-08,25.78032522419516
1973-05-09,25.636970718650932
1973-05-10,25.461671824475783
1973-05-11,25.203198977324604
1973-05-14,24.714768355173067
1973-05-15,24.8746612554897
1973-05-16,24.906603189759863
1973-05-17,24.772242342034993
1973-05-18,24.356784605262305
1973-05-21,23.98942215145273
1973-05-22,24.161274200023417
1973-05-23,24.305856166624565
1973-05-24,24.935902764671717
1973-05-25,25.107890238396724
1973-05-29,25.062540156935007
1973-05-30,24.72388253899673
1973-05-31,24.499591711082747
1973-06-01,24.240714399413644
1973-06-04,23.994543457590755
1973-06-05,24.268582208284897
1973-06-06,24.22906616530085
1973-06-07,24.517181530468562
1973-06-08,24.834167232008244
1973-06-11,24.7855880533803
1973-06-12,25.053367280921428
1973-06-13,24.89225639256503
1973-06-14,24.760107952739467
1973-06-15,24.54859451103672
1973-06-18,24.304771868549796
1973-06-19,24.301963773976336
1973-06-20,24.349530889289397
1973-06-21,24.143865268466033
1973-06-22,24.238126625100186
1973-06-25,24.018511353157542
1973-06-26,24.16894081363585
1973-06-27,24.269830594089814
1973-06-28,24.424190892153053
1973-06-29,24.33892487090776
1973-07-02,24.16741976385533
1973-07-03,24.028957117525298
1973-07-05,24.020392926584904
1973-07-06,23.941156739446967
1973-07-09,24.031340932498658
1973-07-10,24.21109451446435
1973-07-11,24.543637453846003
1973-07-12,24.493893617395933
1973-07-13,24.20182999616194
1973-07-16,24.38224594262879
1973-07-17,24.466230960773615
1973-07-18,24.553966644637846
1973-07-19,24.49225859086072
1973-07-20,24.613273262030212
1973-07-23,24.694092982518228
1973-07-24,24.784100896347358
1973-07-25,24.977836568848115
1973-07-26,25.0013674447299
1973-07-27,24.940680870885206
1973-07-30,24.817471735737165
1973-07-31,24.656577608204465
1973-08-01,24.404569597719075
1973-08-02,24.271409976339356
1973-08-03,24.24183526388991
1973-08-06,24.17980809406278
1973-08-07,24.200053018001082
1973-08-08,24.019766433110608
1973-08-09,24.024111039414457
1973-08-10,23.87098701371846
1973-08-13,23.647083823256683
1973-08-14,23.420870845833416
1973-08-15,23.40880230639421
1973-08-16,23.346746560819536
1973-08-17,23.363921412131546
1973-08-20,23.271794209386712
1973-08-21,23.156032806672492
1973-08-22,23.03892466744249
1973-08-23,23.28010537183397
1973-08-24,23.235490714921255
1973-08-27,23.349658742819223
1973-08-28,23.43123264980244
1973-08-29,23.716896915747277
1973-08-30,23.711338330624585
1973-08-31,23.804601909672936
1973-09-04,23.903102492814323
1973-09-05,24.067183945428173
1973-09-06,24.17776328372338
1973-09-07,24.063921532792094
1973-09-10,23.815275431864613
1973-09-11,23.766118460296646
1973-09-12,23.733398397924333
1973-09-13,23.819269939039728
1973-09-14,24.00983505518676
1973-09-17,24.088103449953728
1973-09-18,24.117123119109266
1973-09-19,24.620418387412155
1973-09-20,24.896737912026964
1973-09-21,25.004045917756077
1973-09-24,25.079600019536176
1973-09-25,25.140504394118484
1973-09-26,25.296771974607505
1973-09-27,25.42602777815312
1973-09-28,25.33376485327291
1973-10-01,25.209754293273196
1973-10-02,25.296736954716955
1973-10-03,25.407725937010397
1973-10-04,25.269927474363072
1973-10-05,25.62228390571904
1973-10-08,25.72476380062586
1973-10-09,25.58313729466374
1973-10-10,25.3293635417687
1973-10-11,25.77040820781664
1973-10-12,25.96210610601505
1973-10-15,25.616814449875104
1973-10-16,25.646110048273254
1973-10-17,25.606486113430126
1973-10-18,25.643509594489288
1973-10-19,25.741194434642214
1973-10-22,25.61208807144458
1973-10-23,25.682354798380995
1973-10-24,25.79703926105694
1973-10-25,25.931096493322624
1973-10-26,26.187617698938425
1973-10-29,26.16514282797393
1973-10-30,25.719240596425486
1973-10-31,25.453171842125908
1973-11-01,25.331563905397843
1973-11-02,25.214391975938405
1973-11-05,24.855400451824966
1973-11-06,24.73115672370047
1973-11-07,24.901501576105186
1973-11-08,25.173706719243985
1973-11-09,24.75158145420169
1973-11-12,24.535989676928146
1973-11-13,24.564745570062133
1973-11-14,24.10546705485198
1973-11-15,24.171866787636603
1973-11-16,24.46146415867684
1973-11-19,23.73206756173512
1973-11-20,23.241203500489586
1973-11-21,23.582834661910514
1973-11-23,23.64264560661491
1973-11-26,23.01542662998934
1973-11-27,22.88348483537472
1973-11-28,23.26877262653969
1973-11-29,23.197357000685734
1973-11-30,22.932975807467244
1973-12-03,22.52464499449852
1973-12-04,22.546348832090807
1973-12-05,22.150823051345398
1973-12-06,22.656955129564174
1973-12-07,23.168066810584303
1973-12-10,23.5431412281146
1973-12-11,23.106418720685657
1973-12-12,22.365676770706834
1973-12-13,21.920818185298447
1973-12-14,22.196678423432356
1973-12-17,22.084403118709197
1973-12-18,22.598360343898815
1973-12-19,22.586663328470813
1973-12-20,22.497560748591706
1973-12-21,22.255037579530445
1973-12-24,22.04713459838263
1973-12-26,22.74539025647682
1973-12-27,23.238455464220127
1973-12-28,23.27550973741763
1973-12-31,23.371896107094532
1974-01-02,23.41049222980046
1974-01-03,23.979135815667817
1974-01-04,23.78095138099919
1974-01-07,23.575799022714055
1974-01-08,23.101879394908938
1974-01-09,22.49112065647628
1974-01-10,22.20973607578619
1974-01-11,22.390694184537743
1974-01-14,22.28883346628082
1974-01-15,22.530278488917215
1974-01-16,22.84463584730556
1974-01-17,23.099265289307798
1974-01-18,22.716146534986102
1974-01-21,22.634525497122862
1974-01-22,22.88275139278518
1974-01-23,22.963422416692566
1974-01-24,22.958612326725078
1974-01-25,22.969070173076414
1974-01-28,22.861880368296212
1974-01-29,22.805822688975145
1974-01-30,23.054114260418125
1974-01-31,22.941957149991808
1974-02-01,22.71926358875729
1974-02-04,22.27738272244677
1974-02-05,22.22295275234976
1974-02-06,22.28568993023787
1974-02-07,22.302956635703353
1974-02-08,22.147123877580253
1974-02-11,21.808518779297913
1974-02-12,21.81676642019699
1974-02-13,21.834141625140887
1974-02-14,21.8379702436168
1974-02-15,22.109592069729008
1974-02-19,22.09368279097194
1974-02-20,22.36759611702942
1974-02-21,22.656138597422117
1974-02-22,22.915696650265886
1974-02-25,22.824350166603075
1974-02-26,23.00626022194443
1974-02-27,23.114352325965218
1974-02-28,23.074505757864078
1974-03-01,22.941359857290063
1974-03-04,22.932418177718404
1974-03-05,23.325559000213985
1974-03-06,23.413774285297844
1974-03-07,23.216062423691703
1974-03-08,23.35154715369933
1974-03-11,23.533525139848322
1974-03-12,23.52808939141855
1974-03-13,23.619957926592292
1974-03-14,23.643046714949108
1974-03-15,23.5906054521815
1974-03-18,23.299937993170722
1974-03-19,23.07744334347125
1974-03-20,23.09027972081601
1974-03-21,23.02024247946339
1974-03-22,22.95476442386866
1974-03-25,22.972598512212727
1974-03-26,23.02397675842621
1974-03-27,22.749595724922468
1974-03-28,22.406923405416507
1974-03-29,22.284874113394086
1974-04-01,22.080885841476068
1974-04-02,22.040731288946535
1974-04-03,22.107221533711343
1974-04-04,22.08501008635933
1974-04-05,21.82001988320644
1974-04-08,21.640630767894127
1974-04-09,21.700017035619844
1974-04-10,21.682056301288522
1974-04-11,21.58818983491632
1974-04-15,21.485327256838417
1974-04-16,21.71409176988099
1974-04-17,21.87064575815209
1974-04-18,21.96902541107279
1974-04-19,21.81145709034273
1974-04-22,21.729113124052045
1974-04-23,21.275491838916725
1974-04-24,20.91155631278711
1974-04-25,20.63670415784948
1974-04-26,20.69344558706179
1974-04-29,20.623420750564012
1974-04-30,20.615638677126295
1974-05-01,21.031084760388595
1974-05-02,21.02358184934336
1974-05-03,20.854879440864263
1974-05-06,20.771006400803813
1974-05-07,20.740593351559912
1974-05-08,20.696601694696444
1974-05-09,20.86120252855863
1974-05-10,20.47295507918359
1974-05-13,20.304650065519933
1974-05-14,20.31717047973041
1974-05-15,20.247942540134993
1974-05-16,20.113871039159392
1974-05-17,19.737951835756103
1974-05-20,19.59457406736145
1974-05-21,19.647264342229608
1974-05-22,19.434097992321828
1974-05-23,19.413648685751298
1974-05-24,19.63754780687844
1974-05-28,19.576356805123865
1974-05-29,19.298215498960193
1974-05-30,19.395002273928004
1974-05-31,19.38286850381854
1974-06-03,19.737684194558504
1974-06-04,19.985634283616925
1974-06-05,20.010029459943183
1974-06-06,20.38984003941774
1974-06-07,20.56418474933183
1974-06-10,20.708745151026484
1974-06-11,20.548624302188976
1974-06-12,20.455555217201038
1974-06-13,20.487048034455402
1974-06-14,20.352143611945827
1974-06-17,20.081289027732197
1974-06-18,19.990045528813702
1974-06-19,19.838049873671874
1974-06-20,19.725608921076386
1974-06-21,19.60133968458902
1974-06-24,19.66666810151683
1974-06-25,19.926451775231325
1974-06-26,19.674158061768484
1974-06-27,19.416234455181602
1974-06-28,19.36071798252958
1974-07-01,19.32433825071407
1974-07-02,18.92955395319303
1974-07-03,18.911949247817596
1974-07-05,18.80646345443808
1974-07-08,18.16273948416585
1974-07-09,18.291194815422646
1974-07-10,17.8964029939927
1974-07-11,17.785473345437588
1974-07-12,18.484884424683344
1974-07-15,18.597936806997883
1974-07-16,18.426516791027954
1974-07-17,18.586535036526794
1974-07-18,18.66022306877585
1974-07-19,18.596817077036977
1974-07-22,18.616279652689787
1974-07-23,18.76379388795238
1974-07-24,18.807616670375378
1974-07-25,18.61331574917733
1974-07-26,18.342181138677567
1974-07-29,18.00849770685835
1974-07-30,17.954878444925882
1974-07-31,17.69852466284129
1974-08-01,17.532057202580642
1974-08-02,17.440898825542654
1974-08-05,17.598698409824046
1974-08-06,17.918391460238603
1974-08-07,18.31313441316552
1974-08-08,18.190139494097266
1974-08-09,18.046333561828597
1974-08-12,17.853571947319136
1974-08-13,17.62638094733473
1974-08-14,17.227305540680305
1974-08-15,17.138053747479816
1974-08-16,17.00015094357042
1974-08-19,16.786081380440248
1974-08-20,16.828436691563642
1974-08-21,16.613178062166718
1974-08-22,16.58509681098028
1974-08-23,16.409651278940252
1974-08-26,16.464716273520526
1974-08-27,16.19740672913828
1974-08-28,16.112598454671325
1974-08-29,15.860283013632218
1974-08-30,16.293978011030866
1974-09-03,16.011461432684637
1974-09-04,15.641971579299057
1974-09-05,16.130029700057918
1974-09-06,16.245880141498887
1974-09-09,15.967642157554891
1974-09-10,15.884444003559924
1974-09-11,15.762230911660993
1974-09-12,15.436639249398574
1974-09-13,15.141009265522028
1974-09-16,15.284745480376868
1974-09-17,15.529331115725153
1974-09-18,15.531453584186076
1974-09-19,16.06045379157732
1974-09-20,16.00635863388288
1974-09-23,15.899940799323039
1974-09-24,15.69434498579699
1974-09-25,15.64855368192753
1974-09-26,15.46124884479021
1974-09-27,15.170728133278981
1974-09-30,14.796142472892434
1974-10-01,14.65928294825396
1974-10-02,14.634256351492864
1974-10-03,14.378494284692737
1974-10-04,14.467961211006342
1974-10-07,15.019645187627251
1974-10-08,15.06986699847619
1974-10-09,15.686836425503584
1974-10-10,16.190505664801286
1974-10-11,16.571209623108796
1974-10-14,16.97799971960483
1974-10-15,16.774916750129638
1974-10-16,16.588915056891278
1974-10-17,16.793842484121175
1974-10-18,17.061732266320043
1974-10-21,17.349951929043822
1974-10-22,17.37731323445643
1974-10-23,16.898952259908015
1974-10-24,16.729922242751936
1974-10-25,16.740686669416288
1974-10-28,16.761320787296622
1974-10-29,17.382107818900497
1974-10-30,17.767137144415223
1974-10-31,17.6960716157612
1974-11-01,17.689770504511422
1974-11-04,17.51323462766989
1974-11-05,17.85217957930102
1974-11-06,17.870328003949325
1974-11-07,17.99771156326278
1974-11-08,18.00775757439349
1974-11-11,18.047876270568622
1974-11-12,17.788880854074087
1974-11-13,17.68768659491468
1974-11-14,17.686027583983936
1974-11-15,17.52419634623983
1974-11-18,17.01421773476527
1974-11-19,16.730175892564713
1974-11-20,16.644661698846836
1974-11-21,16.511698747915172
1974-11-22,16.696720900671508
1974-11-25,16.674832616302563
1974-11-26,16.812184271111906
1974-11-27,16.951934947179122
1974-11-29,16.958384825086494
1974-12-02,16.59246655145318
1974-12-03,16.40953400880025
1974-12-04,16.45859832853621
1974-12-05,16.258821753420364
1974-12-06,15.978710597008138
1974-12-09,16.09683194449408
1974-12-10,16.513328390543975
1974-12-11,16.592210390807278
1974-12-12,16.54443149746733
1974-12-13,16.505933515129687
1974-12-16,16.402533629020883
1974-12-17,16.571740200667108
1974-12-18,16.63162523033006
1974-12-19,16.61921795325579
1974-12-20,16.47935719385812
1974-12-23,16.26710089555558
1974-12-24,16.501549240958603
1974-12-26,16.614769967381104
1974-12-27,16.568097421598555
1974-12-30,16.543568230906075
1974-12-31,16.890713147299387
1975-01-02,17.41669275286813
1975-01-03,17.57222997528008
1975-01-06,17.739401431420003
1975-01-07,17.649505693796538
1975-01-08,17.39580402110345
1975-01-09,17.544738965977313
1975-01-10,17.869320988264388
1975-01-13,17.767177810407755
1975-01-14,17.662424990190253
1975-01-15,17.730496983495048
1975-01-16,17.685164374264108
1975-01-17,17.485314940233184
1975-01-20,17.45947318909183
1975-01-21,17.425673454485224
1975-01-22,17.596653449152942
1975-01-23,17.670788425465666
1975-01-24,17.884444475566006
1975-01-27,18.451645242908988
1975-01-28,18.484719297133534
1975-01-29,18.6264330322606
1975-01-30,18.485658272737876
1975-01-31,18.61026775381308
1975-02-03,18.827129994989402
1975-02-04,18.86966607424499
1975-02-05,19.169776871759403
1975-02-06,19.100090368024176
1975-02-07,19.188411404884818
1975-02-10,19.155267931778567
1975-02-11,19.16660902922229
1975-02-12,19.4971278801262
1975-02-13,19.70911323493438
1975-02-14,19.82164792006463
1975-02-18,19.738950074403743
1975-02-19,19.825015857348987
1975-02-20,20.099322339700624
1975-02-21,20.134883332694265
1975-02-24,19.875712671998965
1975-02-25,19.509680512985007
1975-02-26,19.69335320901707
1975-02-27,19.836519556685065
1975-02-28,19.982404807405235
1975-03-03,20.275616643187405
1975-03-04,20.471204050849437
1975-03-05,20.26449080216938
1975-03-06,20.374553229195854
1975-03-07,20.432266151740723
1975-03-10,20.50169121225584
1975-03-11,20.43124429810902
1975-03-12,20.307750715790686
1975-03-13,20.330095179368794
1975-03-14,20.557187649020243
1975-03-17,20.693299228962633
1975-03-18,20.54372191328068
1975-03-19,20.300191343679757
1975-03-20,20.050649734364892
1975-03-21,19.995170946620632
1975-03-24,19.62583236664801
1975-03-25,19.780543226848547
1975-03-26,20.097204744612334
1975-03-27,20.222526293329768
1975-03-31,20.1255209858298
1975-04-01,19.983002487909182
1975-04-02,19.96604471451083
1975-04-03,19.830172808448655
1975-04-04,19.71323358857567
1975-04-07,19.60857646773639
1975-04-08,19.699306790233464
1975-04-09,20.063503699170194
1975-04-10,20.2344859211976
1975-04-11,20.360699017337687
1975-04-14,20.57546204363147
1975-04-15,20.64199798210013
1975-04-16,20.66059417109329
1975-04-17,20.823509952446518
1975-04-18,20.67327220575276
1975-04-21,20.842518590542557
1975-04-22,20.796674971242208
1975-04-23,20.620690549336445
1975-04-24,20.63501962335008
1975-04-25,20.72569725486149
1975-04-28,20.711854456675088
1975-04-29,20.62978479046242
1975-04-30,20.948714975867563
1975-05-01,21.165409572732145
1975-05-02,21.41817815567272
1975-05-05,21.602787536067463
1975-05-06,21.393557933111154
1975-05-07,21.484716588778454
1975-05-08,21.644557792396494
1975-05-09,21.898202550481574
1975-05-12,21.944874870842142
1975-05-13,22.089120974083247
1975-05-14,22.20182322222277
1975-05-15,22.103274735894004
1975-05-16,21.839621456427512
1975-05-19,21.79223743078141
1975-05-20,21.75063892670644
1975-05-21,21.508916579348856
1975-05-22,21.611380482584583
1975-05-23,21.846290314072213
1975-05-27,21.8206531550364
1975-05-28,21.66129803655751
1975-05-29,21.66812618337686
1975-05-30,21.999193620974932
1975-06-02,22.319401428099432
1975-06-03,22.429321449625945
1975-06-04,22.465397699925596
1975-06-05,22.481873987970957
1975-06-06,22.457625292058076
1975-06-09,22.225370843586447
1975-06-10,22.081943909688686
1975-06-11,22.126382844660974
1975-06-12,22.058961910420532
1975-06-13,22.19154098765787
1975-06-16,22.41171578633288
1975-06-17,22.301455739535445
1975-06-18,22.28309787610069
1975-06-19,22.747144044817464
1975-06-20,22.960107169479805
1975-06-23,23.182508141253027
1975-06-24,23.322008317104107
1975-06-25,23.347081985646668
1975-06-26,23.34068979252458
1975-06-27,23.28734377829782
1975-06-30,23.347170443861344
1975-07-01,23.3315075148735
1975-07-02,23.152254856194563
1975-07-03,23.210100764952763
1975-07-07,23.02849387532334
1975-07-08,22.957775727777626
1975-07-09,23.26379063794
1975-07-10,23.362060701963703
1975-07-11,23.45212128228441
1975-07-14,23.573855422891388
1975-07-15,23.711689507825398
1975-07-16,23.521845831920853
1975-07-17,23.353753199200717
1975-07-18,23.293348867679974
1975-07-21,23.212924590763787
1975-07-22,22.919924842474522
1975-07-23,22.597051803573127
1975-07-24,22.46991316781314
1975-07-25,22.345043193702583
1975-07-28,22.184628080881108
1975-07-29,22.061516841356813
1975-07-30,22.156042133692434
1975-07-31,22.184764774429603
1975-08-01,22.008704581845997
1975-08-04,21.77777683269571
1975-08-05,21.56385547844956
1975-08-06,21.527172811285713
1975-08-07,21.4927667573873
1975-08-08,21.434761787980317
1975-08-11,21.47289924644964
1975-08-12,21.64711885910899
1975-08-13,21.453988095457014
1975-08-14,21.316992880624667
1975-08-15,21.476593890280363
1975-08-18,21.445990280521016
1975-08-19,21.158869691065185
1975-08-20,20.77817265739819
1975-08-21,20.725312910512155
1975-08-22,20.94091517488036
1975-08-25,21.12217321846391
1975-08-26,20.932079880292896
1975-08-27,21.009365658214133
1975-08-28,21.431770195216952
1975-08-29,21.626881538121257
1975-09-02,21.33975246907228
1975-09-03,21.371855335604426
1975-09-04,21.384038537235224
1975-09-05,21.283560698232442
1975-09-08,21.310681035273515
1975-09-09,21.14005867445762
1975-09-10,20.939652884394185
1975-09-11,20.891498861754982
1975-09-12,20.866749383218018
1975-09-15,20.753564074174133
1975-09-16,20.584248035039995
1975-09-17,20.60273831962386
1975-09-18,20.879209804172792
1975-09-19,21.33981169352703
1975-09-22,21.2624356405342
1975-09-23,21.27243425360681
1975-09-24,21.491063224072345
1975-09-25,21.46237359004433
1975-09-26,21.520830432816602
1975-09-29,21.34718482750657
1975-09-30,21.096918048069448
1975-10-01,20.87619420419133
1975-10-02,20.98085362929143
1975-10-03,21.44588831437782
1975-10-06,21.628854339285947
1975-10-07,21.631913586266382
1975-10-08,21.927465031146102
1975-10-09,22.100111040264956
1975-10-10,22.060519158315472
1975-10-13,22.3232372820082
1975-10-14,22.34392812230174
1975-10-15,22.28919612820872
1975-10-16,22.388662710219645
1975-10-17,22.269049558187458
1975-10-20,22.471479903327705
1975-10-21,22.666879095669664
1975-10-22,22.736012817358933
1975-10-23,22.87418768568825
1975-10-24,22.592421002025567
1975-10-27,22.586718787476244
1975-10-28,22.75695060605329
1975-10-29,22.476611550060895
1975-10-30,22.458422406770598
1975-10-31,22.38689951672888
1975-11-03,22.162765853965993
1975-11-04,22.245284321832766
1975-11-05,22.504557441699223
1975-11-06,22.738693336413927
1975-11-07,22.78123170802164
1975-11-10,22.73388335949808
1975-11-11,22.914920260712428
1975-11-12,23.21200223779055
1975-11-13,23.181253455262258
1975-11-14,23.153299400589933
1975-11-17,23.300723776530592
1975-11-18,23.267519085620073
1975-11-19,22.985187701157987
1975-11-20,22.906650196660934
1975-11-21,22.87637032277498
1975-11-24,22.938314356821643
1975-11-25,23.118604371426773
1975-11-26,23.135415329488744
1975-11-28,23.19059606873583
1975-12-01,23.07621588549479
1975-12-02,22.75093009679243
1975-12-03,22.20797003901375
1975-12-04,22.230904637757096
1975-12-05,22.00218378731024
1975-12-08,22.06509760700498
1975-12-09,22.087540212204928
1975-12-10,22.31944673064152
1975-12-11,22.30622239688304
1975-12-12,22.34069716833059
1975-12-15,22.437637777828957
1975-12-16,22.601199385901733
1975-12-17,22.650040568323924
1975-12-18,22.74898065377913
1975-12-19,22.60866188916232
1975-12-22,22.487640974129953
1975-12-23,22.62297153892264
1975-12-24,22.768545920974116
1975-12-26,22.98058888618436
1975-12-29,22.900507652689733
1975-12-30,22.820428567715936
1975-12-31,22.953454415018175
1976-01-02,23.116277522830334
1976-01-05,23.575777013711082
1976-01-06,23.83538248927547
1976-01-07,23.96194308151922
1976-01-08,24.132118379537303
1976-01-09,24.25524899392909
1976-01-12,24.605091765059356
1976-01-13,24.375604190155734
1976-01-14,24.779375559732742
1976-01-15,24.667399729035722
1976-01-16,24.778453471323083
1976-01-19,25.130426653632618
1976-01-20,25.28451452081357
1976-01-21,25.15329297755694
1976-01-22,25.10866907279037
1976-01-23,25.394094847371377
1976-01-26,25.473385026217688
1976-01-27,25.237296987894087
1976-01-28,25.060964219606067
1976-01-29,25.463712556272508
1976-01-30,25.651528254372902
1976-02-02,25.668499927106563
1976-02-03,25.647595653354564
1976-02-04,25.77514955792153
1976-02-05,25.43306306890671
1976-02-06,25.282348880654748
1976-02-09,25.3721779263565
1976-02-10,25.61738254109207
1976-02-11,25.705655086521283
1976-02-12,25.6232775484039
1976-02-13,25.526878584996997
1976-02-17,25.44240401194043
1976-02-18,25.677326702968088
1976-02-19,26.119885042926178
1976-02-20,26.334140774081014
1976-02-23,26.247607216025063
1976-02-24,26.427311294569332
1976-02-25,26.467415978556563
1976-02-26,26.136208410365484
1976-02-27,25.99975074716383
1976-03-01,26.04819003671133
1976-03-02,26.21063896727282
1976-03-03,26.13303442550563
1976-03-04,25.878966632980404
1976-03-05,25.946988275511377
1976-03-08,26.230637508579765
1976-03-09,26.30915943066674
1976-03-10,26.42589629683646
1976-03-11,26.625517435173826
1976-03-12,26.39919485175763
1976-03-15,26.121638295149342
1976-03-16,26.344896564676656
1976-03-17,26.38462705611094
1976-03-18,26.23991435516398
1976-03-19,26.26491022865472
1976-03-22,26.293754449863442
1976-03-23,26.519408345056597
1976-03-24,26.810211693242938
1976-03-25,26.673780301014634
1976-03-26,26.70576469685956
1976-03-29,26.57072014437935
1976-03-30,26.476041897037714
1976-03-31,26.61044349553109
1976-04-01,26.488584387240813
1976-04-02,26.48001901862206
1976-04-05,26.837262678147802
1976-04-06,26.794481917671494
1976-04-07,26.51568164760133
1976-04-08,26.298437179554135
1976-04-09,26.102243155284526
1976-04-12,26.02503872589106
1976-04-13,26.233948065049834
1976-04-14,26.028299703170074
1976-04-15,26.133521078905993
1976-04-19,26.29530686081673
1976-04-20,26.612890486329217
1976-04-21,26.70064238078388
1976-04-22,26.66645105149636
1976-04-23,26.50674930552035
1976-04-26,26.55238218861986
1976-04-27,26.370591480790484
1976-04-28,26.436145812227434
1976-04-29,26.417825801892608
1976-04-30,26.314436582551938
1976-05-03,26.07118275353536
1976-05-04,26.219281699434212
1976-05-05,26.050074684931865
1976-05-06,26.115066881441575
1976-05-07,26.277549162280163
1976-05-10,26.62715158172682
1976-05-11,26.543255943667226
1976-05-12,26.514652724329945
1976-05-13,26.352264995552012
1976-05-14,26.12007182379961
1976-05-17,26.025475673119423
1976-05-18,26.057809180732267
1976-05-19,26.019090657404853
1976-05-20,26.150346220316845
1976-05-21,25.951833138271382
1976-05-24,25.52089870275057
1976-05-25,25.48622477351051
1976-05-26,25.453410699499816
1976-05-27,25.50040539664773
1976-05-28,25.691136943258062
1976-06-01,25.583977936551243
1976-06-02,25.694359143813188
1976-06-03,25.65683839104199
1976-06-04,25.51379657213669
1976-06-07,25.370741786888708
1976-06-08,25.43338743865827
1976-06-09,25.389614094514734
1976-06-10,25.580610830839692
1976-06-11,25.826326944221226
1976-06-14,26.07521172814648
1976-06-15,25.953302364873725
1976-06-16,26.03685126334836
1976-06-17,26.423189227141048
1976-06-18,26.440972854555714
1976-06-21,26.463213654207856
1976-06-22,26.329344571725752
1976-06-23,26.23465703936976
1976-06-24,26.43368595143882
1976-06-25,26.446215586809288
1976-06-28,26.37458527872581
1976-06-29,26.465255701502556
1976-06-30,26.58065808188079
1976-07-01,26.55960749400731
1976-07-02,26.647563143085492
1976-07-06,26.456131178272162
1976-07-07,26.555978758634893
1976-07-08,26.610649948903916
1976-07-09,26.849341519628616
1976-07-12,27.090035656213534
1976-07-13,27.029853077224512
1976-07-14,27.1044814067207
1976-07-15,26.96058112737939
1976-07-16,26.804011363289916
1976-07-19,26.671418155867737
1976-07-20,26.521449899247063
1976-07-21,26.495717763456724
1976-07-22,26.568701094546334
1976-07-23,26.576035082510522
1976-07-26,26.637609354814998
1976-07-27,26.501814078770963
1976-07-28,26.37472294626941
1976-07-29,26.305832599297716
1976-07-30,26.437577529421006
1976-08-02,26.46674324041603
1976-08-03,26.81971255784751
1976-08-04,26.84405517553256
1976-08-05,26.720464253101873
1976-08-06,26.803372205942683
1976-08-09,26.752216897158068
1976-08-10,26.99396481953955
1976-08-11,26.853381515648493
1976-08-12,26.893441333456234
1976-08-13,26.911035140224584
1976-08-16,27.039820690937148
1976-08-17,27.03871691178317
1976-08-18,26.948736801734917
1976-08-19,26.65241833461358
1976-08-20,26.4117566021452
1976-08-23,26.324443592765864
1976-08-24,26.075441065751352
1976-08-25,26.37234678615062
1976-08-26,26.152783538629304
1976-08-27,26.214564497531253
1976-08-30,26.392441899129704
1976-08-31,26.541861431761316
1976-09-01,26.791260150614434
1976-09-02,26.771812587021586
1976-09-03,26.907441386197927
1976-09-07,27.05682910799041
1976-09-08,26.957933261551894
1976-09-09,26.900000501521447
1976-09-10,26.998829520859076
1976-09-13,26.887964412476695
1976-09-14,26.8275593411769
1976-09-15,26.912744738697498
1976-09-16,27.211439376579992
1976-09-17,27.431036270439304
1976-09-20,27.4494870150872
1976-09-21,27.812624838549674
1976-09-22,27.739899037511112
1976-09-23,27.610460978848636
1976-09-24,27.583497325046007
1976-09-27,27.691346125540143
1976-09-28,27.353895837315193
1976-09-29,27.218901396263217
1976-09-30,27.181032186268002
1976-10-01,26.978595648741162
1976-10-04,26.920109928142978
1976-10-05,26.76049168675407
1976-10-06,26.67690914759594
1976-10-07,26.880433418003832
1976-10-08,26.656462980003177
1976-10-11,26.439590703268454
1976-10-12,26.198959577060123
1976-10-13,26.52101158869217
1976-10-14,26.160929293922443
1976-10-15,26.187504602055455
1976-10-18,26.341311883070546
1976-10-19,26.38106904691717
1976-10-20,26.447070219282736
1976-10-21,26.199436555543944
1976-10-22,26.063085749561555
1976-10-25,26.11653868704144
1976-10-26,26.35711366389119
1976-10-27,26.58889974532688
1976-10-28,26.581644473275496
1976-10-29,26.9251030467007
1976-11-01,26.999752192768714
1976-11-03,26.741159504404127
1976-11-04,26.891263553196925
1976-11-05,26.587374630473715
1976-11-08,26.28893285847827
1976-11-09,26.245971462651266
1976-11-10,26.06164551819439
1976-11-11,26.308617480107753
1976-11-12,26.211035564381724
1976-11-15,26.377515155926922
1976-11-16,26.337510215639323
1976-11-17,26.530197901015157
1976-11-18,26.928969751725838
1976-11-19,26.977520187875015
1976-11-22,27.185860307473142
1976-11-23,27.032597388938914
1976-11-24,27.210407234477092
1976-11-26,27.46460021602891
1976-11-29,27.30867038297626
1976-11-30,27.257113394345325
1976-12-01,27.462312326459546
1976-12-02,27.34529878020215
1976-12-03,27.47432553668043
1976-12-06,27.626078578155727
1976-12-07,27.57917703961895
1976-12-08,27.800448686091393
1976-12-09,27.9729446092059
1976-12-10,28.054955374239345
1976-12-13,28.096636563141058
1976-12-14,28.26320244398648
1976-12-15,28.262201874362678
1976-12-16,28.19759930563978
1976-12-17,27.994854154785788
1976-12-20,27.89394718952325
1976-12-21,28.08913627016767
1976-12-22,28.24600114197961
1976-12-23,28.267962257447966
1976-12-27,28.587134588207423
1976-12-28,28.729672843665043
1976-12-29,28.590519498480056
1976-12-30,28.722144621649026
1976-12-31,28.837099556133772
1977-01-03,28.73120186903203
1977-01-04,28.40585496646138
1977-01-05,28.23177845361489
1977-01-06,28.26304831647335
1977-01-07,28.31303353867317
1977-01-10,28.384127439818158
1977-01-11,28.16138617474938
1977-01-12,28.01401300512193
1977-01-13,28.270247415981867
1977-01-14,28.283756428385903
1977-01-17,28.251294645806937
1977-01-18,28.220311650659113
1977-01-19,28.350722582215326
1977-01-20,28.20458243571176
1977-01-21,28.335920754306304
1977-01-24,28.39777144026773
1977-01-25,28.466548121527683
1977-01-26,28.33448211172069
1977-01-27,28.191442674953954
1977-01-28,28.155214767054588
1977-01-31,28.168536367375765
1977-02-01,28.279597663159638
1977-02-02,28.29250369906394
1977-02-03,28.21314266417281
1977-02-04,28.257431598673637
1977-02-07,28.26523964222192
1977-02-08,28.165166419977506
1977-02-09,27.85891341302953
1977-02-10,27.80543425738035
1977-02-11,27.611846688801304
1977-02-14,27.721738154412886
1977-02-15,27.77209309189585
1977-02-16,27.928959389616416
1977-02-17,27.82640761165536
1977-02-18,27.747216555723423
1977-02-22,27.670103694375676
1977-02-23,27.590563389497838
1977-02-24,27.496357478227257
1977-02-25,27.426581402721702
1977-02-28,27.535916068568408
1977-03-01,27.75119446685538
1977-03-02,27.68955997212274
1977-03-03,27.77178794029331
1977-03-04,27.846113339187998
1977-03-07,27.867114645804545
1977-03-08,27.809234782986763
1977-03-09,27.68201847215112
1977-03-10,27.717395162096405
1977-03-11,27.719131324939823
1977-03-14,27.803432952367917
1977-03-15,27.86340282706443
1977-03-16,27.935384197857925
1977-03-17,27.908139625227705
1977-03-18,27.87898664938235
1977-03-21,27.777522130711052
1977-03-22,27.660470604689632
1977-03-23,27.459608629258216
1977-03-24,27.441934772034152
1977-03-25,27.330236416228946
1977-03-28,27.290187285767335
1977-03-29,27.46423148009356
1977-03-30,27.279337205862962
1977-03-31,27.28674050132119
1977-04-01,27.475663890605375
1977-04-04,27.344292916693227
1977-04-05,27.294255943734093
1977-04-06,27.299716093770396
1977-04-07,27.357131974857975
1977-04-11,27.456490328576745
1977-04-12,27.74538508502
1977-04-13,27.767659890367472
1977-04-14,27.997292131861144
1977-04-15,28.000384183777708
1977-04-18,27.958684386237465
1977-04-19,27.913657878732387
1977-04-20,28.045256492309303
1977-04-21,27.98595857257162
1977-04-22,27.749898632284754
1977-04-25,27.514269745781405
1977-04-26,27.48519166205583
1977-04-27,27.658660299005565
1977-04-28,27.687081813051762
1977-04-29,27.792188360842516
1977-05-02,27.943451477651916
1977-05-03,28.084233388891054
1977-05-04,28.237180611401694
1977-05-05,28.33410965910325
1977-05-06,28.28469914869215
1977-05-09,28.236639535051186
1977-05-10,28.311498392548277
1977-05-11,28.251767182441746
1977-05-12,28.244327392219027
1977-05-13,28.33807238501805
1977-05-16,28.446783457050223
1977-05-17,28.491539440611966
1977-05-18,28.61956809420633
1977-05-19,28.596450843302048
1977-05-20,28.57080840530335
1977-05-23,28.334808006595637
1977-05-24,28.20432691924541
1977-05-25,28.018002739601645
1977-05-26,28.057000571283975
1977-05-27,27.968397811261557
1977-05-31,27.93564270505421
1977-06-01,28.067648487783103
1977-06-02,28.050577286142925
1977-06-03,28.211706713297133
1977-06-06,28.13827689316297
1977-06-07,28.17985278148863
1977-06-08,28.310348679245532
1977-06-09,28.34790564393178
1977-06-10,28.41400301022942
1977-06-13,28.501077757168797
1977-06-14,28.744264887387686
1977-06-15,28.72979628277537
1977-06-16,28.841116233599106
1977-06-17,28.847028953300708
1977-06-20,28.965278925605404
1977-06-21,29.087388378735575
1977-06-22,29.11096769980273
1977-06-23,29.190044385489635
1977-06-24,29.319993943408818
1977-06-27,29.349426239583565
1977-06-28,29.24295692169862
1977-06-29,29.21810873455884
1977-06-30,29.315596163253552
1977-07-01,29.280952025533814
1977-07-05,29.244663275347847
1977-07-06,29.24077693092604
1977-07-07,29.348183981668786
1977-07-08,29.4032116398027
1977-07-11,29.36147734975897
1977-07-12,29.421653212182413
1977-07-13,29.52471088601463
1977-07-15,29.650813213185724
1977-07-18,29.779265158359244
1977-07-19,29.94593850240684
1977-07-20,29.945635349456893
1977-07-21,29.890300880561302
1977-07-22,29.92004295742571
1977-07-25,29.76353784322563
1977-07-26,29.662975855398823
1977-07-27,29.23880482074732
1977-07-28,29.252490065029562
1977-07-29,29.21657167212555
1977-08-01,29.315419858813474
1977-08-02,29.223033733256358
1977-08-03,29.166653715172487
1977-08-04,29.23292031150129
1977-08-05,29.227045454407182
1977-08-08,29.11226107962665
1977-08-09,29.10575309473062
1977-08-10,29.214225556491193
1977-08-11,29.102448287270335
1977-08-12,29.005030324517083
1977-08-15,29.01025398419839
1977-08-16,28.935088126588067
1977-08-17,28.858727161390785
1977-08-18,28.782194238239075
1977-08-19,28.60325312173353
1977-08-22,28.582553821107947
1977-08-23,28.56316953129851
1977-08-24,28.494949613941607
1977-08-25,28.28088962897925
1977-08-26,28.189410739696495
1977-08-29,28.369890462426564
1977-08-30,28.284283231634014
1977-08-31,28.301202136570538
1977-09-01,28.372581520950288
1977-09-02,28.571410636593743
1977-09-06,28.641239955889304
1977-09-07,28.737916604944065
1977-09-08,28.627853838542954
1977-09-09,28.454137072585976
1977-09-12,28.426849294147075
1977-09-13,28.444199644866448
1977-09-14,28.498719215219726
1977-09-15,28.60508357765147
1977-09-16,28.58975518357358
1977-09-19,28.530309622369238
1977-09-20,28.509240928904966
1977-09-21,28.40104609813432
1977-09-22,28.375002167468786
1977-09-23,28.371977415278668
1977-09-26,28.398554754822754
1977-09-27,28.38839043916726
1977-09-28,28.40191061617956
1977-09-29,28.551021058190518
1977-09-30,28.73985862420013
1977-10-03,28.8136634162123
1977-10-04,28.684015202587503
1977-10-05,28.590719153534554
1977-10-06,28.70146725419473
1977-10-07,28.740983907094755
1977-10-10,28.735956151500833
1977-10-11,28.603070117442712
1977-10-12,28.33883208656286
1977-10-13,28.057920977240986
1977-10-14,28.038772978768364
1977-10-17,27.990275836748626
1977-10-18,27.99728261471313
1977-10-19,27.66269952447985
1977-10-20,27.680948474201358
1977-10-21,27.628816163928633
1977-10-24,27.425394729916118
1977-10-25,27.186248820564295
1977-10-26,27.365012430071882
1977-10-27,27.44819406231555
1977-10-28,27.540726522834813
1977-10-31,27.54892819104301
1977-11-01,27.332656332153018
1977-11-02,27.237567402539486
1977-11-03,27.27428849182763
1977-11-04,27.46719773529227
1977-11-07,27.68773201982835
1977-11-08,27.78460847267368
1977-11-09,27.926350739182524
1977-11-10,28.361893306064864
1977-11-11,28.69503458682484
1977-11-14,28.66496150586647
1977-11-15,28.800261147625864
1977-11-16,28.782233564092646
1977-11-17,28.77644450681676
1977-11-18,28.860751376922153
1977-11-21,28.87687275627361
1977-11-22,29.03633820146303
1977-11-23,29.162925390282872
1977-11-25,29.2618986095215
1977-11-28,29.186516998897552
1977-11-29,28.894484438116667
1977-11-30,28.901929819295894
1977-12-01,28.993770091991582
1977-12-02,29.071757744349075
1977-12-05,29.011909050313086
1977-12-06,28.668929604504257
1977-12-07,28.62080906901838
1977-12-08,28.655021792537212
1977-12-09,28.77662398082148
1977-12-12,28.86248479396338
1977-12-13,28.87355812425776
1977-12-14,28.920800601348358
1977-12-15,28.840706490206056
1977-12-16,28.847920095633945
1977-12-19,28.70590127991735
1977-12-20,28.572948793355323
1977-12-21,28.683266759603065
1977-12-22,28.787153314043415
1977-12-23,28.979636072193582
1977-12-27,28.97674757238471
1977-12-28,28.9966652754121
1977-12-29,29.07193236924849
1977-12-30,29.135813267021852
1978-01-03,28.909102448983962
1978-01-04,28.78232304969839
1978-01-05,28.712393398105565
1978-01-06,28.39619319188668
1978-01-09,28.03816184871686
1978-01-10,27.864263800421423
1978-01-11,27.766666161582066
1978-01-12,27.82014175676286
1978-01-13,27.86142802447286
1978-01-16,27.773867652173706
1978-01-17,27.86598416877182
1978-01-18,27.994981713332066
1978-01-19,27.926258191489016
1978-01-20,27.876002891026896
1978-01-23,27.712331241219935
1978-01-24,27.736435394674874
1978-01-25,27.78363381021171
1978-01-26,27.629391852267194
1978-01-27,27.60385500069435
1978-01-30,27.741209525736632
1978-01-31,27.738975267084015
1978-02-01,27.947880428403472
1978-02-02,28.084840688504077
1978-02-03,28.092453258059596
1978-02-06,28.104373861466918
1978-02-07,28.23224749370126
1978-02-08,28.379069407542197
1978-02-09,28.313817865112718
1978-02-10,28.34992234585108
1978-02-13,28.25494055626211
1978-02-14,28.102327421532063
1978-02-15,28.025059320682544
1978-02-16,27.84925100676187
1978-02-17,27.842978147165518
1978-02-21,27.71902459964013
1978-02-22,27.759839423403143
1978-02-23,27.78889807984607
1978-02-24,27.99314480945825
1978-02-27,27.88188636707056
1978-02-28,27.68249163958621
1978-03-01,27.706736905092992
1978-03-02,27.793987771670643
1978-03-03,27.781438368033033
1978-03-06,27.632510495685967
1978-03-07,27.803571716637425
1978-03-08,27.98917037412721
1978-03-09,28.030033585673706
1978-03-10,28.276016761955628
1978-03-13,28.270824537463593
1978-03-14,28.4106224303367
1978-03-15,28.361564471301655
1978-03-16,28.542116173620368
1978-03-17,28.718057273380282
1978-03-20,28.84068945588249
1978-03-21,28.59912363209955
1978-03-22,28.548776580804557
1978-03-23,28.536779572771167
1978-03-27,28.40408535509129
1978-03-28,28.595991692529154
1978-03-29,28.68117628220636
1978-03-30,28.625758867581204
1978-03-31,28.551091882862057
1978-04-03,28.369905366530404
1978-04-04,28.488811400597985
1978-04-05,28.648275809231666
1978-04-06,28.711440009645514
1978-04-07,28.814185365362
1978-04-10,28.86992627098942
1978-04-11,28.81117235431737
1978-04-12,28.862374399469225
1978-04-13,29.059592989556393
1978-04-14,29.418542102519886
1978-04-17,29.58621265951532
1978-04-18,29.32753938789464
1978-04-19,29.41376044175722
1978-04-20,29.6118813221794
1978-04-21,29.61352051133865
1978-04-24,29.833266248153855
1978-04-25,30.008259927329814
1978-04-26,30.015625538743215
1978-04-27,29.84890302921383
1978-04-28,30.08219193570643
1978-05-01,30.32183715317489
1978-05-02,30.30292963438321
1978-05-03,30.15200124682405
1978-05-04,30.097149385984103
1978-05-05,30.30366097883099
1978-05-08,30.212839240903183
1978-05-09,30.155229091057176
1978-05-10,30.233323054414843
1978-05-11,30.55508251349105
1978-05-12,30.820985521712636
1978-05-15,31.006343732196918
1978-05-16,31.221246850500513
1978-05-17,31.360865596321343
1978-05-18,31.235072001389685
1978-05-19,31.095048785600227
1978-05-22,31.39707531909246
1978-05-23,31.107685096280644
1978-05-24,30.8312224258377
1978-05-25,30.77920629256103
1978-05-26,30.791822991902514
1978-05-30,30.860143207839375
1978-05-31,30.985041266243343
1978-06-01,31.06610550940592
1978-06-02,31.391028613138996
1978-06-05,31.973556864472553
1978-06-06,32.12333377566621
1978-06-07,32.115684141390815
1978-06-08,32.196785773849314
1978-06-09,32.12360139047122
1978-06-12,32.03557985483774
1978-06-13,32.01486729154769
1978-06-14,32.11071641743022
1978-06-15,31.79663217666184
1978-06-16,31.598339404086584
1978-06-19,31.49952956515013
1978-06-20,31.189509713325084
1978-06-21,30.926147571666213
1978-06-22,30.986594228102163
1978-06-23,31.004418243858375
1978-06-26,30.577263811615413
1978-06-27,30.624733381542864
1978-06-28,30.760698109938286
1978-06-29,30.843247980106646
1978-06-30,30.87919994630654
1978-07-03,30.834901873160558
1978-07-05,30.55854080209352
1978-07-06,30.557786188746597
1978-07-07,30.751736486322926
1978-07-10,30.915771912638096
1978-07-11,31.074950516328496
1978-07-12,31.164747814584683
1978-07-13,31.179419069826213
1978-07-14,31.524783311625324
1978-07-17,31.695623142863443
1978-07-18,31.497047854278435
1978-07-19,31.835727650258768
1978-07-20,31.88339858965386
1978-07-21,31.746700583197722
1978-07-24,31.75277659621022
1978-07-25,31.931345288425923
1978-07-26,32.154340544372886
1978-07-27,32.31894629863983
1978-07-28,32.4829314815006
1978-07-31,32.77875867027383
1978-08-01,32.808570381060214
1978-08-02,33.39857783277706
1978-08-03,33.60494326000666
1978-08-04,33.710476066801995
1978-08-07,33.694170774020705
1978-08-08,33.86180434683236
1978-08-09,34.04819767672418
1978-08-10,33.839992887374486
1978-08-11,33.9121636646002
1978-08-14,33.93671798701819
1978-08-15,33.85886977979714
1978-08-16,34.082771628742215
1978-08-17,34.357772788861205
1978-08-18,34.257519773351184
1978-08-21,33.97859666862153
1978-08-22,34.088445311147275
1978-08-23,34.31475435737688
1978-08-24,34.47897163967143
1978-08-25,34.496812647718414
1978-08-28,34.299417142109476
1978-08-29,34.144505825096005
1978-08-30,34.225554914820705
1978-08-31,34.146880540034346
1978-09-01,34.24110137866573
1978-09-05,34.37218754884585
1978-09-06,34.70062615126619
1978-09-07,34.805595531566716
1978-09-08,35.190062458330644
1978-09-11,35.32637133857006
1978-09-12,35.336453495963816
1978-09-13,35.12186980546516
1978-09-14,34.7180334760337
1978-09-15,34.403667320111374
1978-09-18,33.955344392619324
1978-09-19,33.634284548856996
1978-09-20,33.24938862182725
1978-09-21,33.24145138647616
1978-09-22,33.272492898949274
1978-09-25,33.29651015559993
1978-09-26,33.523035813657664
1978-09-27,33.25464163818685
1978-09-28,33.33426817637323
1978-09-29,33.52635815154596
1978-10-02,33.650851858152215
1978-10-03,33.5463077964677
1978-10-04,33.72688427726361
1978-10-05,33.80204521940162
1978-10-06,33.875843539983634
1978-10-09,34.218687098070866
1978-10-10,34.15901210034548
1978-10-11,34.3861717267423
1978-10-12,34.24480726591975
1978-10-13,34.1403351721336
1978-10-16,33.48691731822141
1978-10-17,32.88519993520012
1978-10-18,32.552314638673685
1978-10-19,32.09675139629368
1978-10-20,31.412877359077026
1978-10-23,31.3665972719746
1978-10-24,31.24721799847151
1978-10-25,31.202024626013433
1978-10-26,30.537049511775155
1978-10-27,29.895105636836195
1978-10-30,29.952446756524854
1978-10-31,29.430317327001642
1978-11-01,30.71810913647302
1978-11-02,30.432244160947842
1978-11-03,30.530570458364178
1978-11-06,30.35638102126623
1978-11-07,29.856100365688455
1978-11-08,29.932104806063947
1978-11-09,30.011385840537372
1978-11-10,30.158877729964285
1978-11-13,29.68880082816434
1978-11-14,29.3215276347199
1978-11-15,29.444361053463417
1978-11-16,29.743797844235925
1978-11-17,30.064960445151208
1978-11-20,30.367209940899492
1978-11-21,30.326868940169646
1978-11-22,30.487153553377052
1978-11-24,30.69389491991053
1978-11-27,30.770212196854832
1978-11-28,30.56313397902919
1978-11-29,30.168290237328033
1978-11-30,30.441962733766584
1978-12-01,30.984418666514472
1978-12-04,31.005994818566812
1978-12-05,31.418849714451238
1978-12-06,31.48180736319034
1978-12-07,31.403145001668253
1978-12-08,31.27016858497661
1978-12-11,31.34373621370209
1978-12-12,31.175314977161822
1978-12-13,31.000035446302267
1978-12-14,31.014999595741816
1978-12-15,30.769926280262062
1978-12-18,30.020965456211506
1978-12-19,30.239499924898674
1978-12-20,30.459551118806242
1978-12-21,30.47347195283939
1978-12-22,31.00594377928991
1978-12-26,31.304840301859144
1978-12-27,31.056468326032924
1978-12-28,30.940717842949716
1978-12-29,30.946978794747498
1979-01-02,31.108503801592516
1979-01-03,31.485373896468
1979-01-04,31.751153784502126
1979-01-05,31.962352877672224
1979-01-08,31.894471271591687
1979-01-09,32.077594660405296
1979-01-10,31.939036981088556
1979-01-11,32.085388675261655
1979-01-12,32.39702209693996
1979-01-15,32.61991732226331
1979-01-16,32.29900172692083
1979-01-17,32.26755143305344
1979-01-18,32.43633797341621
1979-01-19,32.4435778367131
1979-01-22,32.505589046731615
1979-01-23,32.734085635405464
1979-01-24,32.581041605845854
1979-01-25,32.880801969742826
1979-01-26,33.090872713849194
1979-01-29,32.988024563873914
1979-01-30,32.8574828257494
1979-01-31,32.440404234863465
1979-02-01,32.49159046615816
1979-02-02,32.459221627803494
1979-02-05,32.030452610433976
1979-02-06,31.95927280103213
1979-02-07,31.696529871205165
1979-02-08,31.85337349304534
1979-02-09,31.97123331288499
1979-02-12,32.11168725236682
1979-02-13,32.38479794200253
1979-02-14,32.31292465990034
1979-02-15,32.347481311953345
1979-02-16,32.26696229975295
1979-02-20,32.46762692709039
1979-02-21,32.32916764183604
1979-02-22,32.13204893546168
1979-02-23,31.944032908514874
1979-02-26,31.919265786451504
1979-02-27,31.36069203035543
1979-02-28,31.41412434557556
1979-03-01,31.619225626234055
1979-03-02,31.65318410730124
1979-03-05,32.05152436969285
1979-03-06,31.95831312710613
1979-03-07,32.16963026247414
1979-03-08,32.53163927083225
1979-03-09,32.53710717184167
1979-03-12,32.62552285127936
1979-03-13,32.712084589339796
1979-03-14,32.699154855850765
1979-03-15,32.78597559235193
1979-03-16,33.09806542917771
1979-03-19,33.222851091995224
1979-03-20,33.05503968168299
1979-03-21,33.320208619068964
1979-03-22,33.461345293144134
1979-03-23,33.46526333903707
1979-03-26,33.288761562071926
1979-03-27,33.8058976882814
1979-03-28,33.67901533345682
1979-03-29,33.6847618259004
1979-03-30,33.55765720748779
1979-04-02,33.3602764971716
1979-04-03,33.87751525948395
1979-04-04,33.97525592561065
1979-04-05,34.258394514291034
1979-04-06,34.22484695124989
1979-04-09,34.123381252818156
1979-04-10,34.24846744407852
1979-04-11,33.86558100754493
1979-04-12,33.79757588805056
1979-04-16,33.52442987169717
1979-04-17,33.48385078136386
1979-04-18,33.651923290230066
1979-04-19,33.47547038348554
1979-04-20,33.470049405566044
1979-04-23,33.644155813024895
1979-04-24,33.878438935142626
1979-04-25,34.054965582163526
1979-04-26,33.878727570194606
1979-04-27,33.824622197634504
1979-04-30,33.85312421755083
1979-05-01,33.89496948656907
1979-05-02,33.986868601679646
1979-05-03,33.980904275437
1979-05-04,33.601945847186144
1979-05-07,32.94356605196564
1979-05-08,32.96436461341915
1979-05-09,33.0543368343573
1979-05-10,32.74329055724524
1979-05-11,32.788929709795305
1979-05-14,32.633048551342526
1979-05-15,32.64786936289064
1979-05-16,32.774654174445985
1979-05-17,33.30477018658119
1979-05-18,33.37256295384589
1979-05-21,33.49196703466291
1979-05-22,33.67857337910055
1979-05-23,33.51764251399329
1979-05-24,33.61166173918618
1979-05-25,33.76942707592782
1979-05-29,33.748882469595394
1979-05-30,33.40705036570895
1979-05-31,33.40068598204711
1979-06-01,33.443572123397274
1979-06-04,33.56626978372877
1979-06-05,34.030044779959944
1979-06-06,34.319690660448
1979-06-07,34.55286631005101
1979-06-08,34.46633414878144
1979-06-11,34.57471822056065
1979-06-12,34.82842468512347
1979-06-13,34.574371697001695
1979-06-14,34.52840369563215
1979-06-15,34.55082540889065
1979-06-18,34.322729660956234
1979-06-19,34.331236330238546
1979-06-20,34.381650876398595
1979-06-21,34.5796875197067
1979-06-22,34.75802300270119
1979-06-25,34.61291078138843
1979-06-26,34.49115685625851
1979-06-27,34.75516130387756
1979-06-28,35.02817062353192
1979-06-29,35.07685754227716
1979-07-02,34.76216334394082
1979-07-03,34.79871198073661
1979-07-05,34.994991683102874
1979-07-06,35.463063895519184
1979-07-09,35.74266897165506
1979-07-10,35.58340728154367
1979-07-11,35.32109054461445
1979-07-12,34.98427374669009
1979-07-13,34.88750432514897
1979-07-16,35.10782567246318
1979-07-17,34.70698171527835
1979-07-18,34.64381722025357
1979-07-19,34.66032539914923
1979-07-20,34.775797563198445
1979-07-23,34.667021473867926
1979-07-24,34.786679972240776
1979-07-25,35.18392290945674
1979-07-26,35.17723029770854
1979-07-27,35.26695552106552
1979-07-30,35.348286318151175
1979-07-31,35.5253753610138
1979-08-01,35.63130031545569
1979-08-02,35.64195151573931
1979-08-03,35.5974310452976
1979-08-06,35.59740797288858
1979-08-07,35.915074087602406
1979-08-08,36.025601368264375
1979-08-09,35.95118123633062
1979-08-10,36.09744637553097
1979-08-13,36.34835826826532
1979-08-14,36.45365976955524
1979-08-15,36.6126226105815
1979-08-16,36.62054830750346
1979-08-17,36.800193600013664
1979-08-20,37.039846860399095
1979-08-21,37.108542076569364
1979-08-22,37.241381776971714
1979-08-23,37.16912417423505
1979-08-24,37.229104766663376
1979-08-27,37.44829697257683
1979-08-28,37.37850265259776
1979-08-29,37.364283492869426
1979-08-30,37.32609213318482
1979-08-31,37.41136431205014
1979-09-04,36.817122938768
1979-09-05,36.39095387368767
1979-09-06,36.65553124030946
1979-09-07,37.03847062288444
1979-09-10,37.296419607338656
1979-09-11,37.07476607509634
1979-09-12,37.18178177718996
1979-09-13,37.20421701380584
1979-09-14,37.50598092734503
1979-09-17,37.457328435741864
1979-09-18,37.21417371078048
1979-09-19,37.30754644563893
1979-09-20,37.89256659669647
1979-09-21,37.901401460216505
1979-09-24,37.648561252782876
1979-09-25,37.62629573103315
1979-09-26,37.77479187149788
1979-09-27,37.85985369827131
1979-09-28,37.65796356504588
1979-10-01,37.43502577841668
1979-10-02,37.70725191247896
1979-10-03,37.78506612234719
1979-10-04,38.04409858828079
1979-10-05,38.45110165631097
1979-10-08,37.99802496974468
1979-10-09,36.52604912644397
1979-10-10,35.668386695372035
1979-10-11,35.68564713420122
1979-10-12,35.643087398384374
1979-10-15,35.154408187969224
1979-10-16,35.14031127127706
1979-10-17,35.31874119804564
1979-10-18,35.457188419336994
1979-10-19,34.69098956288719
1979-10-22,34.04425076305875
1979-10-23,33.918631487373034
1979-10-24,34.05266218993724
1979-10-25,33.95611729164704
1979-10-26,34.20181084392465
1979-10-29,34.29285601144856
1979-10-30,34.88055474744311
1979-10-31,34.74398110690899
1979-11-01,35.080553891252364
1979-11-02,35.17760688217335
1979-11-05,34.96677261004861
1979-11-06,34.78147380017387
1979-11-07,34.3847174398523
1979-11-08,34.59530793731564
1979-11-09,35.04353901361735
1979-11-12,35.67208918448299
1979-11-13,35.61392287552998
1979-11-14,35.77050472510966
1979-11-15,36.07977936940074
1979-11-16,36.04967866524354
1979-11-19,36.249662037144574
1979-11-20,36.09987919001922
1979-11-21,36.12564384395016
1979-11-23,36.43291125338796
1979-11-26,37.1538604661242
1979-11-27,37.090278173756694
1979-11-28,37.24744831665342
1979-11-29,37.26859772099781
1979-11-30,37.13942036821985
1979-12-03,37.06107320575238
1979-12-04,37.35443810538154
1979-12-05,37.53892158021553
1979-12-06,37.818179402566855
1979-12-07,37.651359728337184
1979-12-10,37.725143194278466
1979-12-11,37.71847723677146
1979-12-12,37.75687072974211
1979-12-13,37.811715506357935
1979-12-14,38.22961827551382
1979-12-17,38.47522707678443
1979-12-18,38.19856971856179
1979-12-19,38.18094815266091
1979-12-20,38.250487610994
1979-12-21,38.04709639317823
1979-12-24,38.03674770577909
1979-12-26,38.101676938965056
1979-12-27,38.18895962531469
1979-12-28,38.253707219795785
1979-12-31,38.302523796272375
1980-01-02,37.56201594421129
1980-01-03,37.19556979082205
1980-01-04,37.68515070289595
1980-01-07,37.804174700438175
1980-01-08,38.35866147680534
1980-01-09,38.48253897889183
1980-01-10,38.76660449826705
1980-01-11,38.88720179925953
1980-01-14,39.07122205834848
1980-01-15,39.24442450239912
1980-01-16,39.32202918151929
1980-01-17,39.25433398176473
1980-01-18,39.36288853229793
1980-01-21,39.72698924357436
1980-01-22,39.57414113182958
1980-01-23,40.19937484875213
1980-01-24,40.373373130360385
1980-01-25,40.38985691888688
1980-01-28,40.81889717491115
1980-01-29,40.56395869137258
1980-01-30,41.00004378763226
1980-01-31,40.822623090225996
1980-02-01,41.14345034254641
1980-02-04,41.03044448731048
1980-02-05,41.10091815019751
1980-02-06,41.58607672558731
1980-02-07,41.90800036567223
1980-02-08,42.515356786177676
1980-02-11,42.1803031226221
1980-02-12,42.34637198720313
1980-02-13,42.42436923122777
1980-02-14,41.83802043075201
1980-02-15,41.428679969660884
1980-02-19,41.11710775365214
1980-02-20,41.826648080484084
1980-02-21,41.58058532235246
1980-02-22,41.44210704749598
1980-02-25,40.82799292327843
1980-02-26,41.12603191427621
1980-02-27,40.695399192935035
1980-02-28,40.663940197914606
1980-02-29,41.056420889899364
1980-03-03,40.739221183549624
1980-03-04,40.72720545411981
1980-03-05,40.17055430846718
1980-03-06,39.08708619507691
1980-03-07,38.32382688947998
1980-03-10,37.91584759284949
1980-03-11,38.41673580158971
1980-03-12,38.238708819382836
1980-03-13,37.91421132297726
1980-03-14,37.797573368886155
1980-03-17,36.45332908248105
1980-03-18,36.92624427170617
1980-03-19,37.20001738129318
1980-03-20,36.85853099246659
1980-03-21,36.65334580530796
1980-03-24,35.52763021385805
1980-03-25,35.246975902639235
1980-03-26,35.098564996813145
1980-03-27,34.10990121445461
1980-03-28,35.168528426827066
1980-03-31,35.77631683182368
1980-04-01,36.09931331454624
1980-04-02,36.55307837573259
1980-04-03,36.43336126781905
1980-04-07,35.76252200832291
1980-04-08,36.11706690721344
1980-04-09,36.87656436246808
1980-04-10,37.31883480888136
1980-04-11,37.337127169129154
1980-04-14,36.959984697129286
1980-04-15,36.900932949881444
1980-04-16,36.639707143793515
1980-04-17,36.46146859710626
1980-04-18,36.39903321173898
1980-04-21,36.08766632837494
1980-04-22,37.22527573205846
1980-04-23,37.40830295176445
1980-04-24,37.663962159919244
1980-04-25,37.79799886698276
1980-04-28,37.97955571177752
1980-04-29,38.10300074402223
1980-04-30,38.23068203165649
1980-05-01,37.989213566576915
1980-05-02,38.0298430569067
1980-05-05,38.2382093614121
1980-05-06,38.440599426517934
1980-05-07,38.73735265566804
1980-05-08,38.46174579997383
1980-05-09,38.054593667785475
1980-05-12,38.03120496169614
1980-05-13,38.457502506220195
1980-05-14,38.763984346818944
1980-05-15,38.9048826032395
1980-05-16,39.097237702999806
1980-05-19,39.13576327299151
1980-05-20,39.089959894269796
1980-05-21,39.19722044514188
1980-05-22,39.6648662339636
1980-05-23,40.163628578012094
1980-05-27,40.46511074726993
1980-05-28,40.73154003945081
1980-05-29,40.186404910484846
1980-05-30,40.4098664475148
1980-06-02,40.312195104142944
1980-06-03,40.289705306244045
1980-06-04,40.963296540836645
1980-06-05,41.03938509110732
1980-06-06,41.31343009563172
1980-06-09,41.594585923662564
1980-06-10,41.95424181743827
1980-06-11,42.4288916946938
1980-06-12,42.28247157696451
1980-06-13,42.41722496013009
1980-06-16,42.500003938240226
1980-06-17,42.5838670582707
1980-06-18,42.64536213325118
1980-06-19,42.133634232185194
1980-06-20,41.9836070537194
1980-06-23,42.13190700044649
1980-06-24,42.32610825962623
1980-06-25,42.85791426659265
1980-06-26,42.695274079933704
1980-06-27,42.65664650315743
1980-06-30,42.02537341085243
1980-07-01,42.36490077438744
1980-07-02,42.61336861623054
1980-07-03,43.16502502153404
1980-07-07,43.46604409178295
1980-07-08,43.34107439168188
1980-07-09,43.345093018960405
1980-07-10,42.981984159948
1980-07-11,43.268305878484
1980-07-14,43.913089813055734
1980-07-15,43.67004490485957
1980-07-16,43.74899417568688
1980-07-17,44.294575571218026
1980-07-18,44.41881175323402
1980-07-21,44.65155058735648
1980-07-22,44.61390230340733
1980-07-23,44.5988307325383
1980-07-24,44.5397423507749
1980-07-25,44.2105917798922
1980-07-28,44.32182660912526
1980-07-29,44.65722249430426
1980-07-30,44.59024058702007
1980-07-31,44.41645956930721
1980-08-01,44.349949171408916
1980-08-04,44.097809411109985
1980-08-05,44.083660228655205
1980-08-06,44.32742868190034
1980-08-07,44.88720983516854
1980-08-08,45.08925778501128
1980-08-11,45.38802305795735
1980-08-12,45.063741326497
1980-08-13,44.98411409681204
1980-08-14,45.57267591338851
1980-08-15,45.7564459445618
1980-08-18,44.991329830832974
1980-08-19,44.77644756587438
1980-08-20,45.17788606963869
1980-08-21,45.89130732343792
1980-08-22,46.174345827003044
1980-08-25,45.97554161334149
1980-08-26,45.960069096296394
1980-08-27,45.55444291404602
1980-08-28,45.04924643923062
1980-08-29,45.154655482038805
1980-09-02,45.61158908141393
1980-09-03,46.512829414178924
1980-09-04,46.39935612134571
1980-09-05,46.238358530464104
1980-09-08,45.831826145387794
1980-09-09,46.005379559286474
1980-09-10,46.3954088239616
1980-09-11,46.759496920015216
1980-09-12,46.85184555509678
1980-09-15,46.85379382923734
1980-09-16,47.39203600233368
1980-09-17,48.03919105326627
1980-09-18,47.88697365273302
1980-09-19,48.137430665604896
1980-09-22,48.496375060448656
1980-09-23,48.28453269878342
1980-09-24,48.63553191700486
1980-09-25,48.17356531553557
1980-09-26,47.26281806088352
1980-09-29,46.09854310660343
1980-09-30,46.89122981323318
1980-10-01,47.6784556668208
1980-10-02,48.05523573179449
1980-10-03,48.5751990200103
1980-10-06,49.52354261098974
1980-10-07,49.306569687242764
1980-10-08,49.67723032587637
1980-10-09,49.55686119260565
1980-10-10,49.40550749524432
1980-10-13,50.02519554657837
1980-10-14,50.07866999872291
1980-10-15,50.71329990211201
1980-10-16,50.08947730074848
1980-10-17,49.861398436463254
1980-10-20,50.284367965936475
1980-10-21,50.01664854625639
1980-10-22,50.16126963278222
1980-10-23,49.243072034157485
1980-10-24,49.359305480189164
1980-10-27,48.645573585178916
1980-10-28,48.69988727525132
1980-10-29,48.62925985890919
1980-10-30,47.88912575233428
1980-10-31,48.33952662790342
1980-11-03,48.91246701960015
1980-11-05,49.73364271670289
1980-11-06,48.814796167925614
1980-11-07,48.92244856971407
1980-11-10,49.08827682174794
1980-11-11,49.77041343522765
1980-11-12,51.13289539989764
1980-11-13,51.94888674393278
1980-11-14,52.19844960174801
1980-11-17,52.469723687557334
1980-11-18,53.305383015218375
1980-11-19,53.16948328431779
1980-11-20,53.7196445009204
1980-11-21,53.256221097284254
1980-11-24,53.057190053461085
1980-11-25,53.469878802909825
1980-11-26,53.77635781692166
1980-11-28,54.030435791221215
1980-12-01,52.80310163779725
1980-12-02,52.65373575004036
1980-12-03,52.70995998782538
1980-12-04,52.85020367150588
1980-12-05,52.01336560667969
1980-12-08,50.67493999888294
1980-12-09,50.501362552417824
1980-12-10,49.71764924735462
1980-12-11,49.011137759144006
1980-12-12,49.659855131376176
1980-12-15,49.676106712580506
1980-12-16,49.9839749230935
1980-12-17,50.53271141746956
1980-12-18,50.79360180370085
1980-12-19,51.09429038226161
1980-12-22,51.8535527527342
1980-12-23,51.886727000526626
1980-12-24,52.181847062801886
1980-12-26,52.45632898890612
1980-12-29,52.089485050038306
1980-12-30,52.25602387352104
1980-12-31,52.56281645848631
1981-01-02,52.91683387348691
1981-01-05,53.57848940920987
1981-01-06,53.437785622970935
1981-01-07,51.89440336666318
1981-01-08,51.11132477132355
1981-01-09,51.243578034751934
1981-01-12,51.19308832602702
1981-01-13,51.01534793624992
1981-01-14,51.21479606229079
1981-01-15,51.376414987168
1981-01-16,51.747325175393485
1981-01-19,51.74040241633539
1981-01-20,50.85425379747801
1981-01-21,50.66250841102534
1981-01-22,50.27628003204243
1981-01-23,50.21473848109907
1981-01-26,49.89957759476611
1981-01-27,50.349408964624416
1981-01-28,50.111544777392055
1981-01-29,50.146868158503615
1981-01-30,49.85902607562234
1981-02-02,48.6662852319756
1981-02-03,49.16017466182232
1981-02-04,49.189232834074566
1981-02-05,49.578146664053186
1981-02-06,49.93316457008198
1981-02-09,49.46680315810498
1981-02-10,49.42631356839197
1981-02-11,49.034259299554186
1981-02-12,48.82680514714436
1981-02-13,48.70131747484599
1981-02-17,48.850105758996236
1981-02-18,49.145192897450464
1981-02-19,48.49448425811723
1981-02-20,48.4356195853276
1981-02-23,48.62440976307427
1981-02-24,48.752860161563824
1981-02-25,49.01770095082045
1981-02-26,49.57572513808408
1981-02-27,50.07575883179524
1981-03-02,50.51609355761975
1981-03-03,50.129750143324024
1981-03-04,50.33488995574892
1981-03-05,50.26819293804649
1981-03-06,50.488449426555476
1981-03-09,50.791567547510525
1981-03-10,50.70000852444582
1981-03-11,50.70244036128078
1981-03-12,51.566205939020136
1981-03-13,51.905770323488454
1981-03-16,52.415018407972184
1981-03-17,52.28381370851101
1981-03-18,52.583861425533755
1981-03-19,52.66866194895482
1981-03-20,53.17120377189071
1981-03-23,53.60407735845188
1981-03-24,53.39922373028938
1981-03-25,53.95534116816325
1981-03-26,53.75343251692123
1981-03-27,53.33177388931733
1981-03-30,53.32581392717082
1981-03-31,53.84986896545963
1981-04-01,54.04511530052044
1981-04-02,54.22581257841626
1981-04-03,54.029156578992186
1981-04-06,53.583765859400906
1981-04-07,53.71224186288437
1981-04-08,54.030533561831724
1981-04-09,54.453821818163625
1981-04-10,54.606689033515266
1981-04-13,54.19639500858474
1981-04-14,53.97424218786792
1981-04-15,54.53472902365553
1981-04-16,54.888281949205734
1981-04-20,55.22367434576664
1981-04-21,54.88095061478387
1981-04-22,54.76100743899673
1981-04-23,54.72132608561728
1981-04-24,55.17727311529034
1981-04-27,55.30594884027446
1981-04-28,54.82290921045577
1981-04-29,54.33211184734969
1981-04-30,54.3513356204372
1981-05-01,54.19637124530791
1981-05-04,53.28615470265543
1981-05-05,52.91032764453185
1981-05-06,52.969510687350706
1981-05-07,53.31800787151156
1981-05-08,53.48781133680558
1981-05-11,53.01284819381734
1981-05-12,53.374167468455674
1981-05-13,53.55663273477704
1981-05-14,53.93208813265103
1981-05-15,54.31480943478829
1981-05-18,54.446212293190406
1981-05-19,54.317897600830946
1981-05-20,54.54237884068729
1981-05-21,54.61895835312637
1981-05-22,54.71262144571496
1981-05-26,55.052506124595816
1981-05-27,55.601560989547146
1981-05-28,55.81524332075779
1981-05-29,55.83311124372632
1981-06-01,55.762597813417074
1981-06-02,55.12300732324484
1981-06-03,55.13832980034388
1981-06-04,55.13084327573706
1981-06-05,55.424579796052285
1981-06-08,55.48584202188999
1981-06-09,55.23872301281288
1981-06-10,55.21494484436181
1981-06-11,55.79960077101531
1981-06-12,56.04901108038244
1981-06-15,56.15776057086234
1981-06-16,55.6967716437841
1981-06-17,55.72581903468876
1981-06-18,55.16737751593785
1981-06-19,55.101946400329425
1981-06-22,55.00570162906014
1981-06-23,55.41887613554594
1981-06-24,55.1124945333112
1981-06-25,55.10503878258265
1981-06-26,54.96603765411181
1981-06-29,54.58430682056297
1981-06-30,54.14342794861298
1981-07-01,53.59975445075428
1981-07-02,53.08754469314103
1981-07-06,52.27483811636271
1981-07-07,52.17967763328369
1981-07-08,52.112226745721024
1981-07-09,52.47781767364624
1981-07-10,52.595763002671795
1981-07-13,52.71093551634999
1981-07-14,52.53671686626075
1981-07-15,52.76544807795156
1981-07-16,52.929262605848564
1981-07-17,53.10909070030587
1981-07-20,52.252341064449034
1981-07-21,51.84985138510742
1981-07-22,51.345167259594355
1981-07-23,51.308443840542076
1981-07-24,51.72085399814056
1981-07-27,52.01611569422569
1981-07-28,51.791728797190046
1981-07-29,51.78874721045997
1981-07-30,52.13539292243854
1981-07-31,52.598165211243185
1981-08-03,52.28264329049334
1981-08-04,52.42769711111058
1981-08-05,52.98956572765865
1981-08-06,53.25156752248571
1981-08-07,53.11790720746568
1981-08-10,53.287891212038815
1981-08-11,53.67354038548396
1981-08-12,53.66136202136821
1981-08-13,53.728939124997545
1981-08-14,53.47959404387972
1981-08-17,52.89515489373713
1981-08-18,52.457615823742195
1981-08-19,52.524365032379194
1981-08-20,52.60006440647373
1981-08-21,52.285949959142755
1981-08-24,51.06400851683191
1981-08-25,50.65166238156248
1981-08-26,50.687115408336005
1981-08-27,50.3592166080934
1981-08-28,50.66417024583684
1981-08-31,50.22476339795411
1981-09-01,50.219210065294234
1981-09-02,50.4087960477088
1981-09-03,49.51780602309597
1981-09-04,49.057884715252904
1981-09-08,48.14058936070914
1981-09-09,48.36787533699146
1981-09-10,49.12361811678003
1981-09-11,49.75592230490063
1981-09-14,49.51804375832685
1981-09-15,49.37588427996846
1981-09-16,49.06520927801689
1981-09-17,48.471363167969784
1981-09-18,48.19681246487892
1981-09-21,48.561466711677895
1981-09-22,48.49017031633283
1981-09-23,47.87882971715541
1981-09-24,47.79500366345172
1981-09-25,46.75850779529622
1981-09-28,47.5350825603646
1981-09-29,48.136836900678524
1981-09-30,48.358213469237825
1981-10-01,48.60036204952672
1981-10-02,49.401755964888565
1981-10-05,49.62638565637011
1981-10-06,49.37666198028564
1981-10-07,50.282925888273255
1981-10-08,50.82909594699628
1981-10-09,50.89433994703822
1981-10-12,50.955895828348915
1981-10-13,50.93717256411251
1981-10-14,50.41488199650125
1981-10-15,50.74595277255302
1981-10-16,50.69616327182574
1981-10-19,50.65703535741712
1981-10-20,51.01482438448636
1981-10-21,50.94689113725516
1981-10-22,50.77592862033472
1981-10-23,50.483809576031994
1981-10-26,50.33006954040086
1981-10-27,50.787653867172764
1981-10-28,50.98947778934172
1981-10-29,50.80892718083881
1981-10-30,51.767214651978925
1981-11-02,52.40323213669815
1981-11-03,52.67217886267355
1981-11-04,52.78904902806358
1981-11-05,52.48039288448694
1981-11-06,52.320504928341364
1981-11-09,52.62839799987054
1981-11-10,52.48440662870114
1981-11-11,52.74306368767288
1981-11-12,52.83435767718595
1981-11-13,52.43871546985873
1981-11-16,51.880355382608094
1981-11-17,52.167744482072294
1981-11-18,52.09655347365614
1981-11-19,52.07393961147959
1981-11-20,52.545006943002065
1981-11-23,52.320655169814586
1981-11-24,52.793764563500574
1981-11-25,53.013149993921715
1981-11-27,53.2132642798337
1981-11-30,53.34083188590714
1981-12-01,53.172265635464825
1981-12-02,52.7320443310553
1981-12-03,52.89781867361013
1981-12-04,53.16110508841625
1981-12-07,52.84368701889234
1981-12-08,52.659036066330636
1981-12-09,52.65747249698433
1981-12-10,52.76756460291638
1981-12-11,52.48269121354085
1981-12-14,51.891380291816674
1981-12-15,51.968240401096125
1981-12-16,51.80316589006657
1981-12-17,51.87113298900232
1981-12-18,52.23981470943003
1981-12-21,52.154497849924454
1981-12-22,52.0338595240592
1981-12-23,51.8689731293284
1981-12-24,51.94970760984166
1981-12-28,51.896384149596344
1981-12-29,51.77247869707837
1981-12-30,51.92323977156917
1981-12-31,52.125065486972495
1982-01-04,52.18804008198701
1982-01-05,51.461216188710566
1982-01-06,51.33358876524955
1982-01-07,51.32344889874966
1982-01-08,51.659796473787466
1982-01-11,51.05181155511064
1982-01-12,50.707656872171775
1982-01-13,50.14219077422619
1982-01-14,50.35813506407943
1982-01-15,50.465061382707304
1982-01-18,50.543060706546974
1982-01-19,50.25331111603736
1982-01-20,50.171984540688314
1982-01-21,50.373934029082484
1982-01-22,50.35429225553841
1982-01-25,50.12571303690713
1982-01-26,50.05122370182697
1982-01-27,50.16274201304469
1982-01-28,51.191600479018255
1982-01-29,51.83368150963074
1982-02-01,51.12484703062524
1982-02-02,51.27355461174147
1982-02-03,50.940091361651156
1982-02-04,50.83203017438468
1982-02-05,51.27368157450721
1982-02-08,50.51997840246159
1982-02-09,50.153039642777706
1982-02-10,50.36992660784673
1982-02-11,50.442581491036016
1982-02-12,50.45649198667675
1982-02-16,50.289012798012116
1982-02-17,50.201450539368075
1982-02-18,50.18393187916903
1982-02-19,50.09692682433191
1982-02-22,49.84954720236155
1982-02-23,49.78047190734537
1982-02-24,50.30822590157473
1982-02-25,50.27489806612416
1982-02-26,50.28144382686203
1982-03-01,50.477074069488495
1982-03-02,50.73540972533904
1982-03-03,50.53723220418928
1982-03-04,50.39973489435082
1982-03-05,50.42603636041257
1982-03-08,50.03508856389065
1982-03-09,50.109567902371026
1982-03-10,50.335339950481696
1982-03-11,50.292886306895404
1982-03-12,50.09784231018472
1982-03-15,50.069376190331496
1982-03-16,50.03855020026734
1982-03-17,49.994697893100586
1982-03-18,50.48092760981681
1982-03-19,50.66046879425227
1982-03-22,51.30501664013068
1982-03-23,51.639823344972996
1982-03-24,51.50627101702299
1982-03-25,51.79073515847547
1982-03-26,51.46903582916248
1982-03-29,51.48317038344281
1982-03-30,51.56685213046879
1982-03-31,51.533583413725374
1982-04-01,51.92197851719953
1982-04-02,52.2623631982556
1982-04-05,52.07396002027989
1982-04-06,52.37139146877971
1982-04-07,52.48152498084481
1982-04-08,52.6766421931429
1982-04-12,52.63131606240233
1982-04-13,52.74416875454063
1982-04-14,52.77404671236793
1982-04-15,52.83745908551701
1982-04-16,53.02921641602995
1982-04-19,53.197428953966025
1982-04-20,52.972315665433186
1982-04-21,53.191714003379985
1982-04-22,53.563118503951415
1982-04-23,53.85064177579533
1982-04-26,53.92050180380507
1982-04-27,53.554136417840574
1982-04-28,53.32312371267492
1982-04-29,53.02903378654037
1982-04-30,53.11827898318536
1982-05-03,53.225008601803275
1982-05-04,53.508226861594935
1982-05-05,53.67778789615161
1982-05-06,54.13533068940565
1982-05-07,54.377868088986084
1982-05-10,53.967268104098174
1982-05-11,54.27366941691266
1982-05-12,54.18164285264151
1982-05-13,53.85660628896076
1982-05-14,53.83474962327661
1982-05-17,53.41957078137185
1982-05-18,53.136407328690645
1982-05-19,52.917695707874024
1982-05-20,52.80756919914495
1982-05-21,53.01143145517375
1982-05-24,52.997535149481685
1982-05-25,53.0326139854024
1982-05-26,52.54398151354997
1982-05-27,52.33150788219955
1982-05-28,52.1700921069012
1982-06-01,51.89919089404569
1982-06-02,51.997791147467865
1982-06-03,52.02875597489409
1982-06-04,51.50553978271621
1982-06-07,51.4986915810371
1982-06-08,51.37895862951904
1982-06-09,51.11186731373284
1982-06-10,51.34433489813208
1982-06-11,52.115815245560164
1982-06-14,51.71839104855269
1982-06-15,51.66563377879917
1982-06-16,51.52309971344226
1982-06-17,51.16553267531331
1982-06-18,50.879146961718035
1982-06-21,50.89862399515789
1982-06-22,51.19503458392293
1982-06-23,51.700167373567616
1982-06-24,51.73869671949946
1982-06-25,51.41376470136111
1982-06-28,51.64686567300715
1982-06-29,51.90923182520441
1982-06-30,52.122641681937225
1982-07-01,51.76812090409862
1982-07-02,51.420714022302555
1982-07-06,51.25578700056656
1982-07-07,51.177676224498086
1982-07-08,51.40559967871832
1982-07-09,52.03423000772995
1982-07-12,52.88723778651798
1982-07-13,52.90261934250889
1982-07-14,52.877195059394765
1982-07-15,52.89407458157166
1982-07-16,53.39389960966247
1982-07-19,53.49300027354623
1982-07-20,53.87268433127643
1982-07-21,53.83361989308212
1982-07-22,53.94483029653345
1982-07-23,53.637413366079784
1982-07-26,53.221112945359636
1982-07-27,52.826783308698495
1982-07-28,52.18851134861434
1982-07-29,52.09494653837401
1982-07-30,52.030021983256404
1982-08-02,52.79204535600417
1982-08-03,52.43560266168045
1982-08-04,51.82721126651383
1982-08-05,51.39263093926409
1982-08-06,51.00487119462567
1982-08-09,50.57371482254032
1982-08-10,50.485353604849905
1982-08-11,50.42717153780798
1982-08-12,50.46584348841061
1982-08-13,51.177271840064
1982-08-16,51.56752143541516
1982-08-17,53.685586866341005
1982-08-18,53.769954970819946
1982-08-19,53.99052462249271
1982-08-20,55.54955392649166
1982-08-23,56.90337393822837
1982-08-24,56.653344128082345
1982-08-25,57.39795534949561
1982-08-26,57.66005043406475
1982-08-27,56.99842447405266
1982-08-30,57.158494522421236
1982-08-31,58.004092550019145
1982-09-01,57.67342769772623
1982-09-02,58.256551545009664
1982-09-03,59.31753231615469
1982-09-07,58.58821867821181
1982-09-08,58.757658995069484
1982-09-09,58.796163506538264
1982-09-10,58.3966675023925
1982-09-13,59.03640100180602
1982-09-14,59.82227352545837
1982-09-15,60.36832234072864
1982-09-16,60.196685932891654
1982-09-17,59.628267369013976
1982-09-20,59.492526416475734
1982-09-21,60.59797959448387
1982-09-22,60.47446829501753
1982-09-23,60.31871518276383
1982-09-24,60.20544359876226
1982-09-27,60.59592055187131
1982-09-28,60.628115661758144
1982-09-29,59.84107442327235
1982-09-30,59.23366744209437
1982-10-01,59.96977476423357
1982-10-04,59.69359973500497
1982-10-05,59.90045551489236
1982-10-06,61.98588870216777
1982-10-07,63.36261589680398
1982-10-08,64.44761875007124
1982-10-11,65.8772837704346
1982-10-12,65.36910665862453
1982-10-13,66.08974088215211
1982-10-14,64.86140496222674
1982-10-15,64.43793707665252
1982-10-18,66.02298436724561
1982-10-19,66.02412089231456
1982-10-20,67.30365628586064
1982-10-21,67.49904935004021
1982-10-22,67.58934679382313
1982-10-25,65.3387997646984
1982-10-26,65.72739927505418
1982-10-27,66.64513386608454
1982-10-28,66.32328028469628
1982-10-29,66.94133911270279
1982-11-01,67.84540807164903
1982-11-02,68.84702522943238
1982-11-03,71.39316264913775
1982-11-04,71.244261434055
1982-11-05,71.48744976850574
1982-11-08,70.7505447622964
1982-11-09,71.92916781537048
1982-11-10,71.0617694232536
1982-11-11,71.5754287045841
1982-11-12,71.20495786010875
1982-11-15,69.76187642983072
1982-11-16,68.74116165557507
1982-11-17,69.90376252888613
1982-11-18,70.51865418704868
1982-11-19,70.34063328348469
1982-11-22,68.9025409009519
1982-11-23,68.50412682860912
1982-11-24,69.17424047715497
1982-11-26,69.87457854625394
1982-11-29,69.9005668113588
1982-11-30,71.94115897977747
1982-12-01,72.22578608589242
1982-12-02,72.2128180906786
1982-12-03,72.11331204151826
1982-12-06,74.00218303571556
1982-12-07,74.7097329877187
1982-12-08,74.22903168239054
1982-12-09,72.92223011560843
1982-12-10,71.90269659274962
1982-12-13,71.99389758353345
1982-12-14,70.67215729899797
1982-12-15,69.50302770263977
1982-12-16,69.53384246297253
1982-12-17,70.89860283483854
1982-12-20,70.29589648085575
1982-12-21,71.68431945084718
1982-12-22,72.11333480570892
1982-12-23,72.45883883424555
1982-12-27,73.44422076785939
1982-12-28,72.67664163600304
1982-12-29,72.86394060553246
1982-12-30,72.29874014335219
1982-12-31,72.57122500111113
1983-01-03,71.05196617199992
1983-01-04,71.94421395758577
1983-01-05,71.83018002500684
1983-01-06,73.1072145811457
1983-01-07,73.103172127447
1983-01-10,73.89929487195833
1983-01-11,73.60005560214493
1983-01-12,74.06174398953357
1983-01-13,73.70027777330044
1983-01-14,74.15279968836714
1983-01-17,74.52124009823115
1983-01-18,74.36015466031895
1983-01-19,73.56036432734533
1983-01-20,73.47758476710854
1983-01-21,72.31405078695781
1983-01-24,70.74516334637666
1983-01-25,72.0456481018677
1983-01-26,72.12575194522256
1983-01-27,73.79950473804404
1983-01-28,74.30682407081207
1983-01-31,75.07741165449725
1983-02-01,74.18260500905477
1983-02-02,74.23439888629474
1983-02-03,74.78835210040072
1983-02-04,75.93300138618244
1983-02-07,76.30741092257817
1983-02-08,75.76773853111143
1983-02-09,75.5201285013406
1983-02-10,76.68104279503483
1983-02-11,76.94054567461922
1983-02-14,77.88962409682765
1983-02-15,77.55074171235628
1983-02-16,77.08613301156443
1983-02-17,77.02975504635772
1983-02-18,77.43031418509379
1983-02-22,77.01799629326155
1983-02-23,77.83303702587973
1983-02-24,79.0996885551093
1983-02-25,79.03336693525426
1983-02-28,78.62337907513752
1983-03-01,80.23801317298701
1983-03-02,80.63499392222964
1983-03-03,80.97398684680151
1983-03-04,81.16640456052482
1983-03-07,81.06494508508737
1983-03-08,79.80914119408398
1983-03-09,80.58371905079116
1983-03-10,80.01716725986161
1983-03-11,79.92585763281765
1983-03-14,79.45467973013666
1983-03-15,79.90514258609774
1983-03-16,79.50433215744906
1983-03-17,79.59589248645713
1983-03-18,80.06527637149006
1983-03-21,80.7613555705121
1983-03-22,80.79760226209929
1983-03-23,82.01291204442946
1983-03-24,82.28209168809369
1983-03-25,82.0473103851491
1983-03-28,81.51656132646755
1983-03-29,81.49481134182274
1983-03-30,82.34672050668087
1983-03-31,81.47050743886702
1983-04-04,81.23705227684486
1983-04-05,80.80835706311422
1983-04-06,80.26442673109861
1983-04-07,80.54403851161048
1983-04-08,80.95710797804932
1983-04-11,82.15368726168731
1983-04-12,82.67464284529869
1983-04-13,83.67077295271268
1983-04-14,84.62249209804233
1983-04-15,85.15585537436132
1983-04-18,85.71895055081818
1983-04-19,85.03091204767694
1983-04-20,86.46386405471827
1983-04-21,86.31993151907018
1983-04-22,86.61370122946737
1983-04-25,85.59190210978265
1983-04-26,86.87529431412736
1983-04-27,86.60031255103421
1983-04-28,87.50815884521785
1983-04-29,88.26416799185836
1983-05-02,86.93313068025707
1983-05-03,86.86129607152355
1983-05-04,87.71026027366031
1983-05-05,88.75858603767135
1983-05-06,89.94069318416445
1983-05-09,89.90969221892853
1983-05-10,90.11165667504854
1983-05-11,89.10603287749734
1983-05-12,88.73882210092582
1983-05-13,89.52358549691097
1983-05-16,88.6468636150115
1983-05-17,88.74387235366925
1983-05-18,88.59236789115697
1983-05-19,88.0310348667754
1983-05-20,87.96204776636243
1983-05-23,88.66427295602843
1983-05-24,89.59024500855202
1983-05-25,90.15659055494324
1983-05-26,89.75164252535335
1983-05-27,89.37594196875463
1983-05-31,88.31402698301352
1983-06-01,88.68269232115783
1983-06-02,89.8641742123219
1983-06-03,90.66806105477545
1983-06-06,91.38283453276988
1983-06-07,90.56706359802803
1983-06-08,89.99407956030133
1983-06-09,90.31151579341491
1983-06-10,91.03588529999116
1983-06-13,92.15897694538795
1983-06-14,92.70889103065572
1983-06-15,94.10180856697386
1983-06-16,94.9306759414039
1983-06-17,94.46172928604116
1983-06-20,94.503718646091
1983-06-21,95.29935327042776
1983-06-22,95.63652474678764
1983-06-23,95.3423889126166
1983-06-24,95.38856828177279
1983-06-27,93.97024206312106
1983-06-28,91.85806412257655
1983-06-29,92.51212474889498
1983-06-30,93.50755924939486
1983-07-01,93.95705539966382
1983-07-05,92.32132869397175
1983-07-06,92.96746547242807
1983-07-07,92.48150679227986
1983-07-08,92.51513281464798
1983-07-11,93.2502950066708
1983-07-12,91.80535631588867
1983-07-13,91.53848730648689
1983-07-14,91.95251500312239
1983-07-15,90.83478045831542
1983-07-18,90.44766922878105
1983-07-19,91.11543907682464
1983-07-20,93.77756945695161
1983-07-21,94.1475884698499
1983-07-22,94.1606177712864
1983-07-25,94.52657480334665
1983-07-26,95.07596588977071
1983-07-27,93.05172637725971
1983-07-28,91.14773477010934
1983-07-29,89.90307194124827
1983-08-01,89.4187884874642
1983-08-02,89.13411732846996
1983-08-03,89.42918075202223
1983-08-04,88.04715877653173
1983-08-05,88.2114765006808
1983-08-08,86.51530152675748
1983-08-09,86.80133882304747
1983-08-10,87.67698638125843
1983-08-11,87.75374221217419
1983-08-12,88.11403539144395
1983-08-15,89.11902519899238
1983-08-16,88.59847569211648
1983-08-17,89.10059965101671
1983-08-18,88.23990955339333
1983-08-19,88.1794383032297
1983-08-22,87.75231547824238
1983-08-23,86.70790272005856
1983-08-24,85.86700851707594
1983-08-25,85.58531949298504
1983-08-26,86.55512286263519
1983-08-29,86.61396913551953
1983-08-30,86.97999447863627
1983-08-31,88.28065341540277
1983-09-01,88.3816384811463
1983-09-02,89.19401872939936
1983-09-06,90.77014289577895
1983-09-07,90.77269390510887
1983-09-08,90.87364174902929
1983-09-09,90.57716368106283
1983-09-12,89.91980321350381
1983-09-13,89.33190858354672
1983-09-14,89.5949321393347
1983-09-15,89.11616793530573
1983-09-16,90.16570957917286
1983-09-19,91.30193658762494
1983-09-20,92.08994093479045
1983-09-21,91.7830088008655
1983-09-22,92.59227959646138
1983-09-23,92.44107585597817
1983-09-26,92.71408576136267
1983-09-27,91.78765231223207
1983-09-28,91.57131857019314
1983-09-29,91.1292563648101
1983-09-30,90.64026681336213
1983-10-03,90.55911844000426
1983-10-04,91.05463985443306
1983-10-05,91.80271731150881
1983-10-06,93.05532849107037
1983-10-07,93.59626098543646
1983-10-10,94.08696181033608
1983-10-11,92.93435967191704
1983-10-12,92.1500320237049
1983-10-13,92.2837535580506
1983-10-14,92.06548683532995
1983-10-17,92.34604988363542
1983-10-18,90.39351365998334
1983-10-19,89.64182469869237
1983-10-20,89.83696733642735
1983-10-21,89.04523747001697
1983-10-24,88.97761158322382
1983-10-25,89.50346753178505
1983-10-26,89.21638359606236
1983-10-27,89.06040749393303
1983-10-28,88.07912041270798
1983-10-31,87.79585343397048
1983-11-01,87.80297194157369
1983-11-02,88.60434841955903
1983-11-03,87.98003899179913
1983-11-04,87.35045158062863
1983-11-07,86.97941470244727
1983-11-08,86.83530366231321
1983-11-09,88.1274997977438
1983-11-10,88.64643780253323
1983-11-11,89.93169974634394
1983-11-14,90.5009686984852
1983-11-15,89.85500034154057
1983-11-16,90.24745765378702
1983-11-17,90.38165944649839
1983-11-18,90.26775212513144
1983-11-21,90.95025383278644
1983-11-22,91.060932890317
1983-11-23,90.73263835115276
1983-11-25,90.73979423673585
1983-11-28,90.34461542773414
1983-11-29,91.15583920115692
1983-11-30,90.39375179821045
1983-12-01,90.50147194441631
1983-12-02,89.89451039733224
1983-12-05,89.99949344572794
1983-12-06,89.73572621791197
1983-12-07,89.79738514846012
1983-12-08,89.53350341684447
1983-12-09,89.5034442484796
1983-12-12,89.70627630054214
1983-12-13,89.382067531826
1983-12-14,88.51815281748786
1983-12-15,87.77273282125812
1983-12-16,87.91845321122301
1983-12-19,87.77634941036105
1983-12-20,87.60932000717779
1983-12-21,88.51797273761049
1983-12-22,88.32342528738238
1983-12-23,88.22303051008946
1983-12-27,89.03605809313669
1983-12-28,89.7558134254698
1983-12-29,89.37217047464284
1983-12-30,89.48535870458589
1984-01-03,88.8706888362899
1984-01-04,90.18676497080635
1984-01-05,91.380672796251
1984-01-06,91.71413360373339
1984-01-09,91.64131116486715
1984-01-10,91.12487079154958
1984-01-11,90.99939864528972
1984-01-12,90.96065225618727
1984-01-13,90.35190102245109
1984-01-16,90.34235655348326
1984-01-17,90.58335587731457
1984-01-18,90.19538802545536
1984-01-19,89.73069180074089
1984-01-20,89.12802840883619
1984-01-23,88.0402286725792
1984-01-24,87.95402591647303
1984-01-25,86.92016583701883
1984-01-26,86.55197274430341
1984-01-27,86.31613110747044
1984-01-30,85.35468536904156
1984-01-31,85.33147348849793
1984-02-01,84.84371057200659
1984-02-02,85.17209260795022
1984-02-03,83.81875788880312
1984-02-06,82.43063827776332
1984-02-07,82.40783344021386
1984-02-08,81.31593868955389
1984-02-09,81.0156363625004
1984-02-10,81.58877963578028
1984-02-13,80.92731541551113
1984-02-14,81.85079365968426
1984-02-15,81.97717487080806
1984-02-16,81.77464218399213
1984-02-17,81.60498368498938
1984-02-21,80.98884315315236
1984-02-22,80.93149654419678
1984-02-23,80.90083165518966
1984-02-24,82.40768189865298
1984-02-27,83.56822998817603
1984-02-28,82.52341807506524
1984-02-29,82.61571103357203
1984-03-01,83.15040025423464
1984-03-02,83.59823647469491
1984-03-05,82.81521106804124
1984-03-06,81.91080359044814
1984-03-07,80.87664748337475
1984-03-08,80.97442115274046
1984-03-09,80.63861898130634
1984-03-12,81.45708226087875
1984-03-13,81.55617928808141
1984-03-14,81.52111421960635
1984-03-15,82.05915225726501
1984-03-16,82.8577908031594
1984-03-19,82.08570204099946
1984-03-20,82.55487595662753
1984-03-21,82.71958007930188
1984-03-22,81.86558083970145
1984-03-23,82.10904722519531
1984-03-26,81.99155427027719
1984-03-27,82.33916413903512
1984-03-28,83.58920017712347
1984-03-29,83.62062932254143
1984-03-30,83.50263285115709
1984-04-02,82.9539775019793
1984-04-03,82.8089273746709
1984-04-04,82.89535445867082
1984-04-05,81.62333091546205
1984-04-06,81.7556030059421
1984-04-09,81.91802064171844
1984-04-10,82.10838083895013
1984-04-11,82.00607571708639
1984-04-12,83.0945549974539
1984-04-13,83.14445005907052
1984-04-16,83.7476499173063
1984-04-17,84.1584799792049
1984-04-18,83.67426059069712
1984-04-19,83.69484257669852
1984-04-23,83.17651083937295
1984-04-24,83.73000975481675
1984-04-25,83.98505030121436
1984-04-26,84.69593127341392
1984-04-27,84.56156095391214
1984-04-30,84.66200844438973
1984-05-01,85.3321508437436
1984-05-02,85.56026778109725
1984-05-03,85.47413514054449
1984-05-04,85.04749517567433
1984-05-07,85.27783952714206
1984-05-08,85.81915057508492
1984-05-09,86.01564719449685
1984-05-10,86.1081398537156
1984-05-11,85.47013440531262
1984-05-14,84.90543962090248
1984-05-15,85.14941830808968
1984-05-16,85.2258829842447
1984-05-17,84.702290440934
1984-05-18,84.35956576333749
1984-05-21,83.86312078789265
1984-05-22,83.40058464226189
1984-05-23,83.04353664904298
1984-05-24,81.98774774711569
1984-05-25,82.13868805888993
1984-05-29,81.75600061186125
1984-05-30,81.5159576977411
1984-05-31,81.57890156637778
1984-06-01,82.8005511061863
1984-06-04,83.52459325539539
1984-06-05,83.33216539208236
1984-06-06,83.93324482276171
1984-06-07,84.00542053584417
1984-06-08,84.0529751147613
1984-06-11,83.20528635479721
1984-06-12,82.99632315611656
1984-06-13,83.01916682483858
1984-06-14,82.11180079683628
1984-06-15,81.41070322444916
1984-06-18,82.58323111689744
1984-06-19,82.84566302309695
1984-06-20,83.59543047498273
1984-06-21,83.47714593690752
1984-06-22,83.53233458702117
1984-06-25,83.34031535822183
1984-06-26,82.95871089617253
1984-06-27,82.36127824304097
1984-06-28,82.78057849597644
1984-06-29,83.00226018402962
1984-07-02,83.11224500250759
1984-07-03,83.3041328468254
1984-07-05,83.03057924123252
1984-07-06,82.92911262121777
1984-07-09,83.26267704967326
1984-07-10,82.95115937252538
1984-07-11,82.16281363974942
1984-07-12,81.86271876701844
1984-07-13,82.37809401040296
1984-07-16,82.63411112440315
1984-07-17,82.87363752088015
1984-07-18,82.42780951802284
1984-07-19,82.05552641746065
1984-07-20,81.75164462437476
1984-07-23,81.30395444653932
1984-07-24,80.93699525424034
1984-07-25,81.19623297829871
1984-07-26,81.50101119643658
1984-07-27,81.51648129072436
1984-07-30,80.96017241973968
1984-07-31,80.69287639607062
1984-08-01,82.06619845335888
1984-08-02,83.59715457564914
1984-08-03,84.86210871778827
1984-08-06,84.79896985469632
1984-08-07,84.95638748441743
1984-08-08,85.12628177245928
1984-08-09,86.71904083040914
1984-08-10,86.98194996557737
1984-08-13,86.56359790387882
1984-08-14,86.29450237875027
1984-08-15,85.70937897293436
1984-08-16,86.096183509224
1984-08-17,86.23069411990188
1984-08-20,86.78544802350568
1984-08-21,87.96112933545193
1984-08-22,87.80212709520141
1984-08-23,87.82872312694519
1984-08-24,87.94190905624815
1984-08-27,87.71892753422573
1984-08-28,88.13711759047078
1984-08-29,88.24574226539164
1984-08-30,88.02874700492508
1984-08-31,88.1550024483369
1984-09-04,87.61570240282337
1984-09-05,87.49146331791333
1984-09-06,88.22714033398562
1984-09-07,87.7369547856823
1984-09-10,87.71272259956677
1984-09-11,87.91635304540755
1984-09-12,87.96270314760844
1984-09-13,89.301374965836
1984-09-14,89.77063996682834
1984-09-17,89.88781573485046
1984-09-18,89.61295195498374
1984-09-19,89.47976528332299
1984-09-20,90.14265642573903
1984-09-21,89.53445796005951
1984-09-24,89.6431339758045
1984-09-25,89.91174225643638
1984-09-26,90.21473844586909
1984-09-27,90.72854792249596
1984-09-28,90.22176117804128
1984-10-01,89.71834972450505
1984-10-02,89.2059128301352
1984-10-03,88.39201013102459
1984-10-04,88.56904803730237
1984-10-05,88.44829510146478
1984-10-08,88.09719139274455
1984-10-09,87.95501465764815
1984-10-10,87.82107735161667
1984-10-11,88.12610984578549
1984-10-12,88.84944456097595
1984-10-15,89.49755579966138
1984-10-16,89.12557599818398
1984-10-17,88.57933043421848
1984-10-18,89.90500886034138
1984-10-19,90.03059500329233
1984-10-22,89.53264421749029
1984-10-23,89.31995040161846
1984-10-24,89.37689497229614
1984-10-25,89.34552497242736
1984-10-26,89.12911733396533
1984-10-29,88.80704458143268
1984-10-30,89.62135588783902
1984-10-31,89.44090254113432
1984-11-01,90.09806310284604
1984-11-02,90.03295336855791
1984-11-05,90.61693146146432
1984-11-06,91.55481422683286
1984-11-07,91.11057509225755
1984-11-08,90.93551234010798
1984-11-09,90.67373954626103
1984-11-12,90.44673799476588
1984-11-13,89.90665584028308
1984-11-14,89.89691289196665
1984-11-15,90.25914892896014
1984-11-16,89.74804012963067
1984-11-19,89.16475762662532
1984-11-20,89.65195706874084
1984-11-21,89.88240261603592
1984-11-23,90.85678613960778
1984-11-26,90.0161456197953
1984-11-27,90.31801524565115
1984-11-28,89.99568874093363
1984-11-29,89.77053296195803
1984-11-30,89.80293181156736
1984-12-03,89.47964348203836
1984-12-04,89.65731273196566
1984-12-05,89.60539440933009
1984-12-06,89.92362815697513
1984-12-07,89.89272372893545
1984-12-10,90.05082983642026
1984-12-11,89.93911346126035
1984-12-12,89.70271439281487
1984-12-13,89.29167227620317
1984-12-14,89.70489972341579
1984-12-17,90.31978523778565
1984-12-18,91.99457221053382
1984-12-19,91.27947631254412
1984-12-20,91.2739333766318
1984-12-21,90.98539289801568
1984-12-24,91.5438567676874
1984-12-26,91.47338261249234
1984-12-27,91.18155450697309
1984-12-28,91.48400386609542
1984-12-31,91.96847679514389
1985-01-02,91.17808966682269
1985-01-03,91.03756890984272
1985-01-04,90.67241031540091
1985-01-07,90.85136997825032
1985-01-08,90.86527025807621
1985-01-09,91.41995156829027
1985-01-10,92.62592333046507
1985-01-11,92.3592587395541
1985-01-14,93.25271319527832
1985-01-15,93.32561242083187
1985-01-16,93.51933574181673
1985-01-17,93.41409806927176
1985-01-18,93.70582478088535
1985-01-21,94.93395722507361
1985-01-22,94.95270348260338
1985-01-23,95.44730396784954
1985-01-24,95.19248951452651
1985-01-25,95.33192335244313
1985-01-28,95.19507005252983
1985-01-29,95.76005124132251
1985-01-30,96.23842536070708
1985-01-31,96.51339405703823
1985-02-01,96.38538061362065
1985-02-04,97.03739167325146
1985-02-05,97.32528131530744
1985-02-06,97.68471765328117
1985-02-07,98.49553274197379
1985-02-08,98.7414985839787
1985-02-11,98.13646715533801
1985-02-12,98.33012973353185
1985-02-13,99.63345537012235
1985-02-14,99.62066667380857
1985-02-15,99.45345097102454
1985-02-19,99.473302724296
1985-02-20,99.4583424076161
1985-02-21,99.01809276812467
1985-02-22,98.45529420611592
1985-02-25,98.21196665061582
1985-02-26,98.99150669373815
1985-02-27,98.97219713987003
1985-02-28,99.15727165283768
1985-03-01,100.2865838911126
1985-03-04,99.80291790434248
1985-03-05,99.85970680040731
1985-03-06,99.28021268771539
1985-03-07,98.96080108568577
1985-03-08,98.94813393271258
1985-03-11,98.84472613886504
1985-03-12,99.42543016021092
1985-03-13,98.75294326837613
1985-03-14,98.77968523409528
1985-03-15,98.5238938586787
1985-03-18,98.83602059735585
1985-03-19,100.12405723181503
1985-03-20,99.96276670481839
1985-03-21,100.19403876547845
1985-03-22,100.27096257942698
1985-03-25,99.948094222785
1985-03-26,100.01195602025072
1985-03-27,100.52792128276407
1985-03-28,100.48185639671941
1985-03-29,101.00416163858789
1985-04-01,101.54121546871505
1985-04-02,101.55677060317811
1985-04-03,100.73200902721521
1985-04-04,100.61405246636855
1985-04-08,100.4746976683284
1985-04-09,100.509145527801
1985-04-10,101.00894685614695
1985-04-11,101.50604021573359
1985-04-12,101.737126819042
1985-04-15,101.88021098728161
1985-04-16,102.00782807310539
1985-04-17,102.01591870468208
1985-04-18,101.81952207701437
1985-04-19,102.03905468393141
1985-04-22,101.93174823881306
1985-04-23,102.44305621558692
1985-04-24,102.62218986271078
1985-04-25,103.05230400161459
1985-04-26,102.89613529100171
1985-04-29,102.0192259423817
1985-04-30,101.41505741499138
1985-05-01,100.54989270641171
1985-05-02,100.7248417411331
1985-05-03,101.27052142559239
1985-05-06,101.37421275228319
1985-05-07,101.9214030929233
1985-05-08,102.06420149308909
1985-05-09,102.8681705803422
1985-05-10,103.95206691389832
1985-05-13,104.12329029800642
1985-05-14,104.14950875790127
1985-05-15,104.64810954342408
1985-05-16,105.48959262595834
1985-05-17,106.69127619918154
1985-05-20,107.63046272862073
1985-05-21,107.33812269355474
1985-05-22,106.61173577636748
1985-05-23,106.0566161336195
1985-05-24,106.45583724953549
1985-05-28,106.57525157459423
1985-05-29,106.5042251558493
1985-05-30,106.75945313691855
1985-05-31,107.88088080148418
1985-06-03,108.25649717551035
1985-06-04,108.8703846669827
1985-06-05,109.32427420987446
1985-06-06,109.69859968647205
1985-06-07,109.44325034555092
1985-06-10,109.12286955973805
1985-06-11,108.99740211820904
1985-06-12,108.63796806420173
1985-06-13,107.86778845904945
1985-06-14,108.68260787409135
1985-06-17,108.74306134596179
1985-06-18,109.40628140502545
1985-06-19,109.32808416259631
1985-06-20,109.32605636737827
1985-06-21,110.58260146515175
1985-06-24,110.3444459477178
1985-06-25,110.4867995090409
1985-06-26,110.3344604546782
1985-06-27,110.92085124385456
1985-06-28,111.51685477360209
1985-07-01,111.74339827995249
1985-07-02,111.62795228590765
1985-07-03,111.63325016483394
1985-07-05,112.25571367380701
1985-07-08,112.19405665446146
1985-07-09,111.92228202545986
1985-07-10,112.58276868014227
1985-07-11,113.15599446522967
1985-07-12,113.36279755468887
1985-07-15,112.99094398933347
1985-07-16,113.71565336196068
1985-07-17,113.86499407298977
1985-07-18,112.91283262556594
1985-07-19,112.74632652681207
1985-07-22,111.95936568195289
1985-07-23,109.81456772410874
1985-07-24,108.627178017178
1985-07-25,108.5752041014029
1985-07-26,108.36817664865049
1985-07-29,106.95997936317009
1985-07-30,107.25617916625461
1985-07-31,107.7992637121065
1985-08-01,108.6474310155641
1985-08-02,108.28046115161142
1985-08-05,107.53505755338053
1985-08-06,106.50810492726123
1985-08-07,106.28421551472394
1985-08-08,107.53857163143986
1985-08-09,107.42327372423306
1985-08-12,107.28922777803962
1985-08-13,107.13703860395744
1985-08-14,107.23843034090982
1985-08-15,107.36836919530138
1985-08-16,106.84152160536125
1985-08-19,107.07793952747534
1985-08-20,107.86306014726821
1985-08-21,108.3919919270554
1985-08-22,107.83046525535224
1985-08-23,107.70368339209165
1985-08-26,107.67580094486222
1985-08-27,108.18170162795147
1985-08-28,108.65065044542764
1985-08-29,108.60481790688038
1985-08-30,108.60028806467731
1985-09-03,108.3616668063015
1985-09-04,108.27011119255751
1985-09-05,108.22350608406587
1985-09-06,108.35866190408053
1985-09-09,108.54013765940603
1985-09-10,107.7753203249469
1985-09-11,106.65699509154618
1985-09-12,105.52217483821875
1985-09-13,104.92820176800699
1985-09-16,105.05957799750557
1985-09-17,104.34684692957975
1985-09-18,104.45900520629542
1985-09-19,105.30442785032656
1985-09-20,105.0814718878221
1985-09-23,105.69799889222372
1985-09-24,105.32831763187158
1985-09-25,104.61686912675331
1985-09-26,104.31955089462453
1985-09-30,104.53164465862864
1985-10-01,105.9036034999554
1985-10-02,105.83559960080677
1985-10-03,105.94329413281228
1985-10-04,105.75259593885225
1985-10-07,105.13446755786771
1985-10-08,105.29973871437603
1985-10-09,105.6818861516928
1985-10-10,106.0742059207084
1985-10-11,106.83146008562797
1985-10-14,107.77433462510166
1985-10-15,107.38923131672489
1985-10-16,108.22850041198998
1985-10-17,108.27874346970665
1985-10-18,108.05546618692308
1985-10-21,108.13414091951704
1985-10-22,108.64341720273012
1985-10-23,109.12069599168854
1985-10-24,109.03672803391076
1985-10-25,108.56044958752484
1985-10-28,108.71839225754944
1985-10-29,109.8890816698422
1985-10-30,110.62900230028983
1985-10-31,110.5019318451373
1985-11-01,111.61144553589887
1985-11-04,111.48679513703057
1985-11-05,112.16882480673488
1985-11-06,112.55056160777359
1985-11-07,112.63542669810558
1985-11-08,113.76509040406256
1985-11-11,115.69083758733973
1985-11-12,116.47096261254713
1985-11-13,115.9002582201537
1985-11-14,116.89405714211465
1985-11-15,116.31570214836131
1985-11-18,116.62831967441736
1985-11-19,116.54033851937288
1985-11-20,116.89827858608338
1985-11-21,118.1371387848011
1985-11-22,118.361040578348
1985-11-25,117.77526990103063
1985-11-26,118.26748791055437
1985-11-27,119.41375798484653
1985-11-29,119.58010630570581
1985-12-02,118.8801824296828
1985-12-03,119.19120639968577
1985-12-04,120.87734606831832
1985-12-05,120.81381409614316
1985-12-06,120.14793784201642
1985-12-09,121.08204251507307
1985-12-10,121.57490327157304
1985-12-11,122.7725447466756
1985-12-12,123.1147187975149
1985-12-13,124.93216341392619
1985-12-16,125.9727127753046
1985-12-17,125.28495143219084
1985-12-18,124.67532766237207
1985-12-19,124.80867982708283
1985-12-20,125.37751107854207
1985-12-23,124.51791696638406
1985-12-24,123.6477539305612
1985-12-26,123.68313995650738
1985-12-27,124.60943079662349
1985-12-30,124.97097855767566
1985-12-31,125.57449032776871
1986-01-02,124.79773362630513
1986-01-03,125.48064899575414
1986-01-06,125.53052465121927
1986-01-07,127.41045135994035
1986-01-08,124.7063457941579
1986-01-09,123.04404688866012
1986-01-10,123.14211049890807
1986-01-13,123.5550096603196
1986-01-14,123.73451817257269
1986-01-15,124.65235189712135
1986-01-16,125.18855673501197
1986-01-17,125.24423562782638
1986-01-20,124.75519841009013
1986-01-21,123.8974736644611
1986-01-22,122.97107045691384
1986-01-23,123.069445804689
1986-01-24,124.0550016488245
1986-01-27,124.94902255396136
1986-01-28,126.51733289769616
1986-01-29,127.20077690270031
1986-01-30,126.86586167981604
1986-01-31,128.1812557725309
1986-02-03,129.66660051350507
1986-02-04,129.59600661138856
1986-02-05,129.78345164381972
1986-02-06,129.7638662235664
1986-02-07,129.8585795550828
1986-02-10,130.6919264731098
1986-02-11,130.8127690083973
1986-02-12,131.15852355627635
1986-02-13,131.71341863002746
1986-02-14,132.58164960908226
1986-02-18,134.5053496912845
1986-02-19,133.17156638440136
1986-02-20,134.52843919601935
1986-02-21,135.70345799152827
1986-02-24,135.3401014090551
1986-02-25,135.15715246816268
1986-02-26,135.48329240785654
1986-02-27,137.63783033209373
1986-02-28,138.74120512474926
1986-03-03,138.45343643204762
1986-03-04,138.31808155084065
1986-03-05,137.84108818866054
1986-03-06,138.55195101455965
1986-03-07,139.2463489595024
1986-03-10,139.76268784336543
1986-03-11,142.13696852911892
1986-03-12,142.98301319874378
1986-03-13,143.45046605351436
1986-03-14,145.6192650125294
1986-03-17,144.03239503792673
1986-03-18,144.6540423646316
1986-03-19,144.36279329828562
1986-03-20,144.81836199162566
1986-03-21,143.732294458907
1986-03-24,144.63617410290598
1986-03-25,144.23420257260895
1986-03-26,145.83500666596808
1986-03-27,147.07340626828488
1986-03-31,147.3538155785372
1986-04-01,145.53474688239695
1986-04-02,145.41833095474368
1986-04-03,143.66257774599697
1986-04-04,141.23871779581233
1986-04-07,140.85377654440842
1986-04-08,144.0818810314483
1986-04-09,144.87929626312263
1986-04-10,146.46295657047207
1986-04-11,146.414813732037
1986-04-14,147.16963427213668
1986-04-15,147.1407907780695
1986-04-16,150.22844786244664
1986-04-17,151.26129491294333
1986-04-18,151.49976326827806
1986-04-21,152.88942019666015
1986-04-22,151.50852924688294
1986-04-23,150.88320673099042
1986-04-24,151.01441404387452
1986-04-25,150.69739480171432
1986-04-28,150.827208440412
1986-04-29,149.6834738057016
1986-04-30,146.76029205188496
1986-05-01,146.40266811018614
1986-05-02,146.1072995348348
1986-05-05,147.93646578312314
1986-05-06,147.5335260329414
1986-05-07,147.14061017841206
1986-05-08,147.69774950375702
1986-05-09,147.93827510895025
1986-05-12,147.6154481350808
1986-05-13,147.17731888988592
1986-05-14,148.4586423449151
1986-05-15,146.62085773556143
1986-05-16,145.81053272928955
1986-05-19,145.97051393499603
1986-05-20,147.7229731056425
1986-05-21,147.60826252954192
1986-05-22,150.62526352969383
1986-05-23,151.4512120635236
1986-05-27,153.89450445810775
1986-05-28,155.259270789798
1986-05-29,156.15783905068935
1986-05-30,155.7317478493089
1986-06-02,154.60875820296724
1986-06-03,154.90312870787258
1986-06-04,154.41760082889388
1986-06-05,155.29782106629457
1986-06-06,155.92671116282128
1986-06-09,152.64778701864918
1986-06-10,152.35671812979058
1986-06-11,153.5314694174899
1986-06-12,154.0627113946277
1986-06-13,156.7641116543399
1986-06-16,156.94331119110166
1986-06-17,156.35422999348236
1986-06-18,156.53786510613185
1986-06-19,156.27018007714125
1986-06-20,157.6473076359619
1986-06-23,156.9197901460431
1986-06-24,158.2986166856108
1986-06-25,159.5284405343233
1986-06-26,159.48483230799172
1986-06-27,159.8022860321568
1986-06-30,160.84144640895354
1986-07-01,162.26910446221189
1986-07-02,162.86523072877378
1986-07-03,162.34740263485145
1986-07-07,156.04379528658328
1986-07-08,152.68540714459988
1986-07-09,154.52641989174458
1986-07-10,154.39246930955653
1986-07-11,154.31567498634834
1986-07-14,150.7912348920445
1986-07-15,148.0853894086683
1986-07-16,149.05743584014837
1986-07-17,150.48518537675238
1986-07-18,150.6272191227817
1986-07-21,149.91828446573146
1986-07-22,151.52532108732095
1986-07-23,151.97926269942434
1986-07-24,151.4871334398945
1986-07-25,152.71713793413414
1986-07-28,149.71011703876923
1986-07-29,148.73760401772915
1986-07-30,149.77007907620967
1986-07-31,149.97067318448032
1986-08-01,149.3489312201907
1986-08-04,149.08271600169633
1986-08-05,148.947227613023
1986-08-06,148.4956304851272
1986-08-07,148.60816541346702
1986-08-08,148.29439832238498
1986-08-11,150.7545188136623
1986-08-12,152.41405675935567
1986-08-13,153.94540166318671
1986-08-14,154.65647925409007
1986-08-15,154.79346510922156
1986-08-18,154.8395367020486
1986-08-19,154.28309991392115
1986-08-20,155.08276789420015
1986-08-21,155.10423301333702
1986-08-22,155.1045634314919
1986-08-25,153.07073260794886
1986-08-26,155.2349810026751
1986-08-27,154.93580644045053
1986-08-28,154.79889533695646
1986-08-29,154.97577994162427
1986-09-02,152.30287082680138
1986-09-03,152.6194730445166
1986-09-04,154.2052639132634
1986-09-05,151.97556256289943
1986-09-08,149.88886424814413
1986-09-09,149.43312331595325
1986-09-10,148.55426898616966
1986-09-11,141.59690725306703
1986-09-12,138.8615301174433
1986-09-15,139.08806526266721
1986-09-16,138.81225857546704
1986-09-17,138.9078295464864
1986-09-18,139.12929648000704
1986-09-19,138.84347973356824
1986-09-22,140.60907667118914
1986-09-23,141.93859506930826
1986-09-24,142.76884728055734
1986-09-25,140.36233249104595
1986-09-26,140.27323806747123
1986-09-29,138.8672963969722
1986-09-30,139.7971164433999
1986-10-01,141.11837438424453
1986-10-02,141.7846472883769
1986-10-03,141.76162248426502
1986-10-06,142.21852063286104
1986-10-07,142.11911008800692
1986-10-08,143.1069245462584
1986-10-09,143.36171481413774
1986-10-10,143.26959287635697
1986-10-13,143.43437315687314
1986-10-14,143.44487588824495
1986-10-15,145.25140946534893
1986-10-16,146.04961552021135
1986-10-17,145.68589224894217
1986-10-20,144.2542284974787
1986-10-21,144.18646373148408
1986-10-22,144.47555657530262
1986-10-23,146.0084273593188
1986-10-24,145.7041497304786
1986-10-27,146.09274310382537
1986-10-28,146.90159427022832
1986-10-29,147.99827451238488
1986-10-30,149.42179970141487
1986-10-31,149.17582184637948
1986-11-03,149.78786862355986
1986-11-04,149.94755169393363
1986-11-05,150.19108365699537
1986-11-06,150.2255101142721
1986-11-07,150.01087609932887
1986-11-10,150.2805472262034
1986-11-11,150.62201807387208
1986-11-12,150.36529518648368
1986-11-13,148.51219983485979
1986-11-14,148.8536317202195
1986-11-17,147.76969126382147
1986-11-18,144.34931058254762
1986-11-19,144.3991958847361
1986-11-20,146.9633487023042
1986-11-21,149.26904375682528
1986-11-24,150.10551434905875
1986-11-25,150.30866436048822
1986-11-26,150.9790619210803
1986-11-28,151.04414177516855
1986-12-01,150.5648520517402
1986-12-02,153.39327486109067
1986-12-03,153.78000009945208
1986-12-04,153.79104974141327
1986-12-05,152.60302722255
1986-12-08,152.50761965004548
1986-12-09,151.69517633297184
1986-12-10,152.47560572057714
1986-12-11,150.95387781754894
1986-12-12,149.8665631054907
1986-12-15,149.8853413186246
1986-12-16,151.2452240537061
1986-12-17,149.97509674498113
1986-12-18,149.58872023981573
1986-12-19,150.8812439836931
1986-12-22,150.40583915556692
1986-12-23,149.0894934707372
1986-12-24,149.80749174459186
1986-12-26,150.3640000790951
1986-12-29,148.86186975963255
1986-12-30,147.86583517955998
1986-12-31,147.15636787831372
1987-01-02,149.90772220919803
1987-01-05,153.6249636231954
1987-01-06,154.14300591701834
1987-01-07,155.77331698030298
1987-01-08,157.15873742358835
1987-01-09,157.78758498776034
1987-01-12,158.4303114081203
1987-01-13,158.454543818843
1987-01-14,159.6712929736139
1987-01-15,161.4335062834419
1987-01-16,161.73887540983077
1987-01-19,163.04166624085877
1987-01-20,162.873767495429
1987-01-21,162.39948733417395
1987-01-22,165.35109599251558
1987-01-23,163.56085322392337
1987-01-26,163.3113065761518
1987-01-27,165.62216829800457
1987-01-28,167.12119610465027
1987-01-29,166.42829969369924
1987-01-30,166.20314081482283
1987-02-02,167.28939758390248
1987-02-03,167.22050356229065
1987-02-04,169.87665763461985
1987-02-05,170.89138059034428
1987-02-06,170.7035340235873
1987-02-09,169.69090560003255
1987-02-10,168.02039915569063
1987-02-11,169.1208404081622
1987-02-12,167.97468163088482
1987-02-13,170.0869178595379
1987-02-17,173.94364525653378
1987-02-18,173.76122341227097
1987-02-19,173.1355983234537
1987-02-20,172.8739236761014
1987-02-23,171.02566966809977
1987-02-24,171.10920926613377
1987-02-25,172.03774650792326
1987-02-26,172.08860420027077
1987-02-27,172.86841031919153
1987-03-02,172.1897493869612
1987-03-03,173.25769686334752
1987-03-04,175.61614651810726
1987-03-05,176.67405170251624
1987-03-06,176.9367939022323
1987-03-09,175.67855860148313
1987-03-10,177.2072196089869
1987-03-11,177.59621819607744
1987-03-12,178.31011123941434
1987-03-13,177.8810416852793
1987-03-16,177.17885662112425
1987-03-17,180.0132973823192
1987-03-18,180.94319912810892
1987-03-19,181.25786101091495
1987-03-20,183.56705474893286
1987-03-23,185.5895428668479
1987-03-24,185.58561641461287
1987-03-25,184.59775370702818
1987-03-26,185.48311271182405
1987-03-27,182.81827353886632
1987-03-30,178.4197001990261
1987-03-31,180.02497351662055
1987-04-01,181.13414843580068
1987-04-02,182.4854405016113
1987-04-03,186.49412175405166
1987-04-06,187.5436070545182
1987-04-07,184.6847616907653
1987-04-08,184.68605352378302
1987-04-09,182.18475650683445
1987-04-10,182.19212177295103
1987-04-13,178.0563562847955
1987-04-14,173.71870278243705
1987-04-15,176.782445030027
1987-04-16,178.6597340618164
1987-04-20,177.75845791909626
1987-04-21,181.59742290391844
1987-04-22,178.50936054659948
1987-04-23,178.15309573635372
1987-04-24,175.0451570936192
1987-04-27,174.13059377705702
1987-04-28,174.16614488933197
1987-04-29,174.92065159436373
1987-04-30,177.12837180547697
1987-05-01,176.4487192658151
1987-05-04,176.98841549484362
1987-05-05,180.80525315595438
1987-05-06,181.02661883735823
1987-05-07,181.40638632971886
1987-05-08,181.44438542490224
1987-05-11,180.9718061856533
1987-05-12,181.66329591142642
1987-05-13,182.02974113335833
1987-05-14,181.9878879860489
1987-05-15,178.10935527498668
1987-05-18,177.87673101460635
1987-05-19,173.8753693689349
1987-05-20,173.31365105860226
1987-05-21,174.251731440963
1987-05-22,175.1451768849108
1987-05-26,178.75122730599978
1987-05-27,178.7935053322464
1987-05-28,179.93527155811958
1987-05-29,180.2143373944411
1987-06-01,180.24267736252986
1987-06-02,179.70326984579674
1987-06-03,182.2045202294382
1987-06-04,183.09278058223313
1987-06-05,182.27129978862618
1987-06-08,183.79679626892
1987-06-09,183.9078064905091
1987-06-10,183.67486641010422
1987-06-11,183.9974035219332
1987-06-12,185.44086936835046
1987-06-15,186.20487119715278
1987-06-16,186.64310719126092
1987-06-17,186.51747708136912
1987-06-18,186.67492720265759
1987-06-19,187.24780738293416
1987-06-22,189.1872372197471
1987-06-23,188.80604798076752
1987-06-24,188.1864531391916
1987-06-25,189.75414054489136
1987-06-26,189.13191184493655
1987-06-29,190.31193890527356
1987-06-30,188.2017569753963
1987-07-01,187.3148785516346
1987-07-02,188.78551195309618
1987-07-06,188.90248833115973
1987-07-07,190.85748297437425
1987-07-08,191.34272855573883
1987-07-09,191.20049583599348
1987-07-10,191.5593285889746
1987-07-13,190.97215811581196
1987-07-14,192.52671473750257
1987-07-15,192.62782155318519
1987-07-16,193.673464949966
1987-07-17,194.55060038767314
1987-07-20,193.31701251660462
1987-07-21,192.00515473387395
1987-07-22,191.2432404237279
1987-07-23,190.91695236366957
1987-07-24,191.40792954990334
1987-07-27,191.55868418072126
1987-07-28,192.39700406181055
1987-07-29,193.8362137691468
1987-07-30,195.3029485728187
1987-07-31,196.2781487910479
1987-08-03,197.25480591858354
1987-08-04,196.50810154128007
1987-08-05,196.84225148791728
1987-08-06,198.11450021223422
1987-08-07,198.39902591379573
1987-08-10,200.67241238891543
1987-08-11,202.5135768700391
1987-08-12,201.94088787941098
1987-08-13,201.8840406915349
1987-08-14,201.21850902329544
1987-08-17,200.98480293238055
1987-08-18,198.40385016472615
1987-08-19,198.9588621134741
1987-08-20,201.84938787704903
1987-08-21,202.5339358676116
1987-08-24,201.2988512658991
1987-08-25,202.71422094288195
1987-08-26,202.1450861148215
1987-08-27,201.34527899573217
1987-08-28,199.04440880594018
1987-08-31,200.83549178406702
1987-09-01,197.75538856721388
1987-09-02,196.09349642873897
1987-09-03,195.24600453364192
1987-09-04,193.1911061478908
1987-09-08,191.2104145895952
1987-09-09,191.59539114435987
1987-09-10,193.92305428241272
1987-09-11,196.38311986383792
1987-09-14,196.2630946836401
1987-09-15,193.92466328165287
1987-09-16,192.1615703878773
1987-09-17,191.99081314068982
1987-09-18,192.38615363545063
1987-09-21,190.36554839343688
1987-09-22,195.05035220557127
1987-09-23,196.69006825787218
1987-09-24,196.60138983786516
1987-09-25,197.22055063805854
1987-09-28,199.03360713970528
1987-09-29,198.35916019242276
1987-09-30,198.6098205083376
1987-10-01,201.26707409044195
1987-10-02,202.6001952065194
1987-10-05,202.82334994242402
1987-10-06,197.67224609656034
1987-10-07,196.86722973578648
1987-10-08,194.22759389427804
1987-10-09,192.5306896100107
1987-10-12,191.2223186980245
1987-10-13,194.27906853540438
1987-10-14,188.7936647882491
1987-10-15,184.35226579211346
1987-10-16,175.4967568758014
1987-10-19,144.36992163267465
1987-10-20,148.57134363474555
1987-10-21,161.89820199282664
1987-10-22,156.13740836734164
1987-10-23,156.25862357113968
1987-10-26,144.31608486462295
1987-10-27,147.77849277133683
1987-10-28,147.44249838252628
1987-10-29,153.7425989384367
1987-10-30,158.8534481317925
1987-11-02,160.61201082008927
1987-11-03,157.6451377369587
1987-11-04,156.5886169521787
1987-11-05,160.0362973616085
1987-11-06,158.13795011545704
1987-11-09,153.88836360387435
1987-11-10,151.61295215232096
1987-11-11,152.78073305100474
1987-11-12,156.98440046671993
1987-11-13,155.8552977940197
1987-11-16,156.6875073761805
1987-11-17,154.7938465692223
1987-11-18,156.3787653775935
1987-11-19,152.99264803514396
1987-11-20,154.19596952934836
1987-11-23,154.6840234989218
1987-11-24,156.75025098717921
1987-11-25,155.78723007471984
1987-11-27,153.7525480848572
1987-11-30,147.6564639199342
1987-12-01,148.62474327505234
1987-12-02,149.34637957477477
1987-12-03,144.4618388626149
1987-12-04,143.19933040377708
1987-12-07,145.9385108655744
1987-12-08,149.4295121280017
1987-12-09,151.22744361803638
1987-12-10,147.60978521045558
1987-12-11,148.8860028508294
1987-12-14,152.1149566001596
1987-12-15,151.72763523793503
1987-12-16,154.9487388221588
1987-12-17,152.3767610198611
1987-12-18,156.111760904953
1987-12-21,156.08311554118097
1987-12-22,156.214326077843
1987-12-23,158.39340804932513
1987-12-24,157.73305184088022
1987-12-28,153.7824809440241
1987-12-29,153.30788056235855
1987-12-30,155.32770467722688
1987-12-31,154.97850665844408
1988-01-04,160.55792188266463
1988-01-05,162.9143198857385
1988-01-06,162.42452506398163
1988-01-07,164.20117384701348
1988-01-08,155.05233324024124
1988-01-11,156.6327987320599
1988-01-12,155.8713328694954
1988-01-13,156.0027517679095
1988-01-14,156.17266666798454
1988-01-15,160.2106323408235
1988-01-18,160.23145360106705
1988-01-19,159.2394785991409
1988-01-20,155.4434463630003
1988-01-21,155.44321146921513
1988-01-22,157.68198621323336
1988-01-25,161.4112942015327
1988-01-26,160.0634704128108
1988-01-27,159.95183587959252
1988-01-28,162.8330889282822
1988-01-29,165.32369005902189
1988-02-01,164.10745632031063
1988-02-02,165.07266131113752
1988-02-03,163.58864995963827
1988-02-04,163.62410006067424
1988-02-05,163.06233501699708
1988-02-08,162.15260497301142
1988-02-09,163.7327489381407
1988-02-10,166.84526330227564
1988-02-11,166.32010106554725
1988-02-12,167.16559811806846
1988-02-16,168.17670261611605
1988-02-17,167.67335748189527
1988-02-18,167.36752593186034
1988-02-19,169.49438351834553
1988-02-22,171.5636248568141
1988-02-23,170.95132939647056
1988-02-24,170.3628593195959
1988-02-25,168.43485029719403
1988-02-26,168.57655294273397
1988-02-29,171.92082193440766
1988-03-01,171.43799450611547
1988-03-02,171.63009282456068
1988-03-03,171.5613349381489
1988-03-04,171.45955680786753
1988-03-07,171.25981815743006
1988-03-08,172.05197101087856
1988-03-09,171.291157345652
1988-03-10,169.30632653562174
1988-03-11,169.99520299771785
1988-03-14,170.7254620556074
1988-03-15,171.06270390227348
1988-03-16,172.82855413344552
1988-03-17,174.3904334033682
1988-03-18,174.7014113479159
1988-03-21,173.46505326984158
1988-03-22,173.21197485505581
1988-03-23,173.38921485313077
1988-03-24,170.10974754699313
1988-03-25,167.99756894984537
1988-03-28,167.62292315684272
1988-03-29,168.6814463687341
1988-03-30,167.94585171022717
1988-03-31,168.89983110208487
1988-04-04,167.1055489080122
1988-04-05,168.23580659845723
1988-04-06,171.92944321470335
1988-04-07,172.3373253149072
1988-04-08,173.9159563912579
1988-04-11,173.90883307700773
1988-04-12,174.53800713825777
1988-04-13,174.42957212690033
1988-04-14,168.31960947406037
1988-04-15,167.81562253243368
1988-04-18,167.4505418180873
1988-04-19,167.1811316446485
1988-04-20,165.97202990588494
1988-04-21,166.14663631788477
1988-04-22,168.07634786734508
1988-04-25,169.28218179365356
1988-04-26,169.96093865460824
1988-04-27,170.02174537431026
1988-04-28,169.35854213697394
1988-04-29,169.20979679911306
1988-05-02,169.11076350464316
1988-05-03,169.98537087931624
1988-05-04,168.62049567615443
1988-05-05,167.99299070332134
1988-05-06,167.96058586648965
1988-05-09,167.6872606117658
1988-05-10,168.47353496846063
1988-05-11,166.1765057863205
1988-05-12,166.9683786183072
1988-05-13,168.50114033238697
1988-05-16,169.09596652284924
1988-05-17,167.41595617050677
1988-05-18,165.78799700559784
1988-05-19,166.5343817304645
1988-05-20,166.71296006140352
1988-05-23,165.51400731636167
1988-05-24,166.84286550641806
1988-05-25,167.1884354397629
1988-05-26,167.78820958687666
1988-05-27,167.17664323767107
1988-05-31,171.9134952355915
1988-06-01,174.39104304459462
1988-06-02,173.2899662153452
1988-06-03,174.06862943759242
1988-06-06,173.92102495693786
1988-06-07,173.0254209083972
1988-06-08,176.60793124114784
1988-06-09,176.1025150699735
1988-06-10,176.80039306605354
1988-06-13,176.59673755983724
1988-06-14,178.34161606053445
1988-06-15,178.13459594891148
1988-06-16,175.87074722265868
1988-06-17,176.49354442993976
1988-06-20,175.6639313902836
1988-06-21,176.89893584779742
1988-06-22,179.0878928734116
1988-06-23,178.39817357684257
1988-06-24,177.88600992072645
1988-06-27,175.4848273048613
1988-06-28,177.09492700000303
1988-06-29,176.34736870275674
1988-06-30,176.8319846314995
1988-07-01,176.2365950407523
1988-07-05,178.47070107127837
1988-07-06,176.35855904163574
1988-07-07,176.31526024242964
1988-07-08,175.72130929613834
1988-07-11,175.81619461762833
1988-07-12,174.4709567044058
1988-07-13,175.2510121373916
1988-07-14,175.969519304848
1988-07-15,176.93560508242743
1988-07-18,176.51261147615762
1988-07-19,175.41514998571313
1988-07-20,176.37281676534147
1988-07-21,174.6690612525129
1988-07-22,173.059107106178
1988-07-25,173.57894798372533
1988-07-26,173.9280964841768
1988-07-27,172.72810672026262
1988-07-28,174.36077165589379
1988-07-29,177.50459006515825
1988-08-01,177.47153537398188
1988-08-02,177.39661200718663
1988-08-03,177.7989323103006
1988-08-04,177.65706560180587
1988-08-05,177.30607012894396
1988-08-08,176.7882549060548
1988-08-09,174.82341309674723
1988-08-10,172.45001001116282
1988-08-11,172.69763199362595
1988-08-12,172.46460771002415
1988-08-15,170.7103224990238
1988-08-16,171.8120033062365
1988-08-17,172.11183670974603
1988-08-18,172.19224571335408
1988-08-19,172.50242165768088
1988-08-22,171.07819216393617
1988-08-23,171.0850520567973
1988-08-24,172.8335910537766
1988-08-25,171.9507921591583
1988-08-26,172.14491677538305
1988-08-29,173.35901727359723
1988-08-30,173.74928988226037
1988-08-31,173.56101435647656
1988-09-01,171.91790092101078
1988-09-02,174.90284872056614
1988-09-06,174.84474044269348
1988-09-07,174.50528976349486
1988-09-08,174.4819887339248
1988-09-09,174.6197344445021
1988-09-12,174.3258734495963
1988-09-13,174.7254267314597
1988-09-14,175.94653097193392
1988-09-15,175.68992029647745
1988-09-16,176.9782711203099
1988-09-19,176.0142856243411
1988-09-20,176.69398863143186
1988-09-21,176.48189871913124
1988-09-22,175.9239811333574
1988-09-23,176.3571096598473
1988-09-26,176.15654147461612
1988-09-27,175.86040825526615
1988-09-28,176.50975423281423
1988-09-29,178.34542315847563
1988-09-30,178.36502632779684
1988-10-03,177.64494556388988
1988-10-04,176.95209452448748
1988-10-05,177.65272535309253
1988-10-06,178.01247643399924
1988-10-07,180.9992682383442
1988-10-10,180.99497108917993
1988-10-11,180.74993915096388
1988-10-12,179.30748333406598
1988-10-13,179.522535183077
1988-10-14,179.8904145938111
1988-10-17,180.39795312070873
1988-10-18,181.36498761075865
1988-10-19,180.13447945245372
1988-10-20,182.46233330329363
1988-10-21,183.023584444082
1988-10-24,182.14979436784986
1988-10-25,182.30255360721074
1988-10-26,181.91996183121955
1988-10-27,180.26471673634776
1988-10-28,181.14761483460427
1988-10-31,181.51050392029543
1988-11-01,181.7821352501065
1988-11-02,181.85415870892373
1988-11-03,182.44545694439284
1988-11-04,180.9139470695293
1988-11-07,179.1970203775665
1988-11-08,179.86518294641706
1988-11-09,178.90266947513518
1988-11-10,179.07443525819838
1988-11-11,175.93309597023352
1988-11-14,175.50037443209382
1988-11-15,175.866144692252
1988-11-16,173.26310324531175
1988-11-17,173.5019600107019
1988-11-18,174.61113297024175
1988-11-21,174.25951297729475
1988-11-22,174.55299634783165
1988-11-23,175.6714038861118
1988-11-25,174.6542370592601
1988-11-28,175.2620278237019
1988-11-29,176.75378859652602
1988-11-30,178.4802738314543
1988-12-01,177.99394328091608
1988-12-02,177.7196515936743
1988-12-05,179.0787750183068
1988-12-06,180.4142362196909
1988-12-07,180.92168520950315
1988-12-08,180.1670062188474
1988-12-09,180.428904042816
1988-12-12,180.1509927441564
1988-12-13,179.67704050416492
1988-12-14,178.901517003536
1988-12-15,178.2640052702439
1988-12-16,179.07453927647364
1988-12-19,180.10838763494354
1988-12-20,179.75110498515375
1988-12-21,179.72567691623573
1988-12-22,179.81258063624065
1988-12-23,180.84160473426437
1988-12-27,180.33814867186928
1988-12-28,180.6169701969659
1988-12-29,181.86166383265513
1988-12-30,181.7763392981784
1989-01-03,180.07636742933138
1989-01-04,182.3686921575793
1989-01-05,182.5982638828722
1989-01-06,183.2276953850228
1989-01-09,183.59998174307893
1989-01-10,183.41099949845628
1989-01-11,184.18457689960704
1989-01-12,184.85236044094947
1989-01-13,185.1749994704012
1989-01-16,185.34837446380607
1989-01-17,185.2444721484638
1989-01-18,186.7708635303777
1989-01-19,187.29052846854904
1989-01-20,187.1417122426066
1989-01-23,186.00022138322498
1989-01-24,188.34081261257083
1989-01-25,189.0306402347414
1989-01-26,190.5571821906334
1989-01-27,192.14816637859985
1989-01-30,192.7899046991117
1989-01-31,194.37897517091116
1989-02-01,194.78839403469357
1989-02-02,194.62708821954652
1989-02-03,194.84789284454806
1989-02-06,194.74039931823594
1989-02-07,196.313995739499
1989-02-08,196.0918910257915
1989-02-09,194.76481139447438
1989-02-10,192.29751510716284
1989-02-13,192.5347371645481
1989-02-14,192.65253227808287
1989-02-15,194.02039159288324
1989-02-16,194.8410240901128
1989-02-17,196.01991725548
1989-02-21,195.39820483270296
1989-02-22,192.72239771836092
1989-02-23,193.1610771085639
1989-02-24,190.87858978835348
1989-02-27,190.92619175268473
1989-02-28,191.60186214714813
1989-03-01,190.9930969665687
1989-03-02,192.52074278499447
1989-03-03,193.28864739620303
1989-03-06,195.89331883788685
1989-03-07,195.81641152647066
1989-03-08,195.9217685045823
1989-03-09,195.90182397658748
1989-03-10,195.8386951958487
1989-03-13,197.2290736472022
1989-03-14,197.18080647629725
1989-03-15,198.19379407930987
1989-03-16,199.56550112434277
1989-03-17,195.39739208668576
1989-03-20,193.53515599753078
1989-03-21,194.62743897225133
1989-03-22,194.6762957795485
1989-03-23,193.97192089620654
1989-03-27,194.77947885012708
1989-03-28,195.66997518831988
1989-03-29,196.28994072515482
1989-03-30,196.48165031425847
1989-03-31,198.204898921234
1989-04-03,199.41644084498452
1989-04-04,199.27472307259436
1989-04-05,199.79619622362367
1989-04-06,199.2656397613035
1989-04-07,200.30254099467507
1989-04-10,200.40441613411656
1989-04-11,201.1500292169809
1989-04-12,201.57378373649445
1989-04-13,199.9808616404835
1989-04-14,202.90283590535728
1989-04-17,203.41678370646804
1989-04-18,205.98958058769176
1989-04-19,206.96649347657822
1989-04-20,206.3486513360135
1989-04-21,208.1503197326263
1989-04-24,207.99607619764845
1989-04-25,207.38301479121046
1989-04-26,207.7008510488052
1989-04-27,209.77607664623915
1989-04-28,210.34130594052615
1989-05-01,210.1963527642177
1989-05-02,210.05147802688856
1989-05-03,210.0908942853776
1989-05-04,209.961740352493
1989-05-05,210.53802067504282
1989-05-08,209.7073458781875
1989-05-09,209.3113986217646
1989-05-10,209.8874473150469
1989-05-11,210.52077272279152
1989-05-12,215.21702357808985
1989-05-15,216.70355858969216
1989-05-16,216.44239341400774
1989-05-17,218.11785670888386
1989-05-18,218.43512940378903
1989-05-19,220.25071035931646
1989-05-22,221.1381943881017
1989-05-23,218.60760463964544
1989-05-24,218.95367763640718
1989-05-25,219.46132812600405
1989-05-26,221.10726018136177
1989-05-30,219.56145342540498
1989-05-31,220.68926095833916
1989-06-01,221.48368875287852
1989-06-02,224.72023387291057
1989-06-05,222.95259274733462
1989-06-06,223.96237005255054
1989-06-07,227.23848290675448
1989-06-08,227.71090106659165
1989-06-09,227.63358519873486
1989-06-12,227.02427559435245
1989-06-13,225.47558513377373
1989-06-14,225.27160553415203
1989-06-15,222.46591397237984
1989-06-16,222.8483150669968
1989-06-19,223.32347762750402
1989-06-20,223.28550682495776
1989-06-21,223.03351505843807
1989-06-22,224.49083505192985
1989-06-23,228.30019198394862
1989-06-26,227.46178877520578
1989-06-27,228.2381169679879
1989-06-28,226.43460113264678
1989-06-29,222.1353734767908
1989-06-30,220.81016467253482
1989-07-03,221.38478247388124
1989-07-05,222.45257082109063
1989-07-06,223.5325850752565
1989-07-07,226.23746641351516
1989-07-10,227.32552240462033
1989-07-11,228.90454413864924
1989-07-12,229.55484970467
1989-07-13,229.5130047351915
1989-07-14,230.22428136786314
1989-07-17,230.98068502499288
1989-07-18,230.55005079034262
1989-07-19,233.19842416765718
1989-07-20,231.84178428378897
1989-07-21,232.75759362681902
1989-07-24,231.79175194501926
1989-07-25,233.0392123747658
1989-07-26,236.79864154797914
1989-07-27,240.71980673960115
1989-07-28,240.9385168355955
1989-07-31,243.65109399653943
1989-08-01,242.52656151363183
1989-08-02,242.93531803652152
1989-08-03,243.46259152405165
1989-08-04,241.5421098697553
1989-08-07,244.33479981853006
1989-08-08,244.79510499772553
1989-08-09,243.95302113035376
1989-08-10,244.7722404320259
1989-08-11,242.5469489569154
1989-08-14,241.0349006497016
1989-08-15,241.7154352249715
1989-08-16,242.5939367003315
1989-08-17,242.21503340797838
1989-08-18,243.25008802767013
1989-08-21,240.20052415783076
1989-08-22,240.13441823416971
1989-08-23,242.36935369658758
1989-08-24,246.62430492082422
1989-08-25,246.17128934227495
1989-08-28,247.11843998167268
1989-08-29,246.31251093441836
1989-08-30,247.1053026613079
1989-08-31,247.18406657120192
1989-09-01,248.71642254993066
1989-09-05,248.28016761573934
1989-09-06,245.84128381705327
1989-09-07,244.9747363383304
1989-09-08,245.09138326972067
1989-09-11,244.35597027106488
1989-09-12,244.98608840673094
1989-09-13,243.12725071044457
1989-09-14,241.4328289621911
1989-09-15,241.97150573542802
1989-09-18,243.17616269142815
1989-09-19,244.14019751941956
1989-09-20,243.87050318007437
1989-09-21,243.7631603039896
1989-09-22,244.69130096499202
1989-09-25,243.12475876050814
1989-09-26,243.9012500444472
1989-09-27,244.88746234483844
1989-09-28,248.2471333066895
1989-09-29,249.32223798393122
1989-10-02,250.32272002935628
1989-10-03,253.15079214121326
1989-10-04,254.65312667566997
1989-10-05,255.07601132286695
1989-10-06,256.28797594559455
1989-10-09,256.6413749664385
1989-10-10,256.0202024977559
1989-10-11,254.3386330517825
1989-10-12,253.1957162226437
1989-10-13,238.02748512207458
1989-10-16,242.19923579994148
1989-10-17,241.03662868104507
1989-10-18,242.13742579580278
1989-10-19,246.30965309371467
1989-10-20,246.0270069932174
1989-10-23,244.76348980361814
1989-10-24,243.39968384338107
1989-10-25,242.69573201774654
1989-10-26,239.92938019714538
1989-10-27,237.2715713419174
1989-10-30,237.46965248526706
1989-10-31,239.96164635732973
1989-11-01,240.69262754557707
1989-11-02,239.41240348846915
1989-11-03,238.88738145903054
1989-11-06,235.67625048065383
1989-11-07,236.61925039543422
1989-11-08,239.65647236942993
1989-11-09,239.042589941038
1989-11-10,240.63093800270033
1989-11-13,241.2229229028835
1989-11-14,239.83889005352526
1989-11-15,241.24545541223094
1989-11-16,241.34057048972738
1989-11-17,241.62987464219515
1989-11-20,240.31999413832224
1989-11-21,240.00303378890163
1989-11-22,241.6297566256971
1989-11-24,243.1973776910203
1989-11-27,243.56769528307052
1989-11-28,243.3378759623094
1989-11-29,241.95012235023722
1989-11-30,243.52326062634103
1989-12-01,246.54679961089184
1989-12-04,247.07579276793462
1989-12-05,245.80603434427272
1989-12-06,244.8632485435049
1989-12-07,244.09241580835058
1989-12-08,244.26139393560538
1989-12-11,243.85618633017336
1989-12-12,244.76091074872795
1989-12-13,246.15820544047506
1989-12-14,245.08127323102238
1989-12-15,243.94902725327373
1989-12-18,238.57140683192824
1989-12-19,236.97302570390337
1989-12-20,237.0681079679905
1989-12-21,238.40618368207961
1989-12-22,241.27028109651224
1989-12-26,240.9740576164321
1989-12-27,242.4844515555343
1989-12-28,244.4724298659889
1989-12-29,246.8631003909213
1990-01-02,249.8648609404269
1990-01-03,249.9404702179341
1990-01-04,247.47680578917473
1990-01-05,244.75330186552395
1990-01-08,245.54277427926772
1990-01-09,242.80737766300433
1990-01-10,240.34369030294081
1990-01-11,240.62788064196582
1990-01-12,234.85919125378018
1990-01-15,232.1880681724389
1990-01-16,234.41274499778595
1990-01-17,232.49547599008235
1990-01-18,232.7878307423702
1990-01-19,233.57673367459276
1990-01-22,227.78226342030507
1990-01-23,227.52543060015077
1990-01-24,226.5633516334361
1990-01-25,223.8254004371977
1990-01-26,222.2189561197198
1990-01-29,221.52722859043172
1990-01-30,218.7025430613814
1990-01-31,222.93361780495147
1990-02-01,223.2987190436185
1990-02-02,225.37653938811613
1990-02-05,225.79797625201425
1990-02-06,223.97283180435542
1990-02-07,225.77548241759663
1990-02-08,225.2965155171299
1990-02-09,225.60655627366788
1990-02-12,223.65117172572468
1990-02-13,223.65632445224753
1990-02-14,224.27035662639094
1990-02-15,225.67986035670927
1990-02-16,223.90440136772108
1990-02-20,220.6868760132628
1990-02-21,219.52927337769935
1990-02-22,218.54978653371674
1990-02-23,216.89066896310993
1990-02-26,218.9213451321446
1990-02-27,220.26721468787622
1990-02-28,221.33719696735062
1990-03-01,221.89741001570033
1990-03-02,223.53092576556998
1990-03-05,222.28989401536847
1990-03-06,224.9625690798961
1990-03-07,224.0851380200075
1990-03-08,225.36900744003407
1990-03-09,223.9054390451252
1990-03-12,224.01824047940022
1990-03-13,221.8713336379865
1990-03-14,222.31384764924493
1990-03-15,223.23091771960426
1990-03-16,225.17072124228892
1990-03-19,225.40707969916403
1990-03-20,223.77510709775206
1990-03-21,222.9803510559487
1990-03-22,220.73662592106658
1990-03-23,221.7688698990059
1990-03-26,222.1423505356291
1990-03-27,224.51692806609947
1990-03-28,225.1368316729243
1990-03-29,224.6550077783038
1990-03-30,224.66603934835248
1990-04-02,224.0947961717438
1990-04-03,227.0278822302532
1990-04-04,225.4366821936311
1990-04-05,225.5499045321443
1990-04-06,225.29221974876782
1990-04-09,225.72626070521596
1990-04-10,225.3977103328551
1990-04-11,224.66334376238672
1990-04-12,226.12510259987792
1990-04-16,226.18361985076046
1990-04-17,226.21151866516598
1990-04-18,224.00521879103243
1990-04-19,222.86701212855854
1990-04-20,220.9722964591135
1990-04-23,218.2853333271497
1990-04-24,217.74591591456283
1990-04-25,218.70907841013744
1990-04-26,219.32243718428987
1990-04-27,217.05586245984122
1990-04-30,217.87929596040917
1990-05-01,219.1667719048789
1990-05-02,220.10820255845712
1990-05-03,221.01415297227155
1990-05-04,222.56132302733175
1990-05-07,223.8306121552507
1990-05-08,225.0616435370578
1990-05-09,225.6764982193438
1990-05-10,226.96203506965423
1990-05-11,232.01429113229761
1990-05-14,233.9044884580166
1990-05-15,233.30691770438378
1990-05-16,233.50720009057224
1990-05-17,233.7177842988601
1990-05-18,233.80307779363625
1990-05-21,235.51585018067163
1990-05-22,235.47081016775664
1990-05-23,235.41599498978292
1990-05-24,234.61431944598905
1990-05-25,232.52929218058858
1990-05-29,235.77860276574273
1990-05-30,236.03811563558918
1990-05-31,236.10049062798353
1990-06-01,236.78170119147669
1990-06-04,239.069557324041
1990-06-05,238.5288289560178
1990-06-06,237.4636465629012
1990-06-07,236.37700070384253
1990-06-08,234.1627863998523
1990-06-11,236.17045385787284
1990-06-12,238.95729012298324
1990-06-13,238.40908946521247
1990-06-14,237.81956199866744
1990-06-15,237.9739134247799
1990-06-18,234.88568445299913
1990-06-19,235.3608782962982
1990-06-20,236.33478174515471
1990-06-21,237.51004272497048
1990-06-22,235.27231980816345
1990-06-25,233.46020088637036
1990-06-26,233.34373916599296
1990-06-27,235.5492733585705
1990-06-28,237.28126481694264
1990-06-29,237.46320438895148
1990-07-02,237.9975934928907
1990-07-03,238.45330441919435
1990-07-05,236.43352654574585
1990-07-06,237.92812432200537
1990-07-09,238.40682712783052
1990-07-10,237.4304192637921
1990-07-11,240.9736844691752
1990-07-12,244.40723443264653
1990-07-13,245.43399200866745
1990-07-16,246.30198201912705
1990-07-17,245.56375486216783
1990-07-18,243.27385661085938
1990-07-19,244.62012768445712
1990-07-20,243.09548573178475
1990-07-23,238.75480560665193
1990-07-24,240.60556050111902
1990-07-25,241.51546935437943
1990-07-26,240.71563468640446
1990-07-27,239.64252825157345
1990-07-30,241.31306397272567
1990-07-31,242.71988122059275
1990-08-01,243.06887725659735
1990-08-02,242.00292984747267
1990-08-03,237.85477503577252
1990-08-06,232.1893788110273
1990-08-07,232.18041467014308
1990-08-08,234.14007098245875
1990-08-09,235.57318763576293
1990-08-10,233.39411027667379
1990-08-13,235.36141064287227
1990-08-14,236.16352530480518
1990-08-15,236.41133007838638
1990-08-16,232.21423966659344
1990-08-17,229.62249568616122
1990-08-20,230.16599782160597
1990-08-21,226.1648159928694
1990-08-22,223.2732974841835
1990-08-23,216.2438095721088
1990-08-24,218.18302373646884
1990-08-27,224.30306338290157
1990-08-28,225.42924835235007
1990-08-29,227.01828227345584
1990-08-30,223.9658466422573
1990-08-31,226.2885796272202
1990-09-04,226.85982715233743
1990-09-05,228.26702062502324
1990-09-06,226.9140187453898
1990-09-07,228.7830212338373
1990-09-10,228.1161626233107
1990-09-11,228.01867609699545
1990-09-12,229.2585338305856
1990-09-13,227.0421256076859
1990-09-14,226.06523935539607
1990-09-17,227.12067393445204
1990-09-18,227.40315960240008
1990-09-19,226.00863132986578
1990-09-20,223.09898198410622
1990-09-21,223.33707939232252
1990-09-24,219.52720592315518
1990-09-25,220.95449964241166
1990-09-26,218.8846295168723
1990-09-27,215.92218771055343
1990-09-28,217.94230200486342
1990-10-01,222.7247446601754
1990-10-02,222.67960739236523
1990-10-03,221.62632748726904
1990-10-04,223.03577041600067
1990-10-05,222.2767386829808
1990-10-08,224.1088272714062
1990-10-09,219.42748646390444
1990-10-10,217.12298610759225
1990-10-11,213.95631784096008
1990-10-12,216.384353699148
1990-10-15,218.6458366129647
1990-10-16,216.9637367521202
1990-10-17,217.51240332826472
1990-10-18,220.71878756698123
1990-10-19,224.10542803816023
1990-10-22,225.64049788624976
1990-10-23,224.15216824276308
1990-10-24,224.614215247922
1990-10-25,223.7431116096286
1990-10-26,221.04161813584514
1990-10-29,219.26685632209674
1990-10-30,220.9334037874075
1990-10-31,220.6894645777416
1990-11-01,222.50930592022172
1990-11-02,224.8378457255148
1990-11-05,226.30748328727722
1990-11-06,224.73353334609516
1990-11-07,221.40404249358477
1990-11-08,222.3797369842273
1990-11-09,226.22225117120925
1990-11-12,228.4837889631642
1990-11-13,227.06253468523656
1990-11-14,227.74992231719207
1990-11-15,226.10728814971435
1990-11-16,226.61574394811257
1990-11-19,227.77529157208846
1990-11-20,226.0509092693757
1990-11-21,226.68439562462055
1990-11-23,226.459940815113
1990-11-26,227.55501797931115
1990-11-27,228.6551507056483
1990-11-28,228.9795275589677
1990-11-29,228.0997690455311
1990-11-30,231.80583852441802
1990-12-03,232.5754414152331
1990-12-04,233.64428687056338
1990-12-05,234.4283246757573
1990-12-06,233.18243465254406
1990-12-07,232.72578801922208
1990-12-10,233.15941163692725
1990-12-11,232.48761040737293
1990-12-12,234.2169857622862
1990-12-13,233.95886685095178
1990-12-14,232.88660758132747
1990-12-17,232.6656622407169
1990-12-18,234.35793365489792
1990-12-19,233.8048737572089
1990-12-20,233.76563167363045
1990-12-21,234.19222524402625
1990-12-24,233.7817555311954
1990-12-26,235.07045132379895
1990-12-27,234.20716074183397
1990-12-28,234.1716852271879
1990-12-31,235.30742994054916
1991-01-02,232.61811504468102
1991-01-03,228.98507785020504
1991-01-04,228.22842343096812
1991-01-07,224.95817597370862
1991-01-08,225.33221118490465
1991-01-09,223.22466403031376
1991-01-10,224.82356955785917
1991-01-11,224.73039281933802
1991-01-14,223.16922951198308
1991-01-15,223.96003151234135
1991-01-16,225.66611613396506
1991-01-17,231.11854077674957
1991-01-18,232.7069531657398
1991-01-21,231.97899925698647
1991-01-22,231.7971472605483
1991-01-23,234.35177069491604
1991-01-24,237.09634121518275
1991-01-25,236.8867434236308
1991-01-28,236.58477546027694
1991-01-29,236.15841306791899
1991-01-30,238.08615489826005
1991-01-31,239.21127026895041
1991-02-01,238.1582088143935
1991-02-04,240.77637059093496
1991-02-05,243.18045166067174
1991-02-06,247.2212887318923
1991-02-07,246.135429149671
1991-02-08,248.50663564937713
1991-02-11,254.5036532863836
1991-02-12,253.37697077997205
1991-02-13,255.91843556715108
1991-02-14,253.25065088093595
1991-02-15,256.9084946530997
1991-02-19,257.76469424293236
1991-02-20,255.3488390013529
1991-02-21,256.1868172070669
1991-02-22,257.3793326162617
1991-02-25,259.17198390402456
1991-02-26,256.4753229506469
1991-02-27,258.0551267800309
1991-02-28,257.3603719281541
1991-03-01,258.58746171226517
1991-03-04,258.45978483038954
1991-03-05,263.9079386757129
1991-03-06,263.03561811696676
1991-03-07,263.7779736784009
1991-03-08,263.5267766909155
1991-03-11,261.75605509420745
1991-03-12,258.93301199270695
1991-03-13,262.22213327229963
1991-03-14,262.4849201082043
1991-03-15,261.6227850713051
1991-03-18,261.3028101242234
1991-03-19,256.74300888475403
1991-03-20,259.3827983179776
1991-03-21,258.8315159533846
1991-03-22,259.6052692833394
1991-03-25,261.3104746361697
1991-03-26,265.94750473217067
1991-03-27,265.9165433999437
1991-03-28,265.6276144230519
1991-04-01,263.3999229487528
1991-04-02,269.5350477237848
1991-04-03,269.62702358749584
1991-04-04,270.7057521173257
1991-04-05,267.90795650585534
1991-04-08,269.12458971946006
1991-04-09,266.20851456023973
1991-04-10,265.96187050044114
1991-04-11,269.0913308353896
1991-04-12,270.42532845890133
1991-04-15,270.5232197199877
1991-04-16,274.5149632593031
1991-04-17,275.8402760714025
1991-04-18,273.50860210774476
1991-04-19,270.09419881384446
1991-04-22,267.64966106304195
1991-04-23,267.80733749805745
1991-04-24,268.11476051173696
1991-04-25,266.69472831908064
1991-04-26,266.4927475466953
1991-04-29,262.73041407580683
1991-04-30,262.4991079953963
1991-05-01,265.7576712229511
1991-05-02,266.21187837834924
1991-05-03,266.75204805417553
1991-05-06,266.3585097710343
1991-05-07,265.4992444221117
1991-05-08,265.74329002343603
1991-05-09,268.9461509842169
1991-05-10,264.7873457358808
1991-05-13,265.44954179439407
1991-05-14,262.2283931398637
1991-05-15,259.8994562048963
1991-05-16,263.0464071628237
1991-05-17,263.2110438648923
1991-05-20,263.71424453462674
1991-05-21,266.70506744406896
1991-05-22,267.47333279264393
1991-05-23,266.9192911354972
1991-05-24,268.12292972478224
1991-05-28,270.7439858595361
1991-05-29,270.54048637191835
1991-05-30,271.88208105747157
1991-05-31,272.0999068855472
1991-06-03,269.6607317550459
1991-06-04,269.5252916679449
1991-06-05,268.3167319774369
1991-06-06,266.9069880110365
1991-06-07,264.6128438850147
1991-06-10,264.1707220614738
1991-06-11,266.169552026926
1991-06-12,263.8076879248977
1991-06-13,264.62670262032105
1991-06-14,267.794945882531
1991-06-17,266.71692700214516
1991-06-18,265.2373633322767
1991-06-19,262.76195750838536
1991-06-20,263.6942146759237
1991-06-21,264.8673354536824
1991-06-24,261.02510176906026
1991-06-25,260.7677130963447
1991-06-26,261.3037289762875
1991-06-27,263.3578393891489
1991-06-28,261.31088224682014
1991-07-01,265.54997314368904
1991-07-02,265.9464728310156
1991-07-03,263.8152567439084
1991-07-05,264.58187046736913
1991-07-08,266.5754051523507
1991-07-09,266.0862854233972
1991-07-10,266.2151736607658
1991-07-11,267.1628766474367
1991-07-12,269.541843290716
1991-07-15,271.4095031879231
1991-07-16,270.68529482737
1991-07-17,270.17456524499994
1991-07-18,272.38201346920926
1991-07-19,271.5219929559606
1991-07-22,270.46760099594474
1991-07-23,268.4950330798121
1991-07-24,268.46778459644
1991-07-25,270.33532875082335
1991-07-26,270.865024350471
1991-07-29,272.8205741724599
1991-07-30,275.74952217180237
1991-07-31,276.66269045313555
1991-08-01,276.3839758197519
1991-08-02,277.3757558463006
1991-08-05,276.12921676296423
1991-08-06,279.59664437091595
1991-08-07,280.28109982020413
1991-08-08,280.35789914852705
1991-08-09,279.61008612521096
1991-08-12,280.81926846079057
1991-08-13,282.91574582331106
1991-08-14,283.9948802329931
1991-08-15,283.034765571363
1991-08-16,280.7712830079661
1991-08-19,273.9166346616685
1991-08-20,276.4945651291717
1991-08-21,284.49083742690044
1991-08-22,284.75540235748616
1991-08-23,285.42362081852
1991-08-26,285.22206752394726
1991-08-27,285.1206525957522
1991-08-28,287.8227054881719
1991-08-29,287.9912764322131
1991-08-30,287.41731968709047
1991-09-03,284.95904652031606
1991-09-04,283.2965895345138
1991-09-05,282.29893202076835
1991-09-06,282.58048692155626
1991-09-09,282.2887301386463
1991-09-10,279.5387233996084
1991-09-11,280.322878406128
1991-09-12,282.66197783114814
1991-09-13,280.30301471994005
1991-09-16,281.3579080458116
1991-09-17,281.7904210839133
1991-09-18,283.2365457162649
1991-09-19,284.35897804242563
1991-09-20,285.5412172010561
1991-09-23,283.7182256407223
1991-09-24,284.62672648547954
1991-09-25,283.9450297258802
1991-09-26,283.44364557098527
1991-09-27,283.155262381795
1991-09-30,284.7533252756124
1991-10-01,286.12216066832775
1991-10-02,285.6225323847029
1991-10-03,282.71755609893347
1991-10-04,280.75989505210254
1991-10-07,278.9571729627864
1991-10-08,279.6030967358886
1991-10-09,276.66108784980696
1991-10-10,278.02715493263764
1991-10-11,279.04470407621346
1991-10-14,282.0282554702048
1991-10-15,286.0047327286937
1991-10-16,287.8800630214177
1991-10-17,286.937349546616
1991-10-18,287.25545961700453
1991-10-21,285.06771903765394
1991-10-22,283.51035587486285
1991-10-23,283.9193480292275
1991-10-24,281.76993619913196
1991-10-25,281.0671310324845
1991-10-28,285.18555898405253
1991-10-29,287.11184908503446
1991-10-30,289.0257137158709
1991-10-31,289.6791623738855
1991-11-01,288.90907254759856
1991-11-04,287.7161662065967
1991-11-05,287.1004831000154
1991-11-06,288.02964276650687
1991-11-07,292.12822880712105
1991-11-08,292.4770281780727
1991-11-11,293.63813128618875
1991-11-12,297.21730870869357
1991-11-13,297.6852189410852
1991-11-14,297.6404889870597
1991-11-15,286.26166364527063
1991-11-18,288.66201707151595
1991-11-19,283.85383585719813
1991-11-20,284.10400791245434
1991-11-21,285.69378360308997
1991-11-22,283.6044441300347
1991-11-25,282.61093480584975
1991-11-26,284.03211705094725
1991-11-27,283.8359837181755
1991-11-29,283.6689785293579
1991-12-02,288.8146076118506
1991-12-03,289.6445351775659
1991-12-04,290.0147136446944
1991-12-05,288.65278281570846
1991-12-06,290.47829059485485
1991-12-09,290.5291757141357
1991-12-10,290.2715338273369
1991-12-11,289.409756498655
1991-12-12,292.1045560781928
1991-12-13,294.09206028511556
1991-12-16,295.17688486883037
1991-12-17,294.1274433365346
1991-12-18,294.117360545942
1991-12-19,292.84428906473033
1991-12-20,296.1230759312658
1991-12-23,303.306142481346
1991-12-24,305.78938184864916
1991-12-26,311.4022725133183
1991-12-27,313.85800915538744
1991-12-30,320.5987420907842
1991-12-31,321.683566351184
1992-01-02,320.8553463659596
1992-01-03,322.3127875242107
1992-01-06,322.11915829602145
1992-01-07,321.9787742787059
1992-01-08,323.78474965028823
1992-01-09,324.59864117634834
1992-01-10,322.10306337236125
1992-01-13,321.65677677975475
1992-01-14,325.15778582167167
1992-01-15,323.99441500297905
1992-01-16,319.43434882092345
1992-01-17,319.2611176316897
1992-01-20,316.6452221990344
1992-01-21,312.43441080389533
1992-01-22,318.24904789936875
1992-01-23,317.58094228825297
1992-01-24,318.95533861338237
1992-01-27,317.9011566458162
1992-01-28,317.4233247149852
1992-01-29,313.97448311945385
1992-01-30,316.181114258204
1992-01-31,315.21293049448985
1992-02-03,316.2872819272928
1992-02-04,319.4182572980034
1992-02-05,320.62968497112115
1992-02-06,320.52356708380705
1992-02-07,318.11328751045755
1992-02-10,318.8281011704204
1992-02-11,318.60799714224515
1992-02-12,320.8960917697724
1992-02-13,317.69750125104656
1992-02-14,315.89635388353435
1992-02-18,311.05915323478064
1992-02-19,310.6954097837736
1992-02-20,314.5281745337635
1992-02-21,312.8303542777899
1992-02-24,313.30097401727073
1992-02-25,313.0643863162086
1992-02-26,318.30350107206937
1992-02-27,318.0522246600114
1992-02-28,317.0322127262824
1992-03-02,317.2501510816124
1992-03-03,316.7280904300421
1992-03-04,313.98051080948915
1992-03-05,311.23170292255026
1992-03-06,309.32494327616797
1992-03-09,309.9914376182098
1992-03-10,311.9435140889006
1992-03-11,309.7344845037223
1992-03-12,308.8550353882639
1992-03-13,309.62695491576324
1992-03-16,310.14701098334535
1992-03-17,313.1634771614591
1992-03-18,313.39955600614854
1992-03-19,314.039898231327
1992-03-20,314.6899969394993
1992-03-23,313.5545891247369
1992-03-24,313.73411837391023
1992-03-25,313.2096491577954
1992-03-26,312.992377511604
1992-03-27,310.21680083908933
1992-03-30,309.75877674963465
1992-03-31,310.28990081114483
1992-04-01,310.28234838969536
1992-04-02,306.40009079502454
1992-04-03,305.3106046662665
1992-04-06,307.6731293696257
1992-04-07,303.21249640632004
1992-04-08,299.8677099866192
1992-04-09,304.519860944118
1992-04-10,307.62774773784
1992-04-13,309.00453583631423
1992-04-14,313.8431003831319
1992-04-15,316.8660520167738
1992-04-16,318.488799366516
1992-04-20,315.953855780226
1992-04-21,316.0748340748547
1992-04-22,316.61938423310687
1992-04-23,318.4210985236502
1992-04-24,315.148915855456
1992-04-27,314.7669353555674
1992-04-28,314.49426439245894
1992-04-29,318.67247993783786
1992-04-30,320.3799426301613
1992-05-01,318.33301088880756
1992-05-04,320.70494117622826
1992-05-05,321.79759462884925
1992-05-06,322.61024062348173
1992-05-07,321.7261442945316
1992-05-08,321.759311876947
1992-05-11,323.4191890333618
1992-05-12,322.42859792766615
1992-05-13,322.6213745738118
1992-05-14,319.3640872409975
1992-05-15,317.2104471095984
1992-05-18,319.27847875251194
1992-05-19,321.7410787050753
1992-05-20,321.78521233772545
1992-05-21,319.544528044741
1992-05-22,320.10527477049584
1992-05-26,316.69425604780065
1992-05-27,318.55164790870595
1992-05-28,321.1252591851641
1992-05-29,321.88708529398275
1992-06-01,324.93151854108345
1992-06-02,323.8162249317594
1992-06-03,324.9011207063334
1992-06-04,324.73623065107637
1992-06-05,324.18982141497145
1992-06-08,324.592606555329
1992-06-09,321.8364597167427
1992-06-10,319.6766171888983
1992-06-11,319.27606186601355
1992-06-12,320.72974675736185
1992-06-15,320.46790737562253
1992-06-16,319.7952476056023
1992-06-17,313.40104746533643
1992-06-18,312.6537851824213
1992-06-19,314.44945685381794
1992-06-22,312.8661320463415
1992-06-23,314.4351035146248
1992-06-24,314.91698898055273
1992-06-25,314.48696954973525
1992-06-26,314.24661900840584
1992-06-29,317.7224318188681
1992-06-30,318.77601900904915
1992-07-01,321.22909485844883
1992-07-02,319.4393673151305
1992-07-06,319.3030741896417
1992-07-07,317.9565876021768
1992-07-08,317.6736799241942
1992-07-09,321.1193354794872
1992-07-10,322.3458505493083
1992-07-13,323.3504787651349
1992-07-14,325.16567447273997
1992-07-15,324.52781645538846
1992-07-16,324.17327172490667
1992-07-17,322.14878203163164
1992-07-20,321.1852393293278
1992-07-21,320.86261142209344
1992-07-22,318.57203414925715
1992-07-23,319.6625472121112
1992-07-24,319.71883353894805
1992-07-27,320.4592699938399
1992-07-28,325.5838781900394
1992-07-29,328.58366876526895
1992-07-30,330.0842515429038
1992-07-31,331.81802709675566
1992-08-03,331.63448744018496
1992-08-04,330.0218745776498
1992-08-05,328.0151825538638
1992-08-06,325.44207926194275
1992-08-07,324.855511444761
1992-08-10,325.42350135033365
1992-08-11,325.2403515401413
1992-08-12,324.52655921988037
1992-08-13,324.0540091250738
1992-08-14,325.6661109516179
1992-08-17,326.6145360865151
1992-08-18,326.78852828957326
1992-08-19,324.3001996886019
1992-08-20,324.07799374517646
1992-08-21,322.6696701363987
1992-08-24,317.3143893032492
1992-08-25,317.0335807837082
1992-08-26,318.82611148992174
1992-08-27,319.78299141677405
1992-08-28,319.95319891874567
1992-08-31,320.4905355216172
1992-09-01,321.6071347543882
1992-09-02,322.8288263592544
1992-09-03,323.4214184572627
1992-09-04,323.21175368865084
1992-09-08,320.4586229559687
1992-09-09,321.42088454892405
1992-09-10,323.46154901704375
1992-09-11,322.80365115672083
1992-09-14,328.8684415596067
1992-09-15,324.9236966227936
1992-09-16,323.61894680423495
1992-09-17,324.04240679479085
1992-09-18,326.8951699310918
1992-09-21,327.0615258037817
1992-09-22,323.1926812237629
1992-09-23,322.25179943104075
1992-09-24,324.4336933349021
1992-09-25,321.57235212932085
1992-09-28,322.89783728502607
1992-09-29,323.4544935427681
1992-09-30,325.14462039320006
1992-10-01,323.9464672985598
1992-10-02,320.29184395982304
1992-10-05,317.8639773236735
1992-10-06,317.45604881743367
1992-10-07,315.02368649052227
1992-10-08,316.95372293838045
1992-10-09,312.9076008795689
1992-10-12,316.85605528311953
1992-10-13,319.00048757457466
1992-10-14,318.833064201209
1992-10-15,318.42003875130285
1992-10-16,318.8123090330376
1992-10-19,320.90380869315476
1992-10-20,322.5782893579192
1992-10-21,323.9830235200174
1992-10-22,324.75047835960146
1992-10-23,324.502072762796
1992-10-26,327.1659154576416
1992-10-27,326.6781764806621
1992-10-28,326.48979781507
1992-10-29,327.42998764491153
1992-10-30,326.0194684863482
1992-11-02,329.3521557462986
1992-11-03,328.71642938881723
1992-11-04,327.39065633469613
1992-11-05,328.68172713110124
1992-11-06,328.71556238439024
1992-11-09,330.03337111995216
1992-11-10,330.1628716768221
1992-11-11,332.11768221600886
1992-11-12,333.0960149357198
1992-11-13,333.72481459939235
1992-11-16,333.1828149462277
1992-11-17,332.66084403084807
1992-11-18,334.1445283685068
1992-11-19,334.7497486989114
1992-11-20,337.2956679879145
1992-11-23,337.0861857189267
1992-11-24,338.36079905200313
1992-11-25,340.87399526261913
1992-11-27,341.78457254502445
1992-11-30,343.12902756105615
1992-12-01,343.16916670347683
1992-12-02,343.15923625405674
1992-12-03,343.48751637394173
1992-12-04,345.89242894200527
1992-12-07,347.9677738397632
1992-12-08,349.5515348873266
1992-12-09,348.15620251152814
1992-12-10,346.69726763617587
1992-12-11,346.58972031612353
1992-12-14,345.8629947712322
1992-12-15,345.49800466897125
1992-12-16,344.7047413429287
1992-12-17,346.3218534441267
1992-12-18,350.1651925507431
1992-12-21,350.1059605233788
1992-12-22,350.6238741830996
1992-12-23,351.3078842523496
1992-12-24,351.8779565035362
1992-12-28,352.04224404564053
1992-12-29,352.0020545172952
1992-12-30,353.30750762588576
1992-12-31,352.61324536360274
1993-01-04,352.471759396253
1993-01-05,352.42090764740436
1993-01-06,353.82780631527436
1993-01-07,350.9352595642719
1993-01-08,349.135744261327
1993-01-11,351.0336978467952
1993-01-12,351.2139740449207
1993-01-13,352.66054391643854
1993-01-14,355.055880066875
1993-01-15,357.9265784441584
1993-01-18,359.6845586281843
1993-01-19,361.6630055578605
1993-01-20,360.3034969566384
1993-01-21,361.6668730133838
1993-01-22,363.8326048248788
1993-01-25,366.66866199518904
1993-01-26,367.03428346884897
1993-01-27,365.7191278847818
1993-01-28,365.3038643843762
1993-01-29,366.15327931574365
1993-02-01,369.65310247196015
1993-02-02,370.9472274478191
1993-02-03,375.09305535073406
1993-02-04,377.85083375493684
1993-02-05,376.253282457274
1993-02-08,376.2696657953119
1993-02-09,373.9306526874953
1993-02-10,375.79846415624394
1993-02-11,377.39397929086044
1993-02-12,375.51142307450107
1993-02-16,365.6711669095657
1993-02-17,365.2878927948364
1993-02-18,364.5126543281193
1993-02-19,367.7794274521918
1993-02-22,369.76491535098666
1993-02-23,366.85839166373233
1993-02-24,372.0337610400076
1993-02-25,373.4603875692314
1993-02-26,374.06329204593857
1993-03-01,373.95751041232586
1993-03-02,377.62985230856964
1993-03-03,380.81131375990253
1993-03-04,379.65841579092637
1993-03-05,378.955774181787
1993-03-08,384.2898336761502
1993-03-09,385.1359177957795
1993-03-10,386.4474719294515
1993-03-11,384.09285134620495
1993-03-12,380.69391535913206
1993-03-15,382.1686827524868
1993-03-16,383.2978295303945
1993-03-17,382.15058377907906
1993-03-18,386.25119620383686
1993-03-19,385.5796563947852
1993-03-22,384.38060290677555
1993-03-23,384.57266485380813
1993-03-24,384.3792447858607
1993-03-25,386.290221912691
1993-03-26,385.4439389780993
1993-03-29,387.27782284021447
1993-03-30,387.70099477834026
1993-03-31,388.28490670104674
1993-04-01,387.32065991810697
1993-04-02,381.7494889650146
1993-04-05,383.8381826646513
1993-04-06,385.54476601982793
1993-04-07,387.387904981129
1993-04-08,388.0056582896932
1993-04-12,392.42445567952177
1993-04-13,394.1930162028216
1993-04-14,394.03551318152034
1993-04-15,393.62932943767544
1993-04-16,395.447947884062
1993-04-19,393.01467571137914
1993-04-20,388.72177554688534
1993-04-21,385.77803976764363
1993-04-22,383.25146720616004
1993-04-23,379.66222487516654
1993-04-26,376.4514599588739
1993-04-27,378.6570193359927
1993-04-28,379.4486754412633
1993-04-29,380.0951415694108
1993-04-30,381.1039235097143
1993-05-03,382.63706976227206
1993-05-04,385.04219504998304
1993-05-05,385.43450662797767
1993-05-06,384.2508441967334
1993-05-07,382.7678876889679
1993-05-10,383.5329438651549
1993-05-11,384.8026888876888
1993-05-12,384.7749266803883
1993-05-13,379.0080032525093
1993-05-14,378.292102479643
1993-05-17,377.3934488067087
1993-05-18,378.07498558909793
1993-05-19,384.78155362214306
1993-05-20,387.47421860860265
1993-05-21,384.16055014416145
1993-05-24,385.70333623023674
1993-05-25,387.6975573710591
1993-05-26,391.7522784562496
1993-05-27,391.1931967553477
1993-05-28,390.25147815736443
1993-06-01,393.2541633891977
1993-06-02,393.7706534022568
1993-06-03,395.09425758439704
1993-06-04,394.0377364681454
1993-06-07,392.3819435584446
1993-06-08,389.3115206239147
1993-06-09,391.00935808556227
1993-06-10,390.62358833914317
1993-06-11,392.02160543898475
1993-06-14,391.61239670137354
1993-06-15,391.64033190536986
1993-06-16,391.81941784380183
1993-06-17,393.42452336127286
1993-06-18,391.02984084277904
1993-06-21,394.48328406249993
1993-06-22,395.9144225257135
1993-06-23,394.7369665526731
1993-06-24,397.5526627264084
1993-06-25,398.12431107851313
1993-06-28,403.63314787964407
1993-06-29,403.06608422625527
1993-06-30,404.67491418465465
1993-07-01,404.39603876867426
1993-07-02,402.2675227879527
1993-07-06,399.5152124099098
1993-07-07,399.9105113284942
1993-07-08,405.1783420812979
1993-07-09,405.94856034355524
1993-07-12,405.81330224994247
1993-07-13,405.2900108788202
1993-07-14,406.7846088126981
1993-07-15,406.26872272659637
1993-07-16,403.6108206492888
1993-07-19,405.1064847894969
1993-07-20,407.55347640277876
1993-07-21,406.8894915866936
1993-07-22,404.3822611363482
1993-07-23,405.8826433476975
1993-07-26,409.20312375675695
1993-07-27,408.3642203900094
1993-07-28,408.63218016801494
1993-07-29,411.1169085963359
1993-07-30,410.6111908782249
1993-08-02,413.59580966117926
1993-08-03,412.19728578882234
1993-08-04,411.89107170463
1993-08-05,411.7757425743546
1993-08-06,410.9456236489559
1993-08-09,413.9030093144716
1993-08-10,414.1798124441812
1993-08-11,414.7743504587704
1993-08-12,413.78835970143126
1993-08-13,413.35798546797673
1993-08-16,415.21853036169466
1993-08-17,414.89702378533906
1993-08-18,412.5256727454228
1993-08-19,412.1664283019084
1993-08-20,411.212201272662
1993-08-23,411.27927231927316
1993-08-24,416.75388810664003
1993-08-25,418.25503148892585
1993-08-26,420.0467710221966
1993-08-27,420.1252700192914
1993-08-30,421.79419529334626
1993-08-31,423.5923399082918
1993-09-01,424.70930131647594
1993-09-02,422.97240749473474
1993-09-03,422.59393918054826
1993-09-07,421.13294513389724
1993-09-08,419.8103186619026
1993-09-09,422.15318624638485
1993-09-10,426.62264681744284
1993-09-13,428.919077912208
1993-09-14,424.6398606364536
1993-09-15,426.56767277574346
1993-09-16,425.35218402776735
1993-09-17,425.28021749117283
1993-09-20,423.7081521514794
1993-09-21,420.0808303758156
1993-09-22,423.9331161444034
1993-09-23,426.3956413123408
1993-09-24,426.5964215847385
1993-09-27,429.17318694834063
1993-09-28,430.341444439705
1993-09-29,428.1974824822286
1993-09-30,426.60289015877026
1993-10-01,428.4776711680284
1993-10-04,428.8979811787918
1993-10-05,427.73249797560635
1993-10-06,427.2992408178636
1993-10-07,425.9509384072871
1993-10-08,426.2187396110541
1993-10-11,425.0808381095828
1993-10-12,425.9910384214149
1993-10-13,427.28549548108555
1993-10-14,434.6159515088219
1993-10-15,435.30939970270083
1993-10-18,432.74246167452856
1993-10-19,429.3545063309303
1993-10-20,429.34808529878063
1993-10-21,428.76985895982443
1993-10-22,428.09307556886137
1993-10-25,426.5193702372382
1993-10-26,426.53201445040696
1993-10-27,428.9372060039503
1993-10-28,432.6496152776432
1993-10-29,432.61483232281785
1993-11-01,434.464906716296
1993-11-02,434.06655171068894
1993-11-03,428.7657982012956
1993-11-04,422.5632293335007
1993-11-05,423.9060424078508
1993-11-08,424.28098377411834
1993-11-09,423.35356401780695
1993-11-10,425.28623369694725
1993-11-11,423.3683231065224
1993-11-12,424.2372811769261
1993-11-15,422.0805750848445
1993-11-16,422.6357412042002
1993-11-17,423.20592670525804
1993-11-18,422.44989807720077
1993-11-19,420.45368328381824
1993-11-22,414.22289409115535
1993-11-23,416.14239060926985
1993-11-24,418.46320329406717
1993-11-26,417.15364109925645
1993-11-29,416.83979286040153
1993-11-30,416.2362125691361
1993-12-01,417.80969563017027
1993-12-02,418.70669239694206
1993-12-03,420.17688884667314
1993-12-06,421.4780474610991
1993-12-07,421.6031309265975
1993-12-08,419.56463241889384
1993-12-09,418.53311030086354
1993-12-10,420.74300260231325
1993-12-13,421.39586454892884
1993-12-14,418.4691936638576
1993-12-15,417.3190302507954
1993-12-16,417.98495993094514
1993-12-17,420.5468142573807
1993-12-20,420.51504796387945
1993-12-21,420.7734408364357
1993-12-22,423.3572140573539
1993-12-23,423.2928253554312
1993-12-27,426.3756650159565
1993-12-28,427.39590938136155
1993-12-29,426.8886192347361
1993-12-30,425.569308828994
1993-12-31,423.7756183925677
1994-01-03,422.62638787643755
1994-01-04,423.38749432433775
1994-01-05,424.6369902521636
1994-01-06,425.7810233987622
1994-01-07,427.5674461904495
1994-01-10,432.4139191373998
1994-01-11,432.4870256019298
1994-01-12,431.93407260343406
1994-01-13,432.15836325049514
1994-01-14,433.79193677522767
1994-01-17,433.3660853925092
1994-01-18,435.14470671650844
1994-01-19,435.9233600890192
1994-01-20,437.11911444262455
1994-01-21,436.8177952642679
1994-01-24,435.08243087715687
1994-01-25,433.09760118451
1994-01-26,433.94382320708445
1994-01-27,437.5392884463257
1994-01-28,437.8893780849729
1994-01-31,442.5038232569855
1994-02-01,441.02374224115096
1994-02-02,444.76497263307283
1994-02-03,445.1145804907395
1994-02-04,435.7974674554413
1994-02-07,437.9493572545531
1994-02-08,439.22834188255985
1994-02-09,439.68944033564594
1994-02-10,435.2212730232926
1994-02-11,435.2408000261152
1994-02-14,435.6920231844598
1994-02-15,437.4118149722943
1994-02-16,436.41485410071397
1994-02-17,433.7989849482312
1994-02-18,431.16311242858245
1994-02-22,432.88868800446795
1994-02-23,431.4673240270427
1994-02-24,426.5197380450824
1994-02-25,426.7708997603294
1994-02-28,428.14551290309686
1994-03-01,426.4421203528862
1994-03-02,428.63287942492656
1994-03-03,428.14109383480144
1994-03-04,431.6882994167479
1994-03-07,433.02383404508345
1994-03-08,432.34935676869395
1994-03-09,433.3601227733052
1994-03-10,430.6286317524131
1994-03-11,432.8027138502674
1994-03-14,432.55506483931464
1994-03-15,431.2286061408274
1994-03-16,433.6178999229706
1994-03-17,434.5197818985576
1994-03-18,434.9983695105506
1994-03-21,432.00805498628506
1994-03-22,432.87265382356014
1994-03-23,434.2723189235891
1994-03-24,428.64330831328624
1994-03-25,425.01178240554253
1994-03-28,422.81562869891985
1994-03-29,414.90336692547476
1994-03-30,406.7998691170969
1994-03-31,405.84849768634433
1994-04-04,400.2293203175625
1994-04-05,410.2527995257788
1994-04-06,410.6898554693332
1994-04-07,412.96726873157206
1994-04-08,409.3587244657879
1994-04-11,410.2985134190436
1994-04-12,407.713960186579
1994-04-13,404.85751794262006
1994-04-14,405.8964752427726
1994-04-15,405.64888630193906
1994-04-18,401.80922174847643
1994-04-19,399.20381349002326
1994-04-20,396.2138630419802
1994-04-21,401.3693047199426
1994-04-22,401.8169416547277
1994-04-25,408.2808071954273
1994-04-26,408.8447009003395
1994-04-28,406.52510884183897
1994-04-29,408.66175498752733
1994-05-02,411.2317887769156
1994-05-03,410.6621779564301
1994-05-04,409.2695711638173
1994-05-05,408.884662121453
1994-05-06,405.9961687021723
1994-05-09,401.38502640559705
1994-05-10,403.2034345866659
1994-05-11,398.8728065211851
1994-05-12,400.5313427329754
1994-05-13,400.845067505741
1994-05-16,399.8103938337726
1994-05-17,402.3133280001257
1994-05-18,406.6749905303422
1994-05-19,410.35836021090734
1994-05-20,409.64647581255895
1994-05-23,408.472813359897
1994-05-24,410.58297876728113
1994-05-25,411.9922881147522
1994-05-26,412.9964592322198
1994-05-27,413.3865791519859
1994-05-31,412.9671949275733
1994-06-01,413.7832990177098
1994-06-02,413.9940224636666
1994-06-03,414.36103442808957
1994-06-06,413.8085877043468
1994-06-07,412.34235431964703
1994-06-08,411.4253651547776
1994-06-09,411.95882391660194
1994-06-10,413.24428330957085
1994-06-13,415.12686942304305
1994-06-14,418.56715316531427
1994-06-15,417.17987107861103
1994-06-16,418.9084645530497
1994-06-17,416.2536064839858
1994-06-20,411.9146743389315
1994-06-21,407.4921995541158
1994-06-22,409.18947124135633
1994-06-23,406.1298328334213
1994-06-24,401.10661126145294
1994-06-27,404.8475878029093
1994-06-28,403.20228216164304
1994-06-29,403.90445093174895
1994-06-30,401.12591232867516
1994-07-01,402.6401824088447
1994-07-05,402.3116997306368
1994-07-06,402.59013663085597
1994-07-07,404.9475756770911
1994-07-08,406.8390431129272
1994-07-11,406.8243279125756
1994-07-12,408.15615602669766
1994-07-13,410.22954386503244
1994-07-14,412.75178814859663
1994-07-15,412.77240173499615
1994-07-18,414.0149804081316
1994-07-19,413.49058849320767
1994-07-20,410.6756909493598
1994-07-21,411.2682759039954
1994-07-22,412.37915131700026
1994-07-25,412.6198841037016
1994-07-26,411.15905097333155
1994-07-27,410.4251047227471
1994-07-28,412.6306360226347
1994-07-29,416.9551628226103
1994-08-01,419.60828044587856
1994-08-02,420.3953865293186
1994-08-03,420.5462844391284
1994-08-04,418.2694808852996
1994-08-05,417.24245275866855
1994-08-08,418.4526165570949
1994-08-09,419.4571710965596
1994-08-10,422.18356557578045
1994-08-11,420.7227465685781
1994-08-12,422.29218534783115
1994-08-15,422.06952315237476
1994-08-16,424.93015032722155
1994-08-17,425.2719350228749
1994-08-18,423.60069478988794
1994-08-19,424.21951020161
1994-08-22,423.90610789647894
1994-08-23,426.05920446034133
1994-08-24,429.4443612425172
1994-08-25,430.64890789403194
1994-08-26,436.05098004908905
1994-08-29,437.1361721043594
1994-08-30,439.71923536816064
1994-08-31,438.6291062677314
1994-09-01,435.7920986810378
1994-09-02,433.8839978746935
1994-09-06,434.2440879504918
1994-09-07,435.09059070128336
1994-09-08,437.43984915338507
1994-09-09,433.4269699718826
1994-09-12,431.39836346548964
1994-09-13,433.31610281676217
1994-09-14,434.2908320646909
1994-09-15,440.41132255619334
1994-09-16,438.85258830636525
1994-09-19,437.96678283319056
1994-09-20,432.07213759591707
1994-09-21,429.33221945171107
1994-09-22,428.81504268307316
1994-09-23,427.34269100262617
1994-09-26,428.4132654935637
1994-09-27,428.8081398264446
1994-09-28,431.34554084506146
1994-09-29,430.776515510622
1994-09-30,431.3885036326769
1994-10-03,429.6810596255398
1994-10-04,423.21337639786896
1994-10-05,422.230450059642
1994-10-06,421.21055641939097
1994-10-07,424.47771339732685
1994-10-10,428.2124446590579
1994-10-11,434.45841445716155
1994-10-12,434.70236820296884
1994-10-13,436.2471651939613
1994-10-14,437.60408574104275
1994-10-17,437.88764084902544
1994-10-18,437.7386464984466
1994-10-19,440.15779788356133
1994-10-20,438.10123784349474
1994-10-21,436.6718499163355
1994-10-24,434.03413067206236
1994-10-25,433.5788359131832
1994-10-26,435.2024760283842
1994-10-27,438.45132048748087
1994-10-28,445.536621790626
1994-10-31,444.34162016057377
1994-11-01,440.36160832939026
1994-11-02,439.0716139458326
1994-11-03,439.23249962210133
1994-11-04,434.5723550568079
1994-11-07,434.1888341161709
1994-11-08,437.10262252821076
1994-11-09,436.43351815146883
1994-11-10,433.95549991401316
1994-11-11,432.04562338595406
1994-11-14,435.2899177844933
1994-11-15,435.73690838135906
1994-11-16,437.3109212047441
1994-11-17,435.7600982078885
1994-11-18,434.04366605862714
1994-11-21,431.3591090744131
1994-11-22,422.1380607819679
1994-11-23,419.29791503620066
1994-11-25,422.2612182981344
1994-11-28,425.0229840773028
1994-11-29,426.46583444608433
1994-11-30,426.15593722734144
1994-12-01,421.4323440173557
1994-12-02,425.25071220804665
1994-12-05,425.2323420176861
1994-12-06,425.0676092430353
1994-12-07,423.40907539083327
1994-12-08,417.9667967316027
1994-12-09,419.7786320264754
1994-12-12,421.7735838216314
1994-12-13,421.7835129771474
1994-12-14,425.46667903182754
1994-12-15,427.0527856153659
1994-12-16,430.1019406380933
1994-12-19,428.5093752301129
1994-12-20,428.13381096296877
1994-12-21,431.7535052935764
1994-12-22,432.2610822012807
1994-12-23,433.14831041399594
1994-12-27,435.92089526166103
1994-12-28,433.85808203968924
1994-12-29,435.1472811765485
1994-12-30,434.6678183328042
1995-01-03,432.6999427277035
1995-01-04,433.60868200805265
1995-01-05,432.8938587547595
1995-01-06,433.687255019402
1995-01-09,433.3243237608462
1995-01-10,435.33561784792425
1995-01-11,434.212822718302
1995-01-12,434.40273026085157
1995-01-13,437.3304593555808
1995-01-16,440.0136154045618
1995-01-17,442.2408294086773
1995-01-18,443.7438825488746
1995-01-19,442.3577409080292
1995-01-20,440.4421468044093
1995-01-23,440.70424854949505
1995-01-24,441.317315390992
1995-01-25,440.8139169578482
1995-01-26,440.3343840082027
1995-01-27,440.6886101908883
1995-01-30,437.38808459864254
1995-01-31,439.0888126263135
1995-02-01,439.0191010349658
1995-02-02,440.94163780721277
1995-02-03,445.1530547961872
1995-02-06,449.2290739943262
1995-02-07,449.31760351939687
1995-02-08,450.0053576521837
1995-02-09,450.3145684364249
1995-02-10,451.1180702799553
1995-02-13,452.27857216193706
1995-02-14,452.7023940632848
1995-02-15,454.6381024459333
1995-02-16,455.65723395656903
1995-02-17,453.2943570205845
1995-02-21,454.01051103131346
1995-02-22,454.91555796994436
1995-02-23,456.17720090338963
1995-02-24,456.54464432930786
1995-02-27,454.21778637950024
1995-02-28,458.8753247603506
1995-03-01,458.05961077947046
1995-03-02,458.1677230213229
1995-03-03,459.2523288434166
1995-03-06,460.87185402874525
1995-03-07,457.59486370435
1995-03-08,459.1660503295748
1995-03-09,459.2672021601609
1995-03-10,463.46929210091815
1995-03-13,464.9524647574946
1995-03-14,467.2686011716891
1995-03-15,466.7863702261294
1995-03-16,469.76997885903984
1995-03-17,470.84722944792355
1995-03-20,472.43155398775986
1995-03-21,472.0100789660391
1995-03-22,472.4622257815103
1995-03-23,473.00741359255113
1995-03-24,476.4972559838803
1995-03-27,478.5784583764068
1995-03-28,478.50272907786615
1995-03-29,476.6007544301709
1995-03-30,474.0448395189346
1995-03-31,474.00294555780783
1995-04-03,475.07524392731256
1995-04-04,478.01510598386693
1995-04-05,478.3238428706793
1995-04-06,477.8219187982023
1995-04-07,476.6152517776097
1995-04-10,478.31872815008177
1995-04-11,478.22485063262513
1995-04-12,479.71472383190775
1995-04-13,481.43623286887527
1995-04-17,479.2543939921406
1995-04-18,479.22861538909143
1995-04-19,476.9585918019059
1995-04-20,479.95317100013654
1995-04-21,483.4857357669052
1995-04-24,487.94028830768724
1995-04-25,487.6437402470652
1995-04-26,487.8590209631966
1995-04-27,488.0416670498503
1995-04-28,489.437639976975
1995-05-01,491.6640491806049
1995-05-02,492.4127715451441
1995-05-03,497.4785776355736
1995-05-04,497.001933782827
1995-05-05,496.4008264369908
1995-05-08,499.3767819980238
1995-05-09,498.95510794853834
1995-05-10,499.5401918076568
1995-05-11,500.3042917279657
1995-05-12,499.3151572519795
1995-05-15,501.78946781260714
1995-05-16,503.72758760761315
1995-05-17,503.48213986270076
1995-05-18,497.16351704573134
1995-05-19,497.1838312831973
1995-05-22,500.5070761559792
1995-05-23,506.47657352153675
1995-05-24,506.4326511402668
1995-05-25,506.8909544654441
1995-05-26,501.66935666467754
1995-05-30,499.50228644452477
1995-05-31,507.56524587370615
1995-06-01,508.1358232749218
1995-06-02,506.500889981495
1995-06-05,508.41580726005117
1995-06-06,507.78817361792545
1995-06-07,506.54712460843706
1995-06-08,506.66024549965783
1995-06-09,503.8165025008314
1995-06-12,505.7591986700784
1995-06-13,509.4057842861946
1995-06-14,510.55745949462863
1995-06-15,512.8327542151945
1995-06-16,516.5932069669018
1995-06-19,521.019385028312
1995-06-20,521.2842476906699
1995-06-21,520.2669651768508
1995-06-22,526.7133152948843
1995-06-23,526.2807527022311
1995-06-26,521.5843168402063
1995-06-27,518.4836466835845
1995-06-28,520.5823273346208
1995-06-29,521.2456671959511
1995-06-30,520.7187878540472
1995-07-03,522.7550810510143
1995-07-05,521.4638298040461
1995-07-06,526.1098661865807
1995-07-07,526.1806424815505
1995-07-10,526.8503145028975
1995-07-11,525.5294616077368
1995-07-12,531.9309708257665
1995-07-13,532.8283189413384
1995-07-14,532.2614764649172
1995-07-17,535.4800979279122
1995-07-18,531.7748402560856
1995-07-19,522.2577824141135
1995-07-20,523.7632675226882
1995-07-21,524.9399184811595
1995-07-24,530.2257564884251
1995-07-25,534.1915023015451
1995-07-26,536.4373012106422
1995-07-27,540.0853428835627
1995-07-28,537.8502871040869
1995-07-31,536.443381511933
1995-08-01,534.479484186396
1995-08-02,531.8439203129476
1995-08-03,531.30127621946
1995-08-04,533.4889302157871
1995-08-07,534.625273635678
1995-08-08,534.8938106749429
1995-08-09,536.1699138731516
1995-08-10,534.9091736369163
1995-08-11,533.4558915027868
1995-08-14,537.4332302096487
1995-08-15,536.0999232811802
1995-08-16,537.0526231548589
1995-08-17,536.5567601013325
1995-08-18,536.4603397024118
1995-08-21,534.6646562364929
1995-08-22,536.1174443950879
1995-08-23,535.9352400442764
1995-08-24,535.6142569964735
1995-08-25,536.6035239399113
1995-08-28,533.7221604674921
1995-08-29,533.1798218608594
1995-08-30,534.6669038255897
1995-08-31,536.579341185114
1995-09-01,538.0449356838624
1995-09-05,543.1191311571528
1995-09-06,545.1041719218979
1995-09-07,545.4826526070717
1995-09-08,547.1293948068234
1995-09-11,548.606161425297
1995-09-12,550.6465498407148
1995-09-13,553.6344995826502
1995-09-14,556.7367859855342
1995-09-15,555.7276691120161
1995-09-18,556.8691684101515
1995-09-19,558.5005967087271
1995-09-20,560.6713036924419
1995-09-21,559.7798739504195
1995-09-22,559.6754375556627
1995-09-25,559.3829958770804
1995-09-26,559.963281878152
1995-09-27,558.8453550732339
1995-09-28,562.7265169749572
1995-09-29,562.4708046006199
1995-10-02,560.0766710352042
1995-10-03,560.8758569893831
1995-10-04,559.9349177596525
1995-10-05,560.4266985743136
1995-10-06,561.1772679720879
1995-10-09,555.8378071499928
1995-10-10,554.6967199591113
1995-10-11,557.7282828181878
1995-10-12,562.4525681587132
1995-10-13,564.5187152928972
1995-10-16,564.4248153022429
1995-10-17,567.0217715769172
1995-10-18,569.0340094185967
1995-10-19,570.6609697288956
1995-10-20,568.0512359201663
1995-10-23,566.1400954812598
1995-10-24,566.9992188933063
1995-10-25,563.22880021487
1995-10-26,558.5438837291274
1995-10-27,559.3376935559056
1995-10-30,561.2772252439587
1995-10-31,559.3142293052064
1995-11-01,562.7710391009987
1995-11-02,566.7435023930127
1995-11-03,568.301299630478
1995-11-06,565.476269088359
1995-11-07,562.5044514115039
1995-11-08,567.146927573424
1995-11-09,570.0725450249975
1995-11-10,568.7865169042072
1995-11-13,567.8301827848044
1995-11-14,564.0254726315638
1995-11-15,567.0360100076316
1995-11-16,570.1991271446512
1995-11-17,571.51233146065
1995-11-20,567.0904669096996
1995-11-21,568.6518563802766
1995-11-22,565.9695646783816
1995-11-24,568.1632571350723
1995-11-27,569.4222322633708
1995-11-28,574.69067964544
1995-11-29,577.0857070893953
1995-11-30,578.1591738297388
1995-12-01,578.1428819368323
1995-12-04,585.1884146752038
1995-12-05,586.2101704663346
1995-12-06,586.8070617552308
1995-12-07,582.9449572096852
1995-12-08,584.199952283787
1995-12-11,585.7844900297798
1995-12-12,584.6567649339288
1995-12-13,588.3309800669465
1995-12-14,582.5339945028096
1995-12-15,582.6253985368041
1995-12-18,573.725864594953
1995-12-19,581.6292494652022
1995-12-20,577.6055110343842
1995-12-21,581.1742015447938
1995-12-22,583.6538434136662
1995-12-26,585.5428180058548
1995-12-27,586.7424458316475
1995-12-28,586.3139853711207
1995-12-29,588.305504755875
1996-01-02,591.7885928903644
1996-01-03,592.0197897593542
1996-01-04,586.2154449101964
1996-01-05,584.6767467791902
1996-01-08,585.6893975737704
1996-01-09,577.0849315756876
1996-01-10,567.8627780066399
1996-01-11,572.6672095246373
1996-01-12,573.7133622152982
1996-01-15,572.3336556346837
1996-01-16,580.9561740578548
1996-01-17,581.3469238122354
1996-01-18,583.4706217263214
1996-01-19,584.5570111275266
1996-01-22,584.2041153539368
1996-01-23,583.9926683060872
1996-01-24,591.5071071717905
1996-01-25,587.9339172557036
1996-01-26,591.5752074322987
1996-01-29,594.3933410036171
1996-01-30,600.0765482811431
1996-01-31,605.0266796856305
1996-02-01,605.9753570165888
1996-02-02,603.9091052644786
1996-02-05,607.1813680534254
1996-02-06,611.5699467459839
1996-02-07,616.8006653369828
1996-02-08,621.9213919168379
1996-02-09,622.5341148979509
1996-02-12,627.4002806149542
1996-02-13,626.7002476508229
1996-02-14,621.7296944482993
1996-02-15,618.3995006786471
1996-02-16,614.1268613113333
1996-02-20,605.8919553269304
1996-02-21,611.7439561982035
1996-02-22,620.1078119116135
1996-02-23,620.5923358944704
1996-02-26,612.9373337149968
1996-02-27,609.652125682693
1996-02-28,609.8782033467066
1996-02-29,607.254729952636
1996-03-01,611.8144271075108
1996-03-04,618.6036660451603
1996-03-05,622.5956305801642
1996-03-06,619.4149476823833
1996-03-07,621.5354180655698
1996-03-08,600.2889663269945
1996-03-11,601.7960342317326
1996-03-12,596.4735302693006
1996-03-13,595.78616015529
1996-03-14,595.1008440051436
1996-03-15,595.4596504047871
1996-03-18,602.4484608112647
1996-03-19,601.980705700166
1996-03-20,604.7724469160592
1996-03-21,607.4496896389062
1996-03-22,607.3649237174895
1996-03-25,607.4707836898552
1996-03-26,609.6838998775477
1996-03-27,606.0244107787158
1996-03-28,605.4382295313533
1996-03-29,604.771274034692
1996-04-01,614.0753356694928
1996-04-02,615.3641352711625
1996-04-03,615.6304854427974
1996-04-04,614.9466270149364
1996-04-08,601.8227661580596
1996-04-09,598.931615953622
1996-04-10,587.9155933853293
1996-04-11,585.1421970335413
1996-04-12,593.5564406273746
1996-04-15,596.534632631533
1996-04-16,596.3179181962429
1996-04-17,593.8154659510519
1996-04-18,596.6368966700502
1996-04-19,598.050416735159
1996-04-22,599.7275755334671
1996-04-23,600.6488889493249
1996-04-24,597.051860928915
1996-04-25,600.3538061061763
1996-04-26,601.6193711926059
1996-04-29,602.9396696382872
1996-04-30,603.9604258896275
1996-05-01,605.0726007307941
1996-05-02,593.2638291134399
1996-05-03,592.6852374524263
1996-05-06,591.0140676642537
1996-05-07,589.1393302528747
1996-05-08,594.7434197784498
1996-05-09,596.1342536727636
1996-05-10,602.985972491775
1996-05-13,608.8635767680961
1996-05-14,612.4055411249873
1996-05-15,612.291927252042
1996-05-16,613.390054154812
1996-05-17,616.3282028792634
1996-05-20,618.4747818298628
1996-05-21,620.04722418729
1996-05-22,623.8778493729244
1996-05-23,622.4015140173083
1996-05-24,626.4304557504919
1996-05-28,621.214996665418
1996-05-29,618.5053856004126
1996-05-30,620.2864127895255
1996-05-31,617.3114303109393
1996-06-03,616.0934225052458
1996-06-04,620.623164178203
1996-06-05,626.3329203268255
1996-06-06,622.5884529026583
1996-06-07,619.988388432005
1996-06-10,619.5964157765388
1996-06-11,619.107981048849
1996-06-12,617.5758326031946
1996-06-13,616.9973711415188
1996-06-14,615.5512218861807
1996-06-17,615.1064865007654
1996-06-18,612.6683872442409
1996-06-19,610.5917602670031
1996-06-20,610.0082896571464
1996-06-21,613.1318764041308
1996-06-24,614.4103304284796
1996-06-25,613.2664101046762
1996-06-26,609.1781583286979
1996-06-27,612.364453898568
1996-06-28,616.3651351267789
1996-07-01,620.0317260061659
1996-07-02,618.0911824546993
1996-07-03,616.6627547619502
1996-07-05,603.9937382227513
1996-07-08,598.6961915763152
1996-07-09,600.7374358949149
1996-07-10,600.2599151061136
1996-07-11,591.446434887115
1996-07-12,592.0273963937864
1996-07-15,577.9820322860618
1996-07-16,572.9483886027238
1996-07-17,578.9375622162852
1996-07-18,589.633407888746
1996-07-19,586.3298648402628
1996-07-22,582.6672026453411
1996-07-23,577.2495635004304
1996-07-24,572.7098268083603
1996-07-25,575.7862334315355
1996-07-26,580.5289065721036
1996-07-29,576.7837217013843
1996-07-30,579.0642738017867
1996-07-31,583.0542968803684
1996-08-01,592.1546724678839
1996-08-02,602.565886273884
1996-08-05,600.9666820599243
1996-08-06,602.2447117665522
1996-08-07,601.7717713460916
1996-08-08,601.5145576455443
1996-08-09,597.1384887820753
1996-08-12,602.4010730133305
1996-08-13,599.6368648940692
1996-08-14,601.0710510030349
1996-08-15,602.164652820824
1996-08-16,606.3663123538118
1996-08-19,608.7669534553983
1996-08-20,608.2041660193488
1996-08-21,607.2685864687543
1996-08-22,612.0673469953675
1996-08-23,608.4608761146632
1996-08-26,606.3857648250953
1996-08-27,609.8641533744744
1996-08-28,608.1173178178267
1996-08-29,601.5128692197777
1996-08-30,598.8070091919691
1996-09-03,602.7399308648869
1996-09-04,603.505386759997
1996-09-05,600.3362337978568
1996-09-06,606.6769877068763
1996-09-09,612.5463856772143
1996-09-10,613.1505823097009
1996-09-11,617.1021920268894
1996-09-12,618.8256288393318
1996-09-13,624.809574138503
1996-09-16,626.7611452972199
1996-09-17,624.3024592914448
1996-09-18,623.2052769392155
1996-09-19,624.3669268963112
1996-09-20,626.1667041736416
1996-09-23,626.0555665537846
1996-09-24,626.464488808496
1996-09-25,626.4501915558895
1996-09-26,629.1322117726767
1996-09-27,628.9074343890036
1996-09-30,630.2006829125129
1996-10-01,632.5827005505785
1996-10-02,635.7898846374695
1996-10-03,636.6799077840129
1996-10-04,643.8452606821132
1996-10-07,643.1971229147216
1996-10-08,642.1180756362847
1996-10-09,638.4226051977805
1996-10-10,636.457786496897
1996-10-11,640.1604908469117
1996-10-14,645.3470735728283
1996-10-15,645.0537932633771
1996-10-16,644.2727042076738
1996-10-17,649.0110581806202
1996-10-18,653.6102998687113
1996-10-21,652.089871062739
1996-10-22,649.4805180502397
1996-10-23,647.6546983278649
1996-10-24,643.9185519795791
1996-10-25,642.3788289860829
1996-10-28,638.4357476052967
1996-10-29,643.052801430998
1996-10-30,641.499103703175
1996-10-31,644.0614269248919
1996-11-01,642.0748033397665
1996-11-04,643.8971654679474
1996-11-05,646.7907630717824
1996-11-06,658.2465671768247
1996-11-07,659.9141016763459
1996-11-08,663.0096476675365
1996-11-11,662.8410963751122
1996-11-12,662.3599533848574
1996-11-13,665.5023146574465
1996-11-14,668.2237781067979
1996-11-15,668.5079135341882
1996-11-18,668.4404298453869
1996-11-19,671.8165291668279
1996-11-20,672.6062783180093
1996-11-21,673.0215812422759
1996-11-22,677.7941788651804
1996-11-25,685.850425982498
1996-11-26,683.0085925137124
1996-11-27,681.5723437261694
1996-11-29,682.889195090384
1996-12-02,682.9432253947218
1996-12-03,678.02734102319
1996-12-04,673.6356887756366
1996-12-05,675.1846678715544
1996-12-06,671.6767692058048
1996-12-09,676.925807124065
1996-12-10,675.9984030866733
1996-12-11,667.7180367348527
1996-12-12,660.6710746989088
1996-12-13,660.3207110632621
1996-12-16,658.4936493092194
1996-12-17,663.17816491862
1996-12-18,666.8257161565698
1996-12-19,680.396312344299
1996-12-20,684.4537140395402
1996-12-23,682.21248751256
1996-12-24,684.9008004112118
1996-12-26,688.717806213711
1996-12-27,689.1404288076652
1996-12-30,689.1720202049762
1996-12-31,680.3116379007718
1997-01-02,676.4526921028337
1997-01-03,683.8031822174429
1997-01-06,686.5882777429589
1997-01-07,692.1855933153695
1997-01-08,689.0165884946688
1997-01-09,697.7849682714461
1997-01-10,703.812875550414
1997-01-13,702.2741476012753
1997-01-14,709.854733102437
1997-01-15,707.8202314367353
1997-01-16,709.7027122997723
1997-01-17,714.1056705470907
1997-01-20,716.0856300409647
1997-01-21,719.2962048044643
1997-01-22,721.8147238517939
1997-01-23,715.397474175307
1997-01-24,706.7711393964195
1997-01-27,703.4815643876834
1997-01-28,701.7661515898392
1997-01-29,709.0515471015634
1997-01-30,717.572856785434
1997-01-31,718.1402032451857
1997-02-03,717.6172922073421
1997-02-04,718.8395385620573
1997-02-05,709.7751041090584
1997-02-06,709.8815486448464
1997-02-07,715.884197822846
1997-02-10,707.7469029044994
1997-02-11,711.3605321587603
1997-02-12,723.5035512155671
1997-02-13,730.4292347607595
1997-02-14,728.8818766526028
1997-02-18,732.5132884395905
1997-02-19,730.6023398520266
1997-02-20,721.0571836847106
1997-02-21,719.3472018835241
1997-02-24,723.0857587459566
1997-02-25,725.9687038780145
1997-02-26,720.5195921948313
1997-02-27,709.7237397420937
1997-02-28,705.5826448216864
1997-03-03,708.1135112570174
1997-03-04,709.9620826161088
1997-03-05,718.4759150466191
1997-03-06,718.1645068012454
1997-03-07,722.3031344500989
1997-03-10,729.9469383974985
1997-03-11,727.4476304711309
1997-03-12,721.6761482706804
1997-03-13,710.6030083239938
1997-03-14,714.2087084232572
1997-03-17,712.9235265983125
1997-03-18,707.2585679123384
1997-03-19,703.9713138771142
1997-03-20,704.9414694245987
1997-03-21,706.9215752385774
1997-03-24,711.5131940989594
1997-03-25,711.4888261001934
1997-03-26,715.0767356228207
1997-03-27,701.4430912755429
1997-03-31,687.8496372674922
1997-04-01,688.3803495611962
1997-04-02,679.2530227440391
1997-04-03,678.7114520301205
1997-04-04,686.560956225704
1997-04-07,691.179522077838
1997-04-08,695.8750941128992
1997-04-09,693.400553440393
1997-04-10,690.1538022156874
1997-04-11,672.9580736459679
1997-04-14,678.2883684599234
1997-04-15,687.4800958463405
1997-04-16,695.1287289442055
1997-04-17,693.8746122800869
1997-04-18,698.563407863235
1997-04-21,691.1735183375417
1997-04-22,703.3516993413118
1997-04-23,701.3875811404137
1997-04-24,700.8861786642615
1997-04-25,693.0140248969857
1997-04-28,698.412636182747
1997-04-29,716.1308185479288
1997-04-30,723.1371277477307
1997-05-01,721.5547259028992
1997-05-02,736.1237557186996
1997-05-05,753.2930083785988
1997-05-06,751.4097540346443
1997-05-07,742.1564975361886
1997-05-08,744.5955359000905
1997-05-09,750.0029041808165
1997-05-12,762.1241591765743
1997-05-13,760.1176605225594
1997-05-14,763.7739503436121
1997-05-15,765.1870999367673
1997-05-16,757.1860099045153
1997-05-19,763.086525215241
1997-05-20,767.0502570384748
1997-05-21,765.5774862303399
1997-05-22,763.0340072660439
1997-05-23,773.1234792503664
1997-05-27,770.1901968528933
1997-05-28,767.4024613395358
1997-05-29,766.8103039364579
1997-05-30,774.1744336245414
1997-06-02,773.4565932530708
1997-06-03,777.5382023465658
1997-06-04,775.0953445472885
1997-06-05,777.435536410086
1997-06-06,787.6665099956492
1997-06-09,789.7912801260796
1997-06-10,793.7073407232109
1997-06-11,796.8230561940721
1997-06-12,810.1990892317162
1997-06-13,815.5204597271013
1997-06-16,816.7291799012578
1997-06-17,814.2402453031876
1997-06-18,813.1825496019726
1997-06-19,818.5911082717366
1997-06-20,817.6496644007708
1997-06-23,801.8281348406773
1997-06-24,813.7075616836767
1997-06-25,806.5762140377094
1997-06-26,803.9361995059492
1997-06-27,807.0899265342049
1997-06-30,808.1204787311615
1997-07-01,815.2479109159594
1997-07-02,825.7489548359357
1997-07-03,835.9709285508147
1997-07-07,834.4364169087114
1997-07-08,843.1702619133304
1997-07-09,835.83215267313
1997-07-10,840.8332409943403
1997-07-11,845.9482068528024
1997-07-14,847.3084874871188
1997-07-15,856.1036680443943
1997-07-16,869.1028496561044
1997-07-17,866.6308928969356
1997-07-18,851.3148584724992
1997-07-21,848.6372100541627
1997-07-22,865.8440674264662
1997-07-23,869.773724406409
1997-07-24,872.0914723760961
1997-07-25,871.2212361246594
1997-07-28,869.0651643071037
1997-07-29,873.163934179847
1997-07-30,884.4023941177808
1997-07-31,886.408551095142
1997-08-01,881.8402795208552
1997-08-04,882.2613350850737
1997-08-05,884.3959039066629
1997-08-06,890.8576978649427
1997-08-07,882.0085529618354
1997-08-08,866.0849255155737
1997-08-11,869.1341561286214
1997-08-12,858.5543407036791
1997-08-13,855.7286539260755
1997-08-14,859.107225594762
1997-08-15,837.3916265901324
1997-08-18,845.1563063218098
1997-08-19,857.2041651536592
1997-08-20,870.1490552929232
1997-08-21,858.4254380876529
1997-08-22,855.5856578559262
1997-08-25,852.4149824276195
1997-08-26,847.2671727044151
1997-08-27,848.545945725375
1997-08-28,842.9030056817805
1997-08-29,840.4978186269607
1997-09-02,863.7980192914241
1997-09-03,865.181051535571
1997-09-04,865.3874695334662
1997-09-05,862.6920937944539
1997-09-08,865.8993265485955
1997-09-09,868.2642020657739
1997-09-10,856.5647192788391
1997-09-11,850.1667610191541
1997-09-12,859.6229370327342
1997-09-15,857.4737208719041
1997-09-16,878.6737422624499
1997-09-17,881.445671786107
1997-09-18,885.8165243120635
1997-09-19,885.126910384965
1997-09-22,886.1334800117567
1997-09-23,883.5205891080124
1997-09-24,877.5316750713139
1997-09-25,872.5148467653237
1997-09-26,879.3473876289808
1997-09-29,885.4503447053751
1997-09-30,880.5839432957947
1997-10-01,886.5281849207901
1997-10-02,890.6760342584306
1997-10-03,895.2969882822244
1997-10-06,904.6892786810522
1997-10-07,913.0560075905555
1997-10-08,905.8620811695552
1997-10-09,906.4038165210867
1997-10-10,903.0920096118903
1997-10-13,903.4786433527665
1997-10-14,902.0088539268932
1997-10-15,899.5268667137794
1997-10-16,890.8015208719158
1997-10-17,879.2116007329502
1997-10-20,890.5320110201335
1997-10-21,903.3161894902707
1997-10-22,899.2059589931666
1997-10-23,881.3178974336396
1997-10-24,873.8204199067688
1997-10-27,815.8868377743444
1997-10-28,848.0196692249726
1997-10-29,848.0423898561835
1997-10-30,834.8735134267569
1997-10-31,844.2262806862759
1997-11-03,864.7443233409418
1997-11-04,868.3281774862662
1997-11-05,869.5035757775406
1997-11-06,864.6683333183657
1997-11-07,852.614838811854
1997-11-10,847.8463345511761
1997-11-11,845.5214201505944
1997-11-12,826.843770370605
1997-11-13,831.4275905470273
1997-11-14,841.9003121167242
1997-11-17,858.7278947660698
1997-11-18,850.1807035023602
1997-11-19,851.4908447379571
1997-11-20,863.6360237590158
1997-11-21,865.555699763797
1997-11-24,849.9907438954679
1997-11-25,848.6830137404019
1997-11-26,850.9957291627279
1997-11-28,854.6876809149369
1997-12-01,865.7948914568558
1997-12-02,864.826234541215
1997-12-03,875.4837536780828
1997-12-04,874.4934105312062
1997-12-05,882.042541995682
1997-12-08,880.6449236480474
1997-12-09,879.0643815364697
1997-12-10,876.8644085135986
1997-12-11,865.548870606797
1997-12-12,865.1994234303576
1997-12-15,872.0161597691874
1997-12-16,875.1395088732503
1997-12-17,874.3232893821512
1997-12-18,869.698679957754
1997-12-19,862.1501562877266
1997-12-22,867.4038731134943
1997-12-23,855.472252010865
1997-12-24,851.2157515361959
1997-12-26,855.2084264553855
1997-12-29,869.7503217349569
1997-12-30,881.8267315381715
1997-12-31,881.2321915703742
1998-01-02,880.0503526125531
1998-01-05,878.786865014531
1998-01-06,872.8863513576359
1998-01-07,871.1682281348106
1998-01-08,867.2616546327387
1998-01-09,844.6290422931969
1998-01-12,851.989974309896
1998-01-13,864.7806088484856
1998-01-14,871.0632307488369
1998-01-15,866.0984491495316
1998-01-16,876.3721863621589
1998-01-20,890.0156975891572
1998-01-21,883.6026803959957
1998-01-22,881.3702271457305
1998-01-23,876.6203202010116
1998-01-26,870.975436400596
1998-01-27,880.7299267117013
1998-01-28,885.5030512836323
1998-01-29,892.3332277719502
1998-01-30,888.8988651600841
1998-02-02,904.6273818948439
1998-02-03,907.9850632426196
1998-02-04,907.4106799974294
1998-02-05,906.9924404923862
1998-02-06,914.8953171468868
1998-02-09,912.848026089491
1998-02-10,918.4475677074635
1998-02-11,918.8718418362711
1998-02-12,925.5031723534946
1998-02-13,923.8648775823594
1998-02-17,929.4263916019435
1998-02-18,934.8219470504796
1998-02-19,931.0566035656578
1998-02-20,935.3106824980667
1998-02-23,938.1829564135992
1998-02-24,932.6776056218482
1998-02-25,942.7085349100857
1998-02-26,945.8743204833104
1998-02-27,944.2408610110498
1998-03-02,947.3372390240111
1998-03-03,952.725668886691
1998-03-04,946.6245860610901
1998-03-05,940.5229831195907
1998-03-06,960.2111071534922
1998-03-09,963.3096389679225
1998-03-10,973.3653212473456
1998-03-11,979.4968207620858
1998-03-12,980.619603726452
1998-03-13,981.0954703952077
1998-03-16,992.0090118787346
1998-03-17,995.8239673903225
1998-03-18,998.2566924870744
1998-03-19,1003.4649356158204
1998-03-20,1010.0106363108131
1998-03-23,1003.4758077202567
1998-03-24,1013.9257230941727
1998-03-25,1006.1892748570557
1998-03-26,1003.1769512083604
1998-03-27,998.2770540118078
1998-03-30,997.186565567329
1998-03-31,1008.0747249733507
1998-04-01,1011.694825083787
1998-04-02,1021.4254677117606
1998-04-03,1026.2109560694314
1998-04-06,1030.8359767655475
1998-04-07,1022.6591749860003
1998-04-08,1017.354317392729
1998-04-09,1028.000320624227
1998-04-13,1027.896311416776
1998-04-14,1034.5438789868695
1998-04-15,1035.7074863901207
1998-04-16,1028.490333286637
1998-04-17,1039.588256181652
1998-04-20,1037.1576959199201
1998-04-21,1035.3098100926518
1998-04-22,1037.2695550120723
1998-04-23,1023.993412033166
1998-04-24,1012.712313223326
1998-04-27,991.1574465111091
1998-04-28,992.7261787798432
1998-04-29,1000.8152588935466
1998-04-30,1015.961405299239
1998-05-01,1021.5264301018016
1998-05-04,1026.5961181039152
1998-05-05,1018.8733299642813
1998-05-06,1008.0059240242796
1998-05-07,1000.853805702832
1998-05-08,1010.7692024980425
1998-05-11,1008.695623160466
1998-05-12,1015.2200800955296
1998-05-13,1016.4117586428313
1998-05-14,1016.1264417264945
1998-05-15,1012.3189643045791
1998-05-18,1012.5522366488129
1998-05-19,1015.1190222544806
1998-05-20,1025.467874876063
1998-05-21,1023.3562838098323
1998-05-22,1019.2291212753663
1998-05-26,1005.7009176641138
1998-05-27,1000.8707343482912
1998-05-28,1009.0375302147282
1998-05-29,1006.7535577159077
1998-06-01,1010.6435140512843
1998-06-02,1010.841831830403
1998-06-03,1003.9622646246806
1998-06-04,1009.3278161158785
1998-06-05,1022.4358809094732
1998-06-08,1026.4614583871103
1998-06-09,1025.8360021698873
1998-06-10,1023.5685374935624
1998-06-11,1006.7794787037058
1998-06-12,1005.5837300097534
1998-06-15,985.8650774970123
1998-06-16,991.8766212596523
1998-06-17,1011.8610307496397
1998-06-18,1010.3991793220687
1998-06-19,1007.8950079089033
1998-06-22,1011.6967861551537
1998-06-23,1026.0523106726146
1998-06-24,1028.9728334295623
1998-06-25,1028.3445812825967
1998-06-26,1029.2350493029326
1998-06-29,1033.9845519921992
1998-06-30,1032.2883452474018
1998-07-01,1045.4229161948367
1998-07-02,1045.1290886821544
1998-07-06,1059.3832818195467
1998-07-07,1057.6968463699332
1998-07-08,1069.8670745599181
1998-07-09,1061.8775419515175
1998-07-10,1064.7021863109815
1998-07-13,1064.2234646303602
1998-07-14,1075.2030034833695
1998-07-15,1072.527002072928
1998-07-16,1079.2251452354442
1998-07-17,1079.647798515247
1998-07-20,1078.2346137800541
1998-07-21,1067.3299919808296
1998-07-22,1070.2119921040976
1998-07-23,1048.623297610058
1998-07-24,1048.1202341804737
1998-07-27,1049.0015338154928
1998-07-28,1034.7399556910782
1998-07-29,1032.691298657923
1998-07-30,1047.4280062118337
1998-07-31,1029.0896789167698
1998-08-03,1018.6067054996242
1998-08-04,978.5547596315865
1998-08-05,981.8002682558098
1998-08-06,994.855325830247
1998-08-07,997.9479700155222
1998-08-10,996.1642639372914
1998-08-11,979.8434471426729
1998-08-12,995.1914947395604
1998-08-13,992.4686530598104
1998-08-14,976.9773083019711
1998-08-17,988.7629908485692
1998-08-18,1004.3663918158217
1998-08-19,1004.1896174916465
1998-08-20,997.495771686101
1998-08-21,987.208878963984
1998-08-24,995.265412751334
1998-08-25,999.4645903460477
1998-08-26,990.8021431177765
1998-08-27,952.7184554898331
1998-08-28,946.4648168790524
1998-08-31,877.4135510917253
1998-09-01,909.0245378538758
1998-09-02,904.6606442239547
1998-09-03,900.6429126751426
1998-09-04,893.544424872119
1998-09-08,939.7758196717429
1998-09-09,926.8645460373749
1998-09-10,899.234622172138
1998-09-11,921.2837246310881
1998-09-14,945.7494546079074
1998-09-15,949.888039397018
1998-09-16,953.2611015630406
1998-09-17,931.5616031235274
1998-09-18,940.4078100796762
1998-09-21,938.8795346224856
1998-09-22,947.8957452122465
1998-09-23,974.7527380794064
1998-09-24,956.244966824717
1998-09-25,954.9862613046756
1998-09-28,958.790244469022
1998-09-29,957.5817991929734
1998-09-30,931.9871779790228
1998-10-01,900.3817029816859
1998-10-02,912.2692738877948
1998-10-05,911.3684117990223
1998-10-06,908.5396926094685
1998-10-07,897.3569536138976
1998-10-08,886.7617346922231
1998-10-09,889.0225336908104
1998-10-12,889.799757503669
1998-10-13,891.2788424002753
1998-10-14,907.1225117787336
1998-10-15,934.7246380475513
1998-10-16,931.958084711169
1998-10-19,935.2996682153423
1998-10-20,931.1400874208161
1998-10-21,937.024146946861
1998-10-22,948.467306010609
1998-10-23,942.8721207351639
1998-10-26,941.7080057664141
1998-10-27,938.1092424312553
1998-10-28,941.4878752593635
1998-10-29,955.5270406321871
1998-10-30,963.568660104982
1998-11-02,973.134636480845
1998-11-03,972.9075478653782
1998-11-04,973.4456682331337
1998-11-05,984.3286706525271
1998-11-06,992.6326670935541
1998-11-09,986.4434876059936
1998-11-10,990.9530183105594
1998-11-11,982.3724962430812
1998-11-12,977.405286238887
1998-11-13,982.1943832730487
1998-11-16,991.735114855406
1998-11-17,993.8816678370512
1998-11-18,999.3471382687707
1998-11-19,1006.6349444709464
1998-11-20,1014.1417700129277
1998-11-23,1027.6618800539588
1998-11-24,1022.4321590961899
1998-11-25,1029.031280387195
1998-11-27,1033.3250385292206
1998-11-30,1013.2345968822281
1998-12-01,1021.7136422122118
1998-12-02,1023.1789493789106
1998-12-03,1009.5419173742903
1998-12-04,1029.6851324808006
1998-12-07,1038.3411367308101
1998-12-08,1036.0474800825605
1998-12-09,1037.4884950039796
1998-12-10,1024.9962203444886
1998-12-11,1028.245643684827
1998-12-14,1002.1359371563634
1998-12-15,1017.0893283871478
1998-12-16,1020.3367403778467
1998-12-17,1035.5176764298337
1998-12-18,1040.0401726298078
1998-12-21,1053.9458242948594
1998-12-22,1054.262426081191
1998-12-23,1073.4553447578191
1998-12-24,1072.7732479260044
1998-12-28,1077.8758852560563
1998-12-29,1093.718050311402
1998-12-30,1087.3973699761877
1998-12-31,1093.1770866024772
1999-01-04,1086.8583300997927
1999-01-05,1103.9135077718588
1999-01-06,1125.6082985262062
1999-01-07,1122.5453067239648
1999-01-08,1125.9202958741469
1999-01-11,1117.6209963738593
1999-01-12,1098.0873293449965
1999-01-13,1101.2214542017866
1999-01-14,1085.2599142874378
1999-01-15,1108.7471062460093
1999-01-19,1128.6389854389781
1999-01-20,1135.6811668930309
1999-01-21,1111.752994288201
1999-01-22,1107.648874300417
1999-01-25,1108.9616433739366
1999-01-26,1130.642235113124
1999-01-27,1126.7417294081044
1999-01-28,1146.7623696132157
1999-01-29,1157.5851117760246
1999-02-01,1154.6150818764963
1999-02-02,1143.399921728066
1999-02-03,1155.3953030775174
1999-02-04,1131.8215533425673
1999-02-05,1117.7287946391796
1999-02-08,1124.5821866734375
1999-02-09,1095.7893881734906
1999-02-10,1094.4176783539215
1999-02-11,1126.7463217941524
1999-02-12,1102.5758899619823
1999-02-16,1112.659433754763
1999-02-17,1092.9924440998102
1999-02-18,1104.5652546756594
1999-02-19,1105.795455245305
1999-02-22,1136.0974480867326
1999-02-23,1136.343416594394
1999-02-24,1125.8526603932553
1999-02-25,1115.326484330502
1999-02-26,1109.371664012378
1999-03-01,1106.0654316209843
1999-03-02,1096.940932761269
1999-03-03,1099.3869102675692
1999-03-04,1113.5900505456364
1999-03-05,1137.004634207694
1999-03-08,1146.0081115450357
1999-03-09,1141.7294372322779
1999-03-10,1141.6394526087647
1999-03-11,1150.7664513152247
1999-03-12,1145.862332161105
1999-03-15,1156.588774656253
1999-03-16,1158.1451468563125
1999-03-17,1151.7525404801656
1999-03-18,1164.4800618234954
1999-03-19,1145.3475556828341
1999-03-22,1138.9875776516524
1999-03-23,1109.4540418010465
1999-03-24,1120.9395483624423
1999-03-25,1140.5637249905637
1999-03-26,1134.8112432856099
1999-03-29,1156.0021427752379
1999-03-30,1150.5412132766792
1999-03-31,1140.8525652518456
1999-04-01,1151.1544029712131
1999-04-05,1172.0701271127214
1999-04-06,1173.1765047934434
1999-04-07,1178.319335748367
1999-04-08,1197.5600056426351
1999-04-09,1203.6179794211314
1999-04-12,1212.6671772851366
1999-04-13,1201.6253858514385
1999-04-14,1173.7764271312203
1999-04-15,1162.0076329963556
1999-04-16,1154.846332105139
1999-04-19,1113.8204259287786
1999-04-20,1139.2422061763987
1999-04-21,1173.9385042570154
1999-04-22,1195.6681124692916
1999-04-23,1198.3969122206747
1999-04-26,1204.6421693562681
1999-04-27,1202.7851549381114
1999-04-28,1185.4349097462837
1999-04-29,1173.745025303092
1999-04-30,1171.082214996351
1999-05-03,1183.237348324534
1999-05-04,1165.1374639796556
1999-05-05,1180.2893080754475
1999-05-06,1165.7741948484252
1999-05-07,1176.7496758660654
1999-05-10,1175.107903220796
1999-05-11,1193.0390002379743
1999-05-12,1204.1454465522766
1999-05-13,1209.3582155120328
1999-05-14,1185.4225370400088
1999-05-17,1193.4109089842368
1999-05-18,1189.771128710543
1999-05-19,1198.5971341608724
1999-05-20,1195.4061180544334
1999-05-21,1186.4974703667992
1999-05-24,1168.8200392008603
1999-05-25,1151.0612750647813
1999-05-26,1165.5351476773253
1999-05-27,1149.5095674398112
1999-05-28,1169.4301089078594
1999-06-01,1159.1807839857586
1999-06-02,1162.5539793886867
1999-06-03,1164.3388671196253
1999-06-04,1185.9465573953144
1999-06-07,1194.6967319744026
1999-06-08,1180.0774939521655
1999-06-09,1187.049425367428
1999-06-10,1177.9805676939607
1999-06-11,1168.585414237666
1999-06-14,1171.1119500556213
1999-06-15,1177.2972811176194
1999-06-16,1199.9643808686842
1999-06-17,1206.5254247114692
1999-06-18,1212.530628261194
1999-06-21,1218.2485118526397
1999-06-22,1202.1166666875504
1999-06-23,1205.2000848698096
1999-06-24,1184.920482299218
1999-06-25,1183.2827324425975
1999-06-28,1196.9280711858603
1999-06-29,1217.8847427713526
1999-06-30,1233.6536318117016
1999-07-01,1241.6701927013962
1999-07-02,1251.0837796103813
1999-07-06,1253.6811498987386
1999-07-07,1259.6034734379352
1999-07-08,1263.2695845816047
1999-07-09,1269.4075759508944
1999-07-12,1270.3748671774683
1999-07-13,1262.9762861027878
1999-07-14,1270.1993862466838
1999-07-15,1282.1753717879678
1999-07-16,1288.8952974358263
1999-07-19,1279.4960783400827
1999-07-20,1246.2935420663935
1999-07-21,1251.581067483041
1999-07-22,1227.8996157106542
1999-07-23,1230.7643056328995
1999-07-26,1214.8538610934004
1999-07-27,1227.132610948921
1999-07-28,1234.939359017139
1999-07-29,1214.8037142917829
1999-07-30,1211.9403999284962
1999-08-02,1206.7994062413939
1999-08-03,1199.5880501310323
1999-08-04,1185.5687501076877
1999-08-05,1197.692673673922
1999-08-06,1190.9109507276955
1999-08-09,1182.887690775255
1999-08-10,1172.6167387139362
1999-08-11,1191.5246906559437
1999-08-12,1189.3994658005204
1999-08-13,1212.6286153373676
1999-08-16,1215.7326543340348
1999-08-17,1225.587969674846
1999-08-18,1216.4949944861671
1999-08-19,1204.785188127736
1999-08-20,1208.1177641354132
1999-08-23,1224.5863455082892
1999-08-24,1222.47053882833
1999-08-25,1238.7483335084628
1999-08-26,1221.6373272710603
1999-08-27,1211.5496360351065
1999-08-30,1190.5343448380067
1999-08-31,1190.3529252075368
1999-09-01,1197.329098678777
1999-09-02,1186.8881310070851
1999-09-03,1219.0411365621771
1999-09-07,1224.4335311803636
1999-09-08,1220.7599013922804
1999-09-09,1230.7549136503403
1999-09-10,1234.0451157943107
1999-09-13,1225.4828573855618
1999-09-14,1224.5712093356976
1999-09-15,1206.0354309585664
1999-09-16,1207.3613822928571
1999-09-17,1224.7558978285613
1999-09-20,1222.9255893698921
1999-09-21,1200.1598284376898
1999-09-22,1204.6916975271513
1999-09-23,1174.2838068685633
1999-09-24,1171.9551447984147
1999-09-27,1184.1729512397478
1999-09-28,1181.550403740076
1999-09-29,1174.6464762848666
1999-09-30,1187.2721387404572
1999-10-01,1180.400906441246
1999-10-04,1196.3878691608993
1999-10-05,1193.0170865136897
1999-10-06,1214.5350750247642
1999-10-07,1213.705663715921
1999-10-08,1225.5868237183645
1999-10-11,1228.0240023258884
1999-10-12,1202.5054238570362
1999-10-13,1181.0510639718225
1999-10-14,1183.5017007744705
1999-10-15,1153.4738565759467
1999-10-18,1156.2743336671417
1999-10-19,1157.365970722316
1999-10-20,1177.1746005188468
1999-10-21,1179.0493236728096
1999-10-22,1187.5137478984268
1999-10-25,1185.4647537660278
1999-10-26,1180.9162059927573
1999-10-27,1187.1581355913147
1999-10-28,1223.0622384882133
1999-10-29,1245.588909171845
1999-11-01,1240.4981995561131
1999-11-02,1233.4631496193294
1999-11-03,1239.881863921656
1999-11-04,1244.7472437261372
1999-11-05,1250.0831546687687
1999-11-08,1266.3426181373109
1999-11-09,1262.878677220309
1999-11-10,1275.589478177246
1999-11-11,1283.8240857677467
1999-11-12,1295.1526595382095
1999-11-15,1296.7083126817822
1999-11-16,1320.925014596831
1999-11-17,1323.242877992952
1999-11-18,1339.042716621045
1999-11-19,1334.2794458989226
1999-11-22,1334.2863504726045
1999-11-23,1315.575490510534
1999-11-24,1331.1321041213866
1999-11-26,1335.9876037682568
1999-11-29,1329.7998068020013
1999-11-30,1306.4999164814508
1999-12-01,1322.4255490581127
1999-12-02,1334.764428769765
1999-12-03,1356.7866408549348
1999-12-06,1358.0681809575137
1999-12-07,1355.2006133249745
1999-12-08,1362.2628535754027
1999-12-09,1368.2938981773723
1999-12-10,1364.3304768645858
1999-12-13,1368.9317391574284
1999-12-14,1357.5064707327479
1999-12-15,1366.1985487927082
1999-12-16,1377.9078858559485
1999-12-17,1385.0825852135217
1999-12-20,1382.4417868583025
1999-12-21,1402.7830600375462
1999-12-22,1402.0087285274706
1999-12-23,1423.0303600564362
1999-12-27,1409.8877912518906
1999-12-28,1417.4531136019057
1999-12-29,1425.0170852272258
1999-12-30,1417.9885537514274
1999-12-31,1429.8284615186496
