date,equity
1950-01-03,1.00003598
1950-01-04,1.0000719612945606
1950-01-05,1.0038652931893717
1950-01-06,1.0058427518791277
1950-01-07,1.0116516930133599
1950-01-09,1.0135039792460012
1950-01-10,1.010592351183928
1950-01-11,1.0146343562712812
1950-01-12,0.9968444596184188
1950-01-13,0.9913979367059171
1950-01-14,0.9931521346060695
1950-01-16,0.9948057838962723
1950-01-17,1.0022146744361808
1950-01-18,1.002215421700352
1950-01-19,1.0044537131576328
1950-01-20,1.007659385171144
1950-01-21,1.008229023627101
1950-01-23,1.006796373390066
1950-01-24,1.0042271861901535
1950-01-25,0.9980101347440196
1950-01-26,0.9996139553626963
1950-01-27,1.0034417703157157
1950-01-28,1.0066974534273878
1950-01-30,1.0125595438988224
1950-01-31,1.014294814445218
1950-02-01,1.0146586177679393
1950-02-02,1.0240265483901005
1950-02-03,1.0278381847095723
1950-02-04,1.0303222115546893
1950-02-06,1.0277047608828422
1950-02-07,1.0237736833014552
1950-02-08,1.0256829443486928
1950-02-09,1.0296495437795723
1950-02-10,1.0281033550900351
1950-02-11,1.0273078481422317
1950-02-14,1.0220777498403617
1950-02-15,1.0227621135518257
1950-02-16,1.021562362474719
1950-02-17,1.0276974250227358
1950-02-18,1.0317756759925316
1950-02-20,1.0313013462599367
1950-02-21,1.0299416566115154
1950-02-23,1.0313907166573406
1950-02-24,1.0348755529238447
1950-02-25,1.034072377161012
1950-02-27,1.035502396398364
1950-02-28,1.032356873322462
1950-03-01,1.0354798983859022
1950-03-02,1.0360725866929164
1950-03-03,1.0401663841539321
1950-03-04,1.0427839248662316
1950-03-06,1.0429298957265114
1950-03-07,1.035646882192386
1950-03-08,1.036245242748488
1950-03-09,1.0307459101852172
1950-03-10,1.0293683407403684
1950-03-11,1.0322571243579177
1950-03-13,1.031294312509795
1950-03-14,1.0359188006491415
1950-03-15,1.0489867688256203
1950-03-16,1.052084551920267
1950-03-17,1.0505876472551727
1950-03-18,1.0519873215157292
1950-03-20,1.0506569582882486
1950-03-21,1.0511889712249547
1950-03-22,1.0567878858492061
1950-03-23,1.0578447013270904
1950-03-24,1.0570870645538788
1950-03-25,1.0603726921051915
1950-03-27,1.0523205751534657
1950-03-28,1.0556396950543123
1950-03-29,1.0521819699560362
1950-03-30,1.0430573118582704
1950-03-31,1.0435844599149233
1950-04-01,1.0464816040686082
1950-04-03,1.0544513712313033
1950-04-04,1.0556452130890008
1950-04-05,1.0587705963018148
1950-04-06,1.0680739519382905
1950-04-08,1.0716963127803745
1950-04-10,1.0727106610445072
1950-04-11,1.0665500438078501
1950-04-12,1.0760645444491828
1950-04-13,1.077553484988198
1950-04-14,1.076168588736595
1950-04-15,1.0718108717880352
1950-04-17,1.0716884904293744
1950-04-18,1.075546690118072
1950-04-19,1.0764928699200107
1950-04-20,1.0693680051930428
1950-04-21,1.073554674423124
1950-04-22,1.07453652798366
1950-04-24,1.0661073581113196
1950-04-25,1.066546804961559
1950-04-26,1.0640911604195926
1950-04-27,1.070139968355699
1950-04-28,1.0758469640640347
1950-04-29,1.0819015331528352
1950-05-01,1.0874772838467521
1950-05-02,1.0829932916289522
1950-05-03,1.0900224771336615
1950-05-04,1.0837107333696088
1950-05-05,1.088785648729738
1950-05-06,1.0939731819318315
1950-05-08,1.0928786709116636
1950-05-09,1.096234642447386
1950-05-10,1.0964044972107685
1950-05-11,1.0985439295542943
1950-05-12,1.0946993515283683
1950-05-13,1.096421390039593
1950-05-15,1.0984344610604957
1950-05-16,1.105782623990366
1950-05-17,1.1088909584190652
1950-05-18,1.111992299061393
1950-05-19,1.1178563127097865
1950-05-20,1.1197036581268278
1950-05-22,1.1151021119644202
1950-05-23,1.119213436860691
1950-05-24,1.117777608908076
1950-05-25,1.1178718551185247
1950-05-26,1.1179674749184068
1950-05-27,1.1174226547103372
1950-05-29,1.1211367928493632
1950-05-31,1.123339150728661
1950-06-01,1.1222371725053315
1950-06-02,1.122446846607987
1950-06-05,1.113062190519154
1950-06-06,1.120176208138913
1950-06-07,1.1250464810148613
1950-06-08,1.1333069817245949
1950-06-09,1.1392282340902302
1950-06-12,1.1440991126342843
1950-06-13,1.1388919382700158
1950-06-14,1.1275761597152167
1950-06-15,1.1271298870219681
1950-06-16,1.1273986290631333
1950-06-19,1.1242227940822893
1950-06-20,1.1228617013593958
1950-06-21,1.1315674134587284
1950-06-22,1.1396320525383987
1950-06-23,1.1413515267448753
1950-06-26,1.0833035238596105
1950-06-27,1.070753999491201
1950-06-28,1.0828673320671258
1950-06-29,1.045409324559779
1950-06-30,1.0578521177679685
1950-07-03,1.0518606133425334
1950-07-05,1.05960216558668
1950-07-06,1.0665936913553407
1950-07-07,1.054353528336002
1950-07-10,1.0473763995869618
1950-07-11,1.0294211397508057
1950-07-12,1.0044629977583985
1950-07-13,0.9947413849373391
1950-07-14,1.0078406469903227
1950-07-17,0.9994377925655917
1950-07-18,1.0203724300807693
1950-07-19,1.0368656110483498
1950-07-20,1.050303643481941
1950-07-21,1.0517021684391668
1950-07-24,1.044591541315442
1950-07-25,1.0307555652452784
1950-07-26,1.031826887225116
1950-07-27,1.0436972510550657
1950-07-28,1.0525180641609486
1950-07-31,1.0561255606479851
1950-08-01,1.0636850070329014
1950-08-02,1.0633935975525644
1950-08-03,1.0661671624342703
1950-08-04,1.071792325902196
1950-08-07,1.083252461113535
1950-08-08,1.0855652260219675
1950-08-09,1.0913290285734838
1950-08-10,1.0944703282696018
1950-08-11,1.0886485347163442
1950-08-14,1.089529950382981
1950-08-15,1.0925792212034144
1950-08-16,1.0955094716912968
1950-08-17,1.1057674785212104
1950-08-18,1.1103444681204713
1950-08-21,1.1128404048033098
1950-08-22,1.1110413942498827
1950-08-23,1.1177758203968347
1950-08-24,1.1177927506193055
1950-08-25,1.1054828843996662
1950-08-28,1.1057292319548648
1950-08-29,1.1088063263578245
1950-08-30,1.1061655556143168
1950-08-31,1.1051240156212048
1950-09-01,1.1106573947988854
1950-09-05,1.116190615369174
1950-09-06,1.110211272736233
1950-09-07,1.1144596401699638
1950-09-08,1.12256912695541
1950-09-11,1.1156562660445029
1950-09-12,1.1264266003925911
1950-09-13,1.1373039963938372
1950-09-14,1.1418770307282942
1950-09-15,1.1480330259222655
1950-09-18,1.1511683072543748
1950-09-19,1.1487495361732931
1950-09-20,1.1434539180168721
1950-09-21,1.1524670935070618
1950-09-22,1.1583834671670532
1950-09-25,1.157037416971816
1950-09-26,1.145351012407007
1950-09-27,1.1604447351484253
1950-09-28,1.1622530075790394
1950-09-29,1.1633791666416196
1950-10-02,1.1742727550858492
1950-10-03,1.1716349012981098
1950-10-04,1.1838585663731
1950-10-05,1.180390824708696
1950-10-06,1.1879317000002072
1950-10-07,1.1907458855528694
1950-10-09,1.1818132833905672
1950-10-10,1.1747084164892958
1950-10-11,1.1806243802814165
1950-10-13,1.1815907597772455
1950-10-14,1.1761348165678902
1950-10-16,1.1752857655090045
1950-10-17,1.1841945570416539
1950-10-18,1.1909368474044821
1950-10-19,1.1910228150123308
1950-10-20,1.189542996291193
1950-10-21,1.1913972001288857
1950-10-23,1.1906186417728246
1950-10-24,1.1928553169484233
1950-10-25,1.191245958522935
1950-10-26,1.1685410339486735
1950-10-27,1.1739638856794774
1950-10-28,1.1760867528487866
1950-10-30,1.1664900312626847
1950-10-31,1.1594326030596547
1950-11-01,1.1639862706434145
1950-11-02,1.1741023567330668
1950-11-03,1.1782057507154553
1950-11-04,1.1749932843105446
1950-11-06,1.149643560564023
1950-11-08,1.1661404445694326
1950-11-09,1.1810118501261215
1950-11-10,1.1886082395082989
1950-11-13,1.1929794639048839
1950-11-14,1.1955920218834493
1950-11-15,1.193783308520842
1950-11-16,1.1912927830225832
1950-11-17,1.2001260798524611
1950-11-18,1.2053241957526297
1950-11-20,1.2055732258287664
1950-11-21,1.2048799385343778
1950-11-22,1.2157279882155176
1950-11-24,1.2246143578273792
1950-11-25,1.2243347652296974
1950-11-27,1.2200652338277387
1950-11-28,1.1884280625524737
1950-11-29,1.1783169627276675
1950-11-30,1.1864271445669652
1950-12-01,1.1949159702340524
1950-12-02,1.1888269275430314
1950-12-04,1.1575722017495516
1950-12-05,1.1739544465732166
1950-12-06,1.1833114490908443
1950-12-07,1.1818345188245911
1950-12-08,1.1853298190777148
1950-12-09,1.1896541631671738
1950-12-11,1.1993163907763593
1950-12-12,1.1994174835426787
1950-12-13,1.1992941715625003
1950-12-14,1.187568139507451
1950-12-15,1.183161906682716
1950-12-16,1.1992857831423105
1950-12-18,1.2099068396656307
1950-12-19,1.2166485548093557
1950-12-20,1.220519129541694
1950-12-21,1.2231061792628821
1950-12-22,1.228062713326833
1950-12-26,1.2188451340871689
1950-12-27,1.2412773303054643
1950-12-28,1.2478117416435563
1950-12-29,1.2474011979854613
1950-12-30,1.248423332992799
1951-01-02,1.267837156997425
1951-01-03,1.2658345998801375
1951-01-04,1.2728538759151828
1951-01-05,1.2737371159019488
1951-01-06,1.2727441386837592
1951-01-08,1.2776131016350945
1951-01-09,1.2834826577104943
1951-01-10,1.2674862173929706
1951-01-11,1.2860604841969958
1951-01-12,1.282576677503547
1951-01-13,1.2834766534018605
1951-01-15,1.2889858742672076
1951-01-16,1.2973586814299316
1951-01-17,1.3028013981026063
1951-01-18,1.3001445208204756
1951-01-19,1.2992714654333037
1951-01-20,1.3017517204059563
1951-01-22,1.2902116091113391
1951-01-23,1.2941322506634412
1951-01-24,1.290552646086396
1951-01-25,1.283260053185971
1951-01-26,1.2952331631810992
1951-01-27,1.3065370401721281
1951-01-29,1.315086488755112
1951-01-30,1.3177678850795296
1951-01-31,1.3152081799335136
1951-02-01,1.322648202491713
1951-02-02,1.33213645741608
1951-02-03,1.3366736490737323
1951-02-05,1.340829036455585
1951-02-06,1.3366630543668419
1951-02-07,1.3336173034975958
1951-02-08,1.3403354680665742
1951-02-09,1.3460145419177427
1951-02-10,1.347263818509137
1951-02-13,1.349315437985972
1951-02-14,1.345496985722722
1951-02-15,1.3431987373448089
1951-02-16,1.3479796080739526
1951-02-17,1.3484479187945464
1951-02-19,1.3346446261065599
1951-02-20,1.3323087256729744
1951-02-21,1.3380649959377728
1951-02-23,1.3431601277217675
1951-02-24,1.3459238846951813
1951-02-26,1.347146044314725
1951-02-27,1.3363747189070938
1951-02-28,1.3384750207634144
1951-03-01,1.3432999594566466
1951-03-02,1.3491736196017505
1951-03-03,1.3493408272182303
1951-03-05,1.3420331598970032
1951-03-06,1.3398223443243085
1951-03-07,1.3450983565091403
1951-03-08,1.3505486100813082
1951-03-09,1.3517546770292668
1951-03-10,1.3495532519752855
1951-03-12,1.3387116895178461
1951-03-13,1.3195830854230797
1951-03-14,1.3094086561103306
1951-03-15,1.3114799470856926
1951-03-16,1.3304387719071016
1951-03-17,1.332848632656225
1951-03-19,1.3270744222689175
1951-03-20,1.3256108706696568
1951-03-21,1.3322391981204444
1951-03-22,1.336618118764114
1951-03-24,1.3236532655049966
1951-03-26,1.3243581526493764
1951-03-27,1.325922855648436
1951-03-28,1.3117176224902158
1951-03-29,1.315134062950404
1951-03-30,1.322661968391541
1951-03-31,1.319460726709788
1951-04-02,1.3124928133616547
1951-04-03,1.310468647733184
1951-04-04,1.3154452913065027
1951-04-05,1.3325086471953924
1951-04-06,1.3365963620787573
1951-04-07,1.3359826061790885
1951-04-09,1.3364362221571153
1951-04-10,1.3344108482987496
1951-04-11,1.332056716391266
1951-04-12,1.3427328327301564
1951-04-13,1.3579370508284574
1951-04-14,1.3621591555539412
1951-04-16,1.3557680711537046
1951-04-17,1.357618229270512
1951-04-18,1.3625035801558314
1951-04-19,1.3571107805600457
1951-04-20,1.3571254021419994
1951-04-21,1.3576811414857235
1951-04-23,1.35752025559254
1951-04-24,1.3518294795225656
1951-04-25,1.3531143388796525
1951-04-26,1.3634303473202056
1951-04-27,1.375152063442106
1951-04-28,1.3772162627700746
1951-04-30,1.3761575959127466
1951-05-01,1.3816736358065087
1951-05-02,1.3861032496222787
1951-05-03,1.3956090964898056
1951-05-04,1.3945328320432475
1951-05-05,1.3906132755351746
1951-05-07,1.3880046813453089
1951-05-08,1.3929552218155252
1951-05-09,1.396323134378638
1951-05-10,1.3893154064314326
1951-05-11,1.38270408182008
1951-05-12,1.3757148671494401
1951-05-14,1.3740371107316809
1951-05-15,1.3558050863185462
1951-05-16,1.3524184821238159
1951-05-17,1.3637845784598848
1951-05-18,1.3444259704619181
1951-05-19,1.3451055497117597
1951-05-21,1.3398352322805793
1951-05-22,1.336163232743232
1951-05-23,1.3278499915702582
1951-05-24,1.3227540913601656
1951-05-25,1.326190871270255
1951-05-26,1.3293218679770147
1951-05-28,1.3358615904867583
1951-05-29,1.3447533805932883
1951-05-31,1.351090724203979
1951-06-01,1.3489467062615255
1951-06-04,1.3371520235454706
1951-06-05,1.33983339512781
1951-06-06,1.3514340416166837
1951-06-07,1.3586766514798796
1951-06-08,1.3559872885785773
1951-06-11,1.3618626082199947
1951-06-12,1.3572267048897557
1951-06-13,1.3576195448827064
1951-06-14,1.3682815152279062
1951-06-15,1.3744909787095285
1951-06-18,1.3732983079972767
1951-06-19,1.3717804644930205
1951-06-20,1.367425416389185
1951-06-21,1.3600323629618247
1951-06-22,1.3516368813677493
1951-06-25,1.3323732189603974
1951-06-26,1.33635092521966
1951-06-27,1.3423928564743965
1951-06-28,1.329330933504848
1951-06-29,1.3204906985802007
1951-07-02,1.329161477013984
1951-07-03,1.3382345934240767
1951-07-05,1.356156049541282
1951-07-06,1.3560443431665563
1951-07-09,1.3581552652584152
1951-07-10,1.3545077152389617
1951-07-11,1.3585792078848138
1951-07-12,1.3647546123836185
1951-07-13,1.3729551818444783
1951-07-16,1.3640204673045049
1951-07-17,1.3706391354514522
1951-07-18,1.3701831505705604
1951-07-19,1.3712656995227204
1951-07-20,1.3731141213075297
1951-07-23,1.383273978182123
1951-07-24,1.396856224715126
1951-07-25,1.3956050934449602
1951-07-26,1.4013628025492457
1951-07-27,1.4050864173400133
1951-07-30,1.4130188204646177
1951-07-31,1.407075822588847
1951-08-01,1.4156303280264817
1951-08-02,1.4281359278856762
1951-08-03,1.4282909015166418
1951-08-06,1.4368901420848341
1951-08-07,1.4365638674469599
1951-08-08,1.4351920396560336
1951-08-09,1.4316698526531297
1951-08-10,1.4299528954837744
1951-08-13,1.4316928585216793
1951-08-14,1.43107054828634
1951-08-15,1.4373233850951264
1951-08-16,1.4453474274898197
1951-08-17,1.449014515132818
1951-08-20,1.4480999165490926
1951-08-21,1.44256002857679
1951-08-22,1.4354995728895819
1951-08-23,1.4422414626762756
1951-08-24,1.4419479051002944
1951-08-27,1.4398855233088188
1951-08-28,1.4402395798685184
1951-08-29,1.450058137713289
1951-08-30,1.4581744751296697
1951-08-31,1.4598804092899649
1951-09-04,1.461785406530244
1951-09-05,1.4709934957268869
1951-09-06,1.4764515567548464
1951-09-07,1.482196458572717
1951-09-10,1.4885948838699488
1951-09-11,1.4821463200295348
1951-09-12,1.4910461406208193
1951-09-13,1.4943715181194237
1951-09-14,1.4953954265120564
1951-09-17,1.4911193665534193
1951-09-18,1.4902676934331
1951-09-19,1.4927776748473014
1951-09-20,1.4905083765639495
1951-09-21,1.480777001838419
1951-09-24,1.4746714515534711
1951-09-25,1.4803035695433593
1951-09-26,1.4819892867804152
1951-09-27,1.4750130724635913
1951-09-28,1.474787311676547
1951-10-01,1.483127531718812
1951-10-02,1.4908856038385683
1951-10-03,1.4985855741546694
1951-10-04,1.4972713124676196
1951-10-05,1.4999951474453916
1951-10-06,1.500069377656736
1951-10-08,1.499655046994476
1951-10-09,1.4937346103355627
1951-10-10,1.49128210200022
1951-10-11,1.4968228114349988
1951-10-13,1.4997485982732368
1951-10-15,1.5015708696611045
1951-10-16,1.4954686656690883
1951-10-17,1.491953334299305
1951-10-18,1.489627042140767
1951-10-19,1.4706146647139084
1951-10-20,1.4580982061944552
1951-10-22,1.4328775850982856
1951-10-23,1.440439763685077
1951-10-24,1.4494707785616434
1951-10-25,1.442411809486402
1951-10-26,1.4319500035222636
1951-10-27,1.411629411585553
1951-10-29,1.419149947087304
1951-10-30,1.4192704501022988
1951-10-31,1.4323883776394741
1951-11-01,1.440270117477344
1951-11-02,1.4315412039185917
1951-11-03,1.4197696329339997
1951-11-05,1.4216368162649915
1951-11-07,1.4120874676854047
1951-11-08,1.4154512139081805
1951-11-09,1.4299426276236848
1951-11-10,1.4363965381233845
1951-11-13,1.4344990464338385
1951-11-14,1.4379175395919175
1951-11-15,1.4372383653001886
1951-11-16,1.4363656637157536
1951-11-17,1.4368478312935355
1951-11-19,1.431505866933907
1951-11-20,1.429470007247229
1951-11-21,1.4294316471214235
1951-11-23,1.4170462130916577
1951-11-24,1.4121574836794646
1951-11-26,1.4197790645711994
1951-11-27,1.4286130251580507
1951-11-28,1.428268339032461
1951-11-29,1.434007214356953
1951-11-30,1.4463790386569781
1951-12-01,1.4495402390929935
1951-12-03,1.4547840263904415
1951-12-04,1.4599516592604316
1951-12-05,1.4610056908602342
1951-12-06,1.472396719313313
1951-12-07,1.4768196347581408
1951-12-08,1.479382754352009
1951-12-10,1.4804272055517815
1951-12-11,1.4736390520793041
1951-12-12,1.4754532849371493
1951-12-13,1.4779671835460084
1951-12-14,1.47806149486045
1951-12-15,1.4776588135474042
1951-12-17,1.4790407623236697
1951-12-18,1.4802405820872262
1951-12-19,1.482981078719002
1951-12-20,1.4832986933291812
1951-12-21,1.480842091850689
1951-12-22,1.480718447773791
1951-12-24,1.4807708484830948
1951-12-26,1.4721267690906783
1951-12-27,1.483302880732106
1951-12-28,1.4897098378493248
1951-12-29,1.4901737048018544
1951-12-31,1.4948833352211965
1952-01-02,1.4967182449628231
1952-01-03,1.4996067498132741
1952-01-04,1.5045803031788774
1952-01-05,1.5053531356638488
1952-01-07,1.5039327578722697
1952-01-08,1.4968527533539764
1952-01-09,1.4934659762021294
1952-01-10,1.502568821044087
1952-01-11,1.5069302806310625
1952-01-12,1.5110400450306183
1952-01-14,1.5127344961519826
1952-01-15,1.5063823605193825
1952-01-16,1.5103729246080946
1952-01-17,1.5157094598129197
1952-01-18,1.5171472878992722
1952-01-19,1.5206026152305068
1952-01-21,1.525655732567827
1952-01-22,1.529783042966426
1952-01-23,1.5258637770168733
1952-01-24,1.5269458656554304
1952-01-25,1.527774890259523
1952-01-26,1.52852619963919
1952-01-28,1.5304727372641291
1952-01-29,1.5309525157404769
1952-01-30,1.5174265456712908
1952-01-31,1.5105750920610062
1952-02-01,1.5184785351977252
1952-02-02,1.5223106926476349
1952-02-04,1.507477573327187
1952-02-05,1.5050977362581548
1952-02-06,1.5100476611942057
1952-02-07,1.5121312911376317
1952-02-08,1.5200857068387883
1952-02-09,1.5211515465846421
1952-02-11,1.517354446414751
1952-02-13,1.5089540500235563
1952-02-14,1.5056423114547473
1952-02-15,1.5063305163294665
1952-02-16,1.5056498655172639
1952-02-18,1.5003603513370347
1952-02-19,1.480978162473971
1952-02-20,1.4654488742518066
1952-02-21,1.470127123936145
1952-02-23,1.4780873186928072
1952-02-25,1.4755082417895113
1952-02-26,1.468704795937753
1952-02-27,1.4707229564487736
1952-02-28,1.478588128153827
1952-02-29,1.4773252557085441
1952-03-01,1.4785301785934324
1952-03-03,1.4825780096023276
1952-03-04,1.5007293792666208
1952-03-05,1.5047445798004093
1952-03-06,1.5042701891050188
1952-03-07,1.5067505210470664
1952-03-08,1.5101992740119297
1952-03-10,1.5045509370885957
1952-03-11,1.5091213945853696
1952-03-12,1.5113908765371216
1952-03-13,1.5134595191383842
1952-03-14,1.5161330811440092
1952-03-15,1.517541480604687
1952-03-17,1.5182270659282433
1952-03-18,1.5179031365283169
1952-03-19,1.5153262444938824
1952-03-20,1.5196451054503013
1952-03-21,1.5208041598130448
1952-03-22,1.5205975568951167
1952-03-24,1.5189774998787684
1952-03-25,1.51381449396084
1952-03-26,1.5129371506643676
1952-03-27,1.5219724135059347
1952-03-28,1.5294628687627663
1952-03-29,1.5352563840961004
1952-03-31,1.5362498937543558
1952-04-01,1.5258297689596423
1952-04-02,1.5256076705197272
1952-04-03,1.5260801996065145
1952-04-04,1.5189884726036218
1952-04-05,1.5174076328141035
1952-04-07,1.5049480038470937
1952-04-08,1.5107782157219096
1952-04-09,1.5105351079083005
1952-04-10,1.5157229708703686
1952-04-12,1.5173605986850869
1952-04-14,1.5077168632976778
1952-04-15,1.4935928656177992
1952-04-16,1.4939522008785775
1952-04-17,1.4832390990159579
1952-04-18,1.4882398457782926
1952-04-19,1.48965988552831
1952-04-21,1.5004406839723674
1952-04-22,1.494110585740939
1952-04-23,1.4883316199196268
1952-04-24,1.4827921982410883
1952-04-25,1.4900104362888285
1952-04-26,1.4933423272371888
1952-04-28,1.4906754374760955
1952-04-29,1.4854112049974184
1952-04-30,1.4762608319005275
1952-05-01,1.4684844455398816
1952-05-02,1.486540868111519
1952-05-03,1.489468638198369
1952-05-05,1.4923924360783867
1952-05-06,1.4959391227939043
1952-05-07,1.5040637682535296
1952-05-08,1.5093084914326036
1952-05-09,1.5107116496275956
1952-05-10,1.509995393511736
1952-05-12,1.508275213594519
1952-05-13,1.5104142669085716
1952-05-14,1.5068989170596256
1952-05-15,1.5015621261405636
1952-05-16,1.5038885787356526
1952-05-17,1.5045254752154151
1952-05-19,1.5055465974432756
1952-05-20,1.5121903553130742
1952-05-21,1.5151229641515065
1952-05-22,1.5235382132200863
1952-05-23,1.5219328602161124
1952-05-24,1.5222189518385942
1952-05-26,1.5259771361555738
1952-05-27,1.5240846798368688
1952-05-28,1.5217448297652665
1952-05-29,1.5216342640804206
1952-06-02,1.5199611823868973
1952-06-03,1.518621633921376
1952-06-04,1.5265296519321656
1952-06-05,1.5344880198669844
1952-06-06,1.5416440508486697
1952-06-09,1.5461093676772335
1952-06-10,1.5413842828159872
1952-06-11,1.5428273707736881
1952-06-12,1.5429566810656021
1952-06-13,1.5463692996643987
1952-06-16,1.5443341752621935
1952-06-17,1.5450225127623058
1952-06-18,1.5485503140197954
1952-06-19,1.5541416955651166
1952-06-20,1.5559751100215489
1952-06-23,1.5546635309170533
1952-06-24,1.5561107110943715
1952-06-25,1.5605768346945792
1952-06-26,1.5643605069310813
1952-06-27,1.568858777430218
1952-06-30,1.5737941303284826
1952-07-01,1.5795176532087862
1952-07-02,1.576613721832993
1952-07-03,1.5754440275418278
1952-07-07,1.5713907428266203
1952-07-08,1.572022773318877
1952-07-09,1.5696852873220704
1952-07-10,1.5663576683053995
1952-07-11,1.5725834279149533
1952-07-14,1.5736539063943438
1952-07-15,1.580868735483629
1952-07-16,1.5795941692316582
1952-07-17,1.5749503009177892
1952-07-18,1.566350993487497
1952-07-21,1.5696276076988276
1952-07-22,1.5714824197740667
1952-07-23,1.577051026396504
1952-07-24,1.582618039431164
1952-07-25,1.5790849277592736
1952-07-28,1.5789055082070198
1952-07-29,1.5821877618613651
1952-07-30,1.5855702583859035
1952-07-31,1.5876706855200875
1952-08-01,1.5884060481623417
1952-08-04,1.58724289771546
1952-08-05,1.588365595013324
1952-08-06,1.5929370177430682
1952-08-07,1.5971769591176432
1952-08-08,1.5984211429293564
1952-08-11,1.600033158290103
1952-08-12,1.5901975357242308
1952-08-13,1.5913454114758572
1952-08-14,1.59174501002245
1952-08-15,1.5893692415926663
1952-08-18,1.5731974266474256
1952-08-19,1.5724336012733295
1952-08-20,1.5752786075764096
1952-08-21,1.5772678187732387
1952-08-22,1.5779265635993804
1952-08-25,1.5732572445596014
1952-08-26,1.5719271643156987
1952-08-27,1.576516721559359
1952-08-28,1.5803604456961915
1952-08-29,1.5843483744795328
1952-09-02,1.5891881496876814
1952-09-03,1.59286573784584
1952-09-04,1.5916922968573373
1952-09-05,1.5901681405548123
1952-09-08,1.5840045061354624
1952-09-09,1.5687016203616657
1952-09-10,1.5626480750585807
1952-09-11,1.5652819340110042
1952-09-12,1.5610211625972505
1952-09-15,1.5491504711964608
1952-09-16,1.5546198914936724
1952-09-17,1.5577024635884447
1952-09-18,1.55652136969654
1952-09-19,1.5604941295989194
1952-09-22,1.5630481973900177
1952-09-23,1.5688332411363664
1952-09-24,1.573489061024434
1952-09-25,1.572952599542793
1952-09-26,1.5698346437004815
1952-09-29,1.5695307391875322
1952-09-30,1.5611811427550952
1952-10-01,1.557342316666965
1952-10-02,1.557535961986498
1952-10-03,1.554941337401544
1952-10-06,1.5508108714421958
1952-10-07,1.5522064817718124
1952-10-08,1.5590629003514127
1952-10-09,1.560959127907402
1952-10-10,1.5616537684008165
1952-10-14,1.5561987500176846
1952-10-15,1.53512602130086
1952-10-16,1.5263634405674562
1952-10-17,1.5415103901469531
1952-10-20,1.5368775658313898
1952-10-21,1.534275264146085
1952-10-22,1.520662677084814
1952-10-23,1.5256083859225993
1952-10-24,1.5312511268723081
1952-10-27,1.531852886816622
1952-10-28,1.531838958644545
1952-10-29,1.5320437555422917
1952-10-30,1.5312251638755277
1952-10-31,1.5505690110042902
1952-11-03,1.557395551736645
1952-11-05,1.5647027713064077
1952-11-06,1.5711253935100322
1952-11-07,1.5783931614944429
1952-11-10,1.5803231843368455
1952-11-12,1.5811967802949844
1952-11-13,1.5839655855509949
1952-11-14,1.5865974837638532
1952-11-17,1.5909378995906176
1952-11-18,1.610413191816594
1952-11-19,1.6201384413143554
1952-11-20,1.6178197322820258
1952-11-21,1.6185043741795648
1952-11-24,1.6291379408678748
1952-11-25,1.631197871646226
1952-11-26,1.642094646330352
1952-11-28,1.6502624320240031
1952-12-01,1.6539314241232987
1952-12-02,1.6561684693365535
1952-12-03,1.6560497945375934
1952-12-04,1.6517471406378743
1952-12-05,1.6537946636603629
1952-12-08,1.660852054880272
1952-12-09,1.66733803090899
1952-12-10,1.6681490723994703
1952-12-11,1.6680124102742282
1952-12-12,1.67210894038821
1952-12-15,1.673502114827564
1952-12-16,1.6734273785271687
1952-12-17,1.6697674646291323
1952-12-18,1.6685466499429906
1952-12-19,1.6736879125958628
1952-12-22,1.6791845273038337
1952-12-23,1.6739846994975038
1952-12-24,1.6752671358856124
1952-12-26,1.677517521610978
1952-12-29,1.681704623193993
1952-12-30,1.6902420670917782
1952-12-31,1.6934494361217918
1953-01-02,1.6944638849370683
1953-01-05,1.702970557795315
1953-01-06,1.6951402808291527
1953-01-07,1.69039858567545
1953-01-08,1.6897420550735596
1953-01-09,1.6760737214650618
1953-01-12,1.666227157888764
1953-01-13,1.6747809886352998
1953-01-14,1.6763055616800582
1953-01-15,1.6796226408130481
1953-01-16,1.6721350988365367
1953-01-19,1.671436216417762
1953-01-20,1.6789755885455044
1953-01-21,1.6765385398252932
1953-01-22,1.6774791839462642
1953-01-23,1.6753369619295142
1953-01-26,1.6725057774868726
1953-01-27,1.675774364811031
1953-01-28,1.6778589371043633
1953-01-29,1.6816176732298722
1953-01-30,1.688517618576851
1953-02-02,1.6915522552172626
1953-02-03,1.6929307165837713
1953-02-04,1.691608938574139
1953-02-05,1.6788197417192485
1953-02-06,1.665561433340228
1953-02-09,1.6598155679638598
1953-02-10,1.658880946831203
1953-02-11,1.6604725160541294
1953-02-13,1.6661179065956275
1953-02-16,1.6648644945493893
1953-02-17,1.6580402457451724
1953-02-18,1.6582070515871314
1953-02-19,1.6618815690326156
1953-02-20,1.665152373084045
1953-02-24,1.6753715481039047
1953-02-25,1.6841676394941896
1953-02-26,1.6878241423834464
1953-02-27,1.6890054852138454
1953-03-02,1.6904163944817865
1953-03-03,1.6963647089162697
1953-03-04,1.683066385005714
1953-03-05,1.6859428400165108
1953-03-06,1.6911239443620223
1953-03-09,1.6925854834257148
1953-03-10,1.6956245648448265
1953-03-11,1.7065694669289337
1953-03-12,1.7063469614447064
1953-03-13,1.710861013469783
1953-03-16,1.7144653952782138
1953-03-17,1.7193866722132483
1953-03-18,1.719537489209586
1953-03-19,1.721564796292522
1953-03-20,1.7199392724051317
1953-03-23,1.711046105616399
1953-03-24,1.720170100090522
1953-03-25,1.7169357487345698
1953-03-26,1.708642107874736
1953-03-27,1.7136245823158918
1953-03-30,1.6893180773868084
1953-03-31,1.6713349738677792
1953-04-01,1.6723823546864711
1953-04-02,1.671758259490897
1953-04-06,1.6391006990313641
1953-04-07,1.6431390959615646
1953-04-08,1.655640108057687
1953-04-09,1.6491496289292535
1953-04-10,1.6458552603249101
1953-04-13,1.64335724395059
1953-04-14,1.647656373145481
1953-04-15,1.655782074837175
1953-04-16,1.651710349072045
1953-04-17,1.6373758749134035
1953-04-20,1.6396280465004824
1953-04-21,1.6384261742172461
1953-04-22,1.6269433348730786
1953-04-23,1.609243417705867
1953-04-24,1.6093296426432293
1953-04-27,1.6153909681377645
1953-04-28,1.6212197640915047
1953-04-29,1.6294946926818705
1953-04-30,1.6286565300797973
1953-05-01,1.634806601241417
1953-05-04,1.6490893666177093
1953-05-05,1.6511444350455038
1953-05-06,1.6533148912192295
1953-05-07,1.64693075633158
1953-05-08,1.651346430106971
1953-05-11,1.6524239903709412
1953-05-12,1.6456758688732365
1953-05-13,1.6441625068804429
1953-05-14,1.652044558130103
1953-05-15,1.6543308399193204
1953-05-18,1.651227624381756
1953-05-19,1.6480258910338625
1953-05-20,1.6625533825543155
1953-05-21,1.666465922048936
1953-05-22,1.667386281802422
1953-05-25,1.665454564958492
1953-05-26,1.6607785932323371
1953-05-27,1.6483996597444797
1953-05-28,1.6370603384569316
1953-05-29,1.6394860349104903
1953-06-01,1.617901835661167
1953-06-02,1.6203067454714828
1953-06-03,1.6199544102304806
1953-06-04,1.6075209076176673
1953-06-05,1.610460384341256
1953-06-08,1.6083868439741502
1953-06-09,1.5776531897014212
1953-06-10,1.5748720509923952
1953-06-11,1.5865766487347728
1953-06-12,1.5910784589271076
1953-06-15,1.57987230617597
1953-06-16,1.5746559646053229
1953-06-17,1.5926639222633032
1953-06-18,1.5925274943646457
1953-06-19,1.5918982361041911
1953-06-22,1.600126105938297
1953-06-23,1.6082436061234084
1953-06-24,1.6072046142162977
1953-06-25,1.6134749368236136
1953-06-26,1.6126795176139075
1953-06-29,1.6096595947837795
1953-06-30,1.6083192622345992
1953-07-01,1.6146558617470865
1953-07-02,1.6211996895404637
1953-07-03,1.6243896263000714
1953-07-06,1.6273782856853942
1953-07-07,1.6332732335581368
1953-07-08,1.6341650849477936
1953-07-09,1.6295286830186209
1953-07-10,1.6286955132556244
1953-07-13,1.6130252549282338
1953-07-14,1.6113133390438217
1953-07-15,1.6152521044923458
1953-07-16,1.6188946319769009
1953-07-17,1.6260533964278547
1953-07-20,1.6185887526779466
1953-07-21,1.6145473820729597
1953-07-22,1.6163461655063498
1953-07-23,1.6204020007714586
1953-07-24,1.6207296821380837
1953-07-27,1.6109722354881524
1953-07-28,1.611026066683815
1953-07-29,1.6187296630537953
1953-07-30,1.632966423261801
1953-07-31,1.6457192941917778
1953-08-03,1.6514473869744217
1953-08-04,1.6517262397465517
1953-08-05,1.65475639562246
1953-08-06,1.6610377956304505
1953-08-07,1.6606152373712881
1953-08-10,1.6612424733950404
1953-08-11,1.6609469501296747
1953-08-12,1.669039844512642
1953-08-13,1.668867408019748
1953-08-14,1.6645234700739342
1953-08-17,1.6621565248923733
1953-08-18,1.6545832946022383
1953-08-19,1.6446171924581985
1953-08-20,1.6464165700910027
1953-08-21,1.6496521522775933
1953-08-24,1.6329970326482037
1953-08-25,1.6247882271616363
1953-08-26,1.6214376876163572
1953-08-27,1.6137234640143134
1953-08-28,1.6104977724910747
1953-08-31,1.5833923633109863
1953-09-01,1.5894579235940456
1953-09-02,1.5984968672976312
1953-09-03,1.595770953971539
1953-09-04,1.6007305119983608
1953-09-08,1.6044808612283172
1953-09-09,1.6051224014329435
1953-09-10,1.5922079974189451
1953-09-11,1.571338758920142
1953-09-14,1.5437840086480459
1953-09-15,1.553272578340743
1953-09-16,1.5655091833974017
1953-09-17,1.5669223747063192
1953-09-18,1.5588474604414322
1953-09-21,1.5554944018492534
1953-09-22,1.5741216376138236
1953-09-23,1.5811834588525047
1953-09-24,1.5811293680037448
1953-09-25,1.5851789520156354
1953-09-28,1.5945514546365562
1953-09-29,1.596343978209967
1953-09-30,1.591692741774156
1953-10-01,1.6003365796708198
1953-10-02,1.6070992019902985
1953-10-05,1.6019305195554776
1953-10-06,1.5945660492622753
1953-10-07,1.6063703250475907
1953-10-08,1.6096522053352844
1953-10-09,1.610648525277569
1953-10-13,1.6075281766544776
1953-10-14,1.6138164886061444
1953-10-15,1.6336068229134788
1953-10-16,1.641922797543064
1953-10-19,1.6440068419170921
1953-10-20,1.6455645794212173
1953-10-21,1.6441836888727466
1953-10-22,1.6494215276645547
1953-10-23,1.6508526910857952
1953-10-26,1.6462609394766714
1953-10-27,1.6406157856180126
1953-10-28,1.6425782953535115
1953-10-29,1.6568364638467812
1953-10-30,1.658370553595442
1953-11-02,1.664476661877688
1953-11-04,1.6666884600272198
1953-11-05,1.678674151253325
1953-11-06,1.6810244652786026
1953-11-09,1.6798895745628992
1953-11-10,1.6709244059059236
1953-11-12,1.6750405414084824
1953-11-13,1.6795536604811852
1953-11-16,1.6706840719427227
1953-11-17,1.664865499408715
1953-11-18,1.6692298828527687
1953-11-19,1.6766875111926383
1953-11-20,1.6782207223598298
1953-11-23,1.67661988378063
1953-11-24,1.686788290086644
1953-11-25,1.6909063673932891
1953-11-27,1.703633293255848
1953-11-30,1.7127613007777036
1953-12-01,1.714670112953325
1953-12-02,1.7249123647791116
1953-12-03,1.72796087538314
1953-12-04,1.7263788730881222
1953-12-07,1.7233228338165325
1953-12-08,1.7170955048225396
1953-12-09,1.7166591563025693
1953-12-10,1.7143501763017577
1953-12-11,1.7127324508787098
1953-12-14,1.7092184088419307
1953-12-15,1.7102291685595057
1953-12-16,1.7238518506567349
1953-12-17,1.7225424515441512
1953-12-18,1.7259212076613983
1953-12-21,1.7234348367135872
1953-12-22,1.7102569208053742
1953-12-23,1.7095381790353015
1953-12-24,1.714938968698139
1953-12-28,1.7096940020180973
1953-12-29,1.6987619407967995
1953-12-30,1.7092769387935522
1953-12-31,1.7111720921475209
1954-01-04,1.7245044285301407
1954-01-05,1.7355750734443713
1954-01-06,1.7387779569480946
1954-01-07,1.7330959135624053
1954-01-08,1.7264931902300045
1954-01-11,1.7184469012882346
1954-01-12,1.7267081561520428
1954-01-13,1.7354517308808184
1954-01-14,1.7428977428502181
1954-01-15,1.7583695788074702
1954-01-18,1.7594620249952142
1954-01-19,1.771497789950791
1954-01-20,1.774822410526931
1954-01-21,1.7745775135907895
1954-01-22,1.7778994007461122
1954-01-25,1.783251432839809
1954-01-26,1.7962728849568637
1954-01-27,1.7916258178803595
1954-01-28,1.7930156377194655
1954-01-29,1.7952479533530803
1954-02-01,1.7914896861140273
1954-02-02,1.7894611383952657
1954-02-03,1.799235634054385
1954-02-04,1.809137039824852
1954-02-05,1.813594573722883
1954-02-08,1.8139874100916418
1954-02-09,1.8149625775223452
1954-02-10,1.8124253749572143
1954-02-11,1.8119611104404112
1954-02-12,1.817321868964241
1954-02-15,1.8112347844058265
1954-02-16,1.7978366761599842
1954-02-17,1.8009314693026728
1954-02-18,1.809506377717917
1954-02-19,1.8077115771311498
1954-02-23,1.8026011705054306
1954-02-24,1.8015164549239728
1954-02-25,1.8093772041715914
1954-02-26,1.8233077464808378
1954-03-01,1.8329444462218754
1954-03-02,1.837952210270497
1954-03-03,1.8383812098194396
1954-03-04,1.8418469081662459
1954-03-05,1.8477783027183956
1954-03-08,1.84328092381839
1954-03-09,1.846541216566699
1954-03-10,1.8520201981574373
1954-03-11,1.8593897026739616
1954-03-12,1.858030464515594
1954-03-15,1.852135077175195
1954-03-16,1.8523020343191892
1954-03-17,1.8548341976970575
1954-03-18,1.8644046120261752
1954-03-19,1.8693764552366345
1954-03-22,1.8688003603333205
1954-03-23,1.8567841539199053
1954-03-24,1.848029233046538
1954-03-25,1.846727941475593
1954-03-26,1.8569588842004408
1954-03-29,1.864273732185515
1954-03-30,1.8698240803764947
1954-03-31,1.8831186026053583
1954-04-01,1.8953925350652256
1954-04-02,1.8962932619632384
1954-04-05,1.8971681700512488
1954-04-06,1.880747071015549
1954-04-07,1.8901393675309277
1954-04-08,1.9019645393642466
1954-04-09,1.9095575600978965
1954-04-12,1.9083481375832088
1954-04-13,1.9111491826448495
1954-04-14,1.92133153346698
1954-04-15,1.9288506119774786
1954-04-19,1.920952556201987
1954-04-20,1.9215700216475973
1954-04-21,1.9199575504633164
1954-04-22,1.9239831052231342
1954-04-23,1.9314084246024923
1954-04-26,1.9329079803130573
1954-04-27,1.9272148184083058
1954-04-28,1.9326497350197394
1954-04-29,1.9545111845628376
1954-04-30,1.9553755716139471
1954-05-03,1.954161006538845
1954-05-04,1.9563981422574477
1954-05-05,1.9562150901795359
1954-05-06,1.9638967506651215
1954-05-07,1.9711371331612957
1954-05-10,1.9721161097611795
1954-05-11,1.966325228778629
1954-05-12,1.9792614287275443
1954-05-13,1.9747491461239464
1954-05-14,1.9835318354960425
1954-05-17,1.9874610464132814
1954-05-18,1.990596360502189
1954-05-19,1.987321374819934
1954-05-20,1.9943765980948123
1954-05-21,2.0042361499553007
1954-05-24,2.0045437435974516
1954-05-25,1.9994214814569973
1954-05-26,2.0086757379747158
1954-05-27,2.004980381175991
1954-05-28,2.009237428859589
1954-06-01,2.0126267007468135
1954-06-02,2.0093018191460206
1954-06-03,2.011234613329607
1954-06-04,2.0081166782576045
1954-06-07,2.005533693011886
1954-06-08,1.9696455718481365
1954-06-09,1.9617217465596892
1954-06-10,1.9716806251041379
1954-06-11,1.9842577864215996
1954-06-14,1.984364271382198
1954-06-15,1.9995002933285384
1954-06-16,2.013391965114427
1954-06-17,2.012433275322755
1954-06-18,2.013120505953291
1954-06-21,2.0162688256343926
1954-06-22,2.0174121873127726
1954-06-23,2.0223744054698414
1954-06-24,2.034707361274114
1954-06-25,2.037248509611889
1954-06-28,2.0490699786404556
1954-06-29,2.04960294657373
1954-06-30,2.0412964923415293
1954-07-01,2.0441421231475374
1954-07-02,2.062489328540802
1954-07-06,2.078419980012555
1954-07-07,2.0791776841163685
1954-07-08,2.076642395895832
1954-07-09,2.08811478356105
1954-07-12,2.092319551326494
1954-07-13,2.0887396037612604
1954-07-14,2.0959414194326196
1954-07-15,2.104279977795695
1954-07-16,2.0970705114109034
1954-07-19,2.0911515475951674
1954-07-20,2.0872378160947096
1954-07-21,2.1010422260026598
1954-07-22,2.1155340490685233
1954-07-23,2.122506568060241
1954-07-26,2.1226798294148086
1954-07-27,2.1309690000315933
1954-07-28,2.13339765466066
1954-07-29,2.141918836029579
1954-07-30,2.1511113202875563
1954-08-02,2.15416151979208
1954-08-03,2.159901526741119
1954-08-04,2.1606197818513597
1954-08-05,2.159032356553973
1954-08-06,2.1316042428194053
1954-08-09,2.124629433721013
1954-08-10,2.141890360190937
1954-08-11,2.1625514838502253
1954-08-12,2.157756292129703
1954-08-13,2.1627444973451406
1954-08-16,2.1739004660070758
1954-08-17,2.1731189327398384
1954-08-18,2.174811420275559
1954-08-19,2.181535870771775
1954-08-20,2.1841261316012583
1954-08-23,2.1714144251744023
1954-08-24,2.1647858918145193
1954-08-25,2.15233736080077
1954-08-26,2.1451001640558647
1954-08-27,2.1523217072606626
1954-08-30,2.1321500320576936
1954-08-31,2.102675893229622
1954-09-01,2.119571985558599
1954-09-02,2.1329073320073797
1954-09-03,2.1460627256905203
1954-09-07,2.1557044238266614
1954-09-08,2.158253770683761
1954-09-09,2.162621337679353
1954-09-10,2.1681595960931435
1954-09-13,2.1819156227093544
1954-09-14,2.1886317676403224
1954-09-15,2.184742873296187
1954-09-16,2.1915822439785604
1954-09-17,2.2023518434214404
1954-09-20,2.1967471462200225
1954-09-21,2.2086872582669344
1954-09-22,2.218621275002489
1954-09-23,2.2267306263592066
1954-09-24,2.2353933179606056
1954-09-27,2.2397430307710846
1954-09-28,2.240075507265737
1954-09-29,2.2321247882425346
1954-09-30,2.2232141047555136
1954-10-01,2.2238709621008756
1954-10-04,2.231972335652315
1954-10-05,2.238603330620244
1954-10-06,2.242746832779909
1954-10-07,2.238565513314077
1954-10-08,2.2389823846544163
1954-10-11,2.2254912420637356
1954-10-12,2.2187501062327915
1954-10-13,2.2179358614344484
1954-10-14,2.195201049241451
1954-10-15,2.1893377888874435
1954-10-18,2.1954499370296854
1954-10-19,2.202401350609931
1954-10-20,2.214873417969066
1954-10-21,2.217732790305243
1954-10-22,2.22132378977163
1954-10-25,2.210920838340029
1954-10-26,2.2086360044983095
1954-10-27,2.208354984018552
1954-10-28,2.2031977070867694
1954-10-29,2.188524530267789
1954-11-01,2.1996649273071682
1954-11-03,2.239388392750869
1954-11-04,2.261918975864886
1954-11-05,2.262485525149917
1954-11-08,2.28140024022554
1954-11-09,2.2899936909704026
1954-11-10,2.2980435575104607
1954-11-11,2.3135909865534425
1954-11-12,2.321919792310194
1954-11-15,2.3205528081215485
1954-11-16,2.3328182975068987
1954-11-17,2.3398071270031093
1954-11-18,2.3306880960045215
1954-11-19,2.3377940884441792
1954-11-22,2.350747985464899
1954-11-23,2.3758520739712106
1954-11-24,2.379135638241339
1954-11-26,2.39412731839036
1954-11-29,2.4009783054891707
1954-11-30,2.389950200779406
1954-12-01,2.381092388305011
1954-12-02,2.397963702197281
1954-12-03,2.419056819820878
1954-12-06,2.4346447261246813
1954-12-07,2.4388563824134804
1954-12-08,2.4376777393998377
1954-12-09,2.4281014398319587
1954-12-10,2.4228542329282314
1954-12-13,2.4192602984652174
1954-12-14,2.4056741269907067
1954-12-15,2.4126315277025445
1954-12-16,2.4336388017954986
1954-12-17,2.449604062540667
1954-12-20,2.466191324482437
1954-12-21,2.4692557168011344
1954-12-22,2.468760209035615
1954-12-23,2.47151477323533
1954-12-27,2.456220394847
1954-12-28,2.478414228906087
1954-12-29,2.497888484030405
1954-12-30,2.499911047868968
1954-12-31,2.515499067230133
1955-01-03,2.5411206140677014
1955-01-04,2.530553306222057
1955-01-05,2.4787951160182065
1955-01-06,2.448743262032177
1955-01-07,2.476247194683545
1955-01-10,2.511208357985171
1955-01-11,2.5082870959659815
1955-01-12,2.502684096018493
1955-01-13,2.491051096837657
1955-01-14,2.482721393341372
1955-01-17,2.4379992550129614
1955-01-18,2.4523494861948887
1955-01-19,2.4642815492092827
1955-01-20,2.4703895076076607
1955-01-21,2.485532613508586
1955-01-24,2.488143002452273
1955-01-25,2.485039763318713
1955-01-26,2.501664578203483
1955-01-27,2.5040589105253273
1955-01-28,2.515580636316387
1955-01-31,2.5291223802337406
1955-02-01,2.534938529924588
1955-02-02,2.53112567397275
1955-02-03,2.5300058622564072
1955-02-04,2.5522610892185043
1955-02-07,2.560161066905881
1955-02-08,2.544560007822155
1955-02-09,2.5694328962962407
1955-02-10,2.5889162776419803
1955-02-11,2.5911451352111423
1955-02-14,2.584533570353728
1955-02-15,2.594545927665484
1955-02-16,2.586353799674557
1955-02-17,2.5901238389273775
1955-02-18,2.5957053100904144
1955-02-21,2.5986771076242614
1955-02-23,2.6018942457084773
1955-02-24,2.5892676496445133
1955-02-25,2.5865486915056644
1955-02-28,2.601454933982826
1955-03-01,2.6114205586751282
1955-03-02,2.633258272152134
1955-03-03,2.6402836265073706
1955-03-04,2.6480134252379433
1955-03-07,2.6381551871247435
1955-03-08,2.591678475233212
1955-03-09,2.562586865954601
1955-03-10,2.581420196031989
1955-03-11,2.543952895261385
1955-03-14,2.484133438608887
1955-03-15,2.5287208453168333
1955-03-16,2.5560217226484565
1955-03-17,2.564318284371974
1955-03-18,2.568330982072447
1955-03-21,2.5545224316799717
1955-03-22,2.5670789528148514
1955-03-23,2.596395401248262
1955-03-24,2.617683716955572
1955-03-25,2.6219501111654484
1955-03-28,2.6153451610060845
1955-03-29,2.6183783592762717
1955-03-30,2.600444822438689
1955-03-31,2.608256077056746
1955-04-01,2.6313042839785545
1955-04-04,2.627238188245057
1955-04-05,2.6356368879771996
1955-04-06,2.6395216509806247
1955-04-07,2.6499806377914243
1955-04-11,2.661377751746124
1955-04-12,2.672594994442312
1955-04-13,2.681917364832815
1955-04-14,2.68276206117983
1955-04-15,2.6912454499188283
1955-04-18,2.7038034197331133
1955-04-19,2.7002480314271984
1955-04-20,2.7045113863140204
1955-04-21,2.701031382406967
1955-04-22,2.68002461339026
1955-04-25,2.6870831725128315
1955-04-26,2.6997568904475244
1955-04-27,2.690088666411529
1955-04-28,2.6711086303475655
1955-04-29,2.6855447623694637
1955-05-02,2.6894583811051347
1955-05-03,2.667607375569272
1955-05-04,2.671815002598926
1955-05-05,2.6859379625512654
1955-05-06,2.6956195364547497
1955-05-09,2.695968305792795
1955-05-10,2.690296530595097
1955-05-11,2.669605185431805
1955-05-12,2.656621459413054
1955-05-13,2.672866924807337
1955-05-16,2.648403381118053
1955-05-17,2.647935314589899
1955-05-18,2.6660534487419794
1955-05-19,2.684693819324299
1955-05-20,2.7038335053994564
1955-05-23,2.68629466984018
1955-05-24,2.689984942479809
1955-05-25,2.701847671617275
1955-05-26,2.7175098993089213
1955-05-27,2.7188933409168983
1955-05-31,2.720029404967059
1955-06-01,2.7260379814081426
1955-06-02,2.732361484250828
1955-06-03,2.7479828776788136
1955-06-06,2.7615411615355283
1955-06-07,2.779356255587481
1955-06-08,2.788842853734655
1955-06-09,2.7735517808220265
1955-06-10,2.7849324225517105
1955-06-13,2.8053669893354467
1955-06-14,2.8035188115265552
1955-06-15,2.821860808134492
1955-06-16,2.8269633342958183
1955-06-17,2.8336059190405414
1955-06-20,2.840232669539466
1955-06-21,2.852889433517779
1955-06-22,2.8592265071001646
1955-06-23,2.8591771815815403
1955-06-24,2.8568406159732076
1955-06-27,2.855388798365524
1955-06-28,2.8448137961255346
1955-06-29,2.845477244356792
1955-06-30,2.856425713365819
1955-07-01,2.868670139480594
1955-07-05,2.891347507102802
1955-07-06,2.923048202884807
1955-07-07,2.8890452384274172
1955-07-08,2.887582268504934
1955-07-11,2.9021110930986707
1955-07-12,2.8981444640473524
1955-07-13,2.8763018120909747
1955-07-14,2.8822031027994823
1955-07-15,2.8946760180483
1955-07-18,2.8908455265944273
1955-07-19,2.8792864978666075
1955-07-20,2.885864977927323
1955-07-21,2.9031093734725877
1955-07-22,2.9210427376381305
1955-07-25,2.932727362277131
1955-07-26,2.9294686356370216
1955-07-27,2.9293768255501913
1955-07-28,2.9160173985739997
1955-07-29,2.9144348019463893
1955-08-01,2.88473903350395
1955-08-02,2.8862707596890402
1955-08-03,2.891900330243626
1955-08-04,2.8600414436463377
1955-08-05,2.873253040172929
1955-08-08,2.8605039481383
1955-08-09,2.8319626580813533
1955-08-10,2.836304741365356
1955-08-11,2.8550564781968752
1955-08-12,2.861637240172718
1955-08-15,2.859887680552821
1955-08-16,2.8464818063541304
1955-08-17,2.84509994063604
1955-08-18,2.8433582237054016
1955-08-19,2.847964225353203
1955-08-22,2.8462063406973006
1955-08-23,2.8710244103301914
1955-08-24,2.879837635265581
1955-08-25,2.8930887968780494
1955-08-26,2.902467331110057
1955-08-29,2.903820317440878
1955-08-30,2.9033182489720475
1955-08-31,2.9173432768477405
1955-09-01,2.9241685544383658
1955-09-02,2.9346675189137943
1955-09-06,2.947959891976996
1955-09-07,2.9482199857801556
1955-09-08,2.9523051776599396
1955-09-09,2.9560563624611027
1955-09-12,2.966897236623522
1955-09-13,2.9827554341636446
1955-09-14,2.98979926480263
1955-09-15,2.9843912257074936
1955-09-16,2.996251419759919
1955-09-19,2.9962689765122152
1955-09-20,2.9962139188060966
1955-09-21,3.0080784844920796
1955-09-22,3.00920907684814
1955-09-23,3.025542855252035
1955-09-26,2.835032165100923
1955-09-27,2.8935022812825557
1955-09-28,2.929806959198681
1955-09-29,2.9118819695270823
1955-09-30,2.8981374454677526
1955-10-03,2.836882079255505
1955-10-04,2.8507858865113898
1955-10-05,2.8647054204438764
1955-10-06,2.8533476756835774
1955-10-07,2.833841014697423
1955-10-10,2.768308962105158
1955-10-11,2.747789633394321
1955-10-12,2.7828861313236524
1955-10-13,2.7758824103582227
1955-10-14,2.770700740123876
1955-10-17,2.7812431189447007
1955-10-18,2.7921641706458336
1955-10-19,2.8107581101882366
1955-10-20,2.8349413121758458
1955-10-21,2.838308515498839
1955-10-24,2.853029835062347
1955-10-25,2.8438165441960765
1955-10-26,2.8286598968624923
1955-10-27,2.8259023889010315
1955-10-28,2.8331065804442015
1955-10-31,2.83240367413607
1955-11-01,2.832311155438421
1955-11-02,2.838929196592747
1955-11-03,2.8747852566946444
1955-11-04,2.9120306780596104
1955-11-07,2.9294649980718392
1955-11-09,2.953818074074571
1955-11-10,2.950460775486401
1955-11-11,2.9739283695160057
1955-11-14,3.015211465128352
1955-11-15,3.023508925637071
1955-11-16,3.0184249308512006
1955-11-17,3.005751135420441
1955-11-18,3.000683568146357
1955-11-21,2.9844499462378833
1955-11-22,3.0078089925243696
1955-11-23,3.016642235720391
1955-11-25,3.0289512723426233
1955-11-28,3.0149484034059997
1955-11-29,3.024077813799456
1955-11-30,3.0313446234503463
1955-12-01,3.0300998870848765
1955-12-02,3.042066207416209
1955-12-05,3.058069521166373
1955-12-06,3.0586149800754585
1955-12-07,3.0523503395265776
1955-12-08,3.0642431536370216
1955-12-09,3.0668735404271286
1955-12-12,3.0461900887400826
1955-12-13,3.0476998376604887
1955-12-14,3.028341691593797
1955-12-15,3.0294227034783057
1955-12-16,3.041505360422862
1955-12-19,3.0392315363588
1955-12-20,3.03596298731536
1955-12-21,3.0611637305704296
1955-12-22,3.0673643367805035
1955-12-23,3.0708292529992938
1955-12-27,3.0646006611681593
1955-12-28,3.0559999394674264
1955-12-29,3.0613146317546165
1955-12-30,3.085760001566876
1956-01-03,3.0673061419930034
1956-01-04,3.0487852986318447
1956-01-05,3.051863349482689
1956-01-06,3.065571765379667
1956-01-09,3.0294828326069188
1956-01-10,3.007681103645591
1956-01-11,3.026401878734883
1956-01-12,3.045683189935499
1956-01-13,3.043034276976658
1956-01-16,3.0118936186718535
1956-01-17,3.024019103402876
1956-01-18,2.999204792254504
1956-01-19,2.9694106376652187
1956-01-20,2.9488643015682072
1956-01-23,2.93815688910765
1956-01-24,2.971628419713243
1956-01-25,2.9796824578053327
1956-01-26,2.9655485035102096
1956-01-27,2.958226730015922
1956-01-30,2.9625784818561396
1956-01-31,2.983674685075119
1956-02-01,2.999310201607615
1956-02-02,3.004186917928449
1956-02-03,3.027444472952964
1956-02-06,3.0297711810744286
1956-02-07,3.0244616698900506
1956-02-08,2.9965161930821695
1956-02-09,2.967999079649423
1956-02-10,2.97718063302647
1956-02-13,2.974682178566469
1956-02-14,2.9644003399805143
1956-02-15,2.998865884573451
1956-02-16,2.994539013159749
1956-02-17,3.034610503924779
1956-02-20,3.041297768981094
1956-02-21,3.0465931350633078
1956-02-23,3.0782462040071152
1956-02-24,3.09929672200828
1956-02-27,3.0984459616631868
1956-02-28,3.110817368813657
1956-02-29,3.1040216913517167
1956-03-01,3.126874781991527
1956-03-02,3.1510959029189762
1956-03-05,3.1728452893089862
1956-03-06,3.1711277789282852
1956-03-07,3.1728881943632445
1956-03-08,3.187028266642074
1956-03-09,3.2192578563401657
1956-03-12,3.24156921197145
1956-03-13,3.242011928531009
1956-03-14,3.260926741987041
1956-03-15,3.2769986659084682
1956-03-16,3.277716278424012
1956-03-19,3.2903559395498525
1956-03-20,3.298299654850075
1956-03-21,3.2752119043357304
1956-03-22,3.2913996853303473
1956-03-23,3.3016044622726515
1956-03-26,3.2994757523835907
1956-03-27,3.2808154183169487
1956-03-28,3.293042940404523
1956-03-29,3.3000189581062243
1956-04-02,3.3130460285605494
1956-04-03,3.3031747255972848
1956-04-04,3.3090975885574716
1956-04-05,3.2967331029987674
1956-04-06,3.312506805216069
1956-04-09,3.301457297879712
1956-04-10,3.263483715082737
1956-04-11,3.2888699936140395
1956-04-12,3.2717439682736056
1956-04-13,3.276350529652704
1956-04-16,3.27625864949814
1956-04-17,3.2754703181160547
1956-04-18,3.267862820922796
1956-04-19,3.2569149103392427
1956-04-20,3.272456658570462
1956-04-23,3.271469463442464
1956-04-24,3.244872935771437
1956-04-25,3.241457362394642
1956-04-26,3.2628925948296716
1956-04-27,3.2937210452832355
1956-04-30,3.3123059163009367
1956-05-01,3.301534456693169
1956-05-02,3.304300850723048
1956-05-03,3.320592147494392
1956-05-04,3.3370260010826285
1956-05-07,3.3275287199291106
1956-05-08,3.321840788961023
1956-05-09,3.329023376886665
1956-05-10,3.289570419254556
1956-05-11,3.297610943791882
1956-05-14,3.263883168370431
1956-05-15,3.2407953840058363
1956-05-16,3.2422936908085767
1956-05-17,3.2638383308233365
1956-05-18,3.256458725896126
1956-05-21,3.2211646109897156
1956-05-22,3.184913019960023
1956-05-23,3.175483968456023
1956-05-24,3.1315704235732222
1956-05-25,3.1338778214971996
1956-05-28,3.095556054161271
1956-05-29,3.1619031144316927
1956-05-31,3.166937525319355
1956-06-01,3.184316728482792
1956-06-04,3.1985602826330046
1956-06-05,3.2039176191144962
1956-06-06,3.1940803394923605
1956-06-07,3.2111766147893963
1956-06-08,3.1557171055236513
1956-06-11,3.1898048885096983
1956-06-12,3.222484443655139
1956-06-13,3.229991132008397
1956-06-14,3.224394105292449
1956-06-15,3.228776747419671
1956-06-18,3.213601723762534
1956-06-19,3.2239785218168864
1956-06-20,3.231930766985659
1956-06-21,3.244440393337393
1956-06-22,3.240834261641487
1956-06-25,3.2291055311062635
1956-06-26,3.244140899131632
1956-06-27,3.2645815330600585
1956-06-28,3.2681316769339297
1956-06-29,3.2714511176416705
1956-07-02,3.271572562613251
1956-07-03,3.2860670094958877
1956-07-05,3.310783548283658
1956-07-06,3.3268805487804984
1956-07-09,3.3369724303371573
1956-07-10,3.350945661342805
1956-07-11,3.3570340894776987
1956-07-12,3.349961280039015
1956-07-13,3.3656676295564534
1956-07-16,3.3845229294623422
1956-07-17,3.393531857699097
1956-07-18,3.390531312046619
1956-07-19,3.3906362167992503
1956-07-20,3.396556141922936
1956-07-23,3.400349982272878
1956-07-24,3.4000734942964583
1956-07-25,3.404551234446813
1956-07-26,3.4089752079753213
1956-07-27,3.3918586062740705
1956-07-30,3.3923859544757624
1956-07-31,3.4073373694257185
1956-08-01,3.4133034935951665
1956-08-02,3.4295484290559184
1956-08-03,3.4263967089748784
1956-08-06,3.3846730157714324
1956-08-07,3.4074890183880595
1956-08-08,3.4224073762206495
1956-08-09,3.426919815186652
1956-08-10,3.410447874491692
1956-08-13,3.388470899510884
1956-08-14,3.3986201416327586
1956-08-15,3.398457141188704
1956-08-16,3.3965384130235603
1956-08-17,3.3948797672411763
1956-08-20,3.3664243158358325
1956-08-21,3.3288939308497696
1956-08-22,3.3210061173264487
1956-08-23,3.346988454354952
1956-08-24,3.3507435786964708
1956-08-27,3.3312965061888025
1956-08-28,3.319695207355232
1956-08-29,3.3067267696813394
1956-08-30,3.2768125332452285
1956-08-31,3.3087206883469023
1956-09-04,3.332492687114097
1956-09-05,3.3439254340656044
1956-09-06,3.34654513973964
1956-09-07,3.333505408595763
1956-09-10,3.3241011723667806
1956-09-11,3.3039954876715423
1956-09-12,3.2946207919733412
1956-09-13,3.283197069520666
1956-09-14,3.29687090592972
1956-09-17,3.2949849586483104
1956-09-18,3.2725353490459237
1956-09-19,3.2498934093324867
1956-09-20,3.2415911579615897
1956-09-21,3.2629749192168442
1956-09-24,3.2493070199794705
1956-09-25,3.2109600035112313
1956-09-26,3.1983013115900474
1956-09-27,3.1890366287919427
1956-09-28,3.168111977411388
1956-10-01,3.1192389417854876
1956-10-02,3.1709995776316346
1956-10-03,3.211441708168976
1956-10-04,3.2108747197363985
1956-10-05,3.2198187789380714
1956-10-08,3.2259437390500354
1956-10-09,3.2109560404127078
1956-10-10,3.239132357796665
1956-10-11,3.2441314592649424
1956-10-12,3.2542596702505824
1956-10-15,3.256534968583225
1956-10-16,3.2486013350277014
1956-10-17,3.2282236927785566
1956-10-18,3.234620853913234
1956-10-19,3.2334292921997774
1956-10-22,3.2296696968190464
1956-10-23,3.2272569562013453
1956-10-24,3.2135279156831307
1956-10-25,3.2032278640780225
1956-10-26,3.2289592299299894
1956-10-29,3.238412989093511
1956-10-30,3.230134519975773
1956-10-31,3.184346345629232
1956-11-01,3.2355603666534902
1956-11-02,3.2598833802329756
1956-11-05,3.3092454366078052
1956-11-07,3.289259210520476
1956-11-08,3.26595837877807
1956-11-09,3.2531795550881406
1956-11-12,3.2668890738842125
1956-11-13,3.2665129195647067
1956-11-14,3.243859779509139
1956-11-15,3.229323388456298
1956-11-16,3.223842147292005
1956-11-19,3.192486562959496
1956-11-20,3.170647852460036
1956-11-21,3.1653920372828828
1956-11-23,3.1867763526457082
1956-11-26,3.1763342561828782
1956-11-27,3.1768394145124073
1956-11-28,3.1509812614846817
1956-11-29,3.139180841023988
1956-11-30,3.1814027157837836
1956-12-03,3.2268125817294555
1956-12-04,3.2284267536990763
1956-12-05,3.254949301767362
1956-12-06,3.2730117018381035
1956-12-07,3.2808386409755164
1956-12-10,3.2723846727983728
1956-12-11,3.2635710377207867
1956-12-12,3.2464157396384423
1956-12-13,3.26768165829795
1956-12-14,3.2752439558977327
1956-12-17,3.274203336537867
1956-12-18,3.274619389102081
1956-12-19,3.264493688857369
1956-12-20,3.245855453979965
1956-12-21,3.2648324059834652
1956-12-26,3.2712967627830345
1956-12-27,3.27233292392953
1956-12-28,3.2823319210622395
1956-12-31,3.2924686822425375
1957-01-02,3.270000195832864
1957-01-03,3.2906096066432036
1957-01-04,3.300525765826387
1957-01-07,3.287336569864079
1957-01-08,3.2830297279593634
1957-01-09,3.2790813814780297
1957-01-10,3.291399066502728
1957-01-11,3.2910216914102484
1957-01-14,3.268209682305158
1957-01-15,3.2334507754413395
1957-01-16,3.2340579029424292
1957-01-17,3.2235643517888946
1957-01-18,3.187978887951054
1957-01-21,3.177502843832314
1957-01-22,3.190908252445204
1957-01-23,3.20515339854041
1957-01-24,3.2113437295103053
1957-01-25,3.200588275449344
1957-01-28,3.1836007935956063
1957-01-29,3.189066843717297
1957-01-30,3.2033421712745525
1957-01-31,3.19704230282492
1957-02-01,3.188876988655129
1957-02-04,3.1877398212880594
1957-02-05,3.1521543606538196
1957-02-06,3.1552594714988262
1957-02-07,3.147292738079161
1957-02-08,3.1353070103867773
1957-02-11,3.0904472322746357
1957-02-12,3.072704107348733
1957-02-13,3.1122250327285315
1957-02-14,3.119197093495675
1957-02-15,3.1512727365491435
1957-02-18,3.147893245513534
1957-02-19,3.1523028779524305
1957-02-20,3.164161237755657
1957-02-21,3.1557248897172867
1957-02-25,3.1532600404905797
1957-02-26,3.159224724195567
1957-02-27,3.157293933049459
1957-02-28,3.154237689673975
1957-03-01,3.1787302117339324
1957-03-04,3.200541457154926
1957-03-05,3.2149590606561333
1957-03-06,3.222257332415179
1957-03-07,3.2197855946027816
1957-03-08,3.2114597467131865
1957-03-11,3.2000375198152304
1957-03-12,3.2035315154730593
1957-03-13,3.2225013525354043
1957-03-14,3.2279282829766722
1957-03-15,3.236516641319244
1957-03-18,3.2285437027568458
1957-03-19,3.243141489224358
1957-03-20,3.248119391570406
1957-03-21,3.2490398007639585
1957-03-22,3.243012989506474
1957-03-25,3.2296812985258883
1957-03-26,3.2356692892219
1957-03-27,3.2483670124186665
1957-03-28,3.2544010755712125
1957-03-29,3.250428458060646
1957-04-01,3.254460242915392
1957-04-02,3.272549143224291
1957-04-03,3.285325627640801
1957-04-04,3.2775725559089213
1957-04-05,3.2793337986339703
1957-04-08,3.2794080771831964
1957-04-09,3.301323684605062
1957-04-10,3.3216808550459906
1957-04-11,3.329810632011114
1957-04-12,3.33741680778013
1957-04-15,3.339245578233155
1957-04-16,3.346127914908334
1957-04-17,3.359386155931953
1957-04-18,3.382224876872264
1957-04-22,3.386923877976821
1957-04-23,3.4064284672757554
1957-04-24,3.410288911922099
1957-04-25,3.3983344206887174
1957-04-26,3.3930361689069333
1957-04-29,3.4027328266995136
1957-04-30,3.406783096118714
1957-05-01,3.4251825043032245
1957-05-02,3.4471434770422644
1957-05-03,3.4447833645233157
1957-05-06,3.443656516089561
1957-05-07,3.4409215875894086
1957-05-08,3.4549180054716895
1957-05-09,3.457404861614037
1957-05-10,3.473483740965399
1957-05-13,3.504147442430451
1957-05-14,3.492585572006168
1957-05-15,3.4981100167939645
1957-05-16,3.510916235207082
1957-05-17,3.5196343226018367
1957-05-20,3.5299900826506665
1957-05-21,3.529797120307435
1957-05-22,3.517185891015642
1957-05-23,3.5101816900794307
1957-05-24,3.5133522332059544
1957-05-27,3.485904515175982
1957-05-28,3.482008520945873
1957-05-29,3.5074404248025277
1957-05-31,3.5262109409881988
1957-06-03,3.523858573562714
1957-06-04,3.5188317462001186
1957-06-05,3.5194608614030045
1957-06-06,3.541715195045708
1957-06-07,3.5451326826875005
1957-06-10,3.5238562486562666
1957-06-11,3.566702715367712
1957-06-12,3.5707280139859794
1957-06-13,3.573386881123021
1957-06-14,3.577065114939137
1957-06-17,3.588750481059158
1957-06-18,3.57617191873888
1957-06-19,3.5501303578458785
1957-06-20,3.538673390252653
1957-06-21,3.5210495861796267
1957-06-24,3.4967226938243314
1957-06-25,3.5222163504720254
1957-06-26,3.5176806571602466
1957-06-27,3.5321474021427397
1957-06-28,3.541769611321011
1957-07-01,3.550247423912604
1957-07-02,3.5844107092422464
1957-07-03,3.617329862706177
1957-07-05,3.645698653066417
1957-07-08,3.6682021988207745
1957-07-09,3.6565362516221827
1957-07-10,3.685467663749091
1957-07-11,3.6787208022996083
1957-07-12,3.7047260639472115
1957-07-15,3.711676013093086
1957-07-16,3.6912532727822605
1957-07-17,3.667550411489969
1957-07-18,3.664493089050957
1957-07-19,3.6653028816338415
1957-07-22,3.6541882418482525
1957-07-23,3.648487521182792
1957-07-24,3.6508297614215355
1957-07-25,3.6537684893459454
1957-07-26,3.6416391113996585
1957-07-29,3.5939463453722698
1957-07-30,3.5988742953631054
1957-07-31,3.602554272881116
1957-08-01,3.5953874201851845
1957-08-02,3.593054852060535
1957-08-05,3.561752920397767
1957-08-06,3.523856603156043
1957-08-07,3.553392319504701
1957-08-08,3.542454614273042
1957-08-09,3.5494470123599196
1957-08-12,3.5150162490127737
1957-08-13,3.517673634780638
1957-08-14,3.475099477843769
1957-08-15,3.4781409332544087
1957-08-16,3.4835252395499414
1957-08-19,3.4264435110533866
1957-08-20,3.4492210819861024
1957-08-21,3.4706290731466316
1957-08-22,3.450869126056992
1957-08-23,3.405439766233391
1957-08-26,3.356398480939129
1957-08-27,3.4049359189143806
1957-08-28,3.4094954583837507
1957-08-29,3.3942419688342302
1957-08-30,3.448213499829625
1957-09-03,3.463752627340842
1957-09-04,3.4349447686900882
1957-09-05,3.4264794105316283
1957-09-06,3.421740905185266
1957-09-09,3.3982697705068015
1957-09-10,3.369167465677654
1957-09-11,3.392865526541236
1957-09-12,3.432019526998742
1957-09-13,3.435211522300946
1957-09-16,3.420364829518562
1957-09-17,3.425718956774972
1957-09-18,3.4291749251796566
1957-09-19,3.4133022458263533
1957-09-20,3.3593528232842687
1957-09-23,3.2828793296453327
1957-09-24,3.30661077406456
1957-09-25,3.262454035947268
1957-09-26,3.27415422608487
1957-09-27,3.2820294339717044
1957-09-30,3.2734068044097677
1957-10-01,3.290243213420331
1957-10-02,3.316690545400852
1957-10-03,3.3187660750864336
1957-10-04,3.300101368155255
1957-10-07,3.247252787357531
1957-10-08,3.2226709548581804
1957-10-09,3.231192573987623
1957-10-10,3.1588194079375818
1957-10-11,3.1487935567766625
1957-10-14,3.1682179623961875
1957-10-15,3.2030016190055663
1957-10-16,3.181933641221854
1957-10-17,3.1265797416948775
1957-10-18,3.100795796071282
1957-10-21,3.0065703395666348
1957-10-22,2.9888780865707507
1957-10-23,3.118191805189119
1957-10-24,3.123129162124463
1957-10-25,3.1146848632039816
1957-10-28,3.1005905008985666
1957-10-29,3.120866684162708
1957-10-30,3.149343148503431
1957-10-31,3.1538909100990056
1957-11-01,3.115393646804634
1957-11-04,3.1098894479460606
1957-11-06,3.1193471904275345
1957-11-07,3.1391025859812958
1957-11-08,3.1135987644915155
1957-11-11,3.116121799355243
1957-11-12,3.0848946947526845
1957-11-13,3.0824485638870933
1957-11-14,3.0647781173954787
1957-11-15,3.1433696781964326
1957-11-18,3.1206104535720596
1957-11-19,3.105873890759643
1957-11-20,3.1241754329829825
1957-11-21,3.1666987082213907
1957-11-22,3.1947165968455713
1957-11-25,3.2154175952852113
1957-11-26,3.1303352996945515
1957-11-27,3.2248763939154
1957-11-29,3.2671025063792385
1957-12-02,3.255017349641587
1957-12-03,3.2589409026042957
1957-12-04,3.2714195872791416
1957-12-05,3.270048328626703
1957-12-06,3.255175104475044
1957-12-09,3.2337322747576414
1957-12-10,3.2102371342259137
1957-12-11,3.205761435548974
1957-12-12,3.214110559857296
1957-12-13,3.2247742299056967
1957-12-16,3.1782112444233235
1957-12-17,3.129743291932844
1957-12-18,3.121936054407548
1957-12-19,3.14846663169861
1957-12-20,3.1282559382976394
1957-12-23,3.1339853415400905
1957-12-24,3.1371869586842243
1957-12-26,3.1620841416954977
1957-12-27,3.1617462966969745
1957-12-30,3.150200421215366
1957-12-31,3.1806533933919368
1958-01-02,3.207860544932621
1958-01-03,3.24969649705446
1958-01-06,3.2350232327248025
1958-01-07,3.255533888807148
1958-01-08,3.2574843592564107
1958-01-09,3.242225784437375
1958-01-10,3.21638737785814
1958-01-13,3.2246155380052777
1958-01-14,3.2410925716020684
1958-01-15,3.2636453583664724
1958-01-16,3.274871081004554
1958-01-17,3.2836822472991827
1958-01-20,3.3023466170544755
1958-01-21,3.30047832923525
1958-01-22,3.2937770745035992
1958-01-23,3.3077158218036273
1958-01-24,3.336895038821908
1958-01-27,3.3325754524647992
1958-01-28,3.336683588577334
1958-01-29,3.354863717544576
1958-01-30,3.344835583582458
1958-01-31,3.3459662072838747
1958-02-03,3.3736668867073907
1958-02-04,3.4095549438143045
1958-02-05,3.396772592152747
1958-02-06,3.392603230015108
1958-02-07,3.3679679037348507
1958-02-10,3.350926171548301
1958-02-11,3.327172258099168
1958-02-12,3.3223797955180814
1958-02-13,3.3242136990130593
1958-02-14,3.354795229041617
1958-02-17,3.3415686079249856
1958-02-18,3.3432434334180035
1958-02-19,3.34431776219394
1958-02-20,3.3268958255421195
1958-02-21,3.322706289995825
1958-02-24,3.3058830916118604
1958-02-25,3.3028929833257425
1958-02-26,3.3279046790066724
1958-02-27,3.313066507138613
1958-02-28,3.325322880645197
1958-03-03,3.34095743702704
1958-03-04,3.354833152115389
1958-03-05,3.3701645160267666
1958-03-06,3.4008727833285053
1958-03-07,3.406433574502799
1958-03-10,3.4188750794667873
1958-03-11,3.4492776987885927
1958-03-12,3.446650163454529
1958-03-13,3.4517416253457367
1958-03-14,3.453234740359557
1958-03-17,3.4396482584233805
1958-03-18,3.4361282966161175
1958-03-19,3.4553079183077586
1958-03-20,3.4591706198233636
1958-03-21,3.487626535814059
1958-03-24,3.492175556501603
1958-03-25,3.478228677531706
1958-03-26,3.467726350204221
1958-03-27,3.460913919936151
1958-03-28,3.4667847058222656
1958-03-31,3.458862244830606
1958-04-01,3.446426834115818
1958-04-02,3.4185277374498693
1958-04-03,3.406881680542975
1958-04-07,3.3912485349857713
1958-04-08,3.4150687609416335
1958-04-09,3.421574090948502
1958-04-10,3.430742030534934
1958-04-11,3.442367481271061
1958-04-14,3.465160831693607
1958-04-15,3.4942639608447297
1958-04-16,3.4750603441127152
1958-04-17,3.4885284376654777
1958-04-18,3.51493532807103
1958-04-21,3.53247236356438
1958-04-22,3.523900895991645
1958-04-23,3.5289081638000086
1958-04-24,3.553955923420741
1958-04-25,3.572917571273434
1958-04-28,3.5588338014837557
1958-04-29,3.5486326674353137
1958-04-30,3.5805501838295366
1958-05-01,3.5839415497181157
1958-05-02,3.5951843847270317
1958-05-05,3.606580957887589
1958-05-06,3.6346518479248817
1958-05-07,3.6298682059921834
1958-05-08,3.636429932825837
1958-05-09,3.637507188897119
1958-05-12,3.6226966175617688
1958-05-13,3.6182504575301087
1958-05-14,3.579835687713659
1958-05-15,3.597454608764488
1958-05-16,3.6021412559609813
1958-05-19,3.5944723026859253
1958-05-20,3.6207050956898925
1958-05-21,3.619386394868478
1958-05-22,3.636744160698445
1958-05-23,3.6481126763500704
1958-05-26,3.6480514455653443
1958-05-27,3.6495372002652355
1958-05-28,3.652829580322821
1958-05-29,3.6719660050089415
1958-06-02,3.683501705198887
1958-06-03,3.6938961115773203
1958-06-04,3.6901596892999673
1958-06-05,3.7007973236939553
1958-06-06,3.7133840116638157
1958-06-09,3.7041515894258485
1958-06-10,3.695087494125004
1958-06-11,3.6979925967745544
1958-06-12,3.715187399183364
1958-06-13,3.734178216857914
1958-06-16,3.7469339886345234
1958-06-17,3.7588440177204645
1958-06-18,3.750288850812423
1958-06-19,3.7126785341270137
1958-06-20,3.73550752218315
1958-06-23,3.725535813795493
1958-06-24,3.713468106165184
1958-06-25,3.721331378985669
1958-06-26,3.741488852143901
1958-06-27,3.7534594588001435
1958-06-30,3.772916364745927
1958-07-01,3.7756952857031623
1958-07-02,3.7786148916661406
1958-07-03,3.791829038377105
1958-07-07,3.8005985675409306
1958-07-08,3.7840408382852493
1958-07-09,3.773733378695075
1958-07-10,3.7906050113293874
1958-07-11,3.811968213189321
1958-07-14,3.771255387454574
1958-07-15,3.772338827353241
1958-07-16,3.7786790339249787
1958-07-17,3.802010761411383
1958-07-18,3.8138258977293344
1958-07-21,3.8502305686194696
1958-07-22,3.8608714811461375
1958-07-23,3.866873530635879
1958-07-24,3.887651883166245
1958-07-25,3.918942980831571
1958-07-28,3.934378993893067
1958-07-29,3.9293869314846503
1958-07-30,3.945515887845858
1958-07-31,3.9431025123252232
1958-08-01,3.9715859755614757
1958-08-04,4.005808552612293
1958-08-05,3.9802436808121255
1958-08-06,3.960819453489233
1958-08-07,3.9865043597863585
1958-08-08,4.008473851029039
1958-08-11,4.02128603888262
1958-08-12,3.993169840999867
1958-08-13,4.001310058681136
1958-08-14,4.0127747828143105
1958-08-15,3.983112367653405
1958-08-18,3.9632897511110814
1958-08-19,3.9711549834625472
1958-08-20,3.982611929130827
1958-08-21,4.004663208063768
1958-08-22,4.013130551523406
1958-08-25,4.017311988199203
1958-08-26,4.03438763248653
1958-08-27,4.036095461140695
1958-08-28,4.018324030175558
1958-08-29,4.031140919421913
1958-09-02,4.053163994409439
1958-09-03,4.072619260111471
1958-09-04,4.067536828527792
1958-09-05,4.0626422060097225
1958-09-08,4.078377197713178
1958-09-09,4.099059223894038
1958-09-10,4.092716718862217
1958-09-11,4.12499150890488
1958-09-12,4.117587936634803
1958-09-15,4.151972220487701
1958-09-16,4.172979666518506
1958-09-17,4.1659783011525215
1958-09-18,4.151210884070856
1958-09-19,4.182665026885048
1958-09-22,4.166886127071126
1958-09-23,4.196260418669784
1958-09-24,4.212865418273069
1958-09-25,4.20211406883745
1958-09-26,4.221171157400593
1958-09-29,4.240651951166459
1958-09-30,4.251088252199084
1958-10-01,4.236700296158066
1958-10-02,4.24863292864921
1958-10-03,4.271673587900381
1958-10-06,4.295970354147869
1958-10-07,4.3156932150734475
1958-10-08,4.318682700783536
1958-10-09,4.319985578115997
1958-10-10,4.344398311307781
1958-10-13,4.36120474083617
1958-10-14,4.326982438552697
1958-10-15,4.279074128185473
1958-10-16,4.312241786937006
1958-10-17,4.352377177861822
1958-10-20,4.343029883702377
1958-10-21,4.338966119292561
1958-10-22,4.321099534521045
1958-10-23,4.314816561820354
1958-10-24,4.3050436076899645
1958-10-27,4.269558151641949
1958-10-28,4.290159946717927
1958-10-29,4.338902869099139
1958-10-30,4.344556008224378
1958-10-31,4.356022840195167
1958-11-03,4.377071706835047
1958-11-05,4.4254205883341005
1958-11-06,4.455290682499141
1958-11-07,4.452339801898772
1958-11-10,4.483322381797179
1958-11-11,4.515969018624412
1958-11-12,4.519639998074793
1958-11-13,4.513582247047226
1958-11-14,4.536635618486577
1958-11-17,4.551465768336697
1958-11-18,4.545759698497111
1958-11-19,4.556229426821322
1958-11-20,4.560361803201213
1958-11-21,4.523999881685124
1958-11-24,4.417141114309747
1958-11-25,4.394202692326111
1958-11-26,4.468146654258207
1958-11-28,4.517710144427863
1958-12-01,4.5388770076049925
1958-12-02,4.524913901952489
1958-12-03,4.53062488549673
1958-12-04,4.539086256784044
1958-12-05,4.550425549225088
1958-12-08,4.565308254227432
1958-12-09,4.592925626272633
1958-12-10,4.643630262827618
1958-12-11,4.6306119652006865
1958-12-12,4.624888937389338
1958-12-15,4.633091577723343
1958-12-16,4.6496212561523
1958-12-17,4.679563791629967
1958-12-18,4.688274238408395
1958-12-19,4.67625312429873
1958-12-22,4.651490319696612
1958-12-23,4.631371607429332
1958-12-24,4.692693673799535
1958-12-29,4.737768459995041
1958-12-30,4.748869163789392
1958-12-31,4.766837040691262
1959-01-02,4.781673837769523
1959-01-05,4.8034873919664305
1959-01-06,4.796335524134558
1959-01-07,4.744191939450469
1959-01-08,4.792825732687638
1959-01-09,4.826904147226437
1959-01-12,4.8294554954543765
1959-01-13,4.803519453851294
1959-01-14,4.8154338955520535
1959-01-15,4.836798730673517
1959-01-16,4.835498118845889
1959-01-19,4.829018004023254
1959-01-20,4.8341713894021145
1959-01-21,4.854594290137235
1959-01-22,4.846694221602639
1959-01-23,4.851125049785972
1959-01-26,4.832453580790728
1959-01-27,4.830738767806448
1959-01-28,4.778974812645524
1959-01-29,4.7849996694262025
1959-01-30,4.800729742894393
1959-02-02,4.787105549403075
1959-02-03,4.7918843172519585
1959-02-04,4.778078901754796
1959-02-05,4.760216109376606
1959-02-06,4.732482645634796
1959-02-09,4.673569401104791
1959-02-10,4.740003769920784
1959-02-11,4.7438148372097535
1959-02-12,4.723929612807278
1959-02-13,4.763940711860249
1959-02-16,4.779981904668611
1959-02-17,4.768659432412604
1959-02-18,4.785542809275494
1959-02-19,4.827766718411414
1959-02-20,4.864950267316102
1959-02-24,4.85396117904779
1959-02-25,4.833330882004197
1959-02-26,4.85427934621915
1959-02-27,4.860654433582375
1959-03-02,4.876293336403949
1959-03-03,4.909423950171105
1959-03-04,4.914292563515477
1959-03-05,4.92495404412748
1959-03-06,4.911453468832531
1959-03-09,4.9147955913962305
1959-03-10,4.927680476914145
1959-03-11,4.938523671197552
1959-03-12,4.956760530398654
1959-03-13,4.969777540747687
1959-03-16,4.921827985332868
1959-03-17,4.957119183500933
1959-03-18,4.952636527932737
1959-03-19,4.945894688308581
1959-03-20,4.947586824888045
1959-03-23,4.904005565508192
1959-03-24,4.914230410459537
1959-03-25,4.91060272885045
1959-03-26,4.904479430715511
1959-03-30,4.878526271554462
1959-03-31,4.877474355503097
1959-04-01,4.893943731413266
1959-04-02,4.925240217761164
1959-04-03,4.966871158061901
1959-04-06,4.988768082444455
1959-04-07,4.980221743800671
1959-04-08,4.959735920072925
1959-04-09,4.965581342978938
1959-04-10,4.97336932312888
1959-04-13,5.00480732595722
1959-04-14,5.04242320875379
1959-04-15,5.057740906746166
1959-04-16,5.089816413292124
1959-04-17,5.132469104580356
1959-04-20,5.150807058826784
1959-04-21,5.1441367187229865
1959-04-22,5.115588779874188
1959-04-23,5.101811498476065
1959-04-24,5.132115587581817
1959-04-27,5.154142667008481
1959-04-28,5.139848865329137
1959-04-29,5.130585392451371
1959-04-30,5.124190015136045
1959-05-01,5.133224215036913
1959-05-04,5.135178766231808
1959-05-05,5.145590596028818
1959-05-06,5.136295782071358
1959-05-07,5.072668217057071
1959-05-08,5.1101424818000325
1959-05-11,5.129602568016944
1959-05-12,5.136049417847162
1959-05-13,5.1572735804147
1959-05-14,5.188284034333369
1959-05-15,5.1709371087454485
1959-05-18,5.157014388528887
1959-05-19,5.166111866149841
1959-05-20,5.150865793969982
1959-05-21,5.155583270698665
1959-05-22,5.172215040621796
1959-05-25,5.154840077688678
1959-05-26,5.153103591537781
1959-05-27,5.165773146184308
1959-05-28,5.189135365320652
1959-05-29,5.218549431578272
1959-06-01,5.218555194232186
1959-06-02,5.186511096600177
1959-06-03,5.187933700383338
1959-06-04,5.134017951051994
1959-06-05,5.127744479089225
1959-06-08,5.055559244925417
1959-06-09,5.020787096410109
1959-06-10,5.096127882947839
1959-06-11,5.109299947643428
1959-06-12,5.1050251394026365
1959-06-15,5.084379775511691
1959-06-16,5.050768178672242
1959-06-17,5.111812852233766
1959-06-18,5.11495640739451
1959-06-19,5.1341065102522965
1959-06-22,5.133525235503799
1959-06-23,5.135365885570623
1959-06-24,5.163192208328143
1959-06-25,5.186300757798843
1959-06-26,5.205183185187747
1959-06-29,5.235401667976581
1959-06-30,5.259470193012282
1959-07-01,5.302511044246329
1959-07-02,5.327896845561261
1959-07-06,5.362704765096179
1959-07-07,5.402279239605742
1959-07-08,5.404828678979207
1959-07-09,5.3941874803608725
1959-07-10,5.397286549337371
1959-07-13,5.348817808103219
1959-07-14,5.3655987484038
1959-07-15,5.370169677209793
1959-07-16,5.352650658675646
1959-07-17,5.333466775505537
1959-07-20,5.307504501539798
1959-07-21,5.352366507389091
1959-07-22,5.374301390542487
1959-07-23,5.385375101087983
1959-07-24,5.389107857841331
1959-07-27,5.411840651340078
1959-07-28,5.428215461144839
1959-07-29,5.435016665320159
1959-07-30,5.421976366028167
1959-07-31,5.42322974039539
1959-08-03,5.435088299648047
1959-08-04,5.421935039992324
1959-08-05,5.4015608427198805
1959-08-06,5.395698699130606
1959-08-07,5.369188055258004
1959-08-10,5.258178979804446
1959-08-11,5.324903442443325
1959-08-12,5.3186097941352966
1959-08-13,5.307805616295526
1959-08-14,5.3188391280681
1959-08-17,5.308908497069049
1959-08-18,5.265872533944094
1959-08-19,5.230157620073637
1959-08-20,5.2968747175532656
1959-08-21,5.301104414202881
1959-08-24,5.282482694908027
1959-08-25,5.290007908345958
1959-08-26,5.295084346058985
1959-08-27,5.342824636272355
1959-08-28,5.333469914470744
1959-08-31,5.342894354633659
1959-09-01,5.283344508908853
1959-09-02,5.290013341956717
1959-09-03,5.232706018156214
1959-09-04,5.25954552237476
1959-09-08,5.186944681269683
1959-09-09,5.144520693338762
1959-09-10,5.1176862804137
1959-09-11,5.165984527960428
1959-09-14,5.1291100337126965
1959-09-15,5.098191047990865
1959-09-16,5.103536249931902
1959-09-17,5.085010551565353
1959-09-18,5.051289017559949
1959-09-21,4.969680685328933
1959-09-22,4.952700772935045
1959-09-23,5.025604856924733
1959-09-24,5.11508481482167
1959-09-25,5.121828757987121
1959-09-28,5.152893646013685
1959-09-29,5.197049680412849
1959-09-30,5.149562268940829
1959-10-01,5.151175008176822
1959-10-02,5.1783764829217365
1959-10-05,5.1799200129287035
1959-10-06,5.180975156336695
1959-10-07,5.1695560113796235
1959-10-08,5.1652179764472
1959-10-09,5.177704258406641
1959-10-12,5.203937065555556
1959-10-13,5.184506146230872
1959-10-14,5.146872670709335
1959-10-15,5.159642046090677
1959-10-16,5.205661910046581
1959-10-19,5.177445316265309
1959-10-20,5.149448007500781
1959-10-21,5.1446100927464755
1959-10-22,5.0941549339239245
1959-10-23,5.150608183951991
1959-10-26,5.173252127439871
1959-10-27,5.204118572913222
1959-10-28,5.209330944091726
1959-10-29,5.211932547492752
1959-10-30,5.222765632033139
1959-11-02,5.21667469948662
1959-11-04,5.213972193679694
1959-11-05,5.219043601535557
1959-11-06,5.248601820729893
1959-11-09,5.244135339853734
1959-11-10,5.250011561058776
1959-11-11,5.257608960555729
1959-11-12,5.234153017190075
1959-11-13,5.207367427434758
1959-11-16,5.162373450361889
1959-11-17,5.17116208601644
1959-11-18,5.222024044258108
1959-11-19,5.222427585498451
1959-11-20,5.22797452728417
1959-11-23,5.244512493715975
1959-11-24,5.269242779226276
1959-11-25,5.280325245148147
1959-11-27,5.301140764271682
1959-11-30,5.341960445204842
1959-12-01,5.376096818514591
1959-12-02,5.361425357003855
1959-12-03,5.369508979624799
1959-12-04,5.388965888649236
1959-12-07,5.399959518387147
1959-12-08,5.41742998249536
1959-12-09,5.3813354102620785
1959-12-10,5.390827575875749
1959-12-11,5.3863635165314685
1959-12-14,5.39687434357448
1959-12-15,5.380819066206398
1959-12-16,5.388357016467952
1959-12-17,5.383738829685863
1959-12-18,5.408169142439236
1959-12-21,5.420314764484559
1959-12-22,5.407281823320446
1959-12-23,5.395926934501946
1959-12-24,5.401351208128997
1959-12-28,5.4034787645664535
1959-12-29,5.4237864686096655
1959-12-30,5.45832888834032
1959-12-31,5.471017555872776
1960-01-04,5.464465939711343
1960-01-05,5.512576544274029
1960-01-06,5.491203511598886
1960-01-07,5.460621461902654
1960-01-08,5.44097651047526
1960-01-11,5.377483005356903
1960-01-12,5.345513259910974
1960-01-13,5.316932558811794
1960-01-14,5.350309769622687
1960-01-15,5.35584576580325
1960-01-18,5.311163028251458
1960-01-19,5.260657493914053
1960-01-20,5.242940690538383
1960-01-21,5.254175419400361
1960-01-22,5.269465964249644
1960-01-25,5.217950595196566
1960-01-26,5.220477488239786
1960-01-27,5.207632998814514
1960-01-28,5.152497721037951
1960-01-29,5.103242295637469
1960-02-01,5.1339204726063405
1960-02-02,5.2125400405975295
1960-02-03,5.16929427320464
1960-02-04,5.179589092200509
1960-02-05,5.160117960144003
1960-02-08,5.112941745758284
1960-02-09,5.147245413635321
1960-02-10,5.126395492446704
1960-02-11,5.108742536781183
1960-02-12,5.135849368009783
1960-02-15,5.116841020868966
1960-02-16,5.08737359700472
1960-02-17,5.119320111068932
1960-02-18,5.19560826700781
1960-02-19,5.228511378496125
1960-02-23,5.200195824563934
1960-02-24,5.176986565205268
1960-02-25,5.21350991044237
1960-02-26,5.2305461968448315
1960-02-29,5.239704010341418
1960-03-01,5.246275013886085
1960-03-02,5.210718614786741
1960-03-03,5.124181404927997
1960-03-04,5.102287557973263
1960-03-07,5.046962965142334
1960-03-08,5.002340767152587
1960-03-09,5.063756350125411
1960-03-10,5.051715950826833
1960-03-11,5.089581053724947
1960-03-14,5.098874584432405
1960-03-15,5.134042644980925
1960-03-16,5.156082838027636
1960-03-17,5.151573996362081
1960-03-18,5.153043851000077
1960-03-21,5.156546648624522
1960-03-22,5.177756839370585
1960-03-23,5.21992047117372
1960-03-24,5.244376411442612
1960-03-25,5.252522493236887
1960-03-28,5.245259319082017
1960-03-29,5.235786411483121
1960-03-30,5.231494907302513
1960-03-31,5.203984372602323
1960-04-01,5.226973545090836
1960-04-04,5.234865985481911
1960-04-05,5.268257197123682
1960-04-06,5.320104122255482
1960-04-07,5.322338466578194
1960-04-08,5.315066144162423
1960-04-11,5.300214030827756
1960-04-12,5.3179661613169475
1960-04-13,5.3180868423898255
1960-04-14,5.337914222332849
1960-04-18,5.364069854052128
1960-04-19,5.322553638794517
1960-04-20,5.257949470411026
1960-04-21,5.274380967835972
1960-04-22,5.261410327195187
1960-04-25,5.2060220572792195
1960-04-26,5.231918560476933
1960-04-27,5.232332799201309
1960-04-28,5.187738217370475
1960-04-29,5.17517375505012
1960-05-02,5.152808830027459
1960-05-03,5.21624874440874
1960-05-04,5.237035517618239
1960-05-05,5.225984979363806
1960-05-06,5.224254224422939
1960-05-09,5.2274348473852195
1960-05-10,5.204244450396847
1960-05-11,5.220744425488279
1960-05-12,5.246219612395953
1960-05-13,5.291018025353968
1960-05-16,5.281281319147674
1960-05-17,5.2984169710731965
1960-05-18,5.298921448013454
1960-05-19,5.318298075298638
1960-05-20,5.329088878005228
1960-05-23,5.324073346602714
1960-05-24,5.335443380612961
1960-05-25,5.338399950918761
1960-05-26,5.353213755461556
1960-05-27,5.370153703826429
1960-05-31,5.387811379707128
1960-06-01,5.4036623160679795
1960-06-02,5.417076432072173
1960-06-03,5.419657868620721
1960-06-06,5.4654079106675715
1960-06-07,5.506547711857582
1960-06-08,5.546571034982749
1960-06-09,5.543476610803583
1960-06-10,5.553486181028303
1960-06-13,5.562463933353344
1960-06-14,5.564577265434862
1960-06-15,5.532296246246524
1960-06-16,5.525985861544581
1960-06-17,5.521985230792483
1960-06-20,5.508414575421704
1960-06-21,5.506319321661583
1960-06-22,5.514242347224687
1960-06-23,5.539745572923243
1960-06-24,5.54473101498889
1960-06-27,5.518699721027522
1960-06-28,5.476142036375154
1960-06-29,5.474441944038871
1960-06-30,5.470622573101638
1960-07-01,5.486106154916142
1960-07-05,5.486076407000711
1960-07-06,5.474136746357669
1960-07-07,5.501432341829769
1960-07-08,5.514587310909622
1960-07-11,5.462933339619051
1960-07-12,5.398444758023388
1960-07-13,5.383568467087628
1960-07-14,5.387392717458325
1960-07-15,5.389011070692095
1960-07-18,5.353055267290742
1960-07-19,5.354620335172488
1960-07-20,5.348966887332936
1960-07-21,5.300810339227771
1960-07-22,5.272731179875908
1960-07-25,5.218957440371609
1960-07-26,5.252093349628326
1960-07-27,5.218591052563754
1960-07-28,5.26631505335783
1960-07-29,5.352414133166662
1960-08-01,5.349179451577242
1960-08-02,5.2998880072456185
1960-08-03,5.268453960177002
1960-08-04,5.289051235791322
1960-08-05,5.3399954680901045
1960-08-08,5.3478654052308014
1960-08-09,5.367170629584512
1960-08-10,5.387662401668083
1960-08-11,5.408576605897228
1960-08-12,5.445931156165193
1960-08-15,5.450365192225045
1960-08-16,5.46223177838704
1960-08-17,5.482934704250635
1960-08-18,5.487340314121012
1960-08-19,5.500334072970469
1960-08-22,5.511125671876159
1960-08-23,5.555831753830311
1960-08-24,5.587146307036371
1960-08-25,5.57184673199388
1960-08-26,5.561534861110061
1960-08-29,5.550854459258662
1960-08-30,5.494756515064674
1960-08-31,5.513825424204218
1960-09-01,5.534328789937619
1960-09-02,5.523995456780146
1960-09-06,5.476661788266206
1960-09-07,5.402971211559132
1960-09-08,5.40002478425458
1960-09-09,5.435914371341627
1960-09-12,5.399395078436109
1960-09-13,5.4069380023318985
1960-09-14,5.366023124558544
1960-09-15,5.347673754831069
1960-09-16,5.337661574479279
1960-09-19,5.213650055229926
1960-09-20,5.226626712372326
1960-09-21,5.280815126684354
1960-09-22,5.262508801173287
1960-09-23,5.219713529775043
1960-09-26,5.142315067887874
1960-09-27,5.122653206291169
1960-09-28,5.073585571203306
1960-09-29,5.081491002799595
1960-09-30,5.169902299887487
1960-10-03,5.153667073219862
1960-10-04,5.120517110333604
1960-10-05,5.145479074633497
1960-10-06,5.178621466889911
1960-10-07,5.2109323832700545
1960-10-10,5.220427690246804
1960-10-11,5.2262749496222956
1960-10-12,5.228642312667086
1960-10-13,5.266120364708018
1960-10-14,5.295229464599777
1960-10-17,5.284114207196408
1960-10-18,5.255898571301497
1960-10-19,5.244054059614097
1960-10-20,5.200861815126491
1960-10-21,5.149480775690173
1960-10-24,5.080865296089913
1960-10-25,5.043575372481705
1960-10-26,5.112765494024194
1960-10-27,5.168688516056049
1960-10-28,5.1438966281819205
1960-10-31,5.1399341462411
1960-11-01,5.188529331513188
1960-11-02,5.210311189111522
1960-11-03,5.227802546142349
1960-11-04,5.265797174823479
1960-11-07,5.289501876479242
1960-11-09,5.311096972818991
1960-11-10,5.383133525317859
1960-11-11,5.366394360908161
1960-11-14,5.347364636364409
1960-11-15,5.372235806326513
1960-11-16,5.359640852658612
1960-11-17,5.357134685695127
1960-11-18,5.3912901972443565
1960-11-21,5.410639868366513
1960-11-22,5.392988946196788
1960-11-23,5.403251657071601
1960-11-25,5.4378899765375
1960-11-28,5.4347487220433255
1960-11-29,5.424185592243508
1960-11-30,5.400563088605173
1960-12-01,5.385625337256816
1960-12-02,5.396666442267766
1960-12-05,5.394740589947866
1960-12-06,5.414611906039204
1960-12-07,5.459644590769198
1960-12-08,5.475968775011725
1960-12-09,5.519271669523753
1960-12-12,5.543814390977698
1960-12-13,5.552012649372774
1960-12-14,5.548637273309744
1960-12-15,5.5375926366004355
1960-12-16,5.582545576237401
1960-12-19,5.580602249609649
1960-12-20,5.576791108790073
1960-12-21,5.624800735531846
1960-12-22,5.601851182195216
1960-12-23,5.605403269093924
1960-12-27,5.618939518531859
1960-12-28,5.6492782865360125
1960-12-29,5.681022398042037
1960-12-30,5.680723614602033
1961-01-03,5.627930139388602
1961-01-04,5.695391144476867
1961-01-05,5.718919067165155
1961-01-06,5.706933914926119
1961-01-09,5.740626777553555
1961-01-10,5.753034539760766
1961-01-11,5.770878377524327
1961-01-12,5.791026031267483
1961-01-13,5.810559175302508
1961-01-16,5.8089264327968975
1961-01-17,5.799747187246125
1961-01-18,5.834504168483038
1961-01-19,5.849428157719869
1961-01-20,5.872254647323414
1961-01-23,5.900282671444591
1961-01-24,5.915484245007526
1961-01-25,5.922166160467408
1961-01-26,5.929162861338799
1961-01-27,5.9888588156364975
1961-01-30,6.065668704859002
1961-01-31,6.037628006781618
1961-02-01,6.049349142594295
1961-02-02,6.087516281842259
1961-02-03,6.078761869583612
1961-02-06,6.038965377775172
1961-02-07,6.037109631161077
1961-02-08,6.099228208324737
1961-02-09,6.093528412024432
1961-02-10,6.051334799741888
1961-02-13,6.018517681155094
1961-02-14,6.05460780902562
1961-02-15,6.102150990033536
1961-02-16,6.142785546467585
1961-02-17,6.130583264315326
1961-02-20,6.160512005324095
1961-02-21,6.168881444564059
1961-02-23,6.199827889564397
1961-02-24,6.224548027637297
1961-02-27,6.270995843260354
1961-02-28,6.279496758638071
1961-03-01,6.2780397639672945
1961-03-02,6.316746966403934
1961-03-03,6.328586373089264
1961-03-06,6.342257522886565
1961-03-07,6.299786424973797
1961-03-08,6.305303182784614
1961-03-09,6.314307490677718
1961-03-10,6.327381463688535
1961-03-13,6.344415318636632
1961-03-14,6.319550109980492
1961-03-15,6.340828427273017
1961-03-16,6.401926091398781
1961-03-17,6.444291913043341
1961-03-20,6.46913357417198
1961-03-21,6.462902953865257
1961-03-22,6.462943017316503
1961-03-23,6.442740832684544
1961-03-24,6.4402903844191055
1961-03-27,6.4356258806281925
1961-03-28,6.443255828965032
1961-03-29,6.492904771440406
1961-03-30,6.511785288893665
1961-04-03,6.569418855032161
1961-04-04,6.57196166741456
1961-04-05,6.5451828244509755
1961-04-06,6.561118716810645
1961-04-07,6.592510222478935
1961-04-10,6.645026577564459
1961-04-11,6.656341057447593
1961-04-12,6.617937230016872
1961-04-13,6.621780742644932
1961-04-14,6.641670146214981
1961-04-17,6.6600876711419765
1961-04-18,6.6114482728159745
1961-04-19,6.58118405229453
1961-04-20,6.592488225403963
1961-04-21,6.588480639082589
1961-04-24,6.436408925726036
1961-04-25,6.530040379522948
1961-04-26,6.562654195007754
1961-04-27,6.553873653141278
1961-04-28,6.527099068345546
1961-05-01,6.515372356761534
1961-05-02,6.566277559877827
1961-05-03,6.61855052162059
1961-05-04,6.646751497135675
1961-05-05,6.6572319703420595
1961-05-08,6.656415854862692
1961-05-09,6.669671362176479
1961-05-10,6.667530116665063
1961-05-11,6.669954802052332
1961-05-12,6.67979008048988
1961-05-15,6.719814385742324
1961-05-16,6.744970217340026
1961-05-17,6.76754455150419
1961-05-18,6.7277683170871105
1961-05-19,6.755193847341504
1961-05-22,6.703851888349322
1961-05-23,6.688160474940565
1961-05-24,6.654429533759293
1961-05-25,6.6452608885228015
1961-05-26,6.694625402580495
1961-05-31,6.696952234421174
1961-06-01,6.698056359947285
1961-06-02,6.712816628818506
1961-06-05,6.747507872006385
1961-06-06,6.727031325743266
1961-06-07,6.705349602436649
1961-06-08,6.719536252846833
1961-06-09,6.716179948336226
1961-06-12,6.66331035824166
1961-06-13,6.6275843062573365
1961-06-14,6.641544376804043
1961-06-15,6.619455202374164
1961-06-16,6.570777314899452
1961-06-19,6.513400580537906
1961-06-20,6.567491589871877
1961-06-21,6.567322007839922
1961-06-22,6.545717057356086
1961-06-23,6.5662668501563575
1961-06-26,6.505842879766494
1961-06-27,6.5058121853826005
1961-06-28,6.524731165363332
1961-06-29,6.517849227269672
1961-06-30,6.52356606435162
1961-07-03,6.57666367262769
1961-07-05,6.621427671102503
1961-07-06,6.644173741289675
1961-07-07,6.646351151794223
1961-07-10,6.638078416108046
1961-07-11,6.630707280153575
1961-07-12,6.593280282063907
1961-07-13,6.548810858087842
1961-07-14,6.595658449500392
1961-07-17,6.551078320497922
1961-07-18,6.514988560525229
1961-07-19,6.534418782898422
1961-07-20,6.540160263969502
1961-07-21,6.556689487064571
1961-07-24,6.548900939983706
1961-07-25,6.577239225460479
1961-07-26,6.635870202542125
1961-07-27,6.699393186179909
1961-07-28,6.716158490222395
1961-07-31,6.731203969854405
1961-08-01,6.788500669274751
1961-08-02,6.751803005979034
1961-08-03,6.791990664942174
1961-08-04,6.837647481959631
1961-08-07,6.844060015268331
1961-08-08,6.856095561330379
1961-08-09,6.860721870698217
1961-08-10,6.883419338721635
1961-08-11,6.906200610156123
1961-08-14,6.86962894068519
1961-08-15,6.858128923818506
1961-08-16,6.874464300639205
1961-08-17,6.911101280864382
1961-08-18,6.930591487412905
1961-08-21,6.946588684940425
1961-08-22,6.9466320418417595
1961-08-23,6.905152839256213
1961-08-24,6.865490552782964
1961-08-25,6.875404754740519
1961-08-28,6.879925103491226
1961-08-29,6.875705723186864
1961-08-30,6.913170993488551
1961-08-31,6.945435054997717
1961-09-01,6.969879348754791
1961-09-05,6.947483154993368
1961-09-06,7.001348392150451
1961-09-07,6.983012622220196
1961-09-08,6.936703324384899
1961-09-11,6.88589892708814
1961-09-12,6.955462448613669
1961-09-13,6.9602899428314275
1961-09-14,6.921999489662532
1961-09-15,6.928389611893856
1961-09-18,6.8820371791983455
1961-09-19,6.830320615601913
1961-09-20,6.861101390685709
1961-09-21,6.874595608648712
1961-09-22,6.85193600935581
1961-09-25,6.752415530402033
1961-09-26,6.766224451433937
1961-09-27,6.832747329553851
1961-09-28,6.851031311111547
1961-09-29,6.872258130605331
1961-10-02,6.879416897915048
1961-10-03,6.880195863294546
1961-10-04,6.930769218269584
1961-10-05,6.987199154555031
1961-10-06,7.016727656868896
1961-10-09,7.028006143618302
1961-10-10,7.0468690492593895
1961-10-11,7.048816375962134
1961-10-12,7.0403799147912265
1961-10-13,7.034542456043397
1961-10-16,7.009840179810358
1961-10-17,7.022312454384345
1961-10-18,7.06020399324144
1961-10-19,7.085480231169507
1961-10-20,7.089622759889597
1961-10-23,7.046663110523563
1961-10-24,7.02712764925087
1961-10-25,7.057435112873818
1961-10-26,7.0757800530888995
1961-10-27,7.061990901217229
1961-10-30,7.074353497611014
1961-10-31,7.090847655547515
1961-11-01,7.103307738593792
1961-11-02,7.133503948305037
1961-11-03,7.176190757786683
1961-11-06,7.23707827934298
1961-11-08,7.3095746110724
1961-11-09,7.310262940641313
1961-11-10,7.3517354844242195
1961-11-13,7.379933687821129
1961-11-14,7.43301805535968
1961-11-15,7.434046899395005
1961-11-16,7.437996437564355
1961-11-17,7.443353766025833
1961-11-20,7.457964502952378
1961-11-21,7.470492909120115
1961-11-22,7.464653302857731
1961-11-24,7.487488138156904
1961-11-27,7.481118689386416
1961-11-28,7.482667109604243
1961-11-29,7.471094156747547
1961-11-30,7.4350254720742175
1961-12-01,7.477644437194653
1961-12-04,7.467692310237729
1961-12-05,7.449350063451408
1961-12-06,7.463995002614122
1961-12-07,7.440735331005948
1961-12-08,7.4741556198988865
1961-12-11,7.499785982378532
1961-12-12,7.514562382738729
1961-12-13,7.499155737042111
1961-12-14,7.442871978680943
1961-12-15,7.434171065977456
1961-12-18,7.401796169474562
1961-12-19,7.361363317666995
1961-12-20,7.344421000560292
1961-12-21,7.325675082418852
1961-12-22,7.325004164404845
1961-12-26,7.3170426874089625
1961-12-27,7.3775611030515655
1961-12-28,7.382924030303033
1961-12-29,7.365723790464066
1962-01-02,7.293734136093113
1962-01-03,7.314173435053149
1962-01-04,7.247423044929389
1962-01-05,7.158003111358006
1962-01-08,7.099587694895734
1962-01-09,7.104716168085127
1962-01-10,7.0953688624538795
1962-01-11,7.1456661171036275
1962-01-12,7.172668043194902
1962-01-15,7.162443633407192
1962-01-16,7.1276738935175326
1962-01-17,7.058430303328577
1962-01-18,7.056914563249275
1962-01-19,7.0999575060074145
1962-01-22,7.09621301862161
1962-01-23,7.050181269257122
1962-01-24,7.061840136104489
1962-01-25,7.056794749051173
1962-01-26,7.031366717605703
1962-01-29,7.016016967435398
1962-01-30,7.036058234957549
1962-01-31,7.1006754047939955
1962-02-01,7.145631820182817
1962-02-02,7.1923278236144945
1962-02-05,7.209497557485557
1962-02-06,7.227981717989834
1962-02-07,7.269932121774766
1962-02-08,7.268790179819783
1962-02-09,7.267555206281534
1962-02-12,7.267282651671455
1962-02-13,7.276936760353891
1962-02-14,7.273522891462602
1962-02-15,7.316460789686088
1962-02-16,7.29837910852347
1962-02-19,7.28363355414486
1962-02-20,7.301376581697279
1962-02-21,7.263986206738842
1962-02-23,7.25265967510934
1962-02-26,7.211524205823212
1962-02-27,7.221588154684454
1962-02-28,7.237427698346854
1962-03-01,7.249193004144071
1962-03-02,7.234069181964511
1962-03-05,7.237134106034828
1962-03-06,7.21472110489612
1962-03-07,7.208257591243291
1962-03-08,7.2585024020447
1962-03-09,7.276180694106128
1962-03-12,7.263053856029268
1962-03-13,7.272001503000908
1962-03-14,7.298594394437295
1962-03-15,7.321128540661064
1962-03-16,7.311511392224433
1962-03-19,7.297992958884502
1962-03-20,7.274528277813857
1962-03-21,7.259304925450323
1962-03-22,7.249349781111578
1962-03-23,7.259632162737757
1962-03-26,7.1968966604979805
1962-03-27,7.18289995919059
1962-03-28,7.212436869746502
1962-03-29,7.213755861798189
1962-03-30,7.16186999041751
1962-04-02,7.147623797752128
1962-04-03,7.088045266496167
1962-04-04,7.040944366295918
1962-04-05,7.084701684875124
1962-04-06,7.089341644792615
1962-04-09,7.035458297833175
1962-04-10,7.057299038747909
1962-04-11,7.044358214307699
1962-04-12,6.9720476603067585
1962-04-13,6.977389764509055
1962-04-16,6.950210716862608
1962-04-17,6.989419599253694
1962-04-18,7.028463166298262
1962-04-19,7.0617759695120315
1962-04-23,7.057151333361592
1962-04-24,7.048323840812942
1962-04-25,6.970705802823741
1962-04-26,6.908551978040481
1962-04-27,6.82479275002749
1962-04-30,6.719608260680489
1962-05-01,6.78162759441604
1962-05-02,6.815300590634634
1962-05-03,6.875541119926499
1962-05-04,6.846250904069353
1962-05-07,6.828881872986079
1962-05-08,6.733636971690833
1962-05-09,6.647425926530936
1962-05-10,6.57346975956057
1962-05-11,6.479207014880667
1962-05-14,6.523107397954147
1962-05-15,6.638955491287211
1962-05-16,6.637585461096252
1962-05-17,6.610327701612633
1962-05-18,6.6042496183524815
1962-05-21,6.587668994304176
1962-05-22,6.471057588648941
1962-05-23,6.339002409229429
1962-05-24,6.277934181801443
1962-05-25,6.157409027102701
1962-05-28,5.744404871750156
1962-05-29,5.996061218392325
1962-05-31,6.167991871618202
1962-06-01,6.154731185738987
1962-06-04,5.934104726956453
1962-06-05,5.957164745696252
1962-06-06,6.044086634367892
1962-06-07,6.047239318098358
1962-06-08,6.055469266072707
1962-06-11,5.98838280591489
1962-06-12,5.833291787370754
1962-06-13,5.735671298897453
1962-06-14,5.609958864326708
1962-06-15,5.783848456420352
1962-06-18,5.757313458239479
1962-06-19,5.739405024177638
1962-06-20,5.657917995317459
1962-06-21,5.527373208677658
1962-06-22,5.43493053114747
1962-06-25,5.414647131677968
1962-06-26,5.394667182817872
1962-06-27,5.415693357851104
1962-06-28,5.603053308095958
1962-06-29,5.634845878847668
1962-07-02,5.7506303346788
1962-07-03,5.824952147442431
1962-07-05,5.8668677106029925
1962-07-06,5.8038251569432
1962-07-09,5.841713565283191
1962-07-10,5.913935306960019
1962-07-11,5.969571067363358
1962-07-12,6.002640329242146
1962-07-13,5.984824500041985
1962-07-16,5.9875762859105555
1962-07-17,5.883367137851651
1962-07-18,5.824275792998245
1962-07-19,5.8481943222072506
1962-07-20,5.88097152979708
1962-07-23,5.879882757269247
1962-07-24,5.828896834562804
1962-07-25,5.836682355069425
1962-07-26,5.862490107868891
1962-07-27,5.907413621672996
1962-07-30,5.966801298464429
1962-07-31,6.003142487180248
1962-08-01,5.962679818843863
1962-08-02,5.9787913296188355
1962-08-03,5.9895967110619655
1962-08-06,5.954565131024224
1962-08-07,5.916266409516359
1962-08-08,5.933237541555066
1962-08-09,5.925812889248833
1962-08-10,5.938288461707253
1962-08-13,5.951523298395181
1962-08-14,6.009364779302417
1962-08-15,6.056855369420077
1962-08-16,6.0544415147936865
1962-08-17,6.091253759084279
1962-08-20,6.12660552053176
1962-08-21,6.1079653705440276
1962-08-22,6.182736586298994
1962-08-23,6.173126480870935
1962-08-24,6.1623657473818305
1962-08-27,6.158750566077554
1962-08-28,6.0908592181542645
1962-08-29,6.075307673960219
1962-08-30,6.077362025524127
1962-08-31,6.128850732412108
1962-09-04,6.071789297288734
1962-09-05,6.029949367419054
1962-09-06,6.058833824544922
1962-09-07,6.057930706567105
1962-09-10,6.063432010818408
1962-09-11,6.07728419439099
1962-09-12,6.104724991988564
1962-09-13,6.090875453398108
1962-09-14,6.1089697865874575
1962-09-17,6.1260775867600845
1962-09-18,6.119470315451985
1962-09-19,6.1090938481328285
1962-09-20,6.068214350207544
1962-09-21,5.978876966698066
1962-09-24,5.872520940431649
1962-09-25,5.907803440828831
1962-09-26,5.825627270170557
1962-09-27,5.791391034074855
1962-09-28,5.8316559165033715
1962-10-01,5.752894200865029
1962-10-02,5.813069552499639
1962-10-03,5.825958612648432
1962-10-04,5.875494768835369
1962-10-05,5.913195841401335
1962-10-08,5.910505667269182
1962-10-09,5.9339990113314665
1962-10-10,5.934108426627246
1962-10-11,5.920532454524854
1962-10-12,5.911386943226627
1962-10-15,5.9414013735765225
1962-10-16,5.92294870112842
1962-10-17,5.893267083566004
1962-10-18,5.838948105730346
1962-10-19,5.760470182673707
1962-10-22,5.699621956810181
1962-10-23,5.5412256853433846
1962-10-24,5.705265945432961
1962-10-25,5.661121574433324
1962-10-26,5.644830798317776
1962-10-29,5.773525272953917
1962-10-30,5.8649144652771446
1962-10-31,5.862274193738431
1962-11-01,5.92441625587692
1962-11-02,5.988617819663254
1962-11-05,6.048905608496573
1962-11-07,6.0909333529635425
1962-11-08,6.055062762483948
1962-11-09,6.1129914434688155
1962-11-12,6.205107603080112
1962-11-13,6.1950245362884315
1962-11-14,6.273226853236472
1962-11-15,6.259511193723587
1962-11-16,6.2805657868584035
1962-11-19,6.247962416289836
1962-11-20,6.316956808308947
1962-11-21,6.3614439118138275
1962-11-23,6.418671494184856
1962-11-26,6.398947286548247
1962-11-27,6.435347536286942
1962-11-28,6.4824478766853595
1962-11-29,6.527463749884168
1962-11-30,6.516621312171821
1962-12-03,6.498780223821041
1962-12-04,6.572821657207779
1962-12-05,6.6136348038632224
1962-12-06,6.614694535682352
1962-12-07,6.639086373218185
1962-12-10,6.555178146570672
1962-12-11,6.568798214033904
1962-12-12,6.600924650022321
1962-12-13,6.583432164949049
1962-12-14,6.591021060370917
1962-12-17,6.5736832627554636
1962-12-18,6.552793093354831
1962-12-19,6.603314973950839
1962-12-20,6.634000952052133
1962-12-21,6.626958133704621
1962-12-24,6.6227116852530825
1962-12-26,6.672321432127166
1962-12-27,6.659604695795554
1962-12-28,6.661313027588368
1962-12-31,6.680181018529496
1963-01-02,6.640809449075132
1963-01-03,6.743850030734154
1963-01-04,6.7775997428539405
1963-01-07,6.777747820110172
1963-01-08,6.835150916619003
1963-01-09,6.821297719681578
1963-01-10,6.8320212869621555
1963-01-11,6.845781001778153
1963-01-14,6.877133926070227
1963-01-15,6.8761501654591495
1963-01-16,6.837731339011549
1963-01-17,6.8762198593245305
1963-01-18,6.878752035347701
1963-01-21,6.890363243969495
1963-01-22,6.906745326623972
1963-01-23,6.919577635799053
1963-01-24,6.943000467543989
1963-01-25,6.961155632180528
1963-01-28,6.996349689707264
1963-01-29,7.000027587242985
1963-01-30,6.96225950975853
1963-01-31,6.9977531428105575
1963-02-01,7.013229966481231
1963-02-04,7.003653586824847
1963-02-05,6.994202244663394
1963-02-06,7.031082665306489
1963-02-07,7.034494673114255
1963-02-08,7.0349530627885315
1963-02-11,6.99089074568677
1963-02-12,7.001240803607482
1963-02-13,7.036132615544431
1963-02-14,7.061433792887105
1963-02-15,7.069956219944703
1963-02-18,7.069984373603149
1963-02-19,7.039674772626346
1963-02-20,6.997164874925413
1963-02-21,7.012428588424078
1963-02-25,6.974095727723619
1963-02-26,6.980505070040063
1963-02-27,6.929750742405698
1963-02-28,6.8470236317433155
1963-03-01,6.827570285035361
1963-03-04,6.897534320394185
1963-03-05,6.903007421517434
1963-03-06,6.917868401241884
1963-03-07,6.967911829922729
1963-03-08,6.970403690182274
1963-03-11,6.988395495565316
1963-03-12,7.014689766134467
1963-03-13,7.0354055512535405
1963-03-14,7.006322168104267
1963-03-15,7.033273419093319
1963-03-18,7.006088494141833
1963-03-19,6.988813127625317
1963-03-20,7.044453085483653
1963-03-21,7.0410121500664795
1963-03-22,7.077414204233804
1963-03-25,7.085790553432006
1963-03-26,7.103362831044246
1963-03-27,7.124654313504608
1963-03-28,7.117315754338037
1963-03-29,7.119213016282203
1963-04-01,7.163170076009383
1963-04-02,7.1768925505975485
1963-04-03,7.239763098634594
1963-04-04,7.285099920444751
1963-04-05,7.323264370830594
1963-04-08,7.348387316654948
1963-04-09,7.345659228611797
1963-04-10,7.312979208187227
1963-04-11,7.374514408700502
1963-04-15,7.416478934316451
1963-04-16,7.413644308245671
1963-04-17,7.387612535677905
1963-04-18,7.393934689952576
1963-04-19,7.434044835663575
1963-04-22,7.442330716749173
1963-04-23,7.465947398600958
1963-04-24,7.477930462273343
1963-04-25,7.476301152455513
1963-04-26,7.455785541475341
1963-04-29,7.460858845025333
1963-04-30,7.485862402748527
1963-05-01,7.507688012024958
1963-05-02,7.544475638973027
1963-05-03,7.528584969166398
1963-05-06,7.481292962180258
1963-05-07,7.521661949261756
1963-05-08,7.59383743282397
1963-05-09,7.621069583944006
1963-05-10,7.646269987668034
1963-05-13,7.642486239437375
1963-05-14,7.614856237775466
1963-05-15,7.638789122843319
1963-05-16,7.627561617706051
1963-05-17,7.628851558930694
1963-05-20,7.598600405660204
1963-05-21,7.617348776247263
1963-05-22,7.6213898200200685
1963-05-23,7.61938963449237
1963-05-24,7.616694466867966
1963-05-27,7.616293014652991
1963-05-28,7.6403987385407195
1963-05-29,7.681071875123505
1963-05-31,7.733242328037855
1963-06-03,7.738266672329146
1963-06-04,7.730138769953324
1963-06-05,7.695856820156821
1963-06-06,7.697666522095479
1963-06-07,7.678477890493935
1963-06-10,7.630736904620567
1963-06-11,7.642847139637492
1963-06-12,7.678065202020649
1963-06-13,7.660399015854419
1963-06-14,7.661523054865698
1963-06-17,7.63248138906664
1963-06-18,7.652088299715622
1963-06-19,7.653311653943486
1963-06-20,7.640980425600334
1963-06-21,7.6698043451457885
1963-06-24,7.6753511093354305
1963-06-25,7.661066644847919
1963-06-26,7.591357289666664
1963-06-27,7.552034559403101
1963-06-28,7.595421801373197
1963-07-01,7.546484387761966
1963-07-02,7.60854530189118
1963-07-03,7.659444596584606
1963-07-05,7.6942121699878765
1963-07-08,7.643435875899202
1963-07-09,7.681425684306464
1963-07-10,7.671844287998502
1963-07-11,7.6618034638958665
1963-07-12,7.6594257770808865
1963-07-15,7.612620198184783
1963-07-16,7.607479009766618
1963-07-17,7.583105375833946
1963-07-18,7.535044903405212
1963-07-19,7.517861355480835
1963-07-22,7.464385714637584
1963-07-23,7.463905439211409
1963-07-24,7.506630665062163
1963-07-25,7.505646876787136
1963-07-26,7.538062962245357
1963-07-29,7.546110757541835
1963-07-30,7.606220386952323
1963-07-31,7.597962631685493
1963-08-01,7.590726836764494
1963-08-02,7.61674444368616
1963-08-05,7.6650058457693575
1963-08-06,7.713849490512892
1963-08-07,7.703451533735787
1963-08-08,7.716840720465955
1963-08-09,7.7575274654243245
1963-08-12,7.7688093837884935
1963-08-13,7.791595489107055
1963-08-14,7.80694581294707
1963-08-15,7.847811421146574
1963-08-16,7.860238116192457
1963-08-19,7.853589990597571
1963-08-20,7.852927260592355
1963-08-21,7.842385769709993
1963-08-22,7.874605674833779
1963-08-23,7.905906158255519
1963-08-26,7.920768879165151
1963-08-27,7.888704488200043
1963-08-28,7.957041460701866
1963-08-29,7.96727910781157
1963-08-30,8.005542699571564
1963-09-03,8.027116963971613
1963-09-04,8.025757590563991
1963-09-05,8.062879927250398
1963-09-06,8.040531295336844
1963-09-09,8.011850795462063
1963-09-10,8.060563223959146
1963-09-11,8.084309753147096
1963-09-12,8.07556619315601
1963-09-13,8.075403087710827
1963-09-16,8.066062679786661
1963-09-17,8.072471568562502
1963-09-18,8.036047686583359
1963-09-19,8.079456353176356
1963-09-20,8.088330445819457
1963-09-23,8.048242315229508
1963-09-24,8.071681069011323
1963-09-25,8.029755658753288
1963-09-26,7.953553890749661
1963-09-27,7.939446803155239
1963-09-30,7.883841238041019
1963-10-01,7.943004427073283
1963-10-02,7.9600669135288316
1963-10-03,8.009072302797799
1963-10-04,8.012470879002194
1963-10-07,7.988530471683117
1963-10-08,7.985890211754344
1963-10-09,7.943056313635852
1963-10-10,7.959069700219398
1963-10-11,7.9707662119516005
1963-10-14,7.973574408794287
1963-10-15,7.984874992227423
1963-10-16,8.07152113287233
1963-10-17,8.08872176076105
1963-10-18,8.092829953362953
1963-10-21,8.093076047522972
1963-10-22,8.051085971181008
1963-10-23,8.062044994968293
1963-10-24,8.078660575451925
1963-10-25,8.185825245156478
1963-10-28,8.237912132808859
1963-10-29,8.226457384252878
1963-10-30,8.132057718523754
1963-10-31,8.158740835084252
1963-11-01,8.13524945363634
1963-11-04,8.073098376367518
1963-11-06,8.008070367761583
1963-11-07,8.030770019364684
1963-11-08,8.072130720519743
1963-11-11,8.092017831546725
1963-11-12,8.061395619445431
1963-11-13,8.060440904052824
1963-11-14,8.016064583435028
1963-11-15,7.932775160753864
1963-11-18,7.880884769433542
1963-11-19,7.90754237844249
1963-11-20,7.965374291635344
1963-11-21,7.844813398093866
1963-11-22,7.603459075655673
1963-11-26,7.944790747415556
1963-11-27,7.928585034882091
1963-11-29,8.023514002911307
1963-12-02,8.067215351810125
1963-12-03,8.06758467153518
1963-12-04,8.087390487240175
1963-12-05,8.135794515902168
1963-12-06,8.102342165231027
1963-12-09,8.10546236289591
1963-12-10,8.104554691896665
1963-12-11,8.092455821305304
1963-12-12,8.092840097568052
1963-12-13,8.104844948051783
1963-12-16,8.115932401623523
1963-12-17,8.141011170676899
1963-12-18,8.1261417425988
1963-12-19,8.095992657580766
1963-12-20,8.07583381654801
1963-12-23,8.034842267053849
1963-12-24,8.047733239288814
1963-12-26,8.090602982042206
1963-12-27,8.10559530694302
1963-12-30,8.122065224962267
1963-12-31,8.172917264586983
1964-01-02,8.228225614539026
1964-01-03,8.235049605947841
1964-01-06,8.245878168583893
1964-01-07,8.24853290267037
1964-01-08,8.27086840678282
1964-01-09,8.29676161770165
1964-01-10,8.29624577123121
1964-01-13,8.288854732688137
1964-01-14,8.309176841988872
1964-01-15,8.329852903412673
1964-01-16,8.326518955620342
1964-01-17,8.328212646444653
1964-01-20,8.309718306643187
1964-01-21,8.33339780525026
1964-01-22,8.374999922525566
1964-01-23,8.380574863096962
1964-01-24,8.388330535261142
1964-01-27,8.377567353083808
1964-01-28,8.374510656186516
1964-01-29,8.320742165824546
1964-01-30,8.32799391127775
1964-01-31,8.360250093886073
1964-02-03,8.359870881148337
1964-02-04,8.349206930584488
1964-02-05,8.348606097102556
1964-02-06,8.373746878340645
1964-02-07,8.418031749754634
1964-02-10,8.404869682908394
1964-02-11,8.43580876137751
1964-02-12,8.468419345706085
1964-02-13,8.47355322821093
1964-02-14,8.472346351838684
1964-02-17,8.47418782799526
1964-02-18,8.472314083822445
1964-02-19,8.482481067234707
1964-02-20,8.498469618856063
1964-02-24,8.513284447770596
1964-02-25,8.516143113280668
1964-02-26,8.543662174855426
1964-02-27,8.523814236296392
1964-02-28,8.543816699038068
1964-03-02,8.567850923002618
1964-03-03,8.596147482456063
1964-03-04,8.575709067859195
1964-03-05,8.57259770587208
1964-03-06,8.60225539993712
1964-03-09,8.608643889710942
1964-03-10,8.638281877722065
1964-03-11,8.678491302251972
1964-03-12,8.695983937971691
1964-03-13,8.701901291485031
1964-03-16,8.69958052344354
1964-03-17,8.719857506072188
1964-03-18,8.727554106035852
1964-03-19,8.714050072745751
1964-03-20,8.678775016353713
1964-03-23,8.680600861387875
1964-03-24,8.66598741267744
1964-03-25,8.689126921614578
1964-03-26,8.71990318209278
1964-03-30,8.710326251799954
1964-03-31,8.693187486550903
1964-04-01,8.725616688335359
1964-04-02,8.777731529160945
1964-04-03,8.803028852028332
1964-04-06,8.816406088700994
1964-04-07,8.786736526344084
1964-04-08,8.78556201602994
1964-04-09,8.787445570169691
1964-04-10,8.814391862307875
1964-04-13,8.799965264718965
1964-04-14,8.811970158162186
1964-04-15,8.81521804701248
1964-04-16,8.820344771346797
1964-04-17,8.854738769728968
1964-04-20,8.846147769914678
1964-04-21,8.848367847350604
1964-04-22,8.844354922404557
1964-04-23,8.818302228693899
1964-04-24,8.751945416401885
1964-04-27,8.709151400173784
1964-04-28,8.768691914785752
1964-04-29,8.730922415334428
1964-04-30,8.711454860506626
1964-05-01,8.786323234461412
1964-05-04,8.83176247432571
1964-05-05,8.872925022102564
1964-05-06,8.895786903646359
1964-05-07,8.890443531997587
1964-05-08,8.878029956716343
1964-05-11,8.87569186711356
1964-05-12,8.904465250714317
1964-05-13,8.88161401857804
1964-05-14,8.871696077121426
1964-05-15,8.885018630127373
1964-05-18,8.849508583654877
1964-05-19,8.81069886645589
1964-05-20,8.86048813701589
1964-05-21,8.87049010926789
1964-05-22,8.87588933373918
1964-05-25,8.8708395043291
1964-05-26,8.858829151507177
1964-05-27,8.83889646058153
1964-05-28,8.852224697994872
1964-06-01,8.820172780587141
1964-06-02,8.776116211718724
1964-06-03,8.752007270113891
1964-06-04,8.65391969063787
1964-06-05,8.692190354241319
1964-06-08,8.645706557525004
1964-06-09,8.707437353212763
1964-06-10,8.738171409886823
1964-06-11,8.763084148361676
1964-06-12,8.760922226326342
1964-06-15,8.809763174181361
1964-06-16,8.859741243812751
1964-06-17,8.904865678061798
1964-06-18,8.900500054489676
1964-06-19,8.909848680398616
1964-06-22,8.931438078306776
1964-06-23,8.90441239642175
1964-06-24,8.919862712833371
1964-06-25,8.919934221270717
1964-06-26,8.952191224993886
1964-06-29,8.969015369998123
1964-06-30,8.99386603715714
1964-07-01,9.048206803084527
1964-07-02,9.088087087101018
1964-07-06,9.127635486125895
1964-07-07,9.141013873682297
1964-07-08,9.138615143843133
1964-07-09,9.146881824031155
1964-07-10,9.168762411907714
1964-07-13,9.16639579035623
1964-07-14,9.141911202555368
1964-07-15,9.177901491231015
1964-07-16,9.206159692835694
1964-07-17,9.248328918263457
1964-07-20,9.217367548916965
1964-07-21,9.204705934377342
1964-07-22,9.2112824639913
1964-07-23,9.205088879494149
1964-07-24,9.199454224682261
1964-07-27,9.152366390220013
1964-07-28,9.129468269814648
1964-07-29,9.14881469198246
1964-07-30,9.158125170399515
1964-07-31,9.162933645791
1964-08-03,9.135659901179654
1964-08-04,9.028154484897904
1964-08-05,9.038111651800525
1964-08-06,8.964954407000313
1964-08-07,9.017630117215262
1964-08-10,9.023957768915855
1964-08-11,9.022807131635181
1964-08-12,9.07042247466154
1964-08-13,9.105837804077101
1964-08-14,9.098264222673217
1964-08-17,9.100011340786791
1964-08-18,9.10685954076156
1964-08-19,9.096469522436294
1964-08-20,9.05735255525671
1964-08-21,9.076412622926641
1964-08-24,9.05758188682707
1964-08-25,9.013482063198603
1964-08-26,8.994576670012984
1964-08-27,9.041627157421292
1964-08-28,9.086757803100657
1964-08-31,9.060293113636464
1964-09-01,9.110092999422708
1964-09-02,9.127085656120938
1964-09-03,9.158926017819471
1964-09-04,9.176893371164631
1964-09-08,9.190808410922136
1964-09-09,9.219261352679334
1964-09-10,9.236746855163542
1964-09-11,9.264184851281513
1964-09-14,9.255635445401547
1964-09-15,9.236321209852298
1964-09-16,9.256605804985256
1964-09-17,9.315983246424482
1964-09-18,9.279552121355692
1964-09-21,9.323521918949886
1964-09-22,9.323503316586653
1964-09-23,9.326053452514534
1964-09-24,9.33737060547811
1964-09-25,9.353550711606097
1964-09-28,9.362062881105757
1964-09-29,9.359433283239103
1964-09-30,9.35232743309464
1964-10-01,9.344925218608287
1964-10-02,9.362474442863624
1964-10-05,9.407182936737708
1964-10-06,9.4245556361878
1964-10-07,9.424182521385585
1964-10-08,9.450481167224082
1964-10-09,9.467045551823256
1964-10-12,9.473997011716703
1964-10-13,9.446169661153592
1964-10-14,9.42706982827341
1964-10-15,9.360120834124473
1964-10-16,9.427974330978822
1964-10-19,9.442326064317966
1964-10-20,9.477144712424074
1964-10-21,9.469083322858342
1964-10-22,9.454543095850637
1964-10-23,9.480723082249265
1964-10-26,9.45976455285224
1964-10-27,9.45727936816874
1964-10-28,9.421011601973667
1964-10-29,9.42222829314794
1964-10-30,9.440336030612379
1964-11-02,9.484680980850749
1964-11-04,9.488076206152178
1964-11-05,9.48907474583683
1964-11-06,9.505213624305165
1964-11-09,9.495690945737955
1964-11-10,9.45681240874029
1964-11-11,9.497101060212401
1964-11-12,9.523236297991772
1964-11-13,9.538557743814765
1964-11-16,9.57820328445928
1964-11-17,9.6282543689375
1964-11-18,9.649424265423177
1964-11-19,9.65609131154854
1964-11-20,9.665972965806073
1964-11-23,9.653934114159044
1964-11-24,9.621492222942312
1964-11-25,9.59321031786407
1964-11-27,9.561585462342338
1964-11-30,9.474017250507487
1964-12-01,9.371021783831782
1964-12-02,9.404312144751103
1964-12-03,9.44410501792537
1964-12-04,9.456844915972091
1964-12-07,9.460340108775435
1964-12-08,9.427108062616465
1964-12-09,9.373469745977358
1964-12-10,9.36749793707079
1964-12-11,9.382767050203068
1964-12-14,9.3565391240031
1964-12-15,9.32107824760534
1964-12-16,9.356331790467733
1964-12-17,9.392873703979303
1964-12-18,9.438673802551884
1964-12-21,9.450998606964669
1964-12-22,9.453193350077894
1964-12-23,9.441076378851761
1964-12-24,9.444942307544435
1964-12-28,9.437007769211428
1964-12-29,9.41136522243026
1964-12-30,9.471303700450225
1964-12-31,9.520403972405864
1965-01-04,9.471961215289035
1965-01-05,9.524639682534918
1965-01-06,9.55983660144946
1965-01-07,9.599527418331181
1965-01-08,9.61839867087252
1965-01-11,9.629993329625943
1965-01-12,9.662982307107564
1965-01-13,9.698122465184607
1965-01-14,9.700091258172126
1965-01-15,9.735346782724271
1965-01-18,9.760248397809388
1965-01-19,9.774107964120747
1965-01-20,9.774614369296533
1965-01-21,9.76799129983667
1965-01-22,9.797869909334636
1965-01-25,9.819469438924736
1965-01-26,9.83039549209623
1965-01-27,9.85899079223665
1965-01-28,9.889365008117958
1965-01-29,9.90998705397732
1965-02-01,9.91574659648718
1965-02-02,9.922439717799595
1965-02-03,9.935318855614888
1965-02-04,9.948356009087316
1965-02-05,9.92848773871666
1965-02-08,9.90168548086381
1965-02-09,9.93437998532962
1965-02-10,9.850309556476834
1965-02-11,9.76698882653937
1965-02-12,9.827274651915458
1965-02-15,9.825940326160033
1965-02-16,9.788487698639834
1965-02-17,9.806740276732977
1965-02-18,9.843663681124408
1965-02-19,9.864464380264105
1965-02-23,9.911790676412458
1965-02-24,9.96904295985929
1965-02-25,9.977473020251466
1965-02-26,10.008500354302418
1965-03-01,10.003955403673288
1965-03-02,10.023826252056173
1965-03-03,10.029120439228025
1965-03-04,10.000009960006533
1965-03-05,9.984718410776274
1965-03-08,9.997977199465183
1965-03-09,9.989620213741505
1965-03-10,9.987441348839678
1965-03-11,10.03112959699402
1965-03-12,10.062965547639381
1965-03-15,10.065630275132342
1965-03-16,10.044172288752334
1965-03-17,10.030781427330313
1965-03-18,10.014246958804238
1965-03-19,10.01821434860251
1965-03-22,10.014553204269943
1965-03-23,10.022113113997577
1965-03-24,10.040571142779418
1965-03-25,10.012735309904135
1965-03-26,9.93755380608016
1965-03-29,9.905978069567912
1965-03-30,9.929634580734252
1965-03-31,9.932476810114364
1965-04-01,9.950217296152637
1965-04-02,9.977696469938653
1965-04-05,9.992968108213713
1965-04-06,9.990594994927507
1965-04-07,9.99972645562817
1965-04-08,10.065809437333865
1965-04-09,10.13166973170247
1965-04-12,10.183658038060473
1965-04-13,10.204998092644383
1965-04-14,10.224140760819518
1965-04-15,10.21854242426343
1965-04-19,10.273102049713646
1965-04-20,10.259986217767448
1965-04-21,10.22165706996474
1965-04-22,10.262207939313425
1965-04-23,10.280305881748674
1965-04-26,10.281976231022966
1965-04-27,10.304725405564863
1965-04-28,10.30258737881945
1965-04-29,10.303542802584857
1965-04-30,10.320350112862329
1965-05-03,10.328427361034453
1965-05-04,10.365167908453355
1965-05-05,10.377085687372043
1965-05-06,10.406380409812385
1965-05-07,10.407567639986434
1965-05-10,10.396939889280608
1965-05-11,10.38581188348947
1965-05-12,10.422269902545182
1965-05-13,10.456908238380931
1965-05-14,10.432348703041356
1965-05-17,10.369523664180258
1965-05-18,10.356236895149177
1965-05-19,10.368966634270452
1965-05-20,10.29628181690329
1965-05-21,10.258331553402947
1965-05-24,10.181837614291195
1965-05-25,10.246589830670304
1965-05-26,10.215735346585499
1965-05-27,10.150610037928296
1965-05-28,10.224065071864446
1965-06-01,10.140506030061893
1965-06-02,10.065287060671414
1965-06-03,10.042079812814164
1965-06-04,10.05643912289555
1965-06-07,10.028680886456588
1965-06-08,9.916155459297624
1965-06-09,9.813765972915819
1965-06-10,9.765092838317443
1965-06-11,9.805908415771928
1965-06-14,9.668329328458219
1965-06-15,9.72933278483652
1965-06-16,9.8174095760018
1965-06-17,9.872968673518931
1965-06-18,9.837632286327855
1965-06-21,9.800250211353106
1965-06-22,9.806045452541271
1965-06-23,9.743521518076456
1965-06-24,9.61352828637053
1965-06-25,9.558424845775292
1965-06-28,9.377697560992836
1965-06-29,9.45377583013586
1965-06-30,9.66281505674228
1965-07-01,9.715727063507124
1965-07-02,9.797023396333378
1965-07-06,9.782953781887517
1965-07-07,9.746473817119025
1965-07-08,9.826426910612506
1965-07-09,9.870888019777421
1965-07-12,9.872286143415032
1965-07-13,9.858416833752246
1965-07-14,9.882373821544
1965-07-15,9.874944969476532
1965-07-16,9.87810986844745
1965-07-19,9.868944376784814
1965-07-20,9.738589605063295
1965-07-21,9.678579368027936
1965-07-22,9.65855748527038
1965-07-23,9.684321961256433
1965-07-26,9.682541872927267
1965-07-27,9.668205425011946
1965-07-28,9.684519346711015
1965-07-29,9.752461929657152
1965-07-30,9.822092781454813
1965-08-02,9.842485888915858
1965-08-03,9.860793766547411
1965-08-04,9.909767407405372
1965-08-05,9.915225884091575
1965-08-06,9.953402907795427
1965-08-09,9.949169791651205
1965-08-10,9.954701080496946
1965-08-11,9.993335611803245
1965-08-12,10.0368625123355
1965-08-13,10.088525655788082
1965-08-16,10.094045971836191
1965-08-17,10.103173042283274
1965-08-18,10.112151100869449
1965-08-19,10.077839947360966
1965-08-20,10.078440648796565
1965-08-23,10.077524544244842
1965-08-24,10.122217291346919
1965-08-25,10.128110518350294
1965-08-26,10.165748268184968
1965-08-27,10.181530902319077
1965-08-30,10.191680653317729
1965-08-31,10.192601986845958
1965-09-01,10.201862834327459
1965-09-02,10.265193140011942
1965-09-03,10.317120595159748
1965-09-07,10.351247948716377
1965-09-08,10.36986256876072
1965-09-09,10.392259069332033
1965-09-10,10.411876009962446
1965-09-13,10.447618406533797
1965-09-14,10.394514035270776
1965-09-15,10.441992386633943
1965-09-16,10.499055257294376
1965-09-17,10.507248803292253
1965-09-20,10.51276569226425
1965-09-21,10.481909517901915
1965-09-22,10.543882494502652
1965-09-23,10.503215220981192
1965-09-24,10.531594455088033
1965-09-27,10.601889071075199
1965-09-28,10.578018750578075
1965-09-29,10.52203917379726
1965-09-30,10.509988387427489
1965-10-01,10.495263663879205
1965-10-04,10.525521028987699
1965-10-05,10.585256131279403
1965-10-06,10.583850361260975
1965-10-07,10.578291779219985
1965-10-08,10.646928142370669
1965-10-11,10.719641727094066
1965-10-12,10.718624458644806
1965-10-13,10.721529848434578
1965-10-14,10.705890846194718
1965-10-15,10.738101717909787
1965-10-18,10.772360303404383
1965-10-19,10.775058021067554
1965-10-20,10.783979147885958
1965-10-21,10.799595449975646
1965-10-22,10.787329384481458
1965-10-25,10.72733283718516
1965-10-26,10.771490932032766
1965-10-27,10.823706447527774
1965-10-28,10.78768042653743
1965-10-29,10.818664900574367
1965-11-01,10.809054152283442
1965-11-03,10.818702932305714
1965-11-04,10.853276945012148
1965-11-05,10.871483922431672
1965-11-08,10.848431834217196
1965-11-09,10.816478525366831
1965-11-10,10.815381569578514
1965-11-11,10.850697403373957
1965-11-12,10.921555460244713
1965-11-15,10.947426697410725
1965-11-16,10.942521049805514
1965-11-17,10.939554783578087
1965-11-18,10.908770619654645
1965-11-19,10.920483142856797
1965-11-22,10.87821470391952
1965-11-23,10.900499689105828
1965-11-24,10.923266857442657
1965-11-26,10.964393065979655
1965-11-29,10.96119392735716
1965-11-30,10.951446095946277
1965-12-01,10.956640778859924
1965-12-02,10.942474764541592
1965-12-03,10.954088756416597
1965-12-06,10.85902205298791
1965-12-07,10.975608578843705
1965-12-08,10.984750756324267
1965-12-09,11.022504221659124
1965-12-10,11.052266258301804
1965-12-13,11.073501801172329
1965-12-14,11.083522165376245
1965-12-15,11.098288739120573
1965-12-16,11.14088211615483
1965-12-17,11.154948026333695
1965-12-20,11.103415247601735
1965-12-21,11.139810189073081
1965-12-22,11.137925417645254
1965-12-23,11.110702707563178
1965-12-27,11.044333671090781
1965-12-28,11.032300792329398
1965-12-29,11.063847876824083
1965-12-30,11.101399961780116
1965-12-31,11.136923040941106
1966-01-03,11.11243130998675
1966-01-04,11.123787082576559
1966-01-05,11.182796209171492
1966-01-06,11.2005615880529
1966-01-07,11.213942317088495
1966-01-10,11.256264633410876
1966-01-11,11.284605061162585
1966-01-12,11.27779623798691
1966-01-13,11.308530583154742
1966-01-14,11.331913831448814
1966-01-17,11.375062623334852
1966-01-18,11.401471978517872
1966-01-19,11.359625358215167
1966-01-20,11.335815660826345
1966-01-21,11.350278174333022
1966-01-24,11.385846942061194
1966-01-25,11.422136808306455
1966-01-26,11.4206801015466
1966-01-27,11.43020290229055
1966-01-28,11.402646748270795
1966-01-31,11.338895183917028
1966-02-01,11.2327371215277
1966-02-02,11.277883186488298
1966-02-03,11.30107186429787
1966-02-04,11.375052086647164
1966-02-07,11.425263554827877
1966-02-08,11.439240544463656
1966-02-09,11.530382079071321
1966-02-10,11.533722398273019
1966-02-11,11.557681575246088
1966-02-14,11.552990514636553
1966-02-15,11.5104301223027
1966-02-16,11.51796591511635
1966-02-17,11.456171707665806
1966-02-18,11.427564218339798
1966-02-21,11.361177270049259
1966-02-23,11.313998573115292
1966-02-24,11.267551824989116
1966-02-25,11.318342199537033
1966-02-28,11.358096995075302
1966-03-01,11.206442087772741
1966-03-02,11.080190546029042
1966-03-03,11.136806425951628
1966-03-04,11.0930596867615
1966-03-07,10.927137121207116
1966-03-08,10.923485868869172
1966-03-09,11.03396289743307
1966-03-10,11.02172831809779
1966-03-11,11.001085204295554
1966-03-14,10.869154677456523
1966-03-15,10.765167874527943
1966-03-16,10.82879705901393
1966-03-17,10.87620438619952
1966-03-18,10.943185356617017
1966-03-21,11.072836158862337
1966-03-22,11.10704768116025
1966-03-23,11.07849406179883
1966-03-24,11.1111001250772
1966-03-25,11.170370481528025
1966-03-28,11.205349162768265
1966-03-29,11.157763763649605
1966-03-30,11.055699658293893
1966-03-31,11.126657588281516
1966-04-01,11.229409034648262
1966-04-04,11.34664425380881
1966-04-05,11.419877198574431
1966-04-06,11.451474670239602
1966-04-07,11.514613073567448
1966-04-11,11.557948886514223
1966-04-12,11.530473181447046
1966-04-13,11.557380999415173
1966-04-14,11.607726005215817
1966-04-15,11.608621567935911
1966-04-18,11.537764662566516
1966-04-19,11.546033886618266
1966-04-20,11.603155494928625
1966-04-21,11.636683301869532
1966-04-22,11.604073205944925
1966-04-25,11.567239452675167
1966-04-26,11.5732325238975
1966-04-27,11.53634832554335
1966-04-28,11.446665138957261
1966-04-29,11.465466417221784
1966-05-02,11.452708344170539
1966-05-03,11.308814102757363
1966-05-04,11.239554874241955
1966-05-05,11.006994418700263
1966-05-06,10.979725855854976
1966-05-09,10.770193554155968
1966-05-10,10.876987819046649
1966-05-11,10.9016579836515
1966-05-12,10.739984235423975
1966-05-13,10.62602926261272
1966-05-16,10.446101543754759
1966-05-17,10.335252459391462
1966-05-18,10.550334596936853
1966-05-19,10.54348248830171
1966-05-20,10.604603840942879
1966-05-23,10.700758353548633
1966-05-24,10.788992284624644
1966-05-25,10.841113484938498
1966-05-26,10.846969798482242
1966-05-27,10.883684881405157
1966-05-31,10.743607053641345
1966-06-01,10.749475223519145
1966-06-02,10.736267940433404
1966-06-03,10.741163202336542
1966-06-06,10.653217044503153
1966-06-07,10.57550181135275
1966-06-08,10.61591742844515
1966-06-09,10.736396984108135
1966-06-10,10.875413819933678
1966-06-13,10.919474593199938
1966-06-14,10.973760696306998
1966-06-15,10.935295724950274
1966-06-16,10.939898472697225
1966-06-17,10.960417861810399
1966-06-20,10.963066439721995
1966-06-21,11.018069308133173
1966-06-22,11.037015989990808
1966-06-23,10.969769122650268
1966-06-24,10.961678769754295
1966-06-27,10.870015973858958
1966-06-28,10.83922566164497
1966-06-29,10.705350752704407
1966-06-30,10.695570566078722
1966-07-01,10.8138347629368
1966-07-05,10.816108596331667
1966-07-06,10.973284445427607
1966-07-07,11.013930109467632
1966-07-08,11.033781599854795
1966-07-11,11.02018794754929
1966-07-12,10.965904354485865
1966-07-13,10.888386353824393
1966-07-14,10.958921466087709
1966-07-15,10.995359933783158
1966-07-18,10.969299839899904
1966-07-19,10.874011308054413
1966-07-20,10.781631586159016
1966-07-21,10.792923375292755
1966-07-22,10.792818086511828
1966-07-25,10.548002766732063
1966-07-26,10.529307543580371
1966-07-27,10.588907350665268
1966-07-28,10.548086801572763
1966-07-29,10.534757787301562
1966-08-01,10.35022787469839
1966-08-02,10.358999618759626
1966-08-03,10.485700451086494
1966-08-04,10.591955325737988
1966-08-05,10.600310870686423
1966-08-08,10.593247089275803
1966-08-09,10.582548167407603
1966-08-10,10.534099711039989
1966-08-11,10.548945107720257
1966-08-12,10.60320152953991
1966-08-15,10.557862571525089
1966-08-16,10.422788478209476
1966-08-17,10.375875096585077
1966-08-18,10.240136258982542
1966-08-19,10.166536793643122
1966-08-22,9.974012601900919
1966-08-23,9.980602779314035
1966-08-24,10.085950490629983
1966-08-25,9.945947933633903
1966-08-26,9.683254070608672
1966-08-29,9.404470414998825
1966-08-30,9.614073121194348
1966-08-31,9.74901694067266
1966-09-01,9.793557320272958
1966-09-02,9.755519333024798
1966-09-06,9.69858992720692
1966-09-07,9.601157931124412
1966-09-08,9.559266070902373
1966-09-09,9.6066323081397
1966-09-12,9.803163334019793
1966-09-13,9.857414407871985
1966-09-14,9.938849900226224
1966-09-15,10.046850385795356
1966-09-16,10.025214232957225
1966-09-19,9.959532740037815
1966-09-20,9.882918516712397
1966-09-21,9.706117473905126
1966-09-22,9.747911346331158
1966-09-23,9.720878468221084
1966-09-26,9.763365186378882
1966-09-27,9.808349970952941
1966-09-28,9.669963225183098
1966-09-29,9.55586348526205
1966-09-30,9.59891872788722
1966-10-03,9.36574462026265
1966-10-04,9.368008141977212
1966-10-05,9.302673902701855
1966-10-06,9.18294804144189
1966-10-07,9.029007095140782
1966-10-10,9.248400656491455
1966-10-11,9.270785241473693
1966-10-12,9.511719959559018
1966-10-13,9.520188193885957
1966-10-14,9.506567827884874
1966-10-17,9.614492025952922
1966-10-18,9.767376319813705
1966-10-19,9.704332098686558
1966-10-20,9.680667595703522
1966-10-21,9.712257602186472
1966-10-24,9.73113786836774
1966-10-25,9.790994641289116
1966-10-26,9.864202087055498
1966-10-27,9.94221679348174
1966-10-28,9.943559685854376
1966-10-31,9.937799586119016
1966-11-01,10.021614295779058
1966-11-02,10.036024193414404
1966-11-03,10.00651364119339
1966-11-04,10.042322442913216
1966-11-07,10.047278890819385
1966-11-09,10.13202088241823
1966-11-10,10.195702016471017
1966-11-11,10.20427184864701
1966-11-14,10.151365723570967
1966-11-15,10.206646074859648
1966-11-16,10.31187400799354
1966-11-17,10.231638564626842
1966-11-18,10.16865027355301
1966-11-21,10.02347394308273
1966-11-22,9.988582435615765
1966-11-23,10.089261609760317
1966-11-25,10.196940424178868
1966-11-28,10.207454873175779
1966-11-29,10.19711254361898
1966-11-30,10.222922890476523
1966-12-01,10.17755414985686
1966-12-02,10.181833831817293
1966-12-05,10.205235842727374
1966-12-06,10.28425719622934
1966-12-07,10.40359090391202
1966-12-08,10.429301920995341
1966-12-09,10.430802386388466
1966-12-12,10.538290361148135
1966-12-13,10.511826097852865
1966-12-14,10.517596731415553
1966-12-15,10.399624062978662
1966-12-16,10.409341301181462
1966-12-19,10.399603792203147
1966-12-20,10.36158726263699
1966-12-21,10.416172684800001
1966-12-22,10.457355724240353
1966-12-23,10.426376154348198
1966-12-27,10.366269752470258
1966-12-28,10.322285004725856
1966-12-29,10.28249209504668
1966-12-30,10.280855281608495
1967-01-03,10.281040914077517
1967-01-04,10.291931471509534
1967-01-05,10.422262255539662
1967-01-06,10.511990272402189
1967-01-09,10.615081988371264
1967-01-10,10.617525284499761
1967-01-11,10.707721590930966
1967-01-12,10.763796592601725
1967-01-13,10.841463401325836
1967-01-16,10.814848097642821
1967-01-17,10.938116267258986
1967-01-18,11.000922236857896
1967-01-19,11.005368019584868
1967-01-20,11.055209385278461
1967-01-23,11.102265001482383
1967-01-24,11.155421987237617
1967-01-25,11.074017985232386
1967-01-26,11.08311986766233
1967-01-27,11.134405515155688
1967-01-30,11.18811429178591
1967-01-31,11.175257894822682
1967-02-01,11.144698922760822
1967-02-02,11.176663530825275
1967-02-03,11.24192752341253
1967-02-06,11.227051780440567
1967-02-07,11.205504912524662
1967-02-08,11.321712030539208
1967-02-09,11.295875642446967
1967-02-10,11.323931935335569
1967-02-13,11.358601280371445
1967-02-14,11.464363484996905
1967-02-15,11.480135160884343
1967-02-16,11.42732254995938
1967-02-17,11.438954413864439
1967-02-20,11.395614092728987
1967-02-21,11.406335960905938
1967-02-23,11.415220231681122
1967-02-24,11.43505844999203
1967-02-27,11.290663893401604
1967-02-28,11.39507752125126
1967-03-01,11.543973112286636
1967-03-02,11.60129349421189
1967-03-03,11.619123300296577
1967-03-06,11.61205393408189
1967-03-07,11.648209738233183
1967-03-08,11.667563896621992
1967-03-09,11.710708486350995
1967-03-10,11.742729737304686
1967-03-13,11.68542561671193
1967-03-14,11.649469461049419
1967-03-15,11.75747467212188
1967-03-16,11.864533375552838
1967-03-17,11.877931707671463
1967-03-20,11.85497212858886
1967-03-21,11.822514794740604
1967-03-22,11.848770279633099
1967-03-23,11.93232646334488
1967-03-27,11.936065226083663
1967-03-28,11.944680718420841
1967-03-29,11.938046340067858
1967-03-30,11.955543123165612
1967-03-31,11.87981114844979
1967-04-03,11.717161478272505
1967-04-04,11.727074722679212
1967-04-05,11.81559318649063
1967-04-06,11.848192196964504
1967-04-07,11.770935929724786
1967-04-10,11.618858325019099
1967-04-11,11.7230265858417
1967-04-12,11.704223154021651
1967-04-13,11.797225896216975
1967-04-14,11.908553837831885
1967-04-17,11.972531701847462
1967-04-18,12.065666537611378
1967-04-19,12.082290397501298
1967-04-20,12.107734280966142
1967-04-21,12.140635299179609
1967-04-24,12.182921226784556
1967-04-25,12.25444908993179
1967-04-26,12.246988317487912
1967-04-27,12.379767018939146
1967-04-28,12.37944934337968
1967-05-01,12.366407507947638
1967-05-02,12.361875295562005
1967-05-03,12.39145687858667
1967-05-04,12.419004044113525
1967-05-05,12.425665156416093
1967-05-08,12.431672751387328
1967-05-09,12.292377190531532
1967-05-10,12.28982772448024
1967-05-11,12.341479725068737
1967-05-12,12.318952820387556
1967-05-15,12.21873925260633
1967-05-16,12.312358240960515
1967-05-17,12.28505022333265
1967-05-18,12.267788708919065
1967-05-19,12.221517667880482
1967-05-22,12.183368023334673
1967-05-23,12.142669933607834
1967-05-24,11.988399129604138
1967-05-25,12.109168825182154
1967-05-26,12.089270293525823
1967-05-29,12.042090423130455
1967-05-31,11.834122195847865
1967-06-01,11.992903578257899
1967-06-02,11.940209684410087
1967-06-05,11.741479630539654
1967-06-06,11.998439091381146
1967-06-07,12.10634585472805
1967-06-08,12.175309298260036
1967-06-09,12.212737405563729
1967-06-12,12.304086605844514
1967-06-13,12.378600800223037
1967-06-14,12.37030767867482
1967-06-15,12.40280744983496
1967-06-16,12.408621720845492
1967-06-19,12.430461275396569
1967-06-20,12.451387853304343
1967-06-21,12.424231446484217
1967-06-22,12.40484428623758
1967-06-23,12.417587074174277
1967-06-26,12.383986535128194
1967-06-27,12.334433385296661
1967-06-28,12.352414413757723
1967-06-29,12.283766979276539
1967-06-30,12.268928134905332
1967-07-03,12.314661984597542
1967-07-05,12.382825781708815
1967-07-06,12.376671998832776
1967-07-07,12.451864695534011
1967-07-10,12.515752797525979
1967-07-11,12.573960397970692
1967-07-12,12.571639904092322
1967-07-13,12.580401561637323
1967-07-14,12.620845656862066
1967-07-17,12.631963632117884
1967-07-18,12.699367775607326
1967-07-19,12.708696843086493
1967-07-20,12.715000996609673
1967-07-21,12.701663320711836
1967-07-24,12.645894838468264
1967-07-25,12.658999493439048
1967-07-26,12.724257472718898
1967-07-27,12.786591114850793
1967-07-28,12.815733447198273
1967-07-31,12.85301525858707
1967-08-01,12.942447668920964
1967-08-02,12.989093491243414
1967-08-03,12.968293060899164
1967-08-04,13.000581618034797
1967-08-07,12.979228384121669
1967-08-08,12.979389474103774
1967-08-09,12.99281757259745
1967-08-10,12.947573482246899
1967-08-11,12.87754671323292
1967-08-14,12.806756911650618
1967-08-15,12.819137061903481
1967-08-16,12.793250103288065
1967-08-17,12.8024625801448
1967-08-18,12.830079509501008
1967-08-21,12.778428551314068
1967-08-22,12.717871404075417
1967-08-23,12.720044510619019
1967-08-24,12.651534062335374
1967-08-25,12.595006391205166
1967-08-28,12.596131811808396
1967-08-29,12.644524500347561
1967-08-30,12.689887616972054
1967-08-31,12.787478367121617
1967-09-01,12.814797497159594
1967-09-05,12.89014614268821
1967-09-06,12.918994607046098
1967-09-07,12.911496467034896
1967-09-08,12.925214862183728
1967-09-11,12.96287355828802
1967-09-12,13.03750500535189
1967-09-13,13.127529004904433
1967-09-14,13.096515197468914
1967-09-15,13.113592894045224
1967-09-18,13.134105889475473
1967-09-19,13.07861876998684
1967-09-20,13.083027672184604
1967-09-21,13.208948542904482
1967-09-22,13.244071008986733
1967-09-25,13.297403921046833
1967-09-26,13.162015800419253
1967-09-27,13.186128323505452
1967-09-28,13.199105515279323
1967-09-29,13.197713784859753
1967-10-02,13.141423842093213
1967-10-03,13.193679205248701
1967-10-04,13.180033660985652
1967-10-05,13.207147517635713
1967-10-06,13.309978060290666
1967-10-09,13.320954065721985
1967-10-10,13.206040072135938
1967-10-11,13.166263215345618
1967-10-12,13.104222653957388
1967-10-13,13.15405080831074
1967-10-16,13.06354569717475
1967-10-17,13.04241837689114
1967-10-18,13.108601781878445
1967-10-19,13.14229468653103
1967-10-20,13.159850706842036
1967-10-23,13.098482051527201
1967-10-24,13.037178024784877
1967-10-25,13.089616002719671
1967-10-26,13.196915439515475
1967-10-27,13.2004609770185
1967-10-30,13.17767181357586
1967-10-31,13.062554742207169
1967-11-01,12.896455183783353
1967-11-02,12.809664921996609
1967-11-03,12.756161480862351
1967-11-06,12.7254966821315
1967-11-08,12.65398594076991
1967-11-09,12.713693682064635
1967-11-10,12.800303621774761
1967-11-13,12.747719803852892
1967-11-14,12.646033298777354
1967-11-15,12.762223061695874
1967-11-16,12.967291874741305
1967-11-17,13.033837523071965
1967-11-20,12.792517809160783
1967-11-21,13.098754705828194
1967-11-22,13.162372391991616
1967-11-24,13.201366192452726
1967-11-27,13.24467646391064
1967-11-28,13.284969208922734
1967-11-29,13.273604801897516
1967-11-30,13.212245050650841
1967-12-01,13.305710137421565
1967-12-04,13.453077160833745
1967-12-05,13.445534900686049
1967-12-06,13.49177261840893
1967-12-07,13.484303517297624
1967-12-08,13.488207697972653
1967-12-11,13.4709835920599
1967-12-12,13.47118304312845
1967-12-13,13.54492000273961
1967-12-14,13.565733905813497
1967-12-15,13.45423810814193
1967-12-18,13.338129505697127
1967-12-19,13.32761063510668
1967-12-20,13.427511282601072
1967-12-21,13.44240565255333
1967-12-22,13.386863536259899
1967-12-26,13.415929237726463
1967-12-27,13.521115141049714
1967-12-28,13.498399739240314
1967-12-29,13.58354184197056
1968-01-02,13.452321194569844
1968-01-03,13.302897423567819
1968-01-04,13.207987715776907
1968-01-05,13.273496339673411
1968-01-08,13.338512427869249
1968-01-09,13.316309063285662
1968-01-10,13.378456879032653
1968-01-11,13.4412509426732
1968-01-12,13.492342284937719
1968-01-15,13.50147549686529
1968-01-16,13.413552063400203
1968-01-17,13.426202915435566
1968-01-18,13.44024519038076
1968-01-19,13.379696775179173
1968-01-22,13.174030031723506
1968-01-23,13.152201550041362
1968-01-24,13.095812942361324
1968-01-25,13.125663660605866
1968-01-26,13.165419813633736
1968-01-29,13.13933467551053
1968-01-30,13.064559781782302
1968-01-31,12.923276470816681
1968-02-01,12.975021024638513
1968-02-02,12.909693117504569
1968-02-05,12.858551666255893
1968-02-06,12.876076136529141
1968-02-07,12.910647663510353
1968-02-08,12.701003606284951
1968-02-09,12.534810980315255
1968-02-13,12.427895661954938
1968-02-14,12.643002981245264
1968-02-15,12.648662648040453
1968-02-16,12.561094464226851
1968-02-19,12.646352953572944
1968-02-20,12.776939619252195
1968-02-21,12.8351945752534
1968-02-23,12.715247178068108
1968-02-26,12.614465722991044
1968-02-27,12.701141432093534
1968-02-28,12.627337091274782
1968-02-29,12.497022035069643
1968-03-01,12.433534959544446
1968-03-04,12.208713088726814
1968-03-05,12.182629282466532
1968-03-06,12.434798163295172
1968-03-07,12.419079133187138
1968-03-08,12.399720494372906
1968-03-11,12.597200592182434
1968-03-12,12.638141646462616
1968-03-13,12.614775830631856
1968-03-14,12.345200775123839
1968-03-15,12.45428580553248
1968-03-18,12.542708266546445
1968-03-19,12.462272976629748
1968-03-20,12.474032143431687
1968-03-21,12.3683475079958
1968-03-22,12.389924226035372
1968-03-25,12.37521842770072
1968-03-26,12.481203667900722
1968-03-27,12.615449282802155
1968-03-28,12.62792225250111
1968-03-29,12.725177852741679
1968-04-01,13.05166160047532
1968-04-02,13.117227761920095
1968-04-03,13.274066162057567
1968-04-04,13.298834046918602
1968-04-05,13.202189215594625
1968-04-08,13.463344091742119
1968-04-10,13.600088279844925
1968-04-11,13.711289259235182
1968-04-15,13.727158649638623
1968-04-16,13.772260283469077
1968-04-17,13.831319521187423
1968-04-18,13.872463932957812
1968-04-19,13.663395684788561
1968-04-22,13.609376491319278
1968-04-23,13.84946631214576
1968-04-24,13.882219569072538
1968-04-25,13.939234795411164
1968-04-26,14.000380498408049
1968-04-29,14.057957489899012
1968-04-30,14.09620223869961
1968-05-01,14.162057114583689
1968-05-02,14.241921229241814
1968-05-03,14.239999404464234
1968-05-06,14.226909523880376
1968-05-07,14.290110806376363
1968-05-08,14.315522482390309
1968-05-09,14.247150589269724
1968-05-10,14.307849822827768
1968-05-13,14.286833442562571
1968-05-14,14.296678313028604
1968-05-15,14.298550701731987
1968-05-16,14.237258386262267
1968-05-17,14.167399523650055
1968-05-20,14.10694601134695
1968-05-21,14.209824229057613
1968-05-22,14.264399629812273
1968-05-23,14.2685429474045
1968-05-24,14.315405008953453
1968-05-27,14.318937267849696
1968-05-28,14.38750947983591
1968-05-29,14.414799281000924
1968-05-31,14.515893813661945
1968-06-03,14.657285424323813
1968-06-04,14.787888675203675
1968-06-05,14.733145474757892
1968-06-06,14.891191121140903
1968-06-07,15.01207942653379
1968-06-10,15.021807078321888
1968-06-11,15.070456004904898
1968-06-13,14.998567917383985
1968-06-14,14.96932357449787
1968-06-17,14.783136901367076
1968-06-18,14.776396204757871
1968-06-20,14.86990451832169
1968-06-21,14.898014847858146
1968-06-24,14.840553483311153
1968-06-25,14.803680211392994
1968-06-27,14.817188956868952
1968-06-28,14.777047238111512
1968-07-01,14.744968838736252
1968-07-02,14.834616371473443
1968-07-03,15.084721312844065
1968-07-08,15.297711397380205
1968-07-09,15.312429982098408
1968-07-11,15.331314548955921
1968-07-12,15.330679629227921
1968-07-15,15.314419467909678
1968-07-16,15.259487794501004
1968-07-18,15.227896407063716
1968-07-19,15.07565052317993
1968-07-22,14.852080488207735
1968-07-23,14.793766826555018
1968-07-25,14.574279236315629
1968-07-26,14.605531844514072
1968-07-29,14.480579023325499
1968-07-30,14.492150431480384
1968-08-01,14.429319970589244
1968-08-02,14.327906969572082
1968-08-05,14.394497630994193
1968-08-06,14.492564653644644
1968-08-08,14.487379543744046
1968-08-09,14.487936189008554
1968-08-12,14.654321571162528
1968-08-13,14.730276212803762
1968-08-15,14.672922974339969
1968-08-16,14.754836964651014
1968-08-19,14.825192065339804
1968-08-20,14.868099143656384
1968-08-22,14.795921681995598
1968-08-23,14.819234809718342
1968-08-26,14.83708602675466
1968-08-27,14.784917120081847
1968-08-29,14.73242828519973
1968-08-30,14.774917358674692
1968-09-03,14.83270343451986
1968-09-04,14.901435650979291
1968-09-05,14.976440516511188
1968-09-06,15.077554036578668
1968-09-09,15.119170924206017
1968-09-10,15.065798652046906
1968-09-12,15.054868867125101
1968-09-13,15.130654008701212
1968-09-16,15.189829387040156
1968-09-17,15.250452402059457
1968-09-19,15.28725086758549
1968-09-20,15.311858183076572
1968-09-23,15.40459867134979
1968-09-24,15.464895788109182
1968-09-26,15.446116231782133
1968-09-27,15.522164225812528
1968-09-30,15.624851042041419
1968-10-01,15.652660295578597
1968-10-03,15.700995607535438
1968-10-04,15.731867576903301
1968-10-07,15.735320578242899
1968-10-08,15.730912805923332
1968-10-10,15.670322726420071
1968-10-11,15.705101525007269
1968-10-14,15.740796714228692
1968-10-15,15.76918654760324
1968-10-17,15.87317606497281
1968-10-18,15.981464423060624
1968-10-21,16.015590183224326
1968-10-22,15.99215128980927
1968-10-24,15.940437282643778
1968-10-25,15.992325185971165
1968-10-28,15.95855333911488
1968-10-29,15.86459055470788
1968-10-31,15.849022733330308
1968-11-01,15.787414704106599
1968-11-04,15.771159870356941
1968-11-06,15.80887478047507
1968-11-07,15.836517337334474
1968-11-08,15.924746008737259
1968-11-12,16.033325719919407
1968-11-13,16.129689703071445
1968-11-14,16.148133529281974
1968-11-15,16.215420597513447
1968-11-18,16.216071676697847
1968-11-19,16.264509400520684
1968-11-21,16.24244982395417
1968-11-22,16.338521313474097
1968-11-25,16.406017557873643
1968-11-26,16.514863099838696
1968-11-27,16.61726468404705
1968-11-29,16.745217464451
1968-12-02,16.72619965565715
1968-12-03,16.704272579198474
1968-12-05,16.67231786045582
1968-12-06,16.72482903850921
1968-12-09,16.700174183351056
1968-12-10,16.666414970294657
1968-12-12,16.680872654388246
1968-12-13,16.746612087722102
1968-12-16,16.67810384772479
1968-12-17,16.580721344260304
1968-12-19,16.595430479986284
1968-12-20,16.532896485305972
1968-12-23,16.356447446529838
1968-12-24,16.32184560416723
1968-12-26,16.34109014111768
1968-12-27,16.268542329780708
1968-12-30,16.09690869336737
1968-12-31,16.128953700635925
1969-01-02,16.13538380500171
1969-01-03,16.127306915487235
1969-01-06,15.897538780941959
1969-01-07,15.664670716795298
1969-01-08,15.57050062687942
1969-01-09,15.637529532740011
1969-01-10,15.611997536136183
1969-01-13,15.476412055904797
1969-01-14,15.58916783476762
1969-01-15,15.70046987435999
1969-01-16,15.811199956691256
1969-01-17,15.836959500858175
1969-01-20,15.847040317468574
1969-01-21,15.795568115499101
1969-01-22,15.85061692036681
1969-01-23,15.946771164999028
1969-01-24,15.94183909676131
1969-01-27,15.952836444574674
1969-01-28,15.961485900659236
1969-01-29,15.98249814040458
1969-01-30,15.98776555232305
1969-01-31,16.057589770731003
1969-02-03,16.075779390124147
1969-02-04,16.07367264583787
1969-02-05,16.10010911834392
1969-02-06,16.14537468223354
1969-02-07,16.1600231595632
1969-02-11,16.170957960990503
1969-02-12,16.17108827743539
1969-02-13,16.1510477208109
1969-02-14,16.13332904979673
1969-02-17,15.920590947604735
1969-02-18,15.68634940001288
1969-02-19,15.56673259123991
1969-02-20,15.409294713912583
1969-02-24,15.169277985426094
1969-02-25,15.051399228944643
1969-02-26,15.119306593707305
1969-02-27,15.035059541876768
1969-02-28,15.043565120437336
1969-03-03,15.04667513701899
1969-03-04,15.194905050434214
1969-03-05,15.248094729684231
1969-03-06,15.062827670798361
1969-03-07,15.001646505128761
1969-03-10,15.044646765440826
1969-03-11,15.114571689086041
1969-03-12,15.069161361311558
1969-03-13,14.975600620571676
1969-03-14,14.903185337919973
1969-03-17,14.938259276162409
1969-03-18,15.003624648126488
1969-03-19,15.111099722504232
1969-03-20,15.20012748286728
1969-03-21,15.176217451130796
1969-03-24,15.149503527422313
1969-03-25,15.170492095085926
1969-03-26,15.260379208151253
1969-03-27,15.372282976509057
1969-03-28,15.430531497486177
1969-04-01,15.397344260167493
1969-04-02,15.282789767022946
1969-04-03,15.242919336449944
1969-04-07,15.118329767497872
1969-04-08,15.159388564719722
1969-04-09,15.293419273674772
1969-04-10,15.365425610399907
1969-04-11,15.38356352036687
1969-04-14,15.367820430994772
1969-04-15,15.362422476802395
1969-04-16,15.19176549156625
1969-04-17,15.192281336545014
1969-04-18,15.279593307156597
1969-04-21,15.201838377756461
1969-04-22,15.223490875510706
1969-04-23,15.257619839463395
1969-04-24,15.316147251096732
1969-04-25,15.380016911442475
1969-04-28,15.414655325066896
1969-04-29,15.512223953974898
1969-04-30,15.672234668159723
1969-05-01,15.628826516479483
1969-05-02,15.723490979283486
1969-05-05,15.818514874356524
1969-05-06,15.894932915651912
1969-05-07,15.904127192094439
1969-05-08,15.938743065037196
1969-05-09,15.961669063398855
1969-05-12,15.9487663589036
1969-05-13,16.02557852952273
1969-05-14,16.128058382333165
1969-05-15,16.09392820054702
1969-05-16,16.091923883265455
1969-05-19,15.947390135017631
1969-05-20,15.821869781380993
1969-05-21,15.891387339076578
1969-05-22,15.913231228627133
1969-05-23,15.874467175833898
1969-05-26,15.870957354671981
1969-05-27,15.773772632917243
1969-05-28,15.728516241656587
1969-05-29,15.786948900201748
1969-06-02,15.71025050070064
1969-06-03,15.660384174444891
1969-06-04,15.671674173765862
1969-06-05,15.687416737239236
1969-06-06,15.571790815667873
1969-06-09,15.426282762029796
1969-06-10,15.312877173049426
1969-06-11,15.178454329361017
1969-06-12,14.964249950666611
1969-06-13,15.026747820141189
1969-06-16,14.94669296581427
1969-06-17,14.862530202606246
1969-06-18,14.844429128912067
1969-06-19,14.728994849286245
1969-06-20,14.618337819453952
1969-06-23,14.510490500562698
1969-06-24,14.66108451557922
1969-06-25,14.614056234769992
1969-06-26,14.625544116915187
1969-06-27,14.640010390974046
1969-06-30,14.700797698851874
1969-07-01,14.766016097682062
1969-07-02,14.874356925629172
1969-07-03,14.975139315269962
1969-07-07,14.890243703865677
1969-07-08,14.705596183300544
1969-07-09,14.586402368944352
1969-07-10,14.344394550720601
1969-07-11,14.40795037502736
1969-07-14,14.178250495704448
1969-07-15,14.142222338391617
1969-07-16,14.247782514282266
1969-07-17,14.343574523084314
1969-07-18,14.24782587141056
1969-07-22,14.063440389484931
1969-07-23,13.982376835492575
1969-07-24,13.938180422947397
1969-07-25,13.848601577644455
1969-07-28,13.576855664232552
1969-07-29,13.413579536371431
1969-07-30,13.475564745849997
1969-07-31,13.735295742316422
1969-08-01,13.96696685733349
1969-08-04,13.876253126059433
1969-08-05,13.963643506981638
1969-08-06,14.057303329767855
1969-08-07,14.077001929724497
1969-08-08,14.083162598854996
1969-08-11,14.011912481955083
1969-08-12,13.910701504133305
1969-08-13,13.911230472700272
1969-08-14,14.031705459327368
1969-08-15,14.159340939131946
1969-08-18,14.251682129310725
1969-08-19,14.338683631216279
1969-08-20,14.343595142458897
1969-08-21,14.390502641546021
1969-08-22,14.494272509094754
1969-08-25,14.367250189470143
1969-08-26,14.271532619358869
1969-08-27,14.329541559186447
1969-08-28,14.41040314742278
1969-08-29,14.526433469419423
1969-09-02,14.512822753569548
1969-09-03,14.422720863150722
1969-09-04,14.314138595220863
1969-09-05,14.193584482218197
1969-09-08,14.030769423840352
1969-09-09,14.137113626000028
1969-09-10,14.391737494243038
1969-09-11,14.313672236510904
1969-09-12,14.327737295721766
1969-09-15,14.436805066987597
1969-09-16,14.482641419282235
1969-09-17,14.456453095853876
1969-09-18,14.510383123744925
1969-09-19,14.578286596734552
1969-09-22,14.641108417252022
1969-09-23,14.666927512195217
1969-09-24,14.619938091490104
1969-09-25,14.546333250362958
1969-09-26,14.454285232629077
1969-09-29,14.355040617819274
1969-09-30,14.306724013271802
1969-10-01,14.234141780902016
1969-10-02,14.342686544621293
1969-10-03,14.364498110922286
1969-10-06,14.423728689967422
1969-10-07,14.424851518399015
1969-10-08,14.360451384883499
1969-10-09,14.413139548713437
1969-10-10,14.52508874378211
1969-10-13,14.731683556703105
1969-10-14,14.939763555154451
1969-10-15,14.961766306339515
1969-10-16,15.115905377356286
1969-10-17,15.098907586483865
1969-10-20,15.115751064664808
1969-10-21,15.26664272317088
1969-10-22,15.419082176300408
1969-10-23,15.349303024266348
1969-10-24,15.467561424653434
1969-10-27,15.471191726460777
1969-10-28,15.422579239314732
1969-10-29,15.246552071582578
1969-10-30,15.267403659467972
1969-10-31,15.304345285597135
1969-11-03,15.274894398260551
1969-11-04,15.29665821024847
1969-11-05,15.37473558365636
1969-11-06,15.425799813801051
1969-11-07,15.546172075180907
1969-11-10,15.560756700538894
1969-11-11,15.501213396770904
1969-11-12,15.483861561917553
1969-11-13,15.39152551303206
1969-11-14,15.324447476151123
1969-11-17,15.20384788430967
1969-11-18,15.195424195004785
1969-11-19,15.125054898081451
1969-11-20,14.97051132718918
1969-11-21,14.870254151471332
1969-11-24,14.714582579268326
1969-11-25,14.73478605182097
1969-11-26,14.791516746770698
1969-11-28,14.900588038815282
1969-12-01,14.8507249774032
1969-12-02,14.803342084272154
1969-12-03,14.672163505821976
1969-12-04,14.729840582623877
1969-12-05,14.6934827273689
1969-12-08,14.535607037907953
1969-12-09,14.542816238795009
1969-12-10,14.565181599159615
1969-12-11,14.624183002617476
1969-12-12,14.632076202701558
1969-12-15,14.619319138062844
1969-12-16,14.541065913384257
1969-12-17,14.484197295147986
1969-12-18,14.716831930159831
1969-12-19,14.80118063320628
1969-12-22,14.69860747291642
1969-12-23,14.630014928571471
1969-12-24,14.793088353280798
1969-12-26,14.89805994041146
1969-12-29,14.847704875184299
1969-12-30,14.89705915695285
1969-12-31,15.005551947751487
1970-01-02,15.080087295563198
1970-01-05,15.12677170195265
1970-01-06,15.045771596362316
1970-01-07,15.043832981901666
1970-01-08,15.095043942214792
1970-01-09,15.10133565538542
1970-01-12,15.021248337724984
1970-01-13,15.060642333656862
1970-01-14,15.05903549065231
1970-01-15,15.068145893761914
1970-01-16,14.961933338705096
1970-01-19,14.762561133609323
1970-01-20,14.834336136294272
1970-01-21,14.868610616425853
1970-01-22,14.87664849399605
1970-01-23,14.758806202294064
1970-01-26,14.514597536917261
1970-01-27,14.394701536374855
1970-01-28,14.219872468526184
1970-01-29,14.025006084385765
1970-01-30,13.915492988199752
1970-02-02,14.04474247454022
1970-02-03,14.280660808008706
1970-02-04,14.173415815813915
1970-02-05,14.179929174136031
1970-02-06,14.285515807047085
1970-02-09,14.458304820148404
1970-02-10,14.373093751840031
1970-02-11,14.484621947321127
1970-02-12,14.47229246423838
1970-02-13,14.46049830850238
1970-02-16,14.454906053492945
1970-02-17,14.417437929709218
1970-02-18,14.513925244766181
1970-02-19,14.531718493245833
1970-02-20,14.557264779821535
1970-02-24,14.558199468886288
1970-02-25,14.755364136522923
1970-02-26,14.64113030289574
1970-02-27,14.7073446644931
1970-03-02,14.68331849351932
1970-03-03,14.744687341607863
1970-03-04,14.670698930603631
1970-03-05,14.635512012395713
1970-03-06,14.532717287031362
1970-03-09,14.369746799348485
1970-03-10,14.370871119049225
1970-03-11,14.316753019848889
1970-03-12,14.226438159518484
1970-03-13,14.060624794755771
1970-03-16,13.897074644944354
1970-03-17,13.963804070802036
1970-03-18,14.015284970741977
1970-03-19,13.998493363859254
1970-03-20,13.915897911048953
1970-03-23,13.890003350833657
1970-03-24,14.026001905840108
1970-03-25,14.306596625538269
1970-03-26,14.303299518014217
1970-03-30,14.255934489251159
1970-03-31,14.252636292255149
1970-04-01,14.264551625388693
1970-04-02,14.166363427540725
1970-04-03,14.1552615041245
1970-04-06,14.082961372636646
1970-04-07,14.050796441125089
1970-04-08,14.031029300010042
1970-04-09,14.029557170830941
1970-04-10,13.978584320262659
1970-04-13,13.876477292104035
1970-04-14,13.76164685289136
1970-04-15,13.712160586036129
1970-04-16,13.539019022240911
1970-04-17,13.478561220933079
1970-04-20,13.523747149648047
1970-04-21,13.465137913274807
1970-04-22,13.26195801417022
1970-04-23,13.027185516529583
1970-04-24,12.994249947329441
1970-04-27,12.774119395614662
1970-04-28,12.598201863188956
1970-04-29,12.842072694036746
1970-04-30,12.801686816278332
1970-05-01,12.793315430803105
1970-05-04,12.493772527102099
1970-05-05,12.356542543214958
1970-05-06,12.49721987559993
1970-05-07,12.568621416057123
1970-05-08,12.506992330453585
1970-05-11,12.380606151964825
1970-05-12,12.273116416043871
1970-05-13,12.077381852455906
1970-05-14,11.905260049005689
1970-05-15,12.10873684880742
1970-05-18,12.136504739415948
1970-05-19,11.920090143865881
1970-05-20,11.62642391780484
1970-05-21,11.40727953404866
1970-05-22,11.383492256735591
1970-05-25,11.049181294544216
1970-05-26,10.908734852353646
1970-05-27,11.459564362673385
1970-05-28,11.74522619134029
1970-05-29,12.05577845638029
1970-06-01,12.264890470616631
1970-06-02,12.276909458038505
1970-06-03,12.40637983915213
1970-06-04,12.242203564273826
1970-06-05,12.048929718990895
1970-06-08,12.068930027725136
1970-06-09,12.07855260836271
1970-06-10,11.96438752852288
1970-06-11,11.798590625109023
1970-06-12,11.743342936026176
1970-06-15,11.804360677097735
1970-06-16,12.075293247850787
1970-06-17,12.065963538839792
1970-06-18,12.135579265433224
1970-06-19,12.222765799979383
1970-06-22,12.143265023792498
1970-06-23,11.859398244501683
1970-06-24,11.734832295784962
1970-06-25,11.730554500271245
1970-06-26,11.638214398744335
1970-06-29,11.528182249177558
1970-06-30,11.513586020467617
1970-07-01,11.567555245884025
1970-07-02,11.549442742139965
1970-07-06,11.389138533410245
1970-07-07,11.278786716898997
1970-07-08,11.525013790134995
1970-07-09,11.709882439336553
1970-07-10,11.796763908299578
1970-07-13,11.795204200429234
1970-07-14,11.780257502165128
1970-07-15,11.893145911613171
1970-07-16,12.039018511221347
1970-07-17,12.219629870250541
1970-07-20,12.233812620205335
1970-07-21,12.11309091408317
1970-07-22,12.10589849512657
1970-07-23,12.27121636591045
1970-07-24,12.257995378945227
1970-07-27,12.246879522889598
1970-07-28,12.283758229835628
1970-07-29,12.31520921489399
1970-07-30,12.32025387042113
1970-07-31,12.294258697504713
1970-08-03,12.138902836194665
1970-08-04,12.15225827470617
1970-08-05,12.141185915956038
1970-08-06,12.099822715480585
1970-08-07,12.103493574420987
1970-08-10,11.943528134025941
1970-08-11,11.875077223685397
1970-08-12,11.815484738064972
1970-08-13,11.730108095954815
1970-08-14,11.760796946179692
1970-08-17,11.783259950376115
1970-08-18,11.902625720617037
1970-08-19,12.031027147812425
1970-08-20,12.124527772863333
1970-08-21,12.391910098998919
1970-08-24,12.646671246634655
1970-08-25,12.678343008202784
1970-08-26,12.714595101139528
1970-08-27,12.70285444762172
1970-08-28,12.831751091437404
1970-08-31,12.79296972266301
1970-09-01,12.70529545491601
1970-09-02,12.711220139940597
1970-09-03,12.899989743819436
1970-09-04,13.023412978442128
1970-09-08,13.084501190376628
1970-09-09,13.046392204838865
1970-09-10,12.964269091158842
1970-09-11,13.012172207231345
1970-09-14,12.965684322086181
1970-09-15,12.832757052725533
1970-09-16,12.868196558327554
1970-09-17,12.934211370832688
1970-09-18,12.986773164099265
1970-09-21,12.894849425448083
1970-09-22,12.84895136586493
1970-09-23,13.010611783700867
1970-09-24,13.15752031979782
1970-09-25,13.187234599860256
1970-09-28,13.170061371184936
1970-09-29,13.240887168701175
1970-09-30,13.234320308145305
1970-10-01,13.244929513950815
1970-10-02,13.365145340100852
1970-10-05,13.543682649447666
1970-10-06,13.579026993123406
1970-10-07,13.562901906054002
1970-10-08,13.422014994440081
1970-10-09,13.308006988554755
1970-10-12,13.17176071081903
1970-10-13,13.149980337924116
1970-10-14,13.167195592172297
1970-10-15,13.211162995654652
1970-10-16,13.140170575347513
1970-10-19,12.990655717137097
1970-10-20,13.07918694644931
1970-10-21,13.081041663886456
1970-10-22,13.032369486663606
1970-10-23,13.09787571704079
1970-10-26,13.038151513944282
1970-10-27,13.002755445242604
1970-10-28,13.040856993352202
1970-10-29,13.027255405970095
1970-10-30,13.030062499196978
1970-11-02,13.063792086015171
1970-11-03,13.17379051490976
1970-11-04,13.21345986606134
1970-11-05,13.19539779477181
1970-11-06,13.202378673415962
1970-11-09,13.255482332452573
1970-11-10,13.28545574282249
1970-11-11,13.319301608641734
1970-11-12,13.18573778671372
1970-11-13,13.059471033535708
1970-11-16,13.037312782426836
1970-11-17,13.05284982580092
1970-11-18,12.95429250036038
1970-11-19,12.951730616454986
1970-11-20,13.054567306183117
1970-11-23,13.126348594845046
1970-11-24,13.192933113592803
1970-11-25,13.248129370986081
1970-11-27,13.355381482079384
1970-11-30,13.560439765423993
1970-12-01,13.597916728900962
1970-12-02,13.747033999602362
1970-12-03,13.838686172674642
1970-12-04,13.923156364091863
1970-12-07,13.996534034149954
1970-12-08,13.931905276982308
1970-12-09,13.944700086214855
1970-12-10,13.983356539828234
1970-12-11,14.030129531293818
1970-12-14,13.958432088124704
1970-12-15,13.943823241570188
1970-12-16,13.975566508435412
1970-12-17,14.02725008468709
1970-12-18,14.043253186629544
1970-12-21,14.003506968286167
1970-12-22,14.016938049197607
1970-12-23,14.041880200142225
1970-12-24,14.131503416467703
1970-12-28,14.189937114124717
1970-12-29,14.340170628053386
1970-12-30,14.374988057908768
1970-12-31,14.372737375485976
1971-01-04,14.216572604424384
1971-01-05,14.322159418921853
1971-01-06,14.444737176204132
1971-01-07,14.485665729028733
1971-01-08,14.494574429169495
1971-01-11,14.50752663742981
1971-01-12,14.633319380977436
1971-01-13,14.635548837959798
1971-01-14,14.662394522380461
1971-01-15,14.714417506621723
1971-01-18,14.79150595168412
1971-01-19,14.851446557863278
1971-01-20,14.868958371340401
1971-01-21,14.92620874062596
1971-01-22,15.017582022983152
1971-01-25,15.09108353080044
1971-01-26,15.146695971978167
1971-01-27,15.057014519643618
1971-01-28,15.150966241686644
1971-01-29,15.243609117491538
1971-02-01,15.339746776486114
1971-02-02,15.363084797430348
1971-02-03,15.395875565756356
1971-02-04,15.402021839804698
1971-02-05,15.462662359531599
1971-02-08,15.535612053785803
1971-02-09,15.534562906495951
1971-02-10,15.51806629422851
1971-02-11,15.605650494768947
1971-02-12,15.663944806310072
1971-02-16,15.681611351877859
1971-02-17,15.554154614768775
1971-02-18,15.467156136471425
1971-02-19,15.350388614638966
1971-02-22,15.196381433427325
1971-02-23,15.266091380597661
1971-02-24,15.386956648378517
1971-02-25,15.443423535833748
1971-02-26,15.397142074565242
1971-03-01,15.423919680427408
1971-03-02,15.434575984641047
1971-03-03,15.448368907795947
1971-03-04,15.621032724392492
1971-03-05,15.784101485952396
1971-03-08,15.858779524597553
1971-03-09,15.88594953346347
1971-03-10,15.869963123839357
1971-03-11,15.864674362450684
1971-03-12,15.866240734267791
1971-03-15,16.033198630782987
1971-03-16,16.10733124667565
1971-03-17,16.104909018553563
1971-03-18,16.124061936534467
1971-03-19,16.104363376456813
1971-03-22,16.04834260653095
1971-03-23,15.991744737241918
1971-03-24,15.905929175953041
1971-03-25,15.914756201514583
1971-03-26,15.97693428141887
1971-03-29,15.993677454889028
1971-03-30,16.02509733699879
1971-03-31,16.036065863292833
1971-04-01,16.059523607773254
1971-04-02,16.08608112652219
1971-04-05,16.11611945221596
1971-04-06,16.20438546303755
1971-04-07,16.294436657817222
1971-04-08,16.320492610388673
1971-04-12,16.464302046228784
1971-04-13,16.494157835792926
1971-04-14,16.545879311410324
1971-04-15,16.5816016907993
1971-04-16,16.589097317580574
1971-04-19,16.6665309383227
1971-04-20,16.586397220152875
1971-04-21,16.543129562738798
1971-04-22,16.586099807185594
1971-04-23,16.659305287712048
1971-04-26,16.66569749790219
1971-04-27,16.7410473843934
1971-04-28,16.81505130653546
1971-04-29,16.780168087186972
1971-04-30,16.6970363814859
1971-05-03,16.60955147373041
1971-05-04,16.72010264316078
1971-05-05,16.729273145486815
1971-05-06,16.671416419066688
1971-05-07,16.633831489311877
1971-05-10,16.54463305698974
1971-05-11,16.59752038794879
1971-05-12,16.62616138586588
1971-05-13,16.61722092286573
1971-05-14,16.55548492429046
1971-05-17,16.288830712767414
1971-05-18,16.285119572577127
1971-05-19,16.340786092635522
1971-05-20,16.38279032896592
1971-05-21,16.33812995553058
1971-05-24,16.220102938540567
1971-05-25,16.12608591490615
1971-05-26,16.136082437924514
1971-05-27,16.11149794823531
1971-05-28,16.17106677768103
1971-06-01,16.249195921000727
1971-06-02,16.397293168258933
1971-06-03,16.460387538170643
1971-06-04,16.505036881485367
1971-06-07,16.496709790931636
1971-06-08,16.388800605403265
1971-06-09,16.3812884569282
1971-06-10,16.425663630639306
1971-06-11,16.464830143111374
1971-06-14,16.365920663693764
1971-06-15,16.3754062184891
1971-06-16,16.4156044930231
1971-06-17,16.41959308788767
1971-06-18,16.1944710630709
1971-06-21,15.997977355110388
1971-06-22,15.956966663149077
1971-06-23,16.100861998911952
1971-06-24,16.092523834296724
1971-06-25,16.055443481690105
1971-06-28,16.001394323258346
1971-06-29,16.16984084659588
1971-06-30,16.317390784874036
1971-07-01,16.364860538105546
1971-07-02,16.37204301043934
1971-07-06,16.39303481531737
1971-07-07,16.45522000920032
1971-07-08,16.5075301039717
1971-07-09,16.595936491708613
1971-07-12,16.638782718472104
1971-07-13,16.469405817990012
1971-07-14,16.45600841649442
1971-07-15,16.504297837677242
1971-07-16,16.496703915167544
1971-07-19,16.43612848081151
1971-07-20,16.485954119449353
1971-07-21,16.468812348181352
1971-07-22,16.426205877515255
1971-07-23,16.37455305383861
1971-07-26,16.30451525809742
1971-07-27,16.166224823675723
1971-07-28,16.042572621052667
1971-07-29,15.855713566416696
1971-07-30,15.782858925985686
1971-08-02,15.83697106992636
1971-08-03,15.589971658574072
1971-08-04,15.501245065625948
1971-08-05,15.534905281256915
1971-08-06,15.561957570659622
1971-08-09,15.443781008585928
1971-08-10,15.470797665507531
1971-08-11,15.650486426489987
1971-08-12,15.868795105993389
1971-08-13,15.824483241342294
1971-08-16,16.323495599737644
1971-08-17,16.491718969890517
1971-08-18,16.273142623678076
1971-08-19,16.21602702400875
1971-08-20,16.245852508497876
1971-08-23,16.385403392389968
1971-08-24,16.526339943596945
1971-08-25,16.580990084015497
1971-08-26,16.602078110496972
1971-08-27,16.652306572644065
1971-08-30,16.488313842668113
1971-08-31,16.422752174978136
1971-09-01,16.441393009177244
1971-09-02,16.491223461185722
1971-09-03,16.707168091747867
1971-09-07,16.792407524771477
1971-09-08,16.811509690844936
1971-09-09,16.732760458674306
1971-09-10,16.685080632030996
1971-09-13,16.648420297505375
1971-09-14,16.533015629858866
1971-09-15,16.59718639867456
1971-09-16,16.58805500791656
1971-09-17,16.654114054527785
1971-09-20,16.59647272377093
1971-09-21,16.54256242769191
1971-09-22,16.40742878991106
1971-09-23,16.40608202149016
1971-09-24,16.397025237616536
1971-09-27,16.29778314406752
1971-09-28,16.327395114232377
1971-09-29,16.315133387537575
1971-09-30,16.384771092548775
1971-10-01,16.492586416133754
1971-10-04,16.52708114119886
1971-10-05,16.499442985607647
1971-10-06,16.644763749325843
1971-10-07,16.704197209490157
1971-10-08,16.620117336427153
1971-10-11,16.567222712378697
1971-10-12,16.621354778020493
1971-10-13,16.52022591619576
1971-10-14,16.350368060269084
1971-10-15,16.280189813349217
1971-10-18,16.18230712493321
1971-10-19,16.1260078054919
1971-10-20,15.91394415549147
1971-10-21,15.915035168917159
1971-10-22,15.895159330989227
1971-10-25,15.816170680108023
1971-10-26,15.744141904606105
1971-10-27,15.592431997417544
1971-10-28,15.61153145442643
1971-10-29,15.676497760880572
1971-11-01,15.44164993548626
1971-11-02,15.494826968397675
1971-11-03,15.721429964720587
1971-11-04,15.732253376759854
1971-11-05,15.69726565731015
1971-11-08,15.691465057192538
1971-11-09,15.711805064534145
1971-11-10,15.546752178096124
1971-11-11,15.347900247953008
1971-11-12,15.343708194704426
1971-11-15,15.29528235832102
1971-11-16,15.430598590213824
1971-11-17,15.443604128814824
1971-11-18,15.350264010353447
1971-11-19,15.27070647311254
1971-11-22,15.111780734644494
1971-11-23,15.004003778033837
1971-11-24,15.033606022715036
1971-11-26,15.248292233426675
1971-11-29,15.493229070128722
1971-11-30,15.600228480883532
1971-12-01,15.845768696478515
1971-12-02,15.87228645551845
1971-12-03,15.987549352235384
1971-12-06,15.901935670107031
1971-12-07,15.945670641125917
1971-12-08,15.973680894746066
1971-12-09,15.959072592736433
1971-12-10,16.05597532181586
1971-12-13,16.114846678132132
1971-12-14,16.05107546557977
1971-12-15,16.1527496103839
1971-12-16,16.30021476672114
1971-12-17,16.382391572092494
1971-12-20,16.579327184184052
1971-12-21,16.60783359463398
1971-12-22,16.529075652253667
1971-12-23,16.476003138100058
1971-12-27,16.492333947194595
1971-12-28,16.610238039063283
1971-12-29,16.653441724630007
1971-12-30,16.5719902369265
1971-12-31,16.656828482871415
1972-01-03,16.597874437350825
1972-01-04,16.646494465894072
1972-01-05,16.802225222301445
1972-01-06,16.903301801776692
1972-01-07,16.91518272619928
1972-01-10,16.90751918205999
1972-01-11,16.959346823049017
1972-01-12,16.95421202536654
1972-01-13,16.857464755302747
1972-01-14,16.906624713182808
1972-01-17,16.94068889504391
1972-01-18,17.008705031451175
1972-01-19,16.964373833803695
1972-01-20,16.916666457086578
1972-01-21,16.882001175257777
1972-01-24,16.699323940968966
1972-01-25,16.727956464420902
1972-01-26,16.701409571307227
1972-01-27,16.910405116277104
1972-01-28,17.06474655799275
1972-01-31,17.061041124148254
1972-02-01,17.08281281368745
1972-02-02,17.189159658302113
1972-02-03,17.18549785840947
1972-02-04,17.245916748048025
1972-02-07,17.185972319498724
1972-02-08,17.213974816249504
1972-02-09,17.349519978265064
1972-02-10,17.378905813572842
1972-02-11,17.31874300931844
1972-02-14,17.25964972832645
1972-02-15,17.33896676606994
1972-02-16,17.43496753510153
1972-02-17,17.462197681671253
1972-02-18,17.410845606081036
1972-02-22,17.386230350662238
1972-02-23,17.405246510998975
1972-02-24,17.44310179754394
1972-02-25,17.56357669959219
1972-02-28,17.56543059891291
1972-02-29,17.6625500993934
1972-03-01,17.894495236321482
1972-03-02,17.884626184342913
1972-03-03,17.991774970572543
1972-03-06,18.137797185191076
1972-03-07,18.164548928938608
1972-03-08,18.199864579730612
1972-03-09,18.21162374656085
1972-03-10,18.10942479425529
1972-03-13,17.92995987446203
1972-03-14,17.996084862205013
1972-03-15,18.004026715030065
1972-03-16,17.953279013918973
1972-03-17,17.996120614855315
1972-03-20,17.942720215448254
1972-03-21,17.776961355245717
1972-03-22,17.809749360239458
1972-03-23,17.989164686721246
1972-03-24,17.95926934693744
1972-03-27,17.931637135431533
1972-03-28,17.92933590715259
1972-03-29,17.837118470573838
1972-03-30,17.936469363043
1972-04-03,17.972684189930217
1972-04-04,18.086400973941434
1972-04-05,18.24112966976791
1972-04-06,18.352859924791197
1972-04-07,18.4157767362601
1972-04-10,18.39263229682098
1972-04-11,18.46421148804931
1972-04-12,18.533464104164455
1972-04-13,18.496821366445662
1972-04-14,18.49112545987997
1972-04-17,18.439890024208818
1972-04-18,18.49643096214234
1972-04-19,18.381921025617835
1972-04-20,18.349429039879006
1972-04-21,18.321270751124935
1972-04-24,18.192867137761862
1972-04-25,18.006432341661966
1972-04-26,17.954788636804242
1972-04-27,17.96996388840836
1972-04-28,18.05549768013333
1972-05-01,17.882323257489567
1972-05-02,17.779710263877938
1972-05-03,17.724026294102433
1972-05-04,17.761268510195265
1972-05-05,17.836977180420224
1972-05-08,17.757065514776134
1972-05-09,17.50898764241034
1972-05-10,17.625833213832674
1972-05-11,17.665014201198012
1972-05-12,17.77656097687493
1972-05-15,17.872392950689836
1972-05-16,17.832574369816996
1972-05-17,17.853953612131146
1972-05-18,18.002486991532944
1972-05-19,18.16356819387203
1972-05-22,18.2838358412654
1972-05-23,18.27506615132493
1972-05-24,18.35218982467848
1972-05-25,18.390611409624565
1972-05-26,18.388348980229736
1972-05-30,18.33035065807316
1972-05-31,18.212668632725673
1972-06-01,18.24775425332684
1972-06-02,18.28278182606638
1972-06-05,18.14832009416678
1972-06-06,18.084563255066048
1972-06-07,17.988952141354435
1972-06-08,17.921824873240503
1972-06-09,17.832500558992763
1972-06-12,17.836488352116803
1972-06-13,17.905816880842607
1972-06-14,18.052391424347864
1972-06-15,18.034765865166058
1972-06-16,18.008865518963354
1972-06-19,17.968621472445925
1972-06-20,18.046820411792112
1972-06-21,18.06171871033779
1972-06-22,18.03024836675878
1972-06-23,17.96637478844474
1972-06-26,17.86306946400359
1972-06-27,17.841254217720856
1972-06-28,17.76989525871663
1972-06-29,17.748179882583422
1972-06-30,17.842601240734094
1972-07-03,17.917891234360937
1972-07-05,18.056402622602565
1972-07-06,18.216148388565003
1972-07-07,18.18000488494331
1972-07-10,18.05947235344238
1972-07-11,17.940843315718915
1972-07-12,17.83800896046253
1972-07-13,17.721511199665308
1972-07-14,17.812679387465128
1972-07-17,17.640130772978782
1972-07-18,17.627085547132232
1972-07-19,17.66617798663541
1972-07-20,17.616432695496734
1972-07-21,17.759340259362975
1972-07-24,17.951930012721295
1972-07-25,17.91622895777342
1972-07-26,17.929746240537472
1972-07-27,17.89641206941786
1972-07-28,17.906919063189733
1972-07-31,17.895636604392724
1972-08-01,18.10643791274644
1972-08-02,18.24987966572581
1972-08-03,18.410546464752407
1972-08-04,18.474114236768287
1972-08-07,18.51406278470583
1972-08-08,18.527438178497253
1972-08-09,18.554134085752267
1972-08-10,18.621358519498788
1972-08-11,18.75392470742346
1972-08-14,18.83566290307596
1972-08-15,18.73492747610426
1972-08-16,18.664293183717373
1972-08-17,18.608351716887146
1972-08-18,18.67255148189084
1972-08-21,18.625707945768898
1972-08-22,18.67551555989944
1972-08-23,18.64314616540931
1972-08-24,18.440638377311156
1972-08-25,18.381687193241483
1972-08-28,18.282489575334733
1972-08-29,18.339401354092686
1972-08-30,18.363740028653105
1972-08-31,18.433650670753988
1972-09-01,18.500197890189863
1972-09-05,18.447151101483133
1972-09-06,18.328383131056317
1972-09-07,18.260550329220976
1972-09-08,18.235167306752295
1972-09-11,18.113825180621824
1972-09-12,17.941356061881347
1972-09-13,17.994380688878227
1972-09-14,17.999882041339113
1972-09-15,17.98448653709428
1972-09-18,17.942842498239422
1972-09-19,17.94388821574978
1972-09-20,17.92732579813587
1972-09-21,17.897980865754377
1972-09-22,17.934856312548682
1972-09-25,17.875885748963036
1972-09-26,17.875806635190923
1972-09-27,18.067882738752033
1972-09-28,18.174440524905396
1972-09-29,18.19061646637727
1972-10-02,18.138007661904062
1972-10-03,18.19605613768467
1972-10-04,18.229644625877285
1972-10-05,18.026966795184244
1972-10-06,18.152432003542014
1972-10-09,18.170500910227055
1972-10-10,18.193101114686826
1972-10-11,18.12253759311792
1972-10-12,17.98842367657758
1972-10-13,17.872553356379136
1972-10-16,17.65764431416781
1972-10-17,17.79869053838515
1972-10-18,17.91236632715073
1972-10-19,17.886919415250276
1972-10-20,18.079546698942988
1972-10-23,18.225051800090615
1972-10-24,18.282557763640103
1972-10-25,18.28031766462361
1972-10-26,18.350059252543403
1972-10-27,18.279920043240192
1972-10-30,18.264459502020774
1972-10-31,18.458065009077657
1972-11-01,18.63977895246172
1972-11-02,18.716559129956092
1972-11-03,18.87521079937064
1972-11-06,18.87480743821677
1972-11-08,18.786408519690536
1972-11-09,18.804917134824795
1972-11-10,18.881546515189143
1972-11-13,18.90765657726435
1972-11-14,19.046649636269212
1972-11-15,18.978575261350354
1972-11-16,19.08093089023072
1972-11-17,19.168555550242072
1972-11-20,19.185097817019326
1972-11-21,19.24802548739393
1972-11-22,19.409225691530743
1972-11-24,19.53124975528482
1972-11-27,19.47312109732791
1972-11-28,19.432104737222843
1972-11-29,19.40449789777599
1972-11-30,19.40051723062934
1972-12-01,19.535986626891265
1972-12-04,19.601017340971197
1972-12-05,19.581750665921817
1972-12-06,19.64876125195246
1972-12-07,19.71874671371893
1972-12-08,19.72306925028025
1972-12-11,19.74281535189153
1972-12-12,19.69913725035835
1972-12-13,19.677479175117163
1972-12-14,19.648173376981244
1972-12-15,19.653294769293968
1972-12-18,19.433629318023158
1972-12-19,19.357948467320764
1972-12-20,19.306228374367763
1972-12-21,19.179446060157787
1972-12-22,19.321370244464493
1972-12-26,19.38533810627134
1972-12-27,19.47453930349723
1972-12-29,19.669580909375984
1973-01-02,19.85497342670471
1973-01-03,19.94670074194299
1973-01-04,19.89785463347489
1973-01-05,19.971732711745414
1973-01-08,19.969281090776175
1973-01-09,19.959616761949945
1973-01-10,19.896222639657026
1973-01-11,20.010920054294903
1973-01-12,19.87548814770194
1973-01-15,19.73997831639841
1973-01-16,19.692249924215055
1973-01-17,19.774415712707842
1973-01-18,19.802446033234673
1973-01-19,19.79553798094913
1973-01-22,19.69703792684683
1973-01-23,19.707671976457494
1973-01-24,19.44490785826631
1973-01-26,19.374090379697112
1973-01-29,19.290333808708745
1973-01-30,19.25535521243719
1973-01-31,19.294088312476433
1973-02-01,19.076766862975653
1973-02-02,19.00902012191174
1973-02-05,18.999739370656812
1973-02-06,19.072009111214257
1973-02-07,18.932174090060336
1973-02-08,18.848889995550604
1973-02-09,19.133340448324635
1973-02-12,19.29641422893084
1973-02-13,19.328423201286448
1973-02-14,19.011529575657477
1973-02-15,18.888305595463503
1973-02-16,19.013539990553486
1973-02-20,19.1017797607855
1973-02-21,18.992437066226433
1973-02-22,18.948665889605742
1973-02-23,18.745651359443084
1973-02-26,18.587393731642702
1973-02-27,18.384770386069555
1973-02-28,18.499825563541545
1973-03-01,18.37187023128283
1973-03-02,18.56177511120125
1973-03-05,18.63459592228646
1973-03-06,18.900248105092718
1973-03-07,19.037769720290516
1973-03-08,18.992233369177125
1973-03-09,18.926280079947286
1973-03-12,18.933593884336833
1973-03-13,19.00264371005606
1973-03-14,19.06446579218775
1973-03-15,18.96046816435047
1973-03-16,18.867336859661616
1973-03-19,18.614597394132876
1973-03-20,18.55608479976907
1973-03-21,18.3011713487712
1973-03-22,17.987219645715825
1973-03-23,18.01723540183561
1973-03-26,18.1685711639623
1973-03-27,18.451415797724167
1973-03-28,18.443709472521984
1973-03-29,18.624823773301063
1973-03-30,18.431787448555873
1973-04-02,18.177710396926358
1973-04-03,17.996284156754662
1973-04-04,17.90084735933231
1973-04-05,17.804145039940977
1973-04-06,17.939658710159723
1973-04-09,18.181927304865898
1973-04-10,18.422540427788565
1973-04-11,18.56263750038658
1973-04-12,18.542770771717063
1973-04-13,18.47114537209849
1973-04-16,18.37901032627196
1973-04-17,18.30526354722916
1973-04-18,18.41024764547713
1973-04-19,18.558071165524108
1973-04-23,18.49064693067432
1973-04-24,18.295135006796812
1973-04-25,18.039912671827896
1973-04-26,18.109158642740507
1973-04-27,17.826829219084956
1973-04-30,17.79831895691723
1973-05-01,17.817658872075228
1973-05-02,18.031332384559377
1973-05-03,18.316532341539435
1973-05-04,18.414932107696988
1973-05-07,18.3803153460873
1973-05-08,18.483260751734697
1973-05-09,18.38134686737223
1973-05-10,18.252148202764033
1973-05-11,18.07361821819465
1973-05-14,17.716574814630377
1973-05-15,17.813384751551233
1973-05-16,17.808611477221536
1973-05-17,17.680618119815627
1973-05-18,17.38506837985094
1973-05-21,17.13658581323785
1973-05-22,17.24790590624631
1973-05-23,17.3196439938029
1973-05-24,17.767782503422932
1973-05-25,17.913981765822342
1973-05-29,17.875111852028738
1973-05-30,17.64087658519888
1973-05-31,17.49037123191796
1973-06-01,17.291461717830458
1973-06-04,17.111888515567646
1973-06-05,17.35738135614576
1973-06-06,17.309429388411964
1973-06-07,17.587837339429242
1973-06-08,17.806487550295838
1973-06-11,17.780273486719558
1973-06-12,18.04339866924386
1973-06-13,17.954648390377955
1973-06-14,17.782535122244457
1973-06-15,17.57188210145112
1973-06-18,17.336963072791114
1973-06-19,17.37035176040387
1973-06-20,17.4410532769185
1973-06-21,17.24590779289628
1973-06-22,17.31289782710491
1973-06-25,17.07878494650385
1973-06-26,17.227581304941943
1973-06-27,17.32008996347349
1973-06-28,17.504961403167624
1973-06-29,17.41413085000423
1973-07-02,17.24055832557232
1973-07-03,17.067313477389572
1973-07-05,17.025283832960792
1973-07-06,16.946295475938992
1973-07-09,17.02641200978251
1973-07-10,17.18932914024257
1973-07-11,17.55202741904049
1973-07-12,17.534836429518897
1973-07-13,17.278789838151543
1973-07-16,17.508616665150985
1973-07-17,17.59195876028221
1973-07-18,17.72583601660943
1973-07-19,17.772597732986828
1973-07-20,17.874859933596746
1973-07-23,17.903093515385077
1973-07-24,17.970698976318396
1973-07-25,18.253474115072105
1973-07-26,18.258786968788847
1973-07-27,18.21745548763905
1973-07-30,18.107330067464968
1973-07-31,17.970919783319427
1973-08-01,17.73689227382998
1973-08-02,17.735009887276558
1973-08-03,17.72855425622263
1973-08-06,17.71880273590707
1973-08-07,17.727135928160596
1973-08-08,17.568420026238993
1973-08-09,17.569621102585273
1973-08-10,17.42525933091332
1973-08-13,17.24158060701749
1973-08-14,17.06546873138416
1973-08-15,17.075951990119894
1973-08-16,16.92295568449356
1973-08-17,16.886838635188308
1973-08-20,16.75460227432912
1973-08-21,16.62169368617794
1973-08-22,16.53865408134766
1973-08-23,16.75130788992973
1973-08-24,16.703514613765428
1973-08-27,16.798036724626908
1973-08-28,16.913309747579543
1973-08-29,17.05221902732381
1973-08-30,17.049142460655663
1973-08-31,17.129506178621412
1973-09-04,17.18261748431361
1973-09-05,17.22056039073043
1973-09-06,17.301276186124475
1973-09-07,17.267247690887505
1973-09-10,17.1216904430941
1973-09-11,17.040720243013705
1973-09-12,16.975323089548645
1973-09-13,17.05025419829953
1973-09-14,17.18356895951177
1973-09-17,17.183249642328533
1973-09-18,17.134710997392705
1973-09-19,17.482023188052658
1973-09-20,17.663488378711225
1973-09-21,17.769181439240676
1973-09-24,17.8240843623833
1973-09-25,17.91322546867924
1973-09-26,18.03833638077408
1973-09-27,18.092007314994333
1973-09-28,18.00180865257684
1973-10-01,17.968103576916192
1973-10-02,18.05841219509871
1973-10-03,18.114444379870466
1973-10-04,18.03687823319321
1973-10-05,18.29091285605572
1973-10-08,18.3834954075519
1973-10-09,18.34406038023639
1973-10-10,18.16181847143423
1973-10-11,18.463440740537738
1973-10-12,18.555076370332674
1973-10-15,18.31904883168838
1973-10-16,18.327791758156085
1973-10-17,18.281853901687846
1973-10-18,18.30036880083339
1973-10-19,18.339926613322096
1973-10-22,18.178186473245038
1973-10-23,18.257400992894137
1973-10-24,18.31801286508154
1973-10-25,18.377484566478188
1973-10-26,18.541093261425477
1973-10-29,18.503074410203215
1973-10-30,18.182282110054896
1973-10-31,17.988608994969443
1973-11-01,17.90677926955281
1973-11-02,17.789402292318254
1973-11-05,17.537419787412798
1973-11-06,17.409804619819724
1973-11-07,17.535557511345402
1973-11-08,17.769778282997525
1973-11-09,17.477090041114607
1973-11-12,17.35082731696125
1973-11-13,17.33032131917187
1973-11-14,17.095996295563253
1973-11-15,17.157290415228612
1973-11-16,17.34063563331196
1973-11-19,16.7649051899325
1973-11-20,16.295672245048983
1973-11-21,16.441552444679044
1973-11-23,16.46161972315506
1973-11-26,15.986904654632024
1973-11-27,15.809453539234815
1973-11-28,16.182005082156653
1973-11-29,16.18848553226164
1973-11-30,16.0480259931496
1973-12-03,15.78859488101404
1973-12-04,15.754441608346516
1973-12-05,15.505884246274942
1973-12-06,15.837796663489419
1973-12-07,16.175543635937032
1973-12-10,16.39589733285477
1973-12-11,16.14550846932231
1973-12-12,15.7221071830675
1973-12-13,15.513580682623214
1973-12-14,15.712856635904354
1973-12-17,15.637846190425687
1973-12-18,15.926197751082498
1973-12-19,15.922167849773276
1973-12-20,15.984326488078668
1973-12-21,15.881660730525459
1973-12-24,15.796107228021352
1973-12-26,16.17168338241307
1973-12-27,16.397551832977754
1973-12-28,16.484801895810477
1973-12-31,16.513064318596644
1974-01-02,16.60091993201501
1974-01-03,17.058009618427665
1974-01-04,17.048576741017634
1974-01-07,17.032957922062835
1974-01-08,16.669649332556133
1974-01-09,16.058479943464178
1974-01-10,15.797850801125913
1974-01-11,15.788541898412577
1974-01-14,15.634226756783026
1974-01-15,15.827479273679998
1974-01-16,16.1509926494851
1974-01-17,16.30018822963575
1974-01-18,15.91556148843486
1974-01-21,15.807763934881407
1974-01-22,15.959728343181757
1974-01-23,15.99733831536467
1974-01-24,16.008342395702407
1974-01-25,15.97586227766729
1974-01-28,15.916823376844842
1974-01-29,15.900752408140812
1974-01-30,16.05219962415224
1974-01-31,15.99592631597867
1974-02-01,15.906491055947948
1974-02-04,15.629635844832432
1974-02-05,15.595514064427938
1974-02-06,15.637897848178762
1974-02-07,15.673434956824762
1974-02-08,15.557608599502943
1974-02-11,15.372218500470275
1974-02-12,15.388091003890764
1974-02-13,15.392326308406666
1974-02-14,15.385645716618763
1974-02-15,15.588820792317515
1974-02-19,15.574992840751664
1974-02-20,15.76267987571049
1974-02-21,15.916917576895482
1974-02-22,16.082560611745553
1974-02-25,16.011270254221962
1974-02-26,16.11468012438391
1974-02-27,16.182436906929873
1974-02-28,16.155799756781267
1974-03-01,16.108389023963767
1974-03-04,16.10880519925823
1974-03-05,16.371394504120392
1974-03-06,16.41166192880691
1974-03-07,16.28526659277563
1974-03-08,16.38647235516855
1974-03-11,16.495597396407554
1974-03-12,16.49595115202486
1974-03-13,16.556183939245468
1974-03-14,16.559237474979714
1974-03-15,16.5286810399563
1974-03-18,16.335447173716492
1974-03-19,16.160170754870915
1974-03-20,16.17036518504828
1974-03-21,16.10678727973257
1974-03-22,16.037170519612182
1974-03-25,16.05094425384911
1974-03-26,16.09096010986562
1974-03-27,15.929335375366085
1974-03-28,15.674796432350401
1974-03-29,15.573629225643797
1974-04-01,15.43201839738932
1974-04-02,15.40787823535752
1974-04-03,15.532389802549789
1974-04-04,15.535913065006373
1974-04-05,15.342808517228697
1974-04-08,15.184161019265144
1974-04-09,15.268484530406973
1974-04-10,15.243877064362062
1974-04-11,15.202036068276621
1974-04-15,15.153282369759372
1974-04-16,15.373400270606371
1974-04-17,15.49256076109108
1974-04-18,15.56589238077456
1974-04-19,15.420490917436126
1974-04-22,15.358767578232516
1974-04-23,15.073429069996934
1974-04-24,14.840599993135081
1974-04-25,14.707529336987998
1974-04-26,14.800139243210527
1974-04-29,14.781514620323918
1974-04-30,14.824189389982516
1974-05-01,15.131640458627343
1974-05-02,15.132241176901031
1974-05-03,15.020244442135095
1974-05-06,15.004813346517446
1974-05-07,15.047579320932927
1974-05-08,15.062937146928041
1974-05-09,15.236889162623735
1974-05-10,15.003061239012004
1974-05-13,14.870592126734765
1974-05-14,14.883712381303503
1974-05-15,14.847070089248538
1974-05-16,14.750073310118136
1974-05-17,14.501388736201386
1974-05-20,14.433296503133171
1974-05-21,14.474710152273436
1974-05-22,14.330456552224062
1974-05-23,14.361904299011876
1974-05-24,14.582996906660743
1974-05-28,14.56331281182335
1974-05-29,14.356569519957871
1974-05-30,14.410532251329684
1974-05-31,14.399903637683872
1974-06-03,14.653457202253644
1974-06-04,14.828327591901637
1974-06-05,14.882297599770508
1974-06-06,15.131134557301564
1974-06-07,15.260040131401192
1974-06-10,15.359117493551729
1974-06-11,15.255042147443051
1974-06-12,15.19561824223258
1974-06-13,15.26676575229531
1974-06-14,15.122446336521215
1974-06-17,14.931016912460835
1974-06-18,14.847948100194879
1974-06-19,14.733128624291325
1974-06-20,14.642909282955276
1974-06-21,14.545009281770593
1974-06-24,14.5661624555882
1974-06-25,14.782491647167097
1974-06-26,14.571528318817032
1974-06-27,14.314963538581438
1974-06-28,14.217051236935736
1974-07-01,14.231717029709737
1974-07-02,13.925352605576618
1974-07-03,13.902922411583086
1974-07-05,13.84350606652374
1974-07-08,13.37958486837067
1974-07-09,13.455520717536224
1974-07-10,13.184607198598545
1974-07-11,13.105291880427954
1974-07-12,13.64212787690842
1974-07-15,13.74675264214924
1974-07-16,13.608338450003934
1974-07-17,13.744368969692953
1974-07-18,13.778065210857399
1974-07-19,13.763256502832178
1974-07-22,13.78915052225829
1974-07-23,13.923500867911319
1974-07-24,13.983517641240452
1974-07-25,13.831306407536804
1974-07-26,13.615326288188704
1974-07-29,13.376274715450924
1974-07-30,13.309122067275485
1974-07-31,13.136193227456584
1974-08-01,13.040943478313912
1974-08-02,13.005800960872373
1974-08-05,13.112537803434801
1974-08-06,13.340045668672225
1974-08-07,13.630032879877676
1974-08-08,13.480447936457285
1974-08-09,13.402579761270596
1974-08-12,13.263819837588457
1974-08-13,13.072878886165562
1974-08-14,12.79952682126485
1974-08-15,12.704921016588903
1974-08-16,12.59930717587692
1974-08-19,12.432833206572674
1974-08-20,12.474709319741446
1974-08-21,12.295890629386184
1974-08-22,12.224374364681077
1974-08-23,12.100037549873267
1974-08-26,12.145847551546876
1974-08-27,11.984017305822022
1974-08-28,11.94214632551355
1974-08-29,11.80181299740769
1974-08-30,12.123596447337025
1974-09-03,11.887009391961527
1974-09-04,11.588121831105612
1974-09-05,11.872689847740013
1974-09-06,11.934273320658468
1974-09-09,11.746635766507973
1974-09-10,11.672165916495253
1974-09-11,11.568572616756038
1974-09-12,11.28718295776098
1974-09-13,11.05266377120329
1974-09-16,11.20138362676429
1974-09-17,11.389301817838284
1974-09-18,11.43954825857949
1974-09-19,11.812593598403947
1974-09-20,11.852001345862545
1974-09-23,11.780499532641613
1974-09-24,11.58921449522253
1974-09-25,11.547465861647275
1974-09-26,11.3810597590449
1974-09-27,11.150294829011177
1974-09-30,10.897381518011695
1974-10-01,10.876626107882574
1974-10-02,10.896790383077859
1974-10-03,10.744944618690797
1974-10-04,10.767509062199567
1974-10-07,11.120202915814412
1974-10-08,11.14915518810568
1974-10-09,11.585353375689401
1974-10-10,11.920524131344802
1974-10-11,12.156599997274526
1974-10-14,12.434025183820108
1974-10-15,12.256101102613135
1974-10-16,12.134179132812722
1974-10-17,12.230310927321824
1974-10-18,12.354210433479171
1974-10-21,12.512967601789349
1974-10-22,12.483402932266094
1974-10-23,12.214526736298502
1974-10-24,12.110634358386083
1974-10-25,12.10189735920201
1974-10-28,12.07003366796924
1974-10-29,12.446127291163451
1974-10-30,12.648723634466624
1974-10-31,12.614045691715056
1974-11-01,12.634848336992128
1974-11-04,12.539415363364766
1974-11-05,12.816513775577816
1974-11-06,12.829895246850539
1974-11-07,12.922893775442885
1974-11-08,12.912452985272923
1974-11-11,12.95902021161882
1974-11-12,12.757574954769439
1974-11-13,12.703205606840617
1974-11-14,12.674798181361854
1974-11-15,12.525641650043324
1974-11-18,12.120522870185278
1974-11-19,11.950206777922185
1974-11-20,11.90556279968994
1974-11-21,11.803847534432432
1974-11-22,11.948684836921709
1974-11-25,11.93694420065501
1974-11-26,12.043577682356256
1974-11-27,12.14390286795396
1974-11-29,12.144874055399587
1974-12-02,11.869010952772946
1974-12-03,11.724553022749825
1974-12-04,11.751847275261882
1974-12-05,11.55510201274703
1974-12-06,11.370630361653763
1974-12-09,11.435939500192902
1974-12-10,11.702514769354012
1974-12-11,11.773766722749121
1974-12-12,11.731923854044474
1974-12-13,11.671649416481046
1974-12-16,11.566344786427827
1974-12-17,11.721010703845907
1974-12-18,11.780118676740722
1974-12-19,11.746065759210673
1974-12-20,11.615576701800075
1974-12-23,11.457718373799903
1974-12-24,11.598298132364464
1974-12-26,11.697233107790215
1974-12-27,11.644829724125357
1974-12-30,11.629856358428194
1974-12-31,11.864651092980575
1975-01-02,12.179032365463348
1975-01-03,12.284857007054372
1975-01-06,12.402758369602711
1975-01-07,12.412055069362866
1975-01-08,12.294300104537209
1975-01-09,12.469138072838112
1975-01-10,12.723882895606634
1975-01-13,12.672025965266862
1975-01-14,12.601222904823183
1975-01-15,12.640126282644145
1975-01-16,12.60051507412006
1975-01-17,12.48495147282258
1975-01-20,12.470662672520675
1975-01-21,12.467323908965481
1975-01-22,12.589253810879878
1975-01-23,12.651020633177035
1975-01-24,12.782177355276712
1975-01-27,13.127525158906733
1975-01-28,13.21463636450694
1975-01-29,13.343370043714502
1975-01-30,13.248439384523865
1975-01-31,13.336366970188784
1975-02-03,13.471322766766106
1975-02-04,13.470372243700844
1975-02-05,13.660684565509236
1975-02-06,13.586930745007813
1975-02-07,13.644997731487717
1975-02-10,13.608275280421447
1975-02-11,13.624525952198045
1975-02-12,13.820407871173098
1975-02-13,13.9383912672068
1975-02-14,13.977057323406594
1975-02-18,13.909544468838636
1975-02-19,13.971022969419298
1975-02-20,14.109286792001853
1975-02-21,14.170421027211132
1975-02-24,14.00521597746712
1975-02-25,13.77695237689545
1975-02-26,13.868711079437013
1975-02-27,13.94413330736551
1975-02-28,14.044679352071102
1975-03-03,14.253703289588058
1975-03-04,14.364502178320228
1975-03-05,14.267104450427638
1975-03-06,14.376838942442644
1975-03-07,14.46702411996211
1975-03-10,14.561115901351878
1975-03-11,14.502726033883146
1975-03-12,14.375764987987345
1975-03-13,14.39318449490728
1975-03-14,14.543740316263237
1975-03-17,14.697268868120771
1975-03-18,14.610134831604439
1975-03-19,14.4528775944922
1975-03-20,14.294423093739534
1975-03-21,14.260450777371611
1975-03-24,13.950718059072951
1975-03-25,14.076949908677014
1975-03-26,14.305591289895935
1975-03-27,14.360651950867943
1975-03-31,14.264005464054229
1975-04-01,14.13475643079472
1975-04-02,14.112349317150125
1975-04-03,13.992684862235027
1975-04-04,13.907369156955669
1975-04-07,13.815616204796132
1975-04-08,13.88444645067611
1975-04-09,14.142227148881126
1975-04-10,14.308116374429853
1975-04-11,14.405852980350096
1975-04-14,14.615969857813695
1975-04-15,14.71059881227739
1975-04-16,14.769240349585777
1975-04-17,14.881744167916201
1975-04-18,14.749130114367675
1975-04-21,14.89468321753429
1975-04-22,14.872592368733207
1975-04-23,14.709837762328956
1975-04-24,14.706291625172963
1975-04-25,14.818918314529137
1975-04-28,14.788777139617707
1975-04-29,14.6984310257808
1975-04-30,14.967945071944628
1975-05-01,15.108379393415476
1975-05-02,15.33009583249579
1975-05-05,15.469569309119262
1975-05-06,15.257854183921609
1975-05-07,15.306740493912686
1975-05-08,15.410783410979288
1975-05-09,15.577536617048377
1975-05-12,15.599730892032692
1975-05-13,15.701800112941545
1975-05-14,15.818585113080545
1975-05-15,15.735916844669026
1975-05-16,15.551654752374409
1975-05-19,15.53878967426106
1975-05-20,15.478993949354765
1975-05-21,15.304493595622393
1975-05-22,15.374751841313506
1975-05-23,15.582817099116724
1975-05-27,15.572229790404664
1975-05-28,15.482566254784235
1975-05-29,15.539924888441002
1975-05-30,15.812731928848853
1975-06-02,16.049055500894173
1975-06-03,16.080430174275847
1975-06-04,16.07665771720399
1975-06-05,16.099720179149248
1975-06-06,16.091350422190324
1975-06-09,15.908286701409127
1975-06-10,15.790650142368834
1975-06-11,15.82955451213596
1975-06-12,15.760191406230263
1975-06-13,15.875496890297237
1975-06-16,16.053488534467384
1975-06-17,15.917200395690477
1975-06-18,15.87856098975603
1975-06-19,16.185213638395933
1975-06-20,16.292114116187808
1975-06-23,16.446871897734642
1975-06-24,16.556175244516485
1975-06-25,16.591007300751695
1975-06-26,16.6044345049124
1975-06-27,16.5924435259091
1975-06-30,16.653299343483212
1975-07-01,16.620360334832252
1975-07-02,16.511379008223155
1975-07-03,16.560177279936845
1975-07-07,16.42400675133274
1975-07-08,16.350164780867622
1975-07-09,16.58091274741297
1975-07-10,16.607819652650438
1975-07-11,16.608511603851113
1975-07-14,16.685975843628967
1975-07-15,16.779643639306894
1975-07-16,16.631116498936382
1975-07-17,16.49482602686077
1975-07-18,16.434561673070004
1975-07-21,16.350625758130796
1975-07-22,16.16964270408756
1975-07-23,15.961796864937964
1975-07-24,15.901363235670631
1975-07-25,15.7940185494548
1975-07-28,15.697736862547986
1975-07-29,15.60413246977796
1975-07-30,15.714317415754634
1975-07-31,15.733637196236193
1975-08-01,15.614105295941883
1975-08-04,15.469661165287098
1975-08-05,15.323241348918794
1975-08-06,15.304204654419873
1975-08-07,15.311250789621717
1975-08-08,15.269382644871001
1975-08-11,15.33285597943379
1975-08-12,15.442300949619435
1975-08-13,15.276142610567334
1975-08-14,15.185882862063897
1975-08-15,15.284379702774395
1975-08-18,15.270085523415181
1975-08-19,15.064512233788426
1975-08-20,14.716146561940183
1975-08-21,14.698748655467412
1975-08-22,14.892167379774678
1975-08-25,15.029161102370475
1975-08-26,14.850277955412357
1975-08-27,14.90148406573276
1975-08-28,15.213036008491743
1975-08-29,15.33320680223225
1975-09-02,15.133403956045145
1975-09-03,15.21091565596356
1975-09-04,15.234117462065907
1975-09-05,15.139482560472372
1975-09-08,15.161031071855831
1975-09-09,14.954280492313925
1975-09-10,14.794346078347413
1975-09-11,14.746629284390234
1975-09-12,14.715608982903237
1975-09-15,14.61948577492201
1975-09-16,14.48808186974709
1975-09-17,14.53367231196465
1975-09-18,14.763389095446461
1975-09-19,15.007873394877537
1975-09-22,14.924887952434162
1975-09-23,14.878733916110972
1975-09-24,15.016292118874862
1975-09-25,15.016074998095378
1975-09-26,15.118678011431687
1975-09-29,14.969520472520875
1975-09-30,14.779021305144335
1975-10-01,14.616783504900118
1975-10-02,14.72746368666104
1975-10-03,15.04502355443545
1975-10-06,15.17093697982693
1975-10-07,15.14684572726049
1975-10-08,15.338144605026407
1975-10-09,15.400728705735764
1975-10-10,15.360013500853354
1975-10-13,15.548976843525708
1975-10-14,15.507324396216493
1975-10-15,15.520927678221337
1975-10-16,15.525484873338371
1975-10-17,15.454852993250192
1975-10-20,15.616576185424956
1975-10-21,15.754538098874768
1975-10-22,15.816079759677695
1975-10-23,15.895264399161926
1975-10-24,15.669119993072046
1975-10-27,15.656810239049209
1975-10-28,15.774106210174002
1975-10-29,15.592594363551244
1975-10-30,15.591842894688602
1975-10-31,15.596143729757962
1975-11-03,15.48202379798116
1975-11-04,15.55947942487132
1975-11-05,15.711627127537493
1975-11-06,15.809086751457189
1975-11-07,15.793934263162168
1975-11-10,15.77332451697897
1975-11-11,15.884452249174135
1975-11-12,16.105420080506153
1975-11-13,16.097693920073315
1975-11-14,16.077295529398228
1975-11-17,16.141778206446435
1975-11-18,16.09469886094138
1975-11-19,15.935848760622779
1975-11-20,15.87674109116959
1975-11-21,15.883465021640621
1975-11-24,15.970708059834315
1975-11-25,16.111491312365125
1975-11-26,16.136418455856216
1975-11-28,16.175781809306173
1975-12-01,16.090348841512395
1975-12-02,15.868461123592827
1975-12-03,15.536773161095148
1975-12-04,15.561555285465554
1975-12-05,15.444988547538745
1975-12-08,15.495069057435565
1975-12-09,15.516778641218261
1975-12-10,15.60935010132855
1975-12-11,15.589987610850363
1975-12-12,15.605272384281776
1975-12-15,15.688668085791361
1975-12-16,15.802137739071739
1975-12-17,15.798257723848787
1975-12-18,15.881088615638031
1975-12-19,15.767045251892329
1975-12-22,15.686504237306826
1975-12-23,15.770589332921414
1975-12-24,15.838646204092559
1975-12-26,15.997090158669188
1975-12-29,15.92645102708927
1975-12-30,15.897950118599939
1975-12-31,15.98001920814044
1976-01-02,16.106022055557016
1976-01-05,16.389174469944834
1976-01-06,16.547328536549344
1976-01-07,16.633596289242274
1976-01-08,16.78483502817785
1976-01-09,16.902397006381904
1976-01-12,17.166129411825338
1976-01-13,17.00675087535219
1976-01-14,17.297417643395192
1976-01-15,17.21960534394003
1976-01-16,17.291453116507196
1976-01-19,17.52364696023602
1976-01-20,17.652254096469488
1976-01-21,17.579851936992778
1976-01-22,17.556704681909427
1976-01-23,17.755605091535255
1976-01-26,17.842361540316226
1976-01-27,17.70921869981033
1976-01-28,17.610774720686095
1976-01-29,17.88963477817638
1976-01-30,18.004354062451583
1976-02-02,18.014436485025158
1976-02-03,18.059220391558963
1976-02-04,18.166066627085247
1976-02-05,17.920900413325178
1976-02-06,17.801471939330597
1976-02-09,17.84591683278893
1976-02-10,18.010559314541656
1976-02-11,18.081119606011868
1976-02-12,18.018856081256825
1976-02-13,17.968423025292317
1976-02-17,17.90273816609867
1976-02-18,18.056827940124478
1976-02-19,18.380726220777127
1976-02-20,18.518198172554353
1976-02-23,18.450871463726298
1976-02-24,18.57036544231827
1976-02-25,18.55615158557976
1976-02-26,18.28545371306094
1976-02-27,18.16797963333578
1976-03-01,18.2414677681659
1976-03-02,18.35499783981508
1976-03-03,18.256152553230915
1976-03-04,18.07634988581647
1976-03-05,18.11636034019025
1976-03-08,18.331784621193723
1976-03-09,18.360747675960997
1976-03-10,18.419859904777187
1976-03-11,18.561497817974434
1976-03-12,18.380710973080706
1976-03-15,18.175899042628327
1976-03-16,18.36740704826533
1976-03-17,18.350335339504202
1976-03-18,18.234947322929138
1976-03-19,18.252140794726664
1976-03-22,18.250379785404085
1976-03-23,18.465565191133056
1976-03-24,18.679894979376066
1976-03-25,18.55051271589637
1976-03-26,18.57657240536355
1976-03-29,18.478787947062937
1976-03-30,18.413336847181263
1976-03-31,18.517498604926182
1976-04-01,18.43297118365346
1976-04-02,18.458488536750707
1976-04-05,18.708203540580534
1976-04-06,18.69318006923921
1976-04-07,18.46563273289565
1976-04-08,18.285040742325684
1976-04-09,18.093586166677575
1976-04-12,18.062236019593016
1976-04-13,18.19327056328101
1976-04-14,18.058081475649576
1976-04-15,18.109678613656627
1976-04-19,18.23524402100166
1976-04-20,18.514757629738156
1976-04-21,18.557811890366377
1976-04-22,18.535203384813556
1976-04-23,18.403582633469956
1976-04-26,18.437318625252512
1976-04-27,18.328697399788023
1976-04-28,18.38583955141109
1976-04-29,18.371043685204448
1976-04-30,18.298489926284233
1976-05-03,18.124960295768272
1976-05-04,18.244135856739785
1976-05-05,18.169021433810517
1976-05-06,18.22959137307874
1976-05-07,18.359863060715405
1976-05-10,18.585232525971197
1976-05-11,18.550215811541232
1976-05-12,18.528342278603535
1976-05-13,18.43643786422304
1976-05-14,18.295690017833074
1976-05-17,18.26638049447946
1976-05-18,18.31758219498117
1976-05-19,18.304811234537272
1976-05-20,18.402122484837573
1976-05-21,18.296536997373163
1976-05-24,17.97603332912527
1976-05-25,17.994274793063546
1976-05-26,18.013116088709594
1976-05-27,18.041421350672614
1976-05-28,18.192493879881585
1976-06-01,18.167480744286063
1976-06-02,18.265136607882166
1976-06-03,18.282939307390205
1976-06-04,18.121382933304062
1976-06-07,18.05076818732876
1976-06-08,18.083884650635454
1976-06-09,18.088017964813044
1976-06-10,18.261487949776736
1976-06-11,18.473426176789854
1976-06-14,18.664344547280812
1976-06-15,18.551798461911762
1976-06-16,18.627838231464295
1976-06-17,18.875050316415194
1976-06-18,18.904278337765874
1976-06-21,18.970712384804784
1976-06-22,18.847459688164054
1976-06-23,18.82363154972896
1976-06-24,18.96915356607208
1976-06-25,18.971563170535905
1976-06-28,18.932731222713052
1976-06-29,19.010490737626604
1976-06-30,19.08143253251355
1976-07-01,18.964795440812086
1976-07-02,19.03919169095396
1976-07-06,18.933637185785738
1976-07-07,19.00633975985804
1976-07-08,19.046591102824582
1976-07-09,19.21163202130753
1976-07-12,19.355961708122305
1976-07-13,19.319625439238383
1976-07-14,19.372567439540227
1976-07-15,19.26586343797124
1976-07-16,19.16267490492653
1976-07-19,19.08569949538
1976-07-20,18.97776357938168
1976-07-21,18.971934887666947
1976-07-22,19.011941184152302
1976-07-23,19.016411258448368
1976-07-26,19.04402214841542
1976-07-27,18.940672484226628
1976-07-28,18.866136905003252
1976-07-29,18.82562017155852
1976-07-30,18.91078212908369
1976-08-02,18.901480242769722
1976-08-03,19.11292195703587
1976-08-04,19.13571810084943
1976-08-05,19.050861859195845
1976-08-06,19.093551558125046
1976-08-09,19.053362503418192
1976-08-10,19.187436913268876
1976-08-11,19.14590989346254
1976-08-12,19.180718193031268
1976-08-13,19.188360341773645
1976-08-16,19.26065158765724
1976-08-17,19.278857365686978
1976-08-18,19.253567869157198
1976-08-19,19.068473534736487
1976-08-20,18.923083728758435
1976-08-23,18.848092208161702
1976-08-24,18.731551161020487
1976-08-25,18.90372371841208
1976-08-26,18.7720988067266
1976-08-27,18.80708992419728
1976-08-30,18.93415765577073
1976-08-31,19.071771596601756
1976-09-01,19.213831928203742
1976-09-02,19.209923086264414
1976-09-03,19.302315493275916
1976-09-07,19.42668404643381
1976-09-08,19.39141672012624
1976-09-09,19.386521613356425
1976-09-10,19.461033342249422
1976-09-13,19.4236144714613
1976-09-14,19.384569336453364
1976-09-15,19.443563389818625
1976-09-16,19.618941204825855
1976-09-17,19.7803101044446
1976-09-20,19.804122578355003
1976-09-21,20.009038500523047
1976-09-22,19.96268394527198
1976-09-23,19.894897580004812
1976-09-24,19.8545945672312
1976-09-27,19.923848824576957
1976-09-28,19.728414991107083
1976-09-29,19.63891149557577
1976-09-30,19.610961388047105
1976-10-01,19.46832138589352
1976-10-04,19.443567889702543
1976-10-05,19.33523133278601
1976-10-06,19.27484459409228
1976-10-07,19.401633947881113
1976-10-08,19.243948193945094
1976-10-11,19.077751965650492
1976-10-12,18.920166841280327
1976-10-13,19.13400665724248
1976-10-14,18.917273888383143
1976-10-15,18.922060101901657
1976-10-18,19.005581458050333
1976-10-19,18.999463182522533
1976-10-20,19.0394196813832
1976-10-21,18.898251885859565
1976-10-22,18.767610750888753
1976-10-25,18.779159723943046
1976-10-26,18.93622508562316
1976-10-27,19.05349856920084
1976-10-28,19.04630342785367
1976-10-29,19.27190862417158
1976-11-01,19.32235669102739
1976-11-03,19.123261149832313
1976-11-04,19.25593555384913
1976-11-05,19.06001088496917
1976-11-08,18.87101292914266
1976-11-09,18.823904002081107
1976-11-10,18.644591021810005
1976-11-11,18.77611575742952
1976-11-12,18.73800996858739
1976-11-15,18.832159114100484
1976-11-16,18.754027446924656
1976-11-17,18.847749693107133
1976-11-18,19.122365138439815
1976-11-19,19.185383504052993
1976-11-22,19.33046723583718
1976-11-23,19.228598469619183
1976-11-24,19.312486159828502
1976-11-26,19.45299863314604
1976-11-29,19.363371184628917
1976-11-30,19.313725440660424
1976-12-01,19.430289636954267
1976-12-02,19.389989369702036
1976-12-03,19.50667160137185
1976-12-06,19.62928463738365
1976-12-07,19.631384414757672
1976-12-08,19.725798355834037
1976-12-09,19.860682801761477
1976-12-10,19.91939024929468
1976-12-13,19.95350899740421
1976-12-14,20.021098010243747
1976-12-15,20.042497526499137
1976-12-16,19.997044443376762
1976-12-17,19.851202311532127
1976-12-20,19.77739852226308
1976-12-21,19.88344247306026
1976-12-22,19.998745174426812
1976-12-23,20.002393373296098
1976-12-27,20.194006071280963
1976-12-28,20.310680333717993
1976-12-29,20.253445566984652
1976-12-30,20.324267272861825
1976-12-31,20.436315158649112
1977-01-03,20.39004098357084
1977-01-04,20.223710483539072
1977-01-05,20.09103378621158
1977-01-06,20.127764066096702
1977-01-07,20.15385990063738
1977-01-10,20.187349891394984
1977-01-11,20.03046219197818
1977-01-12,19.915350293165478
1977-01-13,20.09365810769507
1977-01-14,20.12166034555149
1977-01-17,20.095699405177637
1977-01-18,20.05831475485492
1977-01-19,20.162016624937774
1977-01-20,20.056267585377544
1977-01-21,20.143201027279787
1977-01-24,20.17993578780563
1977-01-25,20.233505510954956
1977-01-26,20.13886121167567
1977-01-27,20.031483561368713
1977-01-28,20.017289673795926
1977-01-31,20.024842452054862
1977-02-01,20.13004530919903
1977-02-02,20.140981044464905
1977-02-03,20.09817234520713
1977-02-04,20.118656975923393
1977-02-07,20.14537588177255
1977-02-08,20.11333147703806
1977-02-09,19.924860654209017
1977-02-10,19.86996714014317
1977-02-11,19.729563341879324
1977-02-14,19.775810323539996
1977-02-15,19.795298459558857
1977-02-16,19.890743611922655
1977-02-17,19.810541971432283
1977-02-18,19.751353348278833
1977-02-22,19.715840331259056
1977-02-23,19.671195235294153
1977-02-24,19.607390364920988
1977-02-25,19.545301944761473
1977-02-28,19.604875961894237
1977-03-01,19.75515881756954
1977-03-02,19.719582735285275
1977-03-03,19.783025174466857
1977-03-04,19.800338358703257
1977-03-07,19.795536119578447
1977-03-08,19.7701338658511
1977-03-09,19.65077319641454
1977-03-10,19.69054819345459
1977-03-11,19.655851630162527
1977-03-14,19.743657165240258
1977-03-15,19.794345839046095
1977-03-16,19.854675608048602
1977-03-17,19.82862892617625
1977-03-18,19.77984406805629
1977-03-21,19.71715644921579
1977-03-22,19.65142259167702
1977-03-23,19.34541652418765
1977-03-24,19.269046146806154
1977-03-25,19.195152939431313
1977-03-28,19.217988491736115
1977-03-29,19.35744489637657
1977-03-30,19.16576965455641
1977-03-31,19.166921738903934
1977-04-01,19.334279711344053
1977-04-04,19.189380304939675
1977-04-05,19.166546073639545
1977-04-06,19.155394135158065
1977-04-07,19.21677034047469
1977-04-11,19.29396119727378
1977-04-12,19.491601295895894
1977-04-13,19.460288231976914
1977-04-14,19.564718075391355
1977-04-15,19.53815880431545
1977-04-18,19.542708752363094
1977-04-19,19.51120773731565
1977-04-20,19.613191321411975
1977-04-21,19.55455906385916
1977-04-22,19.348751822107147
1977-04-25,19.15960811138235
1977-04-26,19.167805597905254
1977-04-27,19.26512874032551
1977-04-28,19.290313735341833
1977-04-29,19.35791111855888
1977-05-02,19.445575124472505
1977-05-03,19.552673061477957
1977-05-04,19.685534632118664
1977-05-05,19.773330955260814
1977-05-06,19.72412736722674
1977-05-09,19.68741618386455
1977-05-10,19.745527098384237
1977-05-11,19.69795047734189
1977-05-12,19.6690580061796
1977-05-13,19.72586615271214
1977-05-16,19.778339070811864
1977-05-17,19.80956011081537
1977-05-18,19.907321269812336
1977-05-19,19.85228026658325
1977-05-20,19.807343124013546
1977-05-23,19.635864587600604
1977-05-24,19.5570716645449
1977-05-25,19.403329027688496
1977-05-26,19.43494558635288
1977-05-27,19.352680932079576
1977-05-31,19.31811696930797
1977-06-01,19.44343597859202
1977-06-02,19.43869623907539
1977-06-03,19.569867438901856
1977-06-06,19.5293908754618
1977-06-07,19.575674759874385
1977-06-08,19.671497419397067
1977-06-09,19.682707647084534
1977-06-10,19.72404297280235
1977-06-13,19.7638187277678
1977-06-14,19.925058784938685
1977-06-15,19.903833342369254
1977-06-16,19.979639741239374
1977-06-17,20.00289397637428
1977-06-20,20.104730166703288
1977-06-21,20.21465531409077
1977-06-22,20.195289956379142
1977-06-23,20.262018127041166
1977-06-24,20.342663148909324
1977-06-27,20.356902704333336
1977-06-28,20.239028508499025
1977-06-29,20.210561504518655
1977-06-30,20.29057099093042
1977-07-01,20.26686301475431
1977-07-05,20.26132197328208
1977-07-06,20.22992347103451
1977-07-07,20.311142338447834
1977-07-08,20.332083214733
1977-07-11,20.277012899575748
1977-07-12,20.31185997497598
1977-07-13,20.384538162886376
1977-07-15,20.473558598557972
1977-07-18,20.573831143726068
1977-07-19,20.682995782480372
1977-07-20,20.65523221168213
1977-07-21,20.62085785437592
1977-07-22,20.632554956598042
1977-07-25,20.48334519751971
1977-07-26,20.360794159221523
1977-07-27,20.024607561144688
1977-07-28,20.084169669775914
1977-07-29,20.08824018174582
1977-08-01,20.14251609362951
1977-08-02,20.057034518358222
1977-08-03,20.002341737050926
1977-08-04,20.08264996402438
1977-08-05,20.09893074944708
1977-08-08,20.003334417524172
1977-08-09,20.004502687562933
1977-08-10,20.11007088821701
1977-08-11,20.024997346615
1977-08-12,19.976426534774937
1977-08-15,20.016436171468516
1977-08-16,19.960287080566125
1977-08-17,19.956509215251305
1977-08-18,19.97695102721285
1977-08-19,19.962901739821916
1977-08-22,20.035233847235293
1977-08-23,20.016379892462194
1977-08-24,19.91928961370835
1977-08-25,19.765450797303025
1977-08-26,19.7592295490767
1977-08-29,19.91759126771301
1977-08-30,19.808678922094302
1977-08-31,19.869825128406525
1977-09-01,19.868795619956817
1977-09-02,19.965359562690804
1977-09-06,19.97381393661873
1977-09-07,19.987319680012078
1977-09-08,19.85933957386065
1977-09-09,19.70337175827456
1977-09-12,19.65926134481137
1977-09-13,19.67805099750338
1977-09-14,19.751896808039007
1977-09-15,19.83012926189105
1977-09-16,19.752247096034544
1977-09-19,19.63592566025318
1977-09-20,19.669990419974585
1977-09-21,19.555176295302914
1977-09-22,19.55139238594407
1977-09-23,19.56406708394525
1977-09-26,19.6220952859434
1977-09-27,19.59269173923538
1977-09-28,19.60159838804398
1977-09-29,19.702258394075596
1977-09-30,19.822497968482864
1977-10-03,19.874012957929768
1977-10-04,19.73609934977444
1977-10-05,19.64914645104156
1977-10-06,19.729838095377506
1977-10-07,19.740593582787703
1977-10-10,19.718881114973506
1977-10-11,19.59222013880761
1977-10-12,19.42737281316096
1977-10-13,19.286159203994135
1977-10-14,19.279598609656016
1977-10-17,19.25627733077662
1977-10-18,19.25864219006415
1977-10-19,19.06015070427155
1977-10-20,19.102870641808558
1977-10-21,19.07835517939876
1977-10-24,18.954765366115158
1977-10-25,18.79662536989586
1977-10-26,18.92939110882002
1977-10-27,18.99714047199071
1977-10-28,19.04018974374323
1977-10-31,19.01117428138988
1977-11-01,18.82507195967904
1977-11-02,18.729225998102038
1977-11-03,18.755137784108193
1977-11-04,18.923828772573216
1977-11-07,19.08402317485704
1977-11-08,19.122836250615737
1977-11-09,19.21311543440661
1977-11-10,19.558840726111644
1977-11-11,19.793282422082456
1977-11-14,19.708285483545502
1977-11-15,19.837973616982026
1977-11-16,19.768162067827944
1977-11-17,19.725730392349934
1977-11-18,19.77736090613963
1977-11-21,19.7600821711732
1977-11-22,19.929734113907866
1977-11-23,19.996483611971986
1977-11-25,20.003268488695817
1977-11-28,19.913374222102316
1977-11-29,19.687100657224615
1977-11-30,19.704900835029182
1977-12-01,19.72952527660913
1977-12-02,19.743412612953705
1977-12-05,19.682464718445207
1977-12-06,19.428745432700794
1977-12-07,19.402134122996923
1977-12-08,19.433895670917636
1977-12-09,19.557003100498555
1977-12-12,19.57310900185117
1977-12-13,19.570040946558425
1977-12-14,19.614779107166246
1977-12-15,19.568405594552782
1977-12-16,19.555720941662724
1977-12-19,19.441538852310316
1977-12-20,19.38959562550156
1977-12-21,19.49774879399576
1977-12-22,19.630551789362283
1977-12-23,19.808957793038843
1977-12-27,19.798099369884245
1977-12-28,19.819545710692267
1977-12-29,19.872396827292174
1977-12-30,19.909483267113217
1978-01-03,19.671908169340163
1978-01-04,19.613507134614718
1978-01-05,19.43205832569559
1978-01-06,19.24106454267549
1978-01-09,19.072573799278288
1978-01-10,18.96710611345816
1978-01-11,18.865288998239222
1978-01-12,18.9177020266127
1978-01-13,18.90683424567145
1978-01-16,18.91000893746465
1978-01-17,19.015843697085526
1978-01-18,19.13399806070581
1978-01-19,19.076605818564904
1978-01-20,19.042306865720104
1978-01-23,18.93588009824205
1978-01-24,18.94549062062728
1978-01-25,18.97407665636405
1978-01-26,18.840661759572477
1978-01-27,18.84139885611796
1978-01-30,18.97927289460456
1978-01-31,18.968787913900613
1978-02-01,19.11693280279709
1978-02-02,19.171224714027158
1978-02-03,19.13249342669616
1978-02-06,19.13223249861189
1978-02-07,19.271979211632527
1978-02-08,19.367295661249777
1978-02-09,19.301928190143467
1978-02-10,19.278539232784297
1978-02-13,19.239346971477776
1978-02-14,19.115442274878987
1978-02-15,19.06888056036946
1978-02-16,18.927304063041024
1978-02-17,18.90717369077502
1978-02-21,18.840903565851228
1978-02-22,18.85653501668863
1978-02-23,18.892085473334014
1978-02-24,19.059918078410096
1978-02-27,18.944698092899745
1978-02-28,18.807771314932534
1978-03-01,18.82036319316382
1978-03-02,18.863724864368127
1978-03-03,18.893226712444843
1978-03-06,18.808162358615114
1978-03-07,18.89831074034971
1978-03-08,18.9679766880015
1978-03-09,19.02367189576219
1978-03-10,19.204161768161804
1978-03-13,19.220285829786125
1978-03-14,19.284224222767158
1978-03-15,19.276024410699105
1978-03-16,19.369601950821966
1978-03-17,19.462854677568455
1978-03-20,19.56443919425466
1978-03-21,19.453278519791002
1978-03-22,19.41372109279727
1978-03-23,19.394096225543507
1978-03-27,19.29581702387111
1978-03-28,19.420169458096204
1978-03-29,19.443199532069727
1978-03-30,19.40257324273974
1978-03-31,19.368362525704107
1978-04-03,19.256495919530362
1978-04-04,19.337402909389105
1978-04-05,19.451660085671715
1978-04-06,19.483734705914426
1978-04-07,19.558828167382483
1978-04-10,19.5908078229115
1978-04-11,19.550313235781445
1978-04-12,19.577340268435815
1978-04-13,19.770470014458624
1978-04-14,20.07556410914061
1978-04-17,20.266440398312454
1978-04-18,20.088125017276973
1978-04-19,20.142631152900343
1978-04-20,20.3263786761601
1978-04-21,20.322227746058594
1978-04-24,20.524451423818363
1978-04-25,20.67524430951007
1978-04-26,20.719871178607534
1978-04-27,20.555525862577916
1978-04-28,20.649583600079705
1978-05-01,20.83448691402846
1978-05-02,20.806543984374397
1978-05-03,20.667883610940653
1978-05-04,20.639912117660067
1978-05-05,20.75369672963487
1978-05-08,20.725278011374712
1978-05-09,20.692609991059754
1978-05-10,20.72159402633526
1978-05-11,20.999617595489912
1978-05-12,21.187507422555527
1978-05-15,21.32963402890998
1978-05-16,21.496233457195988
1978-05-17,21.543382556354917
1978-05-18,21.407855997276663
1978-05-19,21.305823803798514
1978-05-22,21.50551353716554
1978-05-23,21.31235520960382
1978-05-24,21.132663361762347
1978-05-25,21.08069345243466
1978-05-26,21.076078482490924
1978-05-30,21.146612066431146
1978-05-31,21.181466630038724
1978-06-01,21.20995952479608
1978-06-02,21.371604782130305
1978-06-05,21.65413659180089
1978-06-06,21.733828602387817
1978-06-07,21.711794374374875
1978-06-08,21.76148601373632
1978-06-09,21.6855659311174
1978-06-12,21.583849715685403
1978-06-13,21.592989898950318
1978-06-14,21.661177395296214
1978-06-15,21.45504328453642
1978-06-16,21.296351897781282
1978-06-19,21.240014258395373
1978-06-20,21.035232666747458
1978-06-21,20.865914669566177
1978-06-22,20.92336239446511
1978-06-23,20.908755762895883
1978-06-26,20.602442990946454
1978-06-27,20.645709367541386
1978-06-28,20.744763130592737
1978-06-29,20.80735307258642
1978-06-30,20.84166073087816
1978-07-03,20.806737944502842
1978-07-05,20.628073221530553
1978-07-06,20.62407345601581
1978-07-07,20.749644989154064
1978-07-10,20.839116983615448
1978-07-11,20.949805133645583
1978-07-12,21.01894870243791
1978-07-13,21.02546340625933
1978-07-14,21.271003808362188
1978-07-17,21.321092715875267
1978-07-18,21.172448273150135
1978-07-19,21.415891632328655
1978-07-20,21.411254296722742
1978-07-21,21.31766163232746
1978-07-24,21.311480219047997
1978-07-25,21.45753952772454
1978-07-26,21.58299109111741
1978-07-27,21.75497860380887
1978-07-28,21.893111052310466
1978-07-31,22.106553255913894
1978-08-01,22.054754044430403
1978-08-02,22.543373022840637
1978-08-03,22.6014522387641
1978-08-04,22.70102497729178
1978-08-07,22.698306564124533
1978-08-08,22.827134073692456
1978-08-09,22.978742329345348
1978-08-10,22.819272555433596
1978-08-11,22.89470006428937
1978-08-14,22.922542293916184
1978-08-15,22.86848678223212
1978-08-16,23.056561235376684
1978-08-17,23.202160443947356
1978-08-18,23.12632522205617
1978-08-21,22.895149472785867
1978-08-22,22.98524314591639
1978-08-23,23.155720287452585
1978-08-24,23.2605867043275
1978-08-25,23.273113984047207
1978-08-28,23.12260059207234
1978-08-29,23.02190752234729
1978-08-30,23.106953210943683
1978-08-31,23.048040756269405
1978-09-01,23.12589541412335
1978-09-05,23.261286423108437
1978-09-06,23.45473178326832
1978-09-07,23.508324057754233
1978-09-08,23.766202883477153
1978-09-11,23.838226042193664
1978-09-12,23.89715187789014
1978-09-13,23.782540302687487
1978-09-14,23.563645691961696
1978-09-15,23.312490914278662
1978-09-18,22.975291270876717
1978-09-19,22.73748172772596
1978-09-20,22.492543584413543
1978-09-21,22.483444147697842
1978-09-22,22.48635122704141
1978-09-25,22.485830973897396
1978-09-26,22.645496677946937
1978-09-27,22.432432782538736
1978-09-28,22.503397193488624
1978-09-29,22.634299019321595
1978-10-02,22.726060131485923
1978-10-03,22.67419225721
1978-10-04,22.751216326273386
1978-10-05,22.82439713930393
1978-10-06,22.890248978001477
1978-10-09,23.117049663012967
1978-10-10,23.061359893988286
1978-10-11,23.240056131901444
1978-10-12,23.110084613710725
1978-10-13,23.105543850143917
1978-10-16,22.748250193121024
1978-10-17,22.51096567255022
1978-10-18,22.296860487478007
1978-10-19,22.051227986722726
1978-10-20,21.711424348156125
1978-10-23,21.73759589822626
1978-10-24,21.63815793289506
1978-10-25,21.58355121193738
1978-10-26,21.1733522532356
1978-10-27,20.731429333220426
1978-10-30,20.685909451395407
1978-10-31,20.309509248181076
1978-11-01,21.132217648100855
1978-11-02,20.94173736742936
1978-11-03,21.012540774138508
1978-11-06,20.866217366053437
1978-11-07,20.55986842461757
1978-11-08,20.641246734291965
1978-11-09,20.671360093752913
1978-11-10,20.771176204031455
1978-11-13,20.44249166369566
1978-11-14,20.24076668538614
1978-11-15,20.31134754873382
1978-11-16,20.514038558247606
1978-11-17,20.706665771141555
1978-11-20,20.899835387802405
1978-11-21,20.880462864167352
1978-11-22,20.99939355201645
1978-11-24,21.09301836105968
1978-11-27,21.13467125213248
1978-11-28,20.97352505749948
1978-11-29,20.669069261815494
1978-11-30,20.862501857643434
1978-12-01,21.188320604258447
1978-12-04,21.212992835211406
1978-12-05,21.478595202902692
1978-12-06,21.528825429740493
1978-12-07,21.454302119201955
1978-12-08,21.380044930366374
1978-12-11,21.449812765200242
1978-12-12,21.36626070023423
1978-12-13,21.23976626072481
1978-12-14,21.2453534268393
1978-12-15,21.10624846108542
1978-12-18,20.644724791175225
1978-12-19,20.827962570838476
1978-12-20,20.93360173325595
1978-12-21,20.94154330217347
1978-12-22,21.311936419636314
1978-12-26,21.54019256876376
1978-12-27,21.359774516608216
1978-12-28,21.295672360428338
1978-12-29,21.24614584302783
1979-01-02,21.38663706623644
1979-01-03,21.632881180242325
1979-01-04,21.740687040577377
1979-01-05,21.869933189044307
1979-01-08,21.813497239886303
1979-01-09,21.93733534116598
1979-01-10,21.830922431603668
1979-01-11,22.103496010985307
1979-01-12,22.296735952564894
1979-01-15,22.513199323404812
1979-01-16,22.16481074272008
1979-01-17,22.152342287743526
1979-01-18,22.241515312311567
1979-01-19,22.140559071442734
1979-01-22,22.251058106621525
1979-01-23,22.33229004474722
1979-01-24,22.189970560030922
1979-01-25,22.40882015072881
1979-01-26,22.54028448387786
1979-01-29,22.45382931397155
1979-01-30,22.36718500033072
1979-01-31,22.101614608097645
1979-02-01,22.192221257055106
1979-02-02,22.10767895240658
1979-02-05,21.84590839847266
1979-02-06,21.784004199173687
1979-02-07,21.63311598184255
1979-02-08,21.776320897136753
1979-02-09,21.88329548323347
1979-02-12,22.016896916392653
1979-02-13,22.19228512996012
1979-02-14,22.196551713944125
1979-02-15,22.217073122769797
1979-02-16,22.185958083507668
1979-02-20,22.3049122558249
1979-02-21,22.249816981022647
1979-02-22,22.139032993588145
1979-02-23,22.018284614916908
1979-02-26,21.999952746566006
1979-02-27,21.691619687292132
1979-02-28,21.698177671362096
1979-03-01,21.866946195466593
1979-03-02,21.895134437392855
1979-03-05,22.11572403686874
1979-03-06,22.103439851632064
1979-03-07,22.246194880446883
1979-03-08,22.49319701710825
1979-03-09,22.52651861102913
1979-03-12,22.58893832254374
1979-03-13,22.689569944429955
1979-03-14,22.721494650435336
1979-03-15,22.876802491444764
1979-03-16,23.18950805970933
1979-03-19,23.268868947033614
1979-03-20,23.119066058788846
1979-03-21,23.241312794291353
1979-03-22,23.301701529924692
1979-03-23,23.249589632047112
1979-03-26,23.1444314158666
1979-03-27,23.535809594052417
1979-03-28,23.443057905078998
1979-03-29,23.439176057354725
1979-03-30,23.344150834984806
1979-04-02,23.197189906911873
1979-04-03,23.581573885403763
1979-04-04,23.654591468093855
1979-04-05,23.87609691786963
1979-04-06,23.868124762265452
1979-04-09,23.785425732253632
1979-04-10,23.862970037884363
1979-04-11,23.560723175862975
1979-04-12,23.492169484738866
1979-04-16,23.306186193517618
1979-04-17,23.30020420737292
1979-04-18,23.421834667794865
1979-04-19,23.311787586380618
1979-04-20,23.3380930785262
1979-04-23,23.49810793715669
1979-04-24,23.70479449011343
1979-04-25,23.817335835735786
1979-04-26,23.720451062709262
1979-04-27,23.689100386979487
1979-04-30,23.677804105697113
1979-05-01,23.694600612807445
1979-05-02,23.749775756419904
1979-05-03,23.74334945768308
1979-05-04,23.503283829145094
1979-05-07,23.01915911976997
1979-05-08,22.991542643441733
1979-05-09,23.04827046645765
1979-05-10,22.815340958088633
1979-05-11,22.82523150671465
1979-05-14,22.680588431503097
1979-05-15,22.71823341816801
1979-05-16,22.793489035196
1979-05-17,23.22389159241325
1979-05-18,23.279114277407828
1979-05-21,23.344691946913144
1979-05-22,23.49924778449523
1979-05-23,23.370168777459845
1979-05-24,23.42019909138031
1979-05-25,23.51703530812567
1979-05-29,23.496269960083783
1979-05-30,23.24040946757164
1979-05-31,23.263004962488424
1979-06-01,23.298416321483035
1979-06-04,23.289184038493577
1979-06-05,23.670525311495492
1979-06-06,23.776202326090687
1979-06-07,23.934333923758995
1979-06-08,23.935055781000326
1979-06-11,24.022668774350617
1979-06-12,24.22722724198895
1979-06-13,24.0023327022969
1979-06-14,23.97058301390224
1979-06-15,23.99788154567851
1979-06-18,23.85194851483535
1979-06-19,23.841966588955618
1979-06-20,23.883076487748887
1979-06-21,24.02293074079804
1979-06-22,24.16486769216016
1979-06-25,24.05653171778631
1979-06-26,23.948874512785647
1979-06-27,24.122776875256374
1979-06-28,24.32026868080487
1979-06-29,24.3784418320586
1979-07-02,24.164819853830423
1979-07-03,24.203481506225067
1979-07-05,24.338451144401407
1979-07-06,24.6317734853389
1979-07-09,24.875415804950283
1979-07-10,24.796914782470555
1979-07-11,24.639122764171262
1979-07-12,24.449940416890158
1979-07-13,24.382726580371468
1979-07-16,24.526886552758373
1979-07-17,24.29519695983762
1979-07-18,24.209046057852827
1979-07-19,24.21819551943538
1979-07-20,24.306891396924907
1979-07-23,24.240145650794634
1979-07-24,24.33710030450713
1979-07-25,24.617634481041513
1979-07-26,24.672890299359874
1979-07-27,24.738083101298116
1979-07-30,24.788373239960624
1979-07-31,24.927019267518023
1979-08-01,24.975929972510166
1979-08-02,24.983346326856335
1979-08-03,24.959687219918823
1979-08-06,24.97592605331468
1979-08-07,25.239369250771034
1979-08-08,25.281881917471352
1979-08-09,25.182940086356535
1979-08-10,25.290764240484155
1979-08-13,25.49889841757277
1979-08-14,25.54149041741624
1979-08-15,25.72425346663616
1979-08-16,25.63732370294074
1979-08-17,25.92235071768838
1979-08-20,26.216326057795523
1979-08-21,26.27470197688158
1979-08-22,26.424972661246944
1979-08-23,26.386757221964043
1979-08-24,26.55449126977982
1979-08-27,26.814575670794206
1979-08-28,26.76784508903074
1979-08-29,26.748723009343983
1979-08-30,26.732928388419662
1979-08-31,26.832219835546674
1979-09-04,26.311937659851342
1979-09-05,25.987711086169217
1979-09-06,26.313045456589958
1979-09-07,26.78683163456167
1979-09-10,27.05879263986502
1979-09-11,26.866559612992578
1979-09-12,26.993443759724954
1979-09-13,26.940324399571825
1979-09-14,27.300443819807946
1979-09-17,27.20866401512628
1979-09-18,27.06863088371277
1979-09-19,27.24388166771442
1979-09-20,28.117780126148073
1979-09-21,27.996096274432208
1979-09-24,27.690330279679344
1979-09-25,27.699905426227883
1979-09-26,27.781367931469163
1979-09-27,27.850320836893133
1979-09-28,27.615512962009078
1979-10-01,27.456784295962287
1979-10-02,27.736406218857592
1979-10-03,27.785857905224727
1979-10-04,28.01490136659728
1979-10-05,28.373481565613375
1979-10-08,28.04624688907176
1979-10-09,27.058960358590326
1979-10-10,26.590976982121926
1979-10-11,26.584130748236813
1979-10-12,26.48880108980127
1979-10-15,26.173601904953973
1979-10-16,26.124352385559998
1979-10-17,26.22940979571974
1979-10-18,26.32298070098848
1979-10-19,25.74768542510888
1979-10-22,25.38678600625297
1979-10-23,25.31534971418171
1979-10-24,25.42927438025251
1979-10-25,25.28804587224811
1979-10-26,25.461980899414975
1979-10-29,25.54562165140015
1979-10-30,26.0887623553029
1979-10-31,25.940534859226712
1979-11-01,26.297741123743013
1979-11-02,26.4066922597006
1979-11-05,26.21938480827946
1979-11-06,26.06559248534462
1979-11-07,25.72407766329696
1979-11-08,25.88031599232528
1979-11-09,26.272738987829946
1979-11-12,26.9777774930682
1979-11-13,26.86603995166476
1979-11-14,27.0522376064892
1979-11-15,27.34367836341024
1979-11-16,27.342766334021466
1979-11-19,27.60594865013965
1979-11-20,27.489878048388764
1979-11-21,27.512765898351564
1979-11-23,27.809983070503474
1979-11-26,28.345001950701107
1979-11-27,28.07441891583167
1979-11-28,28.17954059651832
1979-11-29,28.181856823352522
1979-11-30,28.066311002189444
1979-12-03,28.013326447112085
1979-12-04,28.329926058858533
1979-12-05,28.46225148071978
1979-12-06,28.72252812879099
1979-12-07,28.503504667003345
1979-12-10,28.574708424947882
1979-12-11,28.529440864202808
1979-12-12,28.578811188753722
1979-12-13,28.62757827715735
1979-12-14,29.031388708939357
1979-12-17,29.201274217131964
1979-12-18,28.88843058331639
1979-12-19,28.8986041732617
1979-12-20,28.960357553912434
1979-12-21,28.756092469319714
1979-12-24,28.78911825273667
1979-12-26,28.815738283194055
1979-12-27,28.850170020545526
1979-12-28,28.881941379367003
1979-12-31,28.909850588546764
1980-01-02,28.140389722967583
1980-01-03,27.915852093184807
1980-01-04,28.318645378961808
1980-01-07,28.40493154297431
1980-01-08,28.98813187088667
1980-01-09,29.019796507062264
1980-01-10,29.305807089281004
1980-01-11,29.36525130847108
1980-01-14,29.496835166238657
1980-01-15,29.679307051900064
1980-01-16,29.760323050609845
1980-01-17,29.70411815649526
1980-01-18,29.809440293197934
1980-01-21,30.141880543812
1980-01-22,29.94806102718551
1980-01-23,30.400549019092168
1980-01-24,30.51576882513097
1980-01-25,30.539003809274362
1980-01-28,30.8561373538244
1980-01-29,30.68759553716502
1980-01-30,31.05083497611821
1980-01-31,30.80358839659395
1980-02-01,31.03800489052311
1980-02-04,30.896287104798887
1980-02-05,30.96370465790107
1980-02-06,31.18612678865016
1980-02-07,31.319441281734502
1980-02-08,31.75010627322613
1980-02-11,31.526698008620066
1980-02-12,31.797323082513667
1980-02-13,31.878217702727028
1980-02-14,31.330896118151415
1980-02-15,31.02580777649212
1980-02-19,30.808162057563372
1980-02-20,31.43204135770115
1980-02-21,31.208145865050735
1980-02-22,31.098197152862774
1980-02-25,30.64244537921597
1980-02-26,30.897346300366685
1980-02-27,30.460763528935665
1980-02-28,30.501577214532762
1980-02-29,30.752024932322023
1980-03-03,30.48660548213947
1980-03-04,30.495410242258977
1980-03-05,30.02455978773097
1980-03-06,29.268069916696426
1980-03-07,28.704059366021042
1980-03-10,28.541147898409104
1980-03-11,28.875251470392374
1980-03-12,28.65385577640896
1980-03-13,28.31821089446927
1980-03-14,28.168016975918853
1980-03-17,27.113186789419416
1980-03-18,27.57732329205319
1980-03-19,27.745639090248773
1980-03-20,27.31013867039688
1980-03-21,27.114753495605846
1980-03-24,26.111678396915444
1980-03-25,25.905925346511125
1980-03-26,25.616079215708798
1980-03-27,25.094761040080083
1980-03-28,25.874674541387346
1980-03-31,26.27227094928976
1980-04-01,26.30793525415305
1980-04-02,26.52339951672207
1980-04-03,26.32792627318684
1980-04-07,25.682614367936118
1980-04-08,26.00923866105568
1980-04-09,26.717997571377264
1980-04-10,26.897339744906777
1980-04-11,26.851916055001286
1980-04-14,26.594474506143683
1980-04-15,26.65007439810762
1980-04-16,26.23465370088498
1980-04-17,26.11778317146508
1980-04-18,26.000651555112
1980-04-21,25.8925798450673
1980-04-22,26.928616592637866
1980-04-23,26.992509768586107
1980-04-24,27.159282707204635
1980-04-25,27.384187822732546
1980-04-28,27.52278365846232
1980-04-29,27.622914807706092
1980-04-30,27.741345266931788
1980-05-01,27.546077064543802
1980-05-02,27.593106047230595
1980-05-05,27.736345991854904
1980-05-06,27.778674762372372
1980-05-07,27.90889216168985
1980-05-08,27.636147252531828
1980-05-09,27.26574388208753
1980-05-12,27.228145742976512
1980-05-13,27.597810156297136
1980-05-14,27.789336487196323
1980-05-15,27.892717790715825
1980-05-16,28.044522270393514
1980-05-19,28.105610625916984
1980-05-20,28.078769515414706
1980-05-21,28.161742704433507
1980-05-22,28.51108231166036
1980-05-23,28.883156517544197
1980-05-27,29.0980815648329
1980-05-28,29.33920820642775
1980-05-29,28.94380324033162
1980-05-30,29.110922303736572
1980-06-02,29.02379613257228
1980-06-03,28.98810512224641
1980-06-04,29.547674446605473
1980-06-05,29.567040826032528
1980-06-06,29.71963231283241
1980-06-09,29.91687661749583
1980-06-10,30.210668080437443
1980-06-11,30.5484919444351
1980-06-12,30.426392828392647
1980-06-13,30.493455266938376
1980-06-16,30.527209685419585
1980-06-17,30.58989917025767
1980-06-18,30.662403797598408
1980-06-19,30.264697648455645
1980-06-20,30.139751309032103
1980-06-23,30.295701530197544
1980-06-24,30.47728717630549
1980-06-25,30.91991073929852
1980-06-26,30.806567725089405
1980-06-27,30.797729263375864
1980-06-30,30.297042970472972
1980-07-01,30.54559800746216
1980-07-02,30.827136437196284
1980-07-03,31.334481707527953
1980-07-07,31.6111186531724
1980-07-08,31.487744858260832
1980-07-09,31.49890219048923
1980-07-10,31.203120662416477
1980-07-11,31.500047081598208
1980-07-14,32.108922359111475
1980-07-15,31.873209245805654
1980-07-16,31.994292579286213
1980-07-17,32.570833318243906
1980-07-18,32.64663165500807
1980-07-21,32.84289145600878
1980-07-22,32.755200690227824
1980-07-23,32.779235333317295
1980-07-24,32.76483875889308
1980-07-25,32.4737208395285
1980-07-28,32.592136626063855
1980-07-29,32.826881142034445
1980-07-30,32.52292023576174
1980-07-31,32.30284734365438
1980-08-01,32.220236288559995
1980-08-04,32.004062407128224
1980-08-05,31.980113937173822
1980-08-06,32.213890708924644
1980-08-07,32.797233087560535
1980-08-08,32.94367657415724
1980-08-11,33.27717105497506
1980-08-12,32.97320530145685
1980-08-13,32.85497750898908
1980-08-14,33.25050626120875
1980-08-15,33.40096116990438
1980-08-18,32.75137198675849
1980-08-19,32.517944076640404
1980-08-20,32.798426791356555
1980-08-21,33.27852320497811
1980-08-22,33.47988912426619
1980-08-25,33.303676863199605
1980-08-26,33.24399350985436
1980-08-27,32.908966447724836
1980-08-28,32.51518771828744
1980-08-29,32.61012271836576
1980-09-02,32.94446495363145
1980-09-03,33.563207351194755
1980-09-04,33.446125908352315
1980-09-05,33.33621728147251
1980-09-08,32.982960960298406
1980-09-09,33.19346394057037
1980-09-10,33.43263240342617
1980-09-11,33.75434051625074
1980-09-12,33.77622836309081
1980-09-15,33.81095006169464
1980-09-16,34.138781663113065
1980-09-17,34.68906239896163
1980-09-18,34.5339372965184
1980-09-19,34.712589899939694
1980-09-22,35.12222264932931
1980-09-23,34.9596895470209
1980-09-24,35.276555685205565
1980-09-25,34.81906223761125
1980-09-26,34.059219620367486
1980-09-29,33.18300556809611
1980-09-30,33.804290871081164
1980-10-01,34.274842449949396
1980-10-02,34.50346465605892
1980-10-03,34.94536703312978
1980-10-06,35.58712496782111
1980-10-07,35.418573215577254
1980-10-08,35.55708677033203
1980-10-09,35.40161772375819
1980-10-10,35.3011599071099
1980-10-13,35.73822096721705
1980-10-14,35.77708883482622
1980-10-15,36.12705780543903
1980-10-16,35.659530415943415
1980-10-17,35.46967773996954
1980-10-20,35.624393723711535
1980-10-21,35.39848590322422
1980-10-22,35.48836571588083
1980-10-23,34.82482142847371
1980-10-24,34.92126314558533
1980-10-27,34.44310916752696
1980-10-28,34.4821139457644
1980-10-29,34.441686114262225
1980-10-30,33.97465526355873
1980-10-31,34.29663025972284
1980-11-03,34.679958312700975
1980-11-05,35.317489413895224
1980-11-06,34.68121114910271
1980-11-07,34.73443461007206
1980-11-10,34.86286132081652
1980-11-11,35.315653239332285
1980-11-12,36.20784453161876
1980-11-13,36.860635034320865
1980-11-14,37.090954471660304
1980-11-17,37.33665582185789
1980-11-18,38.06584571898973
1980-11-19,37.942991711331764
1980-11-20,38.32504709452036
1980-11-21,37.979664622946906
1980-11-24,37.71086614270079
1980-11-25,38.02650297241192
1980-11-26,38.205865735547846
1980-11-28,38.30898304938099
1980-12-01,37.52381424714337
1980-12-02,37.44716350368427
1980-12-03,37.49030225748128
1980-12-04,37.54982964138467
1980-12-05,36.92485343413692
1980-12-08,35.946459736373136
1980-12-09,35.84915265514812
1980-12-10,35.25052054180807
1980-12-11,34.85725748973626
1980-12-12,35.38614968966395
1980-12-15,35.466036456452045
1980-12-16,35.721030768116925
1980-12-17,36.30720416396004
1980-12-18,36.38586912827374
1980-12-19,36.58853829158597
1980-12-22,37.08027635278271
1980-12-23,36.97894226913482
1980-12-24,37.082090409708066
1980-12-26,37.28478184398252
1980-12-29,36.885499439250644
1980-12-30,37.002842108041676
1980-12-31,37.20059031308801
1981-01-02,37.385969133653056
1981-01-05,37.748859155244276
1981-01-06,37.8774120041116
1981-01-07,36.92314692544294
1981-01-08,36.504010958920254
1981-01-09,36.618752062464694
1981-01-12,36.62359949574796
1981-01-13,36.44444279090366
1981-01-14,36.55021365614482
1981-01-15,36.7299538854178
1981-01-16,36.91878772820487
1981-01-19,36.851038992606334
1981-01-20,36.16265130142868
1981-01-21,36.0315583604166
1981-01-22,35.81785643907195
1981-01-23,35.85446410163397
1981-01-26,35.76055153488732
1981-01-27,36.05670423638578
1981-01-28,35.96281746987914
1981-01-29,36.04211984844003
1981-01-30,35.98960274188279
1981-02-02,35.2359061231311
1981-02-03,35.563183080777044
1981-02-04,35.60686472122243
1981-02-05,35.97934862000078
1981-02-06,36.263874959801754
1981-02-09,36.02158563725918
1981-02-10,36.02317749912398
1981-02-11,35.73773241385271
1981-02-12,35.499146035580665
1981-02-13,35.43271254798663
1981-02-17,35.737279486452536
1981-02-18,35.83318378070823
1981-02-19,35.40590312150714
1981-02-20,35.42751015498729
1981-02-23,35.70002363030365
1981-02-24,35.88440223599671
1981-02-25,36.17935674575015
1981-02-26,36.63818859949476
1981-02-27,36.878360320500335
1981-03-02,37.05606069579386
1981-03-03,36.76737189017661
1981-03-04,36.90437838219871
1981-03-05,36.83946012667806
1981-03-06,37.0070246614273
1981-03-09,37.41286524624594
1981-03-10,37.271250230337486
1981-03-11,37.115225595917444
1981-03-12,37.80577176337893
1981-03-13,37.9330298432389
1981-03-16,38.3673760711073
1981-03-17,38.238965822393084
1981-03-18,38.47695361961101
1981-03-19,38.445751305737524
1981-03-20,38.75765110679055
1981-03-23,39.113743345915246
1981-03-24,38.87846098083188
1981-03-25,39.41014222018514
1981-03-26,39.243985049728
1981-03-27,38.92094887043946
1981-03-30,38.88101332899743
1981-03-31,39.306061405346306
1981-04-01,39.48774251541508
1981-04-02,39.54264530916745
1981-04-03,39.38122515325223
1981-04-06,38.99128545756986
1981-04-07,39.03057025407622
1981-04-08,39.182624669985856
1981-04-09,39.489525149289165
1981-04-10,39.68658867486634
1981-04-13,39.42638682288458
1981-04-14,39.21632692399029
1981-04-15,39.602702968804316
1981-04-16,39.82500058103948
1981-04-20,40.11909779420401
1981-04-21,39.93421084960625
1981-04-22,39.97820418194196
1981-04-23,40.081367091329106
1981-04-24,40.33655114815957
1981-04-27,40.41062845907079
1981-04-28,40.00413845722744
1981-04-29,39.50858566291005
1981-04-30,39.39194530644012
1981-05-01,39.27429872645811
1981-05-04,38.66167014445137
1981-05-05,38.38325923100438
1981-05-06,38.47905842098778
1981-05-07,38.76874050677798
1981-05-08,38.862747003339535
1981-05-11,38.46895817636653
1981-05-12,38.79296716857152
1981-05-13,38.83672449962862
1981-05-14,39.033121837583494
1981-05-15,39.31480232827192
1981-05-18,39.45407207745656
1981-05-19,39.36200107630995
1981-05-20,39.38124781791827
1981-05-21,39.64203106423965
1981-05-22,39.54786649092536
1981-05-26,39.88276462444305
1981-05-27,40.3531030853005
1981-05-28,40.44232523664461
1981-05-29,40.54536180902482
1981-06-01,40.39723200208434
1981-06-02,39.962874134534864
1981-06-03,40.01436111790797
1981-06-04,40.08787855028089
1981-06-05,40.34996312766717
1981-06-08,40.43505827035297
1981-06-09,40.32713448991165
1981-06-10,40.36510562156279
1981-06-11,40.80057222845596
1981-06-12,40.93104448818332
1981-06-15,41.08712864996469
1981-06-16,40.711531521064714
1981-06-17,40.70971733142219
1981-06-18,40.237559432625915
1981-06-19,40.20107802366398
1981-06-22,40.12183094565298
1981-06-23,40.44902299096344
1981-06-24,40.23871733848205
1981-06-25,40.156975573047134
1981-06-26,40.077571005961794
1981-06-29,39.769130717981
1981-06-30,39.44377244829313
1981-07-01,39.02023489765105
1981-07-02,38.66033056207189
1981-07-06,38.105453742427585
1981-07-07,38.12688469868511
1981-07-08,38.13068486549619
1981-07-09,38.35257979754633
1981-07-10,38.43078342465585
1981-07-13,38.492839034854235
1981-07-14,38.364720754626724
1981-07-15,38.50095803534676
1981-07-16,38.54960680700668
1981-07-17,38.697999003376324
1981-07-20,38.145768699169686
1981-07-21,38.05229189572948
1981-07-22,37.71615385663801
1981-07-23,37.81612883832914
1981-07-24,38.17024105470529
1981-07-27,38.553108213945116
1981-07-28,38.41658895527632
1981-07-29,38.44217304198546
1981-07-30,38.654538875212985
1981-07-31,38.948355415788086
1981-08-03,38.942296017774204
1981-08-04,39.23667652126558
1981-08-05,39.80865259977257
1981-08-06,39.963505322953644
1981-08-07,39.889292405912876
1981-08-10,40.22536442624012
1981-08-11,40.67225015521569
1981-08-12,40.617028227246074
1981-08-13,40.671382829258256
1981-08-14,40.363594185845585
1981-08-17,40.01981648746292
1981-08-18,39.55910212041326
1981-08-19,39.58789527422312
1981-08-20,39.621636875512834
1981-08-21,39.33793460784325
1981-08-24,38.27421128903612
1981-08-25,38.08782501695695
1981-08-26,38.118887703277004
1981-08-27,37.79136216541309
1981-08-28,37.985860681558854
1981-08-31,37.65428699625995
1981-09-01,37.69344989719973
1981-09-02,37.747655131400975
1981-09-03,37.275544858507736
1981-09-04,36.85891362478086
1981-09-08,36.322397068529064
1981-09-09,36.48387832606039
1981-09-10,37.037978562931755
1981-09-11,37.489348008554394
1981-09-14,37.14993908926356
1981-09-15,36.94193169695645
1981-09-16,36.75282611915377
1981-09-17,36.30845765714119
1981-09-18,35.98590934815637
1981-09-21,36.234765404089764
1981-09-22,36.10736252021376
1981-09-23,35.78302964700714
1981-09-24,35.77434235013966
1981-09-25,35.27045520585317
1981-09-28,35.87448461267509
1981-09-29,35.99518445206467
1981-09-30,36.16659001486087
1981-10-01,36.245487980817806
1981-10-02,36.98790914746546
1981-10-05,37.02780829229263
1981-10-06,36.7193134037706
1981-10-07,37.47276649360747
1981-10-08,37.72276679083573
1981-10-09,37.69481177843068
1981-10-12,37.55605056799192
1981-10-13,37.46977159413006
1981-10-14,37.12137278515721
1981-10-15,37.365878905731805
1981-10-16,37.33426896393408
1981-10-19,37.34864315897127
1981-10-20,37.582698647549485
1981-10-21,37.492072298045436
1981-10-22,37.39755819604882
1981-10-23,37.20028915373311
1981-10-26,37.05471234962471
1981-10-27,37.38110202570321
1981-10-28,37.536902533648195
1981-10-29,37.30767375503756
1981-10-30,38.254845229450815
1981-11-02,38.56257975815356
1981-11-03,38.70695978784944
1981-11-04,38.768033375073514
1981-11-05,38.56472576579208
1981-11-06,38.489360185804856
1981-11-09,38.80321485285033
1981-11-10,38.64489364426144
1981-11-11,38.867256066496154
1981-11-12,38.93747576815956
1981-11-13,38.66822726374565
1981-11-16,38.2809768350545
1981-11-17,38.50280160164395
1981-11-18,38.43469885258246
1981-11-19,38.4324585639986
1981-11-20,38.770111537346075
1981-11-23,38.63417104353696
1981-11-24,38.99835235120101
1981-11-25,39.10885411605976
1981-11-27,39.249595416193166
1981-11-30,39.273869871308584
1981-12-01,39.06311225537688
1981-12-02,38.73529746480735
1981-12-03,38.903551411060754
1981-12-04,39.12257853871691
1981-12-07,38.90827196830886
1981-12-08,38.801283584018655
1981-12-09,38.86000025489721
1981-12-10,38.970942543172484
1981-12-11,38.718083184034064
1981-12-14,38.27337841081373
1981-12-15,38.32753919029357
1981-12-16,38.179124557324435
1981-12-17,38.226784338058636
1981-12-18,38.489178207053605
1981-12-21,38.410869596613004
1981-12-22,38.336019898620016
1981-12-23,38.12809845472218
1981-12-24,38.23233093069959
1981-12-28,38.16924737419297
1981-12-29,38.03366355254434
1981-12-30,38.19493114614724
1981-12-31,38.32278774477532
1982-01-04,38.37932806260381
1982-01-05,37.7903373132328
1982-01-06,37.722710309381974
1982-01-07,37.70732266273449
1982-01-08,37.92528409802212
1982-01-11,37.88894256916343
1982-01-12,37.564317619515194
1982-01-13,37.09111867895779
1982-01-14,37.3355429478964
1982-01-15,37.396736215308785
1982-01-18,37.54694050435225
1982-01-19,37.30577224562365
1982-01-20,37.33856675733115
1982-01-21,37.63789307023311
1982-01-22,37.678151249946346
1982-01-25,37.55612409656371
1982-01-26,37.49789488609192
1982-01-27,37.56104825361254
1982-01-28,38.396800835143694
1982-01-29,38.59029900643366
1982-02-01,37.978635577275746
1982-02-02,38.042895266768134
1982-02-03,37.65589438374838
1982-02-04,37.551213751428676
1982-02-05,37.817575366963766
1982-02-08,37.29153768645355
1982-02-09,37.0525189726004
1982-02-10,37.279234743142865
1982-02-11,37.31964336677071
1982-02-12,37.43599957162377
1982-02-16,37.473431176913635
1982-02-17,37.407218253727606
1982-02-18,37.575748447868264
1982-02-19,37.44215627483395
1982-02-22,36.851446735211795
1982-02-23,36.78192561891312
1982-02-24,37.111820808385914
1982-02-25,37.13457193068944
1982-02-26,37.01205405636819
1982-03-01,37.10177789633009
1982-03-02,37.069866561370105
1982-03-03,36.728134124878366
1982-03-04,36.26142884120266
1982-03-05,35.91598350414052
1982-03-08,35.350208482418566
1982-03-09,35.67526571247137
1982-03-10,35.821225807471876
1982-03-11,35.77177032314375
1982-03-12,35.50366994302076
1982-03-15,35.52019915333298
1982-03-16,35.492536949776486
1982-03-17,35.46650632352782
1982-03-18,35.818285045179174
1982-03-19,35.946873298720426
1982-03-22,36.46201799339257
1982-03-23,36.67176152262972
1982-03-24,36.53476883625294
1982-03-25,36.71464129507379
1982-03-26,36.43252087485594
1982-03-29,36.42504370020571
1982-03-30,36.46413309082993
1982-03-31,36.393432586748915
1982-04-01,36.55365360169397
1982-04-02,36.7510639562325
1982-04-05,36.4738014580553
1982-04-06,36.804069405745835
1982-04-07,36.843233149830105
1982-04-08,37.01125978015022
1982-04-12,36.99226998537626
1982-04-13,37.05692574019151
1982-04-14,37.047588371559705
1982-04-15,37.168398410112445
1982-04-16,37.30476580490139
1982-04-19,37.37186855220833
1982-04-20,37.17059959532547
1982-04-21,37.277539253434384
1982-04-22,37.60190572737652
1982-04-23,37.9062650954652
1982-04-26,38.05615087448126
1982-04-27,37.81154911445201
1982-04-28,37.64835355399679
1982-04-29,37.39220917085969
1982-04-30,37.45058829294708
1982-05-03,37.58175346315743
1982-05-04,37.78441659030559
1982-05-05,37.858899974608455
1982-05-06,38.16014022489613
1982-05-07,38.312756405248706
1982-05-10,38.05352122735983
1982-05-11,38.27420672468905
1982-05-12,38.17680956941301
1982-05-13,37.97885955324273
1982-05-14,37.95120864998282
1982-05-17,37.66433012933657
1982-05-18,37.43453933665636
1982-05-19,37.2615533960284
1982-05-20,37.142263292865465
1982-05-21,37.24668684310632
1982-05-24,37.24157008715304
1982-05-25,37.23680954468337
1982-05-26,36.80385209588279
1982-05-27,36.65696718063655
1982-05-28,36.581585182405306
1982-06-01,36.56271954532076
1982-06-02,36.7068297106461
1982-06-03,36.698731336819804
1982-06-04,36.23661071362038
1982-06-07,36.270149222930286
1982-06-08,36.200941712340324
1982-06-09,35.963974880764965
1982-06-10,36.109324039938215
1982-06-11,36.61333323148253
1982-06-14,36.23831010744971
1982-06-15,36.10748271388905
1982-06-16,35.94724026957899
1982-06-17,35.6224473436824
1982-06-18,35.428269303275606
1982-06-21,35.437737482300086
1982-06-22,35.68444294209203
1982-06-23,36.14400272263142
1982-06-24,36.11512902805669
1982-06-25,35.90504043477886
1982-06-28,36.16374178803097
1982-06-29,36.22513930467496
1982-06-30,36.1901296603149
1982-07-01,35.92257943361951
1982-07-02,35.67770081707651
1982-07-06,35.60879865122141
1982-07-07,35.57510645781986
1982-07-08,35.63903080386011
1982-07-09,36.07521051159384
1982-07-12,36.59442321108285
1982-07-13,36.701866528500865
1982-07-14,36.83160669743287
1982-07-15,36.894434333843094
1982-07-16,37.15974684960168
1982-07-19,37.114639067962734
1982-07-20,37.352312747644746
1982-07-21,37.270654778711894
1982-07-22,37.329710944162464
1982-07-23,37.11249258907434
1982-07-26,36.83818155463695
1982-07-27,36.55574014568274
1982-07-28,36.02252521634388
1982-07-29,36.013102853762796
1982-07-30,35.88505861928787
1982-08-02,36.589506942028756
1982-08-03,36.18565032004452
1982-08-04,35.56215314531332
1982-08-05,35.1170579304216
1982-08-06,34.6946825363468
1982-08-09,34.4864239979676
1982-08-10,34.49523137014722
1982-08-11,34.40691377112801
1982-08-12,34.29198989189736
1982-08-13,34.634222488687186
1982-08-16,34.871068593772435
1982-08-17,36.39683243986677
1982-08-18,36.42706907846802
1982-08-19,36.57903036028664
1982-08-20,37.67712030661314
1982-08-23,38.67990808374253
1982-08-24,38.507796130782666
1982-08-25,39.06656734609674
1982-08-26,39.46201367995628
1982-08-27,39.03880370726531
1982-08-30,39.2407053481995
1982-08-31,39.87094900957933
1982-09-01,39.48891156554123
1982-09-02,40.082780419070794
1982-09-03,40.81690375890352
1982-09-07,40.354378021704164
1982-09-08,40.480485964492026
1982-09-09,40.45219433166883
1982-09-10,40.17705631488227
1982-09-13,40.63704972016417
1982-09-14,41.11529628603903
1982-09-15,41.46788738642167
1982-09-16,41.35975049934541
1982-09-17,40.93629906247621
1982-09-20,40.94387674892819
1982-09-21,41.68882909500383
1982-09-22,41.65075252368403
1982-09-23,41.57384192091289
1982-09-24,41.483449133962544
1982-09-27,41.69305244460743
1982-09-28,41.67593090182458
1982-09-29,41.135670970917126
1982-09-30,40.73608488752842
1982-10-01,41.231297797419145
1982-10-04,41.087806852382826
1982-10-05,41.25312998823305
1982-10-06,42.57813730960291
1982-10-07,43.49563633768999
1982-10-08,44.3104512119775
1982-10-11,45.263105187288645
1982-10-12,44.880723603754134
1982-10-13,45.35561605087155
1982-10-14,44.60862034747642
1982-10-15,44.43646662008409
1982-10-18,45.33178905670348
1982-10-19,45.360603799648864
1982-10-20,46.18396047392543
1982-10-21,46.18686807178578
1982-10-22,46.22211505312678
1982-10-25,44.734284222783515
1982-10-26,45.0429187326385
1982-10-27,45.531377281995546
1982-10-28,45.17575951537612
1982-10-29,45.465538091601374
1982-11-01,46.05259004478266
1982-11-02,46.74045300603946
1982-11-03,48.40856333277465
1982-11-04,48.271025266836126
1982-11-05,48.46570571774814
1982-11-08,48.00331805122267
1982-11-09,48.81528304976612
1982-11-10,48.2260458393077
1982-11-11,48.56993372233821
1982-11-12,48.272002589254086
1982-11-15,47.31904276295287
1982-11-16,46.63470101860501
1982-11-17,47.34537651730648
1982-11-18,47.609314094126916
1982-11-19,47.436414032169836
1982-11-22,46.53583960537357
1982-11-23,46.27733495920274
1982-11-24,46.743413244521854
1982-11-26,47.18273718514169
1982-11-29,47.10594888358828
1982-11-30,48.50168637208251
1982-12-01,48.67796927208742
1982-12-02,48.697987401093904
1982-12-03,48.63705734166846
1982-12-06,49.681793734401865
1982-12-07,50.0775388609597
1982-12-08,49.77579190087428
1982-12-09,48.893402212027894
1982-12-10,48.24936693867989
1982-12-13,48.26951296866944
1982-12-14,47.58748178875979
1982-12-15,46.770281168851966
1982-12-16,46.77652923754587
1982-12-17,47.57382641697927
1982-12-20,47.19962936687481
1982-12-21,47.996773853450996
1982-12-22,48.258088193885854
1982-12-23,48.48560945759829
1982-12-27,49.143700231819516
1982-12-28,48.67148555965214
1982-12-29,48.76239909649165
1982-12-30,48.40147902304496
1982-12-31,48.556169982380936
1983-01-03,47.66469628714025
1983-01-04,48.302835363742744
1983-01-05,48.29832497837224
1983-01-06,49.116311325535584
1983-01-07,49.162873682510536
1983-01-10,49.68832552444324
1983-01-11,49.458680809508174
1983-01-12,49.67626389360398
1983-01-13,49.45794762724314
1983-01-14,49.62247940217336
1983-01-17,49.78299726248222
1983-01-18,49.68226736980586
1983-01-19,49.15409738146328
1983-01-20,49.136970986567526
1983-01-21,48.42315650283255
1983-01-24,47.36934001415959
1983-01-25,48.243377103897465
1983-01-26,48.30147712934009
1983-01-27,49.2768032204438
1983-01-28,49.419891669473245
1983-01-31,49.77893481397028
1983-02-01,49.20847199594623
1983-02-02,49.29907980351019
1983-02-03,49.58449786751515
1983-02-04,50.016122658664294
1983-02-07,50.300444105290886
1983-02-08,49.98381364097008
1983-02-09,49.85761566305562
1983-02-10,50.519548272455204
1983-02-11,50.55578091048042
1983-02-14,51.03559311465932
1983-02-15,50.75669117584254
1983-02-16,50.533075581675526
1983-02-17,50.48140140843688
1983-02-18,50.73931628790861
1983-02-22,50.50644451184652
1983-02-23,50.98427170090993
1983-02-24,51.80942110057723
1983-02-25,51.82841628373966
1983-02-28,51.39664294377098
1983-03-01,52.38872825248871
1983-03-02,52.716004400078546
1983-03-03,53.01167658285026
1983-03-04,53.114326679408606
1983-03-07,53.082072696832306
1983-03-08,52.30929326530898
1983-03-09,52.751754597976785
1983-03-10,52.45322447889699
1983-03-11,52.334259754445824
1983-03-14,52.073985434241074
1983-03-15,52.29092029311535
1983-03-16,52.06585687455615
1983-03-17,52.05529513591198
1983-03-18,52.2331347949847
1983-03-21,52.577221107159964
1983-03-22,52.586043235429564
1983-03-23,53.21199614170178
1983-03-24,53.4039256301522
1983-03-25,53.25120089550482
1983-03-28,52.98265252129945
1983-03-29,52.8778046154075
1983-03-30,53.32894725037893
1983-03-31,53.04446531323355
1983-04-04,52.96636995898917
1983-04-05,52.79332250667902
1983-04-06,52.564513520435874
1983-04-07,52.78912967105352
1983-04-08,53.01836946057403
1983-04-11,53.65590912379915
1983-04-12,53.977559218696804
1983-04-13,54.42534084072211
1983-04-14,54.89861803912259
1983-04-15,55.25916137604595
1983-04-18,55.54836830137884
1983-04-19,55.17892951172212
1983-04-20,55.8182834880906
1983-04-21,55.806239389947955
1983-04-22,55.93143786699743
1983-04-25,55.40332541304516
1983-04-26,56.141179304409675
1983-04-27,56.04069816699904
1983-04-28,56.56413561158119
1983-04-29,56.994207386875026
1983-05-02,56.21584554051058
1983-05-03,56.2008415493602
1983-05-04,56.701665865009055
1983-05-05,57.318548472395044
1983-05-06,57.96772437264296
1983-05-09,57.95106377977999
1983-05-10,58.08574118155518
1983-05-11,57.65979516946443
1983-05-12,57.4476185781288
1983-05-13,57.72248636830062
1983-05-16,57.13704114175443
1983-05-17,57.311688278813705
1983-05-18,57.28938932538797
1983-05-19,56.964102416308144
1983-05-20,56.92307036803416
1983-05-23,57.26317468799483
1983-05-24,57.88046700544384
1983-05-25,58.145528806722254
1983-05-26,57.920992918088565
1983-05-27,57.683652593122005
1983-05-31,57.0339002805817
1983-06-01,57.146962467349546
1983-06-02,57.638390534754
1983-06-03,57.86737722313056
1983-06-06,58.15811695292433
1983-06-07,57.69519612706196
1983-06-08,57.262345734809415
1983-06-09,57.48050881387911
1983-06-10,57.947372405642945
1983-06-13,58.634295664105004
1983-06-14,58.86545220320851
1983-06-15,59.69252786521198
1983-06-16,60.206444347063986
1983-06-17,59.989670826219964
1983-06-20,60.01373787792814
1983-06-21,60.51357878217078
1983-06-22,60.754099206534185
1983-06-23,60.62229108634918
1983-06-24,60.66898012229784
1983-06-27,59.80185823163302
1983-06-28,58.521242127171924
1983-06-29,58.86829213168252
1983-06-30,59.4708145608158
1983-07-01,59.75273106355552
1983-07-05,58.83060630494768
1983-07-06,59.330149146676646
1983-07-07,59.06174510283269
1983-07-08,58.99222264081459
1983-07-11,59.31941166236746
1983-07-12,58.44690199195536
1983-07-13,58.23284780834845
1983-07-14,58.46580290385928
1983-07-15,57.87609952634131
1983-07-18,57.650160106689796
1983-07-19,57.93064099519257
1983-07-20,59.50890519155085
1983-07-21,59.57950970220119
1983-07-22,59.52497772894767
1983-07-25,59.744151271470436
1983-07-26,59.983433883317616
1983-07-27,58.98059511902997
1983-07-28,58.03351498795981
1983-07-29,57.26568273908832
1983-08-01,56.878391142056806
1983-08-02,56.84598471315522
1983-08-03,57.005581050716785
1983-08-04,56.218179888756424
1983-08-05,56.372654200636006
1983-08-08,55.37976032103782
1983-08-09,55.56655991927072
1983-08-10,56.15331271330539
1983-08-11,56.18628307166186
1983-08-12,56.31898916219294
1983-08-15,56.92346102670819
1983-08-16,56.6263077902212
1983-08-17,57.02484771698995
1983-08-18,56.48891375276037
1983-08-19,56.50666877437958
1983-08-22,56.463725318619204
1983-08-23,55.97073938797901
1983-08-24,55.419568034746206
1983-08-25,55.128767888215506
1983-08-26,55.427842597974625
1983-08-29,55.43478843062725
1983-08-30,55.47059092130578
1983-08-31,55.825764896245865
1983-09-01,55.71075247963054
1983-09-02,55.90866654115205
1983-09-06,56.65044738432265
1983-09-07,56.70195987112071
1983-09-08,56.69254402097159
1983-09-09,56.75073049322043
1983-09-12,56.150140011704764
1983-09-13,55.838091397983455
1983-09-14,56.02126829592658
1983-09-15,55.74426862944316
1983-09-16,56.23860819554717
1983-09-19,56.798758104332684
1983-09-20,57.1539668112372
1983-09-21,56.9585322339335
1983-09-22,57.51887900338594
1983-09-23,57.5372096061641
1983-09-26,57.72900558377211
1983-09-27,57.29229342301956
1983-09-28,57.153191529167884
1983-09-29,56.98399188933987
1983-09-30,56.77814878026805
1983-10-03,56.77844292042364
1983-10-04,57.13530569878397
1983-10-05,57.648432521462155
1983-10-06,58.387100769276195
1983-10-07,58.507029788057025
1983-10-10,58.82711931174315
1983-10-11,58.17677589024801
1983-10-12,57.85188410838734
1983-10-13,57.90531617824902
1983-10-14,57.91456277131307
1983-10-17,58.14351458413047
1983-10-18,57.36954629323564
1983-10-19,56.99282178220782
1983-10-20,57.19755338438019
1983-10-21,56.86967587660882
1983-10-24,56.79110525191067
1983-10-25,57.01599606813689
1983-10-26,56.87158569300504
1983-10-27,56.6426103486243
1983-10-28,56.223210288733924
1983-10-31,56.23007490878665
1983-11-01,56.13031719791634
1983-11-02,56.496627286350844
1983-11-03,56.1393092378197
1983-11-04,55.8277660807058
1983-11-07,55.608910291293505
1983-11-08,55.495555317749336
1983-11-09,55.98680064768796
1983-11-10,56.034785435227285
1983-11-11,56.4262319591829
1983-11-14,56.52128440641934
1983-11-15,56.26054536847335
1983-11-16,56.55251498042003
1983-11-17,56.60383041812843
1983-11-18,56.45525495068581
1983-11-21,56.631846989921236
1983-11-22,56.891835746243764
1983-11-23,56.677732030364346
1983-11-25,56.71071943760717
1983-11-28,56.46329182660763
1983-11-29,56.981260214684895
1983-11-30,56.56947996164435
1983-12-01,56.676152309864534
1983-12-02,56.337924482526276
1983-12-05,56.41684869494561
1983-12-06,56.30544586760113
1983-12-07,56.413786873458626
1983-12-08,56.1169544482297
1983-12-09,56.05972783537552
1983-12-12,56.1369930794619
1983-12-13,55.920807992416286
1983-12-14,55.36730979614667
1983-12-15,54.79364419006004
1983-12-16,55.03397247231655
1983-12-19,55.0907198087963
1983-12-20,55.0292702519634
1983-12-21,55.41969397943107
1983-12-22,55.44252379419064
1983-12-23,55.411736098044486
1983-12-27,55.79100298304529
1983-12-28,55.7621004811287
1983-12-29,55.615940061553914
1983-12-30,55.73483092749651
1984-01-03,55.50523374271244
1984-01-04,56.295826333522974
1984-01-05,57.089828197944506
1984-01-06,57.272143119714244
1984-01-09,57.39181768585868
1984-01-10,57.06490866040958
1984-01-11,57.121978065462045
1984-01-12,57.10925554363674
1984-01-13,56.908387491590894
1984-01-16,56.97402200206019
1984-01-17,57.11062725225034
1984-01-18,56.878346039445226
1984-01-19,56.59262249986316
1984-01-20,56.24395189080813
1984-01-23,55.76827996918292
1984-01-24,55.8067414477053
1984-01-25,55.36745540633183
1984-01-26,55.09158592836823
1984-01-27,54.993794916035895
1984-01-30,54.521388844064376
1984-01-31,54.53019097649289
1984-02-01,54.334147009429955
1984-02-02,54.41417142012927
1984-02-03,53.69662271117607
1984-02-06,52.85228141353193
1984-02-07,52.88041957331587
1984-02-08,52.18497625235309
1984-02-09,52.0197343688608
1984-02-10,52.39412954235721
1984-02-13,52.01447976440638
1984-02-14,52.52937834073432
1984-02-15,52.700591448960175
1984-02-16,52.61005629425196
1984-02-17,52.89508444220613
1984-02-21,52.74646812417174
1984-02-22,52.96240660124547
1984-02-23,53.161091934746366
1984-02-24,53.961835000901004
1984-02-27,55.04004472451958
1984-02-28,54.53355150942186
1984-02-29,54.60366718127218
1984-03-01,54.953330890726946
1984-03-02,55.11027370930813
1984-03-05,54.3714706942927
1984-03-06,53.47883586249477
1984-03-07,52.82119868606676
1984-03-08,53.11886955201929
1984-03-09,53.0287517827989
1984-03-12,53.4863303442892
1984-03-13,53.16998704747114
1984-03-14,52.91458975857788
1984-03-15,53.05844777385915
1984-03-16,53.76065458558768
1984-03-19,53.409664245531914
1984-03-20,53.82035037127208
1984-03-21,53.635798872055446
1984-03-22,53.12868603292303
1984-03-23,53.199523877511254
1984-03-26,53.39408337788769
1984-03-27,53.75091730252592
1984-03-28,54.38990063415844
1984-03-29,54.26788189286661
1984-03-30,54.225894821866405
1984-04-02,53.95945863706737
1984-04-03,53.87451395897818
1984-04-04,53.88978500010226
1984-04-05,53.167108873815856
1984-04-06,53.25062092690298
1984-04-09,53.26864631411045
1984-04-10,53.437301904518854
1984-04-11,53.3506119703088
1984-04-12,54.16434135243319
1984-04-13,54.152781942055356
1984-04-16,54.51594153293666
1984-04-17,54.67061244200608
1984-04-18,54.30797540297828
1984-04-19,54.34616310471646
1984-04-23,54.07676511806792
1984-04-24,54.537813241532746
1984-04-25,54.78736514167894
1984-04-26,55.37683820344138
1984-04-27,55.29063767734888
1984-04-30,55.30057878663406
1984-05-01,55.58427254337667
1984-05-02,55.63967640381128
1984-05-03,55.36405701560322
1984-05-04,54.95127622430765
1984-05-07,55.05554266383431
1984-05-08,55.46101608815157
1984-05-09,55.42017607823544
1984-05-10,55.372717969376495
1984-05-11,54.962550802704115
1984-05-14,54.566699827323035
1984-05-15,54.90571926072291
1984-05-16,54.96338251605367
1984-05-17,54.630893286430755
1984-05-18,54.47097157428072
1984-05-21,54.197398237877344
1984-05-22,53.883824657233724
1984-05-23,53.63992773683848
1984-05-24,52.85399570695385
1984-05-25,53.0935571341104
1984-05-29,52.75521748792384
1984-05-30,52.61419602850784
1984-05-31,52.54450145835379
1984-06-01,53.30271372580479
1984-06-04,53.56777785553892
1984-06-05,53.33726085385794
1984-06-06,53.848395316364346
1984-06-07,53.82809124066896
1984-06-08,53.90080289168267
1984-06-11,53.435814163104084
1984-06-12,53.19121610794978
1984-06-13,53.146306372502146
1984-06-14,52.576417099999354
1984-06-15,52.221012808068245
1984-06-18,52.992779836124605
1984-06-19,53.22302323462304
1984-06-20,53.73904001381809
1984-06-21,53.80047023781746
1984-06-22,53.867481667423206
1984-06-25,53.84009843755128
1984-06-26,53.48355437621926
1984-06-27,53.20663250558022
1984-06-28,53.579874704437756
1984-06-29,53.86302306705665
1984-07-02,53.80939801857749
1984-07-03,54.009424210592286
1984-07-05,53.874715121091114
1984-07-06,53.72753646521912
1984-07-09,54.150828171558565
1984-07-10,54.13493060134374
1984-07-11,53.38897427453797
1984-07-12,53.33135454398699
1984-07-13,53.46334636072903
1984-07-16,53.55094322126996
1984-07-17,53.81067833664943
1984-07-18,53.63651733817567
1984-07-19,53.42094292855172
1984-07-20,53.3001589527002
1984-07-23,52.91759542626611
1984-07-24,52.58801033468702
1984-07-25,53.056465814782506
1984-07-26,53.099341355890665
1984-07-27,53.368823106015505
1984-07-30,53.23711540968662
1984-07-31,53.42391952190806
1984-08-01,54.3370817379441
1984-08-02,56.04647747047861
1984-08-03,57.08413055617818
1984-08-06,56.73611616787409
1984-08-07,56.69477280098734
1984-08-08,56.301660272706414
1984-08-09,57.43934032613902
1984-08-10,57.56136401094437
1984-08-13,57.22985629725553
1984-08-14,56.88702663376772
1984-08-15,56.322440636974285
1984-08-16,56.7299231069206
1984-08-17,56.820935200757674
1984-08-20,57.15544005635287
1984-08-21,57.958207186103046
1984-08-22,57.550022997066
1984-08-23,57.69129314615807
1984-08-24,57.70805307056393
1984-08-27,57.30939494191396
1984-08-28,57.51616132442773
1984-08-29,57.27235064948483
1984-08-30,57.14292821821395
1984-08-31,57.32289746278342
1984-09-04,56.871548540183
1984-09-05,56.714132504017286
1984-09-06,57.153243736211806
1984-09-07,56.746245675668376
1984-09-10,56.79652236807612
1984-09-11,56.909231255853356
1984-09-12,57.0861154930675
1984-09-13,58.001090448055244
1984-09-14,58.20398404073582
1984-09-17,58.14638092616356
1984-09-18,57.8399008317562
1984-09-19,57.875811627938596
1984-09-20,58.02965239045719
1984-09-21,57.326475405253014
1984-09-24,57.26518701623847
1984-09-25,57.59507067877199
1984-09-26,58.024984614869766
1984-09-27,58.17643763372676
1984-09-28,58.0223949265691
1984-10-01,57.77806056723181
1984-10-02,57.52144651944111
1984-10-03,56.9938563987476
1984-10-04,57.09324479174594
1984-10-05,56.98864068424815
1984-10-08,56.781619617784514
1984-10-09,56.70034945270767
1984-10-10,56.63007203277592
1984-10-11,56.793064921605335
1984-10-12,57.21057868713473
1984-10-15,57.56197910586792
1984-10-16,57.077074109100955
1984-10-17,56.69891129680164
1984-10-18,57.549970847169185
1984-10-19,57.451282409008954
1984-10-22,57.214129891738175
1984-10-23,57.20803129324993
1984-10-24,57.39111293860316
1984-10-25,57.517841734935644
1984-10-26,57.4517819861036
1984-10-29,57.1375248820535
1984-10-30,57.75948449694475
1984-10-31,57.540146850408966
1984-11-01,57.82560316260773
1984-11-02,57.66892145475521
1984-11-05,58.0497303843569
1984-11-06,58.627712965575206
1984-11-07,58.265701534231816
1984-11-08,58.1069863935969
1984-11-09,57.944049913117
1984-11-12,57.86840788704836
1984-11-13,57.48382319116531
1984-11-14,57.4318015684663
1984-11-15,57.4564209800591
1984-11-16,57.14810167740261
1984-11-19,56.76864356556091
1984-11-20,57.09527947500756
1984-11-21,57.12309132126734
1984-11-23,57.53319793801218
1984-11-26,56.68748946127136
1984-11-27,56.88541368619665
1984-11-28,56.49032778881021
1984-11-29,56.346259289585625
1984-11-30,56.396916185724905
1984-12-03,56.1887161001089
1984-12-04,56.46056004306514
1984-12-05,56.29109192327378
1984-12-06,56.388248341762974
1984-12-07,56.35372727958587
1984-12-10,56.4417371966507
1984-12-11,56.49767691509207
1984-12-12,56.38640952275402
1984-12-13,56.191325601624705
1984-12-14,56.43806059293901
1984-12-17,56.76305055413985
1984-12-18,57.98644335129965
1984-12-19,57.59784216127926
1984-12-20,57.55263452776375
1984-12-21,57.4438381492982
1984-12-24,57.8213923831321
1984-12-26,57.77184117908393
1984-12-27,57.56802402012351
1984-12-28,57.7046208926813
1984-12-31,58.07581528547162
1985-01-02,57.62028556756292
1985-01-03,57.596915866534935
1985-01-04,57.46208078900009
1985-01-07,57.58754940633666
1985-01-08,57.61660379681589
1985-01-09,58.02456302968828
1985-01-10,58.89785579511516
1985-01-11,58.771468786521844
1985-01-14,59.439027969854976
1985-01-15,59.408517663878165
1985-01-16,59.54385372359145
1985-01-17,59.47164740682405
1985-01-18,59.61210963702919
1985-01-21,60.36155660218582
1985-01-22,60.36621219703158
1985-01-23,60.96585557513815
1985-01-24,60.852220518356944
1985-01-25,61.04894166788395
1985-01-28,60.99365074661448
1985-01-29,61.32602052740193
1985-01-30,61.24439545048899
1985-01-31,61.111511077635484
1985-02-01,60.84433461634236
1985-02-04,61.38013726650319
1985-02-05,61.378255486261516
1985-02-06,61.41745886567048
1985-02-07,61.99212411328365
1985-02-08,62.128116328993364
1985-02-11,61.66901935386105
1985-02-12,61.781368870324926
1985-02-13,62.612620161860285
1985-02-14,62.43015838978651
1985-02-15,62.23146647275607
1985-02-19,62.231932337705736
1985-02-20,62.24288261507354
1985-02-21,61.919637128790484
1985-02-22,61.639944509641786
1985-02-25,61.490850462475194
1985-02-26,62.043398529400854
1985-02-27,61.99940499289895
1985-02-28,62.14360711554137
1985-03-01,62.85659292248725
1985-03-04,62.547902295039826
1985-03-05,62.62723043636176
1985-03-06,62.30522486258004
1985-03-07,62.139088811456105
1985-03-08,62.01351255894467
1985-03-11,61.933416421258386
1985-03-12,62.29687185598003
1985-03-13,61.89494825843254
1985-03-14,61.91459674324846
1985-03-15,61.664345682807664
1985-03-18,62.034673400643435
1985-03-19,62.78337495767474
1985-03-20,62.83449842846731
1985-03-21,63.06141378017693
1985-03-22,63.0637881136837
1985-03-25,62.88517676087206
1985-03-26,63.0142901805424
1985-03-27,63.35060060428667
1985-03-28,63.43392357966886
1985-03-29,63.88391761808451
1985-04-01,64.05927383583744
1985-04-02,63.93261474127169
1985-04-03,63.479944916732606
1985-04-04,63.447725066218304
1985-04-08,63.368851980770316
1985-04-09,63.36640042267131
1985-04-10,63.66237349409662
1985-04-11,63.974551723823886
1985-04-12,64.08413923017675
1985-04-15,64.1852533050654
1985-04-16,64.25885362647637
1985-04-17,64.24567248490926
1985-04-18,64.15814032630239
1985-04-19,64.30005879881661
1985-04-22,64.21562839731659
1985-04-23,64.531278421655
1985-04-24,64.6164869796535
1985-04-25,64.87382404714317
1985-04-26,64.70524731555952
1985-04-29,64.21874144933182
1985-04-30,63.94050806510505
1985-05-01,63.51623469468665
1985-05-02,63.72944757073456
1985-05-03,64.12467678201054
1985-05-06,64.17495118791366
1985-05-07,64.49478245417494
1985-05-08,64.4609156059211
1985-05-09,64.87024849758406
1985-05-10,65.52500205459295
1985-05-13,65.63623117012888
1985-05-14,65.61384235001191
1985-05-15,65.79989996630286
1985-05-16,66.22303827875102
1985-05-17,66.78057978692463
1985-05-20,67.37050443783755
1985-05-21,67.29931570316076
1985-05-22,66.8717351790855
1985-05-23,66.55551285343954
1985-05-24,66.80913748452679
1985-05-28,66.84760548826418
1985-05-29,66.77940615910315
1985-05-30,66.90691741420093
1985-05-31,67.58368701419529
1985-06-03,67.76150367838119
1985-06-04,68.1095760664286
1985-06-05,68.32631348704402
1985-06-06,68.57369020149241
1985-06-07,68.35038307328429
1985-06-10,68.18157578634097
1985-06-11,68.07672559152715
1985-06-12,67.81180937793775
1985-06-13,67.2564571549805
1985-06-14,67.76721011075999
1985-06-17,67.75052620454021
1985-06-18,68.13813734664394
1985-06-19,68.0555712256868
1985-06-20,68.07054831403066
1985-06-21,68.83755861050949
1985-06-24,68.75323715315048
1985-06-25,68.86828765671095
1985-06-26,68.78885907830393
1985-06-27,69.14770832282521
1985-06-28,69.50152010219591
1985-07-01,69.64266883953216
1985-07-02,69.52474182265922
1985-07-03,69.48681156387518
1985-07-05,69.85622551943689
1985-07-08,69.79236556877537
1985-07-09,69.6120547774658
1985-07-10,69.99820650116276
1985-07-11,70.28400344189025
1985-07-12,70.45515705729395
1985-07-15,70.19683762743345
1985-07-16,70.65050764121602
1985-07-17,70.78640629269744
1985-07-18,70.27502515744695
1985-07-19,70.35120653665506
1985-07-22,69.94980744160377
1985-07-23,68.93168837595896
1985-07-24,68.36696346694669
1985-07-25,68.37302830458655
1985-07-26,68.27413708452332
1985-07-29,67.40296745083567
1985-07-30,67.5723550613579
1985-07-31,67.95189689898093
1985-08-01,68.51078314831395
1985-08-02,68.30819017810737
1985-08-05,67.8806581029375
1985-08-06,67.15297534536745
1985-08-07,67.09618626059643
1985-08-08,67.57675311089027
1985-08-09,67.34347380702523
1985-08-12,67.07704043329038
1985-08-13,67.04971443860691
1985-08-14,67.04179953651618
1985-08-15,66.9990833512154
1985-08-16,66.62516997970923
1985-08-19,66.766429063905
1985-08-20,67.30294749392046
1985-08-21,67.59010001906745
1985-08-22,67.09771927438804
1985-08-23,67.08074393763216
1985-08-26,67.2191069323463
1985-08-27,67.41261865445911
1985-08-28,67.65625651468879
1985-08-29,67.68149290840815
1985-08-30,67.7104565133656
1985-09-03,67.4965435649153
1985-09-04,67.42807252191206
1985-09-05,67.44429894489457
1985-09-06,67.54482108667223
1985-09-09,67.58467740310141
1985-09-10,67.10679568619939
1985-09-11,66.49791645151929
1985-09-12,66.07555978893427
1985-09-13,65.60161566469816
1985-09-16,65.34630212891992
1985-09-17,64.85197444320151
1985-09-18,64.88634212784496
1985-09-19,65.519315710209
1985-09-20,65.31551313793778
1985-09-23,65.76382692802515
1985-09-24,65.38672432875727
1985-09-25,64.78250422076576
1985-09-26,64.96739327262476
1985-09-30,65.22789030284544
1985-10-01,66.19868612925629
1985-10-02,65.98165905489854
1985-10-03,66.07940925134596
1985-10-04,65.74089116434502
1985-10-07,65.27267121275213
1985-10-08,65.25051717478097
1985-10-09,65.54664849658052
1985-10-10,65.62669938529713
1985-10-11,66.04530569979437
1985-10-14,66.63519893838155
1985-10-15,66.6106695028019
1985-10-16,67.32480008479534
1985-10-17,67.19861996318063
1985-10-18,66.85007722160128
1985-10-21,67.00110840951788
1985-10-22,67.30113050228691
1985-10-23,67.68037636183526
1985-10-24,67.63178800711826
1985-10-25,67.35866459339566
1985-10-28,67.61292961772246
1985-10-29,68.06359704890978
1985-10-30,68.21372103117835
1985-10-31,68.25896777201494
1985-11-01,68.79879895906346
1985-11-04,68.69242081716314
1985-11-05,68.96689629305183
1985-11-06,69.05618290405474
1985-11-07,69.08091350069417
1985-11-08,69.57344332981245
1985-11-11,70.6718176122532
1985-11-12,71.05246501210782
1985-11-13,70.72869563092672
1985-11-14,71.4452411328521
1985-11-15,70.9894059039973
1985-11-18,71.15414278962587
1985-11-19,71.12294097240309
1985-11-20,71.2045752114976
1985-11-21,71.96564941561567
1985-11-22,72.12722171230149
1985-11-25,71.79937821855717
1985-11-26,71.94907466599444
1985-11-27,72.47401098399465
1985-11-29,72.48318739545529
1985-12-02,71.9514936622963
1985-12-03,72.11153303645284
1985-12-04,73.12175616130278
1985-12-05,73.12225515055592
1985-12-06,72.76557945334639
1985-12-09,73.13575443444091
1985-12-10,72.99437988756151
1985-12-11,73.60005888117463
1985-12-12,73.78450308321732
1985-12-13,74.88870768261476
1985-12-16,75.5317535501531
1985-12-17,75.1458790302831
1985-12-18,74.8154422659748
1985-12-19,74.9149886024902
1985-12-20,75.16507485966687
1985-12-23,74.37228023843284
1985-12-24,73.94284424835617
1985-12-26,74.13336267464989
1985-12-27,74.7550896227567
1985-12-30,75.07073328713747
1985-12-31,75.28318965836185
1986-01-02,74.74496106284708
1986-01-03,75.11761889528059
1986-01-06,75.02234743473937
1986-01-07,75.97907909382928
1986-01-08,74.22199696782437
1986-01-09,73.35918609999416
1986-01-10,73.24025125677056
1986-01-13,73.5665265736104
1986-01-14,73.58208319876458
1986-01-15,73.84744257889535
1986-01-16,74.11947114274659
1986-01-17,74.07691121894528
1986-01-20,73.82805757812548
1986-01-21,73.13592727961748
1986-01-22,72.28143530152518
1986-01-23,72.4168997075426
1986-01-24,73.20063378477514
1986-01-27,73.18356019319728
1986-01-28,73.42483610414452
1986-01-29,73.66700924024506
1986-01-30,73.44030305013479
1986-01-31,74.14150189223325
1986-02-03,74.80827590353609
1986-02-04,74.72546342564561
1986-02-05,74.74321952623407
1986-02-06,74.93797721133515
1986-02-07,75.12565732444516
1986-02-10,75.61046949136121
1986-02-11,75.66420977953452
1986-02-12,75.75898019656249
1986-02-13,76.21472437982109
1986-02-14,76.92741375721221
1986-02-18,77.89025779958118
1986-02-19,77.16897072095043
1986-02-20,77.89909102667373
1986-02-21,78.73826787407056
1986-02-24,78.57824609004
1986-02-25,78.38904163082782
1986-02-26,78.4872542026346
1986-02-27,79.58486821696454
1986-02-28,79.97083278514647
1986-03-03,79.72050123741008
1986-03-04,79.70067354923314
1986-03-05,79.58170879946054
1986-03-06,80.02020101432437
1986-03-07,80.35125493411053
1986-03-10,80.70033406448601
1986-03-11,82.07954443099962
1986-03-12,82.43517074044112
1986-03-13,82.65311659792522
1986-03-14,83.64907314957406
1986-03-17,82.94538329646234
1986-03-18,83.37851413755037
1986-03-19,83.33327753649623
1986-03-20,83.80792126730654
1986-03-21,83.16015832033038
1986-03-24,83.68984919664162
1986-03-25,83.5654919263854
1986-03-26,84.47526312727506
1986-03-27,85.1717383364239
1986-03-31,85.23896763614843
1986-04-01,84.19967117732396
1986-04-02,84.21624027817832
1986-04-03,83.31971379061667
1986-04-04,81.9816770324919
1986-04-07,81.66318207304036
1986-04-08,83.42866163361197
1986-04-09,83.69783290504897
1986-04-10,84.55425104475802
1986-04-11,84.46918675573106
1986-04-14,84.88721168506535
1986-04-15,85.00515534921323
1986-04-16,86.94458886072638
1986-04-17,87.38834992084665
1986-04-18,87.40769014274278
1986-04-21,88.18477265911687
1986-04-22,87.46334934535439
1986-04-23,86.95686338529106
1986-04-24,87.02197488811953
1986-04-25,86.92308843987674
1986-04-28,87.00225888827649
1986-04-29,86.18240054018004
1986-04-30,84.578676563261
1986-05-01,84.42332949720783
1986-05-02,84.36429778906385
1986-05-05,85.29477615468743
1986-05-06,85.182596042109
1986-05-07,84.90036165948062
1986-05-08,85.3342472633635
1986-05-09,85.584492309001
1986-05-12,85.41023375826241
1986-05-13,85.18034486728972
1986-05-14,85.67334685792667
1986-05-15,84.76268095748775
1986-05-16,84.25945430114629
1986-05-19,84.29986997030718
1986-05-20,85.32291588128413
1986-05-21,84.99750178384181
1986-05-22,86.4208920024132
1986-05-23,86.79964277991598
1986-05-27,87.86666187534613
1986-05-28,88.51909865147742
1986-05-29,88.70864292718771
1986-05-30,88.76992643429666
1986-06-02,88.20507922002305
1986-06-03,88.35914228304554
1986-06-04,87.98007581767503
1986-06-05,88.48005413387143
1986-06-06,88.65678512496042
1986-06-09,86.89288521791735
1986-06-10,86.71753584776316
1986-06-11,87.28103280524796
1986-06-12,87.52772042825458
1986-06-13,88.86992972309066
1986-06-16,88.96088521564643
1986-06-17,88.54117411625413
1986-06-18,88.62007256224983
1986-06-19,88.56132468314591
1986-06-20,89.29752467041364
1986-06-23,88.95160732683748
1986-06-24,89.68907881717644
1986-06-25,90.36497516432175
1986-06-26,90.3638185419883
1986-06-27,90.59701620137918
1986-06-30,91.13998359848405
1986-07-01,91.63659948710651
1986-07-02,91.93420602075001
1986-07-03,91.6947368923729
1986-07-07,88.80693973107066
1986-07-08,87.34416180814019
1986-07-09,88.04340728246851
1986-07-10,88.14574642650243
1986-07-11,88.26154703598782
1986-07-14,86.92147414124433
1986-07-15,85.68479577114617
1986-07-16,86.12170447583408
1986-07-17,86.68508652700007
1986-07-18,86.79801875194073
1986-07-21,86.60373266720647
1986-07-22,87.36423194100054
1986-07-23,87.51475037914834
1986-07-24,87.43435904202336
1986-07-25,88.17041974555711
1986-07-28,86.74731140776335
1986-07-29,86.24155454070794
1986-07-30,86.5259658874787
1986-07-31,86.47949230388853
1986-08-01,86.3066120388149
1986-08-04,86.33272436736503
1986-08-05,86.43986021937452
1986-08-06,86.40483931489433
1986-08-07,86.6591406603212
1986-08-08,86.69593289095317
1986-08-11,87.81698967890694
1986-08-12,88.52814213617559
1986-08-13,89.30312980027742
1986-08-14,89.7242761480267
1986-08-15,89.97362187044074
1986-08-18,90.20349406665886
1986-08-19,90.30241576601445
1986-08-20,91.34273733926062
1986-08-21,91.29618851365832
1986-08-22,91.23361495697168
1986-08-25,90.24454491283045
1986-08-26,91.60780579996765
1986-08-27,91.62103188915269
1986-08-28,91.6051363304493
1986-08-29,91.77149049350531
1986-09-02,90.4115961521942
1986-09-03,90.60736394938282
1986-09-04,91.24329384449233
1986-09-05,89.67590172264025
1986-09-08,88.34783086013081
1986-09-09,88.17534289354292
1986-09-10,87.69032668449874
1986-09-11,83.71160654947232
1986-09-12,82.10657063801702
1986-09-15,82.4048813079505
1986-09-16,82.36050882970973
1986-09-17,82.25095996700404
1986-09-18,82.5945913545496
1986-09-19,82.60468132945826
1986-09-22,83.39813429612819
1986-09-23,83.69069985011276
1986-09-24,84.08053465924515
1986-09-25,82.78014216420529
1986-09-26,83.15077363589997
1986-09-29,82.95769731967773
1986-09-30,83.90001413957
1986-10-01,84.61402278469467
1986-10-02,84.64011030463276
1986-10-03,84.60897579026167
1986-10-06,84.8105885003529
1986-10-07,84.97283694119079
1986-10-08,85.6695870823058
1986-10-09,85.52129890452558
1986-10-10,85.53583479750156
1986-10-13,85.66685200394726
1986-10-14,85.50130013198438
1986-10-15,86.63262003221682
1986-10-16,86.97091197640937
1986-10-17,86.65100444348414
1986-10-20,85.79587788458012
1986-10-21,85.65079089445194
1986-10-22,85.67983106944364
1986-10-23,86.4608592575628
1986-10-24,86.15825576414547
1986-10-27,86.32304611124952
1986-10-28,86.50144636599266
1986-10-29,86.9738007293722
1986-10-30,88.0689792829206
1986-10-31,88.01622834199793
1986-11-03,88.52611438092691
1986-11-04,88.79176468519655
1986-11-05,89.05183563317148
1986-11-06,89.0085283008687
1986-11-07,88.97164689528272
1986-11-10,89.08985308097957
1986-11-11,89.36163615608567
1986-11-12,89.20297931394516
1986-11-13,88.18268459541632
1986-11-14,88.57919367257028
1986-11-17,88.12483443545518
1986-11-18,86.06766750650783
1986-11-19,86.07912099546841
1986-11-20,87.61151577368906
1986-11-21,88.8156955465256
1986-11-24,89.21937419624284
1986-11-25,89.37535929996717
1986-11-26,89.47938248679853
1986-11-28,89.72076569732225
1986-12-01,89.56129548920933
1986-12-02,91.14711708217871
1986-12-03,91.08841077675051
1986-12-04,90.83069781701312
1986-12-05,90.28722609003245
1986-12-08,90.24927318755448
1986-12-09,89.60898250170594
1986-12-10,90.14363018415783
1986-12-11,89.25076820411314
1986-12-12,89.09748980581703
1986-12-15,89.33185627355675
1986-12-16,89.93801202968349
1986-12-17,89.36052457857814
1986-12-18,88.69016310977943
1986-12-19,89.03904131363721
1986-12-22,88.95211815876887
1986-12-23,88.36714420751194
1986-12-24,88.62783613592127
1986-12-26,88.65899789732741
1986-12-29,87.94045151360773
1986-12-30,87.40028048369597
1986-12-31,86.74572343989021
1987-01-02,88.53492298493315
1987-01-05,90.43379045994797
1987-01-06,90.56152351549775
1987-01-07,91.29725856689082
1987-01-08,92.0937333802667
1987-01-09,92.78791407043175
1987-01-12,94.40329974416814
1987-01-13,94.32758986010423
1987-01-14,95.24136315076028
1987-01-15,96.31759412672218
1987-01-16,96.35234436652689
1987-01-19,97.14127511723606
1987-01-20,97.17926929963446
1987-01-21,96.65378988253353
1987-01-22,98.54196978427977
1987-01-23,97.16716894048942
1987-01-26,97.02449158743056
1987-01-27,98.30046619076553
1987-01-28,98.80637704926802
1987-01-29,98.46987875600317
1987-01-30,98.51027049452141
1987-02-02,99.3863178628003
1987-02-03,99.21096024808023
1987-02-04,100.6991452097336
1987-02-05,101.41224995384025
1987-02-06,101.12493172834516
1987-02-09,100.52078893946245
1987-02-10,99.51732703235339
1987-02-11,100.31965302906704
1987-02-12,99.80669214743088
1987-02-13,101.07822523446735
1987-02-17,102.95039509801997
1987-02-18,102.93713629964796
1987-02-19,102.77117237902965
1987-02-20,102.72283639678369
1987-02-23,101.81738375087146
1987-02-24,101.82638636592569
1987-02-25,102.22719928409309
1987-02-26,102.08034495280522
1987-02-27,102.52697948319944
1987-03-02,102.2836057401753
1987-03-03,102.68197380054531
1987-03-04,104.1613608095761
1987-03-05,104.92392920576623
1987-03-06,104.96809279836386
1987-03-09,104.40481929810687
1987-03-10,105.27350714187048
1987-03-11,105.34837221935287
1987-03-12,105.562917209481
1987-03-13,105.11829522355387
1987-03-16,104.36767487144638
1987-03-17,105.5218815947893
1987-03-18,105.74250777080448
1987-03-19,106.07625787941457
1987-03-20,107.43628696420781
1987-03-23,108.46275033598283
1987-03-24,108.54965332192221
1987-03-25,108.07527789261447
1987-03-26,108.41334753342815
1987-03-27,106.95157829043028
1987-03-30,104.40635075048829
1987-03-31,105.29424626628912
1987-04-01,105.59700113741847
1987-04-02,106.19111572854047
1987-04-03,108.43146034244072
1987-04-06,108.88089525580678
1987-04-07,107.34301574193097
1987-04-08,107.10670146246609
1987-04-09,105.79091607008252
1987-04-10,105.82685884691324
1987-04-13,103.5705588720595
1987-04-14,101.26716031331306
1987-04-15,102.83997199452453
1987-04-16,103.80997153535803
1987-04-20,103.40065366312098
1987-04-21,105.36313324157513
1987-04-22,103.77353269889662
1987-04-23,103.6007044652927
1987-04-24,101.89836246081245
1987-04-27,101.34210185066723
1987-04-28,101.46867677857742
1987-04-29,102.04809319361406
1987-04-30,103.3788865326443
1987-05-01,103.15353235168982
1987-05-04,103.48701691392012
1987-05-05,105.58690105736733
1987-05-06,105.70804885301152
1987-05-07,105.81104815524216
1987-05-08,105.68801930177897
1987-05-11,105.27877470877155
1987-05-12,105.57494564722975
1987-05-13,105.76333215964823
1987-05-14,105.72654526413804
1987-05-15,103.49890823742007
1987-05-18,102.76815501649828
1987-05-19,100.50194961811931
1987-05-20,99.82151312857546
1987-05-21,100.36083580794218
1987-05-22,100.74711021876844
1987-05-26,102.87336012778802
1987-05-27,102.73123252209393
1987-05-28,103.35585556387535
1987-05-29,103.38314126579071
1987-06-01,103.29159926876201
1987-06-02,103.01260511269163
1987-06-03,104.4240448000663
1987-06-04,104.86350637962455
1987-06-05,104.2968924864275
1987-06-08,104.96521606348136
1987-06-09,105.08986395732025
1987-06-10,105.27933833225684
1987-06-11,105.81865102272343
1987-06-12,106.82387682947852
1987-06-15,107.35519638577202
1987-06-16,108.07023733077796
1987-06-17,108.37521794050359
1987-06-18,109.05200749621264
1987-06-19,109.41660702381606
1987-06-22,110.13912612361517
1987-06-23,109.60887141056136
1987-06-24,109.21512635043791
1987-06-25,110.02717312427545
1987-06-26,109.7128107514698
1987-06-29,110.39484011269501
1987-06-30,109.16072863322567
1987-07-01,108.79315222190814
1987-07-02,109.692637521357
1987-07-06,109.5595292702278
1987-07-07,110.55079828984749
1987-07-08,110.82897026064359
1987-07-09,110.6023804372439
1987-07-10,110.81958932173293
1987-07-13,110.51565842205056
1987-07-14,111.7244146584482
1987-07-15,111.6600067642573
1987-07-16,112.44083230023155
1987-07-17,113.0652659399924
1987-07-20,112.16673442344559
1987-07-21,111.20945476242903
1987-07-22,111.01100715976986
1987-07-23,110.74211100312057
1987-07-24,111.2167228708258
1987-07-27,111.58832422506666
1987-07-28,112.12812197372988
1987-07-29,113.25725559548745
1987-07-30,114.23081855065465
1987-07-31,114.64375353754225
1987-08-03,114.44444834518367
1987-08-04,113.98340632739128
1987-08-05,114.74650166297774
1987-08-06,115.89029534824954
1987-08-07,116.25770703174288
1987-08-10,117.80185811304217
1987-08-11,119.38041692130952
1987-08-12,118.98840579481488
1987-08-13,119.48406109214915
1987-08-14,119.35735035833672
1987-08-17,119.49131873792898
1987-08-18,117.84068437095077
1987-08-19,118.0323751410668
1987-08-20,119.81215986322759
1987-08-21,120.1840005078713
1987-08-24,119.4608730234246
1987-08-25,120.48654881732774
1987-08-26,119.87379700143065
1987-08-27,118.88413627201032
1987-08-28,117.57893147455545
1987-08-31,118.50169837566311
1987-09-01,116.5345822474033
1987-09-02,115.80773253113625
1987-09-03,115.29637630436694
1987-09-04,114.1821110064415
1987-09-08,112.87292485603109
1987-09-09,113.21627638466508
1987-09-10,114.36674725318015
1987-09-11,115.92389154096627
1987-09-14,116.24131319761027
1987-09-15,114.55983760770035
1987-09-16,113.57419277250469
1987-09-17,113.52182604337774
1987-09-18,113.4497330002434
1987-09-21,112.06743473860574
1987-09-22,115.11291768619554
1987-09-23,115.80045529261467
1987-09-24,115.43059697721577
1987-09-25,115.49650858728735
1987-09-28,116.5602504981038
1987-09-29,116.07151097595064
1987-09-30,116.12916782059597
1987-10-01,117.89806609884859
1987-10-02,118.07052736229886
1987-10-05,117.95879202941222
1987-10-06,115.27326279286012
1987-10-07,114.98271517903994
1987-10-08,113.29909709073247
1987-10-09,112.22731599074712
1987-10-12,111.46127689145919
1987-10-13,113.10584349918553
1987-10-14,110.36560051771917
1987-10-15,107.85934906179939
1987-10-16,102.37887572351875
1987-10-19,84.23082917806725
1987-10-20,85.41088597990233
1987-10-21,92.51720072242549
1987-10-22,89.56259372965617
1987-10-23,89.41692171879671
1987-10-26,82.38416355776262
1987-10-27,83.99135335791998
1987-10-28,83.93866425081627
1987-10-29,87.93040138800053
1987-10-30,91.10872396013167
1987-11-02,92.20596164665959
1987-11-03,90.45829506518643
1987-11-04,89.95917395738381
1987-11-05,91.8866143202308
1987-11-06,90.84052042439976
1987-11-09,88.56742324674416
1987-11-10,87.06647127671216
1987-11-11,87.97705311799108
1987-11-12,90.11860988907435
1987-11-13,89.3702254886336
1987-11-16,89.63443338023427
1987-11-17,88.3199880593112
1987-11-18,89.11949675536965
1987-11-19,87.38714566226457
1987-11-20,87.87015661524046
1987-11-23,88.16789384062085
1987-11-24,89.30740332010444
1987-11-25,88.75167314167895
1987-11-27,87.59271572778952
1987-11-30,84.07659020260482
1987-12-01,84.53821688401224
1987-12-02,84.86944336658883
1987-12-03,82.25644779428862
1987-12-04,81.48153149483839
1987-12-07,82.99857058639623
1987-12-08,84.90303478490904
1987-12-09,86.33755743584156
1987-12-10,84.8907373868585
1987-12-11,85.38700183783793
1987-12-14,87.75255823734445
1987-12-15,88.11221212963774
1987-12-16,89.89264754397576
1987-12-17,88.59620511312102
1987-12-18,90.54347548640796
1987-12-21,90.85176827380901
1987-12-22,90.8547095464547
1987-12-23,91.855812494175
1987-12-24,91.67894118297777
1987-12-28,89.5228066392628
1987-12-29,89.16653618430806
1987-12-30,90.370600271079
1987-12-31,90.26858690557819
1988-01-04,93.21752089173586
1988-01-05,94.14670391775277
1988-01-06,94.33604050062274
1988-01-07,95.04269929308718
1988-01-08,89.50321351272491
1988-01-11,90.45821982130234
1988-01-12,89.69798447071167
1988-01-13,89.98964591580521
1988-01-14,90.12706065384737
1988-01-15,92.41003242158826
1988-01-18,92.36902179956891
1988-01-19,91.71900566197594
1988-01-20,89.46509900435532
1988-01-21,89.52985391885814
1988-01-22,90.8486450571424
1988-01-25,92.68661684424265
1988-01-26,92.12486526168755
1988-01-27,92.1398946123722
1988-01-28,93.85763846741838
1988-01-29,95.0237493069696
1988-02-01,94.49375542715235
1988-02-02,94.73464242706363
1988-02-03,93.95206158755627
1988-02-04,94.15121751141675
1988-02-05,93.67002814994335
1988-02-08,93.00722556632229
1988-02-09,94.0929034074844
1988-02-10,95.76421263890776
1988-02-11,95.49198240072496
1988-02-12,95.82018681374907
1988-02-16,96.30670773673191
1988-02-17,95.84309812251765
1988-02-18,95.60292921465229
1988-02-19,96.64265132977292
1988-02-22,97.97820234965062
1988-02-23,97.72146558724575
1988-02-24,97.61575417636433
1988-02-25,96.87350054089049
1988-02-26,96.96300071378093
1988-02-29,98.68634824114311
1988-03-01,98.42127297657221
1988-03-02,98.61727266308549
1988-03-03,98.54048802527383
1988-03-04,98.39392606107971
1988-03-07,98.45672518474812
1988-03-08,98.98584349023568
1988-03-09,98.92646979139677
1988-03-10,97.38309710360032
1988-03-11,97.70132635682944
1988-03-14,98.09763516905774
1988-03-15,98.23880241540569
1988-03-16,99.0990878131442
1988-03-17,100.00850064329627
1988-03-18,100.00277203257082
1988-03-21,99.2813674489375
1988-03-22,99.35832015726004
1988-03-23,99.50116136433711
1988-03-24,97.73068457342126
1988-03-25,96.28816145617041
1988-03-28,95.94835525871855
1988-03-29,96.63702985431615
1988-03-30,96.18803077109192
1988-03-31,96.72660627129046
1988-04-04,95.70731830222782
1988-04-05,96.42137647560105
1988-04-06,98.68307651770098
1988-04-07,99.03234706578802
1988-04-08,100.15371404091067
1988-04-11,100.46535533674621
1988-04-12,100.99780742781775
1988-04-13,100.97059239004888
1988-04-14,97.16868015510676
1988-04-15,97.06510398159732
1988-04-18,96.92649095398454
1988-04-19,96.58089684129173
1988-04-20,95.91727146420402
1988-04-21,96.05851969482956
1988-04-22,97.35651173650184
1988-04-25,98.20291109623766
1988-04-26,98.7752551337558
1988-04-27,98.68534690515735
1988-04-28,98.37199802536288
1988-04-29,98.16849576982821
1988-05-02,97.89096827686073
1988-05-03,98.47827031079721
1988-05-04,97.54225065961076
1988-05-05,97.06563843167417
1988-05-06,96.91314324241861
1988-05-09,96.71784531112618
1988-05-10,97.25056116006608
1988-05-11,95.76610956136061
1988-05-12,96.2498178352236
1988-05-13,97.19967822503331
1988-05-16,97.75541477339551
1988-05-17,96.75809739311947
1988-05-18,95.35415722127267
1988-05-19,95.80061294207582
1988-05-20,95.89563918756681
1988-05-23,95.13084573841974
1988-05-24,96.01956453897265
1988-05-25,96.06120060976531
1988-05-26,96.34154784566053
1988-05-27,96.00773024798075
1988-05-31,98.89837276885551
1988-06-01,100.42509244013074
1988-06-02,99.89817003348227
1988-06-03,100.33668811997047
1988-06-06,100.35166168316103
1988-06-07,99.78847090748621
1988-06-08,101.91023699222656
1988-06-09,101.59525821075218
1988-06-10,101.95246908205725
1988-06-13,101.98204046547652
1988-06-14,103.01601480308764
1988-06-15,102.92802414535579
1988-06-16,101.41358880860294
1988-06-17,101.83719306327983
1988-06-20,101.2631674569836
1988-06-21,102.09445599725143
1988-06-22,103.43420472693921
1988-06-23,103.06333430491993
1988-06-24,102.70426160187596
1988-06-27,101.39548596484784
1988-06-28,102.44187698185642
1988-06-29,101.92678911274051
1988-06-30,102.74648542198919
1988-07-01,102.38568954656456
1988-07-05,103.64719918203593
1988-07-06,102.31708786985332
1988-07-07,102.19754732673987
1988-07-08,101.7261552635629
1988-07-11,101.8283644724644
1988-07-12,101.15051534850173
1988-07-13,101.50555998805707
1988-07-14,101.93116621976233
1988-07-15,102.49882308863285
1988-07-18,102.2067563079144
1988-07-19,101.61834609377802
1988-07-20,102.07344148716594
1988-07-21,101.09416702464738
1988-07-22,100.03181268879483
1988-07-25,100.30636431265839
1988-07-26,100.44652598854881
1988-07-27,99.62627605520346
1988-07-28,100.56115656511965
1988-07-29,102.43282518204214
1988-08-01,102.65882325602477
1988-08-02,102.54074684867169
1988-08-03,102.8252358536593
1988-08-04,102.60672575658968
1988-08-05,102.35786192245529
1988-08-08,102.04808002337117
1988-08-09,100.90618380140914
1988-08-10,99.41362047597494
1988-08-11,99.61943883319454
1988-08-12,99.50652567253256
1988-08-15,98.3258539477251
1988-08-16,98.8717792921272
1988-08-17,99.01153132160012
1988-08-18,99.10340363558609
1988-08-19,98.91902077851421
1988-08-22,97.88126310286196
1988-08-23,97.91921553169685
1988-08-24,99.17155172355464
1988-08-25,98.56795213827222
1988-08-26,98.75342850285661
1988-08-29,99.65775128955319
1988-08-30,99.78174013706887
1988-08-31,99.61297144210735
1988-09-01,98.56882245668113
1988-09-02,100.43422785256537
1988-09-06,100.84637297200868
1988-09-07,100.96698922687781
1988-09-08,101.07484156325687
1988-09-09,101.37955099827668
1988-09-12,101.28139863979256
1988-09-13,101.54491347916309
1988-09-14,102.19992682027102
1988-09-15,101.91270301049092
1988-09-16,102.61083887023668
1988-09-19,102.11186300528162
1988-09-20,102.45030671938773
1988-09-21,102.50499417845626
1988-09-22,102.23799896568445
1988-09-23,102.42318370209358
1988-09-26,102.21354906144627
1988-09-27,102.05775647983478
1988-09-28,102.35208017956721
1988-09-29,103.5026183212586
1988-09-30,103.44447125296352
1988-10-03,103.17180308478382
1988-10-04,103.01026939210352
1988-10-05,103.45926832848151
1988-10-06,103.66600553768214
1988-10-07,105.44428704152423
1988-10-10,105.5463583864462
1988-10-11,105.39995483511979
1988-10-12,104.16113447386124
1988-10-13,104.4768285359579
1988-10-14,104.68246145062672
1988-10-17,104.9228722761098
1988-10-18,105.7520232060896
1988-10-19,105.0422835902435
1988-10-20,107.09831814058292
1988-10-21,107.38577787632782
1988-10-24,107.28429539607477
1988-10-25,107.28021329256725
1988-10-26,106.84504348036072
1988-10-27,105.41193462467352
1988-10-28,105.8900990399211
1988-10-31,106.11319864651692
1988-11-01,106.1828790834401
1988-11-02,106.1901862454811
1988-11-03,106.3752734723095
1988-11-04,105.53890659590091
1988-11-07,104.60843478338025
1988-11-08,104.96279007191484
1988-11-09,104.34847555786646
1988-11-10,104.4606000674525
1988-11-11,102.52591559842085
1988-11-14,102.3402804073526
1988-11-15,102.64899268255716
1988-11-16,100.83808836795659
1988-11-17,100.9882495383657
1988-11-18,101.68745533017834
1988-11-21,101.74189776409747
1988-11-22,102.10060246683187
1988-11-23,102.95861019410535
1988-11-25,102.35391664884284
1988-11-28,102.71357424366639
1988-11-29,103.54611218660585
1988-11-30,104.5669275487528
1988-12-01,104.38269931969715
1988-12-02,104.09333706279601
1988-12-05,105.06817020882957
1988-12-06,106.06725092559236
1988-12-07,106.25383610379701
1988-12-08,105.84172856175678
1988-12-09,106.01318993295145
1988-12-12,105.9243613007768
1988-12-13,105.91508358522017
1988-12-14,105.59409623048461
1988-12-15,105.17281759747412
1988-12-16,105.81638206017294
1988-12-19,106.89134532796895
1988-12-20,106.52069739966097
1988-12-21,106.47238500031197
1988-12-22,106.23721043649448
1988-12-23,106.71711849019046
1988-12-27,106.43776370855632
1988-12-28,106.51698581985369
1988-12-29,107.22876747800447
1988-12-30,106.937276914524
1989-01-03,105.95011076880193
1989-01-04,107.25156862918216
1989-01-05,107.44476471566009
1989-01-06,107.8689769503048
1989-01-09,107.9748147854694
1989-01-10,107.82951676248487
1989-01-11,108.27287100205972
1989-01-12,108.77386710214893
1989-01-13,109.02512130852305
1989-01-16,109.10954713684092
1989-01-17,109.06236045312605
1989-01-18,110.09426132361854
1989-01-19,110.32902841882505
1989-01-20,110.26891856422205
1989-01-23,109.5211985159454
1989-01-24,110.76278000032869
1989-01-25,110.98684295929687
1989-01-26,111.81125725015784
1989-01-27,112.60283806241176
1989-01-30,112.89522468421079
1989-01-31,113.88127744835822
1989-02-01,113.88332294624502
1989-02-02,113.76499127899045
1989-02-03,113.79498142218654
1989-02-06,113.53433080918226
1989-02-07,114.96604261353282
1989-02-08,114.72263089845902
1989-02-09,114.0135860962737
1989-02-10,112.63176009749614
1989-02-13,112.76805535756198
1989-02-14,112.6516005284292
1989-02-15,113.55501652369666
1989-02-16,113.8016480197119
1989-02-17,114.466320678639
1989-02-21,114.37439774956307
1989-02-22,112.67140316992955
1989-02-23,112.9457543708503
1989-02-24,111.31032556315671
1989-02-27,111.47160133228161
1989-02-28,111.96637275117779
1989-03-01,111.65982483485564
1989-03-02,112.72856543526376
1989-03-03,113.2565716849834
1989-03-06,114.63959255877052
1989-03-07,114.53811308009388
1989-03-08,114.42608409283397
1989-03-09,114.38910630411293
1989-03-10,114.00229063566837
1989-03-13,114.81085554229419
1989-03-14,114.79945966358042
1989-03-15,115.67931112917663
1989-03-16,116.6110533432018
1989-03-17,114.10536836115381
1989-03-20,112.982813092402
1989-03-21,113.61386355398102
1989-03-22,113.65120041914241
1989-03-23,113.18264558239092
1989-03-27,113.69631256377855
1989-03-28,114.12547411022967
1989-03-29,114.43910273486134
1989-03-30,114.39706059044578
1989-03-31,115.36471713276755
1989-04-03,115.73126523443092
1989-04-04,115.62061886496113
1989-04-05,116.06601161459272
1989-04-06,115.67596133049359
1989-04-07,116.1785822815048
1989-04-10,116.17970484821613
1989-04-11,116.6096017291935
1989-04-12,116.80936571595404
1989-04-13,115.83726808843423
1989-04-14,117.55972544413645
1989-04-17,117.86966996187077
1989-04-18,119.47652995886473
1989-04-19,120.10857960555545
1989-04-20,119.90919161322988
1989-04-21,120.90567910577725
1989-04-24,120.74639560269826
1989-04-25,120.4022957180687
1989-04-26,120.52696020664706
1989-04-27,121.60045176457744
1989-04-28,121.85093448130492
1989-05-01,121.83162344070224
1989-05-02,121.63010483756781
1989-05-03,121.71880706875864
1989-05-04,121.6274224346883
1989-05-05,121.94268417246175
1989-05-08,121.42587766262642
1989-05-09,121.2838353246213
1989-05-10,121.45186485034277
1989-05-11,121.80213427122257
1989-05-12,124.42763836145953
1989-05-15,125.19802910670339
1989-05-16,124.97486207578223
1989-05-17,126.06215261051408
1989-05-18,126.42398734311307
1989-05-19,127.62118832406127
1989-05-22,128.21498260979223
1989-05-23,126.82470427763677
1989-05-24,127.18574697251692
1989-05-25,127.17815623315494
1989-05-26,128.12813674114054
1989-05-30,127.35608651449235
1989-05-31,127.96044442473284
1989-06-01,128.4219625406581
1989-06-02,129.9707049916638
1989-06-05,128.9457454780507
1989-06-06,129.72294828656948
1989-06-07,131.89502305640505
1989-06-08,131.9144339032079
1989-06-09,131.6666518527432
1989-06-12,131.26947679932886
1989-06-13,130.20995276495984
1989-06-14,130.08146661373786
1989-06-15,128.5931169059288
1989-06-16,128.90426512452694
1989-06-19,129.1733216988946
1989-06-20,129.0012538023204
1989-06-21,129.15762915720177
1989-06-22,130.0475476906332
1989-06-23,132.3110502806248
1989-06-26,132.0726637686358
1989-06-27,132.64116440448385
1989-06-28,131.51037343146007
1989-06-29,129.084846036385
1989-06-30,128.46446346218187
1989-07-03,128.82354928135967
1989-07-05,129.5243069052761
1989-07-06,130.03676451468286
1989-07-07,131.46164810659357
1989-07-10,132.08902341306003
1989-07-11,133.02024262464178
1989-07-12,133.39687682723587
1989-07-13,133.59264233006343
1989-07-14,134.04784318486364
1989-07-17,134.19393271227815
1989-07-18,133.68676924296776
1989-07-19,134.95274165505273
1989-07-20,133.85757254054695
1989-07-21,134.22757107891985
1989-07-24,133.39243274217796
1989-07-25,133.88371201427051
1989-07-26,135.4208575233372
1989-07-27,137.16421993336817
1989-07-28,137.4271728730739
1989-07-31,138.8191497149215
1989-08-01,138.5416767292872
1989-08-02,138.57223750678997
1989-08-03,138.76319002589304
1989-08-04,138.0373984551464
1989-08-07,139.71673851454707
1989-08-08,139.71743846502667
1989-08-09,138.7557429833482
1989-08-10,138.99572067944894
1989-08-11,137.8787335322885
1989-08-14,137.03022810861384
1989-08-15,137.6011412254883
1989-08-16,137.91581968800264
1989-08-17,137.6171080389066
1989-08-18,138.2577462809791
1989-08-21,136.4309527206733
1989-08-22,136.33811645016112
1989-08-23,137.54087992010307
1989-08-24,140.1486460881296
1989-08-25,139.80740512887598
1989-08-28,140.20237174762204
1989-08-29,139.35735724640801
1989-08-30,139.77457455921055
1989-08-31,140.0439742134387
1989-09-01,140.9660431983195
1989-09-05,140.64274299966047
1989-09-06,139.458434031768
1989-09-07,139.44544234805147
1989-09-08,139.6598542439645
1989-09-11,139.51375485865384
1989-09-12,140.3778399284246
1989-09-13,139.40063335221825
1989-09-14,138.5968416738919
1989-09-15,139.24544896648422
1989-09-18,140.20086494391575
1989-09-19,140.67679469628496
1989-09-20,140.526801342866
1989-09-21,140.5454645940502
1989-09-22,141.28772710956662
1989-09-25,139.95160051315773
1989-09-26,140.04329802174792
1989-09-27,140.12711598513718
1989-09-28,141.35676170171456
1989-09-29,142.10849691963807
1989-10-02,142.76720652807484
1989-10-03,144.3196407061262
1989-10-04,145.3857960854062
1989-10-05,145.45853049136966
1989-10-06,146.70867258632924
1989-10-09,146.61034835872624
1989-10-10,146.10364356019434
1989-10-11,145.20279905611397
1989-10-12,144.63166898695133
1989-10-13,136.65190751101022
1989-10-16,139.50399745774797
1989-10-17,139.12197428479647
1989-10-18,139.492724159232
1989-10-19,141.71884484864128
1989-10-20,141.71921926039474
1989-10-23,140.83541075056388
1989-10-24,140.0912690708002
1989-10-25,139.92141208145785
1989-10-26,138.41033775763287
1989-10-27,136.71746741126006
1989-10-30,136.7070200711904
1989-10-31,138.7985154535929
1989-11-01,139.36825684632268
1989-11-02,138.72325820634435
1989-11-03,138.4215894764913
1989-11-06,136.45645553069568
1989-11-07,137.3883877257414
1989-11-08,138.67295960940703
1989-11-09,138.2446216670974
1989-11-10,139.13457705868183
1989-11-13,139.33563473343824
1989-11-14,138.71408542753522
1989-11-15,139.61945826729618
1989-11-16,139.5578659508999
1989-11-17,139.9798119149894
1989-11-20,139.35229277449514
1989-11-21,139.56333443711932
1989-11-22,140.57249381775694
1989-11-24,141.46875376915875
1989-11-27,141.95858851481722
1989-11-28,142.09149886317235
1989-11-29,141.1991858834216
1989-11-30,142.19576936050274
1989-12-01,143.94396818720884
1989-12-04,144.55357082479875
1989-12-05,144.03939930222012
1989-12-06,143.96737130564847
1989-12-07,143.64286661582312
1989-12-08,143.94433307365952
1989-12-11,144.0521138719766
1989-12-12,145.58860370612265
1989-12-13,146.42563973240578
1989-12-14,145.9094989745524
1989-12-15,145.66244124217516
1989-12-18,143.55219699809965
1989-12-19,142.96554101755575
1989-12-20,143.0188553755899
1989-12-21,143.58296603518016
1989-12-22,144.8261004489005
1989-12-26,144.6168477361309
1989-12-27,145.2749642063236
1989-12-28,145.7246341811927
1989-12-29,146.72689481669335
1990-01-02,148.21597333817596
1990-01-03,147.50171694431208
1990-01-04,145.77694580890793
1990-01-05,144.04530312908724
1990-01-08,144.83571568584443
1990-01-09,143.335325269673
1990-01-10,142.63207537953858
1990-01-11,143.22374988168372
1990-01-12,140.06441374113496
1990-01-15,139.03897209986056
1990-01-16,140.13803671826767
1990-01-17,139.11103207495518
1990-01-18,139.31833496706338
1990-01-19,139.77006417403788
1990-01-22,136.44058973483607
1990-01-23,136.4375431636732
1990-01-24,135.86006241860917
1990-01-25,134.109468333674
1990-01-26,133.85255854830592
1990-01-29,133.4024539464922
1990-01-30,132.36622601636736
1990-01-31,134.47102809031495
1990-02-01,134.58117141485621
1990-02-02,135.5894198690556
1990-02-05,136.11971748634437
1990-02-06,135.46187445157474
1990-02-07,137.10219057587165
1990-02-08,137.1027768002382
1990-02-09,137.50963907538554
1990-02-12,136.3199486345336
1990-02-13,136.5746012746073
1990-02-14,136.67728950261406
1990-02-15,138.6346756823664
1990-02-16,137.97478775263818
1990-02-20,136.50256823584968
1990-02-21,136.56543247474312
1990-02-22,135.24376174473485
1990-02-23,134.550610471737
1990-02-26,136.22326103595614
1990-02-27,136.54511057357487
1990-02-28,136.53206967635788
1990-03-01,136.5829229956631
1990-03-02,137.5211267352306
1990-03-05,136.87345808114247
1990-03-06,138.41481447602095
1990-03-07,138.01154680801818
1990-03-08,138.4316864877802
1990-03-09,137.18087604989304
1990-03-12,137.3130881453362
1990-03-13,136.22501644721063
1990-03-14,136.70482990237986
1990-03-15,137.14587644559447
1990-03-16,138.58271807979952
1990-03-19,139.1044727794416
1990-03-20,138.29239180552025
1990-03-21,137.73251997006543
1990-03-22,136.15034885169462
1990-03-23,136.77486984473137
1990-03-26,137.10239270107132
1990-03-27,138.2535583354094
1990-03-28,138.29554054982117
1990-03-29,138.06428111919502
1990-03-30,138.1334422516573
1990-04-02,137.99720674675658
1990-04-03,139.92198400904002
1990-04-04,139.0588440789752
1990-04-05,138.7732613424686
1990-04-06,138.40855472387977
1990-04-09,138.55040160923562
1990-04-10,138.9149374217575
1990-04-11,138.6722632206074
1990-04-12,139.71986678523905
1990-04-16,139.90179231564363
1990-04-17,139.952126760815
1990-04-18,138.33130030659177
1990-04-19,137.17536389008353
1990-04-20,135.91780114793107
1990-04-23,134.43490383620696
1990-04-24,134.1356926476362
1990-04-25,134.91355602933734
1990-04-26,135.49159021662402
1990-04-27,134.1725784154994
1990-04-30,134.69318357375806
1990-05-01,135.09962642782116
1990-05-02,135.85562451312222
1990-05-03,136.2513102316855
1990-05-04,137.19732156001416
1990-05-07,138.07920477952993
1990-05-08,138.77779895306293
1990-05-09,138.9817595947954
1990-05-10,139.67870517338216
1990-05-11,142.51190572596886
1990-05-14,143.70688940668904
1990-05-15,143.58305555485117
1990-05-16,143.39770764694813
1990-05-17,143.66289474562754
1990-05-18,143.69214598728658
1990-05-21,144.92966141045878
1990-05-22,145.063109192201
1990-05-23,145.33405104289272
1990-05-24,145.33469587701623
1990-05-25,144.10612352808297
1990-05-29,146.13789374086448
1990-05-30,146.22113218647732
1990-05-31,146.10323578560414
1990-06-01,147.14685614015872
1990-06-04,148.73929923511864
1990-06-05,148.19202519330986
1990-06-06,147.73755583612223
1990-06-07,147.22165029882214
1990-06-08,145.74899941787442
1990-06-11,146.87121993461045
1990-06-12,148.64575767085893
1990-06-13,148.1543192014673
1990-06-14,147.72269462332244
1990-06-15,147.85268337317527
1990-06-18,145.7758736978359
1990-06-19,146.2047273339428
1990-06-20,146.2175262793915
1990-06-21,146.7623904002551
1990-06-22,145.22396400616628
1990-06-25,143.91601277504182
1990-06-26,143.6633543507659
1990-06-27,144.67324845101993
1990-06-28,145.73993548406085
1990-06-29,146.2336733842546
1990-07-02,146.87158804051438
1990-07-03,147.2902549745423
1990-07-05,145.86037231675405
1990-07-06,146.94529109147905
1990-07-09,147.26554840958954
1990-07-10,146.5104912432061
1990-07-11,148.45950103467274
1990-07-12,149.9722473745932
1990-07-13,150.67043574585225
1990-07-16,151.4882859198518
1990-07-17,150.87696886868383
1990-07-18,149.50632580275828
1990-07-19,149.75904035214157
1990-07-20,149.07497239260707
1990-07-23,145.88936239420687
1990-07-24,145.90313342550846
1990-07-25,146.32457166610016
1990-07-26,145.89833230016444
1990-07-27,145.21470606578913
1990-07-30,146.02470563636538
1990-07-31,146.7176189465643
1990-08-01,146.84398409170882
1990-08-02,146.8512471052718
1990-08-03,144.31734615409167
1990-08-06,141.85341432946183
1990-08-07,141.9345590103293
1990-08-08,141.72561097111137
1990-08-09,142.23599355854302
1990-08-10,141.24055631679153
1990-08-13,142.66215169980006
1990-08-14,142.9076396892592
1990-08-15,142.59201981117803
1990-08-16,141.35274030458615
1990-08-17,141.2635621142516
1990-08-20,142.4795663944951
1990-08-21,139.93354144661836
1990-08-22,138.83864363108444
1990-08-23,134.373148693803
1990-08-24,134.0624240276376
1990-08-27,136.04837621372016
1990-08-28,137.23589413982995
1990-08-29,137.72398600229914
1990-08-30,135.7830763649435
1990-08-31,137.59958429327048
1990-09-04,138.23063288565777
1990-09-05,140.17270740809113
1990-09-06,138.57868044972145
1990-09-07,139.76244942367657
1990-09-10,139.23745493739676
1990-09-11,139.08025904556754
1990-09-12,139.64474289745593
1990-09-13,138.10572660710298
1990-09-14,137.46241989343295
1990-09-17,137.9421783879699
1990-09-18,138.22856712016156
1990-09-19,137.3831572266004
1990-09-20,135.4059424183729
1990-09-21,135.5097627603
1990-09-24,133.17472158582405
1990-09-25,134.0880651608046
1990-09-26,132.28199284224917
1990-09-27,130.29624934584047
1990-09-28,130.52925132941712
1990-10-01,131.62703252917066
1990-10-02,131.49804228651158
1990-10-03,131.31760186057042
1990-10-04,131.9359984374979
1990-10-05,131.1392509692695
1990-10-08,131.78559411182533
1990-10-09,129.43829684258054
1990-10-10,127.76199980396528
1990-10-11,125.8993394610714
1990-10-12,127.60076990264936
1990-10-15,128.79228607469614
1990-10-16,127.38001048103192
1990-10-17,127.45681521031399
1990-10-18,130.26029820907178
1990-10-19,132.36145233645632
1990-10-22,133.6713934946196
1990-10-23,133.0334294306787
1990-10-24,133.11209529117903
1990-10-25,132.35239939167815
1990-10-26,130.35916773159485
1990-10-29,129.24613572366835
1990-10-30,129.79107154401737
1990-10-31,129.55121805156256
1990-11-01,130.41289263229584
1990-11-02,132.31193213332654
1990-11-05,133.73012653297374
1990-11-06,132.83990103481236
1990-11-07,130.91422364788596
1990-11-08,131.47478737849266
1990-11-09,133.72344313029072
1990-11-12,136.09738147373096
1990-11-13,135.7303011316416
1990-11-14,136.83092613772857
1990-11-15,135.73650152830504
1990-11-16,135.70976548038917
1990-11-19,136.55790960971387
1990-11-20,135.2242771984634
1990-11-21,135.49921996484537
1990-11-23,135.37463623432092
1990-11-26,135.9923657684908
1990-11-27,137.1787885817512
1990-11-28,137.24361651178046
1990-11-29,136.86913198789475
1990-11-30,139.3596902433233
1990-12-03,140.17298046121806
1990-12-04,141.06587377660313
1990-12-05,142.25263982364822
1990-12-06,142.11055629549608
1990-12-07,141.85746303934337
1990-12-10,142.345769120916
1990-12-11,141.7623591722296
1990-12-12,143.3454495008904
1990-12-13,142.81560390644518
1990-12-14,141.59942956500603
1990-12-17,141.10048417762548
1990-12-18,142.53517179531596
1990-12-19,142.40632301920823
1990-12-20,142.25915176782064
1990-12-21,142.6603033983722
1990-12-24,142.2307812446014
1990-12-26,142.74294432402465
1990-12-27,141.99250873125175
1990-12-28,142.00396508649254
1990-12-31,142.9995438487689
1991-01-02,141.4906579847169
1991-01-03,138.96120242423757
1991-01-04,138.234477505149
1991-01-07,135.5558126661966
1991-01-08,135.5582775119386
1991-01-09,134.2556328224094
1991-01-10,135.66383285345
1991-01-11,135.99197997987963
1991-01-14,134.62667123556983
1991-01-15,135.26896853345892
1991-01-16,136.3081624768401
1991-01-17,140.3094671802784
1991-01-18,141.54020802199892
1991-01-21,141.14545954869172
1991-01-22,140.45390287302317
1991-01-23,141.35586786563718
1991-01-24,143.30866983166328
1991-01-25,143.7830231471789
1991-01-28,144.02835071542546
1991-01-29,144.27887514229624
1991-01-30,146.52316474640293
1991-01-31,147.72961852634896
1991-02-01,147.627199766946
1991-02-04,149.84081127037604
1991-02-05,151.43743975966817
1991-02-06,153.9491076972312
1991-02-07,152.80333311506152
1991-02-08,154.43292314299646
1991-02-11,158.35806555739038
1991-02-12,156.9933649694046
1991-02-13,158.6061407888674
1991-02-14,157.15827290200858
1991-02-15,159.81727014508218
1991-02-19,160.70953105879724
1991-02-20,159.08180314074588
1991-02-21,159.63661112741835
1991-02-22,160.5753185752939
1991-02-25,161.75875538857764
1991-02-26,159.86699418466537
1991-02-27,161.36898043405586
1991-02-28,161.00796831269926
1991-03-01,162.16266708284795
1991-03-04,162.24157573424463
1991-03-05,165.7097435333728
1991-03-06,165.4519085029823
1991-03-07,165.9142374633971
1991-03-08,166.01906703457115
1991-03-11,165.27619185359183
1991-03-12,163.3203092178332
1991-03-13,165.18603431998736
1991-03-14,165.9052764728
1991-03-15,165.67010278403419
1991-03-18,164.9375505504958
1991-03-19,162.78161454053503
1991-03-20,164.86009237021358
1991-03-21,164.8924246235603
1991-03-22,165.26199761282965
1991-03-25,165.9755047005514
1991-03-26,169.15756643354786
1991-03-27,168.86387280019562
1991-03-28,168.50119117240104
1991-04-01,167.12549485254357
1991-04-02,171.44969739528574
1991-04-03,171.17172466358744
1991-04-04,171.7519133002637
1991-04-05,169.9930890268853
1991-04-08,170.98695097669935
1991-04-09,168.99305915211178
1991-04-10,168.37194994944332
1991-04-11,170.27503336646566
1991-04-12,171.35115385692168
1991-04-15,171.92674275088314
1991-04-16,174.86464519434082
1991-04-17,175.76514217975082
1991-04-18,174.39118535973702
1991-04-19,172.00332949179065
1991-04-22,170.11308795343194
1991-04-23,170.1888735414818
1991-04-24,170.21333840596867
1991-04-25,169.40991947716302
1991-04-26,169.46273216704307
1991-04-29,167.4119810955064
1991-04-30,168.01866595755683
1991-05-01,170.50525164061534
1991-05-02,170.41342966854853
1991-05-03,170.86585008426226
1991-05-06,170.5940227635636
1991-05-07,169.8978713903291
1991-05-08,170.5095445446464
1991-05-09,172.6722805892021
1991-05-10,169.35740931771963
1991-05-13,169.2890314411774
1991-05-14,166.68754117619469
1991-05-15,165.4859329784977
1991-05-16,167.44093013894727
1991-05-17,167.46262766237862
1991-05-20,167.58565720236822
1991-05-21,168.6646842801941
1991-05-22,169.24772555914444
1991-05-23,169.0400080754176
1991-05-24,169.77135938735393
1991-05-28,171.68753025493473
1991-05-29,171.98476493277272
1991-05-30,172.37306385503024
1991-05-31,171.79974796111892
1991-06-03,170.2462505584089
1991-06-04,170.45494927684987
1991-06-05,169.9813025157943
1991-06-06,168.76111277549336
1991-06-07,167.1989633565591
1991-06-10,166.624087873343
1991-06-11,167.76317880179968
1991-06-12,165.97853597990212
1991-06-13,166.54087067825478
1991-06-14,168.7243088393971
1991-06-17,168.1549732692225
1991-06-18,167.30691600037338
1991-06-19,165.6665138749617
1991-06-20,165.95876483461714
1991-06-21,166.86218425542327
1991-06-24,164.09970261588342
1991-06-25,163.64276215856245
1991-06-26,163.76951006229035
1991-06-27,164.80253033605405
1991-06-28,163.70005382718594
1991-07-01,166.5567517712206
1991-07-02,166.9215464110985
1991-07-03,165.29211694432308
1991-07-05,165.64508411806813
1991-07-08,166.98634943554464
1991-07-09,166.69371031520885
1991-07-10,166.71182177867075
1991-07-11,167.2819133639829
1991-07-12,168.45330341414387
1991-07-15,169.17767829699554
1991-07-16,168.7017360060806
1991-07-17,168.6019316836813
1991-07-18,170.1108183225552
1991-07-19,169.67125304144346
1991-07-22,169.1056332603348
1991-07-23,167.605548171552
1991-07-24,167.5471529194117
1991-07-25,168.65840212318355
1991-07-26,168.89637425932284
1991-07-29,170.15556909476146
1991-07-30,172.0617741603118
1991-07-31,172.95854935234667
1991-08-01,173.02052617551112
1991-08-02,173.5102249468831
1991-08-05,172.72647032641004
1991-08-06,175.15517925574613
1991-08-07,175.37020936893697
1991-08-08,175.20261767378028
1991-08-09,174.39937018545942
1991-08-12,174.69390144031254
1991-08-13,175.2966100121754
1991-08-14,175.68588512124032
1991-08-15,175.46847590716206
1991-08-16,173.909750270321
1991-08-19,169.50141898554176
1991-08-20,170.81491122859987
1991-08-21,175.7651436345551
1991-08-22,176.19947250121743
1991-08-23,177.05603320465485
1991-08-26,176.97599244760409
1991-08-27,176.8109858782778
1991-08-28,178.5614182098844
1991-08-29,178.70271252280483
1991-08-30,178.3199817762555
1991-09-03,176.847858730113
1991-09-04,175.73416784864446
1991-09-05,175.01418765448602
1991-09-06,174.94386257780138
1991-09-09,174.76534666170744
1991-09-10,173.1158092396298
1991-09-11,173.49247149168048
1991-09-12,174.70884778009918
1991-09-13,173.16262074639408
1991-09-16,174.03370997163412
1991-09-17,174.0858251110294
1991-09-18,174.71757560417194
1991-09-19,175.2763850665219
1991-09-20,175.83673845115337
1991-09-23,174.83853931890158
1991-09-24,175.61571544392703
1991-09-25,175.11651996254076
1991-09-26,174.54393017678552
1991-09-27,173.45387534169126
1991-09-30,174.72964119901397
1991-10-01,175.65952949796448
1991-10-02,175.66168013263072
1991-10-03,174.4892931535983
1991-10-04,173.78054126655445
1991-10-07,172.76230375156675
1991-10-08,173.06843196206898
1991-10-09,171.93574178480878
1991-10-10,172.4427135856598
1991-10-11,172.86384885499928
1991-10-14,174.49599104708707
1991-10-15,176.48028142731323
1991-10-16,176.6252754613263
1991-10-17,176.35215046468502
1991-10-18,176.63404659126613
1991-10-21,175.61286334064332
1991-10-22,175.36798539378825
1991-10-23,175.40644263938302
1991-10-24,174.55761758458192
1991-10-25,174.50019693769562
1991-10-28,176.35098052253292
1991-10-29,176.96093953722897
1991-10-30,177.44319574360247
1991-10-31,178.38506717697678
1991-11-01,178.08466196038103
1991-11-04,178.04250559702768
1991-11-05,177.7664650160771
1991-11-06,177.7559261937912
1991-11-07,178.46579418551238
1991-11-08,178.54694207933878
1991-11-11,179.62383348107616
1991-11-12,181.7499826277679
1991-11-13,181.67738103421556
1991-11-14,181.23988416779378
1991-11-15,174.55911254756862
1991-11-18,176.27288589057952
1991-11-19,173.72527163322712
1991-11-20,174.21676633637077
1991-11-21,175.23999291031114
1991-11-22,173.80753460069872
1991-11-25,173.4357137921452
1991-11-26,174.02970212335728
1991-11-27,174.70584673260123
1991-11-29,174.93039824835066
1991-12-02,177.85695123496856
1991-12-03,178.16964501920563
1991-12-04,178.44767203857938
1991-12-05,177.51338184513253
1991-12-06,178.8904383371747
1991-12-09,178.5728295804725
1991-12-10,178.40332123666883
1991-12-11,177.9149804562481
1991-12-12,179.1178652339036
1991-12-13,179.51710904386525
1991-12-16,180.08454722975853
1991-12-17,180.10698805727975
1991-12-18,180.2480714341693
1991-12-19,179.9280478496136
1991-12-20,182.19455643191841
1991-12-23,185.87210852478833
1991-12-24,186.5826496320301
1991-12-26,189.5698585047123
1991-12-27,191.01839715570102
1991-12-30,195.04592474432255
1991-12-31,195.84293750215446
1992-01-02,195.17380506076668
1992-01-03,196.1170878868612
1992-01-06,195.52164087227308
1992-01-07,195.33151328856448
1992-01-08,196.3599852269628
1992-01-09,196.82742541270002
1992-01-10,195.29439944575302
1992-01-13,194.67737490959593
1992-01-14,196.47735687665104
1992-01-15,195.37710855437302
1992-01-16,192.463271044823
1992-01-17,192.6449213695149
1992-01-20,191.44086478392703
1992-01-21,189.28719123176623
1992-01-22,192.77143081328228
1992-01-23,192.12343719397228
1992-01-24,192.59431455022997
1992-01-27,191.84479172764105
1992-01-28,191.46202261787897
1992-01-29,189.4887198128191
1992-01-30,190.27266512096352
1992-01-31,189.1771990933116
1992-02-03,189.87731174117891
1992-02-04,192.0304017361277
1992-02-05,192.67041723886996
1992-02-06,193.1583823216818
1992-02-07,192.14870395435625
1992-02-10,193.0877987554789
1992-02-11,193.24614569927311
1992-02-12,194.95080685132936
1992-02-13,194.03075744471406
1992-02-14,194.43047722406553
1992-02-18,192.9348209549926
1992-02-19,193.51666872890215
1992-02-20,196.31200120043823
1992-02-21,195.080712513347
1992-02-24,194.94969738813919
1992-02-25,193.68899239962775
1992-02-26,196.77064931479504
1992-02-27,197.12232257268795
1992-02-28,196.18925201622207
1992-03-02,196.4813593686056
1992-03-03,196.7454623223289
1992-03-04,195.2098479501831
1992-03-05,193.41473448439461
1992-03-06,191.98619253307254
1992-03-09,192.16563235312515
1992-03-10,193.48965993976284
1992-03-11,191.88969176261313
1992-03-12,191.49788392211218
1992-03-13,192.22257867004572
1992-03-16,192.50604512647863
1992-03-17,194.1291329559439
1992-03-18,194.21068842342024
1992-03-19,194.79893206944095
1992-03-20,195.4081961577378
1992-03-23,194.70279360940575
1992-03-24,193.9229747104736
1992-03-25,193.9229648354107
1992-03-26,194.0652322294586
1992-03-27,192.46426573279612
1992-03-30,191.88377203686014
1992-03-31,192.10857281456146
1992-04-01,191.73879217797085
1992-04-02,189.85428485064043
1992-04-03,189.17173506858322
1992-04-06,191.00508217021584
1992-04-07,187.58316337170314
1992-04-08,185.55484107786538
1992-04-09,188.60949122913985
1992-04-10,190.49178122619315
1992-04-13,191.31215849469802
1992-04-14,194.63290871580574
1992-04-15,196.98570689763991
1992-04-16,198.75948061549238
1992-04-20,197.6040801222258
1992-04-21,197.81431400822956
1992-04-22,196.65617341042903
1992-04-23,198.20181830895078
1992-04-24,197.68157891799694
1992-04-27,197.89222761249894
1992-04-28,198.72796794181673
1992-04-29,201.18527640694688
1992-04-30,202.53731217748413
1992-05-01,200.97336635141923
1992-05-04,202.25513573578507
1992-05-05,201.77267000966535
1992-05-06,202.33186402254844
1992-05-07,201.79155549345268
1992-05-08,201.5810287725451
1992-05-11,202.57555972207135
1992-05-12,201.77511964441246
1992-05-13,202.32706630815736
1992-05-14,201.07674859446578
1992-05-15,199.93018612971846
1992-05-18,200.50394343399537
1992-05-19,201.86346697404022
1992-05-20,202.22818363742124
1992-05-21,201.14213509017696
1992-05-22,201.26746814725854
1992-05-26,200.01006413112552
1992-05-27,200.37107251408108
1992-05-28,202.05478564679564
1992-05-29,202.10303437924574
1992-06-01,202.60129449244337
1992-06-02,201.7685426764476
1992-06-03,202.2563852685597
1992-06-04,201.35603310093586
1992-06-05,201.34685687212183
1992-06-08,201.519464207672
1992-06-09,200.10291401632517
1992-06-10,198.13807256702813
1992-06-11,198.68524136981756
1992-06-12,199.6796834867615
1992-06-15,199.26450320013782
1992-06-16,198.2727803602545
1992-06-17,195.64684646710376
1992-06-18,194.90979966283126
1992-06-19,196.12141295839325
1992-06-22,195.20683691476657
1992-06-23,195.9202121549774
1992-06-24,196.3368313015926
1992-06-25,195.8690487284657
1992-06-26,196.03091981439582
1992-06-29,198.51047186899265
1992-06-30,198.5522534217824
1992-07-01,199.45335985203468
1992-07-02,197.6087565240002
1992-07-06,197.74753712321888
1992-07-07,196.9582771962319
1992-07-08,197.12542562388492
1992-07-09,198.8287287108174
1992-07-10,199.5880789962373
1992-07-13,199.63754709264293
1992-07-14,200.75762563061184
1992-07-15,199.98051226416746
1992-07-16,199.22847139886045
1992-07-17,198.68606997611707
1992-07-20,198.27449230723934
1992-07-21,198.63570589936504
1992-07-22,197.63160838970728
1992-07-23,197.97791681147712
1992-07-24,197.89887361542284
1992-07-27,198.06821949037806
1992-07-28,200.7070225240863
1992-07-29,202.41608591792138
1992-07-30,202.9568485272558
1992-07-31,203.49178041082845
1992-08-03,203.8723651083046
1992-08-04,203.51644061084667
1992-08-05,202.271600781203
1992-08-06,201.41901691995062
1992-08-07,201.1971260325619
1992-08-10,201.20890795373498
1992-08-11,201.19574506635303
1992-08-12,200.64714433904982
1992-08-13,200.42347363840926
1992-08-14,201.3823111721629
1992-08-17,201.9798171665948
1992-08-18,202.1493387778502
1992-08-19,200.5596884500827
1992-08-20,200.6677917538518
1992-08-21,199.5671362079828
1992-08-24,197.09310180118564
1992-08-25,196.7473287959751
1992-08-26,197.58757487052688
1992-08-27,197.73650852264686
1992-08-28,197.96942046056702
1992-08-31,197.6083699298623
1992-09-01,198.40977763770155
1992-09-02,198.84567738022253
1992-09-03,198.54032142292843
1992-09-04,198.59443878921041
1992-09-08,197.69547972674036
1992-09-09,198.59361886105305
1992-09-10,199.49826385535297
1992-09-11,199.51347309228436
1992-09-14,200.48931151230548
1992-09-15,198.87158671302993
1992-09-16,198.78814500322437
1992-09-17,198.94222740802684
1992-09-18,199.94908349398952
1992-09-21,199.89979603519805
1992-09-22,197.21326014827966
1992-09-23,196.22400161903636
1992-09-24,197.48814246877302
1992-09-25,195.5231646989559
1992-09-28,196.3916370560759
1992-09-29,196.3650969747917
1992-09-30,197.12271051734683
1992-10-01,196.68567391581456
1992-10-02,194.27925259659182
1992-10-05,192.7165978544491
1992-10-06,192.8343264086496
1992-10-07,191.77073779725572
1992-10-08,193.23463665267164
1992-10-09,191.80348434834866
1992-10-12,193.86697917232578
1992-10-13,194.6436441253979
1992-10-14,194.52706735791796
1992-10-15,194.81305898090295
1992-10-16,195.82729298515653
1992-10-19,198.08041038031243
1992-10-20,198.92782577690912
1992-10-21,199.02096042824945
1992-10-22,198.27297111470875
1992-10-23,198.37311559368126
1992-10-26,200.05073263455748
1992-10-27,200.35165659468143
1992-10-28,201.2835900147772
1992-10-29,201.84892404605685
1992-10-30,200.97816354813253
1992-11-02,202.66599885664587
1992-11-03,202.24066769958094
1992-11-04,201.76381389224935
1992-11-05,202.59905756111
1992-11-06,202.99911487994547
1992-11-09,204.0897059197121
1992-11-10,204.5400039147474
1992-11-11,206.41800754146735
1992-11-12,206.43754385759607
1992-11-13,206.71203919756655
1992-11-16,206.27273526158143
1992-11-17,205.80169222159773
1992-11-18,207.22664790922929
1992-11-19,207.82851097343863
1992-11-20,209.40930352335147
1992-11-23,208.84837758413644
1992-11-24,210.7290206201613
1992-11-25,211.80122754571704
1992-11-27,212.329110317839
1992-11-30,213.31141942378324
1992-12-01,212.8478867365693
1992-12-02,212.4984194400094
1992-12-03,212.94420019665216
1992-12-04,214.30008765579612
1992-12-07,215.65660065933744
1992-12-08,216.4687741288467
1992-12-09,215.6116377882419
1992-12-10,214.79134976258632
1992-12-11,214.4129465281603
1992-12-14,214.25938654516395
1992-12-15,213.7053329254984
1992-12-16,212.77150012001732
1992-12-17,215.06114650971128
1992-12-18,217.13463389339486
1992-12-21,216.89974810104366
1992-12-22,217.11120587047682
1992-12-23,217.45317028443586
1992-12-24,218.05810598480204
1992-12-28,218.12132853172582
1992-12-29,218.2356915754739
1992-12-30,218.89920282816644
1992-12-31,218.40002735012692
1993-01-04,218.0927022919844
1993-01-05,218.03119280340175
1993-01-06,219.55653290706186
1993-01-07,218.42452980352198
1993-01-08,217.2946974034813
1993-01-11,218.36656436485683
1993-01-12,218.6307428968087
1993-01-13,220.57486683850044
1993-01-14,222.5551132247738
1993-01-15,223.67327543006965
1993-01-18,224.49768015509528
1993-01-19,224.96603193197535
1993-01-20,223.68822172676218
1993-01-21,225.51421012726036
1993-01-22,226.05256877171885
1993-01-25,226.71910092706935
1993-01-26,226.74544835307773
1993-01-27,225.67319497864594
1993-01-28,224.79475071335148
1993-01-29,223.8913568040919
1993-02-01,226.57824199769416
1993-02-02,227.29496105878232
1993-02-03,229.5590983787921
1993-02-04,231.0373683221233
1993-02-05,229.97322559347214
1993-02-08,229.93103033748818
1993-02-09,228.5315400733052
1993-02-10,229.43661153218395
1993-02-11,230.44296462454156
1993-02-12,229.07487784499145
1993-02-16,223.09662539015991
1993-02-17,222.6662258659793
1993-02-18,221.82179994256938
1993-02-19,223.7177364410028
1993-02-22,223.99173276374682
1993-02-23,222.16718619281653
1993-02-24,224.99851352805737
1993-02-25,225.96047038329922
1993-02-26,226.45212568694717
1993-03-01,226.63514977174484
1993-03-02,228.84995523824426
1993-03-03,230.3355938323515
1993-03-04,229.9201178211383
1993-03-05,228.5605645400441
1993-03-08,231.6996510013516
1993-03-09,231.58471660593622
1993-03-10,231.99271356000466
1993-03-11,230.72934567908405
1993-03-12,228.71487908035286
1993-03-15,229.63024245842203
1993-03-16,230.87826266028586
1993-03-17,229.8205798796575
1993-03-18,231.54305060622073
1993-03-19,230.94397445629275
1993-03-22,230.07452765353912
1993-03-23,229.94810896074597
1993-03-24,229.85728788952895
1993-03-25,231.22931487485377
1993-03-26,230.70445130928712
1993-03-29,231.75026754363446
1993-03-30,232.0173525309829
1993-03-31,232.4252103564734
1993-04-01,231.68519688925335
1993-04-02,228.1156078767188
1993-04-05,228.75792917958728
1993-04-06,229.05848070129323
1993-04-07,230.28159499136336
1993-04-08,230.60586819366495
1993-04-12,233.2160165558301
1993-04-13,234.20074944013
1993-04-14,234.16398246465891
1993-04-15,233.62531297404274
1993-04-16,235.01418196235954
1993-04-19,233.6123447172259
1993-04-20,231.18272233654557
1993-04-21,229.62528989537705
1993-04-22,228.02517038957134
1993-04-23,226.45393211327874
1993-04-26,224.44496898775512
1993-04-27,225.81610370732758
1993-04-28,226.83811507608604
1993-04-29,226.89205607658872
1993-04-30,227.45265703974343
1993-05-03,228.6882365944511
1993-05-04,230.01268355258648
1993-05-05,230.16099424091098
1993-05-06,229.29246200086732
1993-05-07,228.8038949679444
1993-05-10,229.1927950732711
1993-05-11,229.83625123033028
1993-05-12,229.8108162977605
1993-05-13,226.52836157525974
1993-05-14,225.0691639831674
1993-05-17,225.85802066845608
1993-05-18,224.48037839020267
1993-05-19,228.47811366942142
1993-05-20,229.96452101848513
1993-05-21,227.23295668423174
1993-05-24,228.92252719065328
1993-05-25,228.67398837214634
1993-05-26,231.54269734787238
1993-05-27,231.46088594128176
1993-05-28,229.9627614693075
1993-06-01,232.1325469160391
1993-06-02,232.93682075443354
1993-06-03,233.0263966729928
1993-06-04,232.63783863146094
1993-06-07,231.44149178995264
1993-06-08,229.44941325733055
1993-06-09,229.8222339158209
1993-06-10,229.14192498808225
1993-06-11,230.4510369360268
1993-06-14,231.07767573676605
1993-06-15,230.90469249076946
1993-06-16,230.9617511195861
1993-06-17,231.41648934157237
1993-06-18,229.63613556020996
1993-06-21,231.05763623148215
1993-06-22,231.05957447666307
1993-06-23,230.22949145453845
1993-06-24,231.7097025555223
1993-06-25,232.25560515897968
1993-06-28,234.96982625173246
1993-06-29,234.57692035106405
1993-06-30,235.54527248321185
1993-07-01,235.52627013011016
1993-07-02,234.3232119148955
1993-07-06,233.35067637799486
1993-07-07,233.62976700326087
1993-07-08,236.16067476746554
1993-07-09,236.50445417406016
1993-07-12,236.7490936767471
1993-07-13,236.2837108431265
1993-07-14,237.132652626509
1993-07-15,237.69343131819275
1993-07-16,236.47282424543917
1993-07-19,236.57629723743295
1993-07-20,237.63657687407135
1993-07-21,237.07211030350936
1993-07-22,235.20743630944227
1993-07-23,235.62639046553673
1993-07-26,237.53341684357667
1993-07-27,236.4842780391059
1993-07-28,236.23795895969005
1993-07-29,238.1187951920873
1993-07-30,237.63519073181226
1993-08-02,239.20347246478153
1993-08-03,238.8481481288204
1993-08-04,238.48917883641144
1993-08-05,238.41343130684683
1993-08-06,237.98167952010982
1993-08-09,239.6467363595337
1993-08-10,239.86555642359494
1993-08-11,240.31058019663467
1993-08-12,239.8809521432738
1993-08-13,239.6483074466268
1993-08-16,240.8378728552675
1993-08-17,240.39873802323066
1993-08-18,239.97886039858682
1993-08-19,239.82286463447323
1993-08-20,239.58269151240188
1993-08-23,239.62851686996572
1993-08-24,242.22186215593467
1993-08-25,242.82606433148877
1993-08-26,243.3846903288621
1993-08-27,243.25403974815836
1993-08-30,244.10700037417968
1993-08-31,245.15815261062338
1993-09-01,245.28306801724887
1993-09-02,244.30932475913994
1993-09-03,244.43101671227188
1993-09-07,243.05709159156427
1993-09-08,241.80157750136874
1993-09-09,242.28835445078886
1993-09-10,244.61065284518574
1993-09-13,245.49800619004142
1993-09-14,243.47082112759344
1993-09-15,244.7404568028281
1993-09-16,243.8978184918187
1993-09-17,243.66044783248776
1993-09-20,242.5620779257225
1993-09-21,241.19289360347216
1993-09-22,243.16296036201888
1993-09-23,244.3984764856516
1993-09-24,244.38348430891884
1993-09-27,245.89502222205562
1993-09-28,246.49609213274576
1993-09-29,245.19624313281562
1993-09-30,244.38765184551806
1993-10-01,245.19037183168527
1993-10-04,245.24494280666434
1993-10-05,244.67138961268677
1993-10-06,244.44424995016286
1993-10-07,243.8906066219916
1993-10-08,244.05592147019826
1993-10-11,243.807545158861
1993-10-12,244.991510901705
1993-10-13,245.29755444978656
1993-10-14,247.26932760127292
1993-10-15,248.68064742069342
1993-10-18,248.56163484501025
1993-10-19,245.8057978473488
1993-10-20,244.87803098757468
1993-10-21,245.5253749917599
1993-10-22,245.69898686618248
1993-10-25,245.55477229948903
1993-10-26,245.24282056367247
1993-10-27,246.75108777165244
1993-10-28,248.7774746405755
1993-10-29,248.6990115243497
1993-11-01,250.07861456844049
1993-11-02,251.09099907413213
1993-11-03,248.48446021616712
1993-11-04,244.16879035186474
1993-11-05,244.45726475564035
1993-11-08,245.74309582198566
1993-11-09,245.5639175019758
1993-11-10,248.02393718212684
1993-11-11,248.30296133403505
1993-11-12,249.15830677681998
1993-11-15,248.1524431972581
1993-11-16,249.17338123379483
1993-11-17,247.99477246726585
1993-11-18,248.12423833752916
1993-11-19,246.97704857353847
1993-11-22,242.22478852121395
1993-11-23,243.38255047846673
1993-11-24,246.05578396989216
1993-11-26,247.1217015422654
1993-11-29,246.60004319980249
1993-11-30,246.0911260558001
1993-12-01,248.20446977710262
1993-12-02,248.42031931142114
1993-12-03,250.39756164320454
1993-12-06,250.53830018705014
1993-12-07,250.44104555009417
1993-12-08,250.76848843842927
1993-12-09,249.97819435476742
1993-12-10,250.67476169513353
1993-12-13,251.7010937241383
1993-12-14,249.18460596727914
1993-12-15,248.41366483035407
1993-12-16,248.57773741851247
1993-12-17,250.351451264613
1993-12-20,249.97886852938572
1993-12-21,250.39592723453407
1993-12-22,251.4481358168446
1993-12-23,251.43347728309243
1993-12-27,252.7045713506535
1993-12-28,253.6382029983507
1993-12-29,254.05644657604023
1993-12-30,253.7899760007255
1993-12-31,253.59731167852516
1994-01-03,252.2812323931337
1994-01-04,254.3729052917519
1994-01-05,255.57626064057138
1994-01-06,256.40994991346963
1994-01-07,257.9691396722569
1994-01-10,261.59481005388716
1994-01-11,262.2150970233187
1994-01-12,262.41322143236647
1994-01-13,262.0453214161502
1994-01-14,264.13686977207186
1994-01-17,264.2037573199233
1994-01-18,265.1584395823863
1994-01-19,264.5113212792906
1994-01-20,264.7348293968762
1994-01-21,265.179866341398
1994-01-24,264.2844917496846
1994-01-25,262.7991208348625
1994-01-26,262.68794634947807
1994-01-27,264.55687501797945
1994-01-28,265.0726602107784
1994-01-31,267.51409622548607
1994-02-01,267.4762907077367
1994-02-02,269.2403003644833
1994-02-03,269.74550112901954
1994-02-04,263.4155583011653
1994-02-07,265.31677724023535
1994-02-08,266.42999806427133
1994-02-09,267.0984481975655
1994-02-10,264.55820244146406
1994-02-11,263.79243708111176
1994-02-14,264.6726251162045
1994-02-15,266.14786677557277
1994-02-16,266.0608552880074
1994-02-17,264.8778561023054
1994-02-18,263.4452006158265
1994-02-22,264.42125397474155
1994-02-23,263.9528350857554
1994-02-24,260.065730060801
1994-02-25,260.1652156849838
1994-02-28,261.1184457509458
1994-03-01,259.89181709700733
1994-03-02,260.343968318344
1994-03-03,260.19881298065457
1994-03-04,262.4804070930861
1994-03-07,264.1545206721131
1994-03-08,263.85365039987556
1994-03-09,265.0955721793484
1994-03-10,264.0878125571607
1994-03-11,264.9131218364561
1994-03-14,266.7379516570164
1994-03-15,266.45758197075963
1994-03-16,267.8010230904911
1994-03-17,268.29633638306626
1994-03-18,268.0663125980114
1994-03-21,266.76695093628547
1994-03-22,266.13164223299896
1994-03-23,267.428549957924
1994-03-24,262.3550148365129
1994-03-25,257.95135956034323
1994-03-28,256.43353129945297
1994-03-29,249.646045072471
1994-03-30,245.79673704798515
1994-03-31,246.87542945005964
1994-04-04,244.10225293481943
1994-04-05,251.36681255407086
1994-04-06,251.8102511444165
1994-04-07,253.60092387949572
1994-04-08,251.56131747660064
1994-04-11,252.2275952937942
1994-04-12,250.26034947687847
1994-04-13,247.55303447540163
1994-04-14,247.7921694055606
1994-04-15,247.40202657176684
1994-04-18,244.8820259991673
1994-04-19,242.60004506755826
1994-04-20,240.0646026201
1994-04-21,247.1865200888529
1994-04-22,247.5680250675091
1994-04-25,251.5077369690311
1994-04-26,251.8095350555308
1994-04-28,250.38100370865845
1994-04-29,251.51082291930476
1994-05-02,253.96241591049926
1994-05-03,253.33813346513838
1994-05-04,253.1261946668138
1994-05-05,253.21664277206
1994-05-06,251.9281437317897
1994-05-09,249.3501994954466
1994-05-10,251.09656128445152
1994-05-11,248.57435570128442
1994-05-12,249.38115437849765
1994-05-13,249.28306767327146
1994-05-16,248.81173253503172
1994-05-17,250.23162764542872
1994-05-18,253.9308439063654
1994-05-19,256.6595523492491
1994-05-20,256.6305034313822
1994-05-23,255.96626034451575
1994-05-24,258.31589782519546
1994-05-25,258.91346157679743
1994-05-26,259.485266249591
1994-05-27,259.82408873573274
1994-05-31,259.5922193001012
1994-06-01,260.614339510641
1994-06-02,261.16503723893015
1994-06-03,262.2649514283057
1994-06-06,262.6458081495166
1994-06-07,262.2131170144737
1994-06-08,260.94764623230026
1994-06-09,260.7386535234286
1994-06-10,261.1967741817563
1994-06-13,262.2127699144464
1994-06-14,263.00299367347384
1994-06-15,262.3134121726691
1994-06-16,262.4774302259806
1994-06-17,260.4530684505406
1994-06-20,257.22066406629745
1994-06-21,254.289508669208
1994-06-22,255.184607126294
1994-06-23,253.43948620186364
1994-06-24,249.95090380959184
1994-06-27,251.8336290678556
1994-06-28,251.2083303515051
1994-06-29,252.41274976187393
1994-06-30,251.2775728198068
1994-07-01,252.35759055134352
1994-07-05,252.42609139164628
1994-07-06,252.57641102207654
1994-07-07,255.1992765527116
1994-07-08,255.9977671740716
1994-07-11,255.32162710206552
1994-07-12,257.00246996213
1994-07-13,258.25747710674466
1994-07-14,260.1849923732442
1994-07-15,260.1724065432535
1994-07-18,260.83170118652407
1994-07-19,260.15309536664694
1994-07-20,258.7411776642755
1994-07-21,258.8201973421659
1994-07-22,258.92370523157643
1994-07-25,259.09607694035174
1994-07-26,258.4436666998632
1994-07-27,257.3145946218657
1994-07-28,258.44557383405987
1994-07-29,262.33811762212855
1994-08-01,264.03242674260645
1994-08-02,264.1440163072965
1994-08-03,264.1812820068035
1994-08-04,262.2159453592768
1994-08-05,261.8363340078526
1994-08-08,262.91662954287926
1994-08-09,263.8754908730709
1994-08-10,265.8817639691404
1994-08-11,265.58612548140803
1994-08-12,266.0012615207499
1994-08-15,266.0633223182677
1994-08-16,268.3985869476206
1994-08-17,269.4944964690635
1994-08-18,268.72229069403267
1994-08-19,268.8330660403896
1994-08-22,268.854586393112
1994-08-23,270.12063859250736
1994-08-24,272.28638011707017
1994-08-25,273.70335455895133
1994-08-26,277.753255831644
1994-08-29,278.7092048664517
1994-08-30,280.4251726095614
1994-08-31,279.30727816689586
1994-09-01,277.02850743525124
1994-09-02,275.7527720450766
1994-09-06,276.2541549184561
1994-09-07,276.5040359119824
1994-09-08,277.6157824684788
1994-09-09,274.87304987381924
1994-09-12,273.6551002829757
1994-09-13,275.1094169663474
1994-09-14,275.76202332848504
1994-09-15,280.3139564508353
1994-09-16,279.4836945336728
1994-09-19,279.36832266265736
1994-09-20,275.37264607356013
1994-09-21,273.74946662907655
1994-09-22,273.3850652193636
1994-09-23,272.3671816810633
1994-09-26,273.2551934661319
1994-09-27,273.6166392868705
1994-09-28,275.28939174096143
1994-09-29,275.09749740830785
1994-09-30,275.5464604844934
1994-10-03,274.13229547628686
1994-10-04,269.9438718764582
1994-10-05,270.3122430495927
1994-10-06,269.1352425739118
1994-10-07,272.35165337701795
1994-10-10,276.2722531747062
1994-10-11,280.7770355637512
1994-10-12,280.4280445449249
1994-10-13,281.5785096820775
1994-10-14,282.5541793005097
1994-10-17,282.82853646381864
1994-10-18,283.09118282629777
1994-10-19,285.3696826208579
1994-10-20,284.2745918851821
1994-10-21,283.54710603235714
1994-10-24,281.6528099662679
1994-10-25,281.2398775314312
1994-10-26,282.1415859828735
1994-10-27,283.94714111145487
1994-10-28,288.65628380540977
1994-10-31,287.6633401514809
1994-11-01,285.21751248697507
1994-11-02,284.21038166622935
1994-11-03,283.4688365030365
1994-11-04,280.5472928490657
1994-11-07,280.247611010824
1994-11-08,282.80250375860174
1994-11-09,282.6904712918509
1994-11-10,281.2428029694563
1994-11-11,279.86671862826466
1994-11-14,282.6898007609207
1994-11-15,282.8521515939065
1994-11-16,283.4288715767985
1994-11-17,282.7312458867347
1994-11-18,281.8336707674497
1994-11-21,280.7777850826104
1994-11-22,274.4733572705032
1994-11-23,272.99438132015916
1994-11-25,275.834353302685
1994-11-28,277.7017169672872
1994-11-29,279.8948012372399
1994-11-30,278.11198106907966
1994-12-01,274.079604549738
1994-12-02,276.9411950880397
1994-12-05,278.76821316733776
1994-12-06,278.5523281543601
1994-12-07,276.37230836182766
1994-12-08,270.9027577429947
1994-12-09,272.4856787864135
1994-12-12,272.6392694543909
1994-12-13,272.43863305282144
1994-12-14,275.23652598196406
1994-12-15,277.2192573584763
1994-12-16,277.141400217473
1994-12-19,275.4191422216794
1994-12-20,275.46940418709505
1994-12-21,276.8387386165059
1994-12-22,276.996294666456
1994-12-23,277.70142756946376
1994-12-27,278.9277384042602
1994-12-28,277.8253886594426
1994-12-29,279.3145273808926
1994-12-30,278.6878595396957
1995-01-03,276.72391586268674
1995-01-04,277.47526474290106
1995-01-05,277.17738175737
1995-01-06,278.8719505932359
1995-01-09,280.26455590478207
1995-01-10,283.11726791994664
1995-01-11,283.04317480384367
1995-01-12,283.5056034809776
1995-01-13,285.419025838592
1995-01-16,287.5945255855101
1995-01-17,288.6892613469398
1995-01-18,288.5917334064142
1995-01-19,287.1239421561981
1995-01-20,283.9548233775384
1995-01-23,283.13313541145493
1995-01-24,284.02254561325606
1995-01-25,282.00053476157314
1995-01-26,280.5918427469964
1995-01-27,281.2913429633485
1995-01-30,278.2058928880892
1995-01-31,279.38620860179225
1995-02-01,280.8203892119803
1995-02-02,282.77872309627
1995-02-03,285.74158163906225
1995-02-06,287.95631855915593
1995-02-07,287.6293388511374
1995-02-08,288.7615114962797
1995-02-09,289.78363594148806
1995-02-10,290.64819924851884
1995-02-13,290.5741019188099
1995-02-14,291.0393373965154
1995-02-15,292.1507015496365
1995-02-16,292.5348276514221
1995-02-17,290.690897447937
1995-02-21,290.5494655611967
1995-02-22,291.3254099219941
1995-02-23,292.70102465558426
1995-02-24,293.23318982484466
1995-02-27,291.1939713448458
1995-02-28,294.4329471864097
1995-03-01,294.2572979725616
1995-03-02,294.8800718058112
1995-03-03,296.80442614396776
1995-03-06,297.69972476093767
1995-03-07,295.22917769021007
1995-03-08,295.6039774800293
1995-03-09,295.5347410700656
1995-03-10,297.7006060017134
1995-03-13,299.5222041083787
1995-03-14,301.6826249063963
1995-03-15,301.2354101228289
1995-03-16,303.13948080717796
1995-03-17,304.29491638746447
1995-03-20,305.9250249259267
1995-03-21,305.66606245063235
1995-03-22,305.3528310720013
1995-03-23,305.882573079068
1995-03-24,308.18440386420644
1995-03-27,309.82073321839374
1995-03-28,310.5501102500433
1995-03-29,308.53210723374883
1995-03-30,306.6223266884612
1995-03-31,305.570488184468
1995-04-03,306.7050047912931
1995-04-04,307.9089535180969
1995-04-05,307.976784247558
1995-04-06,308.3471404533416
1995-04-07,308.00073959419905
1995-04-10,309.33231899137627
1995-04-11,309.20226782347294
1995-04-12,310.45086327343205
1995-04-13,311.7878020118292
1995-04-17,310.2401230342518
1995-04-18,309.2932542984517
1995-04-19,307.9930219983461
1995-04-20,308.97555192791384
1995-04-21,311.61159248230103
1995-04-24,315.14823846661756
1995-04-25,314.5952444683406
1995-04-26,315.6264954552064
1995-04-27,316.3052550014349
1995-04-28,317.20245279712736
1995-05-01,316.4309904081386
1995-05-02,317.0419688090453
1995-05-03,321.07293621266274
1995-05-04,320.62456508723915
1995-05-05,319.75762551958985
1995-05-08,321.70513178358385
1995-05-09,321.5222305480103
1995-05-10,321.6125264054493
1995-05-11,322.8355394384848
1995-05-12,322.4195118571706
1995-05-15,323.23848921037484
1995-05-16,324.3542995348756
1995-05-17,324.0856676128659
1995-05-18,319.57933516229934
1995-05-19,319.88540094239397
1995-05-22,322.5587903385451
1995-05-23,325.98929282652165
1995-05-24,325.3761985241023
1995-05-25,325.1130874672748
1995-05-26,322.2224055158944
1995-05-30,320.42590833570165
1995-05-31,325.59250822003577
1995-06-01,326.1320948702592
1995-06-02,325.6012521713552
1995-06-05,326.71559566001616
1995-06-06,326.1788474828605
1995-06-07,325.61585259057773
1995-06-08,326.13633782408436
1995-06-09,324.24699035179066
1995-06-12,325.71675603106553
1995-06-13,327.81842299335256
1995-06-14,328.53319315601044
1995-06-15,329.9861195054692
1995-06-16,332.82886442487114
1995-06-19,336.5134509664916
1995-06-20,337.75426043712037
1995-06-21,337.78939452520945
1995-06-22,342.0890504118156
1995-06-23,341.182750608986
1995-06-26,338.27182148533973
1995-06-27,336.0787694048674
1995-06-28,336.82392451903297
1995-06-29,337.80996800461054
1995-06-30,338.72425234369354
1995-07-03,340.02672973083315
1995-07-05,340.5419786831159
1995-07-06,343.6365665500484
1995-07-07,345.32183465764115
1995-07-10,346.3719950845747
1995-07-11,345.2862791522287
1995-07-12,349.32255228840876
1995-07-13,350.00267406900826
1995-07-14,349.6082361539589
1995-07-17,351.835860641656
1995-07-18,348.84765956537905
1995-07-19,342.36486088228315
1995-07-20,343.6335569382223
1995-07-21,344.6251485259489
1995-07-24,347.7280850077279
1995-07-25,350.45157653674573
1995-07-26,350.92501311971415
1995-07-27,354.1779935399568
1995-07-28,352.90191956197384
1995-07-31,351.8633922451399
1995-08-01,349.9941109095746
1995-08-02,348.2016937077324
1995-08-03,347.8674433578749
1995-08-04,349.46713072246735
1995-08-07,350.45565759844266
1995-08-08,350.8290079622582
1995-08-09,351.73937891187114
1995-08-10,351.1256993143552
1995-08-11,350.12955922562355
1995-08-14,353.2702452285086
1995-08-15,352.97362447820717
1995-08-16,353.1331915151715
1995-08-17,352.53884983606923
1995-08-18,352.47897642491483
1995-08-21,352.60193163537383
1995-08-22,353.03722108729494
1995-08-23,352.4842325409348
1995-08-24,352.28884467674766
1995-08-25,352.85257223193935
1995-08-28,351.35661217020015
1995-08-29,351.2521709902652
1995-08-30,353.03069938773007
1995-08-31,354.6708265065931
1995-09-01,354.43776733720176
1995-09-05,359.1107704805121
1995-09-06,360.9791945674846
1995-09-07,361.6101364667645
1995-09-08,363.8935975538365
1995-09-11,365.14569844705306
1995-09-12,365.3038484683278
1995-09-13,366.84079668992325
1995-09-14,368.83945449785915
1995-09-15,367.1598805818804
1995-09-18,367.41827023167946
1995-09-19,369.23110241239294
1995-09-20,369.99755834766523
1995-09-21,368.4047464721688
1995-09-22,367.48214915849405
1995-09-25,366.98459657649266
1995-09-26,366.79280048349335
1995-09-27,365.3875002821255
1995-09-28,368.3579143051968
1995-09-29,368.2976672458252
1995-10-02,365.8637600505621
1995-10-03,365.4903957714366
1995-10-04,363.8860613616163
1995-10-05,365.2964301325166
1995-10-06,365.5091669710944
1995-10-09,361.12248240888925
1995-10-10,359.9005174257612
1995-10-11,361.080549305729
1995-10-12,363.27081385583085
1995-10-13,364.2680699487036
1995-10-16,363.79002926955496
1995-10-17,364.85920904522743
1995-10-18,365.39668700442155
1995-10-19,367.71257929026257
1995-10-20,365.6085871250578
1995-10-23,364.24370350558644
1995-10-24,364.5537339133218
1995-10-25,361.99941216371104
1995-10-26,358.38597235584405
1995-10-27,359.22475496618847
1995-10-30,359.68255965396423
1995-10-31,358.8210861521379
1995-11-01,360.94966589605934
1995-11-02,363.92582942072903
1995-11-03,365.34097184717035
1995-11-06,363.662860915816
1995-11-07,361.6994937575203
1995-11-08,363.79244931610356
1995-11-09,366.4434468901511
1995-11-10,365.5984884399283
1995-11-13,364.8291107517329
1995-11-14,362.10745901115206
1995-11-15,364.8730508126548
1995-11-16,366.0131623583901
1995-11-17,366.780827466705
1995-11-20,363.6317437546378
1995-11-21,364.16229582421573
1995-11-22,362.9201644306181
1995-11-24,364.3531783468387
1995-11-27,365.17426439142105
1995-11-28,368.8497126544563
1995-11-29,370.31727099663
1995-11-30,370.28344431153783
1995-12-01,370.54783709373095
1995-12-04,374.90544083825904
1995-12-05,377.10858211599384
1995-12-06,379.11336498589935
1995-12-07,376.85616502770955
1995-12-08,376.6467773758729
1995-12-11,377.67832193678754
1995-12-12,377.50737143888074
1995-12-13,379.92592636196093
1995-12-14,377.9483554425178
1995-12-15,377.6653535943869
1995-12-18,371.5348575965587
1995-12-19,373.44553348153426
1995-12-20,371.0335262943685
1995-12-21,373.46527360081444
1995-12-22,374.7210400398602
1995-12-26,376.2738802966284
1995-12-27,377.06797260420024
1995-12-28,377.85715972364164
1995-12-29,378.54025793891765
1996-01-02,380.4635179877892
1996-01-03,381.4800139773056
1996-01-04,380.0538685917926
1996-01-05,380.48312455534756
1996-01-08,382.0306452428975
1996-01-09,377.8008038928997
1996-01-10,369.8279766747003
1996-01-11,371.8619348317736
1996-01-12,370.788094056364
1996-01-15,370.721731780497
1996-01-16,375.5744992011391
1996-01-17,374.83206054741447
1996-01-18,375.3055796120317
1996-01-19,375.0051253793543
1996-01-22,374.4309198060089
1996-01-23,373.74713278662426
1996-01-24,379.12181563330245
1996-01-25,376.8394522531596
1996-01-26,379.9447539251883
1996-01-29,381.20234558770443
1996-01-30,385.21104805527705
1996-01-31,386.83942723590303
1996-02-01,387.8118974828619
1996-02-02,386.21837421569836
1996-02-05,388.86352143016023
1996-02-06,390.9527862184211
1996-02-07,393.1968055117287
1996-02-08,397.40306280935414
1996-02-09,398.04520511482116
1996-02-12,400.14001110499197
1996-02-13,400.30244128378615
1996-02-14,397.4012736525138
1996-02-15,396.08363897568137
1996-02-16,393.7162966189332
1996-02-20,389.1498527707649
1996-02-21,392.659058731747
1996-02-22,397.67114565199273
1996-02-23,397.5414744433924
1996-02-26,392.96684788429695
1996-02-27,391.3189046575109
1996-02-28,390.35784747429227
1996-02-29,388.5004015925098
1996-03-01,391.1209061145676
1996-03-04,395.01803337951657
1996-03-05,397.5758636273441
1996-03-06,396.04074727037613
1996-03-07,396.8990741744338
1996-03-08,385.6113577577975
1996-03-11,389.8453497035789
1996-03-12,388.82410556061467
1996-03-13,389.0785725296853
1996-03-14,390.24433391359344
1996-03-15,390.4408163415077
1996-03-18,394.2892866704187
1996-03-19,393.3650343642923
1996-03-20,393.64651068358177
1996-03-21,393.3169675806855
1996-03-22,394.16616502544997
1996-03-25,393.1480250393286
1996-03-26,393.9366330522034
1996-03-27,391.8676861603816
1996-03-28,392.54254206798964
1996-03-29,390.61210371283534
1996-04-01,393.83005545483945
1996-04-02,394.7894213282569
1996-04-03,395.2282360479218
1996-04-04,396.44228475465326
1996-04-08,390.23034260606494
1996-04-09,390.4869401268132
1996-04-10,386.9673421696504
1996-04-11,385.5577509688739
1996-04-12,387.58836218896766
1996-04-15,391.516906755019
1996-04-16,394.7178592938452
1996-04-17,392.7628739592187
1996-04-18,394.4311673316873
1996-04-19,395.4667384361642
1996-04-22,396.6010186534357
1996-04-23,398.88859051745067
1996-04-24,399.7005471284599
1996-04-25,401.0505135861088
1996-04-26,401.31948579936596
1996-04-29,402.44916231686796
1996-04-30,401.7166497333058
1996-05-01,402.88876718579917
1996-05-02,397.43100192250574
1996-05-03,397.5474356900133
1996-05-06,397.66923829111937
1996-05-07,395.4750082165626
1996-05-08,396.2903947391933
1996-05-09,397.6927250308053
1996-05-10,401.357075090324
1996-05-13,407.27945129826736
1996-05-14,410.44437025302875
1996-05-15,409.9555677709334
1996-05-16,410.6131291170396
1996-05-17,412.4502147068336
1996-05-20,414.6511841664831
1996-05-21,415.00593176520664
1996-05-22,417.6616708884463
1996-05-23,416.326707664569
1996-05-24,416.92561687868545
1996-05-28,413.37949376217415
1996-05-29,410.4111359188676
1996-05-30,412.96986601624815
1996-05-31,412.22412407619004
1996-06-03,411.6675374345905
1996-06-04,414.4784740518269
1996-06-05,416.5770123160699
1996-06-06,413.2371535784192
1996-06-07,413.63093492287123
1996-06-10,413.1936221671892
1996-06-11,412.5500661761193
1996-06-12,412.5250573759211
1996-06-13,411.0757804318455
1996-06-14,409.0810049875782
1996-06-17,408.54351115141753
1996-06-18,405.8354491140886
1996-06-19,405.6677853383025
1996-06-20,405.0699758931382
1996-06-21,407.62060953396065
1996-06-24,409.0198396307626
1996-06-25,409.16469894279135
1996-06-26,406.220639576062
1996-06-27,407.38944615862863
1996-06-28,409.51557601328835
1996-07-01,411.71844640874747
1996-07-02,410.845423571041
1996-07-03,410.0281867633632
1996-07-05,402.4562702027293
1996-07-08,400.0611839455197
1996-07-09,402.04616545944384
1996-07-10,402.7100891912413
1996-07-11,399.30978988737127
1996-07-12,400.00998440043423
1996-07-15,391.40265250953314
1996-07-16,387.2924102319112
1996-07-17,386.5907850803923
1996-07-18,391.49019147969557
1996-07-19,390.01972375039475
1996-07-22,388.3030061718446
1996-07-23,385.25431495600003
1996-07-24,382.49743345420904
1996-07-25,383.13829503764657
1996-07-26,382.154861162025
1996-07-29,380.5384941129935
1996-07-30,377.3068686331698
1996-07-31,379.53776544749945
1996-08-01,384.13610707768623
1996-08-02,389.1922742845983
1996-08-05,389.4760535194151
1996-08-06,390.2142714659898
1996-08-07,391.2850317809982
1996-08-08,391.03743830207384
1996-08-09,390.2921308143244
1996-08-12,392.3236733525688
1996-08-13,389.2846256360584
1996-08-14,390.6078473776921
1996-08-15,391.169149519783
1996-08-16,392.91049192207953
1996-08-19,393.3040705455904
1996-08-20,393.1021077960018
1996-08-21,392.7300965209483
1996-08-22,395.7471170660367
1996-08-23,393.8934627461915
1996-08-26,392.9710906802311
1996-08-27,394.79520591887797
1996-08-28,393.7961447510444
1996-08-29,389.6356165700545
1996-08-30,387.73632468749565
1996-09-03,389.58456523454987
1996-09-04,390.24751880119874
1996-09-05,387.6714112432697
1996-09-06,391.42152512936065
1996-09-09,395.17103409503153
1996-09-10,394.6970446703846
1996-09-11,398.02218056819544
1996-09-12,399.07807596008666
1996-09-13,402.3091188595297
1996-09-16,403.847512641697
1996-09-17,401.97202010831614
1996-09-18,401.12043285590914
1996-09-19,401.4983921500075
1996-09-20,403.43234483923453
1996-09-23,403.2206961859823
1996-09-24,403.67694543770233
1996-09-25,403.9106683878364
1996-09-26,405.4521983565668
1996-09-27,406.0409628620621
1996-09-30,406.88887035376297
1996-10-01,407.77111742380083
1996-10-02,410.0601738270559
1996-10-03,410.0154445066545
1996-10-04,414.38493438527286
1996-10-07,414.53686886078435
1996-10-08,413.2181843140746
1996-10-09,411.06767714223184
1996-10-10,410.4197723992238
1996-10-11,413.42851889160613
1996-10-14,415.56966291057415
1996-10-15,414.94348513244057
1996-10-16,414.9248847100143
1996-10-17,417.3244071325907
1996-10-18,419.39987820561464
1996-10-21,418.7741185681986
1996-10-22,416.1190224958066
1996-10-23,416.11352117700807
1996-10-24,414.02045294735933
1996-10-25,413.4423510623861
1996-10-28,411.0186976125278
1996-10-29,414.01980314459445
1996-10-30,413.835418736996
1996-10-31,415.29761458006806
1996-11-01,414.3686075515247
1996-11-04,415.81748921375464
1996-11-05,418.56828063594173
1996-11-06,423.3374749789845
1996-11-07,425.5937027159928
1996-11-08,427.30200344921417
1996-11-11,427.8006962013976
1996-11-12,427.2945743514339
1996-11-13,428.4101883235073
1996-11-14,430.66619972363367
1996-11-15,431.1183033088529
1996-11-18,431.01692684896716
1996-11-19,433.06904166866263
1996-11-20,433.76374738796227
1996-11-21,433.0588369332099
1996-11-22,435.5038403422278
1996-11-25,440.6834141745246
1996-11-26,439.474055157091
1996-11-27,439.2430663496671
1996-11-29,440.1671526157899
1996-12-02,440.2180981018407
1996-12-03,436.80231575704744
1996-12-04,434.73320238244247
1996-12-05,434.7961520317305
1996-12-06,432.1233694805404
1996-12-09,437.82943023715524
1996-12-10,436.7202881090104
1996-12-11,432.7940596950135
1996-12-12,427.2218415552078
1996-12-13,426.246067064093
1996-12-16,422.4831571578699
1996-12-17,425.0031583019849
1996-12-18,428.75307114938386
1996-12-19,436.1259293213138
1996-12-20,437.49180223081464
1996-12-23,436.14456689123097
1996-12-24,437.92705559856734
1996-12-26,440.6465967730457
1996-12-27,438.8485305208708
1996-12-30,437.1565057672428
1996-12-31,432.21911554096715
1997-01-02,429.19783456327696
1997-01-03,435.47182171163456
1997-01-06,436.71469907529615
1997-01-07,440.39028197355225
1997-01-08,438.4018373816626
1997-01-09,443.0017320268736
1997-01-10,445.81954219844164
1997-01-13,445.0460376035836
1997-01-14,449.7472059509014
1997-01-15,448.7792753473717
1997-01-16,450.4343919476426
1997-01-17,453.48992176061563
1997-01-20,454.0255031700718
1997-01-21,456.58144850154326
1997-01-22,458.30671502597687
1997-01-23,454.2918062876857
1997-01-24,449.6363695089828
1997-01-27,446.8770207262828
1997-01-28,446.2281299558481
1997-01-29,450.0375507528064
1997-01-30,455.2204300107156
1997-01-31,455.6329868637834
1997-02-03,455.9226299426862
1997-02-04,456.6820398361027
1997-02-05,451.572358905551
1997-02-06,451.9555280087497
1997-02-07,455.6894026411828
1997-02-10,452.1339144026604
1997-02-11,454.68699337801087
1997-02-12,461.7475203453217
1997-02-13,466.87808799191487
1997-02-14,465.72745307422304
1997-02-18,470.05710971851676
1997-02-19,469.3021279794379
1997-02-20,463.91923368553313
1997-02-21,463.5826708752746
1997-02-24,468.27729006157335
1997-02-25,468.5131079946483
1997-02-26,465.1974943426264
1997-02-27,461.1969293899569
1997-02-28,458.25575736410195
1997-03-03,461.2449423539337
1997-03-04,458.01080983642106
1997-03-05,463.62355490106154
1997-03-06,463.49802008432204
1997-03-07,468.3935336273697
1997-03-10,472.9552096981771
1997-03-11,472.98997520816243
1997-03-12,469.39237982009155
1997-03-13,460.4825468331011
1997-03-14,462.46068120776096
1997-03-17,463.5936534357705
1997-03-18,459.4491360103117
1997-03-19,458.2033752089005
1997-03-20,455.49913572264404
1997-03-21,456.38304329785103
1997-03-24,459.94499804969774
1997-03-25,459.2261606397172
1997-03-26,458.8076809511064
1997-03-27,450.2952995070643
1997-03-31,440.90966930537905
1997-04-01,441.6301422807969
1997-04-02,437.1288658387971
1997-04-03,434.35805074844126
1997-04-04,438.1087693718231
1997-04-07,441.1281071078864
1997-04-08,442.55535170606805
1997-04-09,442.1883114116511
1997-04-10,437.7186658509061
1997-04-11,427.3340615195733
1997-04-14,431.6557498020265
1997-04-15,435.0183904166166
1997-04-16,436.37041091745164
1997-04-17,436.2387641550491
1997-04-18,439.9919488850568
1997-04-21,435.7616670185721
1997-04-22,442.92933648441397
1997-04-23,443.9053822644873
1997-04-24,444.46640039305356
1997-04-25,438.01587839976077
1997-04-28,442.08492883788017
1997-04-29,454.36920775454905
1997-04-30,456.88381190613256
1997-05-01,453.916176843373
1997-05-02,462.1136869401588
1997-05-05,473.5817683617521
1997-05-06,473.12573722925936
1997-05-07,466.42879060003776
1997-05-08,467.29847495898144
1997-05-09,470.90296364590597
1997-05-12,477.29138735657455
1997-05-13,475.40965410157554
1997-05-14,476.9700651734242
1997-05-15,477.75531567898486
1997-05-16,473.4976837156393
1997-05-19,477.47944670178754
1997-05-20,479.56142658518803
1997-05-21,479.79546396711885
1997-05-22,478.52865166843867
1997-05-23,484.72662259942024
1997-05-27,484.214545377742
1997-05-28,482.0887598489293
1997-05-29,481.5823611431039
1997-05-30,483.55155692917225
1997-06-02,483.6990355188478
1997-06-03,484.2297696431468
1997-06-04,481.6387927489572
1997-06-05,483.68832268920147
1997-06-06,490.4966202384834
1997-06-09,492.9654978733148
1997-06-10,493.7944517889301
1997-06-11,495.7116544291257
1997-06-12,502.8927574201926
1997-06-13,507.259218191224
1997-06-16,508.29394082250184
1997-06-17,508.27796431491527
1997-06-18,506.2509319465982
1997-06-19,511.0359176232148
1997-06-20,510.8559761192687
1997-06-23,500.7140254693949
1997-06-24,509.88164984680077
1997-06-25,505.8866255058974
1997-06-26,503.89115698977554
1997-06-27,506.5351750841839
1997-06-30,505.93923938765073
1997-07-01,509.19696346619577
1997-07-02,515.6110319913519
1997-07-03,521.7979594405887
1997-07-07,519.2285058821494
1997-07-08,523.3036595889988
1997-07-09,517.8532475810646
1997-07-10,521.2455869282489
1997-07-11,522.9822009451043
1997-07-14,523.6780268309572
1997-07-15,527.3919998683555
1997-07-16,531.8590036466373
1997-07-17,530.0991057247268
1997-07-18,522.5570899542381
1997-07-21,521.4750970593551
1997-07-22,531.5908109239102
1997-07-23,534.5711601257327
1997-07-24,536.044206353712
1997-07-25,534.7603754537755
1997-07-28,533.8706122890295
1997-07-29,536.3435450644292
1997-07-30,541.9245991446535
1997-07-31,542.4900397945831
1997-08-01,539.5573990160651
1997-08-04,540.287831394195
1997-08-05,542.0072405301225
1997-08-06,546.3371970346814
1997-08-07,543.0801095644476
1997-08-08,532.91108543526
1997-08-11,534.5546914127724
1997-08-12,530.2541243733599
1997-08-13,528.4977196874111
1997-08-14,529.0299454930349
1997-08-15,518.1589394641903
1997-08-18,522.5235579353391
1997-08-19,529.6122201132569
1997-08-20,536.8777011799477
1997-08-21,530.9025266693307
1997-08-22,530.4850436555004
1997-08-25,531.1641878089821
1997-08-26,529.2071356095786
1997-08-27,530.9447511345301
1997-08-28,526.167485915359
1997-08-29,524.092720202307
1997-09-02,536.7328620671642
1997-09-03,536.9833460423274
1997-09-04,539.4334340161735
1997-09-05,540.1469740344573
1997-09-08,541.9743014753727
1997-09-09,545.2264476439115
1997-09-10,540.5454209570879
1997-09-11,536.3360539508283
1997-09-12,541.9847956898177
1997-09-15,541.8820950246171
1997-09-16,552.4553302719479
1997-09-17,552.2222287704311
1997-09-18,554.9415545854866
1997-09-19,556.453399887793
1997-09-22,557.1879408458358
1997-09-23,554.7814278469243
1997-09-24,552.1327887884619
1997-09-25,549.6045953502903
1997-09-26,552.9345619863454
1997-09-29,557.1393297302399
1997-09-30,556.5249887266493
1997-10-01,560.9736313314233
1997-10-02,563.1653279111911
1997-10-03,565.2012389043201
1997-10-06,570.6602361695778
1997-10-07,575.6919903605346
1997-10-08,571.2478030662398
1997-10-09,571.9184750137515
1997-10-10,570.1730604360345
1997-10-13,571.0223089649436
1997-10-14,570.5225140590608
1997-10-15,569.3677267810555
1997-10-16,564.4788842626041
1997-10-17,558.2048918000697
1997-10-20,565.0120969409488
1997-10-21,573.2978921963129
1997-10-22,570.9334439017866
1997-10-23,560.5455909029205
1997-10-24,555.9222171418985
1997-10-27,520.0498573290504
1997-10-28,540.634127798459
1997-10-29,543.0817594137167
1997-10-30,535.3208506044004
1997-10-31,539.6508638686091
1997-11-03,552.5500965305562
1997-11-04,553.6083221848043
1997-11-05,555.2363020859582
1997-11-06,551.7359634948134
1997-11-07,546.7025112814399
1997-11-10,546.5489195938117
1997-11-11,548.5889628510238
1997-11-12,538.6200552355772
1997-11-13,545.5502930625795
1997-11-14,553.166455719229
1997-11-17,559.5706590864986
1997-11-18,560.2601795967778
1997-11-19,562.5362771963163
1997-11-20,568.8822090101781
1997-11-21,571.9592607345573
1997-11-24,562.5502926848899
1997-11-25,564.2456861988385
1997-11-26,563.9364281690413
1997-11-28,565.7908154081225
1997-12-01,575.0185454319524
1997-12-02,574.4022805739728
1997-12-03,579.6340424298779
1997-12-04,578.761672937896
1997-12-05,583.1921945067523
1997-12-08,582.2411261261416
1997-12-09,580.5644953797138
1997-12-10,577.8029756426092
1997-12-11,570.7566556869065
1997-12-12,571.2650005414725
1997-12-15,575.256784750919
1997-12-16,576.6719661203097
1997-12-17,576.6826124683756
1997-12-18,573.6830980833871
1997-12-19,570.5347974244264
1997-12-22,574.5654988296204
1997-12-23,568.0678151416955
1997-12-24,564.6020567843926
1997-12-26,566.279337532219
1997-12-29,574.8328369635798
1997-12-30,583.6292021707436
1997-12-31,582.9317007168688
1998-01-02,581.9098463932228
1998-01-05,582.5554543393631
1998-01-06,577.9792760542484
1998-01-07,575.5844687956658
1998-01-08,577.2730376090286
1998-01-09,568.6162156256727
1998-01-12,573.7800172437392
1998-01-13,580.1759481781045
1998-01-14,583.2771494003756
1998-01-15,578.8532764455879
1998-01-16,584.8311390493338
1998-01-20,592.0531163072142
1998-01-21,588.5419416668191
1998-01-22,588.864889395731
1998-01-23,586.6561917475786
1998-01-26,582.8893143611573
1998-01-27,587.8784066256959
1998-01-28,590.0474581221209
1998-01-29,595.0051483811159
1998-01-30,592.4913340021071
1998-02-02,602.0865518767329
1998-02-03,603.0468173641065
1998-02-04,602.3144748106463
1998-02-05,597.2777754789229
1998-02-06,602.4399506430101
1998-02-09,599.9926894234
1998-02-10,605.467205369231
1998-02-11,606.0969843359019
1998-02-12,609.6083895315738
1998-02-13,608.1853126323765
1998-02-17,610.8076501830463
1998-02-18,615.4483468795122
1998-02-19,613.4186199467778
1998-02-20,616.9033880476702
1998-02-23,619.7094623302768
1998-02-24,615.8668229560274
1998-02-25,622.2809076191096
1998-02-26,624.6470145303182
1998-02-27,625.3751929463846
1998-03-02,626.2847761759236
1998-03-03,629.7019796357092
1998-03-04,627.8401819126555
1998-03-05,622.8316460827913
1998-03-06,635.4216085832016
1998-03-09,636.5671331339167
1998-03-10,643.0453849028652
1998-03-11,646.1670265163555
1998-03-12,646.1380960788497
1998-03-13,646.03805541576
1998-03-16,652.2379605674303
1998-03-17,654.3052487829608
1998-03-18,656.5699114823755
1998-03-19,658.9148998931092
1998-03-20,664.2156884743501
1998-03-23,660.6764347361812
1998-03-24,666.5072582497756
1998-03-25,662.6564212253572
1998-03-26,661.0421232645907
1998-03-27,657.5706847617691
1998-03-30,657.857260131089
1998-03-31,662.9064122459432
1998-04-01,666.0008302323916
1998-04-02,672.1773223852903
1998-04-03,673.6972438770092
1998-04-06,672.6034893155561
1998-04-07,668.1525251437233
1998-04-08,663.6723612930151
1998-04-09,669.1532028130811
1998-04-13,666.7832339625728
1998-04-14,670.7132633187704
1998-04-15,669.8502281588967
1998-04-16,665.5062458759671
1998-04-17,674.0825785362194
1998-04-20,672.36961778654
1998-04-21,670.2750995225784
1998-04-22,671.1917613128694
1998-04-23,664.9961277225005
1998-04-24,658.01754013168
1998-04-27,644.835302131836
1998-04-28,644.7687685613382
1998-04-29,650.2814578108475
1998-04-30,661.5252650144697
1998-05-01,663.8784240636386
1998-05-04,666.0038940192212
1998-05-05,662.3920354191338
1998-05-06,661.9327169963606
1998-05-07,659.2547901931948
1998-05-08,666.9910909138019
1998-05-11,664.178685086021
1998-05-12,668.9732219138382
1998-05-13,672.0908975529067
1998-05-14,671.5026438444058
1998-05-15,665.2124720368254
1998-05-18,662.5863989697003
1998-05-19,664.7632553100418
1998-05-20,665.4160556067983
1998-05-21,662.405573581787
1998-05-22,660.0023897998182
1998-05-26,651.3650690510909
1998-05-27,651.7478233343193
1998-05-28,656.4042322480082
1998-05-29,653.2455758090462
1998-06-01,654.0416840627731
1998-06-02,657.8572590868722
1998-06-03,654.6174510396892
1998-06-04,658.329613149356
1998-06-05,668.2119171989468
1998-06-08,670.6219685024229
1998-06-09,670.840050469865
1998-06-10,668.4816150315789
1998-06-11,659.8059540643914
1998-06-12,658.8378684282303
1998-06-15,647.5210290638779
1998-06-16,651.7699011830816
1998-06-17,663.4617145304921
1998-06-18,663.1138937147546
1998-06-19,659.3746940467021
1998-06-22,661.2524207572346
1998-06-23,668.9450025265152
1998-06-24,673.9304446934638
1998-06-25,672.5259121951101
1998-06-26,673.464796231906
1998-06-29,680.4875362866735
1998-06-30,675.1612951438134
1998-07-01,682.1710497069323
1998-07-02,682.9209219298332
1998-07-06,691.7779405343283
1998-07-07,691.2852374402838
1998-07-08,698.6872746751302
1998-07-09,694.2327637993781
1998-07-10,697.539057209131
1998-07-13,698.4088324525451
1998-07-14,704.6588891471432
1998-07-15,702.5509004271275
1998-07-16,707.8531170033602
1998-07-17,708.3282340631043
1998-07-20,707.4128589672982
1998-07-21,699.2081211652578
1998-07-22,700.7821335445891
1998-07-23,686.3363491214784
1998-07-24,687.3716457175552
1998-07-27,688.3538561013736
1998-07-28,679.4273924235149
1998-07-29,677.9897761279593
1998-07-30,687.8697051372425
1998-07-31,675.7676152360425
1998-08-03,668.8754930666487
1998-08-04,643.0199424586181
1998-08-05,644.6918310594267
1998-08-06,652.5284871278212
1998-08-07,652.8190958416368
1998-08-10,650.9945877757523
1998-08-11,639.5675971189573
1998-08-12,647.6894082236125
1998-08-13,649.787301208587
1998-08-14,637.4460633107904
1998-08-17,650.5292645234654
1998-08-18,657.6705158993964
1998-08-19,654.0840621174168
1998-08-20,649.7775125981952
1998-08-21,641.4555549902072
1998-08-24,642.5260131448234
1998-08-25,644.4775606618548
1998-08-26,642.0241572580198
1998-08-27,626.0777777827282
1998-08-28,620.7726060766529
1998-08-31,591.3161244519456
1998-09-01,605.516762339618
1998-09-02,603.8013276778961
1998-09-03,603.3223817131853
1998-09-04,597.5841930485653
1998-09-08,630.8379363025099
1998-09-09,619.3613280030812
1998-09-10,612.2608496418553
1998-09-11,623.8790110234997
1998-09-14,633.1538788717135
1998-09-15,639.0529675388427
1998-09-16,638.8393000353349
1998-09-17,626.5872726004496
1998-09-18,629.0057772791224
1998-09-21,633.9675321534907
1998-09-22,642.9266145763195
1998-09-23,658.0602338384174
1998-09-24,647.530578565941
1998-09-25,645.6805631868227
1998-09-28,647.7844093905989
1998-09-29,652.425842860724
1998-09-30,638.8567174488757
1998-10-01,619.7309058282989
1998-10-02,626.4768235241104
1998-10-05,621.3078810803249
1998-10-06,614.0454312193987
1998-10-07,599.9417925537608
1998-10-08,591.8851413648289
1998-10-09,607.5132496795301
1998-10-12,617.9160433594684
1998-10-13,611.2668731914827
1998-10-14,622.2198247179242
1998-10-15,635.585309893761
1998-10-16,625.5647346178434
1998-10-19,624.6801705798746
1998-10-20,622.0995697749411
1998-10-21,621.881307169124
1998-10-22,626.970246063238
1998-10-23,620.8999570533033
1998-10-26,621.4791468114684
1998-10-27,619.7067835341263
1998-10-28,621.4737152141046
1998-10-29,624.3099826662854
1998-10-30,629.5763664030977
1998-11-02,635.3740358994816
1998-11-03,637.8996744982082
1998-11-04,637.6899122912372
1998-11-05,646.0184633570971
1998-11-06,653.1950223775387
1998-11-09,650.3845678022934
1998-11-10,651.8397036457407
1998-11-11,647.3444801876034
1998-11-12,641.487346351124
1998-11-13,642.6871313296916
1998-11-16,647.7509004020444
1998-11-17,651.8320268119867
1998-11-18,656.0439042396753
1998-11-19,663.7587415495154
1998-11-20,669.1856579046064
1998-11-23,680.5129435092988
1998-11-24,676.8565132185674
1998-11-25,680.6833655752777
1998-11-27,682.3132272201323
1998-11-30,667.9601527046785
1998-12-01,675.7126970833417
1998-12-02,676.7799757474742
1998-12-03,667.985212442036
1998-12-04,681.3602904682947
1998-12-07,687.4855577059889
1998-12-08,688.0215150071488
1998-12-09,689.4425446237858
1998-12-10,680.1075476308225
1998-12-11,682.7841280157797
1998-12-14,664.9380117016387
1998-12-15,676.2087059288139
1998-12-16,676.9573726173419
1998-12-17,686.2525038444677
1998-12-18,691.1159129370475
1998-12-21,701.5964770713766
1998-12-22,701.048817515104
1998-12-23,715.6846930362033
1998-12-24,714.0400391194042
1998-12-28,717.8107585552153
1998-12-29,728.2189959800279
1998-12-30,722.452058386779
1998-12-31,726.1393504745321
1999-01-04,723.7924125422181
1999-01-05,733.9138225607521
1999-01-06,752.9702564814978
1999-01-07,751.9593872204156
1999-01-08,759.3727841260185
1999-01-11,755.5699815718272
1999-01-12,742.2824662411292
1999-01-13,743.7643080471763
1999-01-14,733.0546369458247
1999-01-15,747.6606798670126
1999-01-19,762.7088358280043
1999-01-20,766.7210113388838
1999-01-21,748.4288084929202
1999-01-22,746.3790321747142
1999-01-25,744.7385741882251
1999-01-26,757.583647451781
1999-01-27,753.1463371803102
1999-01-28,767.875364512885
1999-01-29,775.3717466361088
1999-02-01,774.5157817897292
1999-02-02,765.6644404963026
1999-02-03,774.1017676061279
1999-02-04,755.2368789329014
1999-02-05,744.7978420881404
1999-02-08,751.0971231704656
1999-02-09,732.6030335139518
1999-02-10,732.3282085528809
1999-02-11,753.3868010617634
1999-02-12,737.7214983989295
1999-02-16,743.0144482580055
1999-02-17,730.3041927772615
1999-02-18,739.2200546663361
1999-02-19,739.3969613194322
1999-02-22,759.9438474992854
1999-02-23,758.9593813688559
1999-02-24,748.5555882566563
1999-02-25,742.7675590794282
1999-02-26,742.1489403938556
1999-03-01,741.7509617467562
1999-03-02,737.2261782946424
1999-03-03,736.7243827749586
1999-03-04,747.8252385096379
1999-03-05,763.6965520794301
1999-03-08,766.572706093917
1999-03-09,765.2627844703568
1999-03-10,763.9151642502651
1999-03-11,771.0489975367992
1999-03-12,772.2024207625662
1999-03-15,782.3974657880796
1999-03-16,783.3665065055493
1999-03-17,774.8383977154554
1999-03-18,782.6799463875333
1999-03-19,771.2483493773514
1999-03-22,769.1238214811851
1999-03-23,747.72060543436
1999-03-24,754.1377491324273
1999-03-25,767.4360280165512
1999-03-26,763.8796160640824
1999-03-29,781.4012491541544
1999-03-30,780.6726905561109
1999-03-31,772.6914724028153
1999-04-01,779.3373675740164
1999-04-05,792.6805210474598
1999-04-06,793.8800735522964
1999-04-07,796.4624176538671
1999-04-08,806.2647838031982
1999-04-09,809.926770568486
1999-04-12,812.1870696782084
1999-04-13,803.9858011945832
1999-04-14,786.4165701418956
1999-04-15,782.2031094907794
1999-04-16,778.1557590329189
1999-04-19,754.3072803574064
1999-04-20,765.865484777422
1999-04-21,793.9516215520333
1999-04-22,810.1287421056846
1999-04-23,809.8077579534591
1999-04-26,812.7719716477181
1999-04-27,810.6870832275276
1999-04-28,805.8055397867519
1999-04-29,802.720881491999
1999-04-30,796.5519763220642
1999-05-03,804.4713385779515
1999-05-04,793.2200208621515
1999-05-05,806.1720576596422
1999-05-06,797.2952600314597
1999-05-07,805.4752200254383
1999-05-10,801.5264761385889
1999-05-11,812.93885132277
1999-05-12,820.2545773981375
1999-05-13,825.2508350944762
1999-05-14,809.6392357732132
1999-05-17,812.7774661402273
1999-05-18,806.7222565695146
1999-05-19,813.4858234308593
1999-05-20,809.8734760421466
1999-05-21,803.6186414388914
1999-05-24,790.9806844219075
1999-05-25,779.049627385126
1999-05-26,791.3962072728849
1999-05-27,778.7455654465381
1999-05-28,789.6503739906035
1999-06-01,782.7923473673117
1999-06-02,784.7312653253985
1999-06-03,781.9485450141266
1999-06-04,798.617645493464
1999-06-07,805.838093482633
1999-06-08,799.9115079145766
1999-06-09,806.8786222168552
1999-06-10,798.4520561030444
1999-06-11,789.033994378288
1999-06-14,788.5690191977874
1999-06-15,793.522321746414
1999-06-16,814.4836727485701
1999-06-17,818.7829829139847
1999-06-18,823.411056231579
1999-06-21,832.5365217815672
1999-06-22,821.6756440366087
1999-06-23,821.6008075823337
1999-06-24,807.2679626017357
1999-06-25,808.6456332343657
1999-06-28,817.8116190323183
1999-06-29,828.5230388350132
1999-06-30,842.0964662121244
1999-07-01,844.6677462122626
1999-07-02,849.5218230989144
1999-07-06,847.7446738915719
1999-07-07,855.0570745488361
1999-07-08,859.0941060973074
1999-07-09,863.0232915486461
1999-07-12,863.4029406431054
1999-07-13,859.3419742823118
1999-07-14,863.4559629589912
1999-07-15,871.1534637706334
1999-07-16,878.333345781021
1999-07-19,872.8138745465465
1999-07-20,852.7511952710233
1999-07-21,856.9611154624403
1999-07-22,840.1875960043385
1999-07-23,839.7735037365644
1999-07-26,831.6785418420671
1999-07-27,842.1371063241398
1999-07-28,844.8302929846994
1999-07-29,829.2572685547739
1999-07-30,823.8579810642871
1999-08-02,823.1396623963836
1999-08-03,816.2408918359193
1999-08-04,802.9378067457627
1999-08-05,809.9346152494022
1999-08-06,806.6606948602106
1999-08-09,799.4652721183791
1999-08-10,785.68090076437
1999-08-11,795.7595203400276
1999-08-12,793.6685076779381
1999-08-13,814.2818218436171
1999-08-16,814.0100278847921
1999-08-17,824.3166849372432
1999-08-18,819.7128862938894
1999-08-19,815.8945477554541
1999-08-20,820.9230222814012
1999-08-23,830.4275264165071
1999-08-24,827.2525564316919
1999-08-25,838.5164746066285
1999-08-26,827.4152213918433
1999-08-27,821.0634219459541
1999-08-30,808.4708437022965
1999-08-31,811.4456098467599
1999-09-01,817.5442294389803
1999-09-02,811.7906494675179
1999-09-03,833.4911307541212
1999-09-07,833.2540210282526
1999-09-08,829.8616224755291
1999-09-09,835.7509952925333
1999-09-10,842.3509518033491
1999-09-13,833.4973421021673
1999-09-14,834.1059495559805
1999-09-15,820.8628567519894
1999-09-16,820.378171508272
1999-09-17,830.7124809490405
1999-09-20,832.597844025051
1999-09-21,816.3918311413064
1999-09-22,820.6505095334791
1999-09-23,794.8508124894731
1999-09-24,793.6229452595427
1999-09-27,801.231163070784
1999-09-28,799.7903684950195
1999-09-29,791.5845065564921
1999-09-30,798.3070369197719
1999-10-01,794.4402152349795
1999-10-04,806.3679723697265
1999-10-05,803.3032617118687
1999-10-06,818.6799711824475
1999-10-07,815.0968545639267
1999-10-08,820.6157403072267
1999-10-11,828.1501022167399
1999-10-12,809.2163189211535
1999-10-13,795.250835700008
1999-10-14,791.8991699943886
1999-10-15,773.102622024565
1999-10-18,771.9629431809698
1999-10-19,770.7334429214222
1999-10-20,786.287834181822
1999-10-21,783.7969441666764
1999-10-22,788.2347834657248
1999-10-25,786.7102649510653
1999-10-26,780.2461096376522
1999-10-27,785.4673160364174
1999-10-28,812.9874192774153
1999-10-29,826.2958162735218
1999-11-01,826.385996530784
1999-11-02,818.5099350724975
1999-11-03,826.9237288172623
1999-11-04,835.1049961946245
1999-11-05,841.4934699128688
1999-11-08,846.2834072951478
1999-11-09,838.7047370563351
1999-11-10,849.0481037822279
1999-11-11,854.9273082602031
1999-11-12,860.3698127630362
1999-11-15,859.213411963158
1999-11-16,875.4187718633892
1999-11-17,870.0221472930017
1999-11-18,886.2187927981631
1999-11-19,888.6706589965441
1999-11-22,892.4326522487954
1999-11-23,881.6109788912494
1999-11-24,894.529279021614
1999-11-26,901.9946024145928
1999-11-29,901.527766727649
1999-11-30,881.6335592453618
1999-12-01,889.8312670723018
1999-12-02,899.8125455906654
1999-12-03,915.3790747778742
1999-12-06,915.6356225461404
1999-12-07,912.9203829496645
1999-12-08,912.0395174455942
1999-12-09,917.9869230806311
1999-12-10,921.9982874356192
1999-12-13,929.3860973715233
1999-12-14,914.8541989768763
1999-12-15,919.518535027741
1999-12-16,928.0110682444212
1999-12-17,933.3053164411743
1999-12-20,932.2233140851815
1999-12-21,946.0410093227027
1999-12-22,946.2901368311163
1999-12-23,957.2210968922273
1999-12-27,953.6050204572184
1999-12-28,958.7994689764832
1999-12-29,962.9361045852036
1999-12-30,960.8857198729089
1999-12-31,968.4462523225847
