date,equity
1950-01-03,1.00003598
1950-01-04,1.0000719612945606
1950-01-05,1.0063261756092488
1950-01-06,1.0091755931804858
1950-01-07,1.015514638037377
1950-01-09,1.0161871338276751
1950-01-10,1.014963114090224
1950-01-11,1.0221834989624696
1950-01-12,1.0006263982428614
1950-01-13,0.9944712130972239
1950-01-14,0.998675339089454
1950-01-16,0.9969392814648644
1950-01-17,1.0031675650505913
1950-01-18,1.0053999978618025
1950-01-19,1.007981617978041
1950-01-20,1.010364495399296
1950-01-21,1.0095789621014701
1950-01-23,1.010898066922608
1950-01-24,1.0108044985862463
1950-01-25,1.001697394754333
1950-01-26,1.0069697718025936
1950-01-27,1.0103894633175565
1950-01-28,1.0151264772210205
1950-01-30,1.0196407780211671
1950-01-31,1.0246553088914399
1950-02-01,1.022154604288494
1950-02-02,1.0341418819310644
1950-02-03,1.0395479174559512
1950-02-04,1.0441161524111249
1950-02-06,1.0433551499241138
1950-02-07,1.036169490715635
1950-02-08,1.0379692449880185
1950-02-09,1.0420439245393085
1950-02-10,1.0373321016319352
1950-02-11,1.038613017442414
1950-02-14,1.0351772076966257
1950-02-15,1.035979973106884
1950-02-16,1.0327262182910026
1950-02-17,1.036218522715284
1950-02-18,1.0400659672223582
1950-02-20,1.0416669297702335
1950-02-21,1.0382065071350424
1950-02-23,1.040521028264189
1950-02-24,1.0456986098962222
1950-02-25,1.0471356273396015
1950-02-27,1.0476011597543857
1950-02-28,1.0435288980513275
1950-03-01,1.0461578049398184
1950-03-02,1.0465635140716203
1950-03-03,1.0499210414446154
1950-03-04,1.052862410153538
1950-03-06,1.0516214796075438
1950-03-07,1.0430408582779263
1950-03-08,1.0407189321611778
1950-03-09,1.0357453296360803
1950-03-10,1.0334391971041925
1950-03-11,1.036601744163679
1950-03-13,1.035328295602918
1950-03-14,1.0398324738661482
1950-03-15,1.0547068170408518
1950-03-16,1.059036858780754
1950-03-17,1.0595217554218996
1950-03-18,1.0611758852497337
1950-03-20,1.0616899977323873
1950-03-21,1.060545850910983
1950-03-22,1.0639995678698855
1950-03-23,1.0651931539747572
1950-03-24,1.0632850655396815
1950-03-25,1.0678903494439553
1950-03-27,1.060733787772344
1950-03-28,1.0636599383545746
1950-03-29,1.0607326740369538
1950-03-30,1.0510222164245757
1950-03-31,1.0486191909496483
1950-04-01,1.0493034429340067
1950-04-03,1.0552873780063368
1950-04-04,1.058552257817912
1950-04-05,1.063489593835683
1950-04-06,1.0741617631341247
1950-04-08,1.077016863290061
1950-04-10,1.0766374375450982
1950-04-11,1.073104087396734
1950-04-12,1.0815948016765282
1950-04-13,1.085657906081054
1950-04-14,1.0899355057722724
1950-04-15,1.0892903322232166
1950-04-17,1.086919258272561
1950-04-18,1.08341486500071
1950-04-19,1.0804720848204377
1950-04-20,1.0734090341739277
1950-04-21,1.0821475886200749
1950-04-22,1.0842838079695198
1950-04-24,1.0771011100533439
1950-04-25,1.0774480043147143
1950-04-26,1.0763818281286217
1950-04-27,1.0802460223933308
1950-04-28,1.0831088108748805
1950-04-29,1.0892687785879622
1950-05-01,1.0926452287312252
1950-05-02,1.0900793982076618
1950-05-03,1.0961988919271501
1950-05-04,1.0893392876969188
1950-05-05,1.092450621961335
1950-05-06,1.0967832425069217
1950-05-08,1.098930482173306
1950-05-09,1.1034381854504556
1950-05-10,1.1031410764674612
1950-05-11,1.1049789018264125
1950-05-12,1.1035916275700794
1950-05-13,1.107451368063404
1950-05-15,1.1060817688259716
1950-05-16,1.1137424769707298
1950-05-17,1.1187117670034248
1950-05-18,1.121699293758819
1950-05-19,1.1313757025585929
1950-05-20,1.1339983328837129
1950-05-22,1.1299155185051681
1950-05-23,1.1330745545703391
1950-05-24,1.1330302496704936
1950-05-25,1.1349670254907887
1950-05-26,1.1373782172658822
1950-05-27,1.1375811004762102
1950-05-29,1.1447364426227007
1950-05-31,1.1463746195209963
1950-06-01,1.1423348969211349
1950-06-02,1.1442541308641743
1950-06-05,1.1317865901287685
1950-06-06,1.1394247809042561
1950-06-07,1.1428449501497335
1950-06-08,1.1518200014311908
1950-06-09,1.1595903601254816
1950-06-12,1.1657704801551172
1950-06-13,1.1609923659565926
1950-06-14,1.1493943950569783
1950-06-15,1.1476172580978052
1950-06-16,1.147336330754066
1950-06-19,1.1406617495126354
1950-06-20,1.1380486064979674
1950-06-21,1.1480841514385662
1950-06-22,1.1613996969681772
1950-06-23,1.1631322553814951
1950-06-26,1.1028843229106833
1950-06-27,1.0791876850989506
1950-06-28,1.0972096339064015
1950-06-29,1.0530428201061304
1950-06-30,1.0603389055948558
1950-07-03,1.0543071396895176
1950-07-05,1.0624333849068772
1950-07-06,1.074337246668384
1950-07-07,1.0586540027777434
1950-07-10,1.0513293073381995
1950-07-11,1.0313938221276604
1950-07-12,1.001066068093446
1950-07-13,0.9910280881233334
1950-07-14,1.0059782784046991
1950-07-17,0.9916904343971978
1950-07-18,1.013827870037882
1950-07-19,1.0349353487435142
1950-07-20,1.0489974200439434
1950-07-21,1.0512819995979852
1950-07-24,1.044869793242046
1950-07-25,1.0281047590557844
1950-07-26,1.0314384651338533
1950-07-27,1.0424392429028608
1950-07-28,1.052512433564232
1950-07-31,1.0606732856281538
1950-08-01,1.0699856625353965
1950-08-02,1.071252312585018
1950-08-03,1.0746436448899948
1950-08-04,1.081562671004541
1950-08-07,1.0983465835088184
1950-08-08,1.1027709147955116
1950-08-09,1.1094866172069155
1950-08-10,1.1177474163288879
1950-08-11,1.1091310654878288
1950-08-14,1.1099212964299616
1950-08-15,1.1157309359532772
1950-08-16,1.1205081225772722
1950-08-17,1.1304992315334135
1950-08-18,1.1331124044044099
1950-08-21,1.1341968784332992
1950-08-22,1.1320682429986906
1950-08-23,1.140033999040629
1950-08-24,1.1381259462105662
1950-08-25,1.1243396302087934
1950-08-28,1.1225893364690895
1950-08-29,1.1254790427531616
1950-08-30,1.1205852541947285
1950-08-31,1.120390924960717
1950-09-01,1.12950929169853
1950-09-05,1.1323933843651204
1950-09-06,1.1211933802253498
1950-09-07,1.122685437778183
1950-09-08,1.1305446351942179
1950-09-11,1.1224561765330388
1950-09-12,1.131726365713063
1950-09-13,1.1471758053532422
1950-09-14,1.1533344595659336
1950-09-15,1.161887781535882
1950-09-18,1.1642547748395236
1950-09-19,1.1613743716910028
1950-09-20,1.1570299107206061
1950-09-21,1.1649383311169113
1950-09-22,1.1747793090873602
1950-09-25,1.1714951130906692
1950-09-26,1.1566131861956666
1950-09-27,1.1760010991029914
1950-09-28,1.180535119736357
1950-09-29,1.1811212434064617
1950-10-02,1.1929815986981256
1950-10-03,1.1916354541741663
1950-10-04,1.202327561750989
1950-10-05,1.1966697887537887
1950-10-06,1.2028147558910127
1950-10-07,1.2051813564145952
1950-10-09,1.1960255358519847
1950-10-10,1.1868116870351557
1950-10-11,1.1960261265373446
1950-10-13,1.1984682957555923
1950-10-14,1.194438243895415
1950-10-16,1.1909721325189984
1950-10-17,1.1983708648359328
1950-10-18,1.2095056637723882
1950-10-19,1.2062363098385782
1950-10-20,1.202831768286078
1950-10-21,1.204428751182295
1950-10-23,1.2049717188359261
1950-10-24,1.208005327668117
1950-10-25,1.205071905501446
1950-10-26,1.179560190247652
1950-10-27,1.1828454728079087
1950-10-28,1.1856395749073072
1950-10-30,1.1748591567398843
1950-10-31,1.166719296169354
1950-11-01,1.176746119254302
1950-11-02,1.1931284469775911
1950-11-03,1.1942569974076593
1950-11-04,1.1876886623159892
1950-11-06,1.1555365316094401
1950-11-08,1.1775822703167729
1950-11-09,1.1975818979373005
1950-11-10,1.206941780892767
1950-11-13,1.2136858511239885
1950-11-14,1.216124584752341
1950-11-15,1.2154436167206366
1950-11-16,1.213293841938629
1950-11-17,1.2261129548042082
1950-11-18,1.2315792638501333
1950-11-20,1.2351279430598925
1950-11-21,1.233511531099124
1950-11-22,1.2480214938404204
1950-11-24,1.2562895440036588
1950-11-25,1.2558851361709744
1950-11-27,1.253125073030485
1950-11-28,1.2152127818483847
1950-11-29,1.2061181503198874
1950-11-30,1.2155072285308193
1950-12-01,1.2249901220475554
1950-12-02,1.2171119898217908
1950-12-04,1.1810548693394094
1950-12-05,1.2055533220203436
1950-12-06,1.2150135634585333
1950-12-07,1.2159923348197366
1950-12-08,1.2178118832913818
1950-12-09,1.2205231346196221
1950-12-11,1.2360849985422377
1950-12-12,1.2342037069150351
1950-12-13,1.2316695285690529
1950-12-14,1.2212784758544488
1950-12-15,1.2211554993310438
1950-12-16,1.239134179818308
1950-12-18,1.2515244844089
1950-12-19,1.2618388616793887
1950-12-20,1.2623866461663935
1950-12-21,1.2585792634732254
1950-12-22,1.263937149969697
1950-12-26,1.254749624560731
1950-12-27,1.2823009124226687
1950-12-28,1.2898404623399493
1950-12-29,1.2906721295201087
1950-12-30,1.2951956266963223
1951-01-02,1.3171786228117053
1951-01-03,1.3159743883649417
1951-01-04,1.3240847920009369
1951-01-05,1.3258737093531694
1951-01-06,1.3224866913721036
1951-01-08,1.3338687781005625
1951-01-09,1.342690231809158
1951-01-10,1.3186727878971085
1951-01-11,1.3403505381892917
1951-01-12,1.3378725023329054
1951-01-13,1.339376003091948
1951-01-15,1.3481079232428312
1951-01-16,1.3564077536310817
1951-01-17,1.3649973646553664
1951-01-18,1.3642337611472195
1951-01-19,1.3602533225048419
1951-01-20,1.3618574659015792
1951-01-22,1.3476953916767282
1951-01-23,1.350692827593484
1951-01-24,1.3462440901506025
1951-01-25,1.3336765674570616
1951-01-26,1.3504703201882808
1951-01-27,1.3649605373111795
1951-01-29,1.3744137311516833
1951-01-30,1.3757086291329568
1951-01-31,1.3710837738475983
1951-02-01,1.3767165314138015
1951-02-02,1.3902679344236402
1951-02-03,1.394118334365221
1951-02-05,1.3999374283179646
1951-02-06,1.392394089602604
1951-02-07,1.390031667014292
1951-02-08,1.3988106440124852
1951-02-09,1.4099416263617586
1951-02-10,1.4123615826965208
1951-02-13,1.410391691243022
1951-02-14,1.4052609604441981
1951-02-15,1.3993720331684827
1951-02-16,1.4040591955906545
1951-02-17,1.4045368968748022
1951-02-19,1.386259802887662
1951-02-20,1.3832997893684824
1951-02-21,1.3877672381261779
1951-02-23,1.390843684336198
1951-02-24,1.3934865927588642
1951-02-26,1.3878630206778553
1951-02-27,1.3744786513147302
1951-02-28,1.3753903876570617
1951-03-01,1.381085359808276
1951-03-02,1.3854398168842361
1951-03-03,1.3839783924740956
1951-03-05,1.3730290210976246
1951-03-06,1.3682192317054782
1951-03-07,1.3725955770142653
1951-03-08,1.3763601340787084
1951-03-09,1.374830400806863
1951-03-10,1.3742559162995558
1951-03-12,1.3577711757466828
1951-03-13,1.332523837592307
1951-03-14,1.32014519069573
1951-03-15,1.3189509488801585
1951-03-16,1.3451233981097288
1951-03-17,1.3480126288489114
1951-03-19,1.338993441800385
1951-03-20,1.334688015347359
1951-03-21,1.3439544762433582
1951-03-22,1.3453176971668197
1951-03-24,1.3282967979080575
1951-03-26,1.3255815831017148
1951-03-27,1.3264105076912682
1951-03-28,1.3079116371094135
1951-03-29,1.3094084813756979
1951-03-30,1.3163620697285554
1951-03-31,1.3135206202462244
1951-04-02,1.3021788516499064
1951-04-03,1.300766105664723
1951-04-04,1.3080023264777934
1951-04-05,1.3292025368758797
1951-04-06,1.339845922180607
1951-04-07,1.3396749594561965
1951-04-09,1.339888745906255
1951-04-10,1.3378395642401646
1951-04-11,1.3329029376482964
1951-04-12,1.344801540281357
1951-04-13,1.3621380268571708
1951-04-14,1.3683356374301998
1951-04-16,1.3634922599506292
1951-04-17,1.364037964849401
1951-04-18,1.3672435167920634
1951-04-19,1.361079500678286
1951-04-20,1.3573732315424365
1951-04-21,1.3580522398506927
1951-04-23,1.3557033613916707
1951-04-24,1.348516485087732
1951-04-25,1.349768767752523
1951-04-26,1.3595686469113426
1951-04-27,1.3703590712410745
1951-04-28,1.3726113616547868
1951-04-30,1.371247053383876
1951-05-01,1.3750447532041135
1951-05-02,1.3794755531639287
1951-05-03,1.3903930202668455
1951-05-04,1.3973764620243723
1951-05-05,1.3939886724179247
1951-05-07,1.3901951565262152
1951-05-08,1.3921805938360452
1951-05-09,1.3933287047256981
1951-05-10,1.3815744566951047
1951-05-11,1.3759497889040069
1951-05-12,1.3685670565945016
1951-05-14,1.3674224036943325
1951-05-15,1.3488951728095302
1951-05-16,1.3437155152133522
1951-05-17,1.3580617018556354
1951-05-18,1.338443215478301
1951-05-19,1.3382636944222543
1951-05-21,1.3279193451638327
1951-05-22,1.3230584328474768
1951-05-23,1.3166606714933826
1951-05-24,1.3102662698876244
1951-05-25,1.3144810232580897
1951-05-26,1.3180432300326408
1951-05-28,1.3239839986811364
1951-05-29,1.3371264055770018
1951-05-31,1.3434553305688417
1951-06-01,1.3405957995050302
1951-06-04,1.3232471148807945
1951-06-05,1.324722811857508
1951-06-06,1.340610332344109
1951-06-07,1.3466010806482578
1951-06-08,1.3429134094352113
1951-06-11,1.350290106125874
1951-06-12,1.3439294316332688
1951-06-13,1.3415430553677703
1951-06-14,1.3538301751064863
1951-06-15,1.3600024550331584
1951-06-18,1.359167346038792
1951-06-19,1.3579361042007254
1951-06-20,1.355822978929517
1951-06-21,1.346766706962537
1951-06-22,1.339608672020142
1951-06-25,1.3151335929224917
1951-06-26,1.3245547748265858
1951-06-27,1.3318237387251641
1951-06-28,1.3143501064028709
1951-06-29,1.3067558635002074
1951-07-02,1.3123328815572637
1951-07-03,1.3253090757456059
1951-07-05,1.3486067048489319
1951-07-06,1.3474717591726526
1951-07-09,1.3473094362404434
1951-07-10,1.3407081658746558
1951-07-11,1.346983538823777
1951-07-12,1.3542237621996251
1951-07-13,1.363387118485414
1951-07-16,1.3522036255057064
1951-07-17,1.3544984139602834
1951-07-18,1.3568453700000473
1951-07-19,1.3598145181738404
1951-07-20,1.3613974629672128
1951-07-23,1.3710467898942849
1951-07-24,1.3808007149369217
1951-07-25,1.3809268348623205
1951-07-26,1.3902414861647134
1951-07-27,1.3949276513591284
1951-07-30,1.4073636288572524
1951-07-31,1.4017171935086052
1951-08-01,1.4137643134714175
1951-08-02,1.4224062977608551
1951-08-03,1.423706877080348
1951-08-06,1.4306644759004394
1951-08-07,1.4280378622961967
1951-08-08,1.4256309104539426
1951-08-09,1.422730156480214
1951-08-10,1.422396948687235
1951-08-13,1.4228337080387459
1951-08-14,1.4213081360802602
1951-08-15,1.4279186039679292
1951-08-16,1.4357121182222894
1951-08-17,1.4404534169548966
1951-08-20,1.4368754985344196
1951-08-21,1.433003975991519
1951-08-22,1.4246896601043113
1951-08-23,1.4332209614058975
1951-08-24,1.4356652562172052
1951-08-27,1.434704913051515
1951-08-28,1.4349044244775135
1951-08-29,1.4456874175888326
1951-08-30,1.456733246121259
1951-08-31,1.46184765094827
1951-09-04,1.4613305568797705
1951-09-05,1.4679718737437022
1951-09-06,1.4709255138400092
1951-09-07,1.476699397315442
1951-09-10,1.4818936698017393
1951-09-11,1.4763596863529114
1951-09-12,1.4859218603364621
1951-09-13,1.4882176099703395
1951-09-14,1.4906011717350716
1951-09-17,1.4848713929575021
1951-09-18,1.4864341125294098
1951-09-19,1.4901769833117604
1951-09-20,1.4887828706979849
1951-09-21,1.4789709838274923
1951-09-24,1.4734341844350598
1951-09-25,1.4774833902348357
1951-09-26,1.4790668930463338
1951-09-27,1.4713249314302286
1951-09-28,1.475972747830982
1951-10-01,1.483902283928789
1951-10-02,1.4920181108339157
1951-10-03,1.497390361827452
1951-10-04,1.4989203263914634
1951-10-05,1.499787021915908
1951-10-06,1.497659249479513
1951-10-08,1.4978416449604666
1951-10-09,1.4920738918342324
1951-10-10,1.4887865063189372
1951-10-11,1.4915878772012316
1951-10-13,1.4945006174436546
1951-10-15,1.5006810308493344
1951-10-16,1.4905888585445615
1951-10-17,1.4876869219669808
1951-10-18,1.4868359695275062
1951-10-19,1.457482921690655
1951-10-20,1.43920021341826
1951-10-22,1.4062476061640876
1951-10-23,1.4177718350476256
1951-10-24,1.4265874726363799
1951-10-25,1.4180608198220406
1951-10-26,1.4017481840057413
1951-10-27,1.3789894354853736
1951-10-29,1.389269586337337
1951-10-30,1.3953954974579388
1951-10-31,1.40970969021196
1951-11-01,1.4190261822722436
1951-11-02,1.4117151747840284
1951-11-03,1.396618453681711
1951-11-05,1.4036529867288638
1951-11-07,1.3923289641468015
1951-11-08,1.3940587212241153
1951-11-09,1.4111471036414072
1951-11-10,1.4157666893060075
1951-11-13,1.41597740743865
1951-11-14,1.4225928171404745
1951-11-15,1.4233419747509632
1951-11-16,1.421340867175166
1951-11-17,1.4218208012098958
1951-11-19,1.4149742835827142
1951-11-20,1.411919170649892
1951-11-21,1.4138573856722938
1951-11-23,1.3988773672247645
1951-11-24,1.3929782948133207
1951-11-26,1.4014836022803776
1951-11-27,1.412730771657939
1951-11-28,1.4114274178547708
1951-11-29,1.412613884380411
1951-11-30,1.425838762093516
1951-12-01,1.4311273975205223
1951-12-03,1.434010304848971
1951-12-04,1.438703453466776
1951-12-05,1.440635869512152
1951-12-06,1.4500305022795985
1951-12-07,1.453907932690683
1951-12-08,1.455865054775443
1951-12-10,1.458304706137675
1951-12-11,1.4518741711238075
1951-12-12,1.452987427996703
1951-12-13,1.4556028309668283
1951-12-14,1.4597033224757137
1951-12-15,1.4590329072618404
1951-12-17,1.4622018626454119
1951-12-18,1.4653580020706185
1951-12-19,1.4693710363193535
1951-12-20,1.4702358105215967
1951-12-21,1.4664618410596064
1951-12-22,1.4673540847508353
1951-12-24,1.4680297506116124
1951-12-26,1.4594561345173063
1951-12-27,1.4700282777484313
1951-12-28,1.4804374396869318
1951-12-29,1.4819043219728947
1951-12-31,1.4863975393341406
1952-01-02,1.488939111142798
1952-01-03,1.490129714166406
1952-01-04,1.4925235856279386
1952-01-05,1.4931349162477436
1952-01-07,1.4914997443180384
1952-01-08,1.4830396599346298
1952-01-09,1.4793034900274773
1952-01-10,1.4885170214470365
1952-01-11,1.4888292490606285
1952-01-12,1.4942063622488124
1952-01-14,1.4940302663941791
1952-01-15,1.489794384346399
1952-01-16,1.493553701857602
1952-01-17,1.497850746045903
1952-01-18,1.49898149690014
1952-01-19,1.5038888208004562
1952-01-21,1.5115586750581198
1952-01-22,1.5166402923065891
1952-01-23,1.512116609046954
1952-01-24,1.5132947263587797
1952-01-25,1.5175185964651592
1952-01-26,1.517919345068806
1952-01-28,1.516048792930749
1952-01-29,1.5161328252145378
1952-01-30,1.5050553749211342
1952-01-31,1.4943123170056802
1952-02-01,1.5017637799781745
1952-02-02,1.505106464885758
1952-02-04,1.4898662111041994
1952-02-05,1.4846261470631554
1952-02-06,1.4881769583079676
1952-02-07,1.4878508756960052
1952-02-08,1.493578953629207
1952-02-09,1.4948962149934386
1952-02-11,1.491766384027717
1952-02-13,1.4831446472562113
1952-02-14,1.4779815071975833
1952-02-15,1.4785105956731153
1952-02-16,1.4786125813286142
1952-02-18,1.4722819001577503
1952-02-19,1.4542217666680242
1952-02-20,1.4408817660928364
1952-02-21,1.4481768108102233
1952-02-23,1.4551455061151624
1952-02-25,1.4530898535917522
1952-02-26,1.444202624157941
1952-02-27,1.4467587388820407
1952-02-28,1.457256304276999
1952-02-29,1.4571786033335767
1952-03-01,1.4587076574804883
1952-03-03,1.4611877250045473
1952-03-04,1.4730050917183555
1952-03-05,1.4782754687531814
1952-03-06,1.4769315322401668
1952-03-07,1.4780426775101623
1952-03-08,1.4811873094402512
1952-03-10,1.4770704785941902
1952-03-11,1.4793705871799723
1952-03-12,1.4773438855026872
1952-03-13,1.479492145612742
1952-03-14,1.4816832906534978
1952-03-15,1.4850669911936356
1952-03-17,1.4852058992820407
1952-03-18,1.4795558976516774
1952-03-19,1.477037697943418
1952-03-20,1.4800055934507819
1952-03-21,1.4816792433974695
1952-03-22,1.481151375178031
1952-03-24,1.4794170298994256
1952-03-25,1.4746303466074302
1952-03-26,1.4721824592452435
1952-03-27,1.477395267725884
1952-03-28,1.481925839453249
1952-03-29,1.4848559972536386
1952-03-31,1.485545675954567
1952-04-01,1.4728060181245968
1952-04-02,1.4764749988881674
1952-04-03,1.478056812996784
1952-04-04,1.4743927765734974
1952-04-05,1.4732250600945727
1952-04-07,1.4575435540652055
1952-04-08,1.4628081691451276
1952-04-09,1.4627230529201511
1952-04-10,1.4648058966652955
1952-04-12,1.4659981365543493
1952-04-14,1.452893841550244
1952-04-15,1.4360332096762407
1952-04-16,1.4375401939913057
1952-04-17,1.4263566060608648
1952-04-18,1.4306758276761902
1952-04-19,1.4307396802147936
1952-04-21,1.4380105831403942
1952-04-22,1.4285662823942609
1952-04-23,1.420634764448828
1952-04-24,1.412915289291285
1952-04-25,1.4231073433707024
1952-04-26,1.4278306090569879
1952-04-28,1.4298959056673812
1952-04-29,1.423251554787088
1952-04-30,1.4168882752323448
1952-05-01,1.4016246175162683
1952-05-02,1.4237807466351404
1952-05-03,1.4293130819745603
1952-05-05,1.4292987761351206
1952-05-06,1.430712248792363
1952-05-07,1.4354243639016775
1952-05-08,1.4396359345799092
1952-05-09,1.4415962503730788
1952-05-10,1.4410366906989804
1952-05-12,1.4392912365963206
1952-05-13,1.4406751602841597
1952-05-14,1.4377429511759017
1952-05-15,1.431976085123791
1952-05-16,1.431554791848771
1952-05-17,1.4340383804436574
1952-05-19,1.4323168203433516
1952-05-20,1.4395206867231258
1952-05-21,1.4417776613894009
1952-05-22,1.4453631568418082
1952-05-23,1.4470779931701594
1952-05-24,1.4477575744434334
1952-05-26,1.4527518526252468
1952-05-27,1.4522812913403333
1952-05-28,1.4452094780843576
1952-05-29,1.4446292029675945
1952-06-02,1.4444892568349335
1952-06-03,1.4417324337347428
1952-06-04,1.4523367713121147
1952-06-05,1.4583690008661272
1952-06-06,1.4637073160783103
1952-06-09,1.4665822033396059
1952-06-10,1.4603296219697623
1952-06-11,1.4674520045220827
1952-06-12,1.469469888252809
1952-06-13,1.4702288947807713
1952-06-16,1.469801685666576
1952-06-17,1.4711508667888489
1952-06-18,1.475888503591772
1952-06-19,1.47887226694107
1952-06-20,1.4826395487852755
1952-06-23,1.482499978389881
1952-06-24,1.4820171045106731
1952-06-25,1.485861799921502
1952-06-26,1.4896930440383558
1952-06-27,1.497263592786955
1952-06-30,1.5013426966680299
1952-07-01,1.5088681977938432
1952-07-02,1.508154044495583
1952-07-03,1.5129777093890038
1952-07-07,1.5057606692381853
1952-07-08,1.5050684115965016
1952-07-09,1.5005299509828232
1952-07-10,1.4992854042085346
1952-07-11,1.5060691388266365
1952-07-14,1.5075336937477157
1952-07-15,1.5092141394455796
1952-07-16,1.5050942766034043
1952-07-17,1.4981385952183115
1952-07-18,1.4911704030927573
1952-07-21,1.4940398328400935
1952-07-22,1.494440793158106
1952-07-23,1.5027342634865126
1952-07-24,1.506629665245287
1952-07-25,1.5035973917538412
1952-07-28,1.5054395414596917
1952-07-29,1.509225804987259
1952-07-30,1.5152998562840916
1952-07-31,1.521759430609837
1952-08-01,1.523236541210187
1952-08-04,1.5226879214506546
1952-08-05,1.5195586767349167
1952-08-06,1.5288836995309503
1952-08-07,1.530967557397302
1952-08-08,1.531713166170408
1952-08-11,1.5328051829598335
1952-08-12,1.525317500513098
1952-08-13,1.525715938762366
1952-08-14,1.5268723952964507
1952-08-15,1.525994402102847
1952-08-18,1.5125252002831318
1952-08-19,1.513288286816015
1952-08-20,1.5149138168212248
1952-08-21,1.5162540517073222
1952-08-22,1.5181644487999688
1952-08-25,1.5141943699099927
1952-08-26,1.5145221667813298
1952-08-27,1.5273877061162846
1952-08-28,1.535428570718989
1952-08-29,1.5402823992471586
1952-09-02,1.5449961822245428
1952-09-03,1.5484689977093573
1952-09-04,1.5434774658489419
1952-09-05,1.5419768578421196
1952-09-08,1.5354646073264715
1952-09-09,1.5170986734678509
1952-09-10,1.5090196916828686
1952-09-11,1.5158152335090302
1952-09-12,1.5130891288150712
1952-09-15,1.5057373263503242
1952-09-16,1.5101467751564257
1952-09-17,1.515841081921509
1952-09-18,1.5146353347200125
1952-09-19,1.5234686371389627
1952-09-22,1.5274511028003266
1952-09-23,1.5354757484923776
1952-09-24,1.5421064222313823
1952-09-25,1.543447083400042
1952-09-26,1.5438389559750785
1952-09-29,1.541018687223363
1952-09-30,1.5329447701762495
1952-10-01,1.528732277525708
1952-10-02,1.5302086706732527
1952-10-03,1.5272981271198984
1952-10-06,1.525317979169432
1952-10-07,1.5244141648665175
1952-10-08,1.5321688775985898
1952-10-09,1.5300915955045653
1952-10-10,1.5290461411653598
1952-10-14,1.5273109630713106
1952-10-15,1.4989791255591762
1952-10-16,1.4930611818707487
1952-10-17,1.5041998503444765
1952-10-20,1.5017986869182067
1952-10-21,1.499991006329693
1952-10-22,1.4850612059178374
1952-10-23,1.4898388252315964
1952-10-24,1.4991804334450751
1952-10-27,1.4982884761076343
1952-10-28,1.5003658247692326
1952-10-29,1.5020997552709812
1952-10-30,1.5014193146896528
1952-10-31,1.5153708156064793
1952-11-03,1.5214442179312682
1952-11-05,1.5275943935636829
1952-11-06,1.5371214684415282
1952-11-07,1.5470613834949127
1952-11-10,1.5491455113065724
1952-11-12,1.549506582007826
1952-11-13,1.550194111080182
1952-11-14,1.5551063886769263
1952-11-17,1.5576349665121112
1952-11-18,1.57789525918976
1952-11-19,1.5860620819053337
1952-11-20,1.5835219658508422
1952-11-21,1.5861081935159131
1952-11-24,1.5958801169486383
1952-11-25,1.5999798595793837
1952-11-26,1.609989241834115
1952-11-28,1.6165870186004403
1952-12-01,1.6276260756045557
1952-12-02,1.62825406706465
1952-12-03,1.6284066207365395
1952-12-04,1.6218483777611277
1952-12-05,1.6225680519245957
1952-12-08,1.6275418056960904
1952-12-09,1.6296221756243743
1952-12-10,1.6324512230298605
1952-12-11,1.6336333065196011
1952-12-12,1.6376940161136502
1952-12-15,1.639983552370146
1952-12-16,1.6365289494623196
1952-12-17,1.6384507424866885
1952-12-18,1.6395191094174801
1952-12-19,1.642731960185261
1952-12-22,1.653153729768745
1952-12-23,1.6476830858033356
1952-12-24,1.648363634944049
1952-12-26,1.6531811891807304
1952-12-29,1.6593783364642212
1952-12-30,1.6657249299743242
1952-12-31,1.674039562232011
1953-01-02,1.6765888842728296
1953-01-05,1.6855259773677236
1953-01-06,1.678783654194266
1953-01-07,1.6808373326128345
1953-01-08,1.6867631666098708
1953-01-09,1.6742870980099942
1953-01-12,1.6625615345297124
1953-01-13,1.6728363786810476
1953-01-14,1.675210794766896
1953-01-15,1.6754841079427005
1953-01-16,1.665366287425515
1953-01-19,1.6698863116388225
1953-01-20,1.6801008220193514
1953-01-21,1.6783231234909204
1953-01-22,1.6805341420073916
1953-01-23,1.6785318550781823
1953-01-26,1.6764161569182867
1953-01-27,1.6818613585340996
1953-01-28,1.684846933541477
1953-01-29,1.6879423015313348
1953-01-30,1.6965348826592725
1953-02-02,1.6913654073589233
1953-02-03,1.6912690331085658
1953-02-04,1.690008530901664
1953-02-05,1.6755629928356277
1953-02-06,1.6601482146754558
1953-02-09,1.6569091652310142
1953-02-10,1.6544122951231757
1953-02-11,1.652233387329659
1953-02-13,1.6554778356199278
1953-02-16,1.6570710285962151
1953-02-17,1.6518280071844802
1953-02-18,1.6544432762313477
1953-02-19,1.6630827873397809
1953-02-20,1.6643942717634188
1953-02-24,1.678185630968681
1953-02-25,1.6891199973366418
1953-02-26,1.69441617734289
1953-02-27,1.6979493018560594
1953-03-02,1.7025057060076816
1953-03-03,1.709533371315719
1953-03-04,1.6922059738324626
1953-03-05,1.6928136818911308
1953-03-06,1.6950202295883672
1953-03-09,1.7001099806685382
1953-03-10,1.7045750943386238
1953-03-11,1.7158545393458227
1953-03-12,1.7140158612724568
1953-03-13,1.7223847490531317
1953-03-16,1.7290458592364728
1953-03-17,1.7334945441271548
1953-03-18,1.7375586133714487
1953-03-19,1.744201381999423
1953-03-20,1.743373969229388
1953-03-23,1.73161602392762
1953-03-24,1.738836668133296
1953-03-25,1.7383687919786723
1953-03-26,1.7349645564255614
1953-03-27,1.7407791954511338
1953-03-30,1.7081536369149724
1953-03-31,1.6871339066334636
1953-04-01,1.6908657623565342
1953-04-02,1.6916261414352392
1953-04-06,1.6480409812560566
1953-04-07,1.6586608012988544
1953-04-08,1.6782277739342695
1953-04-09,1.6730312934013114
1953-04-10,1.669478954426466
1953-04-13,1.6687581364818678
1953-04-14,1.6768327329588886
1953-04-15,1.6862439850737745
1953-04-16,1.6792798636411719
1953-04-17,1.6598399150297203
1953-04-20,1.661116198934861
1953-04-21,1.6640544237601722
1953-04-22,1.655074233075242
1953-04-23,1.6342347752803756
1953-04-24,1.635320162419996
1953-04-27,1.6436518769884318
1953-04-28,1.6481549230782995
1953-04-29,1.6527161626281262
1953-04-30,1.6494600815845633
1953-05-01,1.657699305633117
1953-05-04,1.6759470353902932
1953-05-05,1.6795069639579885
1953-05-06,1.683446172506467
1953-05-07,1.67531164562531
1953-05-08,1.6754517611803983
1953-05-11,1.6802289012749574
1953-05-12,1.6705756668165002
1953-05-13,1.667280589438046
1953-05-14,1.6756865645319106
1953-05-15,1.6816665580666752
1953-05-18,1.6800732580226911
1953-05-19,1.6802542690258517
1953-05-20,1.698990484203327
1953-05-21,1.7030878723903262
1953-05-22,1.7024299677663914
1953-05-25,1.7002553596719145
1953-05-26,1.6987896137094145
1953-05-27,1.6851769640534708
1953-05-28,1.6727129160545504
1953-05-29,1.6766705903472514
1953-06-01,1.6477355290980087
1953-06-02,1.649823940561605
1953-06-03,1.6487785400741348
1953-06-04,1.6320106890533774
1953-06-05,1.6351340030417054
1953-06-08,1.6310105937076236
1953-06-09,1.5910041574304818
1953-06-10,1.5899988632329252
1953-06-11,1.604253571253406
1953-06-12,1.6070403386528649
1953-06-15,1.595231053202365
1953-06-16,1.5856619198464776
1953-06-17,1.6064301297801156
1953-06-18,1.609088997219664
1953-06-19,1.6107076222602315
1953-06-22,1.6170626950602505
1953-06-23,1.6260437231142502
1953-06-24,1.6255931339868386
1953-06-25,1.6351798733832472
1953-06-26,1.6364855581573023
1953-06-29,1.634436747788415
1953-06-30,1.6302032860113627
1953-07-01,1.6399512741398785
1953-07-02,1.6454025871286386
1953-07-03,1.646273705333683
1953-07-06,1.6506837129471243
1953-07-07,1.6560055166268002
1953-07-08,1.6506162779614022
1953-07-09,1.6456634804946169
1953-07-10,1.6430703350592262
1953-07-13,1.626180435091868
1953-07-14,1.6212688791127945
1953-07-15,1.6261951386362794
1953-07-16,1.6294303880030025
1953-07-17,1.6388027360811201
1953-07-20,1.6319915356928174
1953-07-21,1.6271783527683912
1953-07-22,1.6284383412251402
1953-07-23,1.637174877515298
1953-07-24,1.6361686578490922
1953-07-27,1.6281602765028382
1953-07-28,1.626778876787066
1953-07-29,1.6347361195337282
1953-07-30,1.6473713862545993
1953-07-31,1.6618328802661955
1953-08-03,1.6664391184278162
1953-08-04,1.6704455597799415
1953-08-05,1.6761498994609294
1953-08-06,1.6780065096357755
1953-08-07,1.6786914446249188
1953-08-10,1.6767894307813047
1953-08-11,1.676056333445383
1953-08-12,1.6829587721933452
1953-08-13,1.6843598493853171
1953-08-14,1.6805678187835127
1953-08-17,1.676644929825472
1953-08-18,1.671649075961432
1953-08-19,1.6564914166978637
1953-08-20,1.6596914595942656
1953-08-21,1.6619004222032336
1953-08-24,1.645158996065505
1953-08-25,1.6378084017693297
1953-08-26,1.6367994344154424
1953-08-27,1.6302506535682741
1953-08-28,1.6222872515689488
1953-08-31,1.5837301194778732
1953-09-01,1.5882027975895592
1953-09-02,1.6005896246199367
1953-09-03,1.5949204854919015
1953-09-04,1.6062605936372476
1953-09-08,1.6118892526520687
1953-09-09,1.6135419865037584
1953-09-10,1.6003987026704611
1953-09-11,1.5768135153251213
1953-09-14,1.545104764039647
1953-09-15,1.5446170779072035
1953-09-16,1.5674539102299685
1953-09-17,1.5656844379635486
1953-09-18,1.5504655837305472
1953-09-21,1.5501435625100028
1953-09-22,1.5683789444246252
1953-09-23,1.5814520692236347
1953-09-24,1.5848030737666468
1953-09-25,1.5959563328910404
1953-09-28,1.6072089025164675
1953-09-29,1.6087490107504765
1953-09-30,1.601499063846424
1953-10-01,1.6130386472851623
1953-10-02,1.6221339818446765
1953-10-05,1.614936957528519
1953-10-06,1.6031719210844868
1953-10-07,1.6147476878789453
1953-10-08,1.6201175420092535
1953-10-09,1.628063431670988
1953-10-13,1.6282845600020093
1953-10-14,1.6397602745601079
1953-10-15,1.6607801658254917
1953-10-16,1.6678555847675312
1953-10-19,1.6709626158578237
1953-10-20,1.673707146206234
1953-10-21,1.6737766948471455
1953-10-22,1.683980745350207
1953-10-23,1.6861837737003864
1953-10-26,1.6856729427732817
1953-10-27,1.6762279140651082
1953-10-28,1.6778852831835536
1953-10-29,1.6961236556662143
1953-10-30,1.6958436112402078
1953-11-02,1.6939064529290762
1953-11-04,1.6976367379707877
1953-11-05,1.7070118501390539
1953-11-06,1.7074528834660028
1953-11-09,1.7089649584856066
1953-11-10,1.7001352661091986
1953-11-12,1.7028539218886245
1953-11-13,1.7147267235795298
1953-11-16,1.704525380219721
1953-11-17,1.6935579763022577
1953-11-18,1.6993388446226976
1953-11-19,1.7149970080844712
1953-11-20,1.7165572744910778
1953-11-23,1.7107797145407557
1953-11-24,1.7178093870895874
1953-11-25,1.7292680162624845
1953-11-27,1.743861946181464
1953-11-30,1.7477444390160015
1953-12-01,1.7450306966748637
1953-12-02,1.7517301584343004
1953-12-03,1.7578038841033825
1953-12-04,1.7633049678138364
1953-12-07,1.7634728192889724
1953-12-08,1.7611908952311952
1953-12-09,1.7559056906645445
1953-12-10,1.759438162167056
1953-12-11,1.7618616643332143
1953-12-14,1.7599691225279532
1953-12-15,1.7622064522509044
1953-12-16,1.7736020070246454
1953-12-17,1.771046378444726
1953-12-18,1.780933502072775
1953-12-21,1.7851051944693295
1953-12-22,1.7709332404640603
1953-12-23,1.7709428923211057
1953-12-24,1.7836311201320236
1953-12-28,1.7756327736262156
1953-12-29,1.7637741605982509
1953-12-30,1.7785739453596534
1953-12-31,1.7815546383879082
1954-01-04,1.7954323703056714
1954-01-05,1.807190223565376
1954-01-06,1.8074468462032212
1954-01-07,1.8019510777735135
1954-01-08,1.7985800935717253
1954-01-11,1.7861487947347912
1954-01-12,1.7945546474013014
1954-01-13,1.8017551184202623
1954-01-14,1.8143911582106473
1954-01-15,1.8413053220737237
1954-01-18,1.8376071503292364
1954-01-19,1.8449951565170088
1954-01-20,1.8486839714441496
1954-01-21,1.8497968021911937
1954-01-22,1.855253751659485
1954-01-25,1.861492575090173
1954-01-26,1.8730155493294707
1954-01-27,1.8627904983814845
1954-01-28,1.8620259844689822
1954-01-29,1.868286059683632
1954-02-01,1.868613104298738
1954-02-02,1.8661271263940362
1954-02-03,1.8698326249036101
1954-02-04,1.880143384630046
1954-02-05,1.881374854351572
1954-02-08,1.8824927614580131
1954-02-09,1.8856574369545376
1954-02-10,1.8848583760954305
1954-02-11,1.8844542735889613
1954-02-12,1.892202779521251
1954-02-15,1.889320406315306
1954-02-16,1.8800642071881446
1954-02-17,1.8858786721606844
1954-02-18,1.8944524116392045
1954-02-19,1.894535656284816
1954-02-23,1.8907386929739536
1954-02-24,1.8802637620943454
1954-02-25,1.8892207137764172
1954-02-26,1.903911236334554
1954-03-01,1.9119326814154616
1954-03-02,1.9113412844924929
1954-03-03,1.9160977076935413
1954-03-04,1.9220933858615499
1954-03-05,1.9263364834726862
1954-03-08,1.9247614798126305
1954-03-09,1.9269877461680902
1954-03-10,1.931184495949643
1954-03-11,1.9402366916550058
1954-03-12,1.9403089398444733
1954-03-15,1.93945354860167
1954-03-16,1.9411790604531836
1954-03-17,1.9449116604801275
1954-03-18,1.9516827874717675
1954-03-19,1.959804513756519
1954-03-22,1.9625558702070216
1954-03-23,1.952800012430347
1954-03-24,1.9444025813742056
1954-03-25,1.9443457434729055
1954-03-26,1.9606437916511599
1954-03-29,1.9686347872554704
1954-03-30,1.977829914461894
1954-03-31,1.9928553472256971
1954-04-01,1.9969438683415577
1954-04-02,1.9981679862486064
1954-04-05,1.9975959733097504
1954-04-06,1.9788983930928707
1954-04-07,1.991208296467973
1954-04-08,2.0020909022296975
1954-04-09,2.003182182534359
1954-04-12,2.00171899680007
1954-04-13,2.00324012452288
1954-04-14,2.0191793005896868
1954-04-15,2.029177154921887
1954-04-19,2.0243060990913007
1954-04-20,2.0305891408462102
1954-04-21,2.033204616701482
1954-04-22,2.042589678884207
1954-04-23,2.0466084567805423
1954-04-26,2.0485661534079056
1954-04-27,2.0444574172943932
1954-04-28,2.0441162662595302
1954-04-29,2.0641166938444613
1954-04-30,2.061521499229481
1954-05-03,2.060464821599185
1954-05-04,2.060673470669002
1954-05-05,2.058569723789759
1954-05-06,2.07268725099588
1954-05-07,2.07398514866689
1954-05-10,2.0756696465535898
1954-05-11,2.0744695839149094
1954-05-12,2.088495190057046
1954-05-13,2.0843692498908624
1954-05-14,2.0910682251457673
1954-05-17,2.0994169085498693
1954-05-18,2.1081116679307277
1954-05-19,2.1082597857068786
1954-05-20,2.115834778709533
1954-05-21,2.1333012155849347
1954-05-24,2.13031911147634
1954-05-25,2.1234278234121597
1954-05-26,2.1269277204794252
1954-05-27,2.1253969055045108
1954-05-28,2.1332962363080727
1954-06-01,2.137442229689367
1954-06-02,2.137436823776122
1954-06-03,2.1370159481623605
1954-06-04,2.1321707937015173
1954-06-07,2.123202803393065
1954-06-08,2.082345295308461
1954-06-09,2.0733865850353896
1954-06-10,2.08935236633023
1954-06-11,2.1064358233488534
1954-06-14,2.1081956148744943
1954-06-15,2.1245565602019596
1954-06-16,2.143236885597182
1954-06-17,2.138944069797705
1954-06-18,2.1394926289700598
1954-06-21,2.1478729437328408
1954-06-22,2.1573973047832657
1954-06-23,2.1605612126275524
1954-06-24,2.1768453673959036
1954-06-25,2.1861042769346652
1954-06-28,2.2125290229427708
1954-06-29,2.2232079303664425
1954-06-30,2.20734506529271
1954-07-01,2.2048738027015187
1954-07-02,2.220424870779531
1954-07-06,2.243127150850026
1954-07-07,2.2368354275685207
1954-07-08,2.2308932364313856
1954-07-09,2.236180434649448
1954-07-12,2.239338841900229
1954-07-13,2.2353363858304265
1954-07-14,2.2386826734918883
1954-07-15,2.2509104052345617
1954-07-16,2.2515202615772716
1954-07-19,2.245733501839016
1954-07-20,2.2426817658682054
1954-07-21,2.246578589379643
1954-07-22,2.256846850875229
1954-07-23,2.25734122653651
1954-07-26,2.262716214076701
1954-07-27,2.268853792926161
1954-07-28,2.26848704343707
1954-07-29,2.2797902794317464
1954-07-30,2.2929598466400445
1954-08-02,2.3049001883569717
1954-08-03,2.3133323416248497
1954-08-04,2.322688866796661
1954-08-05,2.31701525840143
1954-08-06,2.2898003695908784
1954-08-09,2.2859890234822093
1954-08-10,2.3081753625182553
1954-08-11,2.325747329951166
1954-08-12,2.3234082949441537
1954-08-13,2.3242502779083316
1954-08-16,2.3296234178482242
1954-08-17,2.3161538936067556
1954-08-18,2.3195703220066703
1954-08-19,2.32397134515323
1954-08-20,2.329955587986631
1954-08-23,2.319575754204777
1954-08-24,2.307253783362821
1954-08-25,2.294824999950295
1954-08-26,2.2887613652935546
1954-08-27,2.296176168076728
1954-08-30,2.271453179994606
1954-08-31,2.2408371553013153
1954-09-01,2.2667032249882224
1954-09-02,2.2766102678672673
1954-09-03,2.2898020445662635
1954-09-07,2.3128559431808333
1954-09-08,2.3219978718647547
1954-09-09,2.3251777920628696
1954-09-10,2.3280202200307416
1954-09-13,2.3380481865744938
1954-09-14,2.3437977942611643
1954-09-15,2.3361033058628617
1954-09-16,2.3400807450142556
1954-09-17,2.3490061527221258
1954-09-20,2.3415225538765783
1954-09-21,2.3513699992699726
1954-09-22,2.3610327706926735
1954-09-23,2.3564839397527426
1954-09-24,2.359936864762129
1954-09-27,2.3611720748417824
1954-09-28,2.357340099993255
1954-09-29,2.3532999082216772
1954-09-30,2.347516309499174
1954-10-01,2.3487570260575104
1954-10-04,2.3578691340629634
1954-10-05,2.3687143848173537
1954-10-06,2.3752802411538507
1954-10-07,2.3722661250863246
1954-10-08,2.37004337755824
1954-10-11,2.3591882966383397
1954-10-12,2.347289279130137
1954-10-13,2.3429848671947053
1954-10-14,2.3196458444649064
1954-10-15,2.3183072902065316
1954-10-18,2.325841015818118
1954-10-19,2.3386297231638635
1954-10-20,2.3539070104849857
1954-10-21,2.363637096533556
1954-10-22,2.367475332311866
1954-10-25,2.3580064608835967
1954-10-26,2.3516288722857053
1954-10-27,2.347905333373441
1954-10-28,2.3453446920212584
1954-10-29,2.3277531619585954
1954-11-01,2.3439543218942904
1954-11-03,2.394932446262984
1954-11-04,2.4272885659170655
1954-11-05,2.4300750298417615
1954-11-08,2.4633546639737527
1954-11-09,2.470143058233307
1954-11-10,2.4814303055319344
1954-11-11,2.4911671964665616
1954-11-12,2.503987013513973
1954-11-15,2.5021292916262614
1954-11-16,2.5392470411215564
1954-11-17,2.5488073915015197
1954-11-18,2.5318970211338514
1954-11-19,2.539186357035588
1954-11-22,2.5607591566471335
1954-11-23,2.5886899671359926
1954-11-24,2.597986420902359
1954-11-26,2.6030624687657333
1954-11-29,2.6027896405724813
1954-11-30,2.595347199650438
1954-12-01,2.584623435728662
1954-12-02,2.60414147257202
1954-12-03,2.621600437370799
1954-12-06,2.631441663159648
1954-12-07,2.6314620043309747
1954-12-08,2.6292521869316334
1954-12-09,2.616841318345524
1954-12-10,2.611580692746368
1954-12-13,2.6058165762442447
1954-12-14,2.5884517707758823
1954-12-15,2.5966502715840365
1954-12-16,2.6343257360321095
1954-12-17,2.660616149286984
1954-12-20,2.689313521073693
1954-12-21,2.6947541788755975
1954-12-22,2.696213491340475
1954-12-23,2.7062075784471396
1954-12-27,2.682268481935127
1954-12-28,2.7100936659292247
1954-12-29,2.734693533943816
1954-12-30,2.7439772742458772
1954-12-31,2.7620726327621634
1955-01-03,2.774607943132956
1955-01-04,2.775167825357618
1955-01-05,2.70724021208283
1955-01-06,2.6617127241809486
1955-01-07,2.704813117044687
1955-01-10,2.7562783313615804
1955-01-11,2.7575012791063345
1955-01-12,2.750539866123277
1955-01-13,2.7256927412336003
1955-01-14,2.7132639915871635
1955-01-17,2.659995664641023
1955-01-18,2.6810654139338332
1955-01-19,2.695274074505704
1955-01-20,2.7026163170058846
1955-01-21,2.7237830719447507
1955-01-24,2.72482096962585
1955-01-25,2.723251721984844
1955-01-26,2.7466266242550996
1955-01-27,2.7548515658069412
1955-01-28,2.7724536774919613
1955-01-31,2.7936320294450505
1955-02-01,2.8040370109094654
1955-02-02,2.802479549760808
1955-02-03,2.8023945905838428
1955-02-04,2.8221363934683747
1955-02-07,2.828707739892746
1955-02-08,2.798436217502511
1955-02-09,2.834581767784063
1955-02-10,2.8595161864629786
1955-02-11,2.8748789914508674
1955-02-14,2.8749399300167746
1955-02-15,2.9004019692682834
1955-02-16,2.8977498091652816
1955-02-17,2.9021712803621122
1955-02-18,2.9112076531580655
1955-02-21,2.9165356660020496
1955-02-23,2.918946164483297
1955-02-24,2.8999086975727204
1955-02-25,2.8921051277977408
1955-02-28,2.9055792487880723
1955-03-01,2.915657372603355
1955-03-02,2.938531999325686
1955-03-03,2.949961094748053
1955-03-04,2.960676026385167
1955-03-07,2.953374859434248
1955-03-08,2.8952242080532815
1955-03-09,2.8524093505932457
1955-03-10,2.887690486806567
1955-03-11,2.8423685012988886
1955-03-14,2.771763691143848
1955-03-15,2.8242501945085325
1955-03-16,2.8619726268289964
1955-03-17,2.8713476276548957
1955-03-18,2.873371454370543
1955-03-21,2.8492052330571536
1955-03-22,2.859308791045051
1955-03-23,2.905491945301195
1955-03-24,2.9360137946726566
1955-03-25,2.940014015215385
1955-03-28,2.9305610845401877
1955-03-29,2.935541997275359
1955-03-30,2.9068218818063953
1955-03-31,2.9168106164440872
1955-04-01,2.9311867176302977
1955-04-04,2.9265662483994657
1955-04-05,2.932734683113705
1955-04-06,2.9368240283999554
1955-04-07,2.9404988523417934
1955-04-11,2.9380910175917148
1955-04-12,2.9503288293640613
1955-04-13,2.95574365686581
1955-04-14,2.9536184725897026
1955-04-15,2.9760416585413427
1955-04-18,3.012370362660193
1955-04-19,3.008470578537838
1955-04-20,3.0045755173912845
1955-04-21,2.9931930778254556
1955-04-22,2.9714958698724616
1955-04-25,2.983220670620448
1955-04-26,2.9974661289186466
1955-04-27,2.9741164046722903
1955-04-28,2.946024174209084
1955-04-29,2.970417754141218
1955-05-02,2.9604624059156404
1955-05-03,2.9161669977832574
1955-05-04,2.927513585584216
1955-05-05,2.9407024249889604
1955-05-06,2.9537009084663177
1955-05-09,2.9561140900622567
1955-05-10,2.941903399612525
1955-05-11,2.9135859115038327
1955-05-12,2.894994622681807
1955-05-13,2.9134488402270504
1955-05-16,2.876763077876305
1955-05-17,2.872838745067757
1955-05-18,2.9157258056293918
1955-05-19,2.943969791731441
1955-05-20,2.9656291681066564
1955-05-23,2.9500115983234987
1955-05-24,2.9505343298041637
1955-05-25,2.9779687128432344
1955-05-26,3.0070030874307894
1955-05-27,3.0192924735711912
1955-05-31,3.0117267983591267
1955-06-01,3.0074834954630765
1955-06-02,3.0138919909722346
1955-06-03,3.036497013297821
1955-06-06,3.0526187696833373
1955-06-07,3.0716115341968138
1955-06-08,3.086952490670543
1955-06-09,3.0719467331957353
1955-06-10,3.0930628815837666
1955-06-13,3.1112384344396515
1955-06-14,3.113549009534097
1955-06-15,3.1378063868482
1955-06-16,3.1507515173800416
1955-06-17,3.158216422657691
1955-06-20,3.1707749313286744
1955-06-21,3.1751832733190506
1955-06-22,3.1841810756150504
1955-06-23,3.1815861686780496
1955-06-24,3.1804216446848255
1955-06-27,3.1741549488262883
1955-06-28,3.1546321814823597
1955-06-29,3.1617653558022143
1955-06-30,3.1745946882412044
1955-07-01,3.1836016872000354
1955-07-05,3.1974085906571648
1955-07-06,3.2013592108152578
1955-07-07,3.1500412075612942
1955-07-08,3.14600430863825
1955-07-11,3.1560584869236945
1955-07-12,3.148333512261458
1955-07-13,3.1211944726728746
1955-07-14,3.1268170051360036
1955-07-15,3.144558627899525
1955-07-18,3.1353635517057743
1955-07-19,3.1254257691027436
1955-07-20,3.1388221476878413
1955-07-21,3.1640641537138827
1955-07-22,3.1889491049246126
1955-07-25,3.202834773525369
1955-07-26,3.192398953404892
1955-07-27,3.1915838313666614
1955-07-28,3.1787200875244417
1955-07-29,3.1767762093426426
1955-08-01,3.1384041584641045
1955-08-02,3.147348568279862
1955-08-03,3.1565836492785566
1955-08-04,3.116997926182292
1955-08-05,3.135867924251308
1955-08-08,3.120821012582906
1955-08-09,3.080340961266271
1955-08-10,3.090403207962857
1955-08-11,3.1133459288944443
1955-08-12,3.130010073637433
1955-08-15,3.1267435386331326
1955-08-16,3.112403327047623
1955-08-17,3.114499919063408
1955-08-18,3.11789574387052
1955-08-19,3.1202841527635536
1955-08-22,3.118040321129047
1955-08-23,3.147492303942804
1955-08-24,3.1591056258705543
1955-08-25,3.1721943377700628
1955-08-26,3.188498298237944
1955-08-29,3.197243727885797
1955-08-30,3.1947103546810474
1955-08-31,3.2103375198706576
1955-09-01,3.218442662333799
1955-09-02,3.2330564685882535
1955-09-06,3.253573794276134
1955-09-07,3.248105250431497
1955-09-08,3.2599291993520025
1955-09-09,3.2677242366204617
1955-09-12,3.2825440918571354
1955-09-13,3.295779707328134
1955-09-14,3.299741591451905
1955-09-15,3.3109980796615224
1955-09-16,3.326101396113513
1955-09-19,3.3205522433341996
1955-09-20,3.322999510730897
1955-09-21,3.3355181341029794
1955-09-22,3.33810245702826
1955-09-23,3.35072475541224
1955-09-26,3.105981235948361
1955-09-27,3.170692893015265
1955-09-28,3.217191718148907
1955-09-29,3.1980532699032103
1955-09-30,3.1830356922461878
1955-10-03,3.111000360768514
1955-10-04,3.1249049790547074
1955-10-05,3.1371686020554486
1955-10-06,3.1188025711352925
1955-10-07,3.0940464258764098
1955-10-10,3.0162766252744397
1955-10-11,2.9944949098441787
1955-10-12,3.0398788095519897
1955-10-13,3.028797897830425
1955-10-14,3.021961517654247
1955-10-17,3.030776809680555
1955-10-18,3.0459803139368966
1955-10-19,3.0709826899598656
1955-10-20,3.100833775096053
1955-10-21,3.1073876195147605
1955-10-24,3.1275123062096073
1955-10-25,3.1146288186318536
1955-10-26,3.0942419192224713
1955-10-27,3.090090052541263
1955-10-28,3.1054179283332974
1955-10-31,3.0963544415074
1955-11-01,3.0952723494112995
1955-11-02,3.10624545194699
1955-11-03,3.1399208376409846
1955-11-04,3.1832649101985937
1955-11-07,3.2147880568891845
1955-11-09,3.244903156239869
1955-11-10,3.242064763120164
1955-11-11,3.2633138591370616
1955-11-14,3.3032652136836975
1955-11-15,3.2936400927250795
1955-11-16,3.2919077406464345
1955-11-17,3.283741616972555
1955-11-18,3.275067708545732
1955-11-21,3.2706937980356052
1955-11-22,3.2854672818642325
1955-11-23,3.304220167564209
1955-11-25,3.3238082174850794
1955-11-28,3.3129659996526293
1955-11-29,3.323546134241808
1955-11-30,3.328512528122203
1955-12-01,3.323119923208918
1955-12-02,3.3335385624064244
1955-12-05,3.355919130114397
1955-12-06,3.3617756959774256
1955-12-07,3.366750459463729
1955-12-08,3.3790190683544887
1955-12-09,3.379102024423363
1955-12-12,3.3576326032829544
1955-12-13,3.3619794823067894
1955-12-14,3.348267088105148
1955-12-15,3.3494587308124864
1955-12-16,3.3616856092874157
1955-12-19,3.363661516206508
1955-12-20,3.360575266434084
1955-12-21,3.3933034718217923
1955-12-22,3.403398610943709
1955-12-23,3.4051019706140155
1955-12-27,3.39841088047185
1955-12-28,3.3826092896171622
1955-12-29,3.3836717550702136
1955-12-30,3.413967157289267
1956-01-03,3.3890306807265946
1956-01-04,3.3689785248222615
1956-01-05,3.3816942882507046
1956-01-06,3.3938119443114534
1956-01-09,3.3440599738036676
1956-01-10,3.3216654277041764
1956-01-11,3.3477502139738338
1956-01-12,3.36480076804011
1956-01-13,3.3624760038207766
1956-01-16,3.3286416296541086
1956-01-17,3.339154018291193
1956-01-18,3.3141159228826025
1956-01-19,3.27594776013598
1956-01-20,3.2574353618121634
1956-01-23,3.2430400441153737
1956-01-24,3.2848017280694877
1956-01-25,3.295615929682374
1956-01-26,3.280226787348794
1956-01-27,3.269220999345984
1956-01-30,3.2748236334621885
1956-01-31,3.3036497871029358
1956-02-01,3.3208144411381593
1956-02-02,3.3317970479510812
1956-02-03,3.346825639416739
1956-02-06,3.3463939328621786
1956-02-07,3.3362510122012354
1956-02-08,3.3067885631810032
1956-02-09,3.2706851336042324
1956-02-10,3.2739036763621003
1956-02-13,3.268017688701367
1956-02-14,3.258274922503722
1956-02-15,3.3060884708648444
1956-02-16,3.3024925702535155
1956-02-17,3.3437974159835484
1956-02-20,3.358565944413066
1956-02-21,3.3699124758381758
1956-02-23,3.409519444333923
1956-02-24,3.4367154661290247
1956-02-27,3.444527435439925
1956-02-28,3.4650727751377812
1956-02-29,3.4631261136982796
1956-03-01,3.485198564570819
1956-03-02,3.5091306552547037
1956-03-05,3.5341282518197787
1956-03-06,3.529565329307355
1956-03-07,3.53431599671024
1956-03-08,3.5485879367618813
1956-03-09,3.5919196445597588
1956-03-12,3.6157736499410076
1956-03-13,3.606852009585369
1956-03-14,3.625522495112445
1956-03-15,3.6432474181734453
1956-03-16,3.653441608909177
1956-03-19,3.6800416068442705
1956-03-20,3.7123697122899433
1956-03-21,3.6748054392425202
1956-03-22,3.6961392349187094
1956-03-23,3.7182721262060907
1956-03-26,3.726536738309899
1956-03-27,3.7083147558007856
1956-03-28,3.7317049476626614
1956-03-29,3.736898370095913
1956-04-02,3.7615875220941746
1956-04-03,3.7533227316017603
1956-04-04,3.7508034738726357
1956-04-05,3.739274010898404
1956-04-06,3.755431513190009
1956-04-09,3.7290803675160866
1956-04-10,3.6859655593329888
1956-04-11,3.7049858308859047
1956-04-12,3.6917483408220533
1956-04-13,3.6926039284777947
1956-04-16,3.6892886013567745
1956-04-17,3.6934952772752676
1956-04-18,3.6997517818449532
1956-04-19,3.691740476900486
1956-04-20,3.7071507521966685
1956-04-23,3.707052068474107
1956-04-24,3.6724850851489865
1956-04-25,3.6664787342442757
1956-04-26,3.6996915207003225
1956-04-27,3.7318137273234915
1956-04-30,3.742290030276764
1956-05-01,3.7416057379024075
1956-05-02,3.745438488885029
1956-05-03,3.760669588155868
1956-05-04,3.788845741917547
1956-05-07,3.774444799806042
1956-05-08,3.7719239844339896
1956-05-09,3.782543012360624
1956-05-10,3.7335617286467477
1956-05-11,3.7439747122918687
1956-05-14,3.691978850727318
1956-05-15,3.664959383946614
1956-05-16,3.6651166809122717
1956-05-17,3.6934756452532764
1956-05-18,3.686212117468655
1956-05-21,3.640636028032094
1956-05-22,3.5930739585522438
1956-05-23,3.584784862004385
1956-05-24,3.5250578998666624
1956-05-25,3.5290905195402713
1956-05-28,3.4797485697460226
1956-05-29,3.573078534943209
1956-05-31,3.580018246272837
1956-06-01,3.596547372042348
1956-06-04,3.605087056661928
1956-06-05,3.615095647981554
1956-06-06,3.6011042957265547
1956-06-07,3.6213724932649995
1956-06-08,3.5447365236146497
1956-06-11,3.5895450283215538
1956-06-12,3.6276419980717294
1956-06-13,3.6467949426729187
1956-06-14,3.643765579287906
1956-06-15,3.6483407815161852
1956-06-18,3.637477560354374
1956-06-19,3.6469157356778736
1956-06-20,3.658094612703987
1956-06-21,3.6805074287631014
1956-06-22,3.6778661802459474
1956-06-25,3.667564756821439
1956-06-26,3.692407886006849
1956-06-27,3.729969397162197
1956-06-28,3.7389342708279965
1956-06-29,3.7448645765338644
1956-07-02,3.7423027597921714
1956-07-03,3.7640463935079596
1956-07-05,3.799474404890542
1956-07-06,3.812432970431071
1956-07-09,3.8247204654153046
1956-07-10,3.840964836924263
1956-07-11,3.8490448340103223
1956-07-12,3.846273078238844
1956-07-13,3.8653412945914614
1956-07-16,3.9009413605314567
1956-07-17,3.906385613036629
1956-07-18,3.8980433277255804
1956-07-19,3.9036779272166715
1956-07-20,3.904799151018961
1956-07-23,3.904632712187271
1956-07-24,3.9006549290390544
1956-07-25,3.905789649497342
1956-07-26,3.924878689438006
1956-07-27,3.9001405892676178
1956-07-30,3.903567423578001
1956-07-31,3.9304617951366807
1956-08-01,3.9202479607084264
1956-08-02,3.940653955729208
1956-08-03,3.926706016570132
1956-08-06,3.874111229384776
1956-08-07,3.9061970128793533
1956-08-08,3.9264594412382756
1956-08-09,3.9294396272879557
1956-08-10,3.9098103104501853
1956-08-13,3.884815862461274
1956-08-14,3.8964156669042347
1956-08-15,3.904453355353453
1956-08-16,3.9069172018334366
1956-08-17,3.9102716926056735
1956-08-20,3.879207209225015
1956-08-21,3.8195395169261963
1956-08-22,3.8164232765928916
1956-08-23,3.8502179322465064
1956-08-24,3.857220176569695
1956-08-27,3.832942163811867
1956-08-28,3.8157335347214554
1956-08-29,3.800155894601118
1956-08-30,3.7610144770854443
1956-08-31,3.81188591398346
1956-09-04,3.833947329938372
1956-09-05,3.8530339734817045
1956-09-06,3.853491206401384
1956-09-07,3.83676646184357
1956-09-10,3.8206627223228886
1956-09-11,3.799332664014392
1956-09-12,3.7844948919381434
1956-09-13,3.7800028981912352
1956-09-14,3.7828570918778452
1956-09-17,3.7772914151068626
1956-09-18,3.740487569338978
1956-09-19,3.7083687676796595
1956-09-20,3.6853264483662005
1956-09-21,3.7218224370151094
1956-09-24,3.6889323675969083
1956-09-25,3.642313918701864
1956-09-26,3.629543813129008
1956-09-27,3.6188684399371915
1956-09-28,3.598474833077305
1956-10-01,3.516512805625138
1956-10-02,3.6008410277049285
1956-10-03,3.6430553733243864
1956-10-04,3.639056604853002
1956-10-05,3.6475792004460774
1956-10-08,3.653829187019917
1956-10-09,3.6426166723115614
1956-10-10,3.667255094638621
1956-10-11,3.686845023050022
1956-10-12,3.7006068245211603
1956-10-15,3.7122318258970965
1956-10-16,3.7103347989283675
1956-10-17,3.6864504423584874
1956-10-18,3.700270178119683
1956-10-19,3.714173770363119
1956-10-22,3.7102258316289274
1956-10-23,3.707577768081999
1956-10-24,3.6974733859269118
1956-10-25,3.6789411239620327
1956-10-26,3.70722760644207
1956-10-29,3.7199619661563883
1956-10-30,3.7145816545351633
1956-10-31,3.657981026491765
1956-11-01,3.7237438027065464
1956-11-02,3.7539223446804177
1956-11-05,3.816672937741121
1956-11-07,3.793358098563036
1956-11-08,3.769498267254235
1956-11-09,3.7575089096283185
1956-11-12,3.79195967154378
1956-11-13,3.811545353516809
1956-11-14,3.7851943385676328
1956-11-15,3.764868115581832
1956-11-16,3.774715717949239
1956-11-19,3.7560235512291955
1956-11-20,3.7340306662465936
1956-11-21,3.7317754678176214
1956-11-23,3.7693640834803235
1956-11-26,3.7699320404878254
1956-11-27,3.76407642045014
1956-11-28,3.7306870302086055
1956-11-29,3.716128002719557
1956-11-30,3.763974648766543
1956-12-03,3.823832876737585
1956-12-04,3.8231927354133903
1956-12-05,3.8554014894670607
1956-12-06,3.873301245642504
1956-12-07,3.871954180585376
1956-12-10,3.8838867515854236
1956-12-11,3.8818825044140777
1956-12-12,3.855374343666642
1956-12-13,3.872875887240646
1956-12-14,3.8741679788720544
1956-12-17,3.8752058348076983
1956-12-18,3.8761395713312896
1956-12-19,3.865603118056413
1956-12-20,3.8434765385573435
1956-12-21,3.8582710725278364
1956-12-26,3.849273674887328
1956-12-27,3.853017197267936
1956-12-28,3.8624122292957064
1956-12-31,3.8749945712310225
1957-01-02,3.8554076350150583
1957-01-03,3.8694808766369637
1957-01-04,3.87888081213744
1957-01-07,3.868539863251724
1957-01-08,3.875239885442157
1957-01-09,3.869905155691381
1957-01-10,3.896305752560272
1957-01-11,3.9024178942056844
1957-01-14,3.873240818433626
1957-01-15,3.8409157500540956
1957-01-16,3.842506711719241
1957-01-17,3.8247860348893146
1957-01-18,3.7677632133552446
1957-01-21,3.7480610448073444
1957-01-22,3.77468948596068
1957-01-23,3.7976298927831063
1957-01-24,3.8108605520343355
1957-01-25,3.79670921289513
1957-01-28,3.772962200436441
1957-01-29,3.783735118068628
1957-01-30,3.7955736877420527
1957-01-31,3.7986329114740913
1957-02-01,3.7768897286223706
1957-02-04,3.7721894331376666
1957-02-05,3.7053656235709735
1957-02-06,3.7179986703281793
1957-02-07,3.7063990912743425
1957-02-08,3.6851703511061165
1957-02-11,3.612876479046956
1957-02-12,3.586518238823137
1957-02-13,3.6567802744287454
1957-02-14,3.6648508531900865
1957-02-15,3.7047207252856733
1957-02-18,3.704899860051279
1957-02-19,3.7156155606086076
1957-02-20,3.7274131195361466
1957-02-21,3.729680942772046
1957-02-25,3.742013008819137
1957-02-26,3.741077028548672
1957-02-27,3.7253432843973546
1957-02-28,3.71862879172902
1957-03-01,3.7487672246342885
1957-03-04,3.7763166152604555
1957-03-05,3.798506188439468
1957-03-06,3.7993149338927683
1957-03-07,3.7844701963096723
1957-03-08,3.7646818465518628
1957-03-11,3.742793451481999
1957-03-12,3.739107100117655
1957-03-13,3.7689200869095765
1957-03-14,3.7830751216783343
1957-03-15,3.7827252165642924
1957-03-18,3.774990526353758
1957-03-19,3.795792278114262
1957-03-20,3.8102327102868596
1957-03-21,3.8103000099059656
1957-03-22,3.810253631893141
1957-03-25,3.7879300098665865
1957-03-26,3.805296648228246
1957-03-27,3.8196357064330817
1957-03-28,3.835169300476971
1957-03-29,3.82906187572829
1957-04-01,3.820516278704041
1957-04-02,3.842406817986769
1957-04-03,3.865566570975876
1957-04-04,3.867712538714271
1957-04-05,3.8750201438442557
1957-04-08,3.896747819543524
1957-04-09,3.915200450552683
1957-04-10,3.9206703235588263
1957-04-11,3.9388065796409175
1957-04-12,3.9525219603684896
1957-04-15,3.9503021089851598
1957-04-16,3.9624445378172806
1957-04-17,3.9831648517998923
1957-04-18,4.0043289583943364
1957-04-22,4.02757888076249
1957-04-23,4.040008229270673
1957-04-24,4.030671711457675
1957-04-25,4.012973687168408
1957-04-26,4.000299856278963
1957-04-29,4.012021229782857
1957-04-30,4.013925969909998
1957-05-01,4.034164071543686
1957-05-02,4.052648485048358
1957-05-03,4.060023332132047
1957-05-06,4.077925130710579
1957-05-07,4.080668814856877
1957-05-08,4.0934040229210416
1957-05-09,4.102167368109251
1957-05-10,4.115685861989512
1957-05-13,4.150217189164383
1957-05-14,4.144783784630456
1957-05-15,4.151048290150533
1957-05-16,4.154905736643402
1957-05-17,4.157404050314132
1957-05-20,4.176492735246347
1957-05-21,4.1762396576265415
1957-05-22,4.161792361316073
1957-05-23,4.147118178289015
1957-05-24,4.147172128941222
1957-05-27,4.122142455540271
1957-05-28,4.113817872326407
1957-05-29,4.1324425052172
1957-05-31,4.145980137092501
1957-06-03,4.136645318041423
1957-06-04,4.150996401902246
1957-06-05,4.145898659000369
1957-06-06,4.1649156135585095
1957-06-07,4.178741007319736
1957-06-10,4.15094542186351
1957-06-11,4.2040468754288485
1957-06-12,4.2002602849751876
1957-06-13,4.206740773379437
1957-06-14,4.217450747347805
1957-06-17,4.218871736374688
1957-06-18,4.234516628014313
1957-06-19,4.202468855672798
1957-06-20,4.186775687564813
1957-06-21,4.172475003712878
1957-06-24,4.16368085771102
1957-06-25,4.196381820838917
1957-06-26,4.18934713861309
1957-06-27,4.2104966535905675
1957-06-28,4.223767614469791
1957-07-01,4.231065729681785
1957-07-02,4.270900887890816
1957-07-03,4.318582788437067
1957-07-05,4.344531124409041
1957-07-08,4.3982383786349075
1957-07-09,4.3772967799218865
1957-07-10,4.397308661770761
1957-07-11,4.367446943716718
1957-07-12,4.3703841289591026
1957-07-15,4.378787567571775
1957-07-16,4.357989942868454
1957-07-17,4.321711467386255
1957-07-18,4.332509184297517
1957-07-19,4.34130603271507
1957-07-22,4.330449016525182
1957-07-23,4.318498261545643
1957-07-24,4.316939807358328
1957-07-25,4.318909478218066
1957-07-26,4.298544887091876
1957-07-29,4.246740671021432
1957-07-30,4.2615687059606895
1957-07-31,4.267430118738096
1957-08-01,4.2502042098731385
1957-08-02,4.24499316544926
1957-08-05,4.210113766449657
1957-08-06,4.177172180429571
1957-08-07,4.208786514163244
1957-08-08,4.200889305324458
1957-08-09,4.183631742903865
1957-08-12,4.1567951793574185
1957-08-13,4.1475018611484655
1957-08-14,4.0888284882997485
1957-08-15,4.086177326230911
1957-08-16,4.093819789978179
1957-08-19,4.027031217030031
1957-08-20,4.044073484444127
1957-08-21,4.066260456107831
1957-08-22,4.035524098943087
1957-08-23,3.985266266053913
1957-08-26,3.914751020130466
1957-08-27,3.9788938085268795
1957-08-28,3.9858677306875885
1957-08-29,3.9660491797272273
1957-08-30,4.033003695955079
1957-09-03,4.050393223281032
1957-09-04,4.04204563531834
1957-09-05,4.016774967922077
1957-09-06,4.020361643658112
1957-09-09,3.9969152200102243
1957-09-10,3.9604856086960476
1957-09-11,3.9944759096501428
1957-09-12,4.03658285202768
1957-09-13,4.018203856982457
1957-09-16,4.02396781239018
1957-09-17,4.033819175969794
1957-09-18,4.049184897543162
1957-09-19,4.029026962994735
1957-09-20,3.963223164484224
1957-09-23,3.870953063846982
1957-09-24,3.8838743183967046
1957-09-25,3.822597137931977
1957-09-26,3.824854242132333
1957-09-27,3.8354510628171594
1957-09-30,3.833079405314905
1957-10-01,3.849949428024774
1957-10-02,3.878551045883522
1957-10-03,3.8901250113856802
1957-10-04,3.862283318066915
1957-10-07,3.7895037187976737
1957-10-08,3.763683518613134
1957-10-09,3.7779355327596944
1957-10-10,3.6819346843572025
1957-10-11,3.6518744569254515
1957-10-14,3.690050624797379
1957-10-15,3.726864834946812
1957-10-16,3.707203159675266
1957-10-17,3.6447411272791355
1957-10-18,3.623107471064914
1957-10-21,3.4975070080557824
1957-10-22,3.46923693887233
1957-10-23,3.6001482743810693
1957-10-24,3.6157439270945497
1957-10-25,3.596621166206224
1957-10-28,3.5844148405587353
1957-10-29,3.619750582494846
1957-10-30,3.6555545045965347
1957-10-31,3.6714652692422023
1957-11-01,3.6321721221743872
1957-11-04,3.631411725679729
1957-11-06,3.6423989637065817
1957-11-07,3.665488563999533
1957-11-08,3.6572604059614373
1957-11-11,3.6560943022066206
1957-11-12,3.6271720267769285
1957-11-13,3.619270966139564
1957-11-14,3.6052868508290152
1957-11-15,3.6959067119936635
1957-11-18,3.6699839567696393
1957-11-19,3.6537368549242806
1957-11-20,3.6768036758083036
1957-11-21,3.7300130489274865
1957-11-22,3.7672087077341296
1957-11-25,3.7931725586256055
1957-11-26,3.711847027822701
1957-11-27,3.8112080168637865
1957-11-29,3.8631444201188407
1957-12-02,3.859558721530274
1957-12-03,3.873908266956434
1957-12-04,3.88749144799575
1957-12-05,3.906558773073143
1957-12-06,3.8732843103985517
1957-12-09,3.8500795423744405
1957-12-10,3.829161167476683
1957-12-11,3.8199838667705737
1957-12-12,3.826391691649794
1957-12-13,3.8502446722769803
1957-12-16,3.797152814852101
1957-12-17,3.7475300204974666
1957-12-18,3.7404461190278178
1957-12-19,3.7631561939498823
1957-12-20,3.7325028804296396
1957-12-23,3.731781785994463
1957-12-24,3.7361797497865967
1957-12-26,3.772824260802152
1957-12-27,3.785589140605589
1957-12-30,3.773101529343088
1957-12-31,3.821351594821918
1958-01-02,3.8308241050588294
1958-01-03,3.864268818478291
1958-01-06,3.862870920443202
1958-01-07,3.8792959394484745
1958-01-08,3.888345425741323
1958-01-09,3.869337552627954
1958-01-10,3.836046489333461
1958-01-13,3.8346840500085158
1958-01-14,3.85373316512748
1958-01-15,3.873182015541193
1958-01-16,3.8878538830807097
1958-01-17,3.8940017563840157
1958-01-20,3.9160218106628824
1958-01-21,3.9277022294313664
1958-01-22,3.924143892140582
1958-01-23,3.9433482444009114
1958-01-24,3.983514331401696
1958-01-27,3.9855613046616547
1958-01-28,3.9926225358552214
1958-01-29,4.020254207470266
1958-01-30,4.028554411755983
1958-01-31,4.0313540012908105
1958-02-03,4.0687124070849325
1958-02-04,4.102339544980155
1958-02-05,4.096298324881366
1958-02-06,4.100645785690987
1958-02-07,4.063883614642114
1958-02-10,4.0461197951213554
1958-02-11,4.0165755868736985
1958-02-12,4.0083156495750085
1958-02-13,4.005994645555455
1958-02-14,4.03493102026791
1958-02-17,4.025279514105339
1958-02-18,4.028521745830447
1958-02-19,4.0376034148247415
1958-02-20,4.02345212027334
1958-02-21,4.021671989695253
1958-02-24,3.995846397153622
1958-02-25,3.9955205169129866
1958-02-26,4.024811070704537
1958-02-27,4.002830761852074
1958-02-28,4.022965769970614
1958-03-03,4.046500252623069
1958-03-04,4.057827059363186
1958-03-05,4.071752607395084
1958-03-06,4.098652640184456
1958-03-07,4.099935724722479
1958-03-10,4.108640248424062
1958-03-11,4.141905571407064
1958-03-12,4.156731978000146
1958-03-13,4.175549243884022
1958-03-14,4.1731720290006065
1958-03-17,4.161777428841569
1958-03-18,4.158737266663731
1958-03-19,4.190985633935408
1958-03-20,4.192505122382826
1958-03-21,4.216680169477069
1958-03-24,4.221819922958424
1958-03-25,4.214585372004885
1958-03-26,4.200834811380555
1958-03-27,4.209769868573323
1958-03-28,4.2166404189871685
1958-03-31,4.218220113578507
1958-04-01,4.196068310602349
1958-04-02,4.170874116658403
1958-04-03,4.154213488774501
1958-04-07,4.138960898285552
1958-04-08,4.1666917403668196
1958-04-09,4.167640399537874
1958-04-10,4.1730319549863015
1958-04-11,4.190848931096108
1958-04-14,4.214453339097434
1958-04-15,4.237001784647538
1958-04-16,4.227914288867875
1958-04-17,4.224961300353241
1958-04-18,4.251436008372785
1958-04-21,4.262713329491005
1958-04-22,4.257615546981767
1958-04-23,4.26727429466579
1958-04-24,4.286303351053098
1958-04-25,4.309008802598285
1958-04-28,4.302893985773912
1958-04-29,4.286848092074722
1958-04-30,4.315006555951753
1958-05-01,4.320045987776615
1958-05-02,4.3311127756768055
1958-05-05,4.33562868025172
1958-05-06,4.356096255078295
1958-05-07,4.359254076585117
1958-05-08,4.37093068387501
1958-05-09,4.374145707825247
1958-05-12,4.358699252583279
1958-05-13,4.357704013388753
1958-05-14,4.336436649860217
1958-05-15,4.336765492688536
1958-05-16,4.343797216461258
1958-05-19,4.336530063363393
1958-05-20,4.3554875789421965
1958-05-21,4.359468632747036
1958-05-22,4.364792027719028
1958-05-23,4.367108978508842
1958-05-26,4.3692588629242195
1958-05-27,4.366037515767487
1958-05-28,4.368647293797277
1958-05-29,4.3769393770491405
1958-06-02,4.385383911069938
1958-06-03,4.390851872355942
1958-06-04,4.39802990255673
1958-06-05,4.406338820337519
1958-06-06,4.42674634762011
1958-06-09,4.429262810742982
1958-06-10,4.424478829225287
1958-06-11,4.427842357166877
1958-06-12,4.436821639700798
1958-06-13,4.455503707595271
1958-06-16,4.471563467382549
1958-06-17,4.4930477526102415
1958-06-18,4.483516814415659
1958-06-19,4.457135051591402
1958-06-20,4.471870962251549
1958-06-23,4.463630659884049
1958-06-24,4.451901948005863
1958-06-25,4.460685881171644
1958-06-26,4.475054988236623
1958-06-27,4.494657935463932
1958-06-30,4.503665300097533
1958-07-01,4.508861032366785
1958-07-02,4.5231978898427645
1958-07-03,4.534497783889998
1958-07-07,4.537205700000023
1958-07-08,4.527484054157809
1958-07-09,4.517984511586782
1958-07-10,4.535017750927169
1958-07-11,4.554840516318626
1958-07-14,4.52703256482671
1958-07-15,4.523610741033759
1958-07-16,4.530039385698381
1958-07-17,4.537324882365345
1958-07-18,4.553814108945793
1958-07-21,4.567800365669968
1958-07-22,4.559876070342145
1958-07-23,4.57781395243537
1958-07-24,4.605520686365005
1958-07-25,4.634228959547217
1958-07-28,4.6447496589400785
1958-07-29,4.6469955126865905
1958-07-30,4.657813191459491
1958-07-31,4.6624010077091445
1958-08-01,4.690497322781081
1958-08-04,4.717443824889214
1958-08-05,4.708432377338567
1958-08-06,4.6957605005159175
1958-08-07,4.726485582626683
1958-08-08,4.746658746246581
1958-08-11,4.749521065253211
1958-08-12,4.733014365054053
1958-08-13,4.736793196957991
1958-08-14,4.745595789430285
1958-08-15,4.727061476927255
1958-08-18,4.713823436650479
1958-08-19,4.730208936724633
1958-08-20,4.7562408680811945
1958-08-21,4.766753800105729
1958-08-22,4.78302524659539
1958-08-25,4.78279043456542
1958-08-26,4.797011477050874
1958-08-27,4.799764742326981
1958-08-28,4.787325057110279
1958-08-29,4.8096786849661
1958-09-02,4.810831808856143
1958-09-03,4.828650304080895
1958-09-04,4.834444522623299
1958-09-05,4.853567497824168
1958-09-08,4.874905153781518
1958-09-09,4.878916815616295
1958-09-10,4.855442156925161
1958-09-11,4.881918877000398
1958-09-12,4.875655562009532
1958-09-15,4.89764292541717
1958-09-16,4.897639453586503
1958-09-17,4.904242863729893
1958-09-18,4.898208043444915
1958-09-19,4.928840682035993
1958-09-22,4.915951646486052
1958-09-23,4.926316434696821
1958-09-24,4.928024586708379
1958-09-25,4.94104616743597
1958-09-26,4.954505326095639
1958-09-29,4.9693432573583785
1958-09-30,4.973724066584489
1958-10-01,4.958143432564769
1958-10-02,4.981176672063669
1958-10-03,5.006227720014845
1958-10-06,5.024851711569619
1958-10-07,5.044544503324681
1958-10-08,5.054382858617649
1958-10-09,5.0579594188604995
1958-10-10,5.079669276427941
1958-10-13,5.1072946397494725
1958-10-14,5.0817449198245015
1958-10-15,5.0601055135894875
1958-10-16,5.0974970266497674
1958-10-17,5.153632199072114
1958-10-20,5.166547206194767
1958-10-21,5.175045516570645
1958-10-22,5.174270712401726
1958-10-23,5.175010545934183
1958-10-24,5.181845311977802
1958-10-27,5.149297956722328
1958-10-28,5.180539246280153
1958-10-29,5.221323524114677
1958-10-30,5.230202707192182
1958-10-31,5.246053536628889
1958-11-03,5.242924983446857
1958-11-05,5.279938358790009
1958-11-06,5.293897684833106
1958-11-07,5.312125005392683
1958-11-10,5.349086380165361
1958-11-11,5.374950511883902
1958-11-12,5.415753071513979
1958-11-13,5.441071756136966
1958-11-14,5.477517544025469
1958-11-17,5.483478164944841
1958-11-18,5.467788369395838
1958-11-19,5.49698638422802
1958-11-20,5.508364471692222
1958-11-21,5.488783579373112
1958-11-24,5.352426227942287
1958-11-25,5.323342786475441
1958-11-26,5.434063594481251
1958-11-28,5.511478390663703
1958-12-01,5.5374374570737555
1958-12-02,5.499787448494501
1958-12-03,5.499815806226641
1958-12-04,5.503812284583915
1958-12-05,5.516546494134951
1958-12-08,5.53542752953031
1958-12-09,5.5822074365193615
1958-12-10,5.644639644148281
1958-12-11,5.598289581399468
1958-12-12,5.583548615601261
1958-12-15,5.575062208266619
1958-12-16,5.589678918567886
1958-12-17,5.588404752743092
1958-12-18,5.574225930228921
1958-12-19,5.558002260001949
1958-12-22,5.5147644512433045
1958-12-23,5.490426279640513
1958-12-24,5.576958609719688
1958-12-29,5.61226181316459
1958-12-30,5.624992390715095
1958-12-31,5.635228485489461
1959-01-02,5.6531377757596335
1959-01-05,5.661126828155812
1959-01-06,5.638727170391224
1959-01-07,5.58366766069191
1959-01-08,5.632230939622907
1959-01-09,5.684842508984175
1959-01-12,5.7065625166912
1959-01-13,5.709517896859456
1959-01-14,5.712838763904577
1959-01-15,5.766361391766631
1959-01-16,5.807212382500392
1959-01-19,5.7758838463256525
1959-01-20,5.784871042900511
1959-01-21,5.807301737729738
1959-01-22,5.774338376027727
1959-01-23,5.774130490034884
1959-01-26,5.75540003375715
1959-01-27,5.741004974572011
1959-01-28,5.667125594452456
1959-01-29,5.694326666003879
1959-01-30,5.728560092858214
1959-02-02,5.712303564498273
1959-02-03,5.7162374467732455
1959-02-04,5.7054862392946335
1959-02-05,5.684786041422725
1959-02-06,5.653555127482704
1959-02-09,5.5786013113147765
1959-02-10,5.670054203937751
1959-02-11,5.6776456507597075
1959-02-12,5.663369214498273
1959-02-13,5.716867773842645
1959-02-16,5.746253847580107
1959-02-17,5.739916082952777
1959-02-18,5.775157955628297
1959-02-19,5.814324624071626
1959-02-20,5.862298482461193
1959-02-24,5.8726573702340605
1959-02-25,5.863759999520278
1959-02-26,5.904358203583865
1959-02-27,5.9080734029278394
1959-03-02,5.919354375340604
1959-03-03,5.929916206277784
1959-03-04,5.937994626778696
1959-03-05,5.9635017466012075
1959-03-06,5.96733276274745
1959-03-09,5.9685106130770444
1959-03-10,5.988195349444271
1959-03-11,6.023380141308277
1959-03-12,6.089951694096313
1959-03-13,6.109792715529417
1959-03-16,6.027533937512247
1959-03-17,6.065720536644266
1959-03-18,6.0816455219335
1959-03-19,6.076278621829045
1959-03-20,6.099716801722034
1959-03-23,6.022206004572634
1959-03-24,6.03597602039786
1959-03-25,6.045260009185012
1959-03-26,6.041015102197875
1959-03-30,6.000424911730296
1959-03-31,6.012790870062272
1959-04-01,6.034014383494317
1959-04-02,6.070772572709516
1959-04-03,6.103526664228868
1959-04-06,6.130527645244487
1959-04-07,6.1132276592352826
1959-04-08,6.114972379663834
1959-04-09,6.12240530860098
1959-04-10,6.147429204288867
1959-04-13,6.187459970567054
1959-04-14,6.2245102178371425
1959-04-15,6.263816295712123
1959-04-16,6.25131469800993
1959-04-17,6.28610221151036
1959-04-20,6.336281226571316
1959-04-21,6.3438941507935995
1959-04-22,6.335134655506862
1959-04-23,6.333106688979831
1959-04-24,6.402640349069976
1959-04-27,6.415182255189947
1959-04-28,6.3915479098484775
1959-04-29,6.372349604537867
1959-04-30,6.361702201886614
1959-05-01,6.376825005195354
1959-05-04,6.402407361772979
1959-05-05,6.39913466298826
1959-05-06,6.384365986741151
1959-05-07,6.264773020061567
1959-05-08,6.312309708463204
1959-05-11,6.312840524586029
1959-05-12,6.309190112077008
1959-05-13,6.333244848785965
1959-05-14,6.3738635873248
1959-05-15,6.3729996055273626
1959-05-18,6.347578589643135
1959-05-19,6.356526601191242
1959-05-20,6.34215010142821
1959-05-21,6.352766233413792
1959-05-22,6.377199780608597
1959-05-25,6.357313123223055
1959-05-26,6.3623312789412
1959-05-27,6.397043829535497
1959-05-28,6.445970950628115
1959-05-29,6.48125137355168
1959-06-01,6.4708237212004605
1959-06-02,6.4123030929156695
1959-06-03,6.4258963830566875
1959-06-04,6.3505306278775455
1959-06-05,6.338317251888424
1959-06-08,6.234423371159452
1959-06-09,6.170098743324105
1959-06-10,6.286604085731191
1959-06-11,6.327526572775993
1959-06-12,6.333218067626846
1959-06-15,6.333971485005075
1959-06-16,6.324261230843219
1959-06-17,6.387475340972752
1959-06-18,6.410202451965644
1959-06-19,6.42652529061433
1959-06-22,6.457170372948983
1959-06-23,6.460953934412234
1959-06-24,6.515161883087796
1959-06-25,6.521865757359062
1959-06-26,6.573629529351644
1959-06-29,6.627824731106073
1959-06-30,6.651207368514381
1959-07-01,6.694754004397366
1959-07-02,6.720727329571983
1959-07-06,6.738882998729191
1959-07-07,6.7844834360561
1959-07-08,6.796243108280804
1959-07-09,6.804001968909289
1959-07-10,6.813528333868026
1959-07-13,6.756796529397498
1959-07-14,6.792704475023201
1959-07-15,6.796047248768029
1959-07-16,6.786591130986039
1959-07-17,6.7744058189599015
1959-07-20,6.777970131827417
1959-07-21,6.825811221911691
1959-07-22,6.83480883068198
1959-07-23,6.84534259974411
1959-07-24,6.854560328165204
1959-07-27,6.8587927139456
1959-07-28,6.852362177158359
1959-07-29,6.824054165390223
1959-07-30,6.794807308695093
1959-07-31,6.793836152345991
1959-08-03,6.800886746773659
1959-08-04,6.783039011916079
1959-08-05,6.751201552119985
1959-08-06,6.714230951510479
1959-08-07,6.649656664246669
1959-08-10,6.486035564120975
1959-08-11,6.591166595574326
1959-08-12,6.580527924107495
1959-08-13,6.565520472685678
1959-08-14,6.585376837622117
1959-08-17,6.581551861166169
1959-08-18,6.518922001181661
1959-08-19,6.49508446494406
1959-08-20,6.5998212240868055
1959-08-21,6.626802219514917
1959-08-24,6.618107579590679
1959-08-25,6.635719664886948
1959-08-26,6.650110470203262
1959-08-27,6.7065747698930265
1959-08-28,6.7113426118681465
1959-08-31,6.734697763039722
1959-09-01,6.651458500025373
1959-09-02,6.657499931287582
1959-09-03,6.56797375205017
1959-09-04,6.602379685468846
1959-09-08,6.502314656964303
1959-09-09,6.450411829826285
1959-09-10,6.41471532254464
1959-09-11,6.47386453934914
1959-09-14,6.422662476183104
1959-09-15,6.372631268548991
1959-09-16,6.398006427234293
1959-09-17,6.361122231380877
1959-09-18,6.290453218499994
1959-09-21,6.179597550424814
1959-09-22,6.140742637053615
1959-09-23,6.225215515542093
1959-09-24,6.361343826968842
1959-09-25,6.3747279777010135
1959-09-28,6.426626605606696
1959-09-29,6.452976855595134
1959-09-30,6.4241665044183085
1959-10-01,6.452127706979189
1959-10-02,6.482443382198659
1959-10-05,6.458314024192868
1959-10-06,6.452631615321324
1959-10-07,6.437570770314863
1959-10-08,6.439704640868881
1959-10-09,6.469952013593251
1959-10-12,6.507868919545391
1959-10-13,6.482920063651708
1959-10-14,6.453379030353201
1959-10-15,6.466729939549264
1959-10-16,6.538598510529273
1959-10-19,6.541443103529653
1959-10-20,6.519057431584958
1959-10-21,6.516520268972082
1959-10-22,6.473952089391537
1959-10-23,6.528228914074901
1959-10-26,6.589412341688092
1959-10-27,6.615690372833093
1959-10-28,6.669956769715667
1959-10-29,6.6997667694539205
1959-10-30,6.720875508051614
1959-11-02,6.700100305797977
1959-11-04,6.707544008679648
1959-11-05,6.693799354799865
1959-11-06,6.7154756624751615
1959-11-09,6.7274795019165055
1959-11-10,6.7588489485290655
1959-11-11,6.78691926876029
1959-11-12,6.794067034444171
1959-11-13,6.791973014885229
1959-11-16,6.771280939684167
1959-11-17,6.773534084657837
1959-11-18,6.8172805728054096
1959-11-19,6.793851061254975
1959-11-20,6.828429883605158
1959-11-23,6.866874490243147
1959-11-24,6.951139985001635
1959-11-25,6.958615394295892
1959-11-27,6.951038960342839
1959-11-30,7.026053963337678
1959-12-01,7.068717787952233
1959-12-02,7.043762706650488
1959-12-03,7.00686441209002
1959-12-04,7.0189290385713
1959-12-07,7.023845457691459
1959-12-08,7.062795976969905
1959-12-09,7.0125477436136565
1959-12-10,7.054533021876212
1959-12-11,7.028284867145108
1959-12-14,7.030407341406272
1959-12-15,7.0081414093301735
1959-12-16,6.999535089517144
1959-12-17,7.005571673638047
1959-12-18,7.029701397784721
1959-12-21,7.04724190950575
1959-12-22,7.00916561154018
1959-12-23,7.007898346161063
1959-12-24,7.016190203179244
1959-12-28,6.9832643735899875
1959-12-29,6.985739209505302
1959-12-30,6.999941975039774
1959-12-31,7.030736598510126
1960-01-04,7.0123518825628715
1960-01-05,7.081330038715536
1960-01-06,7.063925806065659
1960-01-07,7.008311889932164
1960-01-08,6.992364891949067
1960-01-11,6.935682108533571
1960-01-12,6.90951370833555
1960-01-13,6.87465012839325
1960-01-14,6.939978360310946
1960-01-15,6.951171893024933
1960-01-18,6.914457467359724
1960-01-19,6.850591499627635
1960-01-20,6.828095449716268
1960-01-21,6.829070913417129
1960-01-22,6.8784998735109815
1960-01-25,6.780242558197439
1960-01-26,6.791446754074443
1960-01-27,6.762505357655096
1960-01-28,6.719405046145642
1960-01-29,6.59725903351293
1960-02-01,6.633027962165539
1960-02-02,6.776817876185409
1960-02-03,6.719717829035876
1960-02-04,6.720234853636877
1960-02-05,6.702012479764934
1960-02-08,6.656326788525476
1960-02-09,6.721314944139339
1960-02-10,6.695153734999054
1960-02-11,6.670041331139824
1960-02-12,6.709269387281801
1960-02-15,6.659630947511025
1960-02-16,6.54969525135088
1960-02-17,6.606471757786746
1960-02-18,6.698742524648699
1960-02-19,6.771906085375277
1960-02-23,6.768154076170344
1960-02-24,6.758960366286039
1960-02-25,6.79004313407559
1960-02-26,6.827117423913277
1960-02-29,6.812960071348434
1960-03-01,6.807854168258124
1960-03-02,6.7505316074409
1960-03-03,6.638063346251768
1960-03-04,6.591572418286665
1960-03-07,6.523189930707849
1960-03-08,6.467200917547005
1960-03-09,6.555777212862593
1960-03-10,6.529399415106915
1960-03-11,6.561945092689734
1960-03-14,6.572932520101746
1960-03-15,6.621540807092156
1960-03-16,6.651970447405436
1960-03-17,6.644234263823387
1960-03-18,6.653167395270619
1960-03-21,6.659133594093787
1960-03-22,6.668927978421098
1960-03-23,6.693447381266582
1960-03-24,6.729121243564223
1960-03-25,6.769572913332311
1960-03-28,6.78499159418097
1960-03-29,6.787883564466636
1960-03-30,6.835466815721275
1960-03-31,6.769219109370484
1960-04-01,6.816754022544177
1960-04-04,6.858437693586512
1960-04-05,6.895690494699991
1960-04-06,6.953864735136736
1960-04-07,6.97802800855954
1960-04-08,7.001094581872817
1960-04-11,6.9903733155100225
1960-04-12,7.001183029871108
1960-04-13,7.0010453679541245
1960-04-14,7.02260970513014
1960-04-18,7.032425006506366
1960-04-19,7.002403676223479
1960-04-20,6.944980713702963
1960-04-21,6.977534196810718
1960-04-22,6.967404269616919
1960-04-25,6.8941458946104
1960-04-26,6.924009401304664
1960-04-27,6.935341810467801
1960-04-28,6.897345303338051
1960-04-29,6.903241282765489
1960-05-02,6.896553455749986
1960-05-03,6.992254838596773
1960-05-04,7.0280811250502015
1960-05-05,7.008831994242908
1960-05-06,7.031007769433799
1960-05-09,7.034998497281269
1960-05-10,7.019463046164898
1960-05-11,7.023263793559648
1960-05-12,7.07059581562615
1960-05-13,7.118121341459856
1960-05-16,7.095028405724007
1960-05-17,7.095317881060711
1960-05-18,7.07715203029189
1960-05-19,7.1449969530321455
1960-05-20,7.203198394925462
1960-05-23,7.231495766503623
1960-05-24,7.281825506251302
1960-05-25,7.325873627347989
1960-05-26,7.380449011245928
1960-05-27,7.408105791534043
1960-05-31,7.487823336324542
1960-06-01,7.548046192006545
1960-06-02,7.561725137347615
1960-06-03,7.548198408467623
1960-06-06,7.544122909407201
1960-06-07,7.616392179858475
1960-06-08,7.663129207471046
1960-06-09,7.670345554260923
1960-06-10,7.680999292176284
1960-06-13,7.710859038398089
1960-06-14,7.762038801932972
1960-06-15,7.754907779390355
1960-06-16,7.732615550318511
1960-06-17,7.773914544073873
1960-06-20,7.7542063963320595
1960-06-21,7.70806536341336
1960-06-22,7.660519525359028
1960-06-23,7.6621646792698055
1960-06-24,7.652030211408634
1960-06-27,7.644919395068908
1960-06-28,7.5376041204253355
1960-06-29,7.535889838454629
1960-06-30,7.52325366990833
1960-07-01,7.588694684198901
1960-07-05,7.583690227106481
1960-07-06,7.532482847734604
1960-07-07,7.574976890285001
1960-07-08,7.60257820227897
1960-07-11,7.531348723100712
1960-07-12,7.427314225768883
1960-07-13,7.4012520265253965
1960-07-14,7.4172056234136665
1960-07-15,7.432330237867399
1960-07-18,7.360696930834711
1960-07-19,7.365431018762482
1960-07-20,7.35966066882499
1960-07-21,7.3029607215502175
1960-07-22,7.257878013095169
1960-07-25,7.152347328026082
1960-07-26,7.217101477650003
1960-07-27,7.16043867655469
1960-07-28,7.233041167208253
1960-07-29,7.3727075718937725
1960-08-01,7.362438194544368
1960-08-02,7.291423552081423
1960-08-03,7.250242651062964
1960-08-04,7.283693435897985
1960-08-05,7.363206302001684
1960-08-08,7.376135885140373
1960-08-09,7.397393913039125
1960-08-10,7.4346411560925985
1960-08-11,7.480313368622749
1960-08-12,7.525909562174511
1960-08-15,7.519830445564849
1960-08-16,7.56875285476789
1960-08-17,7.612131299373502
1960-08-18,7.610307296382055
1960-08-19,7.6215785195673025
1960-08-22,7.619858077250408
1960-08-23,7.673945658769017
1960-08-24,7.7048710741538935
1960-08-25,7.683795305685322
1960-08-26,7.677781427011567
1960-08-29,7.684090759788892
1960-08-30,7.619435326277313
1960-08-31,7.635713733695434
1960-09-01,7.6647773760443805
1960-09-02,7.663815335443372
1960-09-06,7.592963722449192
1960-09-07,7.456118223313249
1960-09-08,7.498099873676542
1960-09-09,7.552958361712875
1960-09-12,7.490862085070793
1960-09-13,7.500151713675063
1960-09-14,7.418607627938067
1960-09-15,7.395165222685444
1960-09-16,7.401900937167601
1960-09-19,7.181085595268342
1960-09-20,7.2174522135863555
1960-09-21,7.343609272094907
1960-09-22,7.3235769610859185
1960-09-23,7.231412550637551
1960-09-26,7.099073572409123
1960-09-27,7.082975225719093
1960-09-28,7.011786651100264
1960-09-29,7.06292574947252
1960-09-30,7.185104260670698
1960-10-03,7.18127479592269
1960-10-04,7.142190967227543
1960-10-05,7.2007341545193
1960-10-06,7.263335333682595
1960-10-07,7.299434115013327
1960-10-10,7.334460429302524
1960-10-11,7.340890072097357
1960-10-12,7.310714832542235
1960-10-13,7.385882630887302
1960-10-14,7.416450589097771
1960-10-17,7.367057327155077
1960-10-18,7.332722858121487
1960-10-19,7.323782935191769
1960-10-20,7.238353112894497
1960-10-21,7.142191550692727
1960-10-24,7.019729065252489
1960-10-25,6.981484887630256
1960-10-26,7.116572750960631
1960-10-27,7.227158803387568
1960-10-28,7.180214956379951
1960-10-31,7.1898712276301096
1960-11-01,7.2564319775153425
1960-11-02,7.28413851601994
1960-11-03,7.29309810279025
1960-11-04,7.3365275726884445
1960-11-07,7.330198791931621
1960-11-09,7.378331927814884
1960-11-10,7.4783189849827
1960-11-11,7.444805302646534
1960-11-14,7.448455827967472
1960-11-15,7.510448873058861
1960-11-16,7.491266954476272
1960-11-17,7.508250275069393
1960-11-18,7.581666853172624
1960-11-21,7.654646676590639
1960-11-22,7.654626186598887
1960-11-23,7.70553916510795
1960-11-25,7.766717938913245
1960-11-28,7.789602016544088
1960-11-29,7.775507594208741
1960-11-30,7.740846786069803
1960-12-01,7.709295875009893
1960-12-02,7.7466648158865725
1960-12-05,7.738198057863495
1960-12-06,7.773183539636631
1960-12-07,7.826832959241815
1960-12-08,7.871378817475832
1960-12-09,7.9228726318940055
1960-12-12,7.993976787793098
1960-12-13,8.020895038689572
1960-12-14,8.027768421928904
1960-12-15,8.032138605420728
1960-12-16,8.103525988529112
1960-12-19,8.106923928106312
1960-12-20,8.090483955079407
1960-12-21,8.13033862705545
1960-12-22,8.086719401502437
1960-12-23,8.050154940461761
1960-12-27,8.089263325506492
1960-12-28,8.139403824118409
1960-12-29,8.183033205311663
1960-12-30,8.181012239917473
1961-01-03,8.080693499366415
1961-01-04,8.139791780028668
1961-01-05,8.183768593015719
1961-01-06,8.157795059660213
1961-01-09,8.217886372470614
1961-01-10,8.252933057334445
1961-01-11,8.322401356168685
1961-01-12,8.378925559623797
1961-01-13,8.410608038771787
1961-01-16,8.382733861146132
1961-01-17,8.375972043556217
1961-01-18,8.43079075823496
1961-01-19,8.465937659496568
1961-01-20,8.537193970794007
1961-01-23,8.573843634551489
1961-01-24,8.608652661264033
1961-01-25,8.618408079419648
1961-01-26,8.611389915128958
1961-01-27,8.71382626944536
1961-01-30,8.77300010275931
1961-01-31,8.720773876029579
1961-02-01,8.750934062700892
1961-02-02,8.799656605906883
1961-02-03,8.789719771523782
1961-02-06,8.785188965262817
1961-02-07,8.79199790240407
1961-02-08,8.91608875492605
1961-02-09,8.95414172034269
1961-02-10,8.88873748691898
1961-02-13,8.841483026956332
1961-02-14,8.910454840176397
1961-02-15,8.969988408386257
1961-02-16,9.000202191273816
1961-02-17,8.98489550901968
1961-02-20,9.03915009245994
1961-02-21,9.0897085311025
1961-02-23,9.156830935492872
1961-02-24,9.19491566992421
1961-02-27,9.30978930795898
1961-02-28,9.349731321696991
1961-03-01,9.314204316448327
1961-03-02,9.407927205304055
1961-03-03,9.432946291771186
1961-03-06,9.479428306225447
1961-03-07,9.445667351767558
1961-03-08,9.469064439238577
1961-03-09,9.478681337912068
1961-03-10,9.464984237790015
1961-03-13,9.474488378494826
1961-03-14,9.436389034127835
1961-03-15,9.513289695256654
1961-03-16,9.635307540644646
1961-03-17,9.717298680857619
1961-03-20,9.719999680548527
1961-03-21,9.693639876627568
1961-03-22,9.690545656110167
1961-03-23,9.660152941002407
1961-03-24,9.652465794680868
1961-03-27,9.635680780954349
1961-03-28,9.63392946330906
1961-03-29,9.733494683687308
1961-03-30,9.78656447830492
1961-04-03,9.844752453567235
1961-04-04,9.839582936895889
1961-04-05,9.775828778071594
1961-04-06,9.776442410459465
1961-04-07,9.820708220372854
1961-04-10,9.858923902328675
1961-04-11,9.857554905365006
1961-04-12,9.814959784535482
1961-04-13,9.867512505827284
1961-04-14,9.926174191109313
1961-04-17,9.969070785647473
1961-04-18,9.898630783041138
1961-04-19,9.856248336239405
1961-04-20,9.870448703981998
1961-04-21,9.865148426499998
1961-04-24,9.588151135642294
1961-04-25,9.73082477525271
1961-04-26,9.791504389350278
1961-04-27,9.754693981175812
1961-04-28,9.68351629920109
1961-05-01,9.636202087586192
1961-05-02,9.680683479248346
1961-05-03,9.760003526563684
1961-05-04,9.793404682558224
1961-05-05,9.816201641185739
1961-05-08,9.840743661397843
1961-05-09,9.813221553859597
1961-05-10,9.818151761730059
1961-05-11,9.831294221916625
1961-05-12,9.846758553190911
1961-05-15,9.896396492345648
1961-05-16,9.921095364203959
1961-05-17,9.865374153273306
1961-05-18,9.765901436467999
1961-05-19,9.796219533314572
1961-05-22,9.752280812289639
1961-05-23,9.75684023380243
1961-05-24,9.756791223138908
1961-05-25,9.76028577293165
1961-05-26,9.829648039229392
1961-05-31,9.836806573708122
1961-06-01,9.818259887994826
1961-06-02,9.825116751940223
1961-06-05,9.846656289629562
1961-06-06,9.840651807480025
1961-06-07,9.756582525930455
1961-06-08,9.734787176919385
1961-06-09,9.740284550701977
1961-06-12,9.68350060923479
1961-06-13,9.653321383297238
1961-06-14,9.668360519258567
1961-06-15,9.640353034200835
1961-06-16,9.573199471445145
1961-06-19,9.469473634132786
1961-06-20,9.602295355306692
1961-06-21,9.620496459913165
1961-06-22,9.581698135116351
1961-06-23,9.614134324686859
1961-06-26,9.518144241147874
1961-06-27,9.50734875116842
1961-06-28,9.544468523468163
1961-06-29,9.534542490728803
1961-06-30,9.57129293149065
1961-07-03,9.654646070590879
1961-07-05,9.740699050632811
1961-07-06,9.765842071330594
1961-07-07,9.768421978032068
1961-07-10,9.763490490066138
1961-07-11,9.698094634169266
1961-07-12,9.621799565662839
1961-07-13,9.565489435030656
1961-07-14,9.632057346538428
1961-07-17,9.54092114756937
1961-07-18,9.468017459381889
1961-07-19,9.508222028759949
1961-07-20,9.531268500336719
1961-07-21,9.550144897517614
1961-07-24,9.52091103098417
1961-07-25,9.58129735572511
1961-07-26,9.646720024888053
1961-07-27,9.727236204626951
1961-07-28,9.763131106074292
1961-07-31,9.768089244663472
1961-08-01,9.846469602867657
1961-08-02,9.790504489659774
1961-08-03,9.848064552812799
1961-08-04,9.896747306834568
1961-08-07,9.89933322276951
1961-08-08,9.922734027713153
1961-08-09,9.92890717462261
1961-08-10,9.967100311437793
1961-08-11,9.989793668356167
1961-08-14,9.927985154701048
1961-08-15,9.902349618981221
1961-08-16,9.913805962259683
1961-08-17,9.983108293882047
1961-08-18,10.043061502506697
1961-08-21,10.068298322229035
1961-08-22,10.05593736639721
1961-08-23,10.01520263642982
1961-08-24,9.982591547825042
1961-08-25,9.990814757632169
1961-08-28,10.016584886957773
1961-08-29,10.05467269634204
1961-08-30,10.073856715144549
1961-08-31,10.094963353890954
1961-09-01,10.146410042225817
1961-09-05,10.148322444207531
1961-09-06,10.234445405879027
1961-09-07,10.187095727176686
1961-09-08,10.123276820088215
1961-09-11,10.062860297153032
1961-09-12,10.129852956877823
1961-09-13,10.133212577815698
1961-09-14,10.086093217554328
1961-09-15,10.062562730811832
1961-09-18,10.012664031567079
1961-09-19,9.898428072638229
1961-09-20,9.937204508936139
1961-09-21,9.970347794771131
1961-09-22,9.936087844111226
1961-09-25,9.756993085572761
1961-09-26,9.778753859427896
1961-09-27,9.866335421712705
1961-09-28,9.911866423629814
1961-09-29,9.971093667006835
1961-10-02,9.963362134699622
1961-10-03,9.93192954403594
1961-10-04,10.004188562848928
1961-10-05,10.076737418112089
1961-10-06,10.132705344115953
1961-10-09,10.17520895913772
1961-10-10,10.250489507312455
1961-10-11,10.24884193796944
1961-10-12,10.218700146856392
1961-10-13,10.200840041646847
1961-10-16,10.155404084793368
1961-10-17,10.186831005223386
1961-10-18,10.244022403158029
1961-10-19,10.226592856911472
1961-10-20,10.219543647201256
1961-10-23,10.133053929224515
1961-10-24,10.105040020544097
1961-10-25,10.138592109847721
1961-10-26,10.207730220814645
1961-10-27,10.240259570562033
1961-10-30,10.273782441004213
1961-10-31,10.283880831535042
1961-11-01,10.26886691221437
1961-11-02,10.305447256430215
1961-11-03,10.39054136625744
1961-11-06,10.45496401815094
1961-11-08,10.505366645600446
1961-11-09,10.547601294750754
1961-11-10,10.582076100063446
1961-11-13,10.631767549214533
1961-11-14,10.703381796228834
1961-11-15,10.686579432163128
1961-11-16,10.67576038750376
1961-11-17,10.650333681115264
1961-11-20,10.672102579423864
1961-11-21,10.712461866733493
1961-11-22,10.714461513764677
1961-11-24,10.756576240768599
1961-11-27,10.782758711210636
1961-11-28,10.80519720858201
1961-11-29,10.768433214049384
1961-11-30,10.747966648146384
1961-12-01,10.843405197508435
1961-12-04,10.811964218805121
1961-12-05,10.775146287586614
1961-12-06,10.798769821345665
1961-12-07,10.740672327386289
1961-12-08,10.780975760013881
1961-12-11,10.803231486005195
1961-12-12,10.77479960172118
1961-12-13,10.757827531684638
1961-12-14,10.697280992564531
1961-12-15,10.681072038988468
1961-12-18,10.65805279887185
1961-12-19,10.618665718634038
1961-12-20,10.624864780676015
1961-12-21,10.60174112573257
1961-12-22,10.591687659446238
1961-12-26,10.567032067385743
1961-12-27,10.62693465034518
1961-12-28,10.604691239307806
1961-12-29,10.609536990463761
1962-01-02,10.514718787151784
1962-01-03,10.50062037655429
1962-01-04,10.381690615848829
1962-01-05,10.25952804869405
1962-01-08,10.190838847455462
1962-01-09,10.191623684363348
1962-01-10,10.148482834915535
1962-01-11,10.202321147720795
1962-01-12,10.249623439672792
1962-01-15,10.210370018831462
1962-01-16,10.163974917994011
1962-01-17,10.079327790261116
1962-01-18,10.087864147013962
1962-01-19,10.191663927221317
1962-01-22,10.203934297031411
1962-01-23,10.132102009609055
1962-01-24,10.137718471705755
1962-01-25,10.12124088097004
1962-01-26,10.081132620016168
1962-01-29,10.048219481063782
1962-01-30,10.117458797147965
1962-01-31,10.227534330940724
1962-02-01,10.33038265529229
1962-02-02,10.401454600044449
1962-02-05,10.43057108392801
1962-02-06,10.446616746674593
1962-02-07,10.50210521785418
1962-02-08,10.48379827448992
1962-02-09,10.474104455173261
1962-02-12,10.487263495760226
1962-02-13,10.46423785956291
1962-02-14,10.461574198946746
1962-02-15,10.543349952512578
1962-02-16,10.507090390219886
1962-02-19,10.439912690067366
1962-02-20,10.458113574443175
1962-02-21,10.404035236877988
1962-02-23,10.34504203062695
1962-02-26,10.289832095930455
1962-02-27,10.312708599221388
1962-02-28,10.334165584094569
1962-03-01,10.361716616553636
1962-03-02,10.342689897871093
1962-03-05,10.301088568226627
1962-03-06,10.262869711208468
1962-03-07,10.252160364009702
1962-03-08,10.310451269412216
1962-03-09,10.332095302463967
1962-03-12,10.322803397408244
1962-03-13,10.357426934112445
1962-03-14,10.403044211174382
1962-03-15,10.433675504811804
1962-03-16,10.439353992017553
1962-03-19,10.412270145893206
1962-03-20,10.402663010423833
1962-03-21,10.412066237520321
1962-03-22,10.452680693988363
1962-03-23,10.495298474610143
1962-03-26,10.419899443752255
1962-03-27,10.353748471446833
1962-03-28,10.41902209654832
1962-03-29,10.422129773004707
1962-03-30,10.337847120874267
1962-04-02,10.272329026227602
1962-04-03,10.154963498865758
1962-04-04,10.115379468996025
1962-04-05,10.16546744472947
1962-04-06,10.173990450085117
1962-04-09,10.050277301689546
1962-04-10,10.083119773978225
1962-04-11,10.066024781438884
1962-04-12,9.967121417609478
1962-04-13,9.969038681350428
1962-04-16,9.94574554260746
1962-04-17,9.969770587848819
1962-04-18,10.015417778291658
1962-04-19,10.085097887874316
1962-04-23,10.110209130809492
1962-04-24,10.07575004833495
1962-04-25,9.97227199635724
1962-04-26,9.869223196988022
1962-04-27,9.773669695782027
1962-04-30,9.571498342201775
1962-05-01,9.642201288541498
1962-05-02,9.705920495827028
1962-05-03,9.778884944535275
1962-05-04,9.76190432232643
1962-05-07,9.72217339214659
1962-05-08,9.597368250329747
1962-05-09,9.472005386158022
1962-05-10,9.380307001358409
1962-05-11,9.23823796020048
1962-05-14,9.28641204019076
1962-05-15,9.432795174733902
1962-05-16,9.433345924311963
1962-05-17,9.351410149618072
1962-05-18,9.314401428704508
1962-05-21,9.26866985815423
1962-05-22,9.097059426534834
1962-05-23,8.913299316236847
1962-05-24,8.813086760395416
1962-05-25,8.651852629177812
1962-05-28,8.097699099110969
1962-05-29,8.317044355976595
1962-05-31,8.584635707700157
1962-06-01,8.588401338597354
1962-06-04,8.280173792826448
1962-06-05,8.29258233288159
1962-06-06,8.429321664410367
1962-06-07,8.406046243956363
1962-06-08,8.426531423287695
1962-06-11,8.34617693328445
1962-06-12,8.151344809390713
1962-06-13,7.998461751753952
1962-06-14,7.817391023082344
1962-06-15,8.02909579299912
1962-06-18,8.047919762214066
1962-06-19,8.019403257677782
1962-06-20,7.9221076434374185
1962-06-21,7.756264306491259
1962-06-22,7.612835244188451
1962-06-25,7.552992885968414
1962-06-26,7.553528955659944
1962-06-27,7.542544944799354
1962-06-28,7.807772376151685
1962-06-29,7.857850082031067
1962-07-02,8.019655102667189
1962-07-03,8.119649227038767
1962-07-05,8.207348123419015
1962-07-06,8.132369654391056
1962-07-09,8.17121626318141
1962-07-10,8.287789364763062
1962-07-11,8.345210352155721
1962-07-12,8.41885203704375
1962-07-13,8.377653794712828
1962-07-16,8.380708083079684
1962-07-17,8.25264670628056
1962-07-18,8.184119151686138
1962-07-19,8.223953587146315
1962-07-20,8.256169720903904
1962-07-23,8.25701540027259
1962-07-24,8.221843904487573
1962-07-25,8.22956120194538
1962-07-26,8.273848811755379
1962-07-27,8.337823174319272
1962-07-30,8.393255468322325
1962-07-31,8.43526273302393
1962-08-01,8.393896832103943
1962-08-02,8.386976551588608
1962-08-03,8.40333883835811
1962-08-06,8.370468363696702
1962-08-07,8.320811316366514
1962-08-08,8.345518004124825
1962-08-09,8.353514827032644
1962-08-10,8.356468606391733
1962-08-13,8.362763828391573
1962-08-14,8.419614034992069
1962-08-15,8.484395607766
1962-08-16,8.475169943908151
1962-08-17,8.524667953659563
1962-08-20,8.584284726515017
1962-08-21,8.560374384239157
1962-08-22,8.65150953596457
1962-08-23,8.656931253150429
1962-08-24,8.646466411862523
1962-08-27,8.648753629509027
1962-08-28,8.5593977706526
1962-08-29,8.531289165387163
1962-08-30,8.536547739173331
1962-08-31,8.616493058654292
1962-09-04,8.550094301682993
1962-09-05,8.493420120290406
1962-09-06,8.515153723440099
1962-09-07,8.5084457325922
1962-09-10,8.523207429174912
1962-09-11,8.524854052359046
1962-09-12,8.548116547844229
1962-09-13,8.535704656481858
1962-09-14,8.567893298151251
1962-09-17,8.56955758584091
1962-09-18,8.578956553605238
1962-09-19,8.564885119515344
1962-09-20,8.528524384455329
1962-09-21,8.410092389771343
1962-09-24,8.290807187395856
1962-09-25,8.3067551075573
1962-09-26,8.219924749090705
1962-09-27,8.168127542090293
1962-09-28,8.19678868832799
1962-10-01,8.092235675869413
1962-10-02,8.165192943899282
1962-10-03,8.199298013842569
1962-10-04,8.248629119558165
1962-10-05,8.30507386138339
1962-10-08,8.316012339172897
1962-10-09,8.31719306052325
1962-10-10,8.320676635713815
1962-10-11,8.321749159488524
1962-10-12,8.278812729272603
1962-10-15,8.30152809175802
1962-10-16,8.287366958619286
1962-10-17,8.239991226690897
1962-10-18,8.16224148087564
1962-10-19,8.049616334585457
1962-10-22,7.96595638378475
1962-10-23,7.737838895142951
1962-10-24,7.887173705645132
1962-10-25,7.861692567388794
1962-10-26,7.8353045410234925
1962-10-29,8.006960530388142
1962-10-30,8.133593063705153
1962-10-31,8.14532313312877
1962-11-01,8.20322484254834
1962-11-02,8.287360978594442
1962-11-05,8.369441912650753
1962-11-07,8.425194664595024
1962-11-08,8.40260451207552
1962-11-09,8.4821681012374
1962-11-12,8.600664130062471
1962-11-13,8.601795965330702
1962-11-14,8.699481700021433
1962-11-15,8.68014688827781
1962-11-16,8.69646252956826
1962-11-19,8.68903855216047
1962-11-20,8.792207740575153
1962-11-21,8.848628357029895
1962-11-23,8.942628008473003
1962-11-26,8.916971757287328
1962-11-27,8.96730654822984
1962-11-28,9.023391143358165
1962-11-29,9.05100299569059
1962-11-30,9.066424755851042
1962-12-03,9.021524476546068
1962-12-04,9.110549978123522
1962-12-05,9.169121491920556
1962-12-06,9.164468607841123
1962-12-07,9.167525662978598
1962-12-10,9.045479445196374
1962-12-11,9.039062400699255
1962-12-12,9.065318135057831
1962-12-13,9.047985122328285
1962-12-14,9.061446198973726
1962-12-17,9.045477463713175
1962-12-18,9.02765804011256
1962-12-19,9.078969720225963
1962-12-20,9.142107223271154
1962-12-21,9.125328629989864
1962-12-24,9.113446437981539
1962-12-26,9.159460903799069
1962-12-27,9.147874953394902
1962-12-28,9.170015518061735
1962-12-31,9.192598412496269
1963-01-02,9.161099779654993
1963-01-03,9.296656422297767
1963-01-04,9.350919286356794
1963-01-07,9.3508260281365
1963-01-08,9.416931230063835
1963-01-09,9.414433190829495
1963-01-10,9.438283816407255
1963-01-11,9.47329035249257
1963-01-14,9.532241495696239
1963-01-15,9.542454813167216
1963-01-16,9.483195852093521
1963-01-17,9.530344755126185
1963-01-18,9.52758018525917
1963-01-21,9.563176541433126
1963-01-22,9.58815975741268
1963-01-23,9.586994546649928
1963-01-24,9.62493577350176
1963-01-25,9.664471333719218
1963-01-28,9.696372158644916
1963-01-29,9.714193138708815
1963-01-30,9.653131086216941
1963-01-31,9.709715710869292
1963-02-01,9.749212037746267
1963-02-04,9.719864359035274
1963-02-05,9.701807038564047
1963-02-06,9.720143746113036
1963-02-07,9.71294847080719
1963-02-08,9.730041508732256
1963-02-11,9.693927631023444
1963-02-12,9.704008211424924
1963-02-13,9.74915572955512
1963-02-14,9.790371595277078
1963-02-15,9.802515517750239
1963-02-18,9.826405063456326
1963-02-19,9.796294863547358
1963-02-20,9.787368967920358
1963-02-21,9.784631303069327
1963-02-25,9.7435882188846
1963-02-26,9.75053955456492
1963-02-27,9.700455525862345
1963-02-28,9.593758417873724
1963-03-01,9.570114908856286
1963-03-04,9.689623567947326
1963-03-05,9.685585921435736
1963-03-06,9.690795196212942
1963-03-07,9.736193205461857
1963-03-08,9.757550179162584
1963-03-11,9.774848485851498
1963-03-12,9.788886763975658
1963-03-13,9.81088361403598
1963-03-14,9.77689485220095
1963-03-15,9.787546801371642
1963-03-18,9.762478703228625
1963-03-19,9.72226153415018
1963-03-20,9.788961242278011
1963-03-21,9.778624063540462
1963-03-22,9.792172639400963
1963-03-25,9.825174169779654
1963-03-26,9.84605483590931
1963-03-27,9.872872426846486
1963-03-28,9.87014102592014
1963-03-29,9.892413604521021
1963-04-01,9.92373409725918
1963-04-02,9.945629568320257
1963-04-03,10.006742898783951
1963-04-04,10.065049126789742
1963-04-05,10.119245490927149
1963-04-08,10.154428819340188
1963-04-09,10.158429075117306
1963-04-10,10.120049533591065
1963-04-11,10.171184575708812
1963-04-15,10.222847031812435
1963-04-16,10.226754072425841
1963-04-17,10.229230588021682
1963-04-18,10.24979853263832
1963-04-19,10.283227441868986
1963-04-22,10.294864495286848
1963-04-23,10.354488483305584
1963-04-24,10.385923985231432
1963-04-25,10.415779767288141
1963-04-26,10.4008057414376
1963-04-29,10.37663064082383
1963-04-30,10.421355690089644
1963-05-01,10.439889627646943
1963-05-02,10.446693275575813
1963-05-03,10.443124291039352
1963-05-06,10.387129848305268
1963-05-07,10.37991789598653
1963-05-08,10.46741291113314
1963-05-09,10.501714115420347
1963-05-10,10.525113233538441
1963-05-13,10.520037631568341
1963-05-14,10.520485933242126
1963-05-15,10.546392952165387
1963-05-16,10.530678892703673
1963-05-17,10.52022493073104
1963-05-20,10.488855351397545
1963-05-21,10.49346153723907
1963-05-22,10.505382746137421
1963-05-23,10.504052793343268
1963-05-24,10.49786137549262
1963-05-27,10.481878361610361
1963-05-28,10.4815641478094
1963-05-29,10.543038842463643
1963-05-31,10.598668531507416
1963-06-03,10.61405412138797
1963-06-04,10.617235671696422
1963-06-05,10.597474695132806
1963-06-06,10.591289180330909
1963-06-07,10.566882450097207
1963-06-10,10.499665629454807
1963-06-11,10.506458082809859
1963-06-12,10.552481943121238
1963-06-13,10.527175538443663
1963-06-14,10.533030552759541
1963-06-17,10.501352224414905
1963-06-18,10.521949171309267
1963-06-19,10.519935245006664
1963-06-20,10.523113789827645
1963-06-21,10.569323502098602
1963-06-24,10.573300651517552
1963-06-25,10.54376357468634
1963-06-26,10.439207420222349
1963-06-27,10.351213031584509
1963-06-28,10.386273114727066
1963-07-01,10.3136017517753
1963-07-02,10.387765392339055
1963-07-03,10.42997059214992
1963-07-05,10.47894651877983
1963-07-08,10.420225325939212
1963-07-09,10.48870957245495
1963-07-10,10.46618768646796
1963-07-11,10.456934250963924
1963-07-12,10.431551645073128
1963-07-15,10.359300801025768
1963-07-16,10.362743180735182
1963-07-17,10.32702445819072
1963-07-18,10.259301557905715
1963-07-19,10.224910606392292
1963-07-22,10.144484518582841
1963-07-23,10.129708550540512
1963-07-24,10.178721785075902
1963-07-25,10.174386153664788
1963-07-26,10.20534292922727
1963-07-29,10.226202786626299
1963-07-30,10.330632530000578
1963-07-31,10.320402029012715
1963-08-01,10.29707228920319
1963-08-02,10.352611746982761
1963-08-05,10.450673904562718
1963-08-06,10.47914153968734
1963-08-07,10.468839528196279
1963-08-08,10.479944585779732
1963-08-09,10.55672138354608
1963-08-12,10.597438871013143
1963-08-13,10.609212876155981
1963-08-14,10.645329214154946
1963-08-15,10.707362497245827
1963-08-16,10.722965068144424
1963-08-19,10.717099142554408
1963-08-20,10.724446423239893
1963-08-21,10.740845602672579
1963-08-22,10.789282842928118
1963-08-23,10.846522469513816
1963-08-26,10.863336734529154
1963-08-27,10.816387983192133
1963-08-28,10.91378650140206
1963-08-29,10.93548313662512
1963-08-30,10.975094327966119
1963-09-03,10.997159536273864
1963-09-04,11.001913201628744
1963-09-05,11.026094213740448
1963-09-06,11.001529891815313
1963-09-09,10.97304254697936
1963-09-10,11.056483529700019
1963-09-11,11.095873715707912
1963-09-12,11.090602262972043
1963-09-13,11.088713833732017
1963-09-16,11.085213287769776
1963-09-17,11.095496108810352
1963-09-18,11.039388441317998
1963-09-19,11.083803508028595
1963-09-20,11.11238164588579
1963-09-23,11.02228994359101
1963-09-24,11.028134500396952
1963-09-25,10.959553897274004
1963-09-26,10.87861409429391
1963-09-27,10.86697872681519
1963-09-30,10.77176987065566
1963-10-01,10.839938574816916
1963-10-02,10.850563478727008
1963-10-03,10.943135178148857
1963-10-04,10.957649362042975
1963-10-07,10.921015955941167
1963-10-08,10.920554962172032
1963-10-09,10.851082042315932
1963-10-10,10.857079707693119
1963-10-11,10.905472369466606
1963-10-14,10.944244574674588
1963-10-15,11.023760428971308
1963-10-16,11.137307518505397
1963-10-17,11.131856718726716
1963-10-18,11.148643476256161
1963-10-21,11.142075686697362
1963-10-22,11.10021950532097
1963-10-23,11.061048011657139
1963-10-24,11.17619767453294
1963-10-25,11.245165774927708
1963-10-28,11.239061406088902
1963-10-29,11.248881123888632
1963-10-30,11.168583576585574
1963-10-31,11.191951794258014
1963-11-01,11.209448539736456
1963-11-04,11.149207894122481
1963-11-06,11.063517336523567
1963-11-07,11.09957593153371
1963-11-08,11.171229522827327
1963-11-11,11.196651433303122
1963-11-12,11.174815649478955
1963-11-13,11.209454929011784
1963-11-14,11.177318859746148
1963-11-15,11.119167051356147
1963-11-18,11.014243385813208
1963-11-19,11.022704001535638
1963-11-20,11.036606850909884
1963-11-21,10.875022676851408
1963-11-22,10.57955845717388
1963-11-26,10.983737460045877
1963-11-27,10.987929289340224
1963-11-29,11.163513237693921
1963-12-02,11.249817450617156
1963-12-03,11.231533786938643
1963-12-04,11.293457204277132
1963-12-05,11.377052676776792
1963-12-06,11.364451968265335
1963-12-09,11.345088695516843
1963-12-10,11.3549562833538
1963-12-11,11.346178104178305
1963-12-12,11.330338769774025
1963-12-13,11.353707895344005
1963-12-16,11.387481991409274
1963-12-17,11.427417571362765
1963-12-18,11.41142380599089
1963-12-19,11.352290880330441
1963-12-20,11.333873743877875
1963-12-23,11.253571436317555
1963-12-24,11.289024973288624
1963-12-26,11.35836249472634
1963-12-27,11.378914599326825
1963-12-30,11.417922178794184
1963-12-31,11.490770023041785
1964-01-02,11.573666252859878
1964-01-03,11.625274490789945
1964-01-06,11.644302141804067
1964-01-07,11.657493189186809
1964-01-08,11.710322344003858
1964-01-09,11.754835476484867
1964-01-10,11.734316925791354
1964-01-13,11.748384577586501
1964-01-14,11.771490646739563
1964-01-15,11.851038137674676
1964-01-16,11.816529561757818
1964-01-17,11.834627816683145
1964-01-20,11.780842460963225
1964-01-21,11.770951697545252
1964-01-22,11.816728310111872
1964-01-23,11.854917669345953
1964-01-24,11.879674219463565
1964-01-27,11.831500679885188
1964-01-28,11.799627648674626
1964-01-29,11.724729324267567
1964-01-30,11.715093650702334
1964-01-31,11.75980574908856
1964-02-03,11.775127083513263
1964-02-04,11.724893662661163
1964-02-05,11.696958520207472
1964-02-06,11.731789300534754
1964-02-07,11.765791967278599
1964-02-10,11.75610689191005
1964-02-11,11.800754120087534
1964-02-12,11.836042187465534
1964-02-13,11.866502177541314
1964-02-14,11.881911729015602
1964-02-17,11.887264667824162
1964-02-18,11.884916032309672
1964-02-19,11.938179367141945
1964-02-20,11.955401086132452
1964-02-24,11.977318168768775
1964-02-25,11.9785252230663
1964-02-26,12.059741379365835
1964-02-27,12.015187308330685
1964-02-28,12.062423426067982
1964-03-02,12.101222300815813
1964-03-03,12.1222218806058
1964-03-04,12.10013023327697
1964-03-05,12.124501694232457
1964-03-06,12.181350513053765
1964-03-09,12.188088157740847
1964-03-10,12.193021397615775
1964-03-11,12.23061290527354
1964-03-12,12.22652001441984
1964-03-13,12.24122689985977
1964-03-16,12.230003398160758
1964-03-17,12.278771847810898
1964-03-18,12.284419840636755
1964-03-19,12.274887835494182
1964-03-20,12.233879405725581
1964-03-23,12.200553094107553
1964-03-24,12.170876197051808
1964-03-25,12.212100578844188
1964-03-26,12.241334078453047
1964-03-30,12.168995771464306
1964-03-31,12.082575210117618
1964-04-01,12.12769883832446
1964-04-02,12.158467157111774
1964-04-03,12.191524366331812
1964-04-06,12.211959329833135
1964-04-07,12.167024277290237
1964-04-08,12.190132727483235
1964-04-09,12.244972364182292
1964-04-10,12.274644927101761
1964-04-13,12.272759327593656
1964-04-14,12.258078364789993
1964-04-15,12.236632784366098
1964-04-16,12.249077768414324
1964-04-17,12.293704161109389
1964-04-20,12.293606335805853
1964-04-21,12.285406660647412
1964-04-22,12.317394822656341
1964-04-23,12.267402788686733
1964-04-24,12.171836970832048
1964-04-27,12.078735553409162
1964-04-28,12.17300530146024
1964-04-29,12.106350770495569
1964-04-30,12.080795439555134
1964-05-01,12.17997572325889
1964-05-04,12.23571684163872
1964-05-05,12.271672587785798
1964-05-06,12.305817922113777
1964-05-07,12.305137521761282
1964-05-08,12.317652218525525
1964-05-11,12.315240575415423
1964-05-12,12.341408035191913
1964-05-13,12.307652642433181
1964-05-14,12.310551153900871
1964-05-15,12.323447970416286
1964-05-18,12.290066711556712
1964-05-19,12.236520961808523
1964-05-20,12.31790655062049
1964-05-21,12.340438084437812
1964-05-22,12.34495742036288
1964-05-25,12.352080178646904
1964-05-26,12.323168284287416
1964-05-27,12.302237257601945
1964-05-28,12.31545633342805
1964-06-01,12.25525912087377
1964-06-02,12.178135475698877
1964-06-03,12.131460806160009
1964-06-04,11.983890483109997
1964-06-05,12.019827993320426
1964-06-08,11.935917495350505
1964-06-09,12.021406157258179
1964-06-10,12.061596153780396
1964-06-11,12.081544530624866
1964-06-12,12.070879037410986
1964-06-15,12.132506087338717
1964-06-16,12.195500172121706
1964-06-17,12.227744100124708
1964-06-18,12.22512317791436
1964-06-19,12.243966931433071
1964-06-22,12.286568823052116
1964-06-23,12.239901559753825
1964-06-24,12.297675267994023
1964-06-25,12.327924427634208
1964-06-26,12.350412068752771
1964-06-29,12.377082040357486
1964-06-30,12.386281295168933
1964-07-01,12.471003238822611
1964-07-02,12.519048287791962
1964-07-06,12.566138648804465
1964-07-07,12.589957544724232
1964-07-08,12.582539445096725
1964-07-09,12.588951673050223
1964-07-10,12.606371718571866
1964-07-13,12.614828781817144
1964-07-14,12.577604314190152
1964-07-15,12.629282982334962
1964-07-16,12.650769581485662
1964-07-17,12.702408978528084
1964-07-20,12.650060541587456
1964-07-21,12.631222291165606
1964-07-22,12.6299080172343
1964-07-23,12.615548148814064
1964-07-24,12.604653389774013
1964-07-27,12.54334261712222
1964-07-28,12.523788588076457
1964-07-29,12.561710921273583
1964-07-30,12.586606574800022
1964-07-31,12.597518052721284
1964-08-03,12.574563662497876
1964-08-04,12.418790911745356
1964-08-05,12.426108335724228
1964-08-06,12.319205937259634
1964-08-07,12.398323006653937
1964-08-10,12.40084228139144
1964-08-11,12.411376396935836
1964-08-12,12.480391916500208
1964-08-13,12.522430155648447
1964-08-14,12.512308455200518
1964-08-17,12.489526705136711
1964-08-18,12.516355730467707
1964-08-19,12.495533825449934
1964-08-20,12.430341920144688
1964-08-21,12.444360146874091
1964-08-24,12.430031548284658
1964-08-25,12.357779894241714
1964-08-26,12.3429919824369
1964-08-27,12.394391897076204
1964-08-28,12.434379910866607
1964-08-31,12.410710994076286
1964-09-01,12.480218598501995
1964-09-02,12.507879838391474
1964-09-03,12.541646411779402
1964-09-04,12.58798933998961
1964-09-08,12.578878795906462
1964-09-09,12.602061138179742
1964-09-10,12.63716146703164
1964-09-11,12.695669573843139
1964-09-14,12.668421272448272
1964-09-15,12.643121155635153
1964-09-16,12.681159079936418
1964-09-17,12.773007541432111
1964-09-18,12.73803027861572
1964-09-21,12.81224753909914
1964-09-22,12.790657199447562
1964-09-23,12.819005738996395
1964-09-24,12.818008190776084
1964-09-25,12.838700931004281
1964-09-28,12.848030758988362
1964-09-29,12.828335142120983
1964-09-30,12.832986778961939
1964-10-01,12.800612670717099
1964-10-02,12.819029692851093
1964-10-05,12.88817877629372
1964-10-06,12.918058149250065
1964-10-07,12.914505651928526
1964-10-08,12.952308177086262
1964-10-09,12.989059596739837
1964-10-12,12.987687383533979
1964-10-13,12.964294296864324
1964-10-14,12.976985249356952
1964-10-15,12.858371687701808
1964-10-16,12.974281003527093
1964-10-19,13.011390341577563
1964-10-20,13.071833978253046
1964-10-21,13.051576491767262
1964-10-22,13.031340388552842
1964-10-23,13.096248017286944
1964-10-26,13.061685546671818
1964-10-27,13.057200561367761
1964-10-28,12.991487339622234
1964-10-29,12.979192205907239
1964-10-30,12.983768193196413
1964-11-02,13.063582218730508
1964-11-04,13.06213172975974
1964-11-05,13.054752884322296
1964-11-06,13.042002296952905
1964-11-09,13.014186707788124
1964-11-10,12.942548105095852
1964-11-11,12.993575628326496
1964-11-12,13.046084300434222
1964-11-13,13.098129522979326
1964-11-16,13.142508997417083
1964-11-17,13.234087344393659
1964-11-18,13.277213101287318
1964-11-19,13.258681178240774
1964-11-20,13.254590330391013
1964-11-23,13.237503632152109
1964-11-24,13.185714821860543
1964-11-25,13.185555934451589
1964-11-27,13.148814288971469
1964-11-30,13.069223339321567
1964-12-01,12.948239492302914
1964-12-02,12.960545502019428
1964-12-03,13.009695805592859
1964-12-04,13.025534244424179
1964-12-07,13.023685980748883
1964-12-08,12.954079509517555
1964-12-09,12.85735967984453
1964-12-10,12.828583879881984
1964-12-11,12.843576987037896
1964-12-14,12.834731736829168
1964-12-15,12.766755713310067
1964-12-16,12.806252023784907
1964-12-17,12.874024779755642
1964-12-18,12.962029679914512
1964-12-21,12.968911500733773
1964-12-22,12.94029484329707
1964-12-23,12.898628445335877
1964-12-24,12.911581528503206
1964-12-28,12.881167041482389
1964-12-29,12.856009156896032
1964-12-30,12.92320704426564
1964-12-31,12.981171944744643
1965-01-04,12.932146917376112
1965-01-05,12.976641201385934
1965-01-06,13.033320902121348
1965-01-07,13.115467396899081
1965-01-08,13.158031060918924
1965-01-11,13.134750314278433
1965-01-12,13.149672318289538
1965-01-13,13.196502732095675
1965-01-14,13.239859908736177
1965-01-15,13.30079815033032
1965-01-18,13.324691160906973
1965-01-19,13.342416909122376
1965-01-20,13.334924858722971
1965-01-21,13.353416383989016
1965-01-22,13.431762069799678
1965-01-25,13.458982538063339
1965-01-26,13.492503092393976
1965-01-27,13.55659250936408
1965-01-28,13.630833971039689
1965-01-29,13.6968191044833
1965-02-01,13.687481387916772
1965-02-02,13.714040019441564
1965-02-03,13.758505064482538
1965-02-04,13.764851454649781
1965-02-05,13.764131865771605
1965-02-08,13.744957583384348
1965-02-09,13.79800500487908
1965-02-10,13.689539592304628
1965-02-11,13.571910688973281
1965-02-12,13.71413252279955
1965-02-15,13.74597721106955
1965-02-16,13.747596865681519
1965-02-17,13.766132381421444
1965-02-18,13.792649594166594
1965-02-19,13.855231130268303
1965-02-23,13.955834840576044
1965-02-24,14.04727392754156
1965-02-25,14.123897098569046
1965-02-26,14.197209068343726
1965-03-01,14.186702573995536
1965-03-02,14.200442696152729
1965-03-03,14.170041385078672
1965-03-04,14.15042054685726
1965-03-05,14.092904665314252
1965-03-08,14.120204677193207
1965-03-09,14.081695110630097
1965-03-10,14.083220313731594
1965-03-11,14.125524896504196
1965-03-12,14.216651719587132
1965-03-15,14.245550300224362
1965-03-16,14.207935491228412
1965-03-17,14.163770404862053
1965-03-18,14.15483668266677
1965-03-19,14.17754369728108
1965-03-22,14.190973153744423
1965-03-23,14.217102781295036
1965-03-24,14.231348642917652
1965-03-25,14.210394851236746
1965-03-26,14.177986504351617
1965-03-29,14.132501861021803
1965-03-30,14.162147467661912
1965-03-31,14.207291858480607
1965-04-01,14.227456291123547
1965-04-02,14.245289214837486
1965-04-05,14.238778117935729
1965-04-06,14.248168244387326
1965-04-07,14.300528337817598
1965-04-08,14.394679160229666
1965-04-09,14.45319486689675
1965-04-12,14.5251166398859
1965-04-13,14.60504833958314
1965-04-14,14.67862091465723
1965-04-15,14.693228565831264
1965-04-19,14.756801077593266
1965-04-20,14.730638510223713
1965-04-21,14.694055893441623
1965-04-22,14.772062732285665
1965-04-23,14.81208299570993
1965-04-26,14.838540825247717
1965-04-27,14.830317751323168
1965-04-28,14.80713712085765
1965-04-29,14.820770848512838
1965-04-30,14.834064074345308
1965-05-03,14.841540339801082
1965-05-04,14.884934724141191
1965-05-05,14.876045584648743
1965-05-06,14.880365661733778
1965-05-07,14.877701183814397
1965-05-10,14.867388256484901
1965-05-11,14.825729671715955
1965-05-12,14.845242370853416
1965-05-13,14.889380852568781
1965-05-14,14.851233611799753
1965-05-17,14.81856691916289
1965-05-18,14.797427566245373
1965-05-19,14.819250660315486
1965-05-20,14.680763327391391
1965-05-21,14.61121043760322
1965-05-24,14.455062117457588
1965-05-25,14.574111342306557
1965-05-26,14.556361795238825
1965-05-27,14.44674382951689
1965-05-28,14.526520496631193
1965-06-01,14.420530470008094
1965-06-02,14.294640975185512
1965-06-03,14.24191648929605
1965-06-04,14.226638735347278
1965-06-07,14.170640626494455
1965-06-08,14.006906944563191
1965-06-09,13.831396072565731
1965-06-10,13.692188135934451
1965-06-11,13.75898879035896
1965-06-14,13.495508415474147
1965-06-15,13.605155926269923
1965-06-16,13.767291580738137
1965-06-17,13.849358908735336
1965-06-18,13.79616047014425
1965-06-21,13.682005759320877
1965-06-22,13.733446290350539
1965-06-23,13.653445009378407
1965-06-24,13.3834965482314
1965-06-25,13.277157384938018
1965-06-28,12.884808963816642
1965-06-29,13.030658963917485
1965-06-30,13.384749897161033
1965-07-01,13.436276381763795
1965-07-02,13.581467016950471
1965-07-06,13.557169919626038
1965-07-07,13.538616561931919
1965-07-08,13.65994709670072
1965-07-09,13.757542630942186
1965-07-12,13.762670584677812
1965-07-13,13.751831534147076
1965-07-14,13.80874795598152
1965-07-15,13.801347031909774
1965-07-16,13.787933511818386
1965-07-19,13.797028677166553
1965-07-20,13.60599401331343
1965-07-21,13.540926280168827
1965-07-22,13.545878182030522
1965-07-23,13.60463184283645
1965-07-26,13.657271467077331
1965-07-27,13.65766045675784
1965-07-28,13.697530807704018
1965-07-29,13.820275060887473
1965-07-30,13.924825564431291
1965-08-02,14.015506142278822
1965-08-03,14.036709383601977
1965-08-04,14.109233953011302
1965-08-05,14.162286797199929
1965-08-06,14.235631619980376
1965-08-09,14.243607026256958
1965-08-10,14.239126403065722
1965-08-11,14.308428235624492
1965-08-12,14.382388398039357
1965-08-13,14.49347195080037
1965-08-16,14.497466917989314
1965-08-17,14.518131037794884
1965-08-18,14.535211741837387
1965-08-19,14.482798639780782
1965-08-20,14.480018884032916
1965-08-23,14.521165387707182
1965-08-24,14.597475306840854
1965-08-25,14.639429826269888
1965-08-26,14.722493264034286
1965-08-27,14.780192608015678
1965-08-30,14.807141609387822
1965-08-31,14.78867956781485
1965-09-01,14.81418170929485
1965-09-02,14.928779536298846
1965-09-03,15.001898420437719
1965-09-07,15.064555937439637
1965-09-08,15.093750433255959
1965-09-09,15.148794586257974
1965-09-10,15.206130473723734
1965-09-13,15.264088225772474
1965-09-14,15.169664292681551
1965-09-15,15.238646438265993
1965-09-16,15.307653163018458
1965-09-17,15.339817793557987
1965-09-20,15.402741522508967
1965-09-21,15.400262728694898
1965-09-22,15.561288552669238
1965-09-23,15.49217390645095
1965-09-24,15.589572392001038
1965-09-27,15.709045099191872
1965-09-28,15.71675408334062
1965-09-29,15.581790441998555
1965-09-30,15.484625972257192
1965-10-01,15.515019212131078
1965-10-04,15.595002132906888
1965-10-05,15.71147887418139
1965-10-06,15.708847946760688
1965-10-07,15.70890269238296
1965-10-08,15.881995189387075
1965-10-11,16.068401714043365
1965-10-12,16.08813478513557
1965-10-13,16.108706340898827
1965-10-14,16.089374837587894
1965-10-15,16.123600375825646
1965-10-18,16.202212233224603
1965-10-19,16.243977633652214
1965-10-20,16.26627038048206
1965-10-21,16.29710866439327
1965-10-22,16.267276861544406
1965-10-25,16.11878448948033
1965-10-26,16.288801683050668
1965-10-27,16.367257451554693
1965-10-28,16.311079546403818
1965-10-29,16.36873222879856
1965-11-01,16.35580929906544
1965-11-03,16.36950989549193
1965-11-04,16.47752143264683
1965-11-05,16.54090129357712
1965-11-08,16.53306210582542
1965-11-09,16.556274154830085
1965-11-10,16.570530942634786
1965-11-11,16.653116767613007
1965-11-12,16.805292044708736
1965-11-15,16.930774515888984
1965-11-16,16.99734429866521
1965-11-17,16.951303386397456
1965-11-18,16.963877901360494
1965-11-19,17.05386464260074
1965-11-22,17.00425110577975
1965-11-23,17.145040979548085
1965-11-24,17.21725684319173
1965-11-26,17.36673542796869
1965-11-29,17.436008828258043
1965-11-30,17.440930976076736
1965-12-01,17.45098569850813
1965-12-02,17.478767810157898
1965-12-03,17.546739648430897
1965-12-06,17.36357795297672
1965-12-07,17.61504429459384
1965-12-08,17.670668834779114
1965-12-09,17.75248645446652
1965-12-10,17.82278878949353
1965-12-13,17.918799953835112
1965-12-14,17.996137962692476
1965-12-15,18.058645460593947
1965-12-16,18.173904418460047
1965-12-17,18.17499941731952
1965-12-20,17.989728131435243
1965-12-21,18.039954415849763
1965-12-22,17.93084219407897
1965-12-23,17.833397234631075
1965-12-27,17.743586192602518
1965-12-28,17.74833019132594
1965-12-29,17.896363145441086
1965-12-30,17.961020715776208
1965-12-31,18.03566347502909
1966-01-03,18.033133463096455
1966-01-04,18.07848471349087
1966-01-05,18.15348938168231
1966-01-06,18.10752275278635
1966-01-07,18.151865607234072
1966-01-10,18.27445984616601
1966-01-11,18.399834217598915
1966-01-12,18.443681854244762
1966-01-13,18.607624126002673
1966-01-14,18.72204779381146
1966-01-17,18.802833562640846
1966-01-18,18.93056101800645
1966-01-19,18.956881027420646
1966-01-20,18.90287121978052
1966-01-21,18.92008886635812
1966-01-24,19.011890987971213
1966-01-25,19.075992775501966
1966-01-26,19.11507361000979
1966-01-27,19.18870835184122
1966-01-28,19.17655468385161
1966-01-31,19.086784601259524
1966-02-01,18.760335125309975
1966-02-02,18.93756190124994
1966-02-03,18.91309183890586
1966-02-04,19.022992387757665
1966-02-07,19.18678276098664
1966-02-08,19.1854166197874
1966-02-09,19.459162142404992
1966-02-10,19.516655447822092
1966-02-11,19.583117945233525
1966-02-14,19.62957784179067
1966-02-15,19.573840916108438
1966-02-16,19.612786969770788
1966-02-17,19.52644612840509
1966-02-18,19.50301955315908
1966-02-21,19.42519628277441
1966-02-23,19.38732527386041
1966-02-24,19.29591233855837
1966-02-25,19.38894048626371
1966-02-28,19.590780178720355
1966-03-01,19.27360508571199
1966-03-02,18.97788373680901
1966-03-03,19.165670109944628
1966-03-04,19.00492927550506
1966-03-07,18.6274058212988
1966-03-08,18.568442131951176
1966-03-09,18.813494704264702
1966-03-10,18.750847126917012
1966-03-11,18.78016993553056
1966-03-14,18.45800363419945
1966-03-15,18.134529987282576
1966-03-16,18.32745365366002
1966-03-17,18.422907980823425
1966-03-18,18.642926826178158
1966-03-21,19.046308252807673
1966-03-22,19.123528528245323
1966-03-23,19.120646013319238
1966-03-24,19.215844342161507
1966-03-25,19.341316052322636
1966-03-28,19.589444990806562
1966-03-29,19.46061779287145
1966-03-30,19.263650127404098
1966-03-31,19.413062629984815
1966-04-01,19.639165203661417
1966-04-04,19.88874477827223
1966-04-05,20.005076623821644
1966-04-06,20.034625949632815
1966-04-07,20.22582521760574
1966-04-11,20.384730396635998
1966-04-12,20.45272795372824
1966-04-13,20.566135752145534
1966-04-14,20.676423139668632
1966-04-15,20.725451390323915
1966-04-18,20.557996156058383
1966-04-19,20.626330008228642
1966-04-20,20.71491509758645
1966-04-21,20.717080089116504
1966-04-22,20.617528339013948
1966-04-25,20.62007485745848
1966-04-26,20.643112506428043
1966-04-27,20.52288815278459
1966-04-28,20.349670712499027
1966-04-29,20.4192602487565
1966-05-02,20.32256894958209
1966-05-03,19.960603641511586
1966-05-04,19.808094920275238
1966-05-05,19.15290149840387
1966-05-06,19.090016969468596
1966-05-09,18.571926455217387
1966-05-10,18.784004909103952
1966-05-11,18.793942614838627
1966-05-12,18.40113037010483
1966-05-13,18.05687108276474
1966-05-16,17.54307185289356
1966-05-17,17.195371026441382
1966-05-18,17.7926808205762
1966-05-19,17.716697669210287
1966-05-20,17.936897121413597
1966-05-23,18.21843632595175
1966-05-24,18.424267875141958
1966-05-25,18.54413881751413
1966-05-26,18.535610300567754
1966-05-27,18.655927839153478
1966-05-31,18.320486215814608
1966-06-01,18.36502219950787
1966-06-02,18.381757237091527
1966-06-03,18.44606769796191
1966-06-06,18.248585484071906
1966-06-07,18.10251569883479
1966-06-08,18.234923520175133
1966-06-09,18.511111774963563
1966-06-10,18.848211866905835
1966-06-13,18.947578133854925
1966-06-14,19.0835921854623
1966-06-15,19.12500204078341
1966-06-16,19.150389394301236
1966-06-17,19.169637134509784
1966-06-20,19.134576213001303
1966-06-21,19.214191469240383
1966-06-22,19.273307147222276
1966-06-23,19.114344709990835
1966-06-24,19.155952108370762
1966-06-27,18.904835682972593
1966-06-28,18.790346427058772
1966-06-29,18.463522528772703
1966-06-30,18.405188033081508
1966-07-01,18.61799855173639
1966-07-05,18.555691904403297
1966-07-06,18.86660437970152
1966-07-07,18.94257746909838
1966-07-08,19.00112585832569
1966-07-11,18.994346673854903
1966-07-12,18.893427366752604
1966-07-13,18.795540945865376
1966-07-14,18.95798015169774
1966-07-15,19.038352503308953
1966-07-18,18.972175796863617
1966-07-19,18.79518083975335
1966-07-20,18.63455361781808
1966-07-21,18.57511111355178
1966-07-22,18.533530439154312
1966-07-25,18.008446699942905
1966-07-26,17.941451991329156
1966-07-27,18.086111852849942
1966-07-28,17.99987769442203
1966-07-29,17.949079245469004
1966-08-01,17.564751301017015
1966-08-02,17.55877088051886
1966-08-03,17.821102232992388
1966-08-04,17.951786735252313
1966-08-05,17.97717076363102
1966-08-08,17.969311402686767
1966-08-09,18.056195604467735
1966-08-10,17.976379012473192
1966-08-11,18.04749039037138
1966-08-12,18.1691101002661
1966-08-15,18.117403795786256
1966-08-16,17.8748188178775
1966-08-17,17.73713450376625
1966-08-18,17.504109296586112
1966-08-19,17.34320291098107
1966-08-22,16.996479514112167
1966-08-23,17.031258954916062
1966-08-24,17.222921098549914
1966-08-25,16.924632011379547
1966-08-26,16.307019684002096
1966-08-29,15.678189132038137
1966-08-30,15.999707651503064
1966-08-31,16.24739741896673
1966-09-01,16.252364253479993
1966-09-02,16.1745996502362
1966-09-06,16.085817372694194
1966-09-07,15.876517340269602
1966-09-08,15.847946461736214
1966-09-09,15.968377284167362
1966-09-12,16.414131306577158
1966-09-13,16.519498380447512
1966-09-14,16.639540316750683
1966-09-15,16.73532146558782
1966-09-16,16.70727456791493
1966-09-19,16.624683374671136
1966-09-20,16.514926061179906
1966-09-21,16.162437005871265
1966-09-22,16.15943582658852
1966-09-23,16.10968900213311
1966-09-26,16.205587980248787
1966-09-27,16.221904659059373
1966-09-28,16.038720521682887
1966-09-29,15.7851961926436
1966-09-30,15.772022713828635
1966-10-03,15.292120662256075
1966-10-04,15.119610081738792
1966-10-05,14.87919543972437
1966-10-06,14.521004954973531
1966-10-07,14.252283158850913
1966-10-10,14.553069448542642
1966-10-11,14.607766429921828
1966-10-12,14.954012504863865
1966-10-13,14.995864890615083
1966-10-14,15.002355871364035
1966-10-17,15.126503591949536
1966-10-18,15.412924309786478
1966-10-19,15.303374522777373
1966-10-20,15.238232255671592
1966-10-21,15.204344035438655
1966-10-24,15.202038781593297
1966-10-25,15.190368647843854
1966-10-26,15.38655019547693
1966-10-27,15.513052158466458
1966-10-28,15.520625466911149
1966-10-31,15.554159823924383
1966-11-01,15.753528184989998
1966-11-02,15.83941961181662
1966-11-03,15.867997053586667
1966-11-04,15.955660672425784
1966-11-07,15.966255710367973
1966-11-09,16.17103581769736
1966-11-10,16.263145584208186
1966-11-11,16.343696417170396
1966-11-14,16.297171815641025
1966-11-15,16.43204285513349
1966-11-16,16.658486284155877
1966-11-17,16.54967957603725
1966-11-18,16.498175022814532
1966-11-21,16.251530648644646
1966-11-22,16.222422927249685
1966-11-23,16.41974462463343
1966-11-25,16.69224553974864
1966-11-28,16.715994058260513
1966-11-29,16.708593421520366
1966-11-30,16.864638736132076
1966-12-01,16.85173383415868
1966-12-02,16.821612280026663
1966-12-05,16.87126523714595
1966-12-06,16.98216113977694
1966-12-07,17.161620090537237
1966-12-08,17.214055159703246
1966-12-09,17.25671715508052
1966-12-12,17.410060957795626
1966-12-13,17.374153358181594
1966-12-14,17.417685365390177
1966-12-15,17.262828100059007
1966-12-16,17.298061550381313
1966-12-19,17.282466386127247
1966-12-20,17.16199160971753
1966-12-21,17.24231009102316
1966-12-22,17.320156536738438
1966-12-23,17.31686454108958
1966-12-27,17.25072034538172
1966-12-28,17.112640128515945
1966-12-29,17.00908424200704
1966-12-30,17.03988005845725
1967-01-03,17.078421958652886
1967-01-04,17.099926945988866
1967-01-05,17.303676078710204
1967-01-06,17.452959456954364
1967-01-09,17.610978502331758
1967-01-10,17.588231849003975
1967-01-11,17.835268725659315
1967-01-12,17.91557153188757
1967-01-13,18.100098837062863
1967-01-16,18.081913355339506
1967-01-17,18.283424007734414
1967-01-18,18.35582780705625
1967-01-19,18.391427583287676
1967-01-20,18.5357426514824
1967-01-23,18.619189777773183
1967-01-24,18.734707905676068
1967-01-25,18.616944117290885
1967-01-26,18.668551819680175
1967-01-27,18.773248197748654
1967-01-30,18.897486133778123
1967-01-31,18.847079202915065
1967-02-01,18.85831136773917
1967-02-02,18.914814412116847
1967-02-03,19.013117216603707
1967-02-06,18.940513855912563
1967-02-07,18.908280871716574
1967-02-08,19.112010316118457
1967-02-09,19.08398123740095
1967-02-10,19.14820565455921
1967-02-13,19.217892882354576
1967-02-14,19.342625519137215
1967-02-15,19.375154035644485
1967-02-16,19.29027739056951
1967-02-17,19.326587185897342
1967-02-20,19.320146139446315
1967-02-21,19.39927255072183
1967-02-23,19.425953666238108
1967-02-24,19.527130564447525
1967-02-27,19.36385605365109
1967-02-28,19.455486098341147
1967-03-01,19.6990703331965
1967-03-02,19.794529798179163
1967-03-03,19.831610471796473
1967-03-06,19.847664811112885
1967-03-07,19.90774705836039
1967-03-08,19.961519821104343
1967-03-09,20.043935857603543
1967-03-10,20.074015674577222
1967-03-13,19.983143006746324
1967-03-14,19.95899561631124
1967-03-15,20.05947881332546
1967-03-16,20.27651782475002
1967-03-17,20.291186880484947
1967-03-20,20.34752868654449
1967-03-21,20.251040817291592
1967-03-22,20.3417754384909
1967-03-23,20.421107914565766
1967-03-27,20.4532236795384
1967-03-28,20.464459322754156
1967-03-29,20.46549734753632
1967-03-30,20.606199523428177
1967-03-31,20.52076856843515
1967-04-03,20.279401683184297
1967-04-04,20.25492507367937
1967-04-05,20.40405383841957
1967-04-06,20.456046311210187
1967-04-07,20.314688693464074
1967-04-10,19.98629752544909
1967-04-11,20.181333698888096
1967-04-12,20.235225363853132
1967-04-13,20.34380060788718
1967-04-14,20.500041727398646
1967-04-17,20.607543882854287
1967-04-18,20.765673854912627
1967-04-19,20.830057175782787
1967-04-20,20.91822077359587
1967-04-21,21.08220382261517
1967-04-24,21.194254463527194
1967-04-25,21.314334798972904
1967-04-26,21.236340082010308
1967-04-27,21.471636299855273
1967-04-28,21.565335545417657
1967-05-01,21.694836691006557
1967-05-02,21.717358396803707
1967-05-03,21.71339826718263
1967-05-04,21.727154234171195
1967-05-05,21.671791287605807
1967-05-08,21.674948252454612
1967-05-09,21.427135574894375
1967-05-10,21.37498956766014
1967-05-11,21.514553353673456
1967-05-12,21.51801977664435
1967-05-15,21.38561448546793
1967-05-16,21.532715169218154
1967-05-17,21.502780843914937
1967-05-18,21.569541937760675
1967-05-19,21.618291202694063
1967-05-22,21.587669165336106
1967-05-23,21.467475416269927
1967-05-24,21.20765530286709
1967-05-25,21.38186848275353
1967-05-26,21.36170544775247
1967-05-29,21.340725715096603
1967-05-31,20.937181220811343
1967-06-01,21.25308166175468
1967-06-02,21.256827259743368
1967-06-05,20.74418698043815
1967-06-06,21.30524789706341
1967-06-07,21.591782172310484
1967-06-08,21.82453816829207
1967-06-09,21.95990316334179
1967-06-12,22.17813194640178
1967-06-13,22.357268251611337
1967-06-14,22.384424295336938
1967-06-15,22.51571985876741
1967-06-16,22.458281573322733
1967-06-19,22.498883042064985
1967-06-20,22.518330283652197
1967-06-21,22.44383024309005
1967-06-22,22.497948538430567
1967-06-23,22.52536811972744
1967-06-26,22.4407125425065
1967-06-27,22.354822620994145
1967-06-28,22.409108688621497
1967-06-29,22.167377269321562
1967-06-30,22.152670450596585
1967-07-03,22.27127209760419
1967-07-05,22.38001223255268
1967-07-06,22.386645908565075
1967-07-07,22.560820052348213
1967-07-10,22.733308887903835
1967-07-11,22.85721691186994
1967-07-12,22.907403761623822
1967-07-13,22.90051127509685
1967-07-14,22.95566199975363
1967-07-17,22.963213214572068
1967-07-18,23.024438978287638
1967-07-19,22.999198726582073
1967-07-20,22.95064882728411
1967-07-21,22.864035521749475
1967-07-24,22.706141339020636
1967-07-25,22.79179728551619
1967-07-26,22.931608476853835
1967-07-27,23.06300763158847
1967-07-28,23.129400171315286
1967-07-31,23.180648329393733
1967-08-01,23.29638053454189
1967-08-02,23.365264300003954
1967-08-03,23.34360695401572
1967-08-04,23.475602727157746
1967-08-07,23.416035861621474
1967-08-08,23.418116436267482
1967-08-09,23.44956461752492
1967-08-10,23.378689972150866
1967-08-11,23.195956216997043
1967-08-14,22.992793363065207
1967-08-15,23.006540371945267
1967-08-16,22.933926416069117
1967-08-17,23.000200761467386
1967-08-18,23.069727464838962
1967-08-21,22.949720881830242
1967-08-22,22.831978713511674
1967-08-23,22.82313014326787
1967-08-24,22.681170299188732
1967-08-25,22.512066237467877
1967-08-28,22.588195797489288
1967-08-29,22.709722463736377
1967-08-30,22.874467462472285
1967-08-31,23.096362240852212
1967-09-01,23.238864804161185
1967-09-05,23.314419361837075
1967-09-06,23.43770741007666
1967-09-07,23.46882782192853
1967-09-08,23.52648355348733
1967-09-11,23.65472140936524
1967-09-12,23.767162409717542
1967-09-13,23.9249243432501
1967-09-14,23.8325471510203
1967-09-15,23.895083887599057
1967-09-18,24.032240953363793
1967-09-19,23.896380364607257
1967-09-20,24.021909749471227
1967-09-21,24.256224037605826
1967-09-22,24.409565506184443
1967-09-25,24.49360203205482
1967-09-26,24.2233142086331
1967-09-27,24.29317176023205
1967-09-28,24.36719660480641
1967-09-29,24.439411002493586
1967-10-02,24.338984135037336
1967-10-03,24.398175844785875
1967-10-04,24.418525329763956
1967-10-05,24.661823091289676
1967-10-06,25.03319948270847
1967-10-09,25.080499538344935
1967-10-10,24.757384045094565
1967-10-11,24.61786123145718
1967-10-12,24.523086370591034
1967-10-13,24.664718358825535
1967-10-16,24.511822547747666
1967-10-17,24.5879890670456
1967-10-18,24.912780875084586
1967-10-19,24.839261330351576
1967-10-20,24.88906881613733
1967-10-23,24.890960118787213
1967-10-24,24.663840330949736
1967-10-25,24.854431291481013
1967-10-26,24.986988925629074
1967-10-27,24.950823667813207
1967-10-30,24.90372104364173
1967-10-31,24.655991598701213
1967-11-01,24.374089091383823
1967-11-02,24.13405283561486
1967-11-03,24.13057969949305
1967-11-06,24.101195231675614
1967-11-08,23.888095209493642
1967-11-09,24.068981353074
1967-11-10,24.298827073738913
1967-11-13,23.889332803538345
1967-11-14,23.461059397701565
1967-11-15,23.651304666434932
1967-11-16,23.97058140284394
1967-11-17,24.186477616304177
1967-11-20,23.629927678631343
1967-11-21,24.40166734029433
1967-11-22,24.699910488861857
1967-11-24,24.634271841675076
1967-11-27,24.871152407155463
1967-11-28,25.189095290628043
1967-11-29,25.212596655193106
1967-11-30,25.097547667332517
1967-12-01,25.482546915492893
1967-12-04,25.917473207514448
1967-12-05,25.910945651493805
1967-12-06,26.046053257371078
1967-12-07,26.00349948401715
1967-12-08,26.058016372147584
1967-12-11,26.089637144783538
1967-12-12,26.270809932252178
1967-12-13,26.548207539873676
1967-12-14,26.72161641190971
1967-12-15,26.41332722160976
1967-12-18,26.402414805871246
1967-12-19,26.421582835586594
1967-12-20,26.618824690082285
1967-12-21,26.626979466633145
1967-12-22,26.730708845314968
1967-12-26,26.89260669882438
1967-12-27,27.0747168453901
1967-12-28,27.07026512483829
1967-12-29,27.293877722121678
1968-01-02,27.124457785489675
1968-01-03,26.776206736680738
1968-01-04,26.67151028831509
1968-01-05,26.777111165735395
1968-01-08,26.837247879069857
1968-01-09,26.60414581301931
1968-01-10,26.932426916528556
1968-01-11,27.208642523662693
1968-01-12,27.31243413278159
1968-01-15,27.4565194288325
1968-01-16,27.424732638505787
1968-01-17,27.615585699852108
1968-01-18,27.844570584313605
1968-01-19,27.668141564700854
1968-01-22,27.02810282929364
1968-01-23,26.86296340475104
1968-01-24,26.83382113723357
1968-01-25,26.869682862677983
1968-01-26,26.895070700776568
1968-01-29,26.759175388966426
1968-01-30,26.501485002252622
1968-01-31,26.119920724720902
1968-02-01,26.118825216345144
1968-02-02,25.981446574981497
1968-02-05,25.760282713675362
1968-02-06,25.659502501791756
1968-02-07,25.610905643510254
1968-02-08,24.885029200222014
1968-02-09,24.496521485968657
1968-02-13,24.079816032323027
1968-02-14,24.531983820095242
1968-02-15,24.787074122966928
1968-02-16,24.646563962553852
1968-02-19,24.689580396043382
1968-02-20,24.907506787776676
1968-02-21,24.9700453922707
1968-02-23,24.81756193095616
1968-02-26,24.57143218886154
1968-02-27,24.642431474048625
1968-02-28,24.552453178589698
1968-02-29,24.29881467362932
1968-03-01,24.093556710291328
1968-03-04,23.47045845676841
1968-03-05,23.187589202197127
1968-03-06,23.842437934906485
1968-03-07,23.82293733603391
1968-03-08,23.897121959116557
1968-03-11,24.34117026106453
1968-03-12,24.486391039978518
1968-03-13,24.485425879756928
1968-03-14,23.723904906368613
1968-03-15,23.920903940290486
1968-03-18,24.24403767395415
1968-03-19,24.021883081612906
1968-03-20,23.97520836888246
1968-03-21,23.664923973608914
1968-03-22,23.57845257066297
1968-03-25,23.562766198370543
1968-03-26,23.80619259509368
1968-03-27,24.085358185764203
1968-03-28,24.131221454342327
1968-03-29,24.34345104998099
1968-04-01,24.916869698435743
1968-04-02,25.127838477901907
1968-04-03,25.380977156701178
1968-04-04,25.485467897994084
1968-04-05,25.35880946860143
1968-04-08,25.88754816166954
1968-04-10,26.04247715395195
1968-04-11,26.38798857590059
1968-04-15,26.567989212650737
1968-04-16,26.80859884775663
1968-04-17,27.08498215974349
1968-04-18,27.16214145748472
1968-04-19,26.848111283758655
1968-04-22,26.806440113855288
1968-04-23,27.398060224400215
1968-04-24,27.677640891277026
1968-04-25,27.935801985378998
1968-04-26,28.1658915285725
1968-04-29,28.42476765791875
1968-04-30,28.494753890056266
1968-05-01,28.540877546332243
1968-05-02,28.757665732197413
1968-05-03,28.70751494615914
1968-05-06,28.747910420631815
1968-05-07,28.997543988484665
1968-05-08,29.016999712665932
1968-05-09,28.841239255643888
1968-05-10,29.101228375811885
1968-05-13,29.371311426354026
1968-05-14,29.468385055188392
1968-05-15,29.463920612079967
1968-05-16,29.369687986169584
1968-05-17,29.13529833123845
1968-05-20,29.09340011958981
1968-05-21,29.33898520246985
1968-05-22,29.636579227121043
1968-05-23,29.738217414705893
1968-05-24,29.80005896997797
1968-05-27,30.00055471234373
1968-05-28,30.261358729160104
1968-05-29,30.38022297286452
1968-05-31,30.513462147718062
1968-06-03,30.897456495349257
1968-06-04,31.1333666632515
1968-06-05,31.165617332743675
1968-06-06,31.584856190623626
1968-06-07,31.787637691790035
1968-06-10,31.785464889272745
1968-06-11,31.815492261567005
1968-06-13,31.630888448365763
1968-06-14,31.535553963155646
1968-06-17,30.954434510462395
1968-06-18,30.864999475438868
1968-06-20,31.02915399679688
1968-06-21,31.049530747426797
1968-06-24,30.80841204362653
1968-06-25,30.53335749472674
1968-06-27,30.44863495521652
1968-06-28,30.527616189994376
1968-07-01,30.473256249187187
1968-07-02,30.802033961347135
1968-07-03,31.431218865855147
1968-07-08,31.952392361710253
1968-07-09,32.02838703886846
1968-07-11,31.979323708051975
1968-07-12,31.913448936067493
1968-07-15,31.726090108405682
1968-07-16,31.58661144139579
1968-07-18,31.50387499590499
1968-07-19,31.08327092492647
1968-07-22,30.37696185513126
1968-07-23,30.261827192434367
1968-07-25,29.726839924088047
1968-07-26,29.659498957771767
1968-07-29,29.250820090922875
1968-07-30,29.287872313148508
1968-08-01,29.1413472020892
1968-08-02,28.91250368926618
1968-08-05,29.148344114739647
1968-08-06,29.493380232172754
1968-08-08,29.398534605214675
1968-08-09,29.38387843419178
1968-08-12,29.753389107939288
1968-08-13,29.90454379518674
1968-08-15,29.87457868241518
1968-08-16,30.069436301644277
1968-08-19,30.262379373935953
1968-08-20,30.40616590745074
1968-08-22,30.336295781655895
1968-08-23,30.377485867500035
1968-08-26,30.3540166183825
1968-08-27,30.205066238589044
1968-08-29,30.14065979329398
1968-08-30,30.309302225297184
1968-09-03,30.376391029340372
1968-09-04,30.473076679869994
1968-09-05,30.84730387148022
1968-09-06,30.981476131426206
1968-09-09,31.08266063060033
1968-09-10,31.040871810346786
1968-09-12,31.114404002591627
1968-09-13,31.341920560279263
1968-09-16,31.497820924031995
1968-09-17,31.676483306705972
1968-09-19,31.880701996806877
1968-09-20,31.972160889148913
1968-09-23,32.22108699212863
1968-09-24,32.36399716859854
1968-09-26,32.3128315274647
1968-09-27,32.62257974135604
1968-09-30,32.9235751356734
1968-10-01,32.990679108248635
1968-10-03,33.01820683918752
1968-10-04,33.08907536261091
1968-10-07,33.04761055572221
1968-10-08,33.01543113662753
1968-10-10,32.88672673434327
1968-10-11,32.97916832200687
1968-10-14,33.045193814806765
1968-10-15,33.08481600071243
1968-10-17,33.25559315479535
1968-10-18,33.50772832486957
1968-10-21,33.6085470600004
1968-10-22,33.60725371233525
1968-10-24,33.52598290121624
1968-10-25,33.55821898772552
1968-10-28,33.42727955248587
1968-10-29,33.18189334215289
1968-10-31,33.080489711931584
1968-11-01,32.89549035155202
1968-11-04,32.86416076764176
1968-11-06,32.84063673684008
1968-11-07,32.82258160550817
1968-11-08,33.07262986444258
1968-11-12,33.429167892643854
1968-11-13,33.78647999198574
1968-11-14,33.91627736265075
1968-11-15,34.09751409461291
1968-11-18,34.076176926913654
1968-11-19,34.062245425761304
1968-11-21,34.224165262242856
1968-11-22,34.39853021845707
1968-11-25,34.637264649865955
1968-11-26,34.78935331371734
1968-11-27,35.102633859133064
1968-11-29,35.41428287434913
1968-12-02,35.505491272044594
1968-12-03,35.54211808113877
1968-12-05,35.58948429162287
1968-12-06,35.70635499983126
1968-12-09,35.789681419434494
1968-12-10,35.749168016489385
1968-12-12,35.833080086759075
1968-12-13,36.09826672269093
1968-12-16,35.971689138662974
1968-12-17,35.76616753052518
1968-12-19,35.70762513122289
1968-12-20,35.72179268051859
1968-12-23,35.42652045949431
1968-12-24,35.461499421339376
1968-12-26,35.39558304950982
1968-12-27,35.23996483505984
1968-12-30,34.689700118564204
1968-12-31,34.91786795864363
1969-01-02,34.96709067761627
1969-01-03,34.941451026898285
1969-01-06,34.24613193077277
1969-01-07,33.62940326325288
1969-01-08,33.49564946496467
1969-01-09,33.70801866119009
1969-01-10,33.56031492504372
1969-01-13,33.07767493503385
1969-01-14,33.49914474160838
1969-01-15,33.82936576733716
1969-01-16,33.98708044578965
1969-01-17,34.00449539832362
1969-01-20,34.17695026127708
1969-01-21,34.042846123066255
1969-01-22,34.1906394371794
1969-01-23,34.43223897256049
1969-01-24,34.42861071171469
1969-01-27,34.55490871561591
1969-01-28,34.726083077439824
1969-01-29,34.69295369580184
1969-01-30,34.63896243620126
1969-01-31,34.817824729387375
1969-02-03,34.94153873670694
1969-02-04,34.85862905602638
1969-02-05,34.71803988210222
1969-02-06,34.73636853498701
1969-02-07,34.812768083045036
1969-02-11,34.845804336068596
1969-02-12,34.93916698075176
1969-02-13,34.87687535934313
1969-02-14,34.78544919231256
1969-02-17,34.20298317020865
1969-02-18,33.631380422209865
1969-02-19,33.26829871232139
1969-02-20,32.8767459806237
1969-02-24,32.33686304373742
1969-02-25,31.88133985028188
1969-02-26,31.925843591945718
1969-02-27,31.601091294077584
1969-02-28,31.560696521048413
1969-03-03,31.469412274513047
1969-03-04,31.859003957128223
1969-03-05,31.96992420540304
1969-03-06,31.535210080767676
1969-03-07,31.334143008536156
1969-03-10,31.39212319235692
1969-03-11,31.609283992673124
1969-03-12,31.440815413308794
1969-03-13,31.156560401088548
1969-03-14,30.945986940865904
1969-03-17,30.97386767651109
1969-03-18,31.128603714430565
1969-03-19,31.367486216048285
1969-03-20,31.586249364777565
1969-03-21,31.605623592469904
1969-03-24,31.588312449126192
1969-03-25,31.567185536038348
1969-03-26,31.74386753218867
1969-03-27,32.03535595992236
1969-03-28,32.20960127017771
1969-04-01,32.16689232825796
1969-04-02,31.87461785522038
1969-04-03,31.78011163823944
1969-04-07,31.34729108806826
1969-04-08,31.424149872727224
1969-04-09,31.63739230564386
1969-04-10,31.818651147490826
1969-04-11,31.856842894259525
1969-04-14,31.716437641884056
1969-04-15,31.7161504278199
1969-04-16,31.444307300697268
1969-04-17,31.466274872458623
1969-04-18,31.587274345373384
1969-04-21,31.27539101249824
1969-04-22,31.271225178523416
1969-04-23,31.461088837316808
1969-04-24,31.61025220189465
1969-04-25,31.824075958287164
1969-04-28,32.08210889871261
1969-04-29,32.432728426510444
1969-04-30,32.820735833473385
1969-05-01,32.86956963265159
1969-05-02,32.91442934032545
1969-05-05,33.136833771605296
1969-05-06,33.20691043870241
1969-05-07,33.01911174775486
1969-05-08,33.09502486753376
1969-05-09,33.094569371229575
1969-05-12,33.02494427294531
1969-05-13,33.20314243710913
1969-05-14,33.334352714083856
1969-05-15,33.26680543856723
1969-05-16,33.182138997058836
1969-05-19,32.91404170706871
1969-05-20,32.69038666354268
1969-05-21,32.926925156190585
1969-05-22,32.947555846250935
1969-05-23,32.8579240241928
1969-05-26,32.793697236681325
1969-05-27,32.446923414417434
1969-05-28,32.42107121385572
1969-05-29,32.44287208084613
1969-06-02,32.24422794031331
1969-06-03,31.968845387525267
1969-06-04,31.93390395062087
1969-06-05,31.928846737010794
1969-06-06,31.50299264271055
1969-06-09,31.089745801384588
1969-06-10,30.868676677167706
1969-06-11,30.54438354213193
1969-06-12,29.997259463051943
1969-06-13,30.09769159005728
1969-06-16,29.907041096593908
1969-06-17,29.603804565023747
1969-06-18,29.416712530962997
1969-06-19,28.97104963469403
1969-06-20,28.64437780195344
1969-06-23,28.300333870274752
1969-06-24,28.596450815456695
1969-06-25,28.497326488910968
1969-06-26,28.464448081092705
1969-06-27,28.475196643637023
1969-06-30,28.741197719948854
1969-07-01,28.94356939249371
1969-07-02,29.173909686299393
1969-07-03,29.457277609873465
1969-07-07,29.22153898600725
1969-07-08,28.837142797515096
1969-07-09,28.53683705239877
1969-07-10,28.08123231564587
1969-07-11,28.174653315149055
1969-07-14,27.85790664125977
1969-07-15,27.685883981615085
1969-07-16,28.055705611574684
1969-07-17,28.28982624393268
1969-07-18,28.119203695997786
1969-07-22,27.69961720944832
1969-07-23,27.529520567142004
1969-07-24,27.44104073735136
1969-07-25,27.116084796069472
1969-07-28,26.28875368160393
1969-07-29,25.97672756673976
1969-07-30,26.142655458916686
1969-07-31,26.729246410276275
1969-08-01,27.415914809463796
1969-08-04,27.290590102420996
1969-08-05,27.323872041933615
1969-08-06,27.64054052210813
1969-08-07,27.683258925202907
1969-08-08,27.653597398351298
1969-08-11,27.4784263511921
1969-08-12,27.302768135625602
1969-08-13,27.2444525815083
1969-08-14,27.62945780120966
1969-08-15,27.871067628667625
1969-08-18,28.120283467954994
1969-08-19,28.344155710884014
1969-08-20,28.39212764116715
1969-08-21,28.504283015940082
1969-08-22,28.747275274451713
1969-08-25,28.53435187391949
1969-08-26,28.3295262267074
1969-08-27,28.39979046062629
1969-08-28,28.391657602468868
1969-08-29,28.62663561009724
1969-09-02,28.648606877387017
1969-09-03,28.462798420069642
1969-09-04,28.222086727629975
1969-09-05,28.043710151613446
1969-09-08,27.71254369301701
1969-09-09,27.90123083901877
1969-09-10,28.293370242529885
1969-09-11,28.21081176092958
1969-09-12,28.213085922294354
1969-09-15,28.423616916188973
1969-09-16,28.483859194830504
1969-09-17,28.51038661687304
1969-09-18,28.63377413992243
1969-09-19,28.817829682798124
1969-09-22,28.933976933758796
1969-09-23,29.0614898569133
1969-09-24,29.00048020545875
1969-09-25,28.8481809716674
1969-09-26,28.682731660882897
1969-09-29,28.45571142466646
1969-09-30,28.37636304701037
1969-10-01,28.229425983120837
1969-10-02,28.55747029637515
1969-10-03,28.509271041268796
1969-10-06,28.642604630917734
1969-10-07,28.5865015721392
1969-10-08,28.46715831331984
1969-10-09,28.648907681116864
1969-10-10,28.816148173380967
1969-10-13,29.196800134467075
1969-10-14,29.517205101909045
1969-10-15,29.531899063760097
1969-10-16,29.85634738970882
1969-10-17,29.87247446230925
1969-10-20,29.968437920637456
1969-10-21,30.2045116832658
1969-10-22,30.341375968187425
1969-10-23,30.265548243167302
1969-10-24,30.446744933703524
1969-10-27,30.50681808245524
1969-10-28,30.41492009478575
1969-10-29,30.043277254977028
1969-10-30,30.13752647108732
1969-10-31,30.32237847905551
1969-11-03,30.310124246761667
1969-11-04,30.4161677909047
1969-11-05,30.666158677463883
1969-11-06,30.70110429689334
1969-11-07,30.790112464338836
1969-11-10,30.78024824169408
1969-11-11,30.678651903500313
1969-11-12,30.734306604819785
1969-11-13,30.53385204286254
1969-11-14,30.418941005925973
1969-11-17,30.175287442105116
1969-11-18,30.10894641144544
1969-11-19,29.946711200005723
1969-11-20,29.671800686454624
1969-11-21,29.51909960119848
1969-11-24,29.193192063210127
1969-11-25,29.215166465993907
1969-11-26,29.42473496489093
1969-11-28,29.64989353435649
1969-12-01,29.49894453613914
1969-12-02,29.34666652506742
1969-12-03,29.092780627457028
1969-12-04,29.24641620974602
1969-12-05,29.194253915178802
1969-12-08,28.90189022779411
1969-12-09,28.958894551955293
1969-12-10,28.914957892116114
1969-12-11,28.96827751712336
1969-12-12,29.02498378470942
1969-12-15,29.0078042613698
1969-12-16,28.703026252344987
1969-12-17,28.578766606668637
1969-12-18,29.028763930623043
1969-12-19,29.170581205769217
1969-12-22,28.910538527181206
1969-12-23,28.76278053305268
1969-12-24,29.06015653849948
1969-12-26,29.32140847282384
1969-12-29,29.174582572940018
1969-12-30,29.316177538073386
1969-12-31,29.491236984811728
1970-01-02,29.68330622731895
1970-01-05,29.8028022786311
1970-01-06,29.731241146164372
1970-01-07,29.77027493558186
1970-01-08,29.767256141701754
1970-01-09,29.6776031238727
1970-01-12,29.45966263707869
1970-01-13,29.504059075084218
1970-01-14,29.48449983685696
1970-01-15,29.576785543426052
1970-01-16,29.43460718310798
1970-01-19,29.140463305814286
1970-01-20,29.29414130331322
1970-01-21,29.33904636839412
1970-01-22,29.33567980857223
1970-01-23,29.01761364907658
1970-01-26,28.65578042926316
1970-01-27,28.434423984976522
1970-01-28,28.191426188845817
1970-01-29,27.813207650861095
1970-01-30,27.516630299001346
1970-02-02,27.625396316334996
1970-02-03,27.9710915582951
1970-02-04,27.799280965038243
1970-02-05,27.778110755480785
1970-02-06,28.007994021134813
1970-02-09,28.396172828314917
1970-02-10,28.19957507398805
1970-02-11,28.46937116434969
1970-02-12,28.436539148066526
1970-02-13,28.441618222962855
1970-02-16,28.550881737151663
1970-02-17,28.561042778741054
1970-02-18,28.864202612888235
1970-02-19,28.805447806685564
1970-02-20,28.77937986002103
1970-02-24,28.736184384420717
1970-02-25,29.15764737741964
1970-02-26,29.064343178788214
1970-02-27,29.33840698008574
1970-03-02,29.35862738703564
1970-03-03,29.48006775480408
1970-03-04,29.36676414318608
1970-03-05,29.294480741506963
1970-03-06,29.049302448170568
1970-03-09,28.63327713643544
1970-03-10,28.589911751412064
1970-03-11,28.60914465279659
1970-03-12,28.48637474636762
1970-03-13,28.27449604869261
1970-03-16,27.912898705476113
1970-03-17,28.026113559662637
1970-03-18,28.06276832066919
1970-03-19,28.065999155440164
1970-03-20,27.877033549026716
1970-03-23,27.805442692577646
1970-03-24,28.05747645095716
1970-03-25,28.564345662018784
1970-03-26,28.639120105755772
1970-03-30,28.57157550651982
1970-03-31,28.582561594527704
1970-04-01,28.690668386244763
1970-04-02,28.577384275365603
1970-04-03,28.352036981509958
1970-04-06,28.08811466102982
1970-04-07,28.05329918976354
1970-04-08,27.951386122758567
1970-04-09,27.96378306165354
1970-04-10,27.805902214492086
1970-04-13,27.540080789534546
1970-04-14,27.332623371528047
1970-04-15,27.298076821738224
1970-04-16,26.9641851318459
1970-04-17,26.877936891757564
1970-04-20,26.991515985896655
1970-04-21,26.9136709544113
1970-04-22,26.488267622106182
1970-04-23,26.005041338092344
1970-04-24,25.927794222253954
1970-04-27,25.455445992573324
1970-04-28,25.133353311090985
1970-04-29,25.573207315175388
1970-04-30,25.52002753875287
1970-05-01,25.52180764913302
1970-05-04,24.886986621210198
1970-05-05,24.560532694139713
1970-05-06,24.875881757041093
1970-05-07,25.05364870647475
1970-05-08,24.947101162002827
1970-05-11,24.662321286986064
1970-05-12,24.473329074542505
1970-05-13,24.083178715654416
1970-05-14,23.735052607756835
1970-05-15,24.130218910667086
1970-05-18,24.22051710958537
1970-05-19,23.721651966811645
1970-05-20,23.119833084289326
1970-05-21,22.532342190936994
1970-05-22,22.54342589478823
1970-05-25,21.75922850264046
1970-05-26,21.486715589684874
1970-05-27,22.59590264007891
1970-05-28,23.320409225828804
1970-05-29,24.038956784570196
1970-06-01,24.433475542652555
1970-06-02,24.49138913532057
1970-06-03,24.80502785186977
1970-06-04,24.596054552744256
1970-06-05,24.22021927663358
1970-06-08,24.242899409122025
1970-06-09,24.32202844982466
1970-06-10,24.136772115837562
1970-06-11,23.82102498604773
1970-06-12,23.698510942723104
1970-06-15,23.791307652852925
1970-06-16,24.429202129031133
1970-06-17,24.466076456751022
1970-06-18,24.631110957204616
1970-06-19,24.769660214269656
1970-06-22,24.57479152448071
1970-06-23,23.935625875134633
1970-06-24,23.68621836342386
1970-06-25,23.672387387695213
1970-06-26,23.488607131985418
1970-06-29,23.314643981691653
1970-06-30,23.31698387432405
1970-07-01,23.412230292659757
1970-07-02,23.408516562220306
1970-07-06,23.14583340854729
1970-07-07,22.842744801063496
1970-07-08,23.295785900233735
1970-07-09,23.64628729285221
1970-07-10,23.819948083358238
1970-07-13,23.85933960896267
1970-07-14,23.76510366633632
1970-07-15,23.981560579309694
1970-07-16,24.20938307304214
1970-07-17,24.513381444584194
1970-07-20,24.450422299278934
1970-07-21,24.177619971547205
1970-07-22,24.245036177214537
1970-07-23,24.460662457367075
1970-07-24,24.44675728751422
1970-07-27,24.391163704325574
1970-07-28,24.411674973966345
1970-07-29,24.569915213189617
1970-07-30,24.58677920971311
1970-07-31,24.483104329243087
1970-08-03,24.230046346453175
1970-08-04,24.21844514955417
1970-08-05,24.218731422174372
1970-08-06,24.101043438087256
1970-08-07,24.1097429731364
1970-08-10,23.813149030676293
1970-08-11,23.692948772763984
1970-08-12,23.56081795497103
1970-08-13,23.384749071462533
1970-08-14,23.403273959455486
1970-08-17,23.396006426321495
1970-08-18,23.604020309965918
1970-08-19,23.719704453236304
1970-08-20,23.71848370300213
1970-08-21,24.07103608966687
1970-08-24,24.62002242327363
1970-08-25,24.74506939474352
1970-08-26,24.771425910341375
1970-08-27,24.68318150850468
1970-08-28,24.91986582775276
1970-08-31,24.925667118072298
1970-09-01,24.902433152679826
1970-09-02,24.85630175136838
1970-09-03,25.161242974207475
1970-09-04,25.378527708211102
1970-09-08,25.461850096708233
1970-09-09,25.52209160504018
1970-09-10,25.446279415636994
1970-09-11,25.547312534506368
1970-09-14,25.439444625121464
1970-09-15,25.241026535443154
1970-09-16,25.481263220512126
1970-09-17,25.71128090083044
1970-09-18,25.767330357065273
1970-09-21,25.67465945614896
1970-09-22,25.640155786539037
1970-09-23,25.87245076423669
1970-09-24,26.139864096385608
1970-09-25,26.16446123941503
1970-09-28,26.11099387869351
1970-09-29,26.32915234345329
1970-09-30,26.376207994905762
1970-10-01,26.35471168891987
1970-10-02,26.634811284772546
1970-10-05,26.920303140750804
1970-10-06,26.961479925420306
1970-10-07,26.938612203494415
1970-10-08,26.688696894612374
1970-10-09,26.534328188254843
1970-10-12,26.2802932343304
1970-10-13,26.220824228773722
1970-10-14,26.250520814422863
1970-10-15,26.33101532749798
1970-10-16,26.26379966923999
1970-10-19,25.95404861360007
1970-10-20,26.065952664241866
1970-10-21,26.109265285077964
1970-10-22,26.024269583816807
1970-10-23,26.202007585796263
1970-10-26,26.06202192823248
1970-10-27,26.006498081334577
1970-10-28,26.006651682344184
1970-10-29,25.984861565312883
1970-10-30,26.009164344981624
1970-11-02,26.062058595311854
1970-11-03,26.352453747188168
1970-11-04,26.498258586002006
1970-11-05,26.47903021046056
1970-11-06,26.504792685983634
1970-11-09,26.57691712351215
1970-11-10,26.65378129563798
1970-11-11,26.718382327471772
1970-11-12,26.396113001566665
1970-11-13,26.189583406487912
1970-11-16,26.153293880371933
1970-11-17,26.154459139194007
1970-11-18,25.93603822489662
1970-11-19,25.93395661883537
1970-11-20,26.15134200130544
1970-11-23,26.313078045279806
1970-11-24,26.477756013747374
1970-11-25,26.591078463551728
1970-11-27,26.774515253229676
1970-11-30,27.132656313212685
1970-12-01,27.219939396431606
1970-12-02,27.53156613627725
1970-12-03,27.66605249078141
1970-12-04,27.823994850423077
1970-12-07,27.980232007421975
1970-12-08,27.853266158785438
1970-12-09,27.807681097138637
1970-12-10,27.8678836776801
1970-12-11,27.968116376391244
1970-12-14,27.795309986210622
1970-12-15,27.807100231645304
1970-12-16,27.86328259928896
1970-12-17,27.87674258858882
1970-12-18,27.942726747898657
1970-12-21,27.87788642272325
1970-12-22,27.890891374267795
1970-12-23,27.94489757398029
1970-12-24,28.1836502387857
1970-12-28,28.341633643493367
1970-12-29,28.674875990820528
1970-12-30,28.681085217075378
1970-12-31,28.63254656796848
1971-01-04,28.44054055407391
1971-01-05,28.63481481161333
1971-01-06,28.89417324121718
1971-01-07,28.969748824354678
1971-01-08,28.931503145862845
1971-01-11,28.863974430955896
1971-01-12,29.07412538678954
1971-01-13,29.161512149946486
1971-01-14,29.257762244422302
1971-01-15,29.331644484329622
1971-01-18,29.43080050000975
1971-01-19,29.458540991337035
1971-01-20,29.435875783533426
1971-01-21,29.530241933899156
1971-01-22,29.5974225150502
1971-01-25,29.6769168683228
1971-01-26,29.835655046167627
1971-01-27,29.6769322035942
1971-01-28,29.806001486886103
1971-01-29,29.914623007232013
1971-02-01,30.024606181142833
1971-02-02,30.131699371301956
1971-02-03,30.18011068258109
1971-02-04,30.24982841609191
1971-02-05,30.28576941926821
1971-02-08,30.428279628156858
1971-02-09,30.450939539049912
1971-02-10,30.41795655351771
1971-02-11,30.620936898214232
1971-02-12,30.797635285477238
1971-02-16,30.894096358246834
1971-02-17,30.738989374938495
1971-02-18,30.580120673024815
1971-02-19,30.415807822118243
1971-02-22,30.096058477862208
1971-02-23,30.213199187886424
1971-02-24,30.427419562115805
1971-02-25,30.59965555937905
1971-02-26,30.54402471094998
1971-03-01,30.64146870272836
1971-03-02,30.66493294357254
1971-03-03,30.70715345756512
1971-03-04,31.006750705584615
1971-03-05,31.2536542741078
1971-03-08,31.43255638061777
1971-03-09,31.43284248445465
1971-03-10,31.327335591482317
1971-03-11,31.345323577087022
1971-03-12,31.323755834036337
1971-03-15,31.54025772331887
1971-03-16,31.717573527912325
1971-03-17,31.699445278249225
1971-03-18,31.781446910181756
1971-03-19,31.777790439491003
1971-03-22,31.68007826827945
1971-03-23,31.516603627059137
1971-03-24,31.39627280861706
1971-03-25,31.376570820558698
1971-03-26,31.504271813584452
1971-03-29,31.556540862398485
1971-03-30,31.60741339569971
1971-03-31,31.656923711572837
1971-04-01,31.669490691959297
1971-04-02,31.750521963808957
1971-04-05,31.845804931157957
1971-04-06,32.07657871633378
1971-04-07,32.291767578671745
1971-04-08,32.44090394866799
1971-04-12,32.8047361626821
1971-04-13,32.90795287102725
1971-04-14,33.05484959280231
1971-04-15,33.09125222090818
1971-04-16,33.08172412058452
1971-04-19,33.22898387376008
1971-04-20,33.08340614832808
1971-04-21,33.064265751744934
1971-04-22,33.19237470358231
1971-04-23,33.36484767008376
1971-04-26,33.426933266340846
1971-04-27,33.65647915773831
1971-04-28,33.77067884657823
1971-04-29,33.55787355914732
1971-04-30,33.442984419117415
1971-05-03,33.23885786900945
1971-05-04,33.524135966229565
1971-05-05,33.60743567626184
1971-05-06,33.44513503411019
1971-05-07,33.212059161407275
1971-05-10,32.99363862109472
1971-05-11,33.12156054112021
1971-05-12,33.21581293238426
1971-05-13,33.25189950548902
1971-05-14,33.125766455818855
1971-05-17,32.429551469463135
1971-05-18,32.48510859925765
1971-05-19,32.615192402599995
1971-05-20,32.73251439256805
1971-05-21,32.674984766242495
1971-05-24,32.304144353862675
1971-05-25,32.09228291326571
1971-05-26,32.14966343735891
1971-05-27,32.12698035670116
1971-05-28,32.33194231954679
1971-06-01,32.58677108189369
1971-06-02,32.85668499487229
1971-06-03,33.0827381309243
1971-06-04,33.155407718304815
1971-06-07,33.139181670106865
1971-06-08,32.89597000584441
1971-06-09,32.73447147045573
1971-06-10,32.84808827012944
1971-06-11,32.9262158115939
1971-06-14,32.61463055893676
1971-06-15,32.52576153917479
1971-06-16,32.55757749816566
1971-06-17,32.516385178249045
1971-06-18,31.8385533839784
1971-06-21,31.322456333464423
1971-06-22,31.1251618967056
1971-06-23,31.57326441513703
1971-06-24,31.610618813088923
1971-06-25,31.631281779160506
1971-06-28,31.56298258691218
1971-06-29,31.899460245089386
1971-06-30,32.222850584634784
1971-07-01,32.306049195090765
1971-07-02,32.2964611360868
1971-07-06,32.28469447550757
1971-07-07,32.54303730978421
1971-07-08,32.63914904225368
1971-07-09,32.71205946789152
1971-07-12,32.73601345448014
1971-07-13,32.21075106889438
1971-07-14,32.19248175279638
1971-07-15,32.14498409962623
1971-07-16,32.06186434417935
1971-07-19,31.847753974851674
1971-07-20,32.02809002415147
1971-07-21,32.0221942676704
1971-07-22,31.929260056202395
1971-07-23,31.821527311711808
1971-07-26,31.566912163832033
1971-07-27,31.040722221805186
1971-07-28,30.558035801870485
1971-07-29,30.018069584029057
1971-07-30,29.84055165741858
1971-08-02,30.09705086678043
1971-08-03,29.415260193175335
1971-08-04,29.14411999545714
1971-08-05,29.302706474344063
1971-08-06,29.34469994434735
1971-08-09,28.970827569521333
1971-08-10,28.93537795691313
1971-08-11,29.6209019522281
1971-08-12,30.211742183795675
1971-08-13,30.06878653544691
1971-08-16,31.54762491770508
1971-08-17,31.787387301858736
1971-08-18,31.460728190153194
1971-08-19,31.383181268079205
1971-08-20,31.439977597607346
1971-08-23,31.735554159753704
1971-08-24,31.96229744239794
1971-08-25,32.00176016304113
1971-08-26,31.985488981781316
1971-08-27,32.073527384802226
1971-08-30,31.780397557726022
1971-08-31,31.63118967373087
1971-09-01,31.61069944173427
1971-09-02,31.82887783394028
1971-09-03,32.3024204823279
1971-09-07,32.55313402843076
1971-09-08,32.61822495452548
1971-09-09,32.51999621566656
1971-09-10,32.438847646725165
1971-09-13,32.321531474384905
1971-09-14,32.13809877795146
1971-09-15,32.243167725029636
1971-09-16,32.22675775372705
1971-09-17,32.33715724368197
1971-09-20,32.22437993171639
1971-09-21,32.04837577722075
1971-09-22,31.699613763343955
1971-09-23,31.576790944505973
1971-09-24,31.564468765900077
1971-09-27,31.320824794363563
1971-09-28,31.421515009706653
1971-09-29,31.5245771296889
1971-09-30,31.602551146654314
1971-10-01,31.74405878805409
1971-10-04,31.735839104987704
1971-10-05,31.732922527624176
1971-10-06,32.02252173140526
1971-10-07,32.08554094852655
1971-10-08,31.864587775740397
1971-10-11,31.751461271104212
1971-10-12,31.7345376534527
1971-10-13,31.56856161236248
1971-10-14,31.191955305607397
1971-10-15,31.10339614294737
1971-10-18,30.94056779426012
1971-10-19,30.750854713679782
1971-10-20,30.407940774472316
1971-10-21,30.54785551254475
1971-10-22,30.546562947555405
1971-10-25,30.31126391160663
1971-10-26,30.132807462967975
1971-10-27,29.705104606578413
1971-10-28,29.696937973666877
1971-10-29,29.911384871298274
1971-11-01,29.419349936711743
1971-11-02,29.536362324986033
1971-11-03,30.027767365365936
1971-11-04,30.034447507267103
1971-11-05,29.868253384627856
1971-11-08,29.781575466079865
1971-11-09,29.759291203997023
1971-11-10,29.37977439698537
1971-11-11,28.80823254352561
1971-11-12,28.763867550231954
1971-11-15,28.619850641651283
1971-11-16,28.903328492730978
1971-11-17,28.883221580535665
1971-11-18,28.620774286977387
1971-11-19,28.306354703645745
1971-11-22,27.872399722458645
1971-11-23,27.592638787553973
1971-11-24,27.590556773246316
1971-11-26,28.211248322225934
1971-11-29,29.014143858486452
1971-11-30,29.346018095641757
1971-12-01,30.09197477442605
1971-12-02,30.15329433010405
1971-12-03,30.483714791540663
1971-12-06,30.441298158432623
1971-12-07,30.748181750196846
1971-12-08,30.924168273422218
1971-12-09,30.909763590529028
1971-12-10,31.177508959271346
1971-12-13,31.321942659116594
1971-12-14,31.159689841449346
1971-12-15,31.41615111707067
1971-12-16,31.808496736601207
1971-12-17,31.99743292604063
1971-12-20,32.42677292971113
1971-12-21,32.577788190625625
1971-12-22,32.426055155714224
1971-12-23,32.33027968643801
1971-12-27,32.391832271391344
1971-12-28,32.4612363893524
1971-12-29,32.52050251280879
1971-12-30,32.50017782984899
1971-12-31,32.675486739209894
1972-01-03,32.56199093192213
1972-01-04,32.737002690672625
1972-01-05,32.984739267135716
1972-01-06,33.08921377921582
1972-01-07,33.06056617673613
1972-01-10,33.08263629077786
1972-01-11,33.212124015796135
1972-01-12,33.26445931556379
1972-01-13,33.00878466728357
1972-01-14,33.17789360972132
1972-01-17,33.362747643558585
1972-01-18,33.65536861339615
1972-01-19,33.581248740016136
1972-01-20,33.431472845470154
1972-01-21,33.40110429484204
1972-01-24,33.02380765141813
1972-01-25,33.07414291336978
1972-01-26,33.067034442118306
1972-01-27,33.64299073565783
1972-01-28,34.119284607208066
1972-01-31,34.24812571661381
1972-02-01,34.385101263721275
1972-02-02,34.670909119173345
1972-02-03,34.74362210034244
1972-02-04,34.92387823171747
1972-02-07,34.71057462236264
1972-02-08,34.72946070320553
1972-02-09,34.966498174254845
1972-02-10,35.10493839467688
1972-02-11,35.10043234877067
1972-02-14,35.02472840337449
1972-02-15,35.20817834192389
1972-02-16,35.47791476511998
1972-02-17,35.56334933550787
1972-02-18,35.44211901469086
1972-02-22,35.364859681933865
1972-02-23,35.3646350778927
1972-02-24,35.33834648800694
1972-02-25,35.48357156723305
1972-02-28,35.5459765499682
1972-02-29,35.839084817044544
1972-03-01,36.33011666121658
1972-03-02,36.46074335291662
1972-03-03,36.63112707358478
1972-03-06,36.89782992394063
1972-03-07,36.95714067335569
1972-03-08,37.08665652878186
1972-03-09,37.106174886777154
1972-03-10,36.79548920001985
1972-03-13,36.40288499259609
1972-03-14,36.579977821892
1972-03-15,36.605407131036245
1972-03-16,36.49862182856828
1972-03-17,36.54888448327947
1972-03-20,36.33434714870308
1972-03-21,35.931754900564464
1972-03-22,36.00815193803104
1972-03-23,36.42462808302074
1972-03-24,36.41022703549883
1972-03-27,36.3891037306349
1972-03-28,36.41307646875605
1972-03-29,36.222511381661676
1972-03-30,36.420366359246565
1972-04-03,36.527518125012875
1972-04-04,36.79906391929245
1972-04-05,37.30930977214671
1972-04-06,37.49388560113593
1972-04-07,37.658559371903564
1972-04-10,37.606454524338034
1972-04-11,37.89969074612668
1972-04-12,38.00096841806202
1972-04-13,37.97123127739964
1972-04-14,38.08272441235099
1972-04-17,38.076982686071915
1972-04-18,38.14974129165109
1972-04-19,37.85758553064288
1972-04-20,37.79010269630851
1972-04-21,37.742450970068546
1972-04-24,37.47376480894654
1972-04-25,37.06362960451943
1972-04-26,36.95891967312394
1972-04-27,36.96216778537938
1972-04-28,37.13678466314644
1972-05-01,36.77573374232474
1972-05-02,36.455826473766685
1972-05-03,36.31536215194563
1972-05-04,36.3557367280303
1972-05-05,36.47415126460702
1972-05-08,36.295859948977096
1972-05-09,35.76030161853713
1972-05-10,36.068740246181356
1972-05-11,36.22345526428282
1972-05-12,36.52726141051664
1972-05-15,36.80233927863178
1972-05-16,36.76085314193265
1972-05-17,36.794752256110755
1972-05-18,37.17235124505893
1972-05-19,37.572230391663574
1972-05-22,37.83145609364634
1972-05-23,37.85763118243537
1972-05-24,38.02816250206073
1972-05-25,38.117069821542124
1972-05-26,38.11492489099146
1972-05-30,37.9976058876348
1972-05-31,37.72204476749907
1972-06-01,37.79810455847293
1972-06-02,37.81283121414883
1972-06-05,37.52230136562755
1972-06-06,37.32685670740079
1972-06-07,37.209391419556674
1972-06-08,37.173167211259724
1972-06-09,36.951706153539924
1972-06-12,36.97718067604735
1972-06-13,37.09627432322133
1972-06-14,37.40261992733433
1972-06-15,37.32359278176147
1972-06-16,37.34914678439776
1972-06-19,37.314331148710096
1972-06-20,37.55583289432002
1972-06-21,37.65002486424218
1972-06-22,37.59227966442211
1972-06-23,37.486156538553786
1972-06-26,37.27147163530969
1972-06-27,37.24469141235538
1972-06-28,37.15998366404617
1972-06-29,37.04645700696352
1972-06-30,37.24467732458092
1972-07-03,37.38041372357273
1972-07-05,37.622106100356696
1972-07-06,37.952175020959935
1972-07-07,37.80341413124101
1972-07-10,37.54841130898604
1972-07-11,37.226013747047325
1972-07-12,36.95339053755175
1972-07-13,36.79081286028249
1972-07-14,37.02573991369019
1972-07-17,36.610676924164444
1972-07-18,36.50284247804249
1972-07-19,36.528169893527426
1972-07-20,36.35085388651409
1972-07-21,36.64325051073856
1972-07-24,37.12873125697624
1972-07-25,37.08230554688001
1972-07-26,37.18011970711826
1972-07-27,37.051743422596566
1972-07-28,37.038921537930285
1972-07-31,36.97257680300899
1972-08-01,37.43740853037301
1972-08-02,37.73670675916393
1972-08-03,37.95133846838019
1972-08-04,38.07585280280411
1972-08-07,38.10648225505319
1972-08-08,38.125311901496936
1972-08-09,38.19564116410159
1972-08-10,38.37826463790888
1972-08-11,38.67688457360573
1972-08-14,38.7208744080931
1972-08-15,38.39787944998632
1972-08-16,38.21528245875408
1972-08-17,38.033902561336355
1972-08-18,38.171442744267
1972-08-21,37.936704008107185
1972-08-22,37.96707930774418
1972-08-23,37.854847536208055
1972-08-24,37.44444440158062
1972-08-25,37.337817695718336
1972-08-28,37.142004463859536
1972-08-29,37.15564922509028
1972-08-30,37.22147939774526
1972-08-31,37.35711784629217
1972-09-01,37.492785284791445
1972-09-05,37.349047264205836
1972-09-06,37.08870875616985
1972-09-07,36.93380463061441
1972-09-08,36.89296643876485
1972-09-11,36.54696487222407
1972-09-12,36.136423328816356
1972-09-13,36.3148817982164
1972-09-14,36.410622908124836
1972-09-15,36.34252815238119
1972-09-18,36.239435893884064
1972-09-19,36.123586712400446
1972-09-20,36.093273930580985
1972-09-21,35.97704815088192
1972-09-22,35.94486896279631
1972-09-25,35.75257867839556
1972-09-26,35.811318193433976
1972-09-27,36.454564312298224
1972-09-28,36.72069788729272
1972-09-29,36.75498814518756
1972-10-02,36.53082124693387
1972-10-03,36.589344003804285
1972-10-04,36.436089331187596
1972-10-05,35.98104119265167
1972-10-06,36.161032682208536
1972-10-09,36.23176020556959
1972-10-10,36.22011971178441
1972-10-11,36.00322475059772
1972-10-12,35.627194139462176
1972-10-13,35.36999340568611
1972-10-16,35.03315989293361
1972-10-17,35.24410986536653
1972-10-18,35.429545658412096
1972-10-19,35.42932093993921
1972-10-20,35.8189194155357
1972-10-23,36.2117793146622
1972-10-24,36.35404263017726
1972-10-25,36.33410667231778
1972-10-26,36.549269438080934
1972-10-27,36.46365766348054
1972-10-30,36.40948547007346
1972-10-31,36.710299984163136
1972-11-01,37.0849615676414
1972-11-02,37.14217469281022
1972-11-03,37.37224833351739
1972-11-06,37.13988433766901
1972-11-08,36.959835855286265
1972-11-09,36.88529899604512
1972-11-10,36.96186894592475
1972-11-13,36.89658465982906
1972-11-14,37.167829881231505
1972-11-15,37.06090122090644
1972-11-16,37.187687566475844
1972-11-17,37.24273380339488
1972-11-20,37.2412670887882
1972-11-21,37.437497150450106
1972-11-22,37.745888437772884
1972-11-24,37.78168118906047
1972-11-27,37.76920861110136
1972-11-28,37.761180219790745
1972-11-29,37.837572666313996
1972-11-30,38.10751010600778
1972-12-01,38.43796171438602
1972-12-04,38.55271879979031
1972-12-05,38.50667863249296
1972-12-06,38.65465277971988
1972-12-07,38.82263195200684
1972-12-08,38.89810699025196
1972-12-11,39.024411800242085
1972-12-12,38.93015255510636
1972-12-13,38.873387425458965
1972-12-14,38.80052339035883
1972-12-15,38.888199920546306
1972-12-18,38.44835199255041
1972-12-19,38.270434940475276
1972-12-20,38.14041665985712
1972-12-21,37.985136645640615
1972-12-22,38.160951167077144
1972-12-26,38.203394091764096
1972-12-27,38.361888127952255
1972-12-29,38.75940645244874
1973-01-02,39.20087884386929
1973-01-03,39.53161001549726
1973-01-04,39.39974946378292
1973-01-05,39.485977181570625
1973-01-08,39.476978988226705
1973-01-09,39.46354718620623
1973-01-10,39.33721607991751
1973-01-11,39.4874400980264
1973-01-12,39.18328653830566
1973-01-15,38.92659422646427
1973-01-16,38.84231440333605
1973-01-17,39.108002557503994
1973-01-18,39.16941326113753
1973-01-19,39.17831361726176
1973-01-22,39.035165959758324
1973-01-23,39.01404461891014
1973-01-24,38.430033918859436
1973-01-26,38.32218532323656
1973-01-29,38.12062530877041
1973-01-30,38.02337069575445
1973-01-31,37.98177525176969
1973-02-01,37.53001717676824
1973-02-02,37.38485356109029
1973-02-05,37.30526446794814
1973-02-06,37.51950421351003
1973-02-07,37.28566460381538
1973-02-08,37.29446418077832
1973-02-09,37.757452909525675
1973-02-12,38.14523157690137
1973-02-13,38.34410106230168
1973-02-14,37.85343013741814
1973-02-15,37.59289857505032
1973-02-16,37.737090724029805
1973-02-20,37.899255384168015
1973-02-21,37.633284264950014
1973-02-22,37.44547092839587
1973-02-23,37.11325593674852
1973-02-26,36.79076087556875
1973-02-27,36.37685896306438
1973-02-28,36.619301640036426
1973-03-01,36.43899301962137
1973-03-02,36.751209233468344
1973-03-05,36.91532463527144
1973-03-06,37.38334366877923
1973-03-07,37.63021630243551
1973-03-08,37.585224634872674
1973-03-09,37.47669690246949
1973-03-12,37.50278130356327
1973-03-13,37.64013269741975
1973-03-14,37.77261709027664
1973-03-15,37.54428311831991
1973-03-16,37.38614695095182
1973-03-19,36.94145146703811
1973-03-20,36.84316681344986
1973-03-21,36.402052882710834
1973-03-22,35.78638639022074
1973-03-23,35.818528756089506
1973-03-26,36.096640251005226
1973-03-27,36.61645297462711
1973-03-28,36.61251837892045
1973-03-29,36.88054589202671
1973-03-30,36.665204464936096
1973-04-02,36.302177837844305
1973-04-03,35.98604592088984
1973-04-04,35.831864801694046
1973-04-05,35.7278508979644
1973-04-06,35.9635940517421
1973-04-09,36.47589796789306
1973-04-10,36.84931436454941
1973-04-11,36.9554366745624
1973-04-12,36.95364532753893
1973-04-13,36.87997581064623
1973-04-16,36.80499809577925
1973-04-17,36.69706579044739
1973-04-18,36.796613638660595
1973-04-19,37.03605463422821
1973-04-23,37.01180688011446
1973-04-24,36.536658348474525
1973-04-25,35.9931340677201
1973-04-26,36.03913728003841
1973-04-27,35.57682092188881
1973-04-30,35.46470855967902
1973-05-01,35.44374318203801
1973-05-02,35.67426072471068
1973-05-03,36.16798727565303
1973-05-04,36.53061081619635
1973-05-07,36.40344458373783
1973-05-08,36.799316787245075
1973-05-09,36.73102265541646
1973-05-10,36.596424050777
1973-05-11,36.26756127734
1973-05-14,35.67797840420752
1973-05-15,35.835988199298676
1973-05-16,35.783385554919754
1973-05-17,35.48464770481004
1973-05-18,34.89212720023164
1973-05-21,34.35436442873865
1973-05-22,34.61062506445309
1973-05-23,34.69241763751813
1973-05-24,35.45539478948188
1973-05-25,35.78143497245645
1973-05-29,35.74424919889952
1973-05-30,35.51456116082813
1973-05-31,35.23921781761972
1973-06-01,34.90016175126845
1973-06-04,34.600180426534486
1973-06-05,34.99011258681904
1973-06-06,34.922968047290645
1973-06-07,35.28740214815571
1973-06-08,35.706969246774825
1973-06-11,35.70683214374584
1973-06-12,36.10848556921752
1973-06-13,36.04548842529791
1973-06-14,35.81676033115158
1973-06-15,35.440727257873846
1973-06-18,34.99158834036887
1973-06-19,34.92846087527742
1973-06-20,35.06677688850663
1973-06-21,34.814599776314395
1973-06-22,34.97132410172694
1973-06-25,34.62487635148296
1973-06-26,34.85856846801416
1973-06-27,35.01370177728808
1973-06-28,35.272057505786044
1973-06-29,35.21938539394178
1973-07-02,34.82849499745413
1973-07-03,34.5458755935768
1973-07-05,34.47017409408797
1973-07-06,34.39237197000617
1973-07-09,34.56455884731017
1973-07-10,34.98215873700859
1973-07-11,35.60253855562276
1973-07-12,35.64282808587987
1973-07-13,35.40523752422049
1973-07-16,35.774547294072626
1973-07-17,36.02035747459992
1973-07-18,36.27262476899643
1973-07-19,36.344007106024144
1973-07-20,36.51997444028406
1973-07-23,36.68091213459944
1973-07-24,36.90938007344348
1973-07-25,37.355590095744645
1973-07-26,37.450968598581305
1973-07-27,37.352658590980006
1973-07-30,37.21259994077527
1973-07-31,36.98916578727567
1973-08-01,36.745893052024556
1973-08-02,36.72139213921425
1973-08-03,36.74770813036093
1973-08-06,36.79854947045403
1973-08-07,36.738839875197826
1973-08-08,36.43977435172782
1973-08-09,36.41209253244735
1973-08-10,36.12536724209083
1973-08-13,35.710700302187945
1973-08-14,35.41913108947282
1973-08-15,35.56456309259675
1973-08-16,35.45592821587134
1973-08-17,35.52863421473352
1973-08-20,35.33174916918887
1973-08-21,35.10634209744587
1973-08-22,34.98580582743989
1973-08-23,35.30790871117149
1973-08-24,35.327593422617525
1973-08-27,35.480340087921675
1973-08-28,35.58744086836565
1973-08-29,35.95961491756319
1973-08-30,35.979235440219455
1973-08-31,36.12775184259078
1973-09-04,36.33357213395754
1973-09-05,36.53565736266925
1973-09-06,36.748979446756444
1973-09-07,36.793402909578475
1973-09-10,36.47252814692708
1973-09-11,36.31681665248606
1973-09-12,36.26516252203549
1973-09-13,36.41013496540352
1973-09-14,36.7061614353662
1973-09-17,36.84755258426278
1973-09-18,36.83533187195192
1973-09-19,37.47731774196034
1973-09-20,37.8426696868353
1973-09-21,38.07933403536018
1973-09-24,38.162347300198526
1973-09-25,38.312956486008574
1973-09-26,38.60667469067748
1973-09-27,38.700825722251686
1973-09-28,38.51623230596235
1973-10-01,38.482811745514304
1973-10-02,38.705863659941016
1973-10-03,38.775718230980885
1973-10-04,38.62011188567534
1973-10-05,39.01899285263642
1973-10-08,39.268122278265174
1973-10-09,39.22086455025626
1973-10-10,38.976682429080576
1973-10-11,39.67878981301781
1973-10-12,39.9279937323799
1973-10-15,39.505774037344594
1973-10-16,39.540802214272
1973-10-17,39.588378047520166
1973-10-18,39.575788815945245
1973-10-19,39.56545744195849
1973-10-22,39.15775939667227
1973-10-23,39.28971696963684
1973-10-24,39.41594958037591
1973-10-25,39.52111104326911
1973-10-26,39.9245318296021
1973-10-29,40.02363780040796
1973-10-30,39.51503544229661
1973-10-31,39.17306892672874
1973-11-01,39.017180849650664
1973-11-02,38.8882147838022
1973-11-05,38.34308235797986
1973-11-06,38.011393454628795
1973-11-07,38.41329398445841
1973-11-08,38.86964780806896
1973-11-09,38.41446911334688
1973-11-12,38.05153416543332
1973-11-13,37.88386728403854
1973-11-14,37.0866720592756
1973-11-15,37.04007644690184
1973-11-16,37.44528423093973
1973-11-19,36.26315243607387
1973-11-20,35.460145502326505
1973-11-21,35.98240102928205
1973-11-23,36.02363571418469
1973-11-26,35.08876230457502
1973-11-27,34.83290692869805
1973-11-28,35.48645310801804
1973-11-29,35.591184611679104
1973-11-30,35.18829711908048
1973-12-03,34.502772164002565
1973-12-04,34.562312177182356
1973-12-05,34.17091167032645
1973-12-06,34.907161426465706
1973-12-07,35.880856789566664
1973-12-10,36.44909716373826
1973-12-11,35.97874993177083
1973-12-12,35.13869460701627
1973-12-13,34.82885415383871
1973-12-14,35.24946687280923
1973-12-17,35.123569329237945
1973-12-18,35.76845468774857
1973-12-19,35.70532539027527
1973-12-20,35.610445560912986
1973-12-21,35.30462698910351
1973-12-24,35.32009922249933
1973-12-26,36.17110347919707
1973-12-27,36.89281778835123
1973-12-28,36.95169958470184
1973-12-31,37.261317293206815
1974-01-02,37.60296552238484
1974-01-03,38.64802514094804
1974-01-04,38.51348978949684
1974-01-07,38.543049604173035
1974-01-08,37.82990424981922
1974-01-09,36.61818098269662
1974-01-10,36.15392362542925
1974-01-11,36.638440504042705
1974-01-14,36.81246615400153
1974-01-15,37.25470174956771
1974-01-16,37.67609643984348
1974-01-17,37.952620300296765
1974-01-18,37.271400423817795
1974-01-21,37.13270481563664
1974-01-22,37.41140144017304
1974-01-23,37.50864486689509
1974-01-24,37.52885183309231
1974-01-25,37.458769584011485
1974-01-28,37.33490943159624
1974-01-29,37.23146604460255
1974-01-30,37.47038330520175
1974-01-31,37.395665539167126
1974-02-01,36.95152193830131
1974-02-04,36.2351519426157
1974-02-05,36.155866895415215
1974-02-06,36.206575044192334
1974-02-07,36.31244567733901
1974-02-08,36.04861133732736
1974-02-11,35.428996493239445
1974-02-12,35.46394759972886
1974-02-13,35.47857947331737
1974-02-14,35.497989316520304
1974-02-15,35.87874359784671
1974-02-19,35.90026765203939
1974-02-20,36.350410183469485
1974-02-21,36.91798770586862
1974-02-22,37.44185626008402
1974-02-25,37.50281803651167
1974-02-26,37.91214543920456
1974-02-27,38.13055073593858
1974-02-28,37.9428442095592
1974-03-01,37.740638850143945
1974-03-04,37.72262761186972
1974-03-05,38.15737231015677
1974-03-06,38.18371232003048
1974-03-07,37.85649607638966
1974-03-08,38.02684342823038
1974-03-11,38.29119274805823
1974-03-12,38.444302513949594
1974-03-13,38.600024740838734
1974-03-14,38.70553300532494
1974-03-15,38.57362025023103
1974-03-18,38.10041887864567
1974-03-19,37.84666135114831
1974-03-20,38.05557111746312
1974-03-21,37.957411741866956
1974-03-22,37.94037485597198
1974-03-25,37.94263710444409
1974-03-26,38.06595083816144
1974-03-27,37.754080814088496
1974-03-28,37.01458804685828
1974-03-29,36.81841110473419
1974-04-01,36.65646177768776
1974-04-02,36.73121199607009
1974-04-03,36.919928669144696
1974-04-04,36.853098077538
1974-04-05,36.200749688493005
1974-04-08,35.654682359667255
1974-04-09,35.90323037873081
1974-04-10,35.887199119824494
1974-04-11,35.89127672678663
1974-04-15,35.83237172636088
1974-04-16,36.33830369569574
1974-04-17,36.590001807608964
1974-04-18,36.8291976891281
1974-04-19,36.56454957812696
1974-04-22,36.43248358942129
1974-04-23,35.6729414924692
1974-04-24,34.95996114759935
1974-04-25,34.46473593880561
1974-04-26,34.76514106892378
1974-04-29,34.80706649471827
1974-04-30,34.99336527803218
1974-05-01,35.67677057759764
1974-05-02,35.73562290789914
1974-05-03,35.510880358130684
1974-05-06,35.272915051947216
1974-05-07,35.34941923269744
1974-05-08,35.33868810701413
1974-05-09,35.5780195544851
1974-05-10,34.97855653902215
1974-05-13,34.69496235127338
1974-05-14,34.73281126154226
1974-05-15,34.53976551413664
1974-05-16,34.38574243927444
1974-05-17,33.65140839944652
1974-05-20,33.503182881338276
1974-05-21,33.255998513822526
1974-05-22,32.56735275135149
1974-05-23,32.395727896009184
1974-05-24,32.81635620991218
1974-05-28,32.7837493768691
1974-05-29,32.404150903107016
1974-05-30,32.561124193464266
1974-05-31,32.44612741728316
1974-06-03,33.02013780150642
1974-06-04,33.55649718038836
1974-06-05,33.75461323903291
1974-06-06,34.19655870052169
1974-06-07,34.45141463380083
1974-06-10,34.59888539579085
1974-06-11,34.35503826735325
1974-06-12,34.120859327545865
1974-06-13,34.209790992656465
1974-06-14,33.875679917152574
1974-06-17,33.6000740180272
1974-06-18,33.378886927141934
1974-06-19,33.19021444739642
1974-06-20,32.9270227595341
1974-06-21,32.642513314950364
1974-06-24,32.62143510645284
1974-06-25,33.03970344421111
1974-06-26,32.624509421849886
1974-06-27,32.05814066525458
1974-06-28,31.819354039144933
1974-07-01,31.722498196344404
1974-07-02,30.993267918928876
1974-07-03,30.73077575381131
1974-07-05,30.475683335297937
1974-07-08,29.547698855967788
1974-07-09,29.853610627108665
1974-07-10,29.320677372203264
1974-07-11,29.299965458065277
1974-07-12,30.57663071676918
1974-07-15,30.992545058088997
1974-07-16,30.77963003870634
1974-07-17,31.08353488051912
1974-07-18,31.350949803149124
1974-07-19,31.556599430553955
1974-07-22,31.605116096218655
1974-07-23,31.91518285889216
1974-07-24,31.970010835046615
1974-07-25,31.832655606752827
1974-07-26,31.339059441025153
1974-07-29,30.88393494171031
1974-07-30,30.70038854005985
1974-07-31,30.53143897483841
1974-08-01,30.31396282341433
1974-08-02,30.20362463876584
1974-08-05,30.3440352141398
1974-08-06,30.87289061005705
1974-08-07,31.57242010649096
1974-08-08,31.30000376203488
1974-08-09,31.207432252909918
1974-08-12,30.975012159995018
1974-08-13,30.617622958396833
1974-08-14,30.148297553203452
1974-08-15,30.08729816735069
1974-08-16,29.959720173123603
1974-08-19,29.50293224541058
1974-08-20,29.6709044543898
1974-08-21,29.356298787120654
1974-08-22,29.04902204335918
1974-08-23,28.695962686323508
1974-08-26,28.671098044984042
1974-08-27,28.09218880569849
1974-08-28,27.880585410948974
1974-08-29,27.49553458986875
1974-08-30,28.25022358639843
1974-09-03,27.806543170466558
1974-09-04,27.01865987765228
1974-09-05,27.76209764637026
1974-09-06,28.059471895774212
1974-09-09,27.25475535795952
1974-09-10,26.945513124756186
1974-09-11,26.65122704152757
1974-09-12,25.963856632350904
1974-09-13,25.65670793798559
1974-09-16,25.91553167945229
1974-09-17,26.249062158177306
1974-09-18,26.184800619721653
1974-09-19,26.949734908000753
1974-09-20,27.13359372130878
1974-09-23,27.10000223628744
1974-09-24,26.7269712421883
1974-09-25,26.779527992753074
1974-09-26,26.314220229920483
1974-09-27,25.86434557078348
1974-09-30,25.217309901029942
1974-10-01,25.179195221141786
1974-10-02,25.23848901068001
1974-10-03,24.905362173341512
1974-10-04,25.27616909259914
1974-10-07,26.197486330686612
1974-10-08,26.305424422053186
1974-10-09,27.45375731401351
1974-10-10,28.065285522456872
1974-10-11,28.502007145539622
1974-10-14,28.9863582370261
1974-10-15,28.396424827931618
1974-10-16,28.18219570601816
1974-10-17,28.492878275947888
1974-10-18,28.790653319174066
1974-10-21,29.391739454476873
1974-10-22,29.246571384769627
1974-10-23,28.65762713062235
1974-10-24,28.46689237107597
1974-10-25,28.501194308305728
1974-10-28,28.720177090118327
1974-10-29,29.511693112201797
1974-10-30,30.000016072682207
1974-10-31,30.057230268954523
1974-11-01,30.00164686032162
1974-11-04,29.71027620972508
1974-11-05,30.170012183816198
1974-11-06,30.33670580848121
1974-11-07,30.509262441177597
1974-11-08,30.681558493650808
1974-11-11,30.7886631011333
1974-11-12,30.337919370871298
1974-11-13,30.286520472984357
1974-11-14,30.189234499833763
1974-11-15,29.871782522312916
1974-11-18,28.853362245983995
1974-11-19,28.515104354484205
1974-11-20,28.547162388102915
1974-11-21,28.583619323956967
1974-11-22,28.944355679004687
1974-11-25,28.894303592131806
1974-11-26,29.111143706026905
1974-11-27,29.271371480579116
1974-11-29,29.213045673657675
1974-12-02,28.5313324104647
1974-12-03,28.030975613990915
1974-12-04,28.083004947190627
1974-12-05,27.564672227448668
1974-12-06,27.1343166620452
1974-12-09,27.159714879987288
1974-12-10,27.755979802524646
1974-12-11,27.94102095929796
1974-12-12,27.883226563193453
1974-12-13,27.754584124291
1974-12-16,27.668978064004126
1974-12-17,28.08448255915592
1974-12-18,28.194018775602757
1974-12-19,28.092168687816166
1974-12-20,27.751132393555622
1974-12-23,27.408286628737645
1974-12-24,27.70032444338479
1974-12-26,27.826475967616222
1974-12-27,27.81060481852114
1974-12-30,27.702144828212642
1974-12-31,28.146366518159937
1975-01-02,28.831350939288896
1975-01-03,29.186683575998575
1975-01-06,29.45653495671554
1975-01-07,29.578020756659637
1975-01-08,29.56470459834321
1975-01-09,29.789910608800344
1975-01-10,30.35968160197502
1975-01-13,30.37528840301449
1975-01-14,30.2149423521933
1975-01-15,30.418832691209516
1975-01-16,30.45353820849989
1975-01-17,30.110019932639073
1975-01-20,30.136607517187343
1975-01-21,29.932469218382636
1975-01-22,30.11850281640574
1975-01-23,30.29691870754881
1975-01-24,30.722651480941654
1975-01-27,31.65792484500128
1975-01-28,31.79208037849289
1975-01-29,32.108419485610526
1975-01-30,31.812440174270378
1975-01-31,31.999102720642753
1975-02-03,32.44695320143966
1975-02-04,32.291346909192114
1975-02-05,32.690243648597786
1975-02-06,32.82817450439928
1975-02-07,32.851712459197884
1975-02-10,32.79490591627651
1975-02-11,32.764223894801425
1975-02-12,33.191864274423125
1975-02-13,33.526755022419195
1975-02-14,33.67765544152567
1975-02-18,33.598419574866746
1975-02-19,33.57943561733152
1975-02-20,33.91145251203232
1975-02-21,34.031959086190746
1975-02-24,33.65763945163491
1975-02-25,32.992231427834184
1975-02-26,33.25598775499841
1975-02-27,33.41863010838308
1975-02-28,33.64209611625234
1975-03-03,34.25787341992339
1975-03-04,34.485109801199236
1975-03-05,34.327055600988515
1975-03-06,34.65665476603192
1975-03-07,35.07265369638468
1975-03-10,35.43372242163292
1975-03-11,35.215464233542036
1975-03-12,34.94483391056718
1975-03-13,35.001738325130006
1975-03-14,35.54995285919466
1975-03-17,36.09476099218386
1975-03-18,35.8002503653174
1975-03-19,35.475344202097396
1975-03-20,35.32707349494679
1975-03-21,35.22971724838058
1975-03-24,34.48568999664481
1975-03-25,34.81370484186092
1975-03-26,35.61510946692892
1975-03-27,35.91774543490316
1975-03-31,35.81592369747431
1975-04-01,35.54512999008123
1975-04-02,35.55053201747884
1975-04-03,35.36323554742294
1975-04-04,35.31624058641224
1975-04-07,35.177472902084396
1975-04-08,35.43954987355036
1975-04-09,36.10095720145159
1975-04-10,36.60202241579724
1975-04-11,37.0793143465363
1975-04-14,37.55502457785138
1975-04-15,37.75924286363057
1975-04-16,37.973072630311016
1975-04-17,38.30485526954417
1975-04-18,38.14427848284858
1975-04-21,38.5662631248361
1975-04-22,38.38017909883424
1975-04-23,37.90680273619147
1975-04-24,37.99463334700155
1975-04-25,38.444925096020356
1975-04-28,38.36544629701229
1975-04-29,38.00215267970078
1975-04-30,38.59671478311074
1975-05-01,38.97466014785013
1975-05-02,39.52597409363076
1975-05-05,39.759793264235114
1975-05-06,39.08544865916407
1975-05-07,39.242879581298155
1975-05-08,39.60713284335493
1975-05-09,40.16507152644082
1975-05-12,40.16999343269027
1975-05-13,40.32784904549738
1975-05-14,40.70585506378493
1975-05-15,40.53804825351705
1975-05-16,40.262897787324896
1975-05-19,40.32528852133812
1975-05-20,40.27304004827703
1975-05-21,39.77148993000973
1975-05-22,39.92212056878998
1975-05-23,40.35713823031476
1975-05-27,40.46363060812649
1975-05-28,40.242479809991
1975-05-29,40.292847820860686
1975-05-30,40.91438709797254
1975-06-02,41.74703209055466
1975-06-03,41.83675584263767
1975-06-04,41.804097741725215
1975-06-05,41.755253813845016
1975-06-06,41.69979108050333
1975-06-09,41.16090522559812
1975-06-10,40.791376987196806
1975-06-11,40.8829548839489
1975-06-12,40.65190285763576
1975-06-13,40.75727437907274
1975-06-16,41.16216424719688
1975-06-17,40.7912243365753
1975-06-18,40.7131837523706
1975-06-19,41.371334714221824
1975-06-20,41.79291862515704
1975-06-23,42.32405340963963
1975-06-24,42.66691893616921
1975-06-25,42.894862336552485
1975-06-26,42.87492262178705
1975-06-27,42.983192717597674
1975-06-30,43.3160422482142
1975-07-01,43.23750656424906
1975-07-02,42.873127927132536
1975-07-03,43.157958842235274
1975-07-07,42.79251539991911
1975-07-08,42.74585828869761
1975-07-09,43.62449425274599
1975-07-10,43.81915270797827
1975-07-11,44.03081759406461
1975-07-14,44.29858953515975
1975-07-15,44.51967958572772
1975-07-16,44.031430242890714
1975-07-17,43.70055065024854
1975-07-18,43.68060282492194
1975-07-21,43.37164694022114
1975-07-22,42.77330718271551
1975-07-23,41.96464122026579
1975-07-24,41.58964458870973
1975-07-25,41.25470815889507
1975-07-28,40.96696479601581
1975-07-29,40.635594744678286
1975-07-30,40.94894721031571
1975-07-31,41.03582401742704
1975-08-01,40.520480579848886
1975-08-04,40.08274303484839
1975-08-05,39.45788103427408
1975-08-06,39.346728884414254
1975-08-07,39.215334864354894
1975-08-08,38.99531452008937
1975-08-11,39.01514653602443
1975-08-12,39.403621653304086
1975-08-13,38.9451959624094
1975-08-14,38.61996053930234
1975-08-15,38.89090745764039
1975-08-18,38.81331520471507
1975-08-19,37.98832877260092
1975-08-20,37.185989373283384
1975-08-21,37.12576690398131
1975-08-22,37.830927926327995
1975-08-25,38.24880754108026
1975-08-26,37.804437945188496
1975-08-27,38.03156957430595
1975-08-28,39.13231130040586
1975-08-29,39.57695637786258
1975-09-02,38.82453914299334
1975-09-03,39.08602889090075
1975-09-04,39.19667888583648
1975-09-05,39.02127027352409
1975-09-08,38.96992671293079
1975-09-09,38.28214181906719
1975-09-10,37.608767951190096
1975-09-11,37.61268267123468
1975-09-12,37.63568758687214
1975-09-15,37.39073711889027
1975-09-16,36.966607186428284
1975-09-17,37.05799112440979
1975-09-18,37.71867774707312
1975-09-19,38.7804123694187
1975-09-22,38.59250543741294
1975-09-23,38.62725498965875
1975-09-24,39.107131410295665
1975-09-25,39.01116564304559
1975-09-26,39.27230962166332
1975-09-29,38.87850752039099
1975-09-30,38.21603164017076
1975-10-01,37.54154257351189
1975-10-02,37.86187967791846
1975-10-03,38.807208090148876
1975-10-06,39.31974248079403
1975-10-07,39.21849900373488
1975-10-08,39.845240623748445
1975-10-09,39.90088898876503
1975-10-10,39.62522589373752
1975-10-13,40.21865110071742
1975-10-14,40.028690504499195
1975-10-15,40.07507671933838
1975-10-16,40.18288587589669
1975-10-17,39.924643142204616
1975-10-20,40.29736461487592
1975-10-21,40.737859114967456
1975-10-22,40.752963035186795
1975-10-23,41.01168233692266
1975-10-24,40.603964548512515
1975-10-27,40.567853791955
1975-10-28,40.848435653162234
1975-10-29,40.1452297098783
1975-10-30,40.023190341624975
1975-10-31,39.90492436327121
1975-11-03,39.54298000662983
1975-11-04,39.66961676542062
1975-11-05,40.24031941548728
1975-11-06,40.47447642519956
1975-11-07,40.503319161537895
1975-11-10,40.336346654339906
1975-11-11,40.57372625932261
1975-11-12,41.190309845827954
1975-11-13,41.16190189456451
1975-11-14,41.11111546913431
1975-11-17,41.254329367630085
1975-11-18,40.95514711899694
1975-11-19,40.434993707189335
1975-11-20,40.28540723551089
1975-11-21,40.31490000363073
1975-11-24,40.501510385615006
1975-11-25,40.81469316487566
1975-11-26,41.0240820934043
1975-11-28,41.15664897953233
1975-12-01,40.892205312106285
1975-12-02,40.03361129678305
1975-12-03,39.0001292644935
1975-12-04,39.06748685154681
1975-12-05,38.78710002414544
1975-12-08,38.69226528736481
1975-12-09,38.69534874678373
1975-12-10,39.01460066206124
1975-12-11,39.05815701736679
1975-12-12,38.97189042266829
1975-12-15,39.00789360717529
1975-12-16,39.51044445157386
1975-12-17,39.66082105553821
1975-12-18,39.8447710037589
1975-12-19,39.42463602892241
1975-12-22,39.029442540270566
1975-12-23,39.41432594173135
1975-12-24,39.75843144606284
1975-12-26,40.22487454243885
1975-12-29,39.869485492494384
1975-12-30,39.623228154238504
1975-12-31,40.16420286909084
1976-01-02,40.631431474388336
1976-01-05,41.2959889642275
1976-01-06,41.90090286962391
1976-01-07,42.28671053282734
1976-01-08,42.68327168352154
1976-01-09,43.11454939821192
1976-01-12,43.87894989680097
1976-01-13,43.50097293842957
1976-01-14,44.44366846806352
1976-01-15,44.35631775479198
1976-01-16,44.685007675688404
1976-01-19,45.29969674734661
1976-01-20,45.749369185802315
1976-01-21,45.60777180575244
1976-01-22,45.789900174000714
1976-01-23,46.44822825217044
1976-01-26,46.73442117918321
1976-01-27,46.481693945486015
1976-01-28,46.10833589972422
1976-01-29,47.04933107153993
1976-01-30,47.40714707542268
1976-02-02,47.52535272034529
1976-02-03,47.74926891837634
1976-02-04,48.14447123114985
1976-02-05,47.3028075300126
1976-02-06,47.13233681731915
1976-02-09,47.56167558074435
1976-02-10,48.1225316183305
1976-02-11,48.46963759831365
1976-02-12,48.55419802903894
1976-02-13,48.49016957042642
1976-02-17,48.387314262360256
1976-02-18,48.83164137098916
1976-02-19,49.96215601905751
1976-02-20,50.89623257299131
1976-02-23,50.95386567008388
1976-02-24,51.30194755776566
1976-02-25,51.27574162301931
1976-02-26,50.42108960076589
1976-02-27,49.91601084535351
1976-03-01,50.15904452174935
1976-03-02,50.84475932283608
1976-03-03,50.4909503033345
1976-03-04,50.03758087978412
1976-03-05,50.15010057227809
1976-03-08,50.78565222311671
1976-03-09,50.91129690624843
1976-03-10,51.07794387328489
1976-03-11,51.416337860385795
1976-03-12,50.890649965439934
1976-03-15,50.18276774439792
1976-03-16,50.7597940068262
1976-03-17,50.82710641195
1976-03-18,50.40325871268663
1976-03-19,50.33015000827372
1976-03-22,50.22256472084889
1976-03-23,50.430742998527634
1976-03-24,50.581273295520624
1976-03-25,50.16728187417233
1976-03-26,50.28948271650633
1976-03-29,50.142968736412456
1976-03-30,49.91825995806818
1976-03-31,50.35169727429327
1976-04-01,50.188975896475526
1976-04-02,50.20095326753648
1976-04-05,50.71289636443736
1976-04-06,50.78327842002434
1976-04-07,50.063318907343444
1976-04-08,49.303059695712584
1976-04-09,48.74784393195871
1976-04-12,48.68877684658996
1976-04-13,48.970812704846836
1976-04-14,48.773141869603194
1976-04-15,48.947459291093864
1976-04-19,49.46881379030997
1976-04-20,50.472200930091766
1976-04-21,50.6546801449564
1976-04-22,50.79820738487554
1976-04-23,50.42297619749722
1976-04-26,50.5101429811434
1976-04-27,50.21520552537753
1976-04-28,50.39100011879865
1976-04-29,50.44447545865377
1976-04-30,50.337350996488034
1976-05-03,49.777517625380035
1976-05-04,50.2623032895967
1976-05-05,50.138592762812934
1976-05-06,50.40843425495186
1976-05-07,50.679845513105576
1976-05-10,51.37038511373941
1976-05-11,51.46310352915108
1976-05-12,51.466286194455186
1976-05-13,51.33058464638444
1976-05-14,51.01976871502247
1976-05-17,50.808888607173785
1976-05-18,50.83586054875685
1976-05-19,50.98029753993026
1976-05-20,51.23326839239242
1976-05-21,50.83764362247868
1976-05-24,49.76398398399955
1976-05-25,49.461032267921524
1976-05-26,49.4825798659325
1976-05-27,49.19462659673207
1976-05-28,49.67469961904042
1976-06-01,49.48193409896888
1976-06-02,49.471888350302116
1976-06-03,49.469727076659474
1976-06-04,48.9828520233355
1976-06-07,48.595465766733035
1976-06-08,48.65421887425276
1976-06-09,48.77322936432825
1976-06-10,49.10505789558472
1976-06-11,49.560576168346614
1976-06-14,50.19408309029812
1976-06-15,49.988528001545404
1976-06-16,50.187066640176134
1976-06-17,50.87714330455611
1976-06-18,50.888390398427745
1976-06-21,50.65833704355077
1976-06-22,50.46410121603959
1976-06-23,50.537177854385064
1976-06-24,51.089871858057094
1976-06-25,51.0582741084455
1976-06-28,50.88009434772325
1976-06-29,50.922816069444664
1976-06-30,51.05396198584257
1976-07-01,50.77048041975972
1976-07-02,50.93480678195357
1976-07-06,50.71676720050119
1976-07-07,50.83890056431684
1976-07-08,50.93018825565346
1976-07-09,51.274975135460075
1976-07-12,51.66975442246622
1976-07-13,51.60628205935087
1976-07-14,51.71323963510501
1976-07-15,51.50184554098621
1976-07-16,51.26728265252326
1976-07-19,51.140062761210025
1976-07-20,50.855432492633625
1976-07-21,50.85267861711992
1976-07-22,50.83269620280451
1976-07-23,50.88350385398377
1976-07-26,50.85420141498817
1976-07-27,50.61862574428271
1976-07-28,50.40838944886616
1976-07-29,50.39431252002273
1976-07-30,50.60376684049803
1976-08-02,50.563588440979984
1976-08-03,50.96353257320563
1976-08-04,51.082901253076315
1976-08-05,50.81866222784365
1976-08-06,50.69959247697187
1976-08-09,50.53279481234653
1976-08-10,50.88248816179153
1976-08-11,50.72233438627171
1976-08-12,50.63993215702624
1976-08-13,50.64977696975747
1976-08-16,50.66386116489031
1976-08-17,50.73437589554562
1976-08-18,50.51360981852511
1976-08-19,49.9040769840797
1976-08-20,49.43529772521661
1976-08-23,49.1330319303425
1976-08-24,48.781280089135876
1976-08-25,49.113244139914784
1976-08-26,48.86666503235336
1976-08-27,48.957695659549344
1976-08-30,49.15343712161017
1976-08-31,49.53998634803343
1976-09-01,50.09483073352509
1976-09-02,50.10620313548366
1976-09-03,50.30065324108231
1976-09-07,50.49069648072855
1976-09-08,50.36808728909139
1976-09-09,50.01766718701287
1976-09-10,50.10959014959458
1976-09-13,49.924236213461505
1976-09-14,49.805660710967146
1976-09-15,49.84691418326302
1976-09-16,50.24518519153807
1976-09-17,50.72773150635543
1976-09-20,50.7984822307677
1976-09-21,51.385254747477234
1976-09-22,51.345173756104664
1976-09-23,51.09863188435601
1976-09-24,51.063933067177864
1976-09-27,51.2637837330684
1976-09-28,50.69365248214541
1976-09-29,50.49550944108778
1976-09-30,50.35861945262362
1976-10-01,49.847685378594974
1976-10-04,49.797290416018065
1976-10-05,49.408560627812285
1976-10-06,49.17316525291539
1976-10-07,49.405503506157494
1976-10-08,48.972199574890546
1976-10-11,48.34955200246164
1976-10-12,47.90181289635378
1976-10-13,48.50215094450468
1976-10-14,47.98117344438293
1976-10-15,48.156264204005225
1976-10-18,48.50276428970378
1976-10-19,48.54114720780039
1976-10-20,48.74846558191231
1976-10-21,48.364601360928724
1976-10-22,48.02960850902039
1976-10-25,48.20438582120446
1976-10-26,48.53135871427937
1976-10-27,48.80515504687077
1976-10-28,48.78465676985096
1976-10-29,49.33515398402757
1976-11-01,49.42037491706264
1976-11-03,48.8792959558236
1976-11-04,49.6166680612551
1976-11-05,49.28620100322422
1976-11-08,48.864992565263606
1976-11-09,48.77544579413675
1976-11-10,48.4955288827769
1976-11-11,48.754022196880136
1976-11-12,48.60241078282951
1976-11-15,48.80710690472679
1976-11-16,48.97925677075134
1976-11-17,49.28034531670121
1976-11-18,50.00282755594647
1976-11-19,50.19390432615631
1976-11-22,50.539007705450615
1976-11-23,50.29354780100546
1976-11-24,50.548102427049464
1976-11-26,50.915356624422664
1976-11-29,50.61510626417419
1976-11-30,50.47812565213769
1976-12-01,50.780700613280736
1976-12-02,50.76310294827063
1976-12-03,51.003715636097446
1976-12-06,51.5472826922113
1976-12-07,51.5033565473028
1976-12-08,51.90422093824221
1976-12-09,52.26545824100524
1976-12-10,52.38152763228749
1976-12-13,52.439030458683284
1976-12-14,52.795768903371076
1976-12-15,53.027723629244406
1976-12-16,52.97186318558212
1976-12-17,52.850403078389604
1976-12-20,52.556800662087944
1976-12-21,52.74608065139662
1976-12-22,53.02999144348629
1976-12-23,52.93639500979976
1976-12-27,53.38874593229747
1976-12-28,53.691582915179616
1976-12-29,53.52253275194054
1976-12-30,53.86115654503945
1976-12-31,54.18701922654625
1977-01-03,54.1245491922053
1977-01-04,53.676127775728276
1977-01-05,53.287425042509405
1977-01-06,53.37847763919329
1977-01-07,53.443768701165304
1977-01-10,53.528898200553535
1977-01-11,53.02835347016584
1977-01-12,52.5465129167565
1977-01-13,53.13849028925276
1977-01-14,53.20377369258932
1977-01-17,53.18813010565029
1977-01-18,53.141613119450255
1977-01-19,53.4240775690775
1977-01-20,53.23112154522056
1977-01-21,53.5545423057088
1977-01-24,53.75215964604386
1977-01-25,53.86096941532573
1977-01-26,53.52808751510061
1977-01-27,53.136294149841454
1977-01-28,53.20682934740321
1977-01-31,53.00363792857211
1977-02-01,53.27786261390496
1977-02-02,53.252375806195474
1977-02-03,53.129027122530125
1977-02-04,53.310624912309066
1977-02-07,53.34951539257855
1977-02-08,53.217651687200245
1977-02-09,52.772778325642804
1977-02-10,52.83279446334826
1977-02-11,52.60521296797064
1977-02-14,52.60523780311758
1977-02-15,52.83798546962149
1977-02-16,53.139901510160094
1977-02-17,52.78311768660802
1977-02-18,52.63904063912175
1977-02-22,52.386974016554525
1977-02-23,52.31534944397503
1977-02-24,51.91171741383178
1977-02-25,51.738607884705445
1977-02-28,51.80785280162624
1977-03-01,52.20610235706612
1977-03-02,52.21381548370199
1977-03-03,52.48061734684971
1977-03-04,52.731714925738856
1977-03-07,52.800979533003826
1977-03-08,52.67110498369647
1977-03-09,52.34464315503625
1977-03-10,52.587487418005466
1977-03-11,52.70852651345689
1977-03-14,52.89329846107648
1977-03-15,53.09242329872261
1977-03-16,53.20656906732326
1977-03-17,53.25128907517827
1977-03-18,53.265107012862536
1977-03-21,53.08508751814263
1977-03-22,52.91238320768536
1977-03-23,52.52608193704545
1977-03-24,52.409030647928
1977-03-25,52.19353447782397
1977-03-28,52.024820325124566
1977-03-29,52.23755061595821
1977-03-30,51.88757126619154
1977-03-31,51.856191556325015
1977-04-01,52.27496592599972
1977-04-04,51.9280825309897
1977-04-05,51.81050898454981
1977-04-06,51.820714359143324
1977-04-07,51.97649493118144
1977-04-11,52.3418098457521
1977-04-12,52.994919632715344
1977-04-13,53.04844657012058
1977-04-14,53.44979965303629
1977-04-15,53.49326499327371
1977-04-18,53.34421166202199
1977-04-19,53.342968174797925
1977-04-20,53.79074028080566
1977-04-21,53.54651317044462
1977-04-22,52.873925546108296
1977-04-25,52.183255885311254
1977-04-26,52.059908720104225
1977-04-27,52.575414354826
1977-04-28,52.76569396347174
1977-04-29,53.12628371258381
1977-05-02,53.524411832553916
1977-05-03,53.88262211095368
1977-05-04,54.154672906908246
1977-05-05,54.35919742865825
1977-05-06,54.2654333034165
1977-05-09,54.204180584489166
1977-05-10,54.43161000001253
1977-05-11,54.352933438171405
1977-05-12,54.44685419663774
1977-05-13,54.5993662749755
1977-05-16,54.92441428119252
1977-05-17,54.95543744796592
1977-05-18,55.37738758221583
1977-05-19,55.34113441801017
1977-05-20,55.16963030185167
1977-05-23,54.647940428004745
1977-05-24,54.30886355292282
1977-05-25,53.88198065927289
1977-05-26,53.95155563497563
1977-05-27,53.638593789326784
1977-05-31,53.51815777429885
1977-06-01,53.866289764385414
1977-06-02,53.84201966276436
1977-06-03,54.28410180356223
1977-06-06,54.27711103270416
1977-06-07,54.55167186169623
1977-06-08,54.90810084358076
1977-06-09,54.941002803284704
1977-06-10,55.15777715499026
1977-06-13,55.31148545758457
1977-06-14,55.79431312814738
1977-06-15,55.71551661966916
1977-06-16,55.78603763897339
1977-06-17,55.92652193160856
1977-06-20,56.14929130951534
1977-06-21,56.407631506925895
1977-06-22,56.44902767591503
1977-06-23,56.61222802554155
1977-06-24,57.02061931221282
1977-06-27,57.01387615707455
1977-06-28,56.73546593263634
1977-06-29,56.77297211838209
1977-06-30,56.97163955045194
1977-07-01,57.00715240766528
1977-07-05,57.07697300221881
1977-07-06,56.83751417687426
1977-07-07,57.1124497570966
1977-07-08,57.195714227014626
1977-07-11,57.134581174643515
1977-07-12,57.05307680683056
1977-07-13,57.1618042804374
1977-07-15,57.38343450576903
1977-07-18,57.68508625151142
1977-07-19,58.00080033737931
1977-07-20,58.10965847529008
1977-07-21,58.16251505377189
1977-07-22,58.411602105459316
1977-07-25,58.149938816422534
1977-07-26,57.95617477008798
1977-07-27,57.138982154316196
1977-07-28,56.952798860099705
1977-07-29,56.85401891597828
1977-08-01,57.06026759614807
1977-08-02,56.7475128665551
1977-08-03,56.52403755328859
1977-08-04,56.859694386260635
1977-08-05,56.9180506774395
1977-08-08,56.717985924450396
1977-08-09,56.76120619369815
1977-08-10,57.085602761625935
1977-08-11,56.872681112635945
1977-08-12,56.717793347607504
1977-08-15,56.69248286740533
1977-08-16,56.539165761855934
1977-08-17,56.53713354376153
1977-08-18,56.446407991056695
1977-08-19,56.32238240643617
1977-08-22,56.37339611242455
1977-08-23,56.38093662837053
1977-08-24,56.265148438903594
1977-08-25,55.73857605624008
1977-08-26,55.608153739920624
1977-08-29,56.01317331215021
1977-08-30,55.87430247439689
1977-08-31,55.94286755099256
1977-09-01,56.18527947856632
1977-09-02,56.5508144158281
1977-09-06,56.57549988577729
1977-09-07,56.74471749536688
1977-09-08,56.562938742855124
1977-09-09,56.37741838700308
1977-09-12,56.293598832553215
1977-09-13,56.21548030718134
1977-09-14,56.36292795698802
1977-09-15,56.39693914418552
1977-09-16,56.48635026357017
1977-09-19,56.17984159618144
1977-09-20,56.1409363197272
1977-09-21,55.84467783417002
1977-09-22,55.787920151630466
1977-09-23,55.87347010045355
1977-09-26,56.12770073783732
1977-09-27,56.05408227047215
1977-09-28,56.06754299751053
1977-09-29,56.43322643895435
1977-09-30,56.887727356114006
1977-10-03,57.044415135671336
1977-10-04,56.79634422123811
1977-10-05,56.66293119150403
1977-10-06,56.66987466871081
1977-10-07,56.83864372616654
1977-10-10,56.83421413027376
1977-10-11,56.6520450853914
1977-10-12,55.84316796853161
1977-10-13,55.31386745720853
1977-10-14,55.36019137135073
1977-10-17,55.291882598901644
1977-10-18,55.359756842141145
1977-10-19,54.79203247439527
1977-10-20,54.83555912699093
1977-10-21,54.824253907275526
1977-10-24,54.58250611208123
1977-10-25,54.01491700027058
1977-10-26,54.49561523010217
1977-10-27,54.639249731031946
1977-10-28,54.72022896326346
1977-10-31,54.74032934108114
1977-11-01,54.3529990763228
1977-11-02,54.29729062267257
1977-11-03,54.296192810337935
1977-11-04,54.76619878434523
1977-11-07,55.29959055074075
1977-11-08,55.35819397523035
1977-11-09,55.779615923826306
1977-11-10,56.90294336190328
1977-11-11,57.832867739503996
1977-11-14,57.70658826279977
1977-11-15,58.01689826703854
1977-11-16,58.162837620515326
1977-11-17,58.17854946964962
1977-11-18,58.42110978696933
1977-11-21,58.459064954094806
1977-11-22,58.8057283860748
1977-11-23,59.05550354382099
1977-11-25,59.33498923222106
1977-11-28,59.20246637963047
1977-11-29,58.65001966140717
1977-11-30,58.83465995953901
1977-12-01,59.0245676706817
1977-12-02,59.40063457676227
1977-12-05,59.45082673353979
1977-12-06,58.59793818005369
1977-12-07,58.415955549670855
1977-12-08,58.35920496136273
1977-12-09,58.582983467340895
1977-12-12,58.64702323872214
1977-12-13,58.649801799866914
1977-12-14,58.839120110834294
1977-12-15,58.6560789681355
1977-12-16,58.73162559807453
1977-12-19,58.19142453487151
1977-12-20,57.887836633496256
1977-12-21,58.17074302041811
1977-12-22,58.526108174477315
1977-12-23,59.05971783305896
1977-12-27,59.096235822576524
1977-12-28,59.284023598265776
1977-12-29,59.47028982800867
1977-12-30,59.79497241429822
1978-01-03,59.46804819150499
1978-01-04,59.005677392162475
1978-01-05,58.874652157546144
1978-01-06,58.02523362942874
1978-01-09,57.13149759487151
1978-01-10,56.68540200920842
1978-01-11,56.449846355112285
1978-01-12,56.529640538497986
1978-01-13,56.75499750043827
1978-01-16,56.40091061399221
1978-01-17,56.58403476517884
1978-01-18,57.145131362099065
1978-01-19,57.142234593237504
1978-01-20,57.13779072801322
1978-01-23,56.929261882618334
1978-01-24,56.92335046496122
1978-01-25,57.065210754744584
1978-01-26,56.80329699742613
1978-01-27,56.8013665208809
1978-01-30,57.096795512170665
1978-01-31,57.055263872977235
1978-02-01,57.34685190518243
1978-02-02,57.67133856071302
1978-02-03,57.773272844797965
1978-02-06,57.87505718883209
1978-02-07,58.169107187695026
1978-02-08,58.370161672199885
1978-02-09,58.237141535705746
1978-02-10,58.43057892768786
1978-02-13,58.35031028295144
1978-02-14,57.98817343821533
1978-02-15,57.78824094839377
1978-02-16,57.45578807378225
1978-02-17,57.52058489721261
1978-02-21,57.34465844857996
1978-02-22,57.36650776990254
1978-02-23,57.51555322351613
1978-02-24,57.90149242526226
1978-02-27,57.62720858328473
1978-02-28,57.311845793522146
1978-03-01,57.33381155889119
1978-03-02,57.66764764063328
1978-03-03,57.78225969151266
1978-03-06,57.55789054178837
1978-03-07,57.83960302109544
1978-03-08,58.194646967918274
1978-03-09,58.47227165644879
1978-03-10,59.14555797832353
1978-03-13,59.216993055212924
1978-03-14,59.4218061492572
1978-03-15,59.51402785863825
1978-03-16,59.90483473332401
1978-03-17,60.512356778800275
1978-03-20,61.09456886218479
1978-03-21,60.69216493315293
1978-03-22,60.72463032096671
1978-03-23,60.85807273520325
1978-03-27,60.743734542326045
1978-03-28,61.1857819770648
1978-03-29,61.58059382754972
1978-03-30,61.466729542553125
1978-03-31,61.49557870874294
1978-04-03,60.918882386151
1978-04-04,61.188817879279746
1978-04-05,61.75740840898512
1978-04-06,62.08430018203188
1978-04-07,62.61324660959308
1978-04-10,62.96608139803959
1978-04-11,62.987401643554634
1978-04-12,63.20007458744289
1978-04-13,63.86162838968777
1978-04-14,64.86708536188179
1978-04-17,65.40808944199571
1978-04-18,64.83088577621706
1978-04-19,65.06608404542305
1978-04-20,65.67775926696285
1978-04-21,65.77745460168022
1978-04-24,66.48433297267393
1978-04-25,66.88880222205857
1978-04-26,66.97409633630244
1978-04-27,66.49944091820258
1978-04-28,66.97891267524263
1978-05-01,67.57944924249664
1978-05-02,67.59925283953243
1978-05-03,67.28319026500469
1978-05-04,67.66968679287936
1978-05-05,68.32303134410658
1978-05-08,68.26953439442723
1978-05-09,68.30900606608265
1978-05-10,68.73639285589047
1978-05-11,69.69623126273707
1978-05-12,70.63388252594979
1978-05-15,70.9942302804514
1978-05-16,71.59666780336437
1978-05-17,72.02904368796459
1978-05-18,71.5312110148617
1978-05-19,71.24658092230415
1978-05-22,71.82631319006079
1978-05-23,71.21646084277266
1978-05-24,70.42534770239372
1978-05-25,70.50627723467373
1978-05-26,70.41084132163726
1978-05-30,70.64792143014674
1978-05-31,70.9023228160225
1978-06-01,70.97592725461946
1978-06-02,71.81241494758767
1978-06-05,73.20133486302996
1978-06-06,73.64538513000814
1978-06-07,73.80836392998064
1978-06-08,74.2812627626746
1978-06-09,74.3305638722463
1978-06-12,74.07074793162916
1978-06-13,73.99530625282837
1978-06-14,74.28691179695687
1978-06-15,73.58164721756233
1978-06-16,72.99699753308373
1978-06-19,72.54108941371238
1978-06-20,71.8798776470886
1978-06-21,71.21251989025852
1978-06-22,71.56031560982963
1978-06-23,71.88642561722816
1978-06-26,70.83299017580242
1978-06-27,70.82425209103235
1978-06-28,71.18297475680251
1978-06-29,71.46410724192506
1978-06-30,71.57495340964859
1978-07-03,71.48345652716893
1978-07-05,70.80610391490552
1978-07-06,70.74347504600644
1978-07-07,71.28362052787699
1978-07-10,71.70090590095913
1978-07-11,71.9713620502503
1978-07-12,72.4149366222714
1978-07-13,72.48184268424424
1978-07-14,73.68066552752425
1978-07-17,74.08903316029942
1978-07-18,73.61626606758335
1978-07-19,74.4056048745211
1978-07-20,74.52699199117761
1978-07-21,74.29604660399166
1978-07-24,74.19973663486971
1978-07-25,74.61374387055898
1978-07-26,75.0935321492702
1978-07-27,75.70876948293349
1978-07-28,76.14676622837558
1978-07-31,77.15727605071784
1978-08-01,77.48343965783091
1978-08-02,79.32448734636532
1978-08-03,79.67094071325207
1978-08-04,79.95549955298424
1978-08-07,80.12606479247046
1978-08-08,80.64773868925882
1978-08-09,81.39770205481784
1978-08-10,81.05458931997386
1978-08-11,81.42359934238135
1978-08-14,81.59912513961602
1978-08-15,81.37937371406393
1978-08-16,81.96094593854201
1978-08-17,82.62622855767472
1978-08-18,82.7357748511105
1978-08-21,81.7759271349832
1978-08-22,81.87017148428536
1978-08-23,82.56451052045935
1978-08-24,83.10264484825763
1978-08-25,83.43323199572242
1978-08-28,82.98075403148042
1978-08-29,82.7811374305838
1978-08-30,83.35400976022258
1978-08-31,83.18154717752292
1978-09-01,83.35326284452874
1978-09-05,83.68948107936748
1978-09-06,84.28089934765751
1978-09-07,84.51384441694941
1978-09-08,85.38928419014955
1978-09-11,85.65782167482307
1978-09-12,85.93200626911535
1978-09-13,85.7805948585898
1978-09-14,84.99319635661413
1978-09-15,84.05449154813425
1978-09-18,82.43612549528196
1978-09-19,81.2294668509942
1978-09-20,79.61770354263595
1978-09-21,79.5486509038276
1978-09-22,79.65620931441023
1978-09-25,79.47103694629435
1978-09-26,80.32515087497721
1978-09-27,79.36651836146342
1978-09-28,79.57025871925258
1978-09-29,80.17154642706058
1978-10-02,80.46142437230723
1978-10-03,80.22346855997853
1978-10-04,80.49164753458064
1978-10-05,80.70492921945826
1978-10-06,80.7484894445881
1978-10-09,81.44783786045603
1978-10-10,81.40258787526147
1978-10-11,81.88587381268596
1978-10-12,81.98980247699797
1978-10-13,81.86035928899808
1978-10-16,80.15743112759242
1978-10-17,77.91708096584571
1978-10-18,76.46848466916995
1978-10-19,74.75934444920156
1978-10-20,72.50535000244162
1978-10-23,71.9600045560507
1978-10-24,71.76039970412648
1978-10-25,71.55070354449037
1978-10-26,69.13801691753419
1978-10-27,66.95526424850767
1978-10-30,66.33467340103297
1978-10-31,65.17067594686195
1978-11-01,68.77101931948562
1978-11-02,68.45670804415846
1978-11-03,69.04642017926176
1978-11-06,68.54605991473207
1978-11-07,67.0005151485587
1978-11-08,67.47056141507231
1978-11-09,67.72517717502677
1978-11-10,68.21428515909349
1978-11-13,66.34911690922497
1978-11-14,65.06724900350463
1978-11-15,65.54216332400847
1978-11-16,66.32051955464514
1978-11-17,67.54576110842916
1978-11-20,68.48576043434976
1978-11-21,68.43126139546499
1978-11-22,69.02030281788768
1978-11-24,69.71014832448702
1978-11-27,70.17122919960252
1978-11-28,69.5482080164283
1978-11-29,68.34700774043965
1978-11-30,69.33125852799137
1978-12-01,70.88792832221642
1978-12-04,71.09555976306028
1978-12-05,72.4589061907704
1978-12-06,72.77744374393882
1978-12-07,72.33047995370316
1978-12-08,71.86567663916139
1978-12-11,72.41227873048626
1978-12-12,71.86732613196452
1978-12-13,71.38823683307987
1978-12-14,71.50678390318342
1978-12-15,71.05400427160778
1978-12-18,68.68307599629858
1978-12-19,69.14847204729388
1978-12-20,69.86044001068827
1978-12-21,70.10695235057158
1978-12-22,71.57057006715212
1978-12-26,72.42771415100322
1978-12-27,71.82598310161755
1978-12-28,71.64786314015106
1978-12-29,71.92470084039203
1979-01-02,72.21979945495296
1979-01-03,73.56774300573024
1979-01-04,74.27175472416289
1979-01-05,75.22711522956146
1979-01-08,74.99814351890414
1979-01-09,75.61417166671615
1979-01-10,75.39990741424413
1979-01-11,75.94854978358794
1979-01-12,76.85458295678725
1979-01-15,77.30513931251868
1979-01-16,76.13956318584862
1979-01-17,75.98910107005862
1979-01-18,76.3260181357122
1979-01-19,76.34952290317501
1979-01-22,76.21398714369889
1979-01-23,76.70270729461535
1979-01-24,76.0203103728341
1979-01-25,76.7321735693668
1979-01-26,77.24378238338086
1979-01-29,77.03755102429449
1979-01-30,76.41165210590208
1979-01-31,75.34220499747583
1979-02-01,75.40061727671342
1979-02-02,75.2647481383937
1979-02-05,73.97201284432653
1979-02-06,73.91682752074595
1979-02-07,72.633437503784
1979-02-08,73.13776215829803
1979-02-09,73.33163666522177
1979-02-12,73.23154043027561
1979-02-13,74.0423155272891
1979-02-14,73.8364772946441
1979-02-15,73.77784567093734
1979-02-16,73.94163357447489
1979-02-20,74.24233063217221
1979-02-21,73.93138597858938
1979-02-22,73.72909217765938
1979-02-23,73.14411916646091
1979-02-26,73.087325224548
1979-02-27,71.12075768052692
1979-02-28,71.24619770783366
1979-03-01,71.79421611882563
1979-03-02,71.94673939866959
1979-03-05,73.11159371658093
1979-03-06,72.79399074647742
1979-03-07,73.66073828036683
1979-03-08,74.85519144800178
1979-03-09,74.63863293585543
1979-03-12,74.8847247160667
1979-03-13,75.06161032002238
1979-03-14,74.86560531709456
1979-03-15,74.92581237078001
1979-03-16,75.39699923195523
1979-03-19,75.88725177463938
1979-03-20,75.43846936629599
1979-03-21,76.26419166226272
1979-03-22,76.96143211984761
1979-03-23,77.27044457733179
1979-03-26,76.70106056310281
1979-03-27,77.93024931583403
1979-03-28,77.80019980038166
1979-03-29,78.1215524360124
1979-03-30,77.9136489427185
1979-04-02,77.21736391533678
1979-04-03,78.6855753759647
1979-04-04,78.91878423170108
1979-04-05,79.4868106701924
1979-04-06,79.43575178565602
1979-04-09,79.23325980127628
1979-04-10,79.68856752406734
1979-04-11,78.70150552291905
1979-04-12,78.7663258776574
1979-04-16,77.99260302053676
1979-04-17,77.85824920429323
1979-04-18,78.52352923817583
1979-04-19,78.219752883432
1979-04-20,78.34198995451098
1979-04-23,78.48173945130068
1979-04-24,78.80449243320547
1979-04-25,79.19486691079157
1979-04-26,78.71134048445387
1979-04-27,78.38801883764079
1979-04-30,78.27692549757043
1979-05-01,78.27925823755922
1979-05-02,78.3041764593716
1979-05-03,78.45427067959682
1979-05-04,77.72292200174859
1979-05-07,75.81905285981402
1979-05-08,75.71869392348503
1979-05-09,76.07193634244031
1979-05-10,75.3019296581759
1979-05-11,75.33341654548514
1979-05-14,75.21928712640215
1979-05-15,75.49077290098818
1979-05-16,75.78962634013654
1979-05-17,76.93117053724363
1979-05-18,77.1138474912219
1979-05-21,77.55075655642675
1979-05-22,77.87152331167992
1979-05-23,77.43197854525557
1979-05-24,77.62494390393566
1979-05-25,77.98561462313191
1979-05-29,77.86892246223621
1979-05-30,76.85331453984011
1979-05-31,76.94514700682353
1979-06-01,76.9721351237676
1979-06-04,77.16534442211724
1979-06-05,78.18186915209046
1979-06-06,78.66086254873069
1979-06-07,79.05363079866423
1979-06-08,79.07641167434765
1979-06-11,79.19363262530328
1979-06-12,79.86521352924026
1979-06-13,79.4619490397219
1979-06-14,79.32469685397918
1979-06-15,79.47869066252268
1979-06-18,79.27656036434445
1979-06-19,79.34854859170962
1979-06-20,79.58039969327419
1979-06-21,80.23039399270439
1979-06-22,80.73629201100975
1979-06-25,80.42595983115457
1979-06-26,80.04955720283334
1979-06-27,80.52728363586465
1979-06-28,80.7540285883581
1979-06-29,80.95757567974582
1979-07-02,80.17382911897712
1979-07-03,80.23307529954648
1979-07-05,80.65980954985511
1979-07-06,81.53133567610787
1979-07-09,82.14844927225003
1979-07-10,81.69250895990304
1979-07-11,81.42603906174467
1979-07-12,80.72959543111097
1979-07-13,80.4575402245913
1979-07-16,81.03485856369738
1979-07-17,80.30981245682511
1979-07-18,79.983337320762
1979-07-19,80.19423302049341
1979-07-20,80.50609565577038
1979-07-23,80.36092831659303
1979-07-24,80.74612929301178
1979-07-25,81.4315983233868
1979-07-26,81.51749212991636
1979-07-27,81.74915469342358
1979-07-30,82.00276855140692
1979-07-31,82.44766781356083
1979-08-01,82.75019433586733
1979-08-02,82.73495863781008
1979-08-03,82.6527070231973
1979-08-06,82.7896641076458
1979-08-07,83.69636326103428
1979-08-08,84.18921560601672
1979-08-09,84.14162356634209
1979-08-10,84.9352503515358
1979-08-13,85.59534017804332
1979-08-14,85.99263538842887
1979-08-15,86.67688676381648
1979-08-16,86.72176600375317
1979-08-17,86.98870005673055
1979-08-20,87.47558809690788
1979-08-21,87.56531767572723
1979-08-22,87.91560950114022
1979-08-23,87.89877383083038
1979-08-24,87.67465355367453
1979-08-27,88.18046099561954
1979-08-28,88.2154207310477
1979-08-29,88.47544511288395
1979-08-30,88.81826260717808
1979-08-31,89.17589277357986
1979-09-04,87.80820393518847
1979-09-05,86.20540960968091
1979-09-06,87.1031841143924
1979-09-07,87.98707816115108
1979-09-10,88.6100979990776
1979-09-11,88.21141200426464
1979-09-12,88.81350321773601
1979-09-13,88.93522229927873
1979-09-14,90.0250794777522
1979-09-17,90.13089228063265
1979-09-18,89.86932159189591
1979-09-19,90.10857307470101
1979-09-20,91.408945983281
1979-09-21,91.71572100646397
1979-09-24,90.90200114209749
1979-09-25,90.74080283804896
1979-09-26,91.09539488655615
1979-09-27,91.39162656604812
1979-09-28,90.6726731557369
1979-10-01,90.26689691379364
1979-10-02,90.89499867791064
1979-10-03,91.13874336462749
1979-10-04,91.59661144689304
1979-10-05,92.60052249628275
1979-10-08,91.13817148512986
1979-10-09,87.19032801528368
1979-10-10,84.40197880164995
1979-10-11,84.61515642384846
1979-10-12,84.64524529252624
1979-10-15,83.01470485849775
1979-10-16,82.94874371563368
1979-10-17,83.46076073273717
1979-10-18,83.79180047540598
1979-10-19,81.69071019322955
1979-10-22,79.75358477473254
1979-10-23,79.9394092630539
1979-10-24,80.53377867590144
1979-10-25,80.26839998477828
1979-10-26,80.74585107770591
1979-10-29,80.85995247925204
1979-10-30,82.15451584590615
1979-10-31,81.84709085374735
1979-11-01,82.5992967226734
1979-11-02,82.9128864964141
1979-11-05,82.37244510121404
1979-11-06,81.98739317950975
1979-11-07,80.99714664138094
1979-11-08,81.66630899456796
1979-11-09,82.76871136828035
1979-11-12,84.29037969411071
1979-11-13,84.3377107310697
1979-11-14,85.0589758970386
1979-11-15,85.82106447832336
1979-11-16,85.90599208166329
1979-11-19,86.75827627083777
1979-11-20,86.57869788128161
1979-11-21,86.64442837547614
1979-11-23,87.67181709856806
1979-11-26,89.61383383625524
1979-11-27,89.38834317492135
1979-11-28,90.15415877301984
1979-11-29,90.78291758829869
1979-11-30,90.55414673813877
1979-12-03,90.6669052597155
1979-12-04,91.56833101872913
1979-12-05,91.99741655977103
1979-12-06,92.76572880153284
1979-12-07,92.80749712757948
1979-12-10,93.57911045368719
1979-12-11,93.49937342511815
1979-12-12,93.85259063016989
1979-12-13,94.43315456540824
1979-12-14,95.47632201917787
1979-12-17,96.2328321014205
1979-12-18,95.70346714917977
1979-12-19,95.6288450124527
1979-12-20,96.31371225915504
1979-12-21,96.09721193146187
1979-12-24,96.21340973558254
1979-12-26,96.54385781665057
1979-12-27,97.07209963734854
1979-12-28,97.52107121275394
1979-12-31,98.27973173268178
1980-01-02,96.90299756039204
1980-01-03,95.98873991069841
1980-01-04,97.95552074887942
1980-01-07,98.23551578690133
1980-01-08,99.20944803258426
1980-01-09,99.60148211285976
1980-01-10,100.815810146787
1980-01-11,101.80116680560528
1980-01-14,102.80972448339371
1980-01-15,103.55813755875207
1980-01-16,103.7869953480598
1980-01-17,103.67188945179979
1980-01-18,103.4476127269924
1980-01-21,104.50385347236265
1980-01-22,103.5998794222269
1980-01-23,105.04359861460885
1980-01-24,105.64139919868325
1980-01-25,105.7772033456297
1980-01-28,106.96986510009913
1980-01-29,106.54681336358655
1980-01-30,108.0701267335114
1980-01-31,107.50227086687117
1980-02-01,108.26851005065818
1980-02-04,107.85863034901642
1980-02-05,107.92652484774128
1980-02-06,108.52023268956192
1980-02-07,109.57665491036917
1980-02-08,110.91290647440465
1980-02-11,110.50710942832166
1980-02-12,110.87010438919165
1980-02-13,111.13200473784424
1980-02-14,109.3686984754201
1980-02-15,108.37973506449677
1980-02-19,107.24236331984531
1980-02-20,108.72885045664171
1980-02-21,108.33933920913225
1980-02-22,107.72975933199353
1980-02-25,106.29664597197548
1980-02-26,106.61382187837373
1980-02-27,105.55312212936556
1980-02-28,105.70420364709899
1980-02-29,106.6699454669407
1980-03-03,106.27773355415594
1980-03-04,105.99898748676188
1980-03-05,104.79380716693544
1980-03-06,102.25484855467748
1980-03-07,100.17769313416464
1980-03-10,98.01655826385526
1980-03-11,98.923694421694
1980-03-12,98.59386234954452
1980-03-13,97.35522100023216
1980-03-14,96.71816051866541
1980-03-17,92.13205727311603
1980-03-18,92.7287265325348
1980-03-19,94.2162732098314
1980-03-20,93.50030056347563
1980-03-21,92.8292311328229
1980-03-24,89.25216419584027
1980-03-25,88.66817501409716
1980-03-26,87.8282113999212
1980-03-27,84.32324732339013
1980-03-28,87.91978236450423
1980-03-31,88.99856023374684
1980-04-01,90.04512772793989
1980-04-02,90.38714115535805
1980-04-03,89.89091549324515
1980-04-07,88.18289009418669
1980-04-08,89.14184725096719
1980-04-09,90.58897078077659
1980-04-10,91.65003026268582
1980-04-11,91.68859026562849
1980-04-14,90.34789556910431
1980-04-15,89.62834749099527
1980-04-16,88.20089234584894
1980-04-17,87.41845015379762
1980-04-18,86.92347335134316
1980-04-21,85.68961405613163
1980-04-22,88.87321272610536
1980-04-23,89.54113524535302
1980-04-24,90.86855140568177
1980-04-25,91.59439758468672
1980-04-28,91.99674408089028
1980-04-29,92.4277184936827
1980-04-30,92.46371861421684
1980-05-01,91.38821973462166
1980-05-02,91.28870649225289
1980-05-05,91.988062511793
1980-05-06,91.64040662641067
1980-05-07,92.16798873778029
1980-05-08,91.69993755729749
1980-05-09,90.61746992642257
1980-05-12,90.70624530598137
1980-05-13,91.76035151272556
1980-05-14,92.79897331385587
1980-05-15,93.03987270015986
1980-05-16,93.57887482106051
1980-05-19,94.11527276076723
1980-05-20,94.17846896113944
1980-05-21,94.9845033711459
1980-05-22,96.07102161590876
1980-05-23,97.41161813621603
1980-05-27,98.30548369553742
1980-05-28,98.81185188046993
1980-05-29,97.45241246266676
1980-05-30,98.29948079506228
1980-06-02,98.54861285440172
1980-06-03,98.59157268944604
1980-06-04,100.46127662783248
1980-06-05,100.65070300095124
1980-06-06,101.23419691853408
1980-06-09,101.65754278610578
1980-06-10,102.36740707282746
1980-06-11,103.61470905417721
1980-06-12,103.78351682989498
1980-06-13,104.37569116982701
1980-06-16,104.38840324458808
1980-06-17,104.53060638228946
1980-06-18,104.61292576413199
1980-06-19,103.55630617780996
1980-06-20,103.01566286961835
1980-06-23,103.4561699264966
1980-06-24,104.36990774946871
1980-06-25,105.94313519660813
1980-06-26,105.86387465976445
1980-06-27,106.25200926233232
1980-06-30,105.1133579276602
1980-07-01,105.77213269356633
1980-07-02,106.58267902619008
1980-07-03,108.21327642900842
1980-07-07,109.59624990783868
1980-07-08,109.67124414660786
1980-07-09,110.16929995176282
1980-07-10,110.02615597790198
1980-07-11,110.69910750790571
1980-07-14,113.00332766340499
1980-07-15,112.32635102631409
1980-07-16,113.14466007655457
1980-07-17,114.89327133310731
1980-07-18,115.63869111812559
1980-07-21,116.56389035635092
1980-07-22,116.52502332387182
1980-07-23,116.45174038845398
1980-07-24,116.42447853979583
1980-07-25,115.71263145222629
1980-07-28,115.9790291036297
1980-07-29,117.35270430517733
1980-07-30,118.13381920072115
1980-07-31,118.07528009861898
1980-08-01,118.56284907645974
1980-08-04,118.2499434377823
1980-08-05,118.2468389366648
1980-08-06,119.28173875299443
1980-08-07,121.06309108562093
1980-08-08,121.12258403411256
1980-08-11,122.00651358122882
1980-08-12,120.76778077212782
1980-08-13,120.93721464368576
1980-08-14,123.11792949016485
1980-08-15,123.8311447991971
1980-08-18,121.60584488538692
1980-08-19,120.57686536285222
1980-08-20,121.7946666272065
1980-08-21,124.06769751555868
1980-08-22,125.62945223190229
1980-08-25,125.3293125825086
1980-08-26,125.55075322970838
1980-08-27,124.57201422239392
1980-08-28,123.13482188780272
1980-08-29,123.39746624657339
1980-09-02,125.10890307896915
1980-09-03,127.70515114559117
1980-09-04,127.76099535476793
1980-09-05,127.96943039746871
1980-09-08,127.18727489205322
1980-09-09,127.77958833063353
1980-09-10,129.4861424480402
1980-09-11,131.01133500686797
1980-09-12,131.53659526127655
1980-09-15,130.97584261319972
1980-09-16,132.8708847955001
1980-09-17,135.6055592553338
1980-09-18,135.14032872100864
1980-09-19,136.53345397521002
1980-09-22,139.03853675306476
1980-09-23,136.99889182605685
1980-09-24,137.43826350683239
1980-09-25,135.7127083121066
1980-09-26,131.79396038023245
1980-09-29,128.4009582772988
1980-09-30,131.3051179164379
1980-10-01,133.0231576570089
1980-10-02,134.32740903637267
1980-10-03,136.59037849642866
1980-10-06,140.0966722664518
1980-10-07,139.5408267805862
1980-10-08,140.37243403865153
1980-10-09,139.7568853080066
1980-10-10,139.09323694032312
1980-10-13,140.5012594781088
1980-10-14,141.05895712493478
1980-10-15,142.39092482346805
1980-10-16,140.12512528970436
1980-10-17,139.1801063085075
1980-10-20,139.43480607199058
1980-10-21,138.74363371092616
1980-10-22,139.43066168021838
1980-10-23,136.70560694790197
1980-10-24,137.06646878398493
1980-10-27,135.25172392580592
1980-10-28,135.10690379836853
1980-10-29,135.63790278537198
1980-10-30,133.43557453033847
1980-10-31,134.85247612140256
1980-11-03,136.93910348635387
1980-11-05,140.36599808795856
1980-11-06,137.8374154411758
1980-11-07,137.54343655518622
1980-11-10,137.83832724389362
1980-11-11,139.58238625040016
1980-11-12,142.63642663318313
1980-11-13,144.49557004611194
1980-11-14,145.69957814151067
1980-11-17,146.49957116015952
1980-11-18,148.9518848049671
1980-11-19,149.45494183032284
1980-11-20,151.12749979954904
1980-11-21,149.803267955687
1980-11-24,148.6274438316695
1980-11-25,149.5177908228015
1980-11-26,150.10530638009578
1980-11-28,150.68726777627336
1980-12-01,147.98751621883812
1980-12-02,147.3482318644184
1980-12-03,148.143016753137
1980-12-04,148.4766335747318
1980-12-05,145.82821520483506
1980-12-08,140.99269600450728
1980-12-09,139.85464455080742
1980-12-10,137.017516504181
1980-12-11,133.9830699452671
1980-12-12,137.0060045692144
1980-12-15,137.78291843658877
1980-12-16,138.35905553159222
1980-12-17,140.41638063687753
1980-12-18,140.7990040946221
1980-12-19,141.6078580226424
1980-12-22,143.8081578839264
1980-12-23,143.6194079532641
1980-12-24,143.89753163462376
1980-12-26,144.67358665077117
1980-12-29,143.42324535969456
1980-12-30,143.6892368831331
1980-12-31,144.69013896609817
1981-01-02,145.17665051714036
1981-01-05,147.03163758278183
1981-01-06,146.64162280081322
1981-01-07,141.3864695913408
1981-01-08,139.3287660765448
1981-01-09,140.17757788864435
1981-01-12,140.08276740462642
1981-01-13,139.48551505005233
1981-01-14,140.2767475537105
1981-01-15,140.49311866313477
1981-01-16,141.46482956410085
1981-01-19,141.50871980885975
1981-01-20,139.36639626286527
1981-01-21,138.78789319337795
1981-01-22,137.8075216020249
1981-01-23,137.8904109840101
1981-01-26,136.49212043886905
1981-01-27,138.13442502712098
1981-01-28,137.5863810873915
1981-01-29,138.044984223475
1981-01-30,136.8790145896998
1981-02-02,132.81768904590368
1981-02-03,134.24121102823963
1981-02-04,135.02692989607448
1981-02-05,136.39176321529416
1981-02-06,137.7243005672665
1981-02-09,137.2128169679227
1981-02-10,136.90038562251522
1981-02-11,135.6861964590941
1981-02-12,134.46460635832582
1981-02-13,133.9376303045411
1981-02-17,134.23088828809884
1981-02-18,134.7403632660254
1981-02-19,132.92432549054806
1981-02-20,132.53846855170877
1981-02-23,132.6843550282007
1981-02-24,133.20099026720908
1981-02-25,133.30608054396205
1981-02-26,135.1322892170347
1981-02-27,136.41897976341582
1981-03-02,137.26189729113824
1981-03-03,136.56685388679747
1981-03-04,136.95820733198005
1981-03-05,136.89645860014352
1981-03-06,137.3756437923783
1981-03-09,138.14562610558568
1981-03-10,137.71560158822518
1981-03-11,137.20286279127137
1981-03-12,139.5690836580278
1981-03-13,139.99919777459445
1981-03-16,141.6202307432424
1981-03-17,141.323830557875
1981-03-18,141.90208558006339
1981-03-19,142.2121438428307
1981-03-20,143.72925081635458
1981-03-23,145.69842580686336
1981-03-24,145.24782969035505
1981-03-25,147.1144116015766
1981-03-26,147.02759178253848
1981-03-27,145.6726346430769
1981-03-30,145.90027793202168
1981-03-31,147.5746712890231
1981-04-01,147.58535993817767
1981-04-02,148.08414772232632
1981-04-03,148.15339403984578
1981-04-06,146.49065103868463
1981-04-07,146.69270669022129
1981-04-08,147.74964757345833
1981-04-09,149.02804563216068
1981-04-10,149.93430622515373
1981-04-13,148.8641320717225
1981-04-14,148.013819019856
1981-04-15,149.65477330626297
1981-04-16,151.16939898864422
1981-04-20,152.3951034614072
1981-04-21,152.29312067591002
1981-04-22,152.61378286609204
1981-04-23,153.336600836921
1981-04-24,154.25704803417497
1981-04-27,154.28683595512425
1981-04-28,152.42276391071232
1981-04-29,150.70445147218746
1981-04-30,150.8551912700303
1981-05-01,150.29330294335716
1981-05-04,148.03000553647985
1981-05-05,147.02010881973925
1981-05-06,147.35216919232263
1981-05-07,148.51277208438594
1981-05-08,149.14691272542663
1981-05-11,147.751034871997
1981-05-12,148.3222553208974
1981-05-13,149.0640710190351
1981-05-14,150.1331109598413
1981-05-15,151.30822363453115
1981-05-18,152.24548444449587
1981-05-19,151.95850703061095
1981-05-20,152.96260759205572
1981-05-21,153.26927421569198
1981-05-22,153.23647923341852
1981-05-26,153.65264873054133
1981-05-27,155.74381768403038
1981-05-28,157.31354716736487
1981-05-29,157.10401366059952
1981-06-01,156.67615469586246
1981-06-02,154.33045709856495
1981-06-03,154.1518502434504
1981-06-04,153.34418306370503
1981-06-05,153.23277634281547
1981-06-08,153.23270051392373
1981-06-09,152.5831131486257
1981-06-10,152.85202505044148
1981-06-11,154.92312179213465
1981-06-12,154.7640746044588
1981-06-15,154.3152455960094
1981-06-16,151.57621849063796
1981-06-17,151.27633613187209
1981-06-18,149.69584351452926
1981-06-19,150.01148562885191
1981-06-22,149.83398221011606
1981-06-23,151.40459534027332
1981-06-24,151.13581288117282
1981-06-25,150.7911710385141
1981-06-26,150.87489656271313
1981-06-29,150.22292185022798
1981-06-30,148.62866804166666
1981-07-01,147.66698428542108
1981-07-02,146.2803929756678
1981-07-06,143.29294911984795
1981-07-07,142.62712379938205
1981-07-08,142.29656428444486
1981-07-09,143.38445548474016
1981-07-10,143.5963986040852
1981-07-13,143.58991136246263
1981-07-14,142.71989256340856
1981-07-15,143.90506596606494
1981-07-16,144.88655128044832
1981-07-17,145.27552401647978
1981-07-20,143.16792684919093
1981-07-21,142.27584085953936
1981-07-22,141.36737206934123
1981-07-23,141.40653157165684
1981-07-24,142.79369554872824
1981-07-27,143.75180710786822
1981-07-28,143.02684329085275
1981-07-29,142.76666561983296
1981-07-30,143.5715368953133
1981-07-31,144.93250553430698
1981-08-03,144.35864113942006
1981-08-04,144.9971399856845
1981-08-05,146.19998173096164
1981-08-06,146.75413745533064
1981-08-07,146.36339628797288
1981-08-10,146.216421979839
1981-08-11,146.95458864503655
1981-08-12,147.2205589332349
1981-08-13,147.39425840035037
1981-08-14,146.96133008914853
1981-08-17,144.8379137490892
1981-08-18,143.32739511265137
1981-08-19,143.87174245993134
1981-08-20,144.54732034991346
1981-08-21,143.2109039516032
1981-08-24,139.1373828509703
1981-08-25,137.4403349271487
1981-08-26,137.34625391190946
1981-08-27,136.09536337903072
1981-08-28,136.91821690543176
1981-08-31,135.43541816467945
1981-09-01,134.96764819938412
1981-09-02,135.48140466689998
1981-09-03,132.83913990770876
1981-09-04,131.10611082427317
1981-09-08,127.97221105858063
1981-09-09,128.68729500230543
1981-09-10,130.72334891629288
1981-09-11,132.46817512081103
1981-09-14,132.22708024571085
1981-09-15,131.965939024432
1981-09-16,130.40805752871196
1981-09-17,128.8229406964674
1981-09-18,127.31979221266691
1981-09-21,127.75657817645697
1981-09-22,127.32104739118301
1981-09-23,125.38469908852797
1981-09-24,125.4714575743753
1981-09-25,122.18519715765811
1981-09-28,124.37636250799214
1981-09-29,127.36692790522127
1981-09-30,128.4440139621286
1981-10-01,129.18014874929972
1981-10-02,131.43503660241257
1981-10-05,132.1844331910096
1981-10-06,132.13975223475228
1981-10-07,134.41534143343162
1981-10-08,136.55127354509986
1981-10-09,136.20574098866967
1981-10-12,136.23427183877337
1981-10-13,136.29435798112016
1981-10-14,134.62403766664917
1981-10-15,135.5337861932594
1981-10-16,135.3153867518623
1981-10-19,135.062115711955
1981-10-20,136.17555445225207
1981-10-21,135.9327464617312
1981-10-22,135.44554941260168
1981-10-23,134.51801732483
1981-10-26,133.94669674787139
1981-10-27,135.60299487084276
1981-10-28,136.67222891426277
1981-10-29,136.2056692515464
1981-10-30,138.74750338274657
1981-11-02,140.98490428412208
1981-11-03,141.4097155983189
1981-11-04,141.0517186090414
1981-11-05,140.037986420359
1981-11-06,139.30089183912034
1981-11-09,139.75630782780712
1981-11-10,139.48682300970734
1981-11-11,140.06487717622795
1981-11-12,140.35877518806575
1981-11-13,138.99042848145928
1981-11-16,136.93520466055367
1981-11-17,137.72618748495563
1981-11-18,137.3694004648138
1981-11-19,137.60286910297694
1981-11-20,139.09430905708243
1981-11-23,138.86178882745935
1981-11-24,139.9776907968557
1981-11-25,140.41960085734146
1981-11-27,141.14340636613758
1981-11-30,141.8191564350325
1981-12-01,141.67943130868255
1981-12-02,140.35197469318672
1981-12-03,140.17484790051904
1981-12-04,140.94232130921128
1981-12-07,139.9322616587344
1981-12-08,139.3434468467947
1981-12-09,139.4712185934311
1981-12-10,139.9997695732385
1981-12-11,139.4960615977837
1981-12-14,137.53374168152158
1981-12-15,137.8926448500356
1981-12-16,137.26576888848896
1981-12-17,137.8050524527609
1981-12-18,138.76555897846575
1981-12-21,138.42327050879152
1981-12-22,137.98408880642708
1981-12-23,137.56470427541782
1981-12-24,137.7306581156304
1981-12-28,137.63236031996956
1981-12-29,137.04028956095246
1981-12-30,137.56167060933868
1981-12-31,138.235830808381
1982-01-04,138.66587294703075
1982-01-05,136.5091104637087
1982-01-06,135.79654177799236
1982-01-07,135.64070000623565
1982-01-08,136.45575521466031
1982-01-11,134.1376394379376
1982-01-12,133.3287230176403
1982-01-13,131.8999175884338
1982-01-14,132.20433169310925
1982-01-15,132.8315983230463
1982-01-18,133.38384806553162
1982-01-19,132.52058361605475
1982-01-20,132.1557166999957
1982-01-21,132.47040908757577
1982-01-22,132.53147083935417
1982-01-25,131.67199999149577
1982-01-26,131.6544175682631
1982-01-27,132.06707758119384
1982-01-28,135.24016470502337
1982-01-29,137.28321208049942
1982-02-01,135.49966974255005
1982-02-02,136.14291870398125
1982-02-03,135.4595614691934
1982-02-04,135.23336770279454
1982-02-05,136.39436280689284
1982-02-08,133.81047061787257
1982-02-09,132.34994694367853
1982-02-10,132.81663997868628
1982-02-11,132.72941536122846
1982-02-12,132.93356828014691
1982-02-16,132.5285109269823
1982-02-17,132.91645911939048
1982-02-18,133.3471783532144
1982-02-19,133.0148632770344
1982-02-22,131.73973606065778
1982-02-23,131.58103953184622
1982-02-24,132.6624954815674
1982-02-25,133.01301704208603
1982-02-26,132.8294488960806
1982-03-01,133.65601264913496
1982-03-02,134.3194868349004
1982-03-03,133.1731605212561
1982-03-04,131.84259482958066
1982-03-05,130.8655952656144
1982-03-08,129.48007768493497
1982-03-09,129.87668295222443
1982-03-10,130.31442564426249
1982-03-11,129.6248666076007
1982-03-12,128.65958567484435
1982-03-15,128.30589031502157
1982-03-16,128.69670082018098
1982-03-17,128.632764011911
1982-03-18,130.05767732755746
1982-03-19,130.65529377262905
1982-03-22,132.6704630011902
1982-03-23,133.69072714125278
1982-03-24,133.21644255332703
1982-03-25,133.70308311536667
1982-03-26,132.93915458362966
1982-03-29,133.03722072415184
1982-03-30,133.1490573779804
1982-03-31,133.20556703300355
1982-04-01,134.79062778702047
1982-04-02,136.0383987567682
1982-04-05,135.6350848093575
1982-04-06,136.03578857295662
1982-04-07,136.63398685545198
1982-04-08,137.7811620482486
1982-04-12,138.05368843763853
1982-04-13,138.37202799849055
1982-04-14,138.3229019298645
1982-04-15,138.77396746507983
1982-04-16,139.41888173108774
1982-04-19,139.95639831784922
1982-04-20,139.26082662159976
1982-04-21,139.4439769683997
1982-04-22,140.59071763198156
1982-04-23,141.81149995130167
1982-04-26,142.42928752493822
1982-04-27,141.31267116523102
1982-04-28,140.8722681763109
1982-04-29,140.17973947350467
1982-04-30,140.5986836130523
1982-05-03,140.8191458965312
1982-05-04,141.58905379291267
1982-05-05,141.84953950767675
1982-05-06,142.72023133499275
1982-05-07,143.05840071885228
1982-05-10,142.07296213194184
1982-05-11,142.768501500983
1982-05-12,142.3461010301548
1982-05-13,141.30987683864637
1982-05-14,141.07373368813919
1982-05-17,139.83699457543466
1982-05-18,138.74383447332104
1982-05-19,138.09461020616556
1982-05-20,137.56506216646568
1982-05-21,138.03360694630945
1982-05-24,137.79748106015543
1982-05-25,137.5778185286474
1982-05-26,135.840984249958
1982-05-27,135.39298393369018
1982-05-28,135.02006655903054
1982-06-01,134.221578753908
1982-06-02,134.91417781009858
1982-06-03,134.84369555330284
1982-06-04,133.35271611190865
1982-06-07,132.9881033368529
1982-06-08,132.8089648861716
1982-06-09,132.20835306122407
1982-06-10,132.8932373987236
1982-06-11,134.89023125057238
1982-06-14,133.59796827783967
1982-06-15,133.349037261667
1982-06-16,133.082402579939
1982-06-17,132.08319951114532
1982-06-18,131.17745882186495
1982-06-21,131.18717222230794
1982-06-22,132.0516422305298
1982-06-23,133.83691912335286
1982-06-24,133.7008828503408
1982-06-25,132.88527386466924
1982-06-28,133.68851859719072
1982-06-29,133.715968315083
1982-06-30,133.9747506005087
1982-07-01,133.03613629507217
1982-07-02,132.25145119431423
1982-07-06,131.69714829691185
1982-07-07,131.3871518690517
1982-07-08,131.95654275445452
1982-07-09,133.7572450879067
1982-07-12,135.40707738613966
1982-07-13,135.31060996210297
1982-07-14,135.80670377005487
1982-07-15,136.36282307493724
1982-07-16,137.2024366160332
1982-07-19,137.2005382339449
1982-07-20,138.0761951081818
1982-07-21,138.00563875889262
1982-07-22,138.17217547121055
1982-07-23,137.63609147087058
1982-07-26,136.8166822145259
1982-07-27,136.06790039371035
1982-07-28,134.35747311992748
1982-07-29,134.3947833926264
1982-07-30,134.2169072590903
1982-08-02,135.99209366634355
1982-08-03,134.83215686335583
1982-08-04,132.8155235574316
1982-08-05,131.44296037455936
1982-08-06,129.7001049708298
1982-08-09,128.86376122380875
1982-08-10,128.65699909116054
1982-08-11,127.90137618800334
1982-08-12,127.75761258572635
1982-08-13,128.94227724044978
1982-08-16,129.76275386743373
1982-08-17,135.0043261852812
1982-08-18,134.71964785829084
1982-08-19,135.37451993993236
1982-08-20,139.03943210114085
1982-08-23,142.4409101223507
1982-08-24,141.9730634000786
1982-08-25,143.95459429777225
1982-08-26,145.32468476106982
1982-08-27,143.91644568231317
1982-08-30,144.85499345590088
1982-08-31,147.3190296219083
1982-09-01,146.2152980728234
1982-09-02,148.17883174342833
1982-09-03,150.94402050926476
1982-09-07,149.47934736266936
1982-09-08,149.87270638837254
1982-09-09,149.72135269447415
1982-09-10,148.63288513726633
1982-09-13,149.73994934605756
1982-09-14,151.41029138251042
1982-09-15,152.48381129469612
1982-09-16,152.5965763747879
1982-09-17,151.26473978532664
1982-09-20,151.0557083185046
1982-09-21,153.76057978106124
1982-09-22,154.0256726340384
1982-09-23,153.8611510323959
1982-09-24,153.6959398548042
1982-09-27,154.68398107969028
1982-09-28,154.4714735290113
1982-09-29,152.52010861687415
1982-09-30,151.2370940511083
1982-10-01,152.85657139204815
1982-10-04,152.18702986849874
1982-10-05,152.72008463364466
1982-10-06,157.40655394338185
1982-10-07,160.59458427231965
1982-10-08,163.49703721277498
1982-10-11,166.63116131118144
1982-10-12,165.16891112533767
1982-10-13,167.18607183056707
1982-10-14,164.4659725526873
1982-10-15,163.7034497767513
1982-10-18,167.1991057120763
1982-10-19,167.36382182563753
1982-10-20,170.32126222244187
1982-10-21,171.05898437091528
1982-10-22,171.36458185712604
1982-10-25,166.3612395829581
1982-10-26,167.01712467100865
1982-10-27,168.76336407334074
1982-10-28,167.88770597917687
1982-10-29,168.75628041706307
1982-11-01,170.78104808653976
1982-11-02,173.20661184267192
1982-11-03,179.26344037311392
1982-11-04,178.73165504928258
1982-11-05,179.72307723105396
1982-11-08,177.90360049036087
1982-11-09,180.9378615879509
1982-11-10,179.13150938744397
1982-11-11,179.75737979199624
1982-11-12,178.50878047906295
1982-11-15,175.1652455712777
1982-11-16,173.01227900088156
1982-11-17,175.6757780176507
1982-11-18,176.52773044434818
1982-11-19,176.103617559034
1982-11-22,172.75235261697011
1982-11-23,172.1734115474224
1982-11-24,173.75551407651773
1982-11-26,175.21304930334455
1982-11-29,174.9924015601904
1982-11-30,180.2005668607783
1982-12-01,181.1578073847046
1982-12-02,181.23890878426863
1982-12-03,181.09350044961795
1982-12-06,184.96610719575781
1982-12-07,186.5608803947096
1982-12-08,184.9303565997921
1982-12-09,181.78354866993308
1982-12-10,179.34736255438233
1982-12-13,179.65687663294872
1982-12-14,175.92371063220824
1982-12-15,172.66086110565251
1982-12-16,172.6583926032952
1982-12-17,175.94885595998028
1982-12-20,174.58839528301377
1982-12-21,177.4657710750202
1982-12-22,178.2063822868886
1982-12-23,179.0558314186211
1982-12-27,181.17734916281785
1982-12-28,179.6851621557773
1982-12-29,180.32269619825482
1982-12-30,179.37269193478042
1982-12-31,180.15975517716157
1983-01-03,177.20551961167737
1983-01-04,178.99159232491823
1983-01-05,178.70837950854468
1983-01-06,181.4212344345101
1983-01-07,181.6002475529091
1983-01-10,183.18207424608227
1983-01-11,182.24556742568657
1983-01-12,183.36662385831693
1983-01-13,182.40480142133774
1983-01-14,183.82905113628792
1983-01-17,184.385377452148
1983-01-18,183.83625141501648
1983-01-19,181.75722104207549
1983-01-20,181.71474576697554
1983-01-21,179.26960884069285
1983-01-24,175.1582084156489
1983-01-25,178.30534864772594
1983-01-26,178.89533278177626
1983-01-27,182.6711440479007
1983-01-28,183.20345221898472
1983-01-31,184.19610085203342
1983-02-01,182.28261342289446
1983-02-02,182.8147944513831
1983-02-03,183.7339164047413
1983-02-04,186.6027515309409
1983-02-07,187.3301087214585
1983-02-08,186.05101611497122
1983-02-09,185.2229272089878
1983-02-10,188.39380219599516
1983-02-11,188.91490412223408
1983-02-14,190.63732265453754
1983-02-15,190.33165437905035
1983-02-16,189.56462436230055
1983-02-17,189.39015923862047
1983-02-18,189.93980851762072
1983-02-22,187.8701995746525
1983-02-23,189.77582220390838
1983-02-24,193.13094903515716
1983-02-25,192.49503753959922
1983-02-28,190.75160533462247
1983-03-01,194.2613436112108
1983-03-02,196.42429827986447
1983-03-03,197.33768981982777
1983-03-04,197.55889502745927
1983-03-07,197.82490205113285
1983-03-08,194.82296238894344
1983-03-09,196.2830307216229
1983-03-10,195.4488300566185
1983-03-11,195.37913609018835
1983-03-14,194.13280533311513
1983-03-15,194.07135980504657
1983-03-16,193.2313708694615
1983-03-17,193.0469151457297
1983-03-18,194.32553787532134
1983-03-21,196.1788040744875
1983-03-22,196.42329307183374
1983-03-23,199.05404574418748
1983-03-24,199.6246556826821
1983-03-25,200.30252768513702
1983-03-28,199.2064985985712
1983-03-29,198.9049403160101
1983-03-30,201.02644279377674
1983-03-31,199.842930378472
1983-04-04,199.34115179174617
1983-04-05,198.66339134309632
1983-04-06,197.6995912603747
1983-04-07,198.26268278758513
1983-04-08,199.1734924089346
1983-04-11,202.54315181415274
1983-04-12,203.520948312314
1983-04-13,205.2075849654718
1983-04-14,207.37536081525275
1983-04-15,208.64189364783377
1983-04-18,210.3091510646668
1983-04-19,208.7772998107686
1983-04-20,211.63668393902782
1983-04-21,211.2795800111581
1983-04-22,212.16456808892326
1983-04-25,209.8124511216024
1983-04-26,212.29101302489124
1983-04-27,211.63673285709513
1983-04-28,213.7216893017512
1983-04-29,215.36864143873697
1983-05-02,212.73272805545167
1983-05-03,213.25597218967044
1983-05-04,215.61916984203162
1983-05-05,217.98681478721275
1983-05-06,220.51140297358288
1983-05-09,221.24275570456518
1983-05-10,223.51054058160148
1983-05-11,221.98347310413897
1983-05-12,220.85442228924347
1983-05-13,222.39886805480867
1983-05-16,219.4071805007292
1983-05-17,220.1610024669732
1983-05-18,220.3448312516095
1983-05-19,218.92402982028446
1983-05-20,218.85346931536333
1983-05-23,220.35804510212958
1983-05-24,222.7675168998065
1983-05-25,224.5002447461017
1983-05-26,224.5129925578473
1983-05-27,224.2233278506954
1983-05-31,220.54661852690558
1983-06-01,220.48204885970924
1983-06-02,222.50592708917634
1983-06-03,223.93964377545524
1983-06-06,224.67047575689037
1983-06-07,223.48524338847471
1983-06-08,221.83375146160887
1983-06-09,222.61635474137282
1983-06-10,224.56554282684192
1983-06-13,227.46534004867254
1983-06-14,228.82850364811623
1983-06-15,231.28379812711532
1983-06-16,233.7475846760601
1983-06-17,233.31857827009472
1983-06-20,233.05500430527874
1983-06-21,234.27857188716175
1983-06-22,235.83059784834555
1983-06-23,235.47278243217852
1983-06-24,235.68387108644285
1983-06-27,231.87699121911882
1983-06-28,226.68087292578267
1983-06-29,227.30408146241922
1983-06-30,228.9347457881977
1983-07-01,230.3275061707301
1983-07-05,226.4960759457135
1983-07-06,228.27921932193095
1983-07-07,228.30657526109297
1983-07-08,227.15992588781629
1983-07-11,227.7416143731899
1983-07-12,224.96080292743173
1983-07-13,222.99786614289718
1983-07-14,223.41293165984766
1983-07-15,221.17560439348156
1983-07-18,219.82714804479497
1983-07-19,220.54045341439817
1983-07-20,226.6593367841893
1983-07-21,227.49608027718799
1983-07-22,228.12501605922355
1983-07-25,228.80763007868083
1983-07-26,229.65196442601436
1983-07-27,225.504789954134
1983-07-28,221.0587501282162
1983-07-29,217.36035391658922
1983-08-01,215.6422946880066
1983-08-02,215.144082923063
1983-08-03,215.00426320328395
1983-08-04,211.91408411941592
1983-08-05,212.7023508877348
1983-08-08,208.5546332178951
1983-08-09,208.26145592687928
1983-08-10,210.1250938219186
1983-08-11,210.4450540704547
1983-08-12,211.74024246346113
1983-08-15,214.10583284641174
1983-08-16,212.98769931422876
1983-08-17,214.50540638689273
1983-08-18,212.64970713592942
1983-08-19,212.40797475573106
1983-08-22,211.86515666979938
1983-08-23,209.35612288959467
1983-08-24,207.17932282129757
1983-08-25,205.756074408252
1983-08-26,207.51617623942784
1983-08-29,207.72052168347085
1983-08-30,208.579924531225
1983-08-31,210.8892789147046
1983-09-01,212.1463242851134
1983-09-02,214.21174700699072
1983-09-06,217.4329828711757
1983-09-07,217.5152897304316
1983-09-08,218.31027987392847
1983-09-09,217.72335015538485
1983-09-12,216.14642987202825
1983-09-13,214.85885340697055
1983-09-14,215.1753615202411
1983-09-15,213.8370934574617
1983-09-16,215.3330855282784
1983-09-19,217.6226919705009
1983-09-20,219.17274390069906
1983-09-21,218.48980262312676
1983-09-22,219.38344752322016
1983-09-23,219.12409318407927
1983-09-26,219.9294906541751
1983-09-27,217.76368228100418
1983-09-28,217.14219571369887
1983-09-29,215.40474768122263
1983-09-30,214.0291704911352
1983-10-03,212.1928266989836
1983-10-04,212.79633358654405
1983-10-05,214.033514328821
1983-10-06,216.62711068144364
1983-10-07,217.9762675017105
1983-10-10,218.6700654694475
1983-10-11,216.1841661893238
1983-10-12,214.24664227021972
1983-10-13,213.66904743661954
1983-10-14,212.97191208068554
1983-10-17,213.46531853555442
1983-10-18,209.12817615370133
1983-10-19,206.6168412273687
1983-10-20,206.61362634605368
1983-10-21,205.09759487833608
1983-10-24,205.6529371625066
1983-10-25,206.22249912617482
1983-10-26,204.67473927737382
1983-10-27,203.93108489163623
1983-10-28,202.5202553376434
1983-10-31,200.81203111673048
1983-11-01,200.50296996153259
1983-11-02,202.00147830184466
1983-11-03,200.9710531798966
1983-11-04,199.7478838088744
1983-11-07,198.8764049218413
1983-11-08,198.19857903901152
1983-11-09,200.2555755397625
1983-11-10,201.69482776779586
1983-11-11,204.80081609671942
1983-11-14,206.448160292247
1983-11-15,205.75071360289255
1983-11-16,206.86922735565253
1983-11-17,207.41752967320227
1983-11-18,207.56504542193767
1983-11-21,209.12886944294462
1983-11-22,209.88937684075532
1983-11-23,209.71492142926527
1983-11-25,209.97420910180702
1983-11-28,208.81164824155925
1983-11-29,210.35497677142584
1983-11-30,209.57740944001222
1983-12-01,209.5603797116927
1983-12-02,208.85951084679647
1983-12-05,209.16944757206272
1983-12-06,208.3133189115336
1983-12-07,209.47910258999013
1983-12-08,208.24151041125037
1983-12-09,208.15912781688576
1983-12-12,208.64881524616612
1983-12-13,207.8648682974398
1983-12-14,205.86058095078536
1983-12-15,203.93506088933177
1983-12-16,204.57825829074326
1983-12-19,204.56746548318392
1983-12-20,203.66746639209853
1983-12-21,204.975541410565
1983-12-22,204.71043801048765
1983-12-23,204.80891431472892
1983-12-27,206.76614873855732
1983-12-28,206.95110984151236
1983-12-29,206.49494540867443
1983-12-30,206.79218520114918
1984-01-03,206.18883084067986
1984-01-04,209.1710814455701
1984-01-05,211.9153187097268
1984-01-06,212.79083152170992
1984-01-09,213.02270740499557
1984-01-10,211.87103545893027
1984-01-11,211.26393170724376
1984-01-12,211.2832000795939
1984-01-13,210.22121442331886
1984-01-16,209.80867303945666
1984-01-17,210.44331450067247
1984-01-18,209.68953178521664
1984-01-19,208.53388604942822
1984-01-20,207.40143790550854
1984-01-23,205.12629440542239
1984-01-24,204.97015725070412
1984-01-25,202.572335228952
1984-01-26,201.6264756732831
1984-01-27,201.12246574446758
1984-01-30,198.87903634980918
1984-01-31,198.93176795447678
1984-02-01,197.68653659060743
1984-02-02,198.09549582004453
1984-02-03,194.92876986117793
1984-02-06,191.22130800553032
1984-02-07,191.3999616444895
1984-02-08,187.57975254476779
1984-02-09,186.70545898382935
1984-02-10,187.79561230132157
1984-02-13,186.1269406882148
1984-02-14,188.11679513646655
1984-02-15,187.81468848047507
1984-02-16,187.40194584554368
1984-02-17,186.4579224406654
1984-02-21,184.76965169201463
1984-02-22,183.81018299781903
1984-02-23,183.17596423996795
1984-02-24,186.96798197307623
1984-02-27,189.45753217481393
1984-02-28,186.590475251832
1984-02-29,186.4916213502206
1984-03-01,187.70742235348334
1984-03-02,188.97421219890396
1984-03-05,187.78928226513304
1984-03-06,186.66385039154423
1984-03-07,184.279209524347
1984-03-08,185.22933241772625
1984-03-09,184.24025157277273
1984-03-12,186.17523255708508
1984-03-13,187.03360799341633
1984-03-14,187.32597498565568
1984-03-15,188.06723981268533
1984-03-16,189.93007644810064
1984-03-19,188.23598338362615
1984-03-20,188.99903299122826
1984-03-21,188.8423978891967
1984-03-22,186.7626864204196
1984-03-23,186.44296206356478
1984-03-26,186.02591728240384
1984-03-27,186.51329369642082
1984-03-28,189.03685765552513
1984-03-29,188.89987703593792
1984-03-30,188.80237951038814
1984-04-02,188.00928073686507
1984-04-03,187.5162523226201
1984-04-04,187.3894832186986
1984-04-05,184.5602069109711
1984-04-06,184.70843624072162
1984-04-09,185.2006641344224
1984-04-10,185.92274344763337
1984-04-11,185.0215979532472
1984-04-12,187.54681635959236
1984-04-13,186.93106875420054
1984-04-16,187.65675995974604
1984-04-17,188.81029016090017
1984-04-18,188.10313617888173
1984-04-19,188.16857429403882
1984-04-23,187.2580930605524
1984-04-24,188.13551949700727
1984-04-25,188.8184013247544
1984-04-26,190.3102120896924
1984-04-27,190.23501017557535
1984-04-30,190.4913788142521
1984-05-01,192.42270975275812
1984-05-02,192.82198266727175
1984-05-03,192.2756087076187
1984-05-04,190.63439992532471
1984-05-07,191.42823308918625
1984-05-08,192.71571637819378
1984-05-09,192.49599298616536
1984-05-10,192.30577444090437
1984-05-11,190.38167562899451
1984-05-14,189.2378942510787
1984-05-15,189.44415197707963
1984-05-16,189.16524036507602
1984-05-17,187.42008167729526
1984-05-18,186.19907807002906
1984-05-21,184.99830040968342
1984-05-22,183.66271238704658
1984-05-23,182.96348314591597
1984-05-24,181.00627065040158
1984-05-25,180.87819379607973
1984-05-29,179.85017566704659
1984-05-30,179.92276766492293
1984-05-31,180.29785090641064
1984-06-01,183.48129975487768
1984-06-04,185.34537217031541
1984-06-05,184.94449617979012
1984-06-06,186.59433959575952
1984-06-07,186.77541003781116
1984-06-08,187.1304043814549
1984-06-11,185.13665203805897
1984-06-12,184.5360647512354
1984-06-13,184.6884896466375
1984-06-14,182.98999269414682
1984-06-15,182.1919291970377
1984-06-18,184.44746724962093
1984-06-19,185.3167130961128
1984-06-20,186.28276951568776
1984-06-21,186.24651482472527
1984-06-22,186.53324361332335
1984-06-25,186.69147381185857
1984-06-26,185.83916371933984
1984-06-27,184.78040622890754
1984-06-28,185.58534691638815
1984-06-29,186.37660770914235
1984-07-02,186.26766530787137
1984-07-03,186.84179058608584
1984-07-05,186.1994637623478
1984-07-06,186.14638452180384
1984-07-09,187.604937964116
1984-07-10,187.32423786604747
1984-07-11,185.40273839539128
1984-07-12,184.82286564380075
1984-07-13,185.6479933163354
1984-07-16,186.33934638886635
1984-07-17,187.01708488352628
1984-07-18,185.9512759330933
1984-07-19,185.2516461474416
1984-07-20,184.46497328753696
1984-07-23,183.11077538459182
1984-07-24,182.1095193147419
1984-07-25,182.0690520632071
1984-07-26,183.1592245937283
1984-07-27,184.3192719916849
1984-07-30,183.6092286109852
1984-07-31,183.87586750278814
1984-08-01,186.7641971870058
1984-08-02,191.11858474885244
1984-08-03,195.93220305123896
1984-08-06,196.49417676039496
1984-08-07,197.05181415290724
1984-08-08,195.68750054450229
1984-08-09,199.26331700206205
1984-08-10,199.48236805503507
1984-08-13,199.0374093054024
1984-08-14,198.42204269834414
1984-08-15,196.81674285660154
1984-08-16,198.30981735143374
1984-08-17,198.49152700852602
1984-08-20,199.2711122358089
1984-08-21,202.63212272608897
1984-08-22,201.7501847276645
1984-08-23,201.9914971023296
1984-08-24,202.37003719215943
1984-08-27,201.12172093663895
1984-08-28,201.8829681010761
1984-08-29,201.65272119623606
1984-08-30,201.23829333739323
1984-08-31,201.57246108869637
1984-09-04,199.81611450204005
1984-09-05,199.24916424299468
1984-09-06,201.1628289243474
1984-09-07,199.9449024114099
1984-09-10,199.61413666914572
1984-09-11,200.38759077271084
1984-09-12,200.3683765291964
1984-09-13,203.79974816541124
1984-09-14,205.05865080376867
1984-09-17,205.27973374798393
1984-09-18,204.27424168919038
1984-09-19,203.91415030769267
1984-09-20,204.5140089990227
1984-09-21,202.53814280550463
1984-09-24,201.59646047888714
1984-09-25,201.87038814382802
1984-09-26,202.07767890321952
1984-09-27,202.22391739698094
1984-09-28,201.4854661146506
1984-10-01,200.02273720707348
1984-10-02,198.71014398148364
1984-10-03,198.11189045033422
1984-10-04,198.5987481454451
1984-10-05,199.1431787216072
1984-10-08,198.31112866091487
1984-10-09,198.26333038961025
1984-10-10,198.50600353396376
1984-10-11,199.76299896394244
1984-10-12,201.67798174307518
1984-10-15,203.37211821684656
1984-10-16,202.8607568230096
1984-10-17,202.48145825677486
1984-10-18,206.03666512509972
1984-10-19,206.58531037823312
1984-10-22,205.81369181203561
1984-10-23,204.91444494288595
1984-10-24,205.07030946800714
1984-10-25,204.28474054125206
1984-10-26,203.72771968492967
1984-10-29,203.35161805072514
1984-10-30,205.42595117911236
1984-10-31,204.71953815859436
1984-11-01,206.22899447628765
1984-11-02,206.34586911069857
1984-11-05,207.27794168889363
1984-11-06,208.7941569117879
1984-11-07,207.89153825080152
1984-11-08,207.9177259538916
1984-11-09,207.01785176669952
1984-11-12,206.56988780733874
1984-11-13,205.0148736989198
1984-11-14,205.06444492256057
1984-11-15,205.08276148132762
1984-11-16,203.3625907899272
1984-11-19,201.95921109785678
1984-11-20,202.9556716485297
1984-11-21,203.99829018537415
1984-11-23,206.64764086799062
1984-11-26,205.49408644565415
1984-11-27,206.47591202585107
1984-11-28,205.4303830024022
1984-11-29,203.79241138954853
1984-11-30,203.49068062060763
1984-12-03,202.73013483719555
1984-12-04,202.98152427863675
1984-12-05,201.8216526165906
1984-12-06,202.46407844687647
1984-12-07,201.83373744357374
1984-12-10,202.0132144496881
1984-12-11,202.6547407393846
1984-12-12,202.4607658308303
1984-12-13,201.9079734125127
1984-12-14,203.37184218328204
1984-12-17,204.47821276337433
1984-12-18,209.4381001513087
1984-12-19,209.33298149684515
1984-12-20,208.7281660202097
1984-12-21,207.6746444033604
1984-12-24,208.98066572327724
1984-12-26,208.7271671086122
1984-12-27,207.99287563698869
1984-12-28,208.5927715981203
1984-12-31,209.97730306127374
1985-01-02,208.0612579056845
1985-01-03,207.64297130783856
1985-01-04,206.79903286754723
1985-01-07,207.19016529729353
1985-01-08,206.9923218966006
1985-01-09,208.28788477640674
1985-01-10,211.71503409039465
1985-01-11,212.15215106356402
1985-01-14,214.7929528871568
1985-01-15,215.02711858641334
1985-01-16,215.92826573635017
1985-01-17,215.71143476571132
1985-01-18,216.09401666448363
1985-01-21,219.77856085281255
1985-01-22,219.98360335994298
1985-01-23,221.81147977208116
1985-01-24,221.45544424447223
1985-01-25,222.34831965867974
1985-01-28,222.58266074320892
1985-01-29,224.44246577703692
1985-01-30,225.0536031945285
1985-01-31,225.30093022513788
1985-02-01,224.57527051051395
1985-02-04,226.87456088775554
1985-02-05,227.8427110843837
1985-02-06,227.82559655089182
1985-02-07,229.7548427729652
1985-02-08,230.4792528720142
1985-02-11,229.0474063686624
1985-02-12,229.55792372641287
1985-02-13,233.14957189407448
1985-02-14,232.9337152973119
1985-02-15,232.14733175951963
1985-02-19,232.28550085343235
1985-02-20,231.85900841284186
1985-02-21,230.6143185105081
1985-02-22,229.82021448516193
1985-02-25,229.40545822318032
1985-02-26,231.9752270423304
1985-02-27,231.81041976803962
1985-02-28,232.26454468495783
1985-03-01,235.6930970408783
1985-03-04,234.8027777119557
1985-03-05,234.6659054660426
1985-03-06,232.42697544682457
1985-03-07,231.11513592666367
1985-03-08,230.60107391065952
1985-03-11,229.93050634150424
1985-03-12,230.3000804972031
1985-03-13,228.02450489756248
1985-03-14,227.89413638712884
1985-03-15,226.39777218296774
1985-03-18,226.58367549782366
1985-03-19,230.14848733598146
1985-03-20,230.09607148915757
1985-03-21,230.9328353852236
1985-03-22,230.83355918452355
1985-03-25,229.60582442406766
1985-03-26,229.9524688449471
1985-03-27,231.38809428433248
1985-03-28,231.66783525924785
1985-03-29,232.64096555018781
1985-04-01,233.0617487469166
1985-04-02,232.0392754872398
1985-04-03,229.82869952511845
1985-04-04,229.0124844275232
1985-04-08,227.4574847928892
1985-04-09,227.74554115180646
1985-04-10,229.31500339169818
1985-04-11,230.59783781916252
1985-04-12,231.06346023562494
1985-04-15,231.4684808361279
1985-04-16,231.45447389412058
1985-04-17,231.76294157544802
1985-04-18,230.82558432864545
1985-04-19,231.25613258417204
1985-04-22,230.97140434791493
1985-04-23,232.2994828982588
1985-04-24,232.63644615873855
1985-04-25,233.7804028336326
1985-04-26,232.85031358663545
1985-04-29,230.10677302370803
1985-04-30,227.84900495142278
1985-05-01,225.63800020162705
1985-05-02,225.54510608059607
1985-05-03,226.61233698341312
1985-05-06,226.81145295546628
1985-05-07,228.35301617455494
1985-05-08,228.642607678596
1985-05-09,231.28762609902083
1985-05-10,234.36165461041531
1985-05-13,234.64018550206637
1985-05-14,234.53154763541983
1985-05-15,235.36194971200484
1985-05-16,236.53861063080777
1985-05-17,238.55368230683374
1985-05-20,241.38194434167193
1985-05-21,241.27131381089083
1985-05-22,240.34545175799465
1985-05-23,239.8882395569261
1985-05-24,240.54218839377774
1985-05-28,240.60423954002428
1985-05-29,241.039275170557
1985-05-30,241.4161020465036
1985-05-31,243.71745262154485
1985-06-03,244.57063048509985
1985-06-04,246.04088480280623
1985-06-05,247.43727328198187
1985-06-06,248.5566452476565
1985-06-07,247.4360836570972
1985-06-10,246.83965409881165
1985-06-11,246.69265611438908
1985-06-12,245.50028876658772
1985-06-13,242.98939201384616
1985-06-14,244.64165839819785
1985-06-17,244.42379644823194
1985-06-18,245.44376289895374
1985-06-19,245.10981727599682
1985-06-20,244.8232494017955
1985-06-21,247.17142786646153
1985-06-24,247.00446543351012
1985-06-25,247.99933668204474
1985-06-26,247.7789658776432
1985-06-27,249.17254856782847
1985-06-28,250.24510749426747
1985-07-01,250.91270124290182
1985-07-02,251.36397148394605
1985-07-03,251.45424656635018
1985-07-05,252.8199631761604
1985-07-08,252.21439407009785
1985-07-09,251.56998806402007
1985-07-10,252.59351472129154
1985-07-11,254.06260465965713
1985-07-12,255.05524510928979
1985-07-15,254.81026033666052
1985-07-16,257.5114175380031
1985-07-17,258.13576444213226
1985-07-18,256.6592981624828
1985-07-19,256.87189663938335
1985-07-22,255.7905555682229
1985-07-23,253.4593708705873
1985-07-24,249.8045361564404
1985-07-25,249.072766991967
1985-07-26,249.2635999734228
1985-07-29,246.09612448310497
1985-07-30,245.8114695997996
1985-07-31,247.7635035984661
1985-08-01,250.8319616135311
1985-08-02,250.11071734153467
1985-08-05,249.0926584344146
1985-08-06,246.59422859214186
1985-08-07,245.90676248616717
1985-08-08,248.06760020341662
1985-08-09,247.55807635987648
1985-08-12,246.69979190127836
1985-08-13,246.3121687016939
1985-08-14,247.09345952651665
1985-08-15,247.31750764299943
1985-08-16,246.11105700604685
1985-08-19,245.9531604650117
1985-08-20,247.39427373851947
1985-08-21,249.09260959047273
1985-08-22,247.53139779361655
1985-08-23,247.43551808295348
1985-08-26,247.2469135222778
1985-08-27,248.06600544858324
1985-08-28,248.68059381539098
1985-08-29,248.7140071214586
1985-08-30,248.29504422876371
1985-09-03,247.0874282008847
1985-09-04,246.35221283970282
1985-09-05,246.111687480371
1985-09-06,246.92022867818625
1985-09-09,247.18095684270273
1985-09-10,245.65707324582445
1985-09-11,243.15251604356467
1985-09-12,241.09770332704656
1985-09-13,239.53073121205844
1985-09-16,239.3959017226782
1985-09-17,237.1492711499576
1985-09-18,237.04811819085486
1985-09-19,239.12909132243874
1985-09-20,238.7292031451566
1985-09-23,240.74712708404516
1985-09-24,239.6564188842426
1985-09-25,238.0883658361717
1985-09-26,237.4874557549821
1985-09-30,238.393183659011
1985-10-01,241.3432061621455
1985-10-02,240.9065718325567
1985-10-03,241.10015948693996
1985-10-04,240.53355936043457
1985-10-07,239.54581141588153
1985-10-08,238.84510850317767
1985-10-09,239.74967439231915
1985-10-10,240.74887931521087
1985-10-11,242.62018360924262
1985-10-14,245.29102831227158
1985-10-15,245.19276213317468
1985-10-16,247.20773642372788
1985-10-17,247.42931705070004
1985-10-18,247.07251164542333
1985-10-21,246.5257875099125
1985-10-22,248.1042053051844
1985-10-23,248.43555405354965
1985-10-24,247.88451357692998
1985-10-25,246.32792437881005
1985-10-28,245.94412893526297
1985-10-29,247.50621592388396
1985-10-30,249.37398244462165
1985-10-31,249.57768241657848
1985-11-01,251.7222455387751
1985-11-04,251.77068802664976
1985-11-05,253.61889739300213
1985-11-06,254.7291194851219
1985-11-07,254.96564814257204
1985-11-08,256.70043144998573
1985-11-11,260.4576815325273
1985-11-12,261.94908519245615
1985-11-13,260.5983112195012
1985-11-14,263.0420032290655
1985-11-15,262.227979512523
1985-11-18,262.70797904046196
1985-11-19,262.8861244738778
1985-11-20,263.3082849817112
1985-11-21,265.4712866370854
1985-11-22,266.06657029704274
1985-11-25,264.42697681677595
1985-11-26,265.5505005119983
1985-11-27,267.8089712611228
1985-11-29,268.1481044397885
1985-12-02,266.65947991811834
1985-12-03,267.0359149195195
1985-12-04,270.8610403864665
1985-12-05,271.6659971188544
1985-12-06,270.0748372257374
1985-12-09,272.4441848350054
1985-12-10,273.45351430056763
1985-12-11,276.6147033183518
1985-12-12,278.31731139754515
1985-12-13,281.54291790222476
1985-12-16,283.6652955009741
1985-12-17,281.833849136733
1985-12-18,279.5031178009399
1985-12-19,279.3986040049153
1985-12-20,280.94972147857624
1985-12-23,278.29817280365245
1985-12-24,276.67785048501355
1985-12-26,276.7690651704779
1985-12-27,279.2028386991179
1985-12-30,280.1881365827155
1985-12-31,281.29056752795617
1986-01-02,279.36302496906933
1986-01-03,280.8851019778339
1986-01-06,280.93161533037943
1986-01-07,284.94379728056936
1986-01-08,279.4807163339064
1986-01-09,275.14716664032187
1986-01-10,275.6406977685555
1986-01-13,276.5561447023172
1986-01-14,276.88405909612464
1986-01-15,278.4642601021796
1986-01-16,279.48449779726116
1986-01-17,280.0876788281017
1986-01-20,279.43172152866094
1986-01-21,277.6588468897866
1986-01-22,275.5833712014553
1986-01-23,276.1665864522455
1986-01-24,278.5014590792495
1986-01-27,280.4410169080339
1986-01-28,283.35202546232716
1986-01-29,284.3968257564037
1986-01-30,283.8545773888815
1986-01-31,286.72274734048864
1986-02-03,289.83890181203964
1986-02-04,289.88789062646725
1986-02-05,290.56901604467964
1986-02-06,290.66190875851754
1986-02-07,291.37251264932274
1986-02-10,292.9482146615178
1986-02-11,293.4157933345489
1986-02-12,294.0072535922285
1986-02-13,295.9630415826661
1986-02-14,298.2703909407554
1986-02-18,301.76458454649764
1986-02-19,299.7546865862866
1986-02-20,302.2660178263531
1986-02-21,305.1415202820748
1986-02-24,304.4110967796175
1986-02-25,303.85776599953215
1986-02-26,304.52642372664656
1986-02-27,309.5605441677686
1986-02-28,312.16315220086875
1986-03-03,311.4810266201018
1986-03-04,311.19185224473415
1986-03-05,310.71840553577414
1986-03-06,312.51711344328044
1986-03-07,314.240373704892
1986-03-10,315.7143427247208
1986-03-11,320.2682850043735
1986-03-12,322.67440881145654
1986-03-13,323.76225256193123
1986-03-14,328.7526114350328
1986-03-17,326.10182727896705
1986-03-18,326.6933633893104
1986-03-19,326.97920826608674
1986-03-20,328.5007222684461
1986-03-21,326.23813368493813
1986-03-24,328.2577109315951
1986-03-25,327.9808311714729
1986-03-26,331.5359345344293
1986-03-27,334.7517485199674
1986-03-31,335.15658313222275
1986-04-01,330.66851873218366
1986-04-02,330.5730692161139
1986-04-03,328.0192389557428
1986-04-04,322.9028810259145
1986-04-07,320.72648305452566
1986-04-08,327.11576092609425
1986-04-09,328.6172504935758
1986-04-10,331.3914037497107
1986-04-11,330.9145376514564
1986-04-14,332.713161158948
1986-04-15,333.29772182729823
1986-04-16,340.69734282546176
1986-04-17,343.55951592085125
1986-04-18,344.4689825533169
1986-04-21,347.20457050872403
1986-04-22,344.85736365797334
1986-04-23,342.5649275975799
1986-04-24,343.4299389549303
1986-04-25,342.466027817415
1986-04-28,342.44926001340275
1986-04-29,339.74899049539414
1986-04-30,333.28924790900146
1986-05-01,332.15498918817207
1986-05-02,332.0656783208606
1986-05-05,335.025206221
1986-05-06,334.7542310742727
1986-05-07,333.41058655035926
1986-05-08,334.5856341805274
1986-05-09,334.9652161589055
1986-05-12,334.5235426292739
1986-05-13,333.81214537482686
1986-05-14,335.53619675681176
1986-05-15,332.7027124391987
1986-05-16,331.18737193100674
1986-05-19,331.03077661521075
1986-05-20,334.44447024781874
1986-05-21,334.84233509086096
1986-05-22,340.343868548999
1986-05-23,342.62434280667514
1986-05-27,347.7721975279814
1986-05-28,350.8886312563616
1986-05-29,353.6825432825092
1986-05-30,353.21934343499373
1986-06-02,350.0426518608282
1986-06-03,350.73841641329534
1986-06-04,349.68514170837176
1986-06-05,351.3895535530195
1986-06-06,352.8509451294469
1986-06-09,345.31712120983207
1986-06-10,344.25440629751495
1986-06-11,347.51990510070067
1986-06-12,349.22295929916777
1986-06-13,354.8461552325493
1986-06-16,355.45996397982077
1986-06-17,353.7203433800254
1986-06-18,354.37718494690245
1986-06-19,353.5121575588092
1986-06-20,356.48153898626623
1986-06-23,356.0018088141083
1986-06-24,360.0780708002305
1986-06-25,363.03030752830307
1986-06-26,364.212550448858
1986-06-27,364.8165319099488
1986-06-30,366.8797472912262
1986-07-01,368.6923980702699
1986-07-02,370.32652454474226
1986-07-03,368.6814895418321
1986-07-07,356.12399323384614
1986-07-08,348.1868616878624
1986-07-09,351.980626872775
1986-07-10,351.4900320446403
1986-07-11,351.01842176739586
1986-07-14,343.7389043304973
1986-07-15,337.8027950664623
1986-07-16,340.57199937397945
1986-07-17,343.32753402188985
1986-07-18,343.5502221400363
1986-07-21,342.28142309226183
1986-07-22,345.7934860352967
1986-07-23,346.5267096317759
1986-07-24,345.4546981368886
1986-07-25,347.95994066080897
1986-07-28,341.96444575186297
1986-07-29,339.1656739362827
1986-07-30,341.0577590617944
1986-07-31,340.01995765861915
1986-08-01,338.4397636165946
1986-08-04,337.962108368518
1986-08-05,337.89425264123025
1986-08-06,337.0244202461197
1986-08-07,337.6594198380988
1986-08-08,337.520307891881
1986-08-11,342.5770346318761
1986-08-12,345.40018684885206
1986-08-13,348.2348805174707
1986-08-14,349.7366500005651
1986-08-15,350.16425282236247
1986-08-18,350.18447628599034
1986-08-19,348.41996105784364
1986-08-20,350.83251973097384
1986-08-21,351.0074567400354
1986-08-22,350.93855615652035
1986-08-25,346.777530324884
1986-08-26,350.7426422874033
1986-08-27,350.60603166687633
1986-08-28,350.3288475933973
1986-08-29,350.38742013869637
1986-09-02,344.13443458722026
1986-09-03,344.10016666842483
1986-09-04,347.23728152072783
1986-09-05,342.4093942651646
1986-09-08,337.89086710606693
1986-09-09,338.02115586017
1986-09-10,336.41043720869646
1986-09-11,321.34823943633995
1986-09-12,315.51483154592097
1986-09-15,315.3413737399042
1986-09-16,314.4210684512568
1986-09-17,315.3939566182038
1986-09-18,315.14735165519824
1986-09-19,314.8740138312905
1986-09-22,318.181701929281
1986-09-23,320.64546623973837
1986-09-24,323.90812715680386
1986-09-25,318.60822679445045
1986-09-26,318.8495914236017
1986-09-29,314.6311256426273
1986-09-30,316.7292637484711
1986-10-01,319.06178998068117
1986-10-02,320.0496165890593
1986-10-03,319.4454182541217
1986-10-06,320.9600847971398
1986-10-07,320.711847837954
1986-10-08,323.16624114384865
1986-10-09,323.5633697698923
1986-10-10,323.68290058890517
1986-10-13,324.3252153429043
1986-10-14,325.2395785095765
1986-10-15,330.51345878127546
1986-10-16,331.83093575293645
1986-10-17,331.3983363811198
1986-10-20,327.8471422521867
1986-10-21,327.609759982211
1986-10-22,328.1019024568353
1986-10-23,332.4639523816489
1986-10-24,330.9606483706022
1986-10-27,331.21740779978177
1986-10-28,332.48363240284965
1986-10-29,334.7832574479916
1986-10-30,336.998420274498
1986-10-31,336.90915475701627
1986-11-03,338.1016762284204
1986-11-04,338.6736887583959
1986-11-05,339.55260525537466
1986-11-06,339.65864029440263
1986-11-07,339.23637109420144
1986-11-10,341.0054359147611
1986-11-11,341.151066637833
1986-11-12,340.55504018397545
1986-11-13,335.9900246099526
1986-11-14,337.8498382744061
1986-11-17,335.21708360895036
1986-11-18,326.72435080525923
1986-11-19,326.64074625520385
1986-11-20,332.13256086408495
1986-11-21,336.52742532827114
1986-11-24,337.87861538464676
1986-11-25,338.9860855707113
1986-11-26,341.07994429293
1986-11-28,341.61589702316553
1986-12-01,341.1820416403666
1986-12-02,348.4190952915259
1986-12-03,348.7377952729827
1986-12-04,348.84979558692146
1986-12-05,346.77547948252675
1986-12-08,346.58405682356056
1986-12-09,344.54019179897136
1986-12-10,346.88219349060813
1986-12-11,343.447325984494
1986-12-12,341.194973154597
1986-12-15,340.47577907341497
1986-12-16,343.13092818960706
1986-12-17,340.50937773502864
1986-12-18,339.3315502870322
1986-12-19,343.34634220605295
1986-12-22,341.70265849386794
1986-12-23,338.3228449882269
1986-12-24,339.47070551813266
1986-12-26,340.14390072855645
1986-12-29,337.05355981090094
1986-12-30,335.1584861715269
1986-12-31,334.2436319774883
1987-01-02,339.7442479800638
1987-01-05,348.1981590022344
1987-01-06,350.7503105644914
1987-01-07,355.1491573745976
1987-01-08,357.6940711563977
1987-01-09,359.6177032077338
1987-01-12,361.4407578456795
1987-01-13,362.5061713293674
1987-01-14,365.7892981468782
1987-01-15,370.5463511099844
1987-01-16,370.46940998601326
1987-01-19,374.73125628726285
1987-01-20,374.634867352234
1987-01-21,372.74197869201504
1987-01-22,380.01399842012444
1987-01-23,376.2620413812985
1987-01-26,375.472855595989
1987-01-27,381.6866207522673
1987-01-28,386.0614593651721
1987-01-29,385.4971917480289
1987-01-30,384.5319726347493
1987-02-02,387.98311754767457
1987-02-03,388.4722113959007
1987-02-04,392.43430252738733
1987-02-05,393.8805209048382
1987-02-06,393.1259148346108
1987-02-09,390.84050205638056
1987-02-10,386.9506497774674
1987-02-11,391.12410253548717
1987-02-12,389.77902811041315
1987-02-13,394.29603489704436
1987-02-17,402.95458920184535
1987-02-18,403.85563980834615
1987-02-19,404.2279645504788
1987-02-20,403.5607573444823
1987-02-23,399.0143782258022
1987-02-24,400.1655879944548
1987-02-25,402.51522597198186
1987-02-26,401.2238338438619
1987-02-27,402.63470963123126
1987-03-02,402.43200966661465
1987-03-03,403.2913982809358
1987-03-04,410.0434344920818
1987-03-05,413.4970479491988
1987-03-06,414.57263220172416
1987-03-09,410.541773164896
1987-03-10,414.8504593403981
1987-03-11,415.08480688881576
1987-03-12,415.80162400951684
1987-03-13,413.6920947062486
1987-03-16,410.13846283717015
1987-03-17,414.74887490050617
1987-03-18,415.49486926461077
1987-03-19,417.3101595669829
1987-03-20,421.953041340704
1987-03-23,425.5515667498114
1987-03-24,426.1642189778342
1987-03-25,424.85090216905934
1987-03-26,425.50555647035566
1987-03-27,420.3747063929349
1987-03-30,409.49486933939886
1987-03-31,413.5272032089691
1987-04-01,413.8732495761165
1987-04-02,415.2348644586883
1987-04-03,425.40019001139416
1987-04-06,429.33572678216194
1987-04-07,422.94318561995084
1987-04-08,424.1114664076189
1987-04-09,421.6436395094617
1987-04-10,421.53157436431974
1987-04-13,412.92488755808586
1987-04-14,403.37325399695004
1987-04-15,406.2715343178828
1987-04-16,410.5132497279933
1987-04-20,409.8469673481211
1987-04-21,416.51073104324996
1987-04-22,410.6770497027041
1987-04-23,411.23437595190137
1987-04-24,404.07819766936797
1987-04-27,400.3422585097459
1987-04-28,402.92185640351687
1987-04-29,404.74592916933636
1987-04-30,409.34680627808655
1987-05-01,407.92335227419323
1987-05-04,411.0197932533305
1987-05-05,418.4904340763312
1987-05-06,419.07916197340705
1987-05-07,418.20935554654517
1987-05-08,417.296331925003
1987-05-11,414.1696583203563
1987-05-12,414.9562312536452
1987-05-13,417.68778082055076
1987-05-14,418.52045727344284
1987-05-15,410.4077950829294
1987-05-18,406.5339033898392
1987-05-19,398.04453191689294
1987-05-20,395.3488610356085
1987-05-21,396.1625744431641
1987-05-22,397.60263746943343
1987-05-26,404.8195829265314
1987-05-27,406.42132330000595
1987-05-28,410.0482451826374
1987-05-29,409.7407996832253
1987-06-01,409.034300929856
1987-06-02,408.8862207816691
1987-06-03,413.37165697441776
1987-06-04,414.7284961341192
1987-06-05,413.75653646427696
1987-06-08,415.50851278912705
1987-06-09,416.10068660591395
1987-06-10,415.53239503352074
1987-06-11,417.2166425849028
1987-06-12,419.7505103020889
1987-06-15,420.6043005054713
1987-06-16,422.0746543285911
1987-06-17,422.25138540951457
1987-06-18,422.548410326731
1987-06-19,423.0879893816396
1987-06-22,425.67054578699896
1987-06-23,424.3248440736303
1987-06-24,423.348156382718
1987-06-25,425.37109476875304
1987-06-26,424.33623111587326
1987-06-29,425.81791904327935
1987-06-30,421.34525816804245
1987-07-01,420.2165583498176
1987-07-02,423.52012352580596
1987-07-06,423.71158372419694
1987-07-07,427.25354211274407
1987-07-08,429.52121952527654
1987-07-09,430.5693228735024
1987-07-10,432.1727561294374
1987-07-13,432.53709442413407
1987-07-14,437.25939368809503
1987-07-15,438.51253021061535
1987-07-16,441.5921020895643
1987-07-17,442.6945621963917
1987-07-20,438.4038148227497
1987-07-21,435.4744020165885
1987-07-22,436.5103288623702
1987-07-23,435.03830324565797
1987-07-24,437.3158885341802
1987-07-27,438.5793484756627
1987-07-28,441.4472940801612
1987-07-29,446.2369538556635
1987-07-30,451.42148360636287
1987-07-31,453.74862108437685
1987-08-03,454.4456484041572
1987-08-04,452.93746478375533
1987-08-05,455.00838119478993
1987-08-06,460.0893816199574
1987-08-07,461.49834751304195
1987-08-10,467.8435510038521
1987-08-11,472.88961430473154
1987-08-12,471.3995165846172
1987-08-13,472.36852561558095
1987-08-14,470.16226677322226
1987-08-17,471.0478609882282
1987-08-18,464.8848773545422
1987-08-19,464.94450692126713
1987-08-20,471.3356187065014
1987-08-21,473.6129727512455
1987-08-24,471.0036119499996
1987-08-25,475.2400529319797
1987-08-26,472.03774576387025
1987-08-27,469.4883658436008
1987-08-28,464.28642168954474
1987-08-31,467.84361191653335
1987-09-01,460.84656316949696
1987-09-02,459.2609727460048
1987-09-03,457.45938615207825
1987-09-04,454.06766824626266
1987-09-08,447.4615026396808
1987-09-09,449.56754088735835
1987-09-10,456.42970427140375
1987-09-11,464.6476273268694
1987-09-14,465.4948128159747
1987-09-15,459.76185439019406
1987-09-16,456.02963565312547
1987-09-17,456.3346412020636
1987-09-18,456.6656805456895
1987-09-21,450.1036668992525
1987-09-22,459.5706150983633
1987-09-23,464.3328156077231
1987-09-24,464.4260052417437
1987-09-25,465.1775506955733
1987-09-28,468.19740101816114
1987-09-29,466.4810949000101
1987-09-30,467.7631685265952
1987-10-01,473.1899939527733
1987-10-02,475.7799483276803
1987-10-05,476.36797318375176
1987-10-06,464.96142575655176
1987-10-07,463.17930298266697
1987-10-08,456.1233661104379
1987-10-09,451.61711728869705
1987-10-12,447.68615268978414
1987-10-13,452.66387982546064
1987-10-14,440.33767357826844
1987-10-15,429.8172497980707
1987-10-16,406.755836087746
1987-10-19,335.8615708019988
1987-10-20,325.33517085952815
1987-10-21,357.3520902138824
1987-10-22,339.3291258668802
1987-10-23,332.761054297451
1987-10-26,298.8087793655231
1987-10-27,302.93985006239626
1987-10-28,305.2523450458314
1987-10-29,321.7308126984141
1987-10-30,338.008172097689
1987-11-02,343.98766013774565
1987-11-03,336.18773008230085
1987-11-04,332.94740486719957
1987-11-05,339.9562225000362
1987-11-06,336.999055419014
1987-11-09,328.3868214391033
1987-11-10,322.19679531062013
1987-11-11,325.3372393312087
1987-11-12,336.07139344889924
1987-11-13,335.15469738919734
1987-11-16,336.15819837369224
1987-11-17,331.63951702658625
1987-11-18,334.61765191859143
1987-11-19,326.71630754582975
1987-11-20,328.70746694385144
1987-11-23,331.94752896757336
1987-11-24,339.8073612057582
1987-11-25,339.1767174530456
1987-11-27,336.8877582442286
1987-11-30,321.39704806734244
1987-12-01,323.5989756012425
1987-12-02,325.1757650458371
1987-12-03,314.39912171085916
1987-12-04,310.6938118728579
1987-12-07,317.59637363816836
1987-12-08,327.8657220832104
1987-12-09,334.08667250617424
1987-12-10,329.84540030644376
1987-12-11,332.5251533994528
1987-12-14,341.6194441666522
1987-12-15,342.12440075808337
1987-12-16,349.9072732263032
1987-12-17,343.6395817376246
1987-12-18,350.4513564487676
1987-12-21,352.0607999663636
1987-12-22,351.92881226813955
1987-12-23,356.95840528329353
1987-12-24,357.3488281856456
1987-12-28,348.619702538043
1987-12-29,347.3031306438602
1987-12-30,351.666936625725
1987-12-31,351.5444622408025
1988-01-04,361.7141176310918
1988-01-05,365.66851936463917
1988-01-06,366.22971839403505
1988-01-07,368.2087209413643
1988-01-08,345.0029641564501
1988-01-11,348.3057400185673
1988-01-12,343.7797423835501
1988-01-13,343.29950725689946
1988-01-14,343.7527733189094
1988-01-15,350.6121240842904
1988-01-18,350.8225079357409
1988-01-19,347.80238463260116
1988-01-20,337.3082628868398
1988-01-21,338.0906281562828
1988-01-22,340.8502466697544
1988-01-25,347.3558987267569
1988-01-26,344.0524765976653
1988-01-27,343.28602417132066
1988-01-28,346.8731822941595
1988-01-29,349.648789488577
1988-02-01,348.41074445886267
1988-02-02,348.8301627693076
1988-02-03,343.4145950157848
1988-02-04,344.8027151374892
1988-02-05,344.4197318172705
1988-02-08,343.7725617251954
1988-02-09,347.4443598118168
1988-02-10,354.4617874557615
1988-02-11,355.05827965458366
1988-02-12,359.13894090143503
1988-02-16,363.9550334856435
1988-02-17,363.30198205488426
1988-02-18,362.1895842364811
1988-02-19,366.56852001297216
1988-02-22,371.55465396640324
1988-02-23,371.6714956655222
1988-02-24,371.1208312931481
1988-02-25,368.78024503286605
1988-02-26,370.22408617076695
1988-02-29,377.8312339665575
1988-03-01,377.9068539030789
1988-03-02,380.0513795899497
1988-03-03,380.2073781097537
1988-03-04,381.1673836895578
1988-03-07,383.25769256951185
1988-03-08,386.67672889221853
1988-03-09,389.4005999726529
1988-03-10,382.6156363656149
1988-03-11,383.1728512805432
1988-03-14,385.46070670041115
1988-03-15,385.791085727943
1988-03-16,389.08171236385743
1988-03-17,392.6371544157097
1988-03-18,392.3161285349833
1988-03-21,389.9768834107897
1988-03-22,389.98243722320296
1988-03-23,391.93158660379237
1988-03-24,384.38160952497236
1988-03-25,378.36905863163804
1988-03-28,375.905646576537
1988-03-29,379.82737592078894
1988-03-30,378.76732091721885
1988-03-31,379.6445882589156
1988-04-04,376.5340723614717
1988-04-05,378.7102463448767
1988-04-06,386.7937385051193
1988-04-07,387.909154930786
1988-04-08,391.41329733699894
1988-04-11,392.7792073493663
1988-04-12,395.4453807574118
1988-04-13,394.772260897751
1988-04-14,380.29185762860413
1988-04-15,379.7201878586826
1988-04-18,381.1907819582419
1988-04-19,380.55446149720467
1988-04-20,378.18375667936533
1988-04-21,377.7340678721197
1988-04-22,381.0085675092958
1988-04-25,383.46713283785573
1988-04-26,385.05287417368953
1988-04-27,385.2812047020567
1988-04-28,384.1079688524609
1988-04-29,383.0579214955344
1988-05-02,382.77494566755126
1988-05-03,384.93369536791676
1988-05-04,382.2646932755152
1988-05-05,379.8578393207961
1988-05-06,378.50816875009144
1988-05-09,376.40335047298663
1988-05-10,377.541164207185
1988-05-11,371.67962384147376
1988-05-12,372.72664628381966
1988-05-13,375.7913286035981
1988-05-16,377.37129086218204
1988-05-17,373.6801464008462
1988-05-18,368.9107519128533
1988-05-19,369.34210678067717
1988-05-20,369.88661969351995
1988-05-23,366.54602076565817
1988-05-24,370.01209149404565
1988-05-25,371.35697320196164
1988-05-26,372.782074640763
1988-05-27,371.3429194945366
1988-05-31,381.19561342190775
1988-06-01,388.1506763947599
1988-06-02,386.9047768004693
1988-06-03,389.4379208849511
1988-06-06,388.8753121976048
1988-06-07,386.4662275665967
1988-06-08,393.31061849512867
1988-06-09,392.53836339928193
1988-06-10,392.77931616052626
1988-06-13,394.7786786285296
1988-06-14,397.8136520890326
1988-06-15,398.2240795448444
1988-06-16,393.07292256095326
1988-06-17,392.934059161957
1988-06-20,391.8811375372703
1988-06-21,394.21388070163624
1988-06-22,399.8257852101713
1988-06-23,399.46973893409415
1988-06-24,397.65529511614835
1988-06-27,392.4988451996045
1988-06-28,395.4127016874884
1988-06-29,394.12345635225313
1988-06-30,397.9658714678167
1988-07-01,396.32071008761494
1988-07-05,399.84638537958796
1988-07-06,395.9417622152165
1988-07-07,396.6983163281045
1988-07-08,396.1531020634916
1988-07-11,396.82382554249654
1988-07-12,394.2524784681907
1988-07-13,396.81738229449206
1988-07-14,398.42927847806817
1988-07-15,398.79785406994006
1988-07-18,397.4301089953509
1988-07-19,395.39395414906176
1988-07-20,396.1708422343976
1988-07-21,392.5363405749088
1988-07-22,388.3454708449943
1988-07-25,388.0327770672739
1988-07-26,388.66844636352636
1988-07-27,385.12731965733565
1988-07-28,388.1199659215979
1988-07-29,393.41788075544554
1988-08-01,393.7040394396639
1988-08-02,393.15763843370047
1988-08-03,396.3031759926843
1988-08-04,396.48720965464383
1988-08-05,395.30781945482136
1988-08-08,394.01535054051493
1988-08-09,389.8343629640431
1988-08-10,383.5450141208305
1988-08-11,383.88204273556136
1988-08-12,383.74860925272003
1988-08-15,379.07821304684944
1988-08-16,381.8432795988584
1988-08-17,381.42065251138973
1988-08-18,381.8253530902853
1988-08-19,381.79422848477486
1988-08-22,377.429486525976
1988-08-23,377.3681339914976
1988-08-24,382.2043532187244
1988-08-25,380.460618676514
1988-08-26,380.9280297064706
1988-08-29,384.4387475945393
1988-08-30,384.8273779242862
1988-08-31,384.06969307218424
1988-09-01,380.2029065994956
1988-09-02,387.28681105882106
1988-09-06,388.25953581190026
1988-09-07,388.89905729469064
1988-09-08,389.1640766655742
1988-09-09,389.44991053996216
1988-09-12,389.7158224395577
1988-09-13,390.73564796502495
1988-09-14,392.64675308158274
1988-09-15,391.91731212058914
1988-09-16,394.23452353729334
1988-09-19,392.0640757988084
1988-09-20,392.97986329302665
1988-09-21,393.1760297473682
1988-09-22,391.53059582871975
1988-09-23,392.0958721524986
1988-09-26,391.2731245991649
1988-09-27,390.40511616988886
1988-09-28,391.2698908176428
1988-09-29,395.38475275521216
1988-09-30,396.2948454678279
1988-10-03,394.72185454205743
1988-10-04,394.7762247224011
1988-10-05,395.97120153547723
1988-10-06,396.4814884654432
1988-10-07,402.82903894050776
1988-10-10,403.54047927713947
1988-10-11,402.2840477098253
1988-10-12,397.600740975038
1988-10-13,399.16022558995354
1988-10-14,399.72548409990856
1988-10-17,399.9204493103131
1988-10-18,404.25387852730955
1988-10-19,402.85950403627083
1988-10-20,409.16674662415096
1988-10-21,411.0634561216316
1988-10-24,411.2666836846345
1988-10-25,410.4425566814933
1988-10-26,409.2682968669138
1988-10-27,404.1001418211701
1988-10-28,405.68785252193186
1988-10-31,405.2791090077557
1988-11-01,405.3836940822625
1988-11-02,405.2323142743156
1988-11-03,405.90881211331424
1988-11-04,402.71642024072304
1988-11-07,399.1928711584917
1988-11-08,400.2603717393857
1988-11-09,398.00446458184155
1988-11-10,398.2490344945858
1988-11-11,391.96595085599677
1988-11-14,391.0803636251639
1988-11-15,392.2576292296479
1988-11-16,386.3739313475806
1988-11-17,387.0286801467908
1988-11-18,389.15317730007644
1988-11-21,388.54411271848517
1988-11-22,389.33992439997314
1988-11-23,391.41482989783606
1988-11-25,388.9704347806761
1988-11-28,389.57540209559295
1988-11-29,392.933557807303
1988-11-30,396.48475261774735
1988-12-01,395.72968623662535
1988-12-02,395.33716819243415
1988-12-05,398.40104507903015
1988-12-06,400.3386209459037
1988-12-07,401.5794322801822
1988-12-08,399.58079947050845
1988-12-09,400.68067147370886
1988-12-12,400.17653281372856
1988-12-13,399.5829074911465
1988-12-14,399.0876075498351
1988-12-15,398.3643215064465
1988-12-16,400.67801832161575
1988-12-19,404.03022440725283
1988-12-20,402.8018789088237
1988-12-21,402.1927607725188
1988-12-22,402.23393643350687
1988-12-23,403.7847224172304
1988-12-27,403.416192635024
1988-12-28,404.4539315085771
1988-12-29,407.38179317672046
1988-12-30,408.10637274030256
1989-01-03,405.8718961006548
1989-01-04,411.42751227308935
1989-01-05,412.6120461477077
1989-01-06,415.1375626034467
1989-01-09,415.41242731352577
1989-01-10,414.76623990877727
1989-01-11,416.6897549860916
1989-01-12,418.4812161395582
1989-01-13,419.5621044066615
1989-01-16,420.116969885091
1989-01-17,419.8454694060445
1989-01-18,423.9630268189778
1989-01-19,424.18459971039897
1989-01-20,423.4315888251697
1989-01-23,420.6751190389702
1989-01-24,423.88582523575667
1989-01-25,424.4332594800831
1989-01-26,426.62424612661863
1989-01-27,429.47479676397165
1989-01-30,431.1291851431997
1989-01-31,434.22151142361224
1989-02-01,435.5863408744429
1989-02-02,435.8468208618051
1989-02-03,437.1944408470064
1989-02-06,436.7908881229533
1989-02-07,440.9898334352021
1989-02-08,440.88086765724773
1989-02-09,437.339420658387
1989-02-10,431.8787740710743
1989-02-13,432.1795280354363
1989-02-14,433.29633427140504
1989-02-15,436.05384666716117
1989-02-16,437.78517731079734
1989-02-17,440.5028264106314
1989-02-21,439.60694614190004
1989-02-22,433.92835148635413
1989-02-23,434.406931532355
1989-02-24,429.6400487274602
1989-02-27,429.8580813489804
1989-02-28,432.44599938613254
1989-03-01,431.92048647770395
1989-03-02,435.82617709611543
1989-03-03,438.13143127220246
1989-03-06,443.225736082344
1989-03-07,442.78187470068895
1989-03-08,443.50624428698967
1989-03-09,442.9475245707524
1989-03-10,443.4499987916311
1989-03-13,446.12733616144345
1989-03-14,445.82919760352286
1989-03-15,447.46706584669516
1989-03-16,449.63673706995496
1989-03-17,442.0763443213289
1989-03-20,437.72470299221925
1989-03-21,440.0163645696023
1989-03-22,439.59603736168265
1989-03-23,437.8113933535512
1989-03-27,439.533181629402
1989-03-28,442.48348228350636
1989-03-29,443.792364780603
1989-03-30,443.82515303333486
1989-03-31,446.9650916711395
1989-04-03,448.26927740729667
1989-04-04,447.72008077337335
1989-04-05,448.48084474060386
1989-04-06,447.6944343640102
1989-04-07,450.2815886281027
1989-04-10,450.51317435435084
1989-04-11,453.15350246422037
1989-04-12,453.82450775508835
1989-04-13,450.4732383427145
1989-04-14,456.6053398971409
1989-04-17,456.29047367916024
1989-04-18,461.0585034967796
1989-04-19,463.4315068564275
1989-04-20,461.7776771594428
1989-04-21,464.7764335699297
1989-04-24,464.6254540104712
1989-04-25,463.3870629678724
1989-04-26,464.0544457929953
1989-04-27,468.99813022687476
1989-04-28,469.9752610069375
1989-05-01,469.5551987543635
1989-05-02,469.4132890928009
1989-05-03,469.5070588482624
1989-05-04,469.19587082634666
1989-05-05,470.5897568363546
1989-05-08,468.01751928659473
1989-05-09,467.13829406426936
1989-05-10,468.2994206251318
1989-05-11,469.59698007194874
1989-05-12,477.9252020311269
1989-05-15,481.0823713404389
1989-05-16,480.40844765255105
1989-05-17,484.50494232922875
1989-05-18,485.60881265242256
1989-05-19,489.77878780962783
1989-05-22,492.06396230841153
1989-05-23,487.8907378217451
1989-05-24,488.99380891371175
1989-05-25,491.1316451747286
1989-05-26,495.114024008295
1989-05-30,491.828726483152
1989-05-31,493.94371424491425
1989-06-01,495.27294185858466
1989-06-02,500.59635945634346
1989-06-05,496.4699723064441
1989-06-06,497.8305090514541
1989-06-07,501.89815631482105
1989-06-08,504.4172120620392
1989-06-09,504.5805329984426
1989-06-12,502.3530042467617
1989-06-13,500.4181198812066
1989-06-14,500.9687047589427
1989-06-15,496.4719680957517
1989-06-16,498.8957996903789
1989-06-19,500.5270982282685
1989-06-20,499.97500405480884
1989-06-21,498.9318281672798
1989-06-22,502.4758843757171
1989-06-23,510.0776895087247
1989-06-26,508.38109253722536
1989-06-27,511.5277181048555
1989-06-28,509.34988995219044
1989-06-29,498.78810672910936
1989-06-30,495.9756293902343
1989-07-03,497.45100566446285
1989-07-05,500.1941280569451
1989-07-06,502.15797722285106
1989-07-07,506.234771063943
1989-07-10,508.0553782135756
1989-07-11,511.8951438295062
1989-07-12,513.04978687612
1989-07-13,513.4402337951833
1989-07-14,516.0357345483498
1989-07-17,518.7000638881807
1989-07-18,519.4597999722022
1989-07-19,526.69725586796
1989-07-20,524.4339117775502
1989-07-21,527.2141418919491
1989-07-24,525.6149144172116
1989-07-25,528.5673322914472
1989-07-26,536.2253658536766
1989-07-27,541.918681879624
1989-07-28,541.6150931189909
1989-07-31,546.1935593192362
1989-08-01,543.1084937192678
1989-08-02,544.7796590610242
1989-08-03,546.7179903767418
1989-08-04,542.8754879853725
1989-08-07,547.1536415139443
1989-08-08,549.0174424959902
1989-08-09,548.6827562643795
1989-08-10,551.4696826873018
1989-08-11,545.9576943735977
1989-08-14,543.7286759244048
1989-08-15,544.5407109100767
1989-08-16,546.9959655965987
1989-08-17,545.6665551650766
1989-08-18,546.2683052736763
1989-08-21,539.5374096877708
1989-08-22,540.2393773785124
1989-08-23,544.0059329205665
1989-08-24,551.6980007728669
1989-08-25,551.4524615138693
1989-08-28,553.07441787875
1989-08-29,551.5088754268576
1989-08-30,552.2625584027026
1989-08-31,551.6959707880839
1989-09-01,554.5972154035529
1989-09-05,553.857727388637
1989-09-06,548.1887415437575
1989-09-07,547.1380897172812
1989-09-08,546.8491809789376
1989-09-11,544.3168852157079
1989-09-12,546.2598855215782
1989-09-13,543.2009358817309
1989-09-14,538.2460439715145
1989-09-15,536.1354170742056
1989-09-18,538.0843424800837
1989-09-19,540.4689035544471
1989-09-20,540.7386447569597
1989-09-21,540.7481182929575
1989-09-22,541.8478417040334
1989-09-25,539.0696937224541
1989-09-26,541.3844705920845
1989-09-27,544.1820645720261
1989-09-28,552.4902393098707
1989-09-29,553.691343989807
1989-10-02,556.9726666788781
1989-10-03,562.9899073071678
1989-10-04,565.428245439771
1989-10-05,566.6160711350567
1989-10-06,569.4921666876845
1989-10-09,571.6462921959929
1989-10-10,570.2357469923987
1989-10-11,566.6638429013852
1989-10-12,564.3097060841885
1989-10-13,529.1081557628161
1989-10-16,536.4315006639931
1989-10-17,534.656516598548
1989-10-18,538.0163551848844
1989-10-19,548.1996219958118
1989-10-20,547.4741275693469
1989-10-23,546.0478937853892
1989-10-24,541.6332082504165
1989-10-25,539.6551133157001
1989-10-26,530.8666948046274
1989-10-27,524.3613198164854
1989-10-30,524.8227748757485
1989-10-31,531.8386409666273
1989-11-01,534.7151492375772
1989-11-02,531.9697225284575
1989-11-03,531.7540915166919
1989-11-06,523.1898048971984
1989-11-07,525.0881223361505
1989-11-08,532.4814224220773
1989-11-09,531.8320123094038
1989-11-10,535.3083353879729
1989-11-13,537.0326411204823
1989-11-14,533.6955041028652
1989-11-15,537.3531061345575
1989-11-16,537.5268750710158
1989-11-17,538.4911279105917
1989-11-20,535.2783416214447
1989-11-21,533.9193204084065
1989-11-22,537.2243122062441
1989-11-24,540.1371703404292
1989-11-27,542.6996488031273
1989-11-28,542.6915045620435
1989-11-29,539.3271378979432
1989-11-30,541.9491894715305
1989-12-01,546.7860091283239
1989-12-04,547.9832640025589
1989-12-05,548.0436811961256
1989-12-06,546.4543569177637
1989-12-07,544.9553080952813
1989-12-08,546.9271972133206
1989-12-11,545.8099409898426
1989-12-12,547.626265016063
1989-12-13,548.1212891003779
1989-12-14,544.914637976275
1989-12-15,543.6131127079587
1989-12-18,533.969311384488
1989-12-19,530.6891384301358
1989-12-20,527.2245164989381
1989-12-21,530.531760785558
1989-12-22,535.2361661565752
1989-12-26,535.255467332506
1989-12-27,538.032880198852
1989-12-28,542.3709868174027
1989-12-29,547.6749864304315
1990-01-02,556.1926485112886
1990-01-03,557.1462391704249
1990-01-04,551.0417546749401
1990-01-05,547.4388631185894
1990-01-08,547.4838342510569
1990-01-09,541.7863622148051
1990-01-10,537.2690282103133
1990-01-11,538.0418783277764
1990-01-12,523.6724990636397
1990-01-15,517.2773449432948
1990-01-16,522.9354040147224
1990-01-17,518.7801310234964
1990-01-18,519.4626709762321
1990-01-19,520.7868205803536
1990-01-22,508.5090392451074
1990-01-23,506.3670249918026
1990-01-24,504.06643582858374
1990-01-25,498.45650232786653
1990-01-26,496.3512401435437
1990-01-29,493.0094748329202
1990-01-30,485.1872505578713
1990-01-31,494.54517488811894
1990-02-01,495.15029478049837
1990-02-02,500.3173810518336
1990-02-05,502.74837618724257
1990-02-06,500.2803768766465
1990-02-07,507.24429668217215
1990-02-08,506.55879857768474
1990-02-09,508.09503143887883
1990-02-12,503.4616234559524
1990-02-13,502.9946212041458
1990-02-14,504.41448083614364
1990-02-15,508.0457094876279
1990-02-16,505.4061966512682
1990-02-20,499.08582449425603
1990-02-21,496.58367514642134
1990-02-22,494.21889504697026
1990-02-23,490.673992477768
1990-02-26,494.86188233146544
1990-02-27,497.41675984512517
1990-02-28,498.97413408137504
1990-03-01,499.1942269478489
1990-03-02,503.76783470413955
1990-03-05,501.2310956728855
1990-03-06,506.7798393750309
1990-03-07,506.942491231515
1990-03-08,510.13524192718756
1990-03-09,507.8499790279022
1990-03-12,509.3933471804746
1990-03-13,506.2358044318266
1990-03-14,507.49455857874597
1990-03-15,508.8899042624486
1990-03-16,513.2614419928407
1990-03-19,517.5143558485686
1990-03-20,516.5310227642824
1990-03-21,515.3630984784842
1990-03-22,508.93449066062203
1990-03-23,513.4617217855238
1990-03-26,513.8991554948597
1990-03-27,518.1415396451123
1990-03-28,520.2093427469032
1990-03-29,518.7559896275035
1990-03-30,518.6178565396419
1990-04-02,515.8303426684145
1990-04-03,523.0212299082917
1990-04-04,521.1572476641785
1990-04-05,521.2633563923127
1990-04-06,520.6059182470425
1990-04-09,521.8846198903888
1990-04-10,523.1608861474575
1990-04-11,524.0329586763157
1990-04-12,527.6574072036694
1990-04-16,528.3551008599692
1990-04-17,528.2048756930011
1990-04-18,523.5283294694163
1990-04-19,519.2968871346565
1990-04-20,514.1290807558064
1990-04-23,508.66411859420543
1990-04-24,508.01635006909015
1990-04-25,510.155632082108
1990-04-26,511.16213077983593
1990-04-27,504.34374058457513
1990-04-30,507.98002658185146
1990-05-01,511.4689663391258
1990-05-02,515.590145259229
1990-05-03,517.7257592216198
1990-05-04,522.3497888930987
1990-05-07,525.6236071381435
1990-05-08,527.4194775284566
1990-05-09,529.9998995603097
1990-05-10,532.2565774360667
1990-05-11,542.747345909137
1990-05-14,546.6741163598039
1990-05-15,545.3853572560639
1990-05-16,545.6287432609262
1990-05-17,546.4062615027437
1990-05-18,548.7460034981457
1990-05-21,555.8035205306045
1990-05-22,558.4571038439182
1990-05-23,559.0953440151902
1990-05-24,558.8342744788387
1990-05-25,552.4664075194704
1990-05-29,559.8162437564264
1990-05-30,560.3497806147676
1990-05-31,561.4574654088491
1990-06-01,563.1571056429633
1990-06-04,567.7160264255014
1990-06-05,564.2354442717116
1990-06-06,561.8060587664723
1990-06-07,558.4603976666262
1990-06-08,552.4606858283003
1990-06-11,556.6425872207436
1990-06-12,563.5588091171982
1990-06-13,563.4514924063923
1990-06-14,560.0515511833356
1990-06-15,561.0033984703223
1990-06-18,553.7840184198135
1990-06-19,556.5695748135024
1990-06-20,558.1564356363713
1990-06-21,560.9227359840922
1990-06-22,556.1457683637815
1990-06-25,553.7639871905263
1990-06-26,552.5191856597559
1990-06-27,557.6064628911466
1990-06-28,560.7339415093993
1990-06-29,562.1453920410096
1990-07-02,563.4780268601455
1990-07-03,566.3886480285362
1990-07-05,560.9293879428873
1990-07-06,565.5274423708444
1990-07-09,566.400914795951
1990-07-10,562.9354834372047
1990-07-11,570.1464174209738
1990-07-12,575.8978132179402
1990-07-13,581.1061621720971
1990-07-16,584.9411090887864
1990-07-17,581.6964863089744
1990-07-18,576.6249191295411
1990-07-19,578.1300306807078
1990-07-20,574.6416971813379
1990-07-23,563.7490630612768
1990-07-24,564.3949680346084
1990-07-25,567.5811158295438
1990-07-26,565.183298123417
1990-07-27,561.6102368807357
1990-07-30,562.0259187907933
1990-07-31,563.8547193745727
1990-08-01,564.4157771045058
1990-08-02,559.7464357638195
1990-08-03,545.4013364974053
1990-08-06,526.1312514693843
1990-08-07,529.3375147660917
1990-08-08,536.9248605144177
1990-08-09,541.7576560156485
1990-08-10,537.8256695020166
1990-08-13,542.3587177355394
1990-08-14,545.148447067607
1990-08-15,547.3012853574548
1990-08-16,537.5335425812249
1990-08-17,527.2194020229346
1990-08-20,524.0113143992164
1990-08-21,513.1261943123612
1990-08-22,505.23072669325643
1990-08-23,488.92908284990125
1990-08-24,497.7899333425933
1990-08-27,511.04226891372303
1990-08-28,513.4923524286178
1990-08-29,516.3259349473462
1990-08-30,509.014385157803
1990-08-31,514.6727364516879
1990-09-04,514.1112316233166
1990-09-05,516.213918423512
1990-09-06,511.7460315721335
1990-09-07,515.1972043178577
1990-09-10,513.9843846639602
1990-09-11,512.8575387128893
1990-09-12,514.6843379991774
1990-09-13,510.05026158065107
1990-09-14,508.7194810752343
1990-09-17,511.3614850575431
1990-09-18,511.5287349915387
1990-09-19,508.60784470992184
1990-09-20,499.1756468363296
1990-09-21,498.6744759865077
1990-09-24,490.2645347467855
1990-09-25,494.58339598062645
1990-09-26,489.26617607164286
1990-09-27,479.53738784393016
1990-09-28,488.04904149560343
1990-10-01,496.8966001375197
1990-10-02,497.4887469314537
1990-10-03,493.0401837154312
1990-10-04,493.0713135397439
1990-10-05,492.33965670052305
1990-10-08,494.5663474212531
1990-10-09,482.81418307628513
1990-10-10,474.9516949887991
1990-10-11,464.85119042978005
1990-10-12,470.70516686411264
1990-10-15,473.2897103219518
1990-10-16,466.10122575023837
1990-10-17,466.9141031181531
1990-10-18,477.63270034047014
1990-10-19,485.5208076504295
1990-10-22,489.4683774922591
1990-10-23,488.6003357336889
1990-10-24,487.92046348863784
1990-10-25,485.15831697983464
1990-10-26,478.90262590966785
1990-10-29,473.208729396464
1990-10-30,474.9795640705937
1990-10-31,475.533668658244
1990-11-01,477.80042502261216
1990-11-02,483.3424107780503
1990-11-05,489.4120367925878
1990-11-06,484.498142344349
1990-11-07,476.73333347753766
1990-11-08,478.425531049983
1990-11-09,487.45380834932223
1990-11-12,494.72187566949236
1990-11-13,493.51611444798107
1990-11-14,497.4989135659898
1990-11-15,493.73065118313946
1990-11-16,495.3406313463369
1990-11-19,499.39563448085715
1990-11-20,493.3311524208964
1990-11-21,492.6713990259171
1990-11-23,491.84140391486574
1990-11-26,491.9625346447432
1990-11-27,497.84146349392745
1990-11-28,500.0282873681317
1990-11-29,497.7215990143897
1990-11-30,506.1107312170755
1990-12-03,511.1382767492982
1990-12-04,513.4781795971975
1990-12-05,517.5854377450438
1990-12-06,515.9348082689831
1990-12-07,514.9002766023963
1990-12-10,515.5203609772634
1990-12-11,512.6745506921901
1990-12-12,516.954124137833
1990-12-13,516.6618734746068
1990-12-14,513.9123556454877
1990-12-17,513.0076309708753
1990-12-18,516.5708961394695
1990-12-19,516.4749734940169
1990-12-20,517.641304435268
1990-12-21,519.3744221245054
1990-12-24,517.6453873869832
1990-12-26,518.9099656018363
1990-12-27,515.8576577945698
1990-12-28,517.371654337805
1990-12-31,520.7291596828643
1991-01-02,513.8922251107986
1991-01-03,504.65718939609883
1991-01-04,502.5729127740843
1991-01-07,492.2502969277783
1991-01-08,491.5255450509227
1991-01-09,486.0583636300236
1991-01-10,491.93105449474416
1991-01-11,494.07632324626076
1991-01-14,488.4801816358966
1991-01-15,492.1794551870138
1991-01-16,499.6824018830796
1991-01-17,518.4930868415945
1991-01-18,524.491035079741
1991-01-21,524.9841244074108
1991-01-22,522.6345239268553
1991-01-23,528.2529310470359
1991-01-24,537.7716505917546
1991-01-25,539.9938229713316
1991-01-28,540.9620112022092
1991-01-29,541.755670249771
1991-01-30,552.1747790142673
1991-01-31,558.5403314398968
1991-02-01,557.6451463305717
1991-02-04,565.1353514347461
1991-02-05,572.9005989792925
1991-02-06,581.2539538074153
1991-02-07,575.624262430445
1991-02-08,580.9474516772899
1991-02-11,596.0852905844472
1991-02-12,591.4163382335638
1991-02-13,595.4218157860786
1991-02-14,588.682388943406
1991-02-15,599.9824043895492
1991-02-19,601.0724585793095
1991-02-20,593.9754522199288
1991-02-21,593.695118530195
1991-02-22,597.0377521155045
1991-02-25,601.7837169132358
1991-02-26,594.4398004162484
1991-02-27,598.9404864548886
1991-02-28,599.2034936195879
1991-03-01,604.0960301408701
1991-03-04,603.378914324297
1991-03-05,616.8610009040775
1991-03-06,617.7404379788121
1991-03-07,618.5734426075007
1991-03-08,617.5799067028746
1991-03-11,613.078176265309
1991-03-12,605.8269921705094
1991-03-13,616.1152773293918
1991-03-14,616.5691238855084
1991-03-15,615.7951863428065
1991-03-18,614.7167221810988
1991-03-19,605.7953203424846
1991-03-20,610.033157887027
1991-03-21,607.6768735600242
1991-03-22,607.7444995118123
1991-03-25,612.0147955992559
1991-03-26,624.6026785321033
1991-03-27,626.7337481575767
1991-03-28,627.0335113013327
1991-04-01,623.3992975876093
1991-04-02,638.9305881678205
1991-04-03,638.6262134422536
1991-04-04,641.0658689907697
1991-04-05,632.7012126903593
1991-04-08,634.4400042203723
1991-04-09,627.1935166437863
1991-04-10,624.410474943677
1991-04-11,632.1154451511751
1991-04-12,637.4734044113011
1991-04-15,639.0359729544944
1991-04-16,648.5000843664994
1991-04-17,652.4639040366588
1991-04-18,648.0693421568932
1991-04-19,640.5703574303583
1991-04-22,633.9705244084133
1991-04-23,635.2798335529891
1991-04-24,634.6945220421545
1991-04-25,629.9665089259029
1991-04-26,629.4624808190338
1991-04-29,619.3882415744347
1991-04-30,620.3190850070738
1991-05-01,629.4571278956744
1991-05-02,630.558328139928
1991-05-03,631.0846926179964
1991-05-06,630.2502201008731
1991-05-07,628.007079601098
1991-05-08,629.4625946906947
1991-05-09,636.7697139738117
1991-05-10,626.45474722056
1991-05-13,626.7450679688238
1991-05-14,618.3094233309895
1991-05-15,611.8113461463383
1991-05-16,618.5559582606406
1991-05-17,619.4759048783565
1991-05-20,619.128543292546
1991-05-21,624.3189019387084
1991-05-22,626.5182543468516
1991-05-23,626.773783297914
1991-05-24,633.2132441506976
1991-05-28,638.4606316958805
1991-05-29,638.8982494819127
1991-05-30,645.5354059635033
1991-05-31,648.3157655205301
1991-06-03,644.2563833472204
1991-06-04,644.1767648624561
1991-06-05,640.4789238920213
1991-06-06,638.9930098098635
1991-06-07,633.1671546579462
1991-06-10,630.6541100237538
1991-06-11,633.105163291183
1991-06-12,625.925018267149
1991-06-13,628.3522025860289
1991-06-14,635.693455168803
1991-06-17,633.8378378349353
1991-06-18,631.8201108321806
1991-06-19,627.1328286907824
1991-06-20,629.4499717701586
1991-06-21,632.7858689878647
1991-06-24,622.4789720039782
1991-06-25,620.837848591405
1991-06-26,621.0716562496666
1991-06-27,625.3993940082175
1991-06-28,620.9512609835916
1991-07-01,631.9627083326449
1991-07-02,632.2728396864372
1991-07-03,626.5760220749206
1991-07-05,628.1957170815248
1991-07-08,631.785177769674
1991-07-09,630.3057833191588
1991-07-10,631.8145691860683
1991-07-11,633.3322023387295
1991-07-12,639.3070084891413
1991-07-15,642.6648715267753
1991-07-16,639.6383371898122
1991-07-17,637.0772127457323
1991-07-18,642.3139568644548
1991-07-19,640.144205349869
1991-07-22,638.5114177269409
1991-07-23,631.8012901795659
1991-07-24,629.604352772412
1991-07-25,634.7538768295169
1991-07-26,635.3324600812998
1991-07-29,638.4748712594799
1991-07-30,646.0159113994398
1991-07-31,647.7681614142363
1991-08-01,646.512199333397
1991-08-02,648.736752704725
1991-08-05,644.7562082425029
1991-08-06,654.9939168710317
1991-08-07,656.6296314384012
1991-08-08,656.5627332510006
1991-08-09,655.2334700021056
1991-08-12,657.9558315354874
1991-08-13,661.1522132679002
1991-08-14,663.2645844042447
1991-08-15,660.8707522497045
1991-08-16,655.6357284611266
1991-08-19,637.5714747995788
1991-08-20,643.9269262928785
1991-08-21,664.2564953434554
1991-08-22,668.2896857172954
1991-08-23,672.4584650517326
1991-08-26,670.6000287631026
1991-08-27,668.7045151093406
1991-08-28,675.4018259642016
1991-08-29,675.9668238652222
1991-08-30,674.72308775601
1991-09-03,668.9906631247629
1991-09-04,664.3127978201626
1991-09-05,660.2862411126923
1991-09-06,659.54557026733
1991-09-09,657.6263371847186
1991-09-10,648.9823873822403
1991-09-11,652.0308731768904
1991-09-12,659.564752059358
1991-09-13,654.7781283413319
1991-09-16,658.3925329224585
1991-09-17,658.7296089521112
1991-09-18,661.9663740297167
1991-09-19,665.0570104570498
1991-09-20,669.1394056544999
1991-09-23,666.4775213583506
1991-09-24,670.251829418428
1991-09-25,670.1384198553361
1991-09-26,668.6916431776149
1991-09-27,667.0824506969963
1991-09-30,669.6126274113589
1991-10-01,672.106604046067
1991-10-02,668.6349601534146
1991-10-03,660.3241937821638
1991-10-04,656.1952681811257
1991-10-07,650.5034170190346
1991-10-08,652.31737607125
1991-10-09,646.4846425211437
1991-10-10,649.5295311291461
1991-10-11,650.5359922136646
1991-10-14,658.6368760393807
1991-10-15,669.2726348605673
1991-10-16,676.301995617914
1991-10-17,672.8616374751479
1991-10-18,674.0502390217924
1991-10-21,671.7166390538642
1991-10-22,668.3727980647415
1991-10-23,671.2293085793428
1991-10-24,666.1134512223895
1991-10-25,663.8407170110446
1991-10-28,673.1821548070993
1991-10-29,678.3732536105321
1991-10-30,682.6737489584383
1991-10-31,685.1932495174832
1991-11-01,681.964992330826
1991-11-04,679.4277560897751
1991-11-05,679.294148825261
1991-11-06,682.5549709080716
1991-11-07,687.6679172642579
1991-11-08,687.6246485644633
1991-11-11,690.3653660064222
1991-11-12,698.0616279304572
1991-11-13,699.764663600273
1991-11-14,697.0045821634856
1991-11-15,671.403336865594
1991-11-18,674.4765827230327
1991-11-19,660.9043057830853
1991-11-20,659.874391487217
1991-11-21,663.6213038982033
1991-11-22,657.186717293353
1991-11-25,653.6397174670406
1991-11-26,657.704749319049
1991-11-27,657.1071500239183
1991-11-29,657.1747287436652
1991-12-02,668.0669739348633
1991-12-03,671.4631200779789
1991-12-04,673.2014538260619
1991-12-05,672.1397239610653
1991-12-06,673.2133905265077
1991-12-09,671.7260462567765
1991-12-10,670.1610251366121
1991-12-11,668.44856891551
1991-12-12,675.403409855428
1991-12-13,682.9419085859709
1991-12-16,685.8224508374886
1991-12-17,680.7898776138607
1991-12-18,680.998200605826
1991-12-19,676.3119191566414
1991-12-20,680.2499437712987
1991-12-23,698.3115046948474
1991-12-24,704.5463872339515
1991-12-26,716.9207547863772
1991-12-27,724.7984920183376
1991-12-30,743.3590938607174
1991-12-31,749.563935092734
1992-01-02,746.6060676084398
1992-01-03,748.303052793896
1992-01-06,748.008067153835
1992-01-07,750.5803193040927
1992-01-08,759.7814887466317
1992-01-09,765.6792755103156
1992-01-10,762.0070921142961
1992-01-13,757.2476499766384
1992-01-14,769.1419219649011
1992-01-15,773.5289774174863
1992-01-16,764.5288416265182
1992-01-17,763.6361567935644
1992-01-20,754.2550921593282
1992-01-21,742.415177737476
1992-01-22,755.28675185598
1992-01-23,755.3166862216266
1992-01-24,756.6777256915669
1992-01-27,755.6498731481865
1992-01-28,756.1249816102913
1992-01-29,753.1435238678349
1992-01-30,758.7268394569011
1992-01-31,755.0027631985265
1992-02-03,759.7677810249845
1992-02-04,767.8701895917039
1992-02-05,771.87041251746
1992-02-06,773.0119411322994
1992-02-07,769.657025873412
1992-02-10,771.004969342647
1992-02-11,770.3592926268282
1992-02-12,777.6033244904108
1992-02-13,770.2491320465283
1992-02-14,767.918048336637
1992-02-18,756.1397433042321
1992-02-19,754.831745252278
1992-02-20,768.8608812217407
1992-02-21,763.9363910322805
1992-02-24,762.7526106148965
1992-02-25,758.0912385155603
1992-02-26,770.921387760714
1992-02-27,772.3339964010124
1992-02-28,770.3894613785225
1992-03-02,770.4808817617136
1992-03-03,771.2146508263319
1992-03-04,766.1627304047809
1992-03-05,756.2571744788927
1992-03-06,750.8244031838433
1992-03-09,751.8103771485642
1992-03-10,758.0388019510148
1992-03-11,752.1833350084637
1992-03-12,749.9722479777216
1992-03-13,754.2409832075781
1992-03-16,755.1471841018682
1992-03-17,763.7538254166657
1992-03-18,765.3271649983673
1992-03-19,767.5462822137158
1992-03-20,768.9668402180534
1992-03-23,765.72338624983
1992-03-24,762.8516311108137
1992-03-25,762.3485611349705
1992-03-26,761.1063364429978
1992-03-27,753.1483141911042
1992-03-30,752.8793607532174
1992-03-31,754.0370069095666
1992-04-01,755.7991075746313
1992-04-02,747.827629514317
1992-04-03,744.1150918565276
1992-04-06,749.4558878912288
1992-04-07,734.7150978255399
1992-04-08,726.2744963642967
1992-04-09,741.8420277499439
1992-04-10,749.7454557374421
1992-04-13,752.8418022523132
1992-04-14,763.4939859275996
1992-04-15,773.6486057356765
1992-04-16,772.6315401364747
1992-04-20,759.1781810336823
1992-04-21,754.8293401695101
1992-04-22,755.1258830657767
1992-04-23,758.9835467296388
1992-04-24,752.6982066712064
1992-04-27,749.7785064561293
1992-04-28,743.781586135788
1992-04-29,752.1585379626629
1992-04-30,758.6472599655705
1992-05-01,755.139223877116
1992-05-04,761.5083488410135
1992-05-05,761.3333916401886
1992-05-06,763.6194417693272
1992-05-07,762.8002887148064
1992-05-08,761.4851171117045
1992-05-11,765.2669081850858
1992-05-12,763.1854837659123
1992-05-13,763.4576257764203
1992-05-14,754.7633838432612
1992-05-15,751.1099670237957
1992-05-18,753.5701902203659
1992-05-19,757.8475471550067
1992-05-20,757.812705749241
1992-05-21,753.6685526337211
1992-05-22,755.9634263240347
1992-05-26,747.5622885560442
1992-05-27,750.8025727490806
1992-05-28,755.3429441465788
1992-05-29,759.8462195108034
1992-06-01,762.1617891633745
1992-06-02,761.1593600501922
1992-06-03,761.325553330251
1992-06-04,758.37933625179
1992-06-05,755.9666979486359
1992-06-08,755.1089469623962
1992-06-09,746.2520582496567
1992-06-10,738.5927842260363
1992-06-11,739.4900501187918
1992-06-12,743.7660641421226
1992-06-15,741.376121530544
1992-06-16,736.519367623698
1992-06-17,722.1592673999854
1992-06-18,719.508359179139
1992-06-19,725.46109383426
1992-06-22,722.8120554512069
1992-06-23,725.3982258960845
1992-06-24,720.9874859997007
1992-06-25,719.9441188438255
1992-06-26,719.8013273098696
1992-06-29,731.6935991113529
1992-06-30,734.9647469172958
1992-07-01,744.042328635888
1992-07-02,741.7852453252234
1992-07-06,741.4677918418655
1992-07-07,732.8367018796966
1992-07-08,732.9058494124909
1992-07-09,742.1536976639858
1992-07-10,745.8141341324358
1992-07-13,746.470861322987
1992-07-14,749.3633135951306
1992-07-15,748.5563906200722
1992-07-16,749.0100526372956
1992-07-17,745.5527679730374
1992-07-20,740.8141858984342
1992-07-21,744.578562465842
1992-07-22,738.8146706644824
1992-07-23,739.3125294818847
1992-07-24,740.4632849988029
1992-07-27,741.0210511641958
1992-07-28,751.6702335244553
1992-07-29,759.5666297918065
1992-07-30,760.1725425922085
1992-07-31,762.347269471295
1992-08-03,764.6155853022697
1992-08-04,763.7004322914278
1992-08-05,759.1520461260346
1992-08-06,755.0884879467794
1992-08-07,753.4966987210565
1992-08-10,752.7504211347552
1992-08-11,752.2852703494319
1992-08-12,749.9910269623197
1992-08-13,749.5370275292562
1992-08-14,753.1332289690382
1992-08-17,754.4970148781421
1992-08-18,754.9533478809816
1992-08-19,749.1094951640054
1992-08-20,749.0082026422307
1992-08-21,744.3938076044526
1992-08-24,732.9241537866094
1992-08-25,732.0278886452643
1992-08-26,737.0325478410465
1992-08-27,742.5193412814663
1992-08-28,743.0312517952766
1992-08-31,742.723616400322
1992-09-01,745.8666247842568
1992-09-02,749.9849366401503
1992-09-03,753.0491507862342
1992-09-04,750.4760522013132
1992-09-08,746.7965267630292
1992-09-09,750.409002673209
1992-09-10,758.671693097206
1992-09-11,760.7996297474261
1992-09-14,774.3556125046849
1992-09-15,766.1904898589718
1992-09-16,765.3552944436944
1992-09-17,766.820434054025
1992-09-18,769.4929677976726
1992-09-21,769.159435028845
1992-09-22,760.2620249532647
1992-09-23,758.9979329014087
1992-09-24,762.7612924423402
1992-09-25,754.4436470985007
1992-09-28,757.4766599313488
1992-09-29,758.8342059655253
1992-09-30,763.3773021924271
1992-10-01,759.2448257660176
1992-10-02,750.2797505127078
1992-10-05,742.4059482268071
1992-10-06,744.5680007754067
1992-10-07,739.401176032459
1992-10-08,745.023652148229
1992-10-09,736.9761684005139
1992-10-12,745.071809137781
1992-10-13,750.2478774117525
1992-10-14,749.8244657000877
1992-10-15,751.0490003074394
1992-10-16,755.2473350203151
1992-10-19,765.7433127643015
1992-10-20,769.6658831621888
1992-10-21,774.0687265853119
1992-10-22,773.314417674295
1992-10-23,774.9589734846934
1992-10-26,784.5901563622823
1992-10-27,785.4604351743271
1992-10-28,787.0492212655304
1992-10-29,787.6817203356644
1992-10-30,786.6968461356487
1992-11-02,793.5418619465327
1992-11-03,790.997309283841
1992-11-04,788.7549455535192
1992-11-05,793.4614727293746
1992-11-06,793.8384406966974
1992-11-09,798.3690261646664
1992-11-10,801.5237719458506
1992-11-11,809.3671981299306
1992-11-12,808.1009821807609
1992-11-13,809.5695050826599
1992-11-16,805.9642862430483
1992-11-17,803.0203159156281
1992-11-18,807.2133952077304
1992-11-19,810.8146121846884
1992-11-20,817.5927023113585
1992-11-23,815.4334294298462
1992-11-24,823.2686898001901
1992-11-25,827.0109599493969
1992-11-27,829.671792159046
1992-11-30,834.3243197091946
1992-12-01,832.0259972067898
1992-12-02,830.0777273623011
1992-12-03,830.11037355211
1992-12-04,835.8361276389176
1992-12-07,841.9644565317291
1992-12-08,844.5504195754285
1992-12-09,842.1081962440765
1992-12-10,836.5890545218773
1992-12-11,832.5210170299326
1992-12-14,832.5846679652482
1992-12-15,830.7182714410635
1992-12-16,826.843921996083
1992-12-17,833.8507529262564
1992-12-18,842.9185229794258
1992-12-21,843.8634452029869
1992-12-22,844.1063548850658
1992-12-23,844.8718258980181
1992-12-24,847.8250978001718
1992-12-28,849.9085326796893
1992-12-29,849.2617307020487
1992-12-30,851.3580410047188
1992-12-31,851.1154009283774
1993-01-04,852.1486639823569
1993-01-05,854.1590911529372
1993-01-06,858.614215502005
1993-01-07,854.5300869069782
1993-01-08,850.9027078381379
1993-01-11,854.0442844225021
1993-01-12,852.6961079180461
1993-01-13,857.3344865931164
1993-01-14,865.0050503210241
1993-01-15,871.6295828835532
1993-01-18,876.1218016053526
1993-01-19,879.5883750839301
1993-01-20,876.406978940162
1993-01-21,879.9602796971681
1993-01-22,880.8764594158832
1993-01-25,885.5785936909945
1993-01-26,887.6511808728811
1993-01-27,883.3972273973217
1993-01-28,882.3714908012679
1993-01-29,881.3392372705673
1993-02-01,888.4035684978749
1993-02-02,892.5557175483235
1993-02-03,903.9079576250577
1993-02-04,907.9803597854169
1993-02-05,904.1233590326825
1993-02-08,903.9468953670926
1993-02-09,895.6843522717616
1993-02-10,898.59144396024
1993-02-11,901.9647643280338
1993-02-12,897.6350272696704
1993-02-16,872.9352576421063
1993-02-17,868.6411048303742
1993-02-18,866.5489282049125
1993-02-19,870.460774540241
1993-02-22,871.1204103949051
1993-02-23,866.3973513719402
1993-02-24,877.7646813583161
1993-02-25,882.6605323598898
1993-02-26,884.5118375558651
1993-03-01,880.6541328843651
1993-03-02,888.473521838499
1993-03-03,893.2337481916277
1993-03-04,891.6001412602036
1993-03-05,892.2085687166494
1993-03-08,905.0728812838569
1993-03-09,906.3069600243471
1993-03-10,908.0025846856097
1993-03-11,907.3700086963323
1993-03-12,901.5102467545196
1993-03-15,906.3436443805698
1993-03-16,907.7862764410288
1993-03-17,900.4801866240975
1993-03-18,908.2314223323042
1993-03-19,905.0756895350866
1993-03-22,901.5693481063673
1993-03-23,899.5492695447335
1993-03-24,900.4238453295573
1993-03-25,906.4932230580298
1993-03-26,905.196014547557
1993-03-29,909.6355777279284
1993-03-30,912.1479955413569
1993-03-31,913.9296239934968
1993-04-01,913.3637646238798
1993-04-02,897.7334632066239
1993-04-05,898.7052119519296
1993-04-06,896.7595867485293
1993-04-07,899.0145667483629
1993-04-08,901.791808292569
1993-04-12,911.5278698692426
1993-04-13,916.2102184091661
1993-04-14,915.7779973806034
1993-04-15,913.921133497833
1993-04-16,914.7010674216215
1993-04-19,906.8253760298785
1993-04-20,898.1957239246115
1993-04-21,896.3535646810849
1993-04-22,889.0874257620633
1993-04-23,884.3223359396662
1993-04-26,872.9718928002451
1993-04-27,879.4326921273267
1993-04-28,880.6394219536301
1993-04-29,883.873929626314
1993-04-30,888.2185341589063
1993-05-03,891.4013212385129
1993-05-04,897.5922730605695
1993-05-05,900.4524119212538
1993-05-06,898.6697929973835
1993-05-07,897.9432094291994
1993-05-10,899.8170594403844
1993-05-11,902.1308119962634
1993-05-12,902.8408582307022
1993-05-13,893.0500833077602
1993-05-14,891.3138562795536
1993-05-17,892.5732728009341
1993-05-18,895.1694423548632
1993-05-19,909.5066086383484
1993-05-20,916.8082959545583
1993-05-21,909.7325194764729
1993-05-24,913.4247164946491
1993-05-25,915.3529155108779
1993-05-26,923.8025609526893
1993-05-27,923.8918079181
1993-05-28,918.070702401571
1993-06-01,925.8932032990291
1993-06-02,928.4339487677989
1993-06-03,927.7159527724618
1993-06-04,922.8846386532289
1993-06-07,916.5341925633803
1993-06-08,908.953443235199
1993-06-09,911.5567416642804
1993-06-10,910.1802241694957
1993-06-11,916.1348068986788
1993-06-14,915.0909848600407
1993-06-15,916.2277101222138
1993-06-16,917.4854003485528
1993-06-17,918.7346677047497
1993-06-18,913.0885870941449
1993-06-21,915.8335185960461
1993-06-22,914.7473357965846
1993-06-23,912.3136224161523
1993-06-24,918.6043201029267
1993-06-25,921.4352320320644
1993-06-28,931.7058423238414
1993-06-29,930.5175741252647
1993-06-30,931.9785038084664
1993-07-01,931.0509670074262
1993-07-02,928.4349155325062
1993-07-06,921.9045101310866
1993-07-07,917.6557042715016
1993-07-08,924.6357053457808
1993-07-09,927.8426982000553
1993-07-12,929.2636888782232
1993-07-13,929.1517554486588
1993-07-14,934.6062224271897
1993-07-15,935.6722696803837
1993-07-16,931.1131132226743
1993-07-19,927.8655811612429
1993-07-20,928.4307074576383
1993-07-21,927.5414380945148
1993-07-22,923.4728784108526
1993-07-23,928.7814922635022
1993-07-26,934.7677117667715
1993-07-27,934.144012494719
1993-07-28,935.1383179217432
1993-07-29,940.5296120560823
1993-07-30,937.6850785360348
1993-08-02,943.0324622708926
1993-08-03,943.3821355897777
1993-08-04,943.6400132443587
1993-08-05,945.5616239055195
1993-08-06,948.5562082943884
1993-08-09,953.3265260395144
1993-08-10,953.3261267766295
1993-08-11,956.3280416265538
1993-08-12,953.9800674958227
1993-08-13,955.3071405776374
1993-08-16,961.0675383574929
1993-08-17,961.2360572011964
1993-08-18,963.5545330119488
1993-08-19,961.785244068599
1993-08-20,961.3480706953583
1993-08-23,961.1003475088884
1993-08-24,969.5137170046632
1993-08-25,971.2169934434556
1993-08-26,970.5680204109194
1993-08-27,970.7352422311097
1993-08-30,974.6041712067232
1993-08-31,978.6684075252318
1993-09-01,980.6827534906287
1993-09-02,977.8240776515295
1993-09-03,977.3683861738557
1993-09-07,969.063317056122
1993-09-08,961.4381604339007
1993-09-09,966.7854224920906
1993-09-10,977.9140147878696
1993-09-13,980.4683942572713
1993-09-14,973.0963631436397
1993-09-15,977.6944136973028
1993-09-16,976.6868896843653
1993-09-17,977.2649541019408
1993-09-20,974.5537022782983
1993-09-21,965.2198313964187
1993-09-22,973.8929300097427
1993-09-23,979.9668944250072
1993-09-24,982.2710054176999
1993-09-27,992.1941121978346
1993-09-28,994.951690419385
1993-09-29,989.8978923822583
1993-09-30,988.6295743211996
1993-10-01,993.2870592770735
1993-10-04,996.1608841364861
1993-10-05,992.7698633549038
1993-10-06,993.3716574401702
1993-10-07,990.0324274675827
1993-10-08,991.0085376482141
1993-10-11,989.6920043769653
1993-10-12,992.7481551087209
1993-10-13,997.3724941132261
1993-10-14,1002.8720451193332
1993-10-15,1007.7411210647235
1993-10-18,1005.9014230549109
1993-10-19,995.3416157214078
1993-10-20,991.868905541174
1993-10-21,990.080643853561
1993-10-22,991.143874290488
1993-10-25,990.2843679186043
1993-10-26,989.2959188953313
1993-10-27,992.3413906417222
1993-10-28,996.9046606322913
1993-10-29,999.9154618945879
1993-11-01,1001.9075630845423
1993-11-02,1002.770205472087
1993-11-03,990.915709712106
1993-11-04,975.5049923046203
1993-11-05,980.08348927941
1993-11-08,982.9682784151796
1993-11-09,983.3516176023729
1993-11-10,990.0873397865021
1993-11-11,987.5870720042442
1993-11-12,991.651233908237
1993-11-15,987.3492257936047
1993-11-16,986.5396356020416
1993-11-17,982.668872267512
1993-11-18,977.3967808030806
1993-11-19,974.384612121923
1993-11-22,960.3434634304979
1993-11-23,967.089375631765
1993-11-24,971.9041968854146
1993-11-26,974.9405555330378
1993-11-29,974.2256602242613
1993-11-30,976.1170001474507
1993-12-01,983.4180366163974
1993-12-02,986.404972677715
1993-12-03,992.0788632826792
1993-12-06,993.2886963130311
1993-12-07,994.7971681446207
1993-12-08,997.5803147276125
1993-12-09,996.4433063019347
1993-12-10,998.9065183950904
1993-12-13,1002.2394734892052
1993-12-14,996.9974111838981
1993-12-15,996.9639537206443
1993-12-16,998.6068124943977
1993-12-17,1006.1403396882744
1993-12-20,1005.5318763305565
1993-12-21,1002.5377157072787
1993-12-22,1006.7608986219975
1993-12-23,1006.6375734141695
1993-12-27,1012.7139966246207
1993-12-28,1014.4292248322369
1993-12-29,1015.5006607611538
1993-12-30,1014.0291492133974
1993-12-31,1013.4826076698399
1994-01-03,1009.624274486852
1994-01-04,1012.2112879220819
1994-01-05,1012.7869530719464
1994-01-06,1018.8263147785058
1994-01-07,1019.5655923635837
1994-01-10,1028.1773336518236
1994-01-11,1031.4143913503922
1994-01-12,1031.5736498390715
1994-01-13,1034.4069094720398
1994-01-14,1040.5262047014473
1994-01-17,1042.2793906655697
1994-01-18,1045.2999822047327
1994-01-19,1046.6996307578559
1994-01-20,1046.0770015244946
1994-01-21,1045.678845562603
1994-01-24,1041.081510538714
1994-01-25,1033.5905907548172
1994-01-26,1036.0800444566119
1994-01-27,1039.4312306941133
1994-01-28,1044.0322495746775
1994-01-31,1051.6747539392475
1994-02-01,1053.5504439661615
1994-02-02,1058.011292700984
1994-02-03,1057.8203427858766
1994-02-04,1036.1694474163924
1994-02-07,1040.161688470857
1994-02-08,1050.4777240115782
1994-02-09,1054.5290279922149
1994-02-10,1049.691012862585
1994-02-11,1046.1111497596366
1994-02-14,1051.0106144090919
1994-02-15,1060.1489706335697
1994-02-16,1063.1202229693658
1994-02-17,1056.4124127062096
1994-02-18,1051.3012212812928
1994-02-22,1056.5596316000185
1994-02-23,1051.9911734753398
1994-02-24,1039.7495834618526
1994-02-25,1039.763149503058
1994-02-28,1046.456984420794
1994-03-01,1038.90582800637
1994-03-02,1039.2194382882997
1994-03-03,1037.9715876112537
1994-03-04,1044.8740204178932
1994-03-07,1051.6908754441781
1994-03-08,1046.9529025767317
1994-03-09,1050.7019240008906
1994-03-10,1046.3692259028592
1994-03-11,1050.825897955647
1994-03-14,1051.1635618744967
1994-03-15,1049.561592746627
1994-03-16,1051.6249244896583
1994-03-17,1054.485174730156
1994-03-18,1059.3848758275417
1994-03-21,1053.1135602147108
1994-03-22,1056.4635584584933
1994-03-23,1059.2856562715783
1994-03-24,1047.6440707196152
1994-03-25,1041.229541933217
1994-03-28,1033.0997905833053
1994-03-29,1012.2629364896947
1994-03-30,992.8340275877596
1994-03-31,994.4900619955746
1994-04-04,979.2066400734124
1994-04-05,1004.6203345161525
1994-04-06,1003.235632343354
1994-04-07,1005.6000480569008
1994-04-08,996.5164518027502
1994-04-11,996.9707591323113
1994-04-12,989.5394957832463
1994-04-13,979.0700418840931
1994-04-14,975.8276877440147
1994-04-15,972.9985129964181
1994-04-18,958.6747863532364
1994-04-19,950.2587326589505
1994-04-20,939.3188395474695
1994-04-21,952.9582462039895
1994-04-22,956.1792081713477
1994-04-25,970.7434954604868
1994-04-26,973.6959911408251
1994-04-28,971.4881800599326
1994-04-29,977.1127736580513
1994-05-02,981.7165018571428
1994-05-03,982.3202381121009
1994-05-04,981.54303219871
1994-05-05,977.8893712320262
1994-05-06,968.8234546726858
1994-05-09,958.3734169251968
1994-05-10,961.4187442400671
1994-05-11,953.4438986453371
1994-05-12,955.4071617148282
1994-05-13,954.0720028974439
1994-05-16,948.3343564361327
1994-05-17,955.9064669756232
1994-05-18,969.6176947282273
1994-05-19,977.5402031015055
1994-05-20,977.1158030311532
1994-05-23,974.594210915364
1994-05-24,975.1022073697242
1994-05-25,979.0108579077784
1994-05-26,979.737132874396
1994-05-27,983.6137431479168
1994-05-31,983.9857658586944
1994-06-01,986.2272104263619
1994-06-02,987.8162140773526
1994-06-03,992.9730144382163
1994-06-06,996.3109800358562
1994-06-07,992.3480618313798
1994-06-08,987.7385396762419
1994-06-09,982.4386451760822
1994-06-10,985.3932180566891
1994-06-13,989.1482757733488
1994-06-14,995.4482104270509
1994-06-15,993.183086584392
1994-06-16,994.8399659567245
1994-06-17,990.057108831194
1994-06-20,979.2814943644341
1994-06-21,968.8143182118164
1994-06-22,972.3415668472436
1994-06-23,962.0031335706743
1994-06-24,947.1713261977243
1994-06-27,955.5584507824824
1994-06-28,951.2884596807916
1994-06-29,955.1073557310197
1994-06-30,949.0788022385166
1994-07-01,955.4957967634166
1994-07-05,952.7329803926623
1994-07-06,952.2027763585953
1994-07-07,956.4350832234003
1994-07-08,958.405278685929
1994-07-11,955.8326832569068
1994-07-12,958.3630433045656
1994-07-13,960.8012807204146
1994-07-14,969.7852505826402
1994-07-15,971.5158008893827
1994-07-18,970.2940653825599
1994-07-19,967.1967031619711
1994-07-20,960.6882844061972
1994-07-21,961.3734176367803
1994-07-22,960.7941078821958
1994-07-25,962.8687613602177
1994-07-26,959.8955420193682
1994-07-27,958.9098057527062
1994-07-28,959.7087513126933
1994-07-29,969.3530351893851
1994-08-01,974.3190150127886
1994-08-02,975.0479455881525
1994-08-03,975.1276654079345
1994-08-04,969.3304006476309
1994-08-05,966.7632408605186
1994-08-08,968.9035370002683
1994-08-09,971.0326355762601
1994-08-10,976.473924544673
1994-08-11,974.5993232010499
1994-08-12,977.7740143388814
1994-08-15,976.3698634029424
1994-08-16,982.2702917449288
1994-08-17,982.8817529348731
1994-08-18,981.0585897590023
1994-08-19,982.2066852584853
1994-08-22,981.0744609208967
1994-08-23,988.0701306239209
1994-08-24,998.8953193809944
1994-08-25,1000.397926093931
1994-08-26,1012.1035738931014
1994-08-29,1017.1790456963142
1994-08-30,1023.6813280028591
1994-08-31,1026.0424255216626
1994-09-01,1020.4761558402298
1994-09-02,1015.7680008321803
1994-09-06,1016.3664518295903
1994-09-07,1015.3862538706402
1994-09-08,1020.1802833442005
1994-09-09,1011.72409704264
1994-09-12,1005.9424084566432
1994-09-13,1009.3923847578686
1994-09-14,1012.6827775045942
1994-09-15,1024.523221427132
1994-09-16,1022.9860570025178
1994-09-19,1022.0248606213255
1994-09-20,1008.881679803144
1994-09-21,1002.1629796408272
1994-09-22,1002.2850304661603
1994-09-23,999.1507161687099
1994-09-26,1002.1171927966899
1994-09-27,1004.5048916533348
1994-09-28,1009.1407049958901
1994-09-29,1006.249751691285
1994-09-30,1006.4522700141071
1994-10-03,1003.394425721611
1994-10-04,989.752232183124
1994-10-05,983.2216736201381
1994-10-06,982.7969441222577
1994-10-07,986.1589509044377
1994-10-10,992.6895933528776
1994-10-11,1004.2027037523749
1994-10-12,1005.9478873585741
1994-10-13,1007.0448035086201
1994-10-14,1009.2896850199763
1994-10-17,1010.1861062093817
1994-10-18,1008.4437028182009
1994-10-19,1013.1314717060266
1994-10-20,1009.6914526370421
1994-10-21,1003.9695931829774
1994-10-24,996.4462486959608
1994-10-25,993.6210172957068
1994-10-26,995.0402221382466
1994-10-27,997.3128789914059
1994-10-28,1007.321141797659
1994-10-31,1005.1478057727975
1994-11-01,997.5021775990724
1994-11-02,994.1174902082163
1994-11-03,994.3686171203079
1994-11-04,984.4585794693174
1994-11-07,982.6248640050318
1994-11-08,989.4771665305502
1994-11-09,988.6410324115556
1994-11-10,983.8201021838264
1994-11-11,979.8144642031212
1994-11-14,988.5946023923508
1994-11-15,989.9456127033125
1994-11-16,990.1808694119973
1994-11-17,986.0899106610101
1994-11-18,981.9216521107796
1994-11-21,973.864089438732
1994-11-22,951.9111362761429
1994-11-23,945.6357312704284
1994-11-25,952.6972418464131
1994-11-28,957.7286580660907
1994-11-29,960.7251225326436
1994-11-30,961.2127934533352
1994-12-01,951.5889835168279
1994-12-02,960.3545051080646
1994-12-05,962.7405109177819
1994-12-06,961.6816145835886
1994-12-07,956.6487997822579
1994-12-08,944.0103629636316
1994-12-09,944.8466869802218
1994-12-12,947.8851568469487
1994-12-13,948.8556551571236
1994-12-14,958.2057981013754
1994-12-15,963.5416423825785
1994-12-16,968.2875313220802
1994-12-19,964.3239954190158
1994-12-20,965.2475766859023
1994-12-21,974.3192656390675
1994-12-22,974.1334604278697
1994-12-23,977.032507566658
1994-12-27,983.3397157045554
1994-12-28,979.5728183850517
1994-12-29,983.4793858865779
1994-12-30,982.3634940493849
1995-01-03,977.0206301928599
1995-01-04,978.4643301881231
1995-01-05,977.6295120121903
1995-01-06,982.8921147123492
1995-01-09,985.6844326835736
1995-01-10,992.0683405856328
1995-01-11,990.2898830114887
1995-01-12,991.7227304749289
1995-01-13,998.1295225906728
1995-01-16,1002.3224805013714
1995-01-17,1008.2329879044913
1995-01-18,1009.4444377634381
1995-01-19,1006.4302753207693
1995-01-20,1000.5237851692118
1995-01-23,997.329169907863
1995-01-24,999.4553736948513
1995-01-25,996.7838656376423
1995-01-26,994.9353150458354
1995-01-27,993.5214030215859
1995-01-30,984.6286960095092
1995-01-31,989.3958215906553
1995-02-01,992.4108551546689
1995-02-02,998.1688119939475
1995-02-03,1010.5160626811466
1995-02-06,1018.7599661206332
1995-02-07,1017.792309175678
1995-02-08,1020.088148254575
1995-02-09,1021.2357760220882
1995-02-10,1023.4150402403344
1995-02-13,1023.8301178155292
1995-02-14,1026.232204281788
1995-02-15,1030.4913311379657
1995-02-16,1032.1908581011696
1995-02-17,1025.370886245709
1995-02-21,1024.9815019387397
1995-02-22,1027.6394587169757
1995-02-23,1033.7227285060437
1995-02-24,1036.5323955396796
1995-02-27,1029.8001140762453
1995-02-28,1038.6823271830965
1995-03-01,1038.309787861413
1995-03-02,1037.0326311565686
1995-03-03,1040.5336719469085
1995-03-06,1041.4811328944977
1995-03-07,1032.6101746660772
1995-03-08,1035.5234346763375
1995-03-09,1037.4881907851702
1995-03-10,1049.5504578588082
1995-03-13,1052.388536633674
1995-03-14,1060.2136906026954
1995-03-15,1060.2422232254282
1995-03-16,1063.6463123343892
1995-03-17,1064.0486876186062
1995-03-20,1068.6346215144963
1995-03-21,1068.6031229298576
1995-03-22,1068.300255960325
1995-03-23,1070.4501392408054
1995-03-24,1082.052915333552
1995-03-27,1087.1832034723593
1995-03-28,1087.3818367827491
1995-03-29,1083.383548497363
1995-03-30,1079.7876713046942
1995-03-31,1074.6861549773437
1995-04-03,1077.0777099061174
1995-04-04,1083.175696687646
1995-04-05,1081.2064694677078
1995-04-06,1084.0152508366439
1995-04-07,1083.5044857143128
1995-04-10,1087.7840791383676
1995-04-11,1086.5383592879368
1995-04-12,1092.1880296040372
1995-04-13,1097.0908812376583
1995-04-17,1091.0269112541782
1995-04-18,1086.9565121922228
1995-04-19,1082.1997282744312
1995-04-20,1083.19236830811
1995-04-21,1090.4187413140291
1995-04-24,1101.370053567401
1995-04-25,1100.4416125206267
1995-04-26,1103.482826692289
1995-04-27,1106.2628673502563
1995-04-28,1109.645290145062
1995-05-01,1106.6768583053938
1995-05-02,1110.2939847604168
1995-05-03,1122.3546127113286
1995-05-04,1122.5346782711874
1995-05-05,1118.0753270970554
1995-05-08,1125.8010985156222
1995-05-09,1126.7556227847638
1995-05-10,1127.0870668781924
1995-05-11,1131.4125066421072
1995-05-12,1131.1607120425897
1995-05-15,1134.614374119447
1995-05-16,1137.9059236886026
1995-05-17,1138.715637403147
1995-05-18,1121.7520846438656
1995-05-19,1121.8623965701388
1995-05-22,1131.9075570475043
1995-05-23,1144.6016959952076
1995-05-24,1144.3278182040358
1995-05-25,1143.9579182874359
1995-05-26,1133.6335857650922
1995-05-30,1126.6597419216698
1995-05-31,1143.2450965817457
1995-06-01,1145.4679869567499
1995-06-02,1142.0755869316433
1995-06-05,1146.2601856355723
1995-06-06,1146.0675599464612
1995-06-07,1143.5288788679322
1995-06-08,1146.2596044716006
1995-06-09,1138.5233926379774
1995-06-12,1145.2164196634722
1995-06-13,1153.3550290805151
1995-06-14,1156.3904700122778
1995-06-15,1160.2822035639033
1995-06-16,1167.2406943364178
1995-06-19,1180.0477827697177
1995-06-20,1183.1674084653446
1995-06-21,1183.275283434962
1995-06-22,1199.0707762906675
1995-06-23,1196.3542484655868
1995-06-26,1186.44062586542
1995-06-27,1178.0683630784995
1995-06-28,1180.1697025821318
1995-06-29,1183.1465119248405
1995-06-30,1187.235485170024
1995-07-03,1190.5613592752254
1995-07-05,1194.0850541642944
1995-07-06,1208.1083160503156
1995-07-07,1218.8350151775892
1995-07-10,1221.8278874568784
1995-07-11,1215.3641003342805
1995-07-12,1229.71436767099
1995-07-13,1231.0428976355554
1995-07-14,1230.3565892794118
1995-07-17,1238.88939778613
1995-07-18,1225.3352216093028
1995-07-19,1199.6263000008128
1995-07-20,1206.481123173756
1995-07-21,1210.4958454485886
1995-07-24,1222.7984683541508
1995-07-25,1234.1552707038045
1995-07-26,1238.0084355846082
1995-07-27,1248.0878349618238
1995-07-28,1244.1740524969368
1995-07-31,1241.118784415765
1995-08-01,1238.0631724198631
1995-08-02,1229.1728938699114
1995-08-03,1226.0784884517846
1995-08-04,1230.6351482718435
1995-08-07,1234.0940859768716
1995-08-08,1236.4603264639059
1995-08-09,1239.6758568406942
1995-08-10,1235.8540616365426
1995-08-11,1232.4675658065994
1995-08-14,1245.1898291159935
1995-08-15,1243.511635315523
1995-08-16,1248.6025131506603
1995-08-17,1248.1812982581425
1995-08-18,1245.325912997245
1995-08-21,1238.797165030939
1995-08-22,1243.3673294795774
1995-08-23,1242.2591493177542
1995-08-24,1238.7029635092094
1995-08-25,1237.5700675785322
1995-08-28,1231.7091026918774
1995-08-29,1230.312759067659
1995-08-30,1235.8824819203824
1995-08-31,1240.3719398214403
1995-09-01,1242.2012002034533
1995-09-05,1256.818015728736
1995-09-06,1264.276707225415
1995-09-07,1265.4754553991938
1995-09-08,1269.3588276007954
1995-09-11,1274.9499668083886
1995-09-12,1278.3844712674854
1995-09-13,1284.8939867122785
1995-09-14,1288.9181514553322
1995-09-15,1284.0543546375568
1995-09-18,1288.9094561124803
1995-09-19,1293.4113994517381
1995-09-20,1298.4797493449933
1995-09-21,1290.837195736645
1995-09-22,1285.0154371733015
1995-09-25,1282.8531384277735
1995-09-26,1279.850220534384
1995-09-27,1273.6823325970954
1995-09-28,1287.955167825819
1995-09-29,1286.608545949013
1995-10-02,1276.487914894305
1995-10-03,1272.0648142957173
1995-10-04,1261.870644498484
1995-10-05,1266.3171769802586
1995-10-06,1266.3503623056326
1995-10-09,1247.296420249715
1995-10-10,1241.905023658069
1995-10-11,1256.3683199565826
1995-10-12,1268.8461352335828
1995-10-13,1278.139335750262
1995-10-16,1281.682307063757
1995-10-17,1291.6796260233748
1995-10-18,1299.0416447205494
1995-10-19,1303.173675792877
1995-10-20,1293.7249804941546
1995-10-23,1290.2556148840815
1995-10-24,1291.9371804595235
1995-10-25,1281.1737442221502
1995-10-26,1271.2482924497554
1995-10-27,1276.1162003943593
1995-10-30,1287.1552611938546
1995-10-31,1283.5346727783506
1995-11-01,1289.1880021215404
1995-11-02,1304.1960130139055
1995-11-03,1309.143397478552
1995-11-06,1303.846136568376
1995-11-07,1297.0415205383924
1995-11-08,1310.436903610234
1995-11-09,1318.2366423508727
1995-11-10,1318.9157796177153
1995-11-13,1317.3794844919214
1995-11-14,1307.5320853930637
1995-11-15,1313.9142377732944
1995-11-16,1322.72809595006
1995-11-17,1322.7718103999264
1995-11-20,1313.2706249245373
1995-11-21,1313.4397311950822
1995-11-22,1308.8797528112589
1995-11-24,1313.2758540997943
1995-11-27,1313.8438270079746
1995-11-28,1328.0836169987679
1995-11-29,1337.3699135394697
1995-11-30,1339.1408222129905
1995-12-01,1339.498338156586
1995-12-04,1351.0809236836028
1995-12-05,1357.147435693737
1995-12-06,1362.465439675425
1995-12-07,1353.0080419695212
1995-12-08,1357.7129852552655
1995-12-11,1360.1979338363292
1995-12-12,1357.8104124757979
1995-12-13,1363.3213233045108
1995-12-14,1350.1986184490254
1995-12-15,1346.16206275296
1995-12-18,1319.878546993085
1995-12-19,1337.1589938226275
1995-12-20,1325.9441912421926
1995-12-21,1331.5007058764245
1995-12-22,1338.4956107778223
1995-12-26,1347.9865917232103
1995-12-27,1346.941696338428
1995-12-28,1343.8897770732765
1995-12-29,1353.1445706600393
1996-01-02,1362.3241967711215
1996-01-03,1357.8018682113707
1996-01-04,1336.6693922775114
1996-01-05,1332.3625961858693
1996-01-08,1342.4719036351187
1996-01-09,1312.552207926817
1996-01-10,1289.5908001844018
1996-01-11,1306.8506490192444
1996-01-12,1306.9621557689052
1996-01-15,1293.7121631081739
1996-01-16,1307.9676732497226
1996-01-17,1313.1250102255979
1996-01-18,1323.8096938966232
1996-01-19,1336.2585671695324
1996-01-22,1345.1827427760022
1996-01-23,1346.068638703874
1996-01-24,1365.7805254861487
1996-01-25,1358.4089573076074
1996-01-26,1366.6833498416756
1996-01-29,1370.4873770398378
1996-01-30,1383.0741115680921
1996-01-31,1392.8451176739245
1996-02-01,1401.5084172208146
1996-02-02,1401.4020959921397
1996-02-05,1414.0283632710875
1996-02-06,1424.1641258999148
1996-02-07,1423.7425747540424
1996-02-08,1434.8222070322204
1996-02-09,1434.5121699077956
1996-02-12,1438.9815153852653
1996-02-13,1435.3992310354242
1996-02-14,1435.7564533728437
1996-02-15,1428.580596916047
1996-02-16,1425.7995684200673
1996-02-20,1412.98583895922
1996-02-21,1433.8050072784556
1996-02-22,1457.084588696684
1996-02-23,1457.9673870156041
1996-02-26,1445.7247107826097
1996-02-27,1439.202975548773
1996-02-28,1437.226186164891
1996-02-29,1428.5128195625214
1996-03-01,1426.2461923597966
1996-03-04,1435.1605521149584
1996-03-05,1442.728637384555
1996-03-06,1434.7980253466285
1996-03-07,1438.878604062657
1996-03-08,1398.2908918661217
1996-03-11,1414.6815920343129
1996-03-12,1408.4512409311142
1996-03-13,1416.8825504095794
1996-03-14,1422.930613738268
1996-03-15,1425.0884814799062
1996-03-18,1443.1737726554763
1996-03-19,1443.002712208493
1996-03-20,1440.1929052038051
1996-03-21,1438.962225614092
1996-03-22,1444.702243108017
1996-03-25,1438.0851764957824
1996-03-26,1443.5789309279103
1996-03-27,1439.8120465723337
1996-03-28,1434.747702831317
1996-03-29,1437.4126339836248
1996-04-01,1449.5207500192219
1996-04-02,1452.4856796041522
1996-04-03,1456.6371363706774
1996-04-04,1454.7091617752587
1996-04-08,1425.048245367438
1996-04-09,1422.999015161354
1996-04-10,1402.2025106357994
1996-04-11,1392.4498751310134
1996-04-12,1402.4783062161314
1996-04-15,1414.8623354005406
1996-04-16,1419.9525784980433
1996-04-17,1413.6890796507926
1996-04-18,1423.6525271072178
1996-04-19,1429.236504467866
1996-04-22,1444.0943998685234
1996-04-23,1450.4996508455795
1996-04-24,1448.5496097430612
1996-04-25,1454.9747950944338
1996-04-26,1456.2378631784484
1996-04-29,1457.2339931773652
1996-04-30,1460.755655221098
1996-05-01,1464.3437729585637
1996-05-02,1439.8308839530507
1996-05-03,1436.8933275298723
1996-05-06,1435.3359802648974
1996-05-07,1432.2107153877391
1996-05-08,1436.8725801364662
1996-05-09,1443.3847513831556
1996-05-10,1460.8984447810917
1996-05-13,1479.8049870127766
1996-05-14,1493.7294553238178
1996-05-15,1494.7991593467655
1996-05-16,1498.3341688993603
1996-05-17,1506.9965968625224
1996-05-20,1519.1278758532776
1996-05-21,1518.164655910698
1996-05-22,1527.271837362168
1996-05-23,1524.8720929427434
1996-05-24,1527.6413629980614
1996-05-28,1511.201508880944
1996-05-29,1503.11438269087
1996-05-30,1515.1124985417468
1996-05-31,1515.2046479087744
1996-06-03,1512.4951103666822
1996-06-04,1529.2275292377894
1996-06-05,1543.349507614343
1996-06-06,1534.0962076171481
1996-06-07,1531.0630884813577
1996-06-10,1534.2360920386413
1996-06-11,1529.4735237721989
1996-06-12,1531.535129063121
1996-06-13,1528.071367626682
1996-06-14,1520.344456304587
1996-06-17,1516.27217221358
1996-06-18,1504.6882193952545
1996-06-19,1502.9455052956557
1996-06-20,1497.3004434214017
1996-06-21,1509.060267464071
1996-06-24,1516.0840845816115
1996-06-25,1512.3181517908265
1996-06-26,1497.5180583657072
1996-06-27,1504.915504538136
1996-06-28,1513.509628519884
1996-07-01,1525.8527906499885
1996-07-02,1522.0284439966476
1996-07-03,1518.3638752406414
1996-07-05,1489.7675191032117
1996-07-08,1475.9017188647742
1996-07-09,1479.3032027047557
1996-07-10,1473.193246654003
1996-07-11,1441.7042619538515
1996-07-12,1443.6918375395871
1996-07-15,1401.1081834637994
1996-07-16,1390.1248536568455
1996-07-17,1414.1425030325306
1996-07-18,1444.402395665639
1996-07-19,1435.976354032334
1996-07-22,1423.7752501432706
1996-07-23,1407.3304857728278
1996-07-24,1401.0924743128155
1996-07-25,1414.0526707414472
1996-07-26,1427.7142834452509
1996-07-29,1419.1176007422298
1996-07-30,1425.491993198548
1996-07-31,1435.7435737690987
1996-08-01,1458.3704047691272
1996-08-02,1482.2886527765538
1996-08-05,1475.4840166793217
1996-08-06,1479.72488706111
1996-08-07,1485.580087104172
1996-08-08,1481.4616436901965
1996-08-09,1467.4726909827566
1996-08-12,1476.5779788760772
1996-08-13,1469.8123444496277
1996-08-14,1475.566876204491
1996-08-15,1478.9231132365228
1996-08-16,1486.117635478222
1996-08-19,1487.1023132853468
1996-08-20,1484.9551679170797
1996-08-21,1479.069726820269
1996-08-22,1489.4075114626603
1996-08-23,1487.8123377541237
1996-08-26,1487.0021409937917
1996-08-27,1495.7597704203179
1996-08-28,1496.5781636461275
1996-08-29,1480.9399174007542
1996-08-30,1469.4337568276487
1996-09-03,1472.2723698586583
1996-09-04,1474.5776565228177
1996-09-05,1464.1060674371697
1996-09-06,1477.1207508411235
1996-09-09,1495.1860749383445
1996-09-10,1497.6782874369335
1996-09-11,1503.6139088851546
1996-09-12,1509.5341723306653
1996-09-13,1525.2145879968084
1996-09-16,1530.3712406736718
1996-09-17,1523.8072666342096
1996-09-18,1520.346027291998
1996-09-19,1521.5519506396636
1996-09-20,1528.6050908054722
1996-09-23,1530.2737991079987
1996-09-24,1534.4012676725235
1996-09-25,1537.4561357334676
1996-09-26,1540.7771745979678
1996-09-27,1547.8015458181471
1996-09-30,1549.6932927500557
1996-10-01,1551.5018443728575
1996-10-02,1558.9307628872812
1996-10-03,1557.3838365673241
1996-10-04,1573.1383502371903
1996-10-07,1576.5483831262798
1996-10-08,1568.513787397866
1996-10-09,1561.105796802213
1996-10-10,1560.6086490292148
1996-10-11,1569.4813101061486
1996-10-14,1577.3059444670625
1996-10-15,1577.4601168150316
1996-10-16,1576.5311457926214
1996-10-17,1578.3252180772972
1996-10-18,1584.4156428395459
1996-10-21,1583.2609735026915
1996-10-22,1573.8392485099648
1996-10-23,1574.3717814897007
1996-10-24,1568.6650296038476
1996-10-25,1563.891303347707
1996-10-28,1551.8362623489043
1996-10-29,1552.3095435441012
1996-10-30,1553.021113851851
1996-10-31,1561.0163775752353
1996-11-01,1553.8175697126758
1996-11-04,1559.090605915778
1996-11-05,1566.023024158219
1996-11-06,1585.8078209460875
1996-11-07,1596.2071085502891
1996-11-08,1600.9490073725797
1996-11-11,1603.186879283196
1996-11-12,1601.3652275892953
1996-11-13,1604.9327520101726
1996-11-14,1613.250059423185
1996-11-15,1614.3717542766387
1996-11-18,1610.7904469457478
1996-11-19,1617.9622084639873
1996-11-20,1618.4522567331908
1996-11-21,1614.7552631713806
1996-11-22,1623.87542380374
1996-11-25,1640.0037804256253
1996-11-26,1634.8817716500755
1996-11-27,1635.143756733449
1996-11-29,1639.1558540748554
1996-12-02,1639.7163555395016
1996-12-03,1630.8900332485125
1996-12-04,1626.0517898823318
1996-12-05,1623.8366381172864
1996-12-06,1614.4952186029889
1996-12-09,1635.4575926095852
1996-12-10,1636.009194273754
1996-12-11,1617.325630942576
1996-12-12,1600.5018417649785
1996-12-13,1599.9777948741446
1996-12-16,1594.3674367473443
1996-12-17,1598.800440496515
1996-12-18,1614.1266557665817
1996-12-19,1641.5153966088833
1996-12-20,1648.233034031152
1996-12-23,1639.0161986481005
1996-12-24,1645.9523999924818
1996-12-26,1653.6906817242711
1996-12-27,1661.7660946396495
1996-12-30,1660.453010186016
1996-12-31,1651.8749891117366
1997-01-02,1636.8161747514432
1997-01-03,1655.2931971463552
1997-01-06,1657.5482332269598
1997-01-07,1667.7413941859875
1997-01-08,1658.3123481227415
1997-01-09,1665.0782555470325
1997-01-10,1675.2017372011537
1997-01-13,1680.81405449557
1997-01-14,1701.0970147512999
1997-01-15,1698.5971897961767
1997-01-16,1706.170369353762
1997-01-17,1720.2662257807126
1997-01-20,1729.878454891689
1997-01-21,1749.279761888659
1997-01-22,1752.2292660792177
1997-01-23,1740.9931377806784
1997-01-24,1724.1264603498141
1997-01-27,1713.235204805511
1997-01-28,1713.453687167351
1997-01-29,1725.1346899511545
1997-01-30,1747.5527218728716
1997-01-31,1752.9007532771543
1997-02-03,1758.3821453701335
1997-02-04,1755.6535666673399
1997-02-05,1741.195529494775
1997-02-06,1743.8857426353106
1997-02-07,1761.1672953523453
1997-02-10,1757.206299483906
1997-02-11,1760.6662884908678
1997-02-12,1780.5195739139963
1997-02-13,1798.2175389054112
1997-02-14,1796.1289184685472
1997-02-18,1813.8774176954187
1997-02-19,1815.008273881093
1997-02-20,1800.0807243110994
1997-02-21,1795.5477656700016
1997-02-24,1802.9659785052697
1997-02-25,1799.8232796805073
1997-02-26,1786.32668920044
1997-02-27,1767.8764677293725
1997-02-28,1759.8154288891467
1997-03-03,1762.1989423329794
1997-03-04,1758.9010861031109
1997-03-05,1774.5145466974432
1997-03-06,1775.466727245227
1997-03-07,1783.3397166163256
1997-03-10,1797.2533899529064
1997-03-11,1796.264319271982
1997-03-12,1782.6060904317687
1997-03-13,1759.5845551213872
1997-03-14,1764.5766106122974
1997-03-17,1764.617493171608
1997-03-18,1749.0979075987952
1997-03-19,1742.6519062692132
1997-03-20,1738.9407567333278
1997-03-21,1739.038971390513
1997-03-24,1741.5998120726663
1997-03-25,1748.840697627226
1997-03-26,1750.9652743812053
1997-03-27,1723.0690288925352
1997-03-31,1686.2513161316015
1997-04-01,1689.8811309305465
1997-04-02,1672.7363606247916
1997-04-03,1664.9355748111739
1997-04-04,1688.8331775980096
1997-04-07,1699.6728381813707
1997-04-08,1704.4315896070582
1997-04-09,1706.2926724327187
1997-04-10,1701.4816074494722
1997-04-11,1663.2248099463102
1997-04-14,1671.7975511233788
1997-04-15,1694.2248380903895
1997-04-16,1710.4997579003275
1997-04-17,1706.1550225969613
1997-04-18,1704.3102867941634
1997-04-21,1693.1085187680276
1997-04-22,1715.8251435091875
1997-04-23,1715.8022703454076
1997-04-24,1710.6814359742991
1997-04-25,1696.8049428442025
1997-04-28,1702.9588889443653
1997-04-29,1741.558400883744
1997-04-30,1753.6459407588231
1997-05-01,1752.016058365801
1997-05-02,1781.6579547828267
1997-05-05,1810.2001666332822
1997-05-06,1808.5031755029363
1997-05-07,1786.385560754318
1997-05-08,1790.235043909981
1997-05-09,1801.1997751702174
1997-05-12,1822.4999766573997
1997-05-13,1821.35512012261
1997-05-14,1823.9407299447432
1997-05-15,1831.1566324796486
1997-05-16,1810.757587246158
1997-05-19,1819.9911973003816
1997-05-20,1833.4484000553243
1997-05-21,1832.322235406889
1997-05-22,1827.2196498686374
1997-05-23,1848.4463535136922
1997-05-27,1849.2130488244309
1997-05-28,1851.290636641355
1997-05-29,1852.5876994087735
1997-05-30,1862.9731571334676
1997-06-02,1863.2724643350953
1997-06-03,1871.8402358924034
1997-06-04,1863.966983938894
1997-06-05,1867.7038688037778
1997-06-06,1891.6146178917288
1997-06-09,1904.9126896882783
1997-06-10,1912.0602353013453
1997-06-11,1924.8952379843604
1997-06-12,1955.5383370392647
1997-06-13,1975.171911535706
1997-06-16,1975.427748414096
1997-06-17,1971.3537900085607
1997-06-18,1968.2105399927427
1997-06-19,1987.559060385207
1997-06-20,1985.32406662095
1997-06-23,1951.5249977851709
1997-06-24,1975.906104209798
1997-06-25,1957.6654801287375
1997-06-26,1950.096332076377
1997-06-27,1957.305687966906
1997-06-30,1947.8832702558113
1997-07-01,1961.8767633402224
1997-07-02,1984.3653121442908
1997-07-03,2006.655711395981
1997-07-07,2006.5565658962769
1997-07-08,2024.0703743684528
1997-07-09,2016.301267181984
1997-07-10,2031.0012546160815
1997-07-11,2039.606411350582
1997-07-14,2048.974654947732
1997-07-15,2073.530807889581
1997-07-16,2105.60434138338
1997-07-17,2097.140982271214
1997-07-18,2074.398445372888
1997-07-21,2071.060130999399
1997-07-22,2107.0438901427674
1997-07-23,2118.08416198486
1997-07-24,2126.2234090424176
1997-07-25,2118.576401409469
1997-07-28,2112.578329427331
1997-07-29,2126.312458937235
1997-07-30,2148.507101745465
1997-07-31,2162.3688420089406
1997-08-01,2151.0560472796665
1997-08-04,2152.975644089111
1997-08-05,2160.088022804478
1997-08-06,2176.228606528091
1997-08-07,2162.230382133099
1997-08-08,2126.8925143796064
1997-08-11,2124.7354748671455
1997-08-12,2096.8939211646757
1997-08-13,2092.087539505222
1997-08-14,2097.4784688621176
1997-08-15,2053.7140496673987
1997-08-18,2064.0297012818514
1997-08-19,2100.9522580133585
1997-08-20,2127.668931673297
1997-08-21,2103.6724224147706
1997-08-22,2095.631654391704
1997-08-25,2088.512946646929
1997-08-26,2073.1670454011787
1997-08-27,2074.381040153074
1997-08-28,2057.551434577628
1997-08-29,2055.6974908636885
1997-09-02,2106.6955787728884
1997-09-03,2112.044385758358
1997-09-04,2112.9052324993986
1997-09-05,2114.297455792876
1997-09-08,2113.6622676037678
1997-09-09,2111.1557988708296
1997-09-10,2085.5235477645406
1997-09-11,2061.1889810794255
1997-09-12,2086.773386151613
1997-09-15,2077.403187852387
1997-09-16,2128.2395530883823
1997-09-17,2133.2868945357777
1997-09-18,2141.3968945870865
1997-09-19,2150.142958023715
1997-09-22,2161.6076976008003
1997-09-23,2155.429626453549
1997-09-24,2144.436244698552
1997-09-25,2130.0646870721944
1997-09-26,2142.7956501490494
1997-09-29,2155.5773736647143
1997-09-30,2149.956773839359
1997-10-01,2158.618856100061
1997-10-02,2173.816883041232
1997-10-03,2183.8600277948353
1997-10-06,2200.4574903334105
1997-10-07,2215.286778002794
1997-10-08,2200.8980434697073
1997-10-09,2197.5342638765624
1997-10-10,2195.504555986701
1997-10-13,2195.2179399437
1997-10-14,2200.5413731465014
1997-10-15,2197.2623118068996
1997-10-16,2177.1174200098744
1997-10-17,2147.191859385668
1997-10-20,2167.3279986456682
1997-10-21,2201.1010273202487
1997-10-22,2193.7727586925066
1997-10-23,2151.0821312125086
1997-10-24,2128.9852104842607
1997-10-27,1988.851943955893
1997-10-28,2072.437431145372
1997-10-29,2065.422749325804
1997-10-30,2034.249239759987
1997-10-31,2055.362847011189
1997-11-03,2107.781627649358
1997-11-04,2118.5236856533998
1997-11-05,2125.9215884427235
1997-11-06,2110.7159038649315
1997-11-07,2081.6927638084544
1997-11-10,2068.991749760179
1997-11-11,2065.507832016304
1997-11-12,2018.439113179183
1997-11-13,2035.233713855305
1997-11-14,2060.493794947971
1997-11-17,2102.2188362930933
1997-11-18,2080.2159636009974
1997-11-19,2088.428560994142
1997-11-20,2118.377417061969
1997-11-21,2122.7719531208822
1997-11-24,2086.727471691696
1997-11-25,2096.3534514747707
1997-11-26,2102.249768492452
1997-11-28,2109.121267297907
1997-12-01,2143.5595417980553
1997-12-02,2138.242321693811
1997-12-03,2152.8191005471062
1997-12-04,2152.3503608983156
1997-12-05,2170.0652657470264
1997-12-08,2169.926390486251
1997-12-09,2158.1862738216482
1997-12-10,2146.657027410224
1997-12-11,2119.3380807523986
1997-12-12,2119.3314815293215
1997-12-15,2131.9755196907777
1997-12-16,2145.464359545666
1997-12-17,2142.5776787218424
1997-12-18,2119.374640524641
1997-12-19,2109.2489187571
1997-12-22,2117.853123988609
1997-12-23,2094.7876887504854
1997-12-24,2086.92666399826
1997-12-26,2088.558445651777
1997-12-29,2118.1597568129796
1997-12-30,2160.810838867681
1997-12-31,2169.8216667936285
1998-01-02,2166.304714738141
1998-01-05,2183.0784940245458
1998-01-06,2166.6845657072345
1998-01-07,2159.716116359114
1998-01-08,2146.09250858279
1998-01-09,2083.3121196061047
1998-01-12,2100.324346623395
1998-01-13,2119.1914635771122
1998-01-14,2123.3804847562283
1998-01-15,2107.063897971724
1998-01-16,2134.0334283789834
1998-01-20,2160.7956484792285
1998-01-21,2140.5849581113284
1998-01-22,2122.722575630728
1998-01-23,2107.414115181024
1998-01-26,2103.0666071543474
1998-01-27,2119.8316949832656
1998-01-28,2138.364483297829
1998-01-29,2151.6141356447843
1998-01-30,2147.3305523819977
1998-02-02,2185.2240593952843
1998-02-03,2194.0529063771373
1998-02-04,2193.5906838440683
1998-02-05,2187.405639127499
1998-02-06,2208.0464668156023
1998-02-09,2206.387417791025
1998-02-10,2221.318098328699
1998-02-11,2234.912755098415
1998-02-12,2247.9334653754895
1998-02-13,2244.5651545410833
1998-02-17,2250.723057284506
1998-02-18,2271.537920408507
1998-02-19,2265.190272221459
1998-02-20,2272.4875665170307
1998-02-23,2283.254109079992
1998-02-24,2265.188215352332
1998-02-25,2288.0621542078693
1998-02-26,2294.33036079425
1998-02-27,2293.599811695709
1998-03-02,2292.838678810108
1998-03-03,2304.540863942078
1998-03-04,2299.662331081929
1998-03-05,2284.2613468849263
1998-03-06,2327.328055891663
1998-03-09,2322.7627305281508
1998-03-10,2343.896089660209
1998-03-11,2357.1306474529165
1998-03-12,2354.9817167970473
1998-03-13,2354.9518543159625
1998-03-16,2374.6997911533394
1998-03-17,2386.6688444375554
1998-03-18,2392.6766633789184
1998-03-19,2399.3005744341967
1998-03-20,2405.0034064334345
1998-03-23,2392.9009727306434
1998-03-24,2417.2362547686616
1998-03-25,2414.552633078511
1998-03-26,2414.1275665627204
1998-03-27,2406.2181442708256
1998-03-30,2403.602352884499
1998-03-31,2420.9498553351077
1998-04-01,2433.189170248631
1998-04-02,2443.904778855681
1998-04-03,2449.3436214530825
1998-04-06,2449.237051226552
1998-04-07,2432.1536284236226
1998-04-08,2418.6862784538716
1998-04-09,2441.008297499471
1998-04-13,2441.6777151038073
1998-04-14,2463.704973209717
1998-04-15,2482.4569623607854
1998-04-16,2465.176622565707
1998-04-17,2486.998246694598
1998-04-20,2492.3236035507666
1998-04-21,2494.698009930803
1998-04-22,2506.757894369929
1998-04-23,2474.409123017043
1998-04-24,2445.906223298924
1998-04-27,2388.7409447574883
1998-04-28,2392.9336907400707
1998-04-29,2415.7070136420175
1998-04-30,2452.2546912314747
1998-05-01,2462.0865291391224
1998-05-04,2471.763899126967
1998-05-05,2454.085771484109
1998-05-06,2443.3029463715566
1998-05-07,2424.6494576509085
1998-05-08,2454.8898243280005
1998-05-11,2451.326929880824
1998-05-12,2463.535451014625
1998-05-13,2479.224437533783
1998-05-14,2479.0400836921735
1998-05-15,2465.047546002873
1998-05-18,2452.973869447628
1998-05-19,2465.9236878715187
1998-05-20,2477.3709662495185
1998-05-21,2478.797352535069
1998-05-22,2466.7496880265367
1998-05-26,2438.4823499084896
1998-05-27,2424.0391209237782
1998-05-28,2441.378591149721
1998-05-29,2431.8683807949556
1998-06-01,2423.953545452432
1998-06-02,2436.5181012963876
1998-06-03,2426.7959376940366
1998-06-04,2448.5966849865117
1998-06-05,2481.5781030977655
1998-06-08,2489.071420865445
1998-06-09,2500.2053954328967
1998-06-10,2491.244975309312
1998-06-11,2459.003292423586
1998-06-12,2455.4851503585855
1998-06-15,2412.1291641022162
1998-06-16,2437.4183719381144
1998-06-17,2477.667654339837
1998-06-18,2470.2164216423107
1998-06-19,2460.482176755811
1998-06-22,2471.5432269871676
1998-06-23,2514.082671372678
1998-06-24,2545.1857932740086
1998-06-25,2539.102389117605
1998-06-26,2544.1320142943014
1998-06-29,2561.048101186197
1998-06-30,2558.724799492354
1998-07-01,2575.671018347689
1998-07-02,2571.1903431058104
1998-07-06,2591.7660505775334
1998-07-07,2590.11365168755
1998-07-08,2610.4660164955826
1998-07-09,2601.836578796275
1998-07-10,2613.1816514441584
1998-07-13,2628.1966314045676
1998-07-14,2645.402042855973
1998-07-15,2643.1527083309193
1998-07-16,2658.953791339862
1998-07-17,2662.965885756878
1998-07-20,2661.8291856733263
1998-07-21,2624.080838707987
1998-07-22,2604.187012972463
1998-07-23,2552.993031700731
1998-07-24,2552.878607702135
1998-07-27,2550.543367784548
1998-07-28,2504.5589567869706
1998-07-29,2492.9732038171983
1998-07-30,2530.6935510851717
1998-07-31,2483.7262970561073
1998-08-03,2465.3096700634596
1998-08-04,2376.1044088633066
1998-08-05,2376.528765455618
1998-08-06,2403.3005852607025
1998-08-07,2417.494055977987
1998-08-10,2409.7389020812057
1998-08-11,2361.458019054504
1998-08-12,2404.5849005712835
1998-08-13,2382.5318670035385
1998-08-14,2363.0149545727722
1998-08-17,2395.2377368619004
1998-08-18,2429.6379323641877
1998-08-19,2418.7211709474136
1998-08-20,2403.975698812923
1998-08-21,2368.9032017267605
1998-08-24,2378.655298196129
1998-08-25,2391.566264217536
1998-08-26,2359.366144422859
1998-08-27,2267.7803562669123
1998-08-28,2233.908352092937
1998-08-31,2087.476578818008
1998-09-01,2150.260024550948
1998-09-02,2157.79302914209
1998-09-03,2117.4877995558845
1998-09-04,2093.7354208159027
1998-09-08,2196.0800710342287
1998-09-09,2150.4707587096186
1998-09-10,2091.1298741603
1998-09-11,2129.7928009519683
1998-09-14,2174.879483060054
1998-09-15,2188.480704810701
1998-09-16,2212.3103846004356
1998-09-17,2163.0029759233457
1998-09-18,2175.4725999721327
1998-09-21,2172.176096779688
1998-09-22,2189.2388176899644
1998-09-23,2261.4774604740433
1998-09-24,2205.863864773696
1998-09-25,2206.891760435632
1998-09-28,2213.560159539798
1998-09-29,2192.3908764282555
1998-09-30,2141.3832152818454
1998-10-01,2076.4976627309147
1998-10-02,2109.268439350789
1998-10-05,2074.397740896985
1998-10-06,2070.855846934225
1998-10-07,2045.2895691603183
1998-10-08,2001.7841146527423
1998-10-09,2042.923529159398
1998-10-12,2073.221516791082
1998-10-13,2067.35502796274
1998-10-14,2094.731318795819
1998-10-15,2177.4667308639055
1998-10-16,2199.987371442006
1998-10-19,2215.9558432407666
1998-10-20,2225.7487908943713
1998-10-21,2241.1998046765298
1998-10-22,2268.6029174545615
1998-10-23,2254.831515309622
1998-10-26,2258.884401087173
1998-10-27,2245.2866569135435
1998-10-28,2243.962233402747
1998-10-29,2277.1612053506915
1998-10-30,2304.9129762520583
1998-11-02,2344.8497991145236
1998-11-03,2345.903367949067
1998-11-04,2358.664436386862
1998-11-05,2384.411668560233
1998-11-06,2395.7122230194623
1998-11-09,2379.8476187016095
1998-11-10,2393.3525547687263
1998-11-11,2376.140796344633
1998-11-12,2370.9660929515835
1998-11-13,2386.349639159611
1998-11-16,2405.2847941340997
1998-11-17,2401.4837973571616
1998-11-18,2413.1799342859654
1998-11-19,2436.684190252592
1998-11-20,2447.171680758562
1998-11-23,2491.6650159036953
1998-11-24,2482.2483975658283
1998-11-25,2484.3026627199824
1998-11-27,2490.7340068667286
1998-11-30,2442.0188399902295
1998-12-01,2473.0306476867477
1998-12-02,2467.8705478155034
1998-12-03,2434.008733961961
1998-12-04,2480.858453940524
1998-12-07,2503.06610168438
1998-12-08,2488.845737041982
1998-12-09,2493.009050551217
1998-12-10,2459.438563687656
1998-12-11,2449.928082407454
1998-12-14,2396.3762785682807
1998-12-15,2451.302254972839
1998-12-16,2441.3559736725924
1998-12-17,2470.8821049173675
1998-12-18,2488.302288882469
1998-12-21,2521.5665656368965
1998-12-22,2533.0727845738274
1998-12-23,2592.2596083069147
1998-12-24,2595.000578511061
1998-12-28,2602.2090263831237
1998-12-29,2636.0758466007546
1998-12-30,2618.658075527497
1998-12-31,2636.7094632086614
1999-01-04,2628.4017210223838
1999-01-05,2654.7075998232426
1999-01-06,2700.5841525250657
1999-01-07,2692.3166867772015
1999-01-08,2708.534328383585
1999-01-11,2696.3563528367404
1999-01-12,2646.8764460402476
1999-01-13,2635.4406407476076
1999-01-14,2594.4114452154354
1999-01-15,2658.976421114608
1999-01-19,2696.1811384093376
1999-01-20,2702.9779970406057
1999-01-21,2651.7671080092596
1999-01-22,2633.193177561752
1999-01-25,2647.433801441462
1999-01-26,2690.3542619951504
1999-01-27,2683.677169897273
1999-01-28,2729.830085792668
1999-01-29,2755.372630301167
1999-02-01,2751.438559216323
1999-02-02,2724.4762374466986
1999-02-03,2767.2120703616833
1999-02-04,2705.7427994065297
1999-02-05,2663.5602401767323
1999-02-08,2679.8721933679794
1999-02-09,2616.078247240346
1999-02-10,2625.431283589249
1999-02-11,2707.341616219189
1999-02-12,2640.7625759548764
1999-02-16,2651.807406720991
1999-02-17,2600.707344716539
1999-02-18,2638.588780364568
1999-02-19,2656.9206887203554
1999-02-22,2731.278010346182
1999-02-23,2731.5401152011073
1999-02-24,2697.4542554696377
1999-02-25,2674.7485511668156
1999-02-26,2663.744028617065
1999-03-01,2662.3067732292875
1999-03-02,2642.350655721956
1999-03-03,2648.332524271699
1999-03-04,2692.330886042267
1999-03-05,2756.3509824774223
1999-03-08,2777.6803563231706
1999-03-09,2780.6272118676275
1999-03-10,2784.5559758495133
1999-03-11,2809.268799127825
1999-03-12,2801.4504365838206
1999-03-15,2844.115230795359
1999-03-16,2848.643070835613
1999-03-17,2832.3544349666
1999-03-18,2855.7975061349734
1999-03-19,2820.5905905782274
1999-03-22,2800.2120954942593
1999-03-23,2723.990222118916
1999-03-24,2748.181736790418
1999-03-25,2808.8860249951767
1999-03-26,2794.259644065664
1999-03-29,2862.7602067032876
1999-03-30,2848.143030187147
1999-03-31,2838.2786985319217
1999-04-01,2851.994507172215
1999-04-05,2923.40962451691
1999-04-06,2932.114374546745
1999-04-07,2926.1326062101366
1999-04-08,2957.7737135153557
1999-04-09,2968.9800965144
1999-04-12,3003.0483193077066
1999-04-13,2997.8236284055847
1999-04-14,2927.6886438054757
1999-04-15,2911.069605560714
1999-04-16,2891.936608812548
1999-04-19,2808.4603076089948
1999-04-20,2868.906499962045
1999-04-21,2955.109317726214
1999-04-22,2992.9978579534177
1999-04-23,2995.593101382892
1999-04-26,3017.641248715821
1999-04-27,3000.423933292427
1999-04-28,2960.7944949780613
1999-04-29,2945.8836412167766
1999-04-30,2947.619781530534
1999-05-03,2976.8511649119137
1999-05-04,2940.2583482428804
1999-05-05,2970.7088710865114
1999-05-06,2948.2363526420872
1999-05-07,2979.9858315998194
1999-05-10,2984.9033105315657
1999-05-11,3018.924762010456
1999-05-12,3055.431053995619
1999-05-13,3035.255186694388
1999-05-14,2965.8127411460846
1999-05-17,2975.118332408014
1999-05-18,2963.999260798123
1999-05-19,2988.948126507039
1999-05-20,2976.589836862549
1999-05-21,2952.35091994752
1999-05-24,2896.597127853641
1999-05-25,2840.1017609327646
1999-05-26,2875.56090072858
1999-05-27,2848.8480456924917
1999-05-28,2897.4861564342746
1999-06-01,2868.015193781626
1999-06-02,2879.8592578613975
1999-06-03,2870.240666423478
1999-06-04,2932.7144309067694
1999-06-07,2972.5660926892438
1999-06-08,2923.4052732277632
1999-06-09,2945.118916926473
1999-06-10,2893.2408970969695
1999-06-11,2864.6406073357066
1999-06-14,2813.7907144995092
1999-06-15,2826.374875804544
1999-06-16,2901.9183076298
1999-06-17,2930.325466303586
1999-06-18,2952.266516760732
1999-06-21,2967.963709539229
1999-06-22,2930.5251781365628
1999-06-23,2939.2425202377713
1999-06-24,2902.3786976647957
1999-06-25,2904.679700424764
1999-06-28,2942.769679989082
1999-06-29,2984.3720420354966
1999-06-30,3023.914112013475
1999-07-01,3044.926717061029
1999-07-02,3064.0118685215925
1999-07-06,3053.242431956186
1999-07-07,3056.0234500263728
1999-07-08,3068.215475887994
1999-07-09,3090.3329361993383
1999-07-12,3078.032553254476
1999-07-13,3063.7429416056843
1999-07-14,3083.2741948912594
1999-07-15,3110.993784413856
1999-07-16,3119.1564075859665
1999-07-19,3085.566340006832
1999-07-20,3019.752081988918
1999-07-21,3034.9602548977873
1999-07-22,2991.22359132889
1999-07-23,2981.9313244938357
1999-07-26,2938.6902459058633
1999-07-27,2980.171463641461
1999-07-28,2986.815545709434
1999-07-29,2929.2920223031315
1999-07-30,2914.245752983143
1999-08-02,2908.409002945811
1999-08-03,2885.0287334214527
1999-08-04,2852.6538925012055
1999-08-05,2859.6583065166997
1999-08-06,2848.371135259242
1999-08-09,2822.011399053952
1999-08-10,2778.2515368810527
1999-08-11,2831.864466886932
1999-08-12,2824.699338339981
1999-08-13,2886.2792358472084
1999-08-16,2915.669317637515
1999-08-17,2945.5029485636987
1999-08-18,2909.133066643071
1999-08-19,2887.788926841529
1999-08-20,2913.267446311404
1999-08-23,2968.0797655760734
1999-08-24,2961.428819727857
1999-08-25,2996.7903766070035
1999-08-26,2962.390435691787
1999-08-27,2934.9390873280927
1999-08-30,2889.9504920530226
1999-08-31,2891.7445005140808
1999-09-01,2919.9837550438438
1999-09-02,2907.4145131845507
1999-09-03,2986.57826233503
1999-09-07,2976.159927579152
1999-09-08,2959.0752063609334
1999-09-09,2973.4884650646477
1999-09-10,2982.940551942313
1999-09-13,2963.494745613429
1999-09-14,2945.6828911062194
1999-09-15,2915.413392495015
1999-09-16,2902.8574988844816
1999-09-17,2936.411379649112
1999-09-20,2931.612778653785
1999-09-21,2873.9805701901764
1999-09-22,2888.849988469174
1999-09-23,2807.6155046257986
1999-09-24,2786.059847396261
1999-09-27,2812.0877817283363
1999-09-28,2799.9780105612513
1999-09-29,2800.230590051051
1999-09-30,2821.327338842676
1999-10-01,2794.8467815902923
1999-10-04,2835.7240751288195
1999-10-05,2848.135785546924
1999-10-06,2885.120441123661
1999-10-07,2884.8047890697344
1999-10-08,2901.297750975083
1999-10-11,2911.4483054807747
1999-10-12,2864.5224130221627
1999-10-13,2803.4106149061154
1999-10-14,2813.379183234278
1999-10-15,2742.5545347583525
1999-10-18,2722.7456789919806
1999-10-19,2722.288021855379
1999-10-20,2773.0644917740865
1999-10-21,2763.180864306814
1999-10-22,2811.444229387288
1999-10-25,2803.4422796496865
1999-10-26,2781.4069766888465
1999-10-27,2803.6248336849553
1999-10-28,2906.072308827795
1999-10-29,2957.3415546091774
1999-11-01,2947.9697533309773
1999-11-02,2945.1522097459015
1999-11-03,2958.419798542207
1999-11-04,2972.5309055667094
1999-11-05,2999.960767824729
1999-11-08,3008.9252813868375
1999-11-09,2993.7265276923267
1999-11-10,3007.210054350638
1999-11-11,3031.705942532713
1999-11-12,3076.066941774278
1999-11-15,3089.034741617479
1999-11-16,3151.4344144971888
1999-11-17,3127.4466204664136
1999-11-18,3175.874234946572
1999-11-19,3168.3623844736107
1999-11-22,3148.6227217755245
1999-11-23,3108.684080125241
1999-11-24,3135.7747368112173
1999-11-26,3134.439492391458
1999-11-29,3109.2856611854972
1999-11-30,3068.110294163834
1999-12-01,3096.174113049015
1999-12-02,3136.508844113197
1999-12-03,3200.675742411114
1999-12-06,3198.4352282284563
1999-12-07,3185.470196440879
1999-12-08,3186.101968368379
1999-12-09,3196.5441959532563
1999-12-10,3214.185143456027
1999-12-13,3224.295926440487
1999-12-14,3209.8132112992303
1999-12-15,3222.94727341801
1999-12-16,3251.200208718739
1999-12-17,3266.78194945293
1999-12-20,3266.6809276801378
1999-12-21,3318.105302592773
1999-12-22,3314.412192877779
1999-12-23,3365.7429818946857
1999-12-27,3360.668019387802
1999-12-28,3390.7082142323407
1999-12-29,3422.0436028463805
1999-12-30,3412.3737421900405
1999-12-31,3453.466699430062
