date,equity
1950-01-03,1.00003598
1950-01-04,1.0000719612945606
1950-01-05,1.0053266036839348
1950-01-06,1.0077071706156435
1950-01-07,1.0143167306765883
1950-01-09,1.015557916572061
1950-01-10,1.0146313426495899
1950-01-11,1.0212664834977663
1950-01-12,0.9997058175752128
1950-01-13,0.992161607079397
1950-01-14,0.9967127002089593
1950-01-16,0.9948126074692124
1950-01-17,1.0030992966835546
1950-01-18,1.0054758059440747
1950-01-19,1.0081559808508314
1950-01-20,1.0101744471033574
1950-01-21,1.009013485361379
1950-01-23,1.0090656955437902
1950-01-24,1.0084633420066613
1950-01-25,0.9999727655533874
1950-01-26,1.0055132796295945
1950-01-27,1.0099828000436417
1950-01-28,1.0153613352836122
1950-01-30,1.020070964720212
1950-01-31,1.0254932217261612
1950-02-01,1.0236568209815604
1950-02-02,1.0363663878067397
1950-02-03,1.0414058587294286
1950-02-04,1.046282370532204
1950-02-06,1.0455498093773226
1950-02-07,1.0383566631875913
1950-02-08,1.0398659078543182
1950-02-09,1.0440292349506741
1950-02-10,1.039580390386373
1950-02-11,1.0406723793487864
1950-02-14,1.036885187532881
1950-02-15,1.0385362380665317
1950-02-16,1.0356765078495345
1950-02-17,1.0391862878954197
1950-02-18,1.0434013244635716
1950-02-20,1.0446073252153552
1950-02-21,1.0417228389376785
1950-02-23,1.0447769068600554
1950-02-24,1.0504517226117562
1950-02-25,1.051635022689976
1950-02-27,1.0520168150759004
1950-02-28,1.0474961916131618
1950-03-01,1.0500898864015402
1950-03-02,1.0500919251294178
1950-03-03,1.0534065804558608
1950-03-04,1.0565536077727773
1950-03-06,1.0554213479236614
1950-03-07,1.0466816103213388
1950-03-08,1.0445382430994534
1950-03-09,1.0386132846820628
1950-03-10,1.036484352820698
1950-03-11,1.040397601142457
1950-03-13,1.0391636212772013
1950-03-14,1.0441420279380178
1950-03-15,1.0599253143237777
1950-03-16,1.0642651539528931
1950-03-17,1.0646582379185097
1950-03-18,1.066466690605012
1950-03-20,1.067404359655099
1950-03-21,1.0665486581020034
1950-03-22,1.0709109296294952
1950-03-23,1.0719305286865275
1950-03-24,1.0702697703623956
1950-03-25,1.075290813367015
1950-03-27,1.067264647665614
1950-03-28,1.0719987854417437
1950-03-29,1.0692398966728203
1950-03-30,1.0603574884844416
1950-03-31,1.0578495646897126
1950-04-01,1.0586313327976709
1950-04-03,1.0644450463632185
1950-04-04,1.067158089246571
1950-04-05,1.0717136382665684
1950-04-06,1.0821239308245094
1950-04-08,1.0837550346091909
1950-04-10,1.083886350235493
1950-04-11,1.0799083954273565
1950-04-12,1.0884451612462056
1950-04-13,1.0924159507833038
1950-04-14,1.0982909330850963
1950-04-15,1.0971374308282746
1950-04-17,1.0952741140293296
1950-04-18,1.092295171246494
1950-04-19,1.0889357270516453
1950-04-20,1.082849324848311
1950-04-21,1.0925574069091974
1950-04-22,1.0937800136032645
1950-04-24,1.0828298692126272
1950-04-25,1.0842493393427417
1950-04-26,1.082865641565051
1950-04-27,1.0868305791176782
1950-04-28,1.090075487421531
1950-04-29,1.0959445955132627
1950-05-01,1.0993964328614407
1950-05-02,1.09569997217067
1950-05-03,1.1030081055669527
1950-05-04,1.0928802249858098
1950-05-05,1.0949176215236986
1950-05-06,1.0996339877422403
1950-05-08,1.0999624622818964
1950-05-09,1.103376566051426
1950-05-10,1.1029204804383557
1950-05-11,1.1051275232420794
1950-05-12,1.1022084453187266
1950-05-13,1.106368882214859
1950-05-15,1.1060848097155436
1950-05-16,1.112468456809603
1950-05-17,1.1178077298964528
1950-05-18,1.1197515956302564
1950-05-19,1.129465854872347
1950-05-20,1.1330970678721919
1950-05-22,1.1288310423816164
1950-05-23,1.1315839328779054
1950-05-24,1.129753108650283
1950-05-25,1.1297014093582387
1950-05-26,1.1316733628495164
1950-05-27,1.1315125618720787
1950-05-29,1.1384210588408759
1950-05-31,1.1404392386074527
1950-06-01,1.136529495362973
1950-06-02,1.138290578134572
1950-06-05,1.1251881823492758
1950-06-06,1.1325150149808496
1950-06-07,1.1371253413958493
1950-06-08,1.145499228528812
1950-06-09,1.153782153447453
1950-06-12,1.1596745477995667
1950-06-13,1.153744193533925
1950-06-14,1.1412479508210625
1950-06-15,1.1401743592378457
1950-06-16,1.1399537237026405
1950-06-19,1.1336682372344733
1950-06-20,1.1304968342720454
1950-06-21,1.1409777600186473
1950-06-22,1.1540139055592475
1950-06-23,1.1558489949117943
1950-06-26,1.0925656548549967
1950-06-27,1.0695059153363884
1950-06-28,1.0904511968255113
1950-06-29,1.0456243623161106
1950-06-30,1.054721133531716
1950-07-03,1.0474627783801846
1950-07-05,1.056112610491985
1950-07-06,1.0723084388030921
1950-07-07,1.054836342753195
1950-07-10,1.0478345791684005
1950-07-11,1.0287165931375661
1950-07-12,1.000253526961397
1950-07-13,0.9921633150743704
1950-07-14,1.0052081001217847
1950-07-17,0.9944024611440235
1950-07-18,1.0140996781574574
1950-07-19,1.0380233939999561
1950-07-20,1.050870733433373
1950-07-21,1.0542428802327868
1950-07-24,1.0476427671812074
1950-07-25,1.031772188534231
1950-07-26,1.0358100949489772
1950-07-27,1.0458699697227531
1950-07-28,1.0565121129154407
1950-07-31,1.0650629164378294
1950-08-01,1.0727426832198197
1950-08-02,1.073168319538156
1950-08-03,1.0759749758717028
1950-08-04,1.0817323506529815
1950-08-07,1.0960780689328344
1950-08-08,1.100499709808045
1950-08-09,1.1076481829390081
1950-08-10,1.1169915677986841
1950-08-11,1.1101837156684782
1950-08-14,1.1105330449372466
1950-08-15,1.1153754527074735
1950-08-16,1.1189389943279882
1950-08-17,1.131070041456101
1950-08-18,1.1324861200608407
1950-08-21,1.1333646718571224
1950-08-22,1.130369213960798
1950-08-23,1.1380827237037665
1950-08-24,1.138955402507824
1950-08-25,1.1270685859858474
1950-08-28,1.1257688592966995
1950-08-29,1.1285092103931054
1950-08-30,1.1240537808125137
1950-08-31,1.1245225716647764
1950-09-01,1.133785469950504
1950-09-05,1.1377061008948224
1950-09-06,1.1267924098557165
1950-09-07,1.1304811053314365
1950-09-08,1.1396772870510756
1950-09-11,1.1303413338321529
1950-09-12,1.1436073814244938
1950-09-13,1.1570442831332302
1950-09-14,1.1627026539274192
1950-09-15,1.1702674032334004
1950-09-18,1.1718943935829473
1950-09-19,1.1692323958868203
1950-09-20,1.1642343270404722
1950-09-21,1.172214784752591
1950-09-22,1.1808897824730686
1950-09-25,1.1750788937054577
1950-09-26,1.1588062394169631
1950-09-27,1.1729405031104685
1950-09-28,1.176346529966738
1950-09-29,1.176477020947807
1950-10-02,1.1905596605216968
1950-10-03,1.1886579493337392
1950-10-04,1.2025437020258343
1950-10-05,1.196491321483965
1950-10-06,1.2032497291909363
1950-10-07,1.206584260384496
1950-10-09,1.1964262149019307
1950-10-10,1.1873464492703107
1950-10-11,1.1967426251624234
1950-10-13,1.198360845549238
1950-10-14,1.1937984435126365
1950-10-16,1.191877484751858
1950-10-17,1.198897465228848
1950-10-18,1.2091610997805822
1950-10-19,1.209724595993005
1950-10-20,1.205619390893763
1950-10-21,1.2068882796201104
1950-10-23,1.2069830868848712
1950-10-24,1.2087533935242891
1950-10-25,1.2066811177802186
1950-10-26,1.1831321034906856
1950-10-27,1.1890227121662045
1950-10-28,1.192822250173185
1950-10-30,1.183448582998759
1950-10-31,1.1746946636251956
1950-11-01,1.183153067867961
1950-11-02,1.198363165072548
1950-11-03,1.1990435459641418
1950-11-04,1.192550337463441
1950-11-06,1.1603894359553322
1950-11-08,1.182376118055313
1950-11-09,1.2019511803399132
1950-11-10,1.2104808180430493
1950-11-13,1.21596150598943
1950-11-14,1.218035308214816
1950-11-15,1.2166347952592687
1950-11-16,1.2143555802330026
1950-11-17,1.2286660397786222
1950-11-18,1.2340288144826819
1950-11-20,1.2382099759722034
1950-11-21,1.2345816555214257
1950-11-22,1.2492213148326112
1950-11-24,1.2609781166659118
1950-11-25,1.2601860516531664
1950-11-27,1.2568263579568366
1950-11-28,1.2198690212394927
1950-11-29,1.2102216489798368
1950-11-30,1.2184265371191558
1950-12-01,1.2269543760755492
1950-12-02,1.2184389441571402
1950-12-04,1.1806518306800307
1950-12-05,1.2044217851203438
1950-12-06,1.2154201400694065
1950-12-07,1.2153368149225867
1950-12-08,1.2179379589366173
1950-12-09,1.220696619325447
1950-12-11,1.2367394863691221
1950-12-12,1.2372862419824193
1950-12-13,1.235736313658762
1950-12-14,1.2245445392636085
1950-12-15,1.2249043386407945
1950-12-16,1.246534625998103
1950-12-18,1.2594588067459807
1950-12-19,1.266221692828701
1950-12-20,1.2686505485095045
1950-12-21,1.2660694945511273
1950-12-22,1.2730004684050988
1950-12-26,1.2617451866339078
1950-12-27,1.2892036041180917
1950-12-28,1.296918641891276
1950-12-29,1.2950789140664156
1950-12-30,1.2950371272431402
1951-01-02,1.317440353094995
1951-01-03,1.314216423552661
1951-01-04,1.322916311061386
1951-01-05,1.3236414844430837
1951-01-06,1.321759571805584
1951-01-08,1.3329495902634223
1951-01-09,1.343448545247545
1951-01-10,1.3189912275263507
1951-01-11,1.3428845531052112
1951-01-12,1.3383439299833118
1951-01-13,1.3408825259780008
1951-01-15,1.3507894415378232
1951-01-16,1.3622368053251592
1951-01-17,1.3691077003765273
1951-01-18,1.3664647313879519
1951-01-19,1.362461204122473
1951-01-20,1.363897486969457
1951-01-22,1.3476041762880775
1951-01-23,1.3500670289564023
1951-01-24,1.346644674310506
1951-01-25,1.3368482595018663
1951-01-26,1.3544651619936776
1951-01-27,1.367865917305729
1951-01-29,1.377030884031048
1951-01-30,1.3795311040095803
1951-01-31,1.3795539817271576
1951-02-01,1.3879679700170593
1951-02-02,1.400782355683376
1951-02-03,1.4054363403028627
1951-02-05,1.4099779295700245
1951-02-06,1.4030707354473386
1951-02-07,1.4002047896319532
1951-02-08,1.4099259586201447
1951-02-09,1.4184449387952576
1951-02-10,1.4229077474780423
1951-02-13,1.4237962214641768
1951-02-14,1.417242225534061
1951-02-15,1.4126679080542168
1951-02-16,1.4179187858559716
1951-02-17,1.4182794856824608
1951-02-19,1.399326269063668
1951-02-20,1.3953020749312712
1951-02-21,1.4019394940695302
1951-02-23,1.4056414983665337
1951-02-24,1.409170435315037
1951-02-26,1.4050404005642732
1951-02-27,1.3892383459840454
1951-02-28,1.3900714216928969
1951-03-01,1.3958905175928413
1951-03-02,1.4004759804310374
1951-03-03,1.401226986236892
1951-03-05,1.3922854035303962
1951-03-06,1.3877131346415759
1951-03-07,1.3913575364397102
1951-03-08,1.3950818416111168
1951-03-09,1.39534004028314
1951-03-10,1.3927672226651875
1951-03-12,1.3781147793337132
1951-03-13,1.350805316455976
1951-03-14,1.3388433629863297
1951-03-15,1.340467518947903
1951-03-16,1.3674744166031907
1951-03-17,1.3702709653896132
1951-03-19,1.361412660402943
1951-03-20,1.35823033753652
1951-03-21,1.3672938401719847
1951-03-22,1.3691096755340086
1951-03-24,1.3513683562709322
1951-03-26,1.3504321285397716
1951-03-27,1.3493101236470422
1951-03-28,1.3315131589268208
1951-03-29,1.331808688788453
1951-03-30,1.3403835153600863
1951-03-31,1.3386815385765132
1951-04-02,1.3248715415857333
1951-04-03,1.3234593448115655
1951-04-04,1.3290595584634082
1951-04-05,1.352379879784735
1951-04-06,1.3623445339476734
1951-04-07,1.3621319465699275
1951-04-09,1.362873016166839
1951-04-10,1.3608107528397753
1951-04-11,1.3552965784913853
1951-04-12,1.3704860575246214
1951-04-13,1.3899247992147876
1951-04-14,1.3966739133104082
1951-04-16,1.3915515552035724
1951-04-17,1.3944635159777394
1951-04-18,1.4000343919295373
1951-04-19,1.3918288293935133
1951-04-20,1.389979968628421
1951-04-21,1.3909077922039204
1951-04-23,1.3900346225229185
1951-04-24,1.382255322426099
1951-04-25,1.3842248642987702
1951-04-26,1.3951004511865914
1951-04-27,1.4081111088385494
1951-04-28,1.4110925043194562
1951-04-30,1.4097328696743776
1951-05-01,1.4138845492868823
1951-05-02,1.4189635490521912
1951-05-03,1.4312615629455274
1951-05-04,1.436840804461223
1951-05-05,1.434105113134363
1951-05-07,1.429614924768746
1951-05-08,1.4321055201390591
1951-05-09,1.4358240298068832
1951-05-10,1.4242993377109283
1951-05-11,1.4174581317838835
1951-05-12,1.408616417425282
1951-05-14,1.406472452739407
1951-05-15,1.3860280573190815
1951-05-16,1.3815623629466915
1951-05-17,1.396875304598994
1951-05-18,1.3750304137760319
1951-05-19,1.3747668224194036
1951-05-21,1.366230666815939
1951-05-22,1.3592811964763682
1951-05-23,1.3506169396488916
1951-05-24,1.344026850842952
1951-05-25,1.3500331508560972
1951-05-26,1.352095973045262
1951-05-28,1.357272459398046
1951-05-29,1.3698326795446278
1951-05-31,1.3777592023652252
1951-06-01,1.3752752224346063
1951-06-04,1.3585720522997697
1951-06-05,1.3606957916182325
1951-06-06,1.374982855869371
1951-06-07,1.3793220232357923
1951-06-08,1.3761743361491576
1951-06-11,1.3838302066041406
1951-06-12,1.3774993606666373
1951-06-13,1.3760336181420398
1951-06-14,1.3886765478768779
1951-06-15,1.3956116299520636
1951-06-18,1.394249442368252
1951-06-19,1.3926550577149768
1951-06-20,1.3910124727439803
1951-06-21,1.3813015874485024
1951-06-22,1.37345596490418
1951-06-25,1.349642387660327
1951-06-26,1.3592037377998762
1951-06-27,1.3662775967905523
1951-06-28,1.3497315675788277
1951-06-29,1.3418398057113265
1951-07-02,1.3489219308003277
1951-07-03,1.3618292254588744
1951-07-05,1.3873679791261644
1951-07-06,1.3868412797529328
1951-07-09,1.3868642507362023
1951-07-10,1.3792586735809567
1951-07-11,1.3845453921581512
1951-07-12,1.3914246840297333
1951-07-13,1.4013054114224364
1951-07-16,1.390562146827821
1951-07-17,1.3929611182377297
1951-07-18,1.3954478281749596
1951-07-19,1.3979354377826667
1951-07-20,1.3999246204018325
1951-07-23,1.4091902434391073
1951-07-24,1.4183077939723472
1951-07-25,1.418170989266583
1951-07-26,1.426562766021322
1951-07-27,1.4316537071342905
1951-07-30,1.44490870875664
1951-07-31,1.4412346293157765
1951-08-01,1.4529784517435291
1951-08-02,1.4617015115544167
1951-08-03,1.463810161727401
1951-08-06,1.4731782263054207
1951-08-07,1.4698613549095048
1951-08-08,1.4668889682590966
1951-08-09,1.464993625526777
1951-08-10,1.4645312119446325
1951-08-13,1.4648396019484649
1951-08-14,1.4634233948658366
1951-08-15,1.4706489429237857
1951-08-16,1.4805029574259887
1951-08-17,1.4857563755183545
1951-08-20,1.4819066838843602
1951-08-21,1.477561147272368
1951-08-22,1.4690832226526664
1951-08-23,1.476063868452521
1951-08-24,1.4777796389913542
1951-08-27,1.4762593805019932
1951-08-28,1.4767068532753578
1951-08-29,1.4866873384657653
1951-08-30,1.4967258998792319
1951-08-31,1.50123125059454
1951-09-04,1.5017734518513302
1951-09-05,1.509073373894639
1951-09-06,1.5106113235437035
1951-09-07,1.5152870849888094
1951-09-10,1.5214246382752545
1951-09-11,1.5173462824548785
1951-09-12,1.5272570745454352
1951-09-13,1.5289687846216093
1951-09-14,1.5285606351448688
1951-09-17,1.5225813376271662
1951-09-18,1.5260809610553563
1951-09-19,1.5329128670935905
1951-09-20,1.534360403084589
1951-09-21,1.5268414800845107
1951-09-24,1.5199867150069009
1951-09-25,1.52376561524333
1951-09-26,1.5281426598620003
1951-09-27,1.5225636162300438
1951-09-28,1.5309659911434261
1951-10-01,1.5362335799534488
1951-10-02,1.545299941623098
1951-10-03,1.552535038585418
1951-10-04,1.5554846697392415
1951-10-05,1.5558705934242916
1951-10-06,1.5546422005781457
1951-10-08,1.55482602843417
1951-10-09,1.5481136396386381
1951-10-10,1.5449356229139788
1951-10-11,1.548006253776586
1951-10-13,1.5523327624411043
1951-10-15,1.5582445994614802
1951-10-16,1.5467606848118418
1951-10-17,1.5433803714215124
1951-10-18,1.541940298834671
1951-10-19,1.5110658548337685
1951-10-20,1.4923259940783757
1951-10-22,1.4575232104320501
1951-10-23,1.4705282213575854
1951-10-24,1.481578435182282
1951-10-25,1.470814247705442
1951-10-26,1.454352815712939
1951-10-27,1.4296670135888738
1951-10-29,1.4401537290682336
1951-10-30,1.444265480906915
1951-10-31,1.4597816178031706
1951-11-01,1.4696531928185832
1951-11-02,1.4604161628817893
1951-11-03,1.4446288041517588
1951-11-05,1.4522772708296807
1951-11-07,1.4422755949515327
1951-11-08,1.444485497773061
1951-11-09,1.4621041123349376
1951-11-10,1.4666152528334593
1951-11-13,1.466184482852304
1951-11-14,1.4736194017906241
1951-11-15,1.4743083441702418
1951-11-16,1.4720002123007287
1951-11-17,1.4729899072150994
1951-11-19,1.4677123494046653
1951-11-20,1.4637704215015772
1951-11-21,1.4668457546653575
1951-11-23,1.4509388822185143
1951-11-24,1.4449277216755179
1951-11-26,1.4527393922718623
1951-11-27,1.463677028665272
1951-11-28,1.4638622482240666
1951-11-29,1.4640677284350296
1951-11-30,1.477689618769334
1951-12-01,1.4825594325557063
1951-12-03,1.4824249812596477
1951-12-04,1.4870734508617143
1951-12-05,1.4891559475906966
1951-12-06,1.497815729619777
1951-12-07,1.5004931810681066
1951-12-08,1.502652209581928
1951-12-10,1.5048130701475233
1951-12-11,1.498062192687815
1951-12-12,1.499385007106977
1951-12-13,1.501283938290648
1951-12-14,1.5052370197559248
1951-12-15,1.5041765137824672
1951-12-17,1.507443403727522
1951-12-18,1.5101895144221347
1951-12-19,1.514620842463093
1951-12-20,1.5155430029420172
1951-12-21,1.511876737956933
1951-12-22,1.5122392916129443
1951-12-24,1.5126180422377296
1951-12-26,1.5049929887665299
1951-12-27,1.5150368012414168
1951-12-28,1.5246104119581931
1951-12-29,1.5278851876105104
1951-12-31,1.5327677682935659
1952-01-02,1.5372145704873565
1952-01-03,1.5389082694225538
1952-01-04,1.541161336637899
1952-01-05,1.5426723849573627
1952-01-07,1.5416976892413283
1952-01-08,1.5331832804602086
1952-01-09,1.5288630048064633
1952-01-10,1.5381473641848151
1952-01-11,1.538835560732498
1952-01-12,1.5449989829130397
1952-01-14,1.5448218830342977
1952-01-15,1.541169092836171
1952-01-16,1.545390511456326
1952-01-17,1.5494226746429722
1952-01-18,1.549379106482342
1952-01-19,1.5549116314796954
1952-01-21,1.5622699922065924
1952-01-22,1.5669124642944106
1952-01-23,1.561521217577143
1952-01-24,1.5621008633960245
1952-01-25,1.567705778977526
1952-01-26,1.5684556416881534
1952-01-28,1.567304415430049
1952-01-29,1.568557222785058
1952-01-30,1.5573404470088232
1952-01-31,1.5457982635416665
1952-02-01,1.553118556460988
1952-02-02,1.5572219010836632
1952-02-04,1.542477023654718
1952-02-05,1.5364535016297713
1952-02-06,1.5398961746548328
1952-02-07,1.5396141933082585
1952-02-08,1.5456406126184792
1952-02-09,1.5468485633846187
1952-02-11,1.5434212796373046
1952-02-13,1.5352962802208519
1952-02-14,1.530163238715465
1952-02-15,1.5311889039554039
1952-02-16,1.5312997779286803
1952-02-18,1.5250427869718948
1952-02-19,1.50566018723571
1952-02-20,1.4918126167511616
1952-02-21,1.4993077259381753
1952-02-23,1.5068798942584443
1952-02-25,1.5046625718210294
1952-02-26,1.4954114416025976
1952-02-27,1.4987821944593755
1952-02-28,1.5095729645023028
1952-02-29,1.50964572449827
1952-03-01,1.5111034000787553
1952-03-03,1.5146368905799146
1952-03-04,1.526972785803579
1952-03-05,1.5329286135092386
1952-03-06,1.5321050467672501
1952-03-07,1.5334697241804391
1952-03-08,1.536085877272373
1952-03-10,1.532599032886049
1952-03-11,1.5337894329422477
1952-03-12,1.53090720339544
1952-03-13,1.5318603622730103
1952-03-14,1.534054024318191
1952-03-15,1.5373626368052065
1952-03-17,1.537672682502997
1952-03-18,1.5327111782765324
1952-03-19,1.5296355133633215
1952-03-20,1.5326452226504461
1952-03-21,1.5353952069940475
1952-03-22,1.5351363595210308
1952-03-24,1.5331509712500946
1952-03-25,1.5281454255869025
1952-03-26,1.525375815827669
1952-03-27,1.530879196131624
1952-03-28,1.5358611549618275
1952-03-29,1.5395159459777388
1952-03-31,1.542002735641162
1952-04-01,1.5293414282308022
1952-04-02,1.5335789399574375
1952-04-03,1.5358815501752165
1952-04-04,1.5324409634924512
1952-04-05,1.5312879308952578
1952-04-07,1.5146064161777815
1952-04-08,1.5193014913045446
1952-04-09,1.518377578353914
1952-04-10,1.5206072053608606
1952-04-12,1.5223983870764308
1952-04-14,1.5094762507382424
1952-04-15,1.4932484777765629
1952-04-16,1.4938210447038816
1952-04-17,1.4823312614392714
1952-04-18,1.4856504005641982
1952-04-19,1.4869050429811346
1952-04-21,1.4954499761395037
1952-04-22,1.4873255519987911
1952-04-23,1.4790102222460921
1952-04-24,1.4732832319698455
1952-04-25,1.4838145592202165
1952-04-26,1.4889386437770757
1952-04-28,1.4901705173176627
1952-04-29,1.4837753882580234
1952-04-30,1.4755406700314349
1952-05-01,1.4593744933827077
1952-05-02,1.4822457208107949
1952-05-03,1.4881100624221826
1952-05-05,1.4880951680901497
1952-05-06,1.4895667861077329
1952-05-07,1.4944727412815115
1952-05-08,1.4988575613632118
1952-05-09,1.5008985177457776
1952-05-10,1.50031593972837
1952-05-12,1.4984986837006873
1952-05-13,1.4999395372068012
1952-05-14,1.4968867071906535
1952-05-15,1.490882612280299
1952-05-16,1.4904439884618408
1952-05-17,1.4930297432734192
1952-05-19,1.4912373641644345
1952-05-20,1.4987375726095131
1952-05-21,1.5010873913818117
1952-05-22,1.5048203816753907
1952-05-23,1.5066057604197742
1952-05-24,1.5073132973084702
1952-05-26,1.5125130227644388
1952-05-27,1.5120231042211212
1952-05-28,1.504660381107127
1952-05-29,1.5040562354856264
1952-06-02,1.5039105324546835
1952-06-03,1.5010403032183819
1952-06-04,1.5101076855376847
1952-06-05,1.5155252083820998
1952-06-06,1.5225886584455435
1952-06-09,1.526559104986171
1952-06-10,1.5205738645085145
1952-06-11,1.5276325984880532
1952-06-12,1.5297064101531315
1952-06-13,1.5296410892621202
1952-06-16,1.5290306157025857
1952-06-17,1.5298968861841746
1952-06-18,1.5340617005312132
1952-06-19,1.5382032185017094
1952-06-20,1.5413739032076448
1952-06-23,1.5438383172773678
1952-06-24,1.5407596003812754
1952-06-25,1.5461308941440775
1952-06-26,1.5497047902747358
1952-06-27,1.5562575254524884
1952-06-30,1.5591004013305472
1952-07-01,1.5626787120126624
1952-07-02,1.5624843712180634
1952-07-03,1.5659729898216797
1952-07-07,1.5588208818301548
1952-07-08,1.559101795005691
1952-07-09,1.555446084477553
1952-07-10,1.5543654985288862
1952-07-11,1.5614514531454868
1952-07-14,1.5633138467615826
1952-07-15,1.5669772009559177
1952-07-16,1.5617254569513475
1952-07-17,1.5546276562881185
1952-07-18,1.5490024816667018
1952-07-21,1.551899978795708
1952-07-22,1.5521907384646578
1952-07-23,1.560472858534962
1952-07-24,1.5632544097095467
1952-07-25,1.5586819619094705
1952-07-28,1.560822795559828
1952-07-29,1.566152342137629
1952-07-30,1.5707924344131383
1952-07-31,1.5802675153148635
1952-08-01,1.5814890650854037
1952-08-04,1.5801109209094004
1952-08-05,1.5773583283479709
1952-08-06,1.5872050946645675
1952-08-07,1.58974059222782
1952-08-08,1.5916308066292728
1952-08-11,1.5927226028184147
1952-08-12,1.58478074601254
1952-08-13,1.5853632773800554
1952-08-14,1.5857505566595
1952-08-15,1.5854893384746738
1952-08-18,1.5707810345759174
1952-08-19,1.5717639931365872
1952-08-20,1.5737436374935445
1952-08-21,1.5754495191772484
1952-08-22,1.577476472635009
1952-08-25,1.573223423418685
1952-08-26,1.574039049057064
1952-08-27,1.5869123815774506
1952-08-28,1.5952487602038594
1952-08-29,1.6007032817123859
1952-09-02,1.6055494461938455
1952-09-03,1.609818058056483
1952-09-04,1.6046060346971047
1952-09-05,1.6026780505576863
1952-09-08,1.59578389226045
1952-09-09,1.5754933756610336
1952-09-10,1.5666889869639393
1952-09-11,1.573562045106464
1952-09-12,1.5711337459309773
1952-09-15,1.5643790190970082
1952-09-16,1.570436441759623
1952-09-17,1.5759200683030956
1952-09-18,1.5755237216551548
1952-09-19,1.585001295573697
1952-09-22,1.5885708861485153
1952-09-23,1.594641610879694
1952-09-24,1.6010133650608
1952-09-25,1.6030055807687864
1952-09-26,1.6024935385089816
1952-09-29,1.5995020101786546
1952-09-30,1.5918851235071574
1952-10-01,1.5878516344968152
1952-10-02,1.5890228885281121
1952-10-03,1.5863303397030741
1952-10-06,1.5830955985173847
1952-10-07,1.582543265782767
1952-10-08,1.590386141099273
1952-10-09,1.5889238603527347
1952-10-10,1.5892139892398107
1952-10-14,1.5860500038509173
1952-10-15,1.5554563394878862
1952-10-16,1.5502601207706952
1952-10-17,1.5630903220345527
1952-10-20,1.561663235224223
1952-10-21,1.5601375930265822
1952-10-22,1.544447117961266
1952-10-23,1.5483459899626277
1952-10-24,1.559649334069487
1952-10-27,1.5588081758398815
1952-10-28,1.5617738274170057
1952-10-29,1.5652276634219995
1952-10-30,1.5658233459017599
1952-10-31,1.5818021453012872
1952-11-03,1.5872843811264368
1952-11-05,1.592096880441052
1952-11-06,1.5997946508634657
1952-11-07,1.6105557958282166
1952-11-10,1.612251544637921
1952-11-12,1.613948028832674
1952-11-13,1.6160639241350634
1952-11-14,1.6223466068293655
1952-11-17,1.6271484343314806
1952-11-18,1.6464712794297842
1952-11-19,1.6540210784147875
1952-11-20,1.6517864598784804
1952-11-21,1.6520272361882047
1952-11-24,1.6612849079453975
1952-11-25,1.6631750328383017
1952-11-26,1.6740742785361526
1952-11-28,1.6800063917370225
1952-12-01,1.6886975075852817
1952-12-02,1.6886420817896879
1952-12-03,1.6887688894043265
1952-12-04,1.682305356582611
1952-12-05,1.6826919127858424
1952-12-08,1.688055086376318
1952-12-09,1.690212471398177
1952-12-10,1.6935319619920834
1952-12-11,1.6947698622250496
1952-12-12,1.6979582651243657
1952-12-15,1.7007799928462013
1952-12-16,1.6973905040821107
1952-12-17,1.6986361271538337
1952-12-18,1.6986244976047213
1952-12-19,1.7009262146476827
1952-12-22,1.710831342349954
1952-12-23,1.7056064132401185
1952-12-24,1.7061292417522174
1952-12-26,1.7111612539251768
1952-12-29,1.717296623515062
1952-12-30,1.723936419078205
1952-12-31,1.7326602428512359
1953-01-02,1.736393266814699
1953-01-05,1.746107666386857
1953-01-06,1.739329108078934
1953-01-07,1.741184583685488
1953-01-08,1.7479142121829812
1953-01-09,1.7357304583535695
1953-01-12,1.7241957177295668
1953-01-13,1.7356325681637896
1953-01-14,1.7373129598247885
1953-01-15,1.7375283871386509
1953-01-16,1.7284538103905405
1953-01-19,1.731337683192682
1953-01-20,1.7424478494186082
1953-01-21,1.7396941905790535
1953-01-22,1.7428570145409041
1953-01-23,1.7396053527822937
1953-01-26,1.738159830416365
1953-01-27,1.7431126921513196
1953-01-28,1.7479961814782612
1953-01-29,1.7507360616795227
1953-01-30,1.7584577332236786
1953-02-02,1.7541432273498527
1953-02-03,1.7533697019172922
1953-02-04,1.7522252047298252
1953-02-05,1.737023225431402
1953-02-06,1.7223570290687373
1953-02-09,1.7196305926146922
1953-02-10,1.716978921842368
1953-02-11,1.7146427104136004
1953-02-13,1.718880247058691
1953-02-16,1.7230046396226955
1953-02-17,1.7171219384662333
1953-02-18,1.7195170318670219
1953-02-19,1.728676048687975
1953-02-20,1.7296001206489293
1953-02-24,1.7444328539574046
1953-02-25,1.755470339484365
1953-02-26,1.7605898566213807
1953-02-27,1.7647578551888543
1953-03-02,1.7698782710737575
1953-03-03,1.7770583121792274
1953-03-04,1.759169851773389
1953-03-05,1.7598016080205718
1953-03-06,1.7620954730969887
1953-03-09,1.767386635515586
1953-03-10,1.7720284424082577
1953-03-11,1.783754236967688
1953-03-12,1.7818427988308418
1953-03-13,1.7905428597597697
1953-03-16,1.7974675630140289
1953-03-17,1.8020922910085786
1953-03-18,1.8063171833683953
1953-03-19,1.8132228192563085
1953-03-20,1.8123626641554955
1953-03-23,1.800139434115227
1953-03-24,1.8076458132401274
1953-03-25,1.8071594223170924
1953-03-26,1.8036204745495195
1953-03-27,1.8096652101378035
1953-03-30,1.7757485948666145
1953-03-31,1.753897073021497
1953-04-01,1.7577766055256434
1953-04-02,1.7585670742817296
1953-04-06,1.713994180618521
1953-04-07,1.724365604329767
1953-04-08,1.7470081147800718
1953-04-09,1.7412589761345751
1953-04-10,1.738857637700713
1953-04-13,1.738483039008721
1953-04-14,1.7469522893956513
1953-04-15,1.757755512173858
1953-04-16,1.7518021296443473
1953-04-17,1.7313930762816758
1953-04-20,1.7336168473227025
1953-04-21,1.73550382556464
1953-04-22,1.7265764078568935
1953-04-23,1.7045825480368417
1953-04-24,1.7049472601209401
1953-04-27,1.7136868532961629
1953-04-28,1.7190099669175685
1953-04-29,1.7253664264628763
1953-04-30,1.723329155995379
1953-05-01,1.7308813533928797
1953-05-04,1.74987369587646
1953-05-05,1.7537130273224533
1953-05-06,1.7578262828772424
1953-05-07,1.7493323462227788
1953-05-08,1.7494786525374069
1953-05-11,1.754466862170923
1953-05-12,1.7443871165140792
1953-05-13,1.7409464519329616
1953-05-14,1.7497238302623241
1953-05-15,1.7559680393012116
1953-05-18,1.754304342095108
1953-05-19,1.7544933507513054
1953-05-20,1.7740573926663332
1953-05-21,1.7783358167489602
1953-05-22,1.7776488437655251
1953-05-25,1.7753781544344027
1953-05-26,1.7738476470626894
1953-05-27,1.7596335464067767
1953-05-28,1.7466187963533641
1953-05-29,1.7507513335288292
1953-06-01,1.7205378274534597
1953-06-02,1.7227185117070618
1953-06-03,1.7217377276865484
1953-06-04,1.7051259442262792
1953-06-05,1.708872945500428
1953-06-08,1.705011030645984
1953-06-09,1.6641521137424318
1953-06-10,1.6632613595156482
1953-06-11,1.6779611625207311
1953-06-12,1.680414566336687
1953-06-15,1.6661980885733731
1953-06-16,1.6567911309988999
1953-06-17,1.6776246156964036
1953-06-18,1.681228670972551
1953-06-19,1.682438924488065
1953-06-22,1.689948309447606
1953-06-23,1.6986760539322319
1953-06-24,1.6983033278232966
1953-06-25,1.7087042126197138
1953-06-26,1.7090673954122113
1953-06-29,1.7077182697553397
1953-06-30,1.703163671126015
1953-07-01,1.7133916195934873
1953-07-02,1.7182270776801598
1953-07-03,1.7198004801426165
1953-07-06,1.7238178265191784
1953-07-07,1.7288464280731202
1953-07-08,1.7232171635007927
1953-07-09,1.7181454780826675
1953-07-10,1.7152895689268606
1953-07-13,1.698311813901569
1953-07-14,1.6930600809856289
1953-07-15,1.6985230601429337
1953-07-16,1.7023055456152998
1953-07-17,1.7123037321077397
1953-07-20,1.705592481393778
1953-07-21,1.7011460900546795
1953-07-22,1.7028904045136486
1953-07-23,1.7122275570904377
1953-07-24,1.7115583678174588
1953-07-27,1.7035285695757927
1953-07-28,1.7028933347293551
1953-07-29,1.7109133545948871
1953-07-30,1.7228664361925834
1953-07-31,1.7379954406860278
1953-08-03,1.74241365757936
1953-08-04,1.7465153736446501
1953-08-05,1.752653978747249
1953-08-06,1.753471526786565
1953-08-07,1.7539402495372156
1953-08-10,1.751689819255767
1953-08-11,1.7506547412646314
1953-08-12,1.7580139192773252
1953-08-13,1.7593259552299159
1953-08-14,1.7551211538615061
1953-08-17,1.7521056730753173
1953-08-18,1.7469945468517856
1953-08-19,1.732076084979951
1953-08-20,1.7348477002975342
1953-08-21,1.7371574202664777
1953-08-24,1.718934848773094
1953-08-25,1.7127288585753055
1953-08-26,1.711884961280071
1953-08-27,1.7039056357615727
1953-08-28,1.6974180410421063
1953-08-31,1.6555281037872354
1953-09-01,1.6608220614780524
1953-09-02,1.6733598946068613
1953-09-03,1.6669515298403466
1953-09-04,1.6791153794314342
1953-09-08,1.6848443512818057
1953-09-09,1.686464389568024
1953-09-10,1.6707772945658925
1953-09-11,1.6450911337072618
1953-09-14,1.6103256515590143
1953-09-15,1.6117698127105757
1953-09-16,1.6360129078590813
1953-09-17,1.6339414422673415
1953-09-18,1.617228596057756
1953-09-21,1.6169418372810795
1953-09-22,1.6371655470699427
1953-09-23,1.6504248530244618
1953-09-24,1.6536716081153773
1953-09-25,1.6650903912241337
1953-09-28,1.6778899192545174
1953-09-29,1.6788302821446208
1953-09-30,1.670429980269456
1953-10-01,1.6826587993552171
1953-10-02,1.6917767586969514
1953-10-05,1.6845879860225526
1953-10-06,1.6741455605263622
1953-10-07,1.6847350967007342
1953-10-08,1.6895788099757827
1953-10-09,1.6972962973366565
1953-10-13,1.6962506731361628
1953-10-14,1.708353498691537
1953-10-15,1.7269773037628404
1953-10-16,1.7327941539699998
1953-10-19,1.7350324630740488
1953-10-20,1.7387265147041455
1953-10-21,1.738605564448498
1953-10-22,1.7485887814318437
1953-10-23,1.7494207029580753
1953-10-26,1.749674299290416
1953-10-27,1.7400955529811726
1953-10-28,1.7412859516507098
1953-10-29,1.7568995415382316
1953-10-30,1.7578418558247013
1953-11-02,1.7572180718426234
1953-11-04,1.761897839701344
1953-11-05,1.7723832823604384
1953-11-06,1.7719729909515038
1953-11-09,1.7733657301048762
1953-11-10,1.7630226604233676
1953-11-12,1.7666101883713512
1953-11-13,1.775861839941024
1953-11-16,1.7646889874452272
1953-11-17,1.7546744301867796
1953-11-18,1.7606451157950807
1953-11-19,1.775573963912346
1953-11-20,1.7770815802475195
1953-11-23,1.7742272168652713
1953-11-24,1.7805056843705853
1953-11-25,1.7930989581669792
1953-11-27,1.8075675321534501
1953-11-30,1.8100326986383803
1953-12-01,1.807126983315129
1953-12-02,1.8123111149554705
1953-12-03,1.8176532316653002
1953-12-04,1.8236140910576253
1953-12-07,1.8260273884138232
1953-12-08,1.8226361187236693
1953-12-09,1.815814695094574
1953-12-10,1.8180496161878104
1953-12-11,1.8164730556776831
1953-12-14,1.8154093506480105
1953-12-15,1.8169778269138197
1953-12-16,1.8288943019505284
1953-12-17,1.826504429702306
1953-12-18,1.8364467642396627
1953-12-21,1.8401222826275545
1953-12-22,1.8251053934253805
1953-12-23,1.824371382326964
1953-12-24,1.8333599091708639
1953-12-28,1.8220877476923754
1953-12-29,1.8082612528713138
1953-12-30,1.8198612057135204
1953-12-31,1.8240828025909843
1954-01-04,1.8381420546818261
1954-01-05,1.8503445330805341
1954-01-06,1.8505361588897378
1954-01-07,1.8462325139613813
1954-01-08,1.8415709892375496
1954-01-11,1.8300975604988328
1954-01-12,1.8379537286324445
1954-01-13,1.8462430324739076
1954-01-14,1.8557882106872972
1954-01-15,1.8819793741473145
1954-01-18,1.8806915497959165
1954-01-19,1.8871975838652668
1954-01-20,1.8911254939190059
1954-01-21,1.8952875017215292
1954-01-22,1.9005102405773862
1954-01-25,1.9110835726014928
1954-01-26,1.921886218267515
1954-01-27,1.9135602286262596
1954-01-28,1.9111343310307056
1954-01-29,1.9170547749814064
1954-02-01,1.9152642734792227
1954-02-02,1.9141359737489154
1954-02-03,1.9193443267692427
1954-02-04,1.9305808661330865
1954-02-05,1.9319580528137121
1954-02-08,1.9341759339456521
1954-02-09,1.937527646296513
1954-02-10,1.936845194818844
1954-02-11,1.9343089861502019
1954-02-12,1.945691250014889
1954-02-15,1.9422345120479836
1954-02-16,1.9305324883035968
1954-02-17,1.937160876914122
1954-02-18,1.9454381141142167
1954-02-19,1.9461914383032535
1954-02-23,1.9407466068061712
1954-02-24,1.9303514516937028
1954-02-25,1.9410232728912178
1954-02-26,1.9582745480847752
1954-03-01,1.965919911574627
1954-03-02,1.968684097266983
1954-03-03,1.9725706869684723
1954-03-04,1.9790889724884198
1954-03-05,1.9842298126914204
1954-03-08,1.9818505292118065
1954-03-09,1.9857455919867395
1954-03-10,1.990084933069141
1954-03-11,1.9992234754528082
1954-03-12,1.9982782145216937
1954-03-15,1.9955063451397759
1954-03-16,1.9994861641872974
1954-03-17,2.000566833737494
1954-03-18,2.009905075226145
1954-03-19,2.0221608710011227
1954-03-22,2.029232783971566
1954-03-23,2.015316040873927
1954-03-24,2.0072785652871232
1954-03-25,2.005405224698685
1954-03-26,2.0249298885180913
1954-03-29,2.036395621672209
1954-03-30,2.049893612816555
1954-03-31,2.067572287952372
1954-04-01,2.070592113166146
1954-04-02,2.071362031909147
1954-04-05,2.070507704668265
1954-04-06,2.0527811812352708
1954-04-07,2.065132597234503
1954-04-08,2.077155297872959
1954-04-09,2.0785317927689078
1954-04-12,2.0784654725219576
1954-04-13,2.079337453414833
1954-04-14,2.0958288888609173
1954-04-15,2.1055403399651285
1954-04-19,2.1013254432381743
1954-04-20,2.1070781453270837
1954-04-21,2.111639993072567
1954-04-22,2.123558542631024
1954-04-23,2.13160405309041
1954-04-26,2.1328182203049293
1954-04-27,2.12858557964357
1954-04-28,2.1288847880882567
1954-04-29,2.15179242622297
1954-04-30,2.150234139331364
1954-05-03,2.1477777262107858
1954-05-04,2.1479225037273437
1954-05-05,2.1473813569261617
1954-05-06,2.159858135479691
1954-05-07,2.1607347389027955
1954-05-10,2.1631189294273874
1954-05-11,2.161531900637358
1954-05-12,2.1758516063021145
1954-05-13,2.1733738493914703
1954-05-14,2.1791332320205252
1954-05-17,2.1882248886569506
1954-05-18,2.1984770180568667
1954-05-19,2.2007557737715993
1954-05-20,2.208345323754758
1954-05-21,2.2286952919294714
1954-05-24,2.225845664542757
1954-05-25,2.217933458615317
1954-05-26,2.220043224191928
1954-05-27,2.2181379694694163
1954-05-28,2.2251192730811056
1954-06-01,2.2303050159404862
1954-06-02,2.229829666574836
1954-06-03,2.22782998240447
1954-06-04,2.222986693142028
1954-06-07,2.215371285482041
1954-06-08,2.170459084598958
1954-06-09,2.1598285894449525
1954-06-10,2.174099653804748
1954-06-11,2.190320342091659
1954-06-14,2.194447858456943
1954-06-15,2.213636189200388
1954-06-16,2.2320411002688463
1954-06-17,2.228258821132299
1954-06-18,2.233169812186873
1954-06-21,2.241833753687611
1954-06-22,2.249036606192544
1954-06-23,2.2523132962913106
1954-06-24,2.267944890445141
1954-06-25,2.2808879601137657
1954-06-28,2.3088828403863726
1954-06-29,2.3225923585908954
1954-06-30,2.311127714283098
1954-07-01,2.307939005457648
1954-07-02,2.323801075857179
1954-07-06,2.3486760841940417
1954-07-07,2.34252531992652
1954-07-08,2.3361708953718234
1954-07-09,2.341507825086926
1954-07-12,2.3431921153818167
1954-07-13,2.3375582042636363
1954-07-14,2.3419265698193503
1954-07-15,2.3544496020590384
1954-07-16,2.354537308338618
1954-07-19,2.349557458812651
1954-07-20,2.3460221884982846
1954-07-21,2.3529901225729604
1954-07-22,2.3683558423609004
1954-07-23,2.368992670834146
1954-07-26,2.3733653516560773
1954-07-27,2.382707285413322
1954-07-28,2.3844061293791574
1954-07-29,2.397518243794518
1954-07-30,2.4139353584944683
1954-08-02,2.426577660407288
1954-08-03,2.4369810415457267
1954-08-04,2.447252228369379
1954-08-05,2.4412745800176956
1954-08-06,2.4134697564197882
1954-08-09,2.411260597414671
1954-08-10,2.435392425118605
1954-08-11,2.4549836571515646
1954-08-12,2.453054280082212
1954-08-13,2.4536664628057827
1954-08-16,2.459428807896068
1954-08-17,2.444135509103219
1954-08-18,2.448555683455243
1954-08-19,2.4550823758045155
1954-08-20,2.463311905325441
1954-08-23,2.4555642166567897
1954-08-24,2.442885966859311
1954-08-25,2.4307154025322166
1954-08-26,2.423116617191911
1954-08-27,2.429463691463953
1954-08-30,2.402156550253324
1954-08-31,2.3695062109438956
1954-09-01,2.3937257384310335
1954-09-02,2.404654606887551
1954-09-03,2.4194611381981623
1954-09-07,2.441120386698131
1954-09-08,2.4474063265200026
1954-09-09,2.4519465893731986
1954-09-10,2.4552869987006245
1954-09-13,2.4635054114148454
1954-09-14,2.469807803983981
1954-09-15,2.4603487987213275
1954-09-16,2.4651654824128326
1954-09-17,2.4754822211078724
1954-09-20,2.4699650406297784
1954-09-21,2.481131759984814
1954-09-22,2.4893125013295556
1954-09-23,2.4844931905126666
1954-09-24,2.4925407914795077
1954-09-27,2.4973428868513605
1954-09-28,2.492871416224564
1954-09-29,2.491888901022089
1954-09-30,2.4856982954731195
1954-10-01,2.4878341450220374
1954-10-04,2.49692505849905
1954-10-05,2.5066466967107575
1954-10-06,2.5106973351286284
1954-10-07,2.5065236679089113
1954-10-08,2.5047682392798314
1954-10-11,2.492183886177378
1954-10-12,2.4786776022409356
1954-10-13,2.474290848123318
1954-10-14,2.4501125636469125
1954-10-15,2.4486490334894953
1954-10-18,2.4564786927546036
1954-10-19,2.4707785171564325
1954-10-20,2.489894481034826
1954-10-21,2.5045804848363287
1954-10-22,2.5118866696089523
1954-10-25,2.500403301160292
1954-10-26,2.493430474080447
1954-10-27,2.4919122981993715
1954-10-28,2.490895925925726
1954-10-29,2.4700432354708926
1954-11-01,2.4861175267983318
1954-11-03,2.538414453366027
1954-11-04,2.579136678415093
1954-11-05,2.5748477854058383
1954-11-08,2.608652049959038
1954-11-09,2.6169036949719207
1954-11-10,2.625902600329603
1954-11-11,2.637934666122636
1954-11-12,2.652521458749255
1954-11-15,2.6488322672652176
1954-11-16,2.6865900480899776
1954-11-17,2.697136420652175
1954-11-18,2.679687142593288
1954-11-19,2.6883790448019704
1954-11-22,2.712746700440052
1954-11-23,2.7388075295229886
1954-11-24,2.7445305455077933
1954-11-26,2.7401236107644267
1954-11-29,2.740619732051298
1954-11-30,2.7341996133938204
1954-12-01,2.726607992083341
1954-12-02,2.7479276758713076
1954-12-03,2.7678184080305828
1954-12-06,2.7805982631786983
1954-12-07,2.7808221397624338
1954-12-08,2.778123609300936
1954-12-09,2.7655951804895706
1954-12-10,2.7644146804965515
1954-12-13,2.762040728711046
1954-12-14,2.7444691026032904
1954-12-15,2.750066847532025
1954-12-16,2.7842314277965756
1954-12-17,2.8122381524648192
1954-12-20,2.8443661511416187
1954-12-21,2.848655821259769
1954-12-22,2.848814409218511
1954-12-23,2.8587868682996045
1954-12-27,2.8353760728361337
1954-12-28,2.864678408035979
1954-12-29,2.8903801538805385
1954-12-30,2.8993227223372244
1954-12-31,2.9163982027737965
1955-01-03,2.9312157304532143
1955-01-04,2.9331684393441315
1955-01-05,2.8684197223573573
1955-01-06,2.822399114800784
1955-01-07,2.8661126395703462
1955-01-10,2.921730824011571
1955-01-11,2.9236496420013225
1955-01-12,2.9233718916650355
1955-01-13,2.900529720002818
1955-01-14,2.885434137001041
1955-01-17,2.8259667797037253
1955-01-18,2.847640106765178
1955-01-19,2.8643196613607937
1955-01-20,2.8738213248310984
1955-01-21,2.894565173182017
1955-01-24,2.9002471091021356
1955-01-25,2.900402337532051
1955-01-26,2.9251349766053676
1955-01-27,2.9314166590259307
1955-01-28,2.953794669714386
1955-01-31,2.9751721997428264
1955-02-01,2.9838904154824855
1955-02-02,2.982010721307358
1955-02-03,2.9824505661037204
1955-02-04,3.005094107939675
1955-02-07,3.010160663824956
1955-02-08,2.979097669182067
1955-02-09,3.019792047042938
1955-02-10,3.0469021317256075
1955-02-11,3.0590149386623464
1955-02-14,3.0596030139787334
1955-02-15,3.0867862059783318
1955-02-16,3.082317666607239
1955-02-17,3.0878785511537767
1955-02-18,3.1014968890096193
1955-02-21,3.1064875978514
1955-02-23,3.1117879415913894
1955-02-24,3.090871205563178
1955-02-25,3.0813017812935635
1955-02-28,3.094374914005769
1955-03-01,3.1002775478779863
1955-03-02,3.12788693206408
1955-03-03,3.1385986431892925
1955-03-04,3.1464802360053232
1955-03-07,3.136617486017643
1955-03-08,3.072407488547486
1955-03-09,3.0324379505187387
1955-03-10,3.0666404919649755
1955-03-11,3.018411808707757
1955-03-14,2.9443656901507267
1955-03-15,3.004119997613948
1955-03-16,3.0446002389980245
1955-03-17,3.0518473490733444
1955-03-18,3.05405819027107
1955-03-21,3.0292289464180504
1955-03-22,3.044642430390571
1955-03-23,3.0904272927694025
1955-03-24,3.123877289230785
1955-03-25,3.134122589564279
1955-03-28,3.1240479974346598
1955-03-29,3.134289831738465
1955-03-30,3.1009657179097916
1955-03-31,3.115673026703534
1955-04-01,3.130322445769534
1955-04-04,3.121956515006188
1955-04-05,3.1262474131699416
1955-04-06,3.1288831117089897
1955-04-07,3.13219772780646
1955-04-11,3.13043361227291
1955-04-12,3.1400883329419345
1955-04-13,3.1439967828124105
1955-04-14,3.1405544706233286
1955-04-15,3.163880514921661
1955-04-18,3.201672935391959
1955-04-19,3.196445898003345
1955-04-20,3.190062626097975
1955-04-21,3.175959016181455
1955-04-22,3.152142238465275
1955-04-25,3.162954583429076
1955-04-26,3.171354595331339
1955-04-27,3.1430618045459555
1955-04-28,3.1117053173350064
1955-04-29,3.133873792306905
1955-05-02,3.1257411871243077
1955-05-03,3.0792967597697247
1955-05-04,3.0901850605695986
1955-05-05,3.100528730832096
1955-05-06,3.1112758151274975
1955-05-09,3.112028139192313
1955-05-10,3.095211894238798
1955-05-11,3.0654427098974972
1955-05-12,3.044862478568858
1955-05-13,3.061561836629466
1955-05-16,3.0214953504049418
1955-05-17,3.017512028481387
1955-05-18,3.0644252958246323
1955-05-19,3.0969985150658013
1955-05-20,3.1209303476791557
1955-05-23,3.1018896312981936
1955-05-24,3.104812285328484
1955-05-25,3.1288002877278256
1955-05-26,3.1605036430331697
1955-05-27,3.174553396212539
1955-05-31,3.1684917871955776
1955-06-01,3.1642501499741003
1955-06-02,3.171773862993072
1955-06-03,3.197560177360892
1955-06-06,3.212036633940219
1955-06-07,3.234382454562076
1955-06-08,3.254054435974835
1955-06-09,3.235669611443179
1955-06-10,3.2589224953835725
1955-06-13,3.277929272372091
1955-06-14,3.277333604107547
1955-06-15,3.3025062885368817
1955-06-16,3.311955678970075
1955-06-17,3.3217680241328162
1955-06-20,3.3325155573147365
1955-06-21,3.338224152778145
1955-06-22,3.347383925928477
1955-06-23,3.3428847324842836
1955-06-24,3.339344002871999
1955-06-27,3.337415764648467
1955-06-28,3.3183616567275624
1955-06-29,3.3231436216825454
1955-06-30,3.338664576049912
1955-07-01,3.346619075061171
1955-07-05,3.363514904322253
1955-07-06,3.338790985366586
1955-07-07,3.286796492077881
1955-07-08,3.28277355691356
1955-07-11,3.2947726065051266
1955-07-12,3.283045686062541
1955-07-13,3.2576601445393893
1955-07-14,3.2632472300145987
1955-07-15,3.279887063192752
1955-07-18,3.2697209644228136
1955-07-19,3.2606864063034977
1955-07-20,3.2765339167261356
1955-07-21,3.2969517910471255
1955-07-22,3.319933562697859
1955-07-25,3.328626296313237
1955-07-26,3.317066531690162
1955-07-27,3.311650508500956
1955-07-28,3.2962159738316767
1955-07-29,3.2904718881799027
1955-08-01,3.257768895617622
1955-08-02,3.264908299129402
1955-08-03,3.2694295046133575
1955-08-04,3.2286680802331817
1955-08-05,3.2460935940196927
1955-08-08,3.233310751909505
1955-08-09,3.190713096287133
1955-08-10,3.2007603444999497
1955-08-11,3.2274048630605345
1955-08-12,3.2466632661850823
1955-08-15,3.244001202004706
1955-08-16,3.2306934421134423
1955-08-17,3.2321958212634967
1955-08-18,3.2338485871504994
1955-08-19,3.2342474311983023
1955-08-22,3.2326244416409864
1955-08-23,3.259521883997138
1955-08-24,3.2770533355706526
1955-08-25,3.2918626295851134
1955-08-26,3.3105868098191453
1955-08-29,3.3203182474635824
1955-08-30,3.3174856924252927
1955-08-31,3.3364625525186766
1955-09-01,3.3422234719573356
1955-09-02,3.3559571246825883
1955-09-06,3.3775942276891415
1955-09-07,3.379067398903715
1955-09-08,3.385859452453595
1955-09-09,3.3957527099383555
1955-09-12,3.4126828054097516
1955-09-13,3.4268596945199206
1955-09-14,3.425797455521959
1955-09-15,3.4335371359656177
1955-09-16,3.4505876169590683
1955-09-19,3.4489073842428213
1955-09-20,3.453410462018136
1955-09-21,3.4698512844763765
1955-09-22,3.4745925280341132
1955-09-23,3.4868950005764368
1955-09-26,3.2329535753960563
1955-09-27,3.3017460581273563
1955-09-28,3.349112057381209
1955-09-29,3.3277503755009707
1955-09-30,3.309846801197953
1955-10-03,3.2333781370413726
1955-10-04,3.2486747546432464
1955-10-05,3.261263451602573
1955-10-06,3.243246316706185
1955-10-07,3.2204986429157736
1955-10-10,3.139279850004887
1955-10-11,3.113264655298258
1955-10-12,3.1630317392722413
1955-10-13,3.148997845141838
1955-10-14,3.1413095227756407
1955-10-17,3.1500154348857006
1955-10-18,3.164847613950359
1955-10-19,3.1901750456385654
1955-10-20,3.2183194342546786
1955-10-21,3.2226746580303303
1955-10-24,3.2426886744247727
1955-10-25,3.229029704088462
1955-10-26,3.209831457313881
1955-10-27,3.2040576163833383
1955-10-28,3.216412554588293
1955-10-31,3.2081236487745626
1955-11-01,3.2061869345791205
1955-11-02,3.212939129939899
1955-11-03,3.24862736826149
1955-11-04,3.2940178605215795
1955-11-07,3.330625972297322
1955-11-09,3.3635332143197836
1955-11-10,3.358888422410638
1955-11-11,3.3820587430541345
1955-11-14,3.4249685223733777
1955-11-15,3.423635165364632
1955-11-16,3.4233116523743847
1955-11-17,3.4094375394455785
1955-11-18,3.401144595164801
1955-11-21,3.3966032416445247
1955-11-22,3.4160253033022183
1955-11-23,3.429970623107834
1955-11-25,3.4438482872411145
1955-11-28,3.4273157920171413
1955-11-29,3.437290972465733
1955-11-30,3.440768927941457
1955-12-01,3.4385183463383933
1955-12-02,3.446684618391749
1955-12-05,3.473787703367808
1955-12-06,3.4783850045861877
1955-12-07,3.480965949163052
1955-12-08,3.4897827973046307
1955-12-09,3.489400590219294
1955-12-12,3.4677626386053193
1955-12-13,3.470010367774497
1955-12-14,3.455266130955036
1955-12-15,3.454230336958436
1955-12-16,3.4664014897677085
1955-12-19,3.465812783531823
1955-12-20,3.457581388378279
1955-12-21,3.485866372130708
1955-12-22,3.4923740657663407
1955-12-23,3.497028419653588
1955-12-27,3.495314905638672
1955-12-28,3.479154037410087
1955-12-29,3.4831103607915614
1955-12-30,3.517323455273117
1956-01-03,3.495520802991624
1956-01-04,3.4752304790321156
1956-01-05,3.4889710080530323
1956-01-06,3.5010003025223146
1956-01-09,3.451451790446485
1956-01-10,3.4265200053497424
1956-01-11,3.4524545023175155
1956-01-12,3.472090399798374
1956-01-13,3.4701115981622737
1956-01-16,3.435506726940584
1956-01-17,3.445870901776281
1956-01-18,3.420149528353064
1956-01-19,3.3837230330919725
1956-01-20,3.363030353638456
1956-01-23,3.3494697196471046
1956-01-24,3.39006372094508
1956-01-25,3.4056702225181867
1956-01-26,3.397143713063016
1956-01-27,3.3862805506975975
1956-01-30,3.391939877338895
1956-01-31,3.4199830049467246
1956-02-01,3.4369354081301537
1956-02-02,3.4480421598624598
1956-02-03,3.4663205800096564
1956-02-06,3.4647142141036307
1956-02-07,3.4568183859089414
1956-02-08,3.4239334228186826
1956-02-09,3.3852620522591863
1956-02-10,3.3929710489506704
1956-02-13,3.3928293558287086
1956-02-14,3.384826921085889
1956-02-15,3.4324672283792563
1956-02-16,3.426962150614049
1956-02-17,3.4729448422299685
1956-02-20,3.486582765521687
1956-02-21,3.501786391329371
1956-02-23,3.5468807813490653
1956-02-24,3.5762817583519095
1956-02-27,3.578489698590034
1956-02-28,3.6023159979751975
1956-02-29,3.5986338757177885
1956-03-01,3.6194256220165504
1956-03-02,3.6412876474314695
1956-03-05,3.668782059862868
1956-03-06,3.662900162376725
1956-03-07,3.6637769920185757
1956-03-08,3.6800469359385106
1956-03-09,3.7283219738747433
1956-03-12,3.7508046080274577
1956-03-13,3.7406538816782335
1956-03-14,3.7595616991668175
1956-03-15,3.7769880184858016
1956-03-16,3.7856159082172716
1956-03-19,3.813595305237427
1956-03-20,3.84230046583741
1956-03-21,3.7993190592009722
1956-03-22,3.821053032065219
1956-03-23,3.8427826967844916
1956-03-26,3.83797405117629
1956-03-27,3.819593575580063
1956-03-28,3.8470020157495615
1956-03-29,3.8487803637228724
1956-04-02,3.8754687529762384
1956-04-03,3.8664927404521383
1956-04-04,3.863913801119208
1956-04-05,3.850778242135369
1956-04-06,3.8708950637645363
1956-04-09,3.8433529245881957
1956-04-10,3.804909256107268
1956-04-11,3.832624256059113
1956-04-12,3.820115477261761
1956-04-13,3.8232636979839127
1956-04-16,3.820129398166799
1956-04-17,3.8254875712181162
1956-04-18,3.8267363313234894
1956-04-19,3.8210980181350824
1956-04-20,3.8376799420209298
1956-04-23,3.8405665591742157
1956-04-24,3.8008866781320516
1956-04-25,3.795699970701799
1956-04-26,3.8178883129314922
1956-04-27,3.8530189116090003
1956-04-30,3.8706849787107833
1956-05-01,3.8758277725898194
1956-05-02,3.8801377368947114
1956-05-03,3.8979280534587675
1956-05-04,3.927845308017733
1956-05-07,3.9103205086951007
1956-05-08,3.906477540828166
1956-05-09,3.9131131890342084
1956-05-10,3.8637353766340787
1956-05-11,3.8733005030476404
1956-05-14,3.8225115090259334
1956-05-15,3.8000000939228324
1956-05-16,3.7968357282889156
1956-05-17,3.836843843997197
1956-05-18,3.8297372703773576
1956-05-21,3.7728859416392226
1956-05-22,3.7238517115475482
1956-05-23,3.714935470604169
1956-05-24,3.64627479542658
1956-05-25,3.6540828497407905
1956-05-28,3.595742599950785
1956-05-29,3.6929888137245874
1956-05-31,3.696223161327202
1956-06-01,3.709923766264782
1956-06-04,3.7222220686982106
1956-06-05,3.7322936782854446
1956-06-06,3.717848739435443
1956-06-07,3.738774013040642
1956-06-08,3.6596535767072425
1956-06-11,3.7059147313586767
1956-06-12,3.745246769347714
1956-06-13,3.765020634555259
1956-06-14,3.7618930620337885
1956-06-15,3.7666165880525315
1956-06-18,3.7554011913891867
1956-06-19,3.7651453435568105
1956-06-20,3.77668662935327
1956-06-21,3.7998260480120027
1956-06-22,3.797099172680541
1956-06-25,3.7864637867133397
1956-06-26,3.8121123069839733
1956-06-27,3.8508915273097837
1956-06-28,3.860147033821257
1956-06-29,3.866269594508875
1956-07-02,3.8636247260569756
1956-07-03,3.8860732681047363
1956-07-05,3.914462544496481
1956-07-06,3.9284006943793135
1956-07-09,3.943276198688813
1956-07-10,3.9633750087701594
1956-07-11,3.9754160826093776
1956-07-12,3.971507011703828
1956-07-13,3.997328415346405
1956-07-16,4.036852172960633
1956-07-17,4.047963696137727
1956-07-18,4.036917016123009
1956-07-19,4.039072603968586
1956-07-20,4.04118049362388
1956-07-23,4.03792141723695
1956-07-24,4.032180390136835
1956-07-25,4.036845604779483
1956-07-26,4.052037586609217
1956-07-27,4.029055600626154
1956-07-30,4.034897121606944
1956-07-31,4.061530616877876
1956-08-01,4.054457745169054
1956-08-02,4.081883076507993
1956-08-03,4.067302188737994
1956-08-06,4.007928176592811
1956-08-07,4.042558341503623
1956-08-08,4.066190116990565
1956-08-09,4.068640680134633
1956-08-10,4.046634440229963
1956-08-13,4.020265126113448
1956-08-14,4.034515151701078
1956-08-15,4.04079759564892
1956-08-16,4.0424920396693205
1956-08-17,4.045668629656486
1956-08-20,4.016659718353114
1956-08-21,3.948562151963897
1956-08-22,3.9444682612037076
1956-08-23,3.981260561963559
1956-08-24,3.991194569461965
1956-08-27,3.9646828506373764
1956-08-28,3.9473901816629358
1956-08-29,3.932344486893768
1956-08-30,3.8898636405388625
1956-08-31,3.9435804519228217
1956-09-04,3.967737540118283
1956-09-05,3.98839654633627
1956-09-06,3.9890108604415695
1956-09-07,3.9694985343702194
1956-09-10,3.949751769042998
1956-09-11,3.927877387052732
1956-09-12,3.9098035068502974
1956-09-13,3.8989157946250383
1956-09-14,3.9007691811537915
1956-09-17,3.8870561393213023
1956-09-18,3.8536713090722365
1956-09-19,3.8170808372073632
1956-09-20,3.804270346979661
1956-09-21,3.838791760845234
1956-09-24,3.8044664011599765
1956-09-25,3.743109283518365
1956-09-26,3.73721129320652
1956-09-27,3.724711850309027
1956-09-28,3.697658247823768
1956-10-01,3.616217574266359
1956-10-02,3.710433424001646
1956-10-03,3.7566975796376503
1956-10-04,3.7547188354525045
1956-10-05,3.763913470268658
1956-10-08,3.7733185604323918
1956-10-09,3.7635541644018873
1956-10-10,3.7986387699226736
1956-10-11,3.81767962232812
1956-10-12,3.831431351281931
1956-10-15,3.8455354452681973
1956-10-16,3.834510054414482
1956-10-17,3.8059430858914407
1956-10-18,3.8188230556584664
1956-10-19,3.829216950024877
1956-10-22,3.820842553265665
1956-10-23,3.816138157551561
1956-10-24,3.806475079817857
1956-10-25,3.787546861657717
1956-10-26,3.823924378917632
1956-10-29,3.8361389061856106
1956-10-30,3.8302072972301646
1956-10-31,3.771554382830379
1956-11-01,3.847317535221516
1956-11-02,3.878230722113585
1956-11-05,3.942717694431306
1956-11-07,3.9212316679779726
1956-11-08,3.895393442568689
1956-11-09,3.8846578462813874
1956-11-12,3.9196407940356206
1956-11-13,3.941789186355541
1956-11-14,3.9143704571556257
1956-11-15,3.895329690030085
1956-11-16,3.905904925367747
1956-11-19,3.8894434900864288
1956-11-20,3.8633304109188447
1956-11-21,3.8616506150214365
1956-11-23,3.9002727005357185
1956-11-26,3.9005010700604665
1956-11-27,3.8926755990551767
1956-11-28,3.8563138623455697
1956-11-29,3.8390054041840864
1956-11-30,3.888692447784366
1956-12-03,3.9523158626829114
1956-12-04,3.9534473050551475
1956-12-05,3.9916924342560036
1956-12-06,4.006930345900845
1956-12-07,4.0103683565939665
1956-12-10,4.022739960104698
1956-12-11,4.0209083673066255
1956-12-12,3.9934333751747055
1956-12-13,4.009610335051821
1956-12-14,4.009742498395666
1956-12-17,4.0066306676131855
1956-12-18,4.0060037239831665
1956-12-19,3.99713249480478
1956-12-20,3.9715248768506517
1956-12-21,3.9825269384951802
1956-12-26,3.9773618533250987
1956-12-27,3.9823380218538857
1956-12-28,3.992625063353605
1956-12-31,4.00387755198042
1957-01-02,3.9862783889388704
1957-01-03,4.001000371339169
1957-01-04,4.0090871532486965
1957-01-07,4.000673136773453
1957-01-08,4.008855965595549
1957-01-09,4.00642327989829
1957-01-10,4.034804152013463
1957-01-11,4.041864773653796
1957-01-14,4.017026549375884
1957-01-15,3.9857250461752627
1957-01-16,3.989550196323842
1957-01-17,3.9716144166335643
1957-01-18,3.908214898825074
1957-01-21,3.8897786951432938
1957-01-22,3.915421502503407
1957-01-23,3.94036022794302
1957-01-24,3.9570366227458926
1957-01-25,3.9418167534132817
1957-01-28,3.9138070659733377
1957-01-29,3.926096150043686
1957-01-30,3.940710872529969
1957-01-31,3.9416159805726116
1957-02-01,3.9207770389846957
1957-02-04,3.9139615675829766
1957-02-05,3.8450342253539285
1957-02-06,3.857375835677759
1957-02-07,3.840287127834437
1957-02-08,3.8149905693655186
1957-02-11,3.7417613326052948
1957-02-12,3.717011468880536
1957-02-13,3.788565178392443
1957-02-14,3.7966175118531775
1957-02-15,3.8371063140534787
1957-02-18,3.8408557792914166
1957-02-19,3.8509335815351764
1957-02-20,3.867497504428879
1957-02-21,3.8745175354957646
1957-02-25,3.8893091971001916
1957-02-26,3.8888834045594693
1957-02-27,3.8745089428773967
1957-02-28,3.866885867472433
1957-03-01,3.9031865855198395
1957-03-04,3.9326251103918843
1957-03-05,3.9538731197364596
1957-03-06,3.9546420310608097
1957-03-07,3.942329150321279
1957-03-08,3.922187335254477
1957-03-11,3.903601142598061
1957-03-12,3.9018223436366837
1957-03-13,3.9299523499527687
1957-03-14,3.9439767111978448
1957-03-15,3.9467832531841176
1957-03-18,3.940375570901877
1957-03-19,3.9618621129217075
1957-03-20,3.97538779447055
1957-03-21,3.973811921479412
1957-03-22,3.965666221483855
1957-03-25,3.944208218760886
1957-03-26,3.9610885935505156
1957-03-27,3.9721808085152026
1957-03-28,3.9852181645037255
1957-03-29,3.9834992300825767
1957-04-01,3.9763411077294872
1957-04-02,3.9922371021799345
1957-04-03,4.013560052999739
1957-04-04,4.016776851428823
1957-04-05,4.022677639950935
1957-04-08,4.0363574507657916
1957-04-09,4.057510015857691
1957-04-10,4.063054351044897
1957-04-11,4.080642737972484
1957-04-12,4.091825103457517
1957-04-15,4.0872881436372985
1957-04-16,4.099825943338479
1957-04-17,4.121234913173855
1957-04-18,4.141569584091626
1957-04-22,4.16549762838541
1957-04-23,4.173998195208515
1957-04-24,4.166212080046158
1957-04-25,4.1470411302109325
1957-04-26,4.139343773308083
1957-04-29,4.147020175926463
1957-04-30,4.14622624218178
1957-05-01,4.166324423236428
1957-05-02,4.18323021861977
1957-05-03,4.191436079283339
1957-05-06,4.2099173140713955
1957-05-07,4.212749804375069
1957-05-08,4.225897219104159
1957-05-09,4.234944211742446
1957-05-10,4.248900265280085
1957-05-13,4.284549284693549
1957-05-14,4.278940014516058
1957-05-15,4.285407286328984
1957-05-16,4.289389588666055
1957-05-17,4.291968766468801
1957-05-20,4.311675304137624
1957-05-21,4.311414035031578
1957-05-22,4.296499116064353
1957-05-23,4.281349966627983
1957-05-24,4.281405663527153
1957-05-27,4.255565842530278
1957-05-28,4.246971813488267
1957-05-29,4.266199278917853
1957-05-31,4.280175089899312
1957-06-03,4.270538126226071
1957-06-04,4.285353718588563
1957-06-05,4.279968562966671
1957-06-06,4.299477731084197
1957-06-07,4.311961806704578
1957-06-10,4.2815456241863235
1957-06-11,4.329044296424429
1957-06-12,4.325242062683492
1957-06-13,4.329886788957071
1957-06-14,4.341907978914021
1957-06-17,4.344396970564439
1957-06-18,4.361421775755703
1957-06-19,4.329630709090898
1957-06-20,4.314020335018678
1957-06-21,4.298907109668647
1957-06-24,4.289578063246592
1957-06-25,4.317598228448643
1957-06-26,4.313286486782467
1957-06-27,4.331674378532309
1957-06-28,4.342879754078287
1957-07-01,4.35265275970344
1957-07-02,4.392731765637394
1957-07-03,4.444642011608437
1957-07-05,4.473268204752986
1957-07-08,4.526121679185944
1957-07-09,4.5040494452072135
1957-07-10,4.520655847615153
1957-07-11,4.494287723976304
1957-07-12,4.496936577137102
1957-07-15,4.5093485961148
1957-07-16,4.4844471386652405
1957-07-17,4.448596515396323
1957-07-18,4.459302267681975
1957-07-19,4.466587394462213
1957-07-22,4.451815246222978
1957-07-23,4.438677987872252
1957-07-24,4.43704545700681
1957-07-25,4.440467862199621
1957-07-26,4.42178142698675
1957-07-29,4.367588751084738
1957-07-30,4.38563294764271
1957-07-31,4.389834010404672
1957-08-01,4.373865708303906
1957-08-02,4.36628149455489
1957-08-05,4.325669826436018
1957-08-06,4.2785034339482255
1957-08-07,4.318144513799302
1957-08-08,4.3079628747673695
1957-08-09,4.2968103835834555
1957-08-12,4.262142846352248
1957-08-13,4.248835790145073
1957-08-14,4.182223928330145
1957-08-15,4.180884539974584
1957-08-16,4.189222491345704
1957-08-19,4.112005661841726
1957-08-20,4.134985209809367
1957-08-21,4.163668633898133
1957-08-22,4.135751497403168
1957-08-23,4.074724350978049
1957-08-26,4.0042260824462295
1957-08-27,4.07803813130299
1957-08-28,4.089119319603772
1957-08-29,4.06998482261991
1957-08-30,4.141068532809542
1957-09-03,4.163746405838292
1957-09-04,4.152242990114454
1957-09-05,4.128059476628472
1957-09-06,4.130713778213241
1957-09-09,4.105879636681933
1957-09-10,4.0682224259927775
1957-09-11,4.105981088495764
1957-09-12,4.153156772081421
1957-09-13,4.131645210989911
1957-09-16,4.139635949044472
1957-09-17,4.149425890001953
1957-09-18,4.166082761636517
1957-09-19,4.144975239810316
1957-09-20,4.076796017095582
1957-09-23,3.9792133187047196
1957-09-24,3.996258699486931
1957-09-25,3.9332558783721097
1957-09-26,3.9355389656481665
1957-09-27,3.942213905969658
1957-09-30,3.936695169697324
1957-10-01,3.9553793935127617
1957-10-02,3.984651682185886
1957-10-03,3.996653529671335
1957-10-04,3.967162747129981
1957-10-07,3.891319162521713
1957-10-08,3.860677468654346
1957-10-09,3.8754940081372036
1957-10-10,3.771322936227925
1957-10-11,3.7451509892810377
1957-10-14,3.788760516239074
1957-10-15,3.8276191577115286
1957-10-16,3.8027548044304957
1957-10-17,3.7373538433518023
1957-10-18,3.713086254150949
1957-10-21,3.580924081820776
1957-10-22,3.560643827922042
1957-10-23,3.705901533265115
1957-10-24,3.7158864810516103
1957-10-25,3.695831018528979
1957-10-28,3.680336527321659
1957-10-29,3.7178255811794876
1957-10-30,3.751524620417495
1957-10-31,3.7697037562699385
1957-11-01,3.723270634536132
1957-11-04,3.725403247508826
1957-11-06,3.736410237784144
1957-11-07,3.76009578672608
1957-11-08,3.7516552577675606
1957-11-11,3.7504590565685074
1957-11-12,3.7207902896123626
1957-11-13,3.712685300524413
1957-11-14,3.698340251524202
1957-11-15,3.791299035110504
1957-11-18,3.764707206764481
1957-11-19,3.7480407629525314
1957-11-20,3.77170294454301
1957-11-21,3.8262856655600057
1957-11-22,3.8644413540914018
1957-11-25,3.8910753387948485
1957-11-26,3.807650774678461
1957-11-27,3.9095762969479035
1957-11-29,3.9628531924141805
1957-12-02,3.959174946003113
1957-12-03,3.9738948569662145
1957-12-04,3.9884444924172597
1957-12-05,4.008005375954013
1957-12-06,3.983961784506063
1957-12-09,3.9676416744520275
1957-12-10,3.9434328412270223
1957-12-11,3.935985192648883
1957-12-12,3.9425287323133045
1957-12-13,3.9624344311666193
1957-12-16,3.91934929848676
1957-12-17,3.875034169609214
1957-12-18,3.867561058931765
1957-12-19,3.8895113380725745
1957-12-20,3.867309206628754
1957-12-23,3.859852135390111
1957-12-24,3.8596599495859767
1957-12-26,3.88659134646835
1957-12-27,3.8959868637014843
1957-12-30,3.88674328100826
1957-12-31,3.928756992373234
1958-01-02,3.95036950492443
1958-01-03,3.9862109204490843
1958-01-06,3.9847215737211434
1958-01-07,4.009312295522651
1958-01-08,4.010881859187572
1958-01-09,3.9919369058952374
1958-01-10,3.9569363465875713
1958-01-13,3.958606156083078
1958-01-14,3.982245982736198
1958-01-15,3.9989006097920283
1958-01-16,4.020533258572764
1958-01-17,4.026531804952153
1958-01-20,4.060353572280144
1958-01-21,4.076022844636705
1958-01-22,4.068996942503504
1958-01-23,4.089283849148714
1958-01-24,4.127365848488575
1958-01-27,4.1270036465457975
1958-01-28,4.132028606248999
1958-01-29,4.1664541205068195
1958-01-30,4.1714116317240855
1958-01-31,4.181284725588475
1958-02-03,4.219635929364685
1958-02-04,4.255277871321743
1958-02-05,4.247780178140132
1958-02-06,4.250144577716124
1958-02-07,4.2116527586214225
1958-02-10,4.199845527812673
1958-02-11,4.176526637307463
1958-02-12,4.1712947742168245
1958-02-13,4.172711569205842
1958-02-14,4.20173528944216
1958-02-17,4.1955768690777315
1958-02-18,4.200955918801681
1958-02-19,4.203448056061548
1958-02-20,4.193652854523
1958-02-21,4.191609456664664
1958-02-24,4.16798197297356
1958-02-25,4.16891185699006
1958-02-26,4.199220934039382
1958-02-27,4.178501150562283
1958-02-28,4.199295020321589
1958-03-03,4.2259675868789275
1958-03-04,4.239152461488383
1958-03-05,4.253967309789438
1958-03-06,4.281738851588247
1958-03-07,4.282622644268544
1958-03-10,4.289443455014023
1958-03-11,4.326050957686281
1958-03-12,4.336635594869157
1958-03-13,4.3539546696488545
1958-03-14,4.355014888745932
1958-03-17,4.341702592573837
1958-03-18,4.341428500091752
1958-03-19,4.373600453616365
1958-03-20,4.373703894861534
1958-03-21,4.398217567211223
1958-03-24,4.403242366197449
1958-03-25,4.399736596534489
1958-03-26,4.392258399193131
1958-03-27,4.401542120679647
1958-03-28,4.4072297375519005
1958-03-31,4.415235672854185
1958-04-01,4.392252118359563
1958-04-02,4.363474298448548
1958-04-03,4.353409404831244
1958-04-07,4.340787926545902
1958-04-08,4.376737589839156
1958-04-09,4.381261345699555
1958-04-10,4.383265263189495
1958-04-11,4.403160292400219
1958-04-14,4.4250701159356645
1958-04-15,4.447663654421211
1958-04-16,4.444686365289272
1958-04-17,4.444998134784545
1958-04-18,4.467835146967142
1958-04-21,4.473611455639394
1958-04-22,4.47472890221191
1958-04-23,4.481034495169478
1958-04-24,4.502854473384071
1958-04-25,4.520559024306957
1958-04-28,4.518779879051667
1958-04-29,4.504411596847789
1958-04-30,4.5343237348093615
1958-05-01,4.539704334410145
1958-05-02,4.551601302164194
1958-05-05,4.554912348010067
1958-05-06,4.575594763323189
1958-05-07,4.578554415346514
1958-05-08,4.58813447135774
1958-05-09,4.591814930638455
1958-05-12,4.580551293636732
1958-05-13,4.5793685466568315
1958-05-14,4.551118062760364
1958-05-15,4.552261508780236
1958-05-16,4.556051515115285
1958-05-19,4.560755930079134
1958-05-20,4.580826700087316
1958-05-21,4.586576620877372
1958-05-22,4.592932686409382
1958-05-23,4.594563027310196
1958-05-26,4.598864457303621
1958-05-27,4.594633527102025
1958-05-28,4.590968435147593
1958-05-29,4.596301401688342
1958-06-02,4.606348903645135
1958-06-03,4.611281898177004
1958-06-04,4.617569175677228
1958-06-05,4.627572714529499
1958-06-06,4.651849908612044
1958-06-09,4.65454949534254
1958-06-10,4.651805414379658
1958-06-11,4.654204196802646
1958-06-12,4.670065888666654
1958-06-13,4.695862749056661
1958-06-16,4.7105397852525455
1958-06-17,4.7306893629275235
1958-06-18,4.721057904489245
1958-06-19,4.695832314442714
1958-06-20,4.71099461597356
1958-06-23,4.703045946675679
1958-06-24,4.690263791778165
1958-06-25,4.702142489825899
1958-06-26,4.714003017809471
1958-06-27,4.738724273346146
1958-06-30,4.756467206912319
1958-07-01,4.7594576674528275
1958-07-02,4.7729177154626985
1958-07-03,4.7840863063734655
1958-07-07,4.790290096425655
1958-07-08,4.780386744324165
1958-07-09,4.77393938973776
1958-07-10,4.788240547900293
1958-07-11,4.804091891121166
1958-07-14,4.780524929581413
1958-07-15,4.773874894547939
1958-07-16,4.775388334554082
1958-07-17,4.775830987555142
1958-07-18,4.795360278173698
1958-07-21,4.813850842366082
1958-07-22,4.816879847014601
1958-07-23,4.834493732341105
1958-07-24,4.8722705192800335
1958-07-25,4.90184476904963
1958-07-28,4.913941161163351
1958-07-29,4.9097025759314095
1958-07-30,4.9211897847115225
1958-07-31,4.932971985592109
1958-08-01,4.970446426426804
1958-08-04,4.991186363993324
1958-08-05,4.981646302451892
1958-08-06,4.968239120770256
1958-08-07,5.000747072339509
1958-08-08,5.022090814354261
1958-08-11,5.025119223759575
1958-08-12,5.007654697262691
1958-08-13,5.011652801615308
1958-08-14,5.020966177857612
1958-08-15,5.001356383779736
1958-08-18,4.987350186151432
1958-08-19,5.00468647970236
1958-08-20,5.03222895333164
1958-08-21,5.043351914171009
1958-08-22,5.060567536005336
1958-08-25,5.06031909865143
1958-08-26,5.0753653386814745
1958-08-27,5.078278366348263
1958-08-28,5.065116849542434
1958-08-29,5.088767580535258
1958-09-02,5.089987616186774
1958-09-03,5.108840056603857
1958-09-04,5.115775718023662
1958-09-05,5.1398463254991915
1958-09-08,5.177966485448102
1958-09-09,5.191304629325744
1958-09-10,5.1682669132393
1958-09-11,5.190203348408438
1958-09-12,5.179860072671957
1958-09-15,5.194472350891973
1958-09-16,5.202731811034898
1958-09-17,5.196607859146959
1958-09-18,5.188314140241287
1958-09-19,5.218203594467108
1958-09-22,5.208542098509805
1958-09-23,5.230565463339449
1958-09-24,5.236470998356938
1958-09-25,5.229949218966617
1958-09-26,5.253331920947299
1958-09-29,5.277990999625169
1958-09-30,5.281107151184027
1958-10-01,5.264810472304003
1958-10-02,5.275008098518252
1958-10-03,5.303146585755063
1958-10-06,5.32166856890602
1958-10-07,5.320969313532613
1958-10-08,5.321143187925253
1958-10-09,5.3324144523827295
1958-10-10,5.353470296796302
1958-10-13,5.378659890330442
1958-10-14,5.357253104683538
1958-10-15,5.3331042704098905
1958-10-16,5.3691046467553
1958-10-17,5.43057219579742
1958-10-20,5.448244782344147
1958-10-21,5.46267717822638
1958-10-22,5.46531553921512
1958-10-23,5.466698693421564
1958-10-24,5.4747671314158906
1958-10-27,5.441064170309025
1958-10-28,5.474091189711075
1958-10-29,5.514881454548299
1958-10-30,5.52113384595855
1958-10-31,5.535837868004575
1958-11-03,5.529617435026123
1958-11-05,5.569133437675498
1958-11-06,5.592390200983345
1958-11-07,5.607210782651067
1958-11-10,5.666703864323352
1958-11-11,5.706241759373554
1958-11-12,5.739213789721385
1958-11-13,5.767063401494691
1958-11-14,5.807758729369265
1958-11-17,5.835434561135526
1958-11-18,5.828340596921747
1958-11-19,5.849629486267538
1958-11-20,5.849735167164687
1958-11-21,5.824170028453639
1958-11-24,5.674404122268816
1958-11-25,5.651597206307339
1958-11-26,5.759448836307781
1958-11-28,5.834655689758209
1958-12-01,5.862421460169081
1958-12-02,5.827927288313219
1958-12-03,5.8324427516628194
1958-12-04,5.843742590263999
1958-12-05,5.853754255067456
1958-12-08,5.882756269738311
1958-12-09,5.947875787736498
1958-12-10,6.019338351899865
1958-12-11,5.976035158558681
1958-12-12,5.958308104893968
1958-12-15,5.948217880093411
1958-12-16,5.975011720913611
1958-12-17,5.9793851576409685
1958-12-18,5.971550997995122
1958-12-19,5.959373852595392
1958-12-22,5.919251863181955
1958-12-23,5.887523937322124
1958-12-24,5.980050995549725
1958-12-29,6.034465563164663
1958-12-30,6.046754962082333
1958-12-31,6.056006488092899
1959-01-02,6.071176507358335
1959-01-05,6.070896049992836
1959-01-06,6.066944833347219
1959-01-07,6.020151405274094
1959-01-08,6.06229169558124
1959-01-09,6.127014715946169
1959-01-12,6.166214141709166
1959-01-13,6.176086226649035
1959-01-14,6.186331639202068
1959-01-15,6.224343407635649
1959-01-16,6.218143554668318
1959-01-19,6.203421909400328
1959-01-20,6.230636280642782
1959-01-21,6.249580430486726
1959-01-22,6.204700483528526
1959-01-23,6.206684550303066
1959-01-26,6.185642222027788
1959-01-27,6.182721913164245
1959-01-28,6.111328307850026
1959-01-29,6.128978893407307
1959-01-30,6.169180255521286
1959-02-02,6.153906431070365
1959-02-03,6.175032992452392
1959-02-04,6.153189623234269
1959-02-05,6.128235680328817
1959-02-06,6.091816748999919
1959-02-09,6.026398957696278
1959-02-10,6.125878626151401
1959-02-11,6.140353274346903
1959-02-12,6.121559883036661
1959-02-13,6.189982907019508
1959-02-16,6.221283819720061
1959-02-17,6.2191737581853275
1959-02-18,6.2613410117602495
1959-02-19,6.315306515159207
1959-02-20,6.375985989477326
1959-02-24,6.390603139490141
1959-02-25,6.384462637610185
1959-02-26,6.429883172836958
1959-02-27,6.429492469901894
1959-03-02,6.445079144345375
1959-03-03,6.46179152515632
1959-03-04,6.463422231989663
1959-03-05,6.498607183670296
1959-03-06,6.494064381621624
1959-03-09,6.494132435842132
1959-03-10,6.517431151536789
1959-03-11,6.5535873630143575
1959-03-12,6.645571024497174
1959-03-13,6.673492235865422
1959-03-16,6.5958321777005455
1959-03-17,6.647146528383764
1959-03-18,6.676099391460678
1959-03-19,6.681631192569934
1959-03-20,6.717085516864771
1959-03-23,6.631378534197204
1959-03-24,6.656229723895932
1959-03-25,6.676820478103377
1959-03-26,6.684776829162838
1959-03-30,6.664112069413143
1959-03-31,6.643290521030842
1959-04-01,6.644861023554168
1959-04-02,6.684996282096329
1959-04-03,6.706353997916801
1959-04-06,6.726500752276091
1959-04-07,6.721547286063757
1959-04-08,6.730491332634717
1959-04-09,6.744945142258544
1959-04-10,6.769329577612703
1959-04-13,6.8157720808040665
1959-04-14,6.864665302469193
1959-04-15,6.896700085816788
1959-04-16,6.8828482241476685
1959-04-17,6.915694209247924
1959-04-20,6.952598476299205
1959-04-21,6.964251954129015
1959-04-22,6.953227851640423
1959-04-23,6.957942860411893
1959-04-24,7.035006468087323
1959-04-27,7.047791361625464
1959-04-28,7.0203468475853645
1959-04-29,7.001739968509563
1959-04-30,6.993448988965979
1959-05-01,7.003026542817443
1959-05-04,7.017490549057709
1959-05-05,7.007825942837677
1959-05-06,6.994009751398352
1959-05-07,6.856666427158049
1959-05-08,6.9112336559937075
1959-05-11,6.917069177071382
1959-05-12,6.914671870340217
1959-05-13,6.941631188345125
1959-05-14,6.983411041482384
1959-05-15,6.98078335877234
1959-05-18,6.949525191417184
1959-05-19,6.958134806817597
1959-05-20,6.939913964458606
1959-05-21,6.94659457145063
1959-05-22,6.966414377109058
1959-05-25,6.941981501503548
1959-05-26,6.951482148815445
1959-05-27,6.990899539132098
1959-05-28,7.047171222196879
1959-05-29,7.082479257057242
1959-06-01,7.081350151017696
1959-06-02,7.01545052773716
1959-06-03,7.028055025516769
1959-06-04,6.943922621942955
1959-06-05,6.927929796932067
1959-06-08,6.810105802791439
1959-06-09,6.760458332563377
1959-06-10,6.887895496866541
1959-06-11,6.932271587120431
1959-06-12,6.938915245305942
1959-06-15,6.936606373548827
1959-06-16,6.9276113719791965
1959-06-17,6.994483491363464
1959-06-18,7.020833993489469
1959-06-19,7.03737079505908
1959-06-22,7.0641575065686935
1959-06-23,7.066919604761644
1959-06-24,7.130769154744103
1959-06-25,7.139145574762369
1959-06-26,7.191887264018733
1959-06-29,7.2482471900788745
1959-06-30,7.274526945400485
1959-07-01,7.32275029381315
1959-07-02,7.35206633609781
1959-07-06,7.394705247947108
1959-07-07,7.420965608716898
1959-07-08,7.43233607407316
1959-07-09,7.423085321535204
1959-07-10,7.436751932041552
1959-07-13,7.365778123630301
1959-07-14,7.3931760401539055
1959-07-15,7.421539615467526
1959-07-16,7.406212146581467
1959-07-17,7.38984704225367
1959-07-20,7.391194873198723
1959-07-21,7.446549527369913
1959-07-22,7.466434875165307
1959-07-23,7.484422934544915
1959-07-24,7.496683997551896
1959-07-27,7.520683682405556
1959-07-28,7.526045702818568
1959-07-29,7.498184611301381
1959-07-30,7.467578430917399
1959-07-31,7.466326470801498
1959-08-03,7.474375028341352
1959-08-04,7.45586538709566
1959-08-05,7.404561602086572
1959-08-06,7.369987041331484
1959-08-07,7.264283577866927
1959-08-10,7.086151074623992
1959-08-11,7.208806652930538
1959-08-12,7.183696090675314
1959-08-13,7.174839907663915
1959-08-14,7.201609145320284
1959-08-17,7.170013853188212
1959-08-18,7.079464509639156
1959-08-19,7.061637867135501
1959-08-20,7.162513398577092
1959-08-21,7.171670842165979
1959-08-24,7.147108949153003
1959-08-25,7.174972875156869
1959-08-26,7.188638655686473
1959-08-27,7.249512025410533
1959-08-28,7.259565086970143
1959-08-31,7.289303961126841
1959-09-01,7.1956476537634435
1959-09-02,7.196423532665235
1959-09-03,7.104862581786363
1959-09-04,7.134713108254366
1959-09-08,7.01836263798245
1959-09-09,6.953847401443307
1959-09-10,6.923151075776458
1959-09-11,6.997147125534147
1959-09-14,6.942579938413489
1959-09-15,6.899753970044809
1959-09-16,6.916617745179624
1959-09-17,6.883194602869032
1959-09-18,6.8145046328635654
1959-09-21,6.685464357157789
1959-09-22,6.650488058869251
1959-09-23,6.756279972496307
1959-09-24,6.896929112934066
1959-09-25,6.899540671407561
1959-09-28,6.953485369909631
1959-09-29,6.983581840556225
1959-09-30,6.925264894248366
1959-10-01,6.951039467184906
1959-10-02,6.993957786265365
1959-10-05,6.97577449889033
1959-10-06,6.966796625112999
1959-10-07,6.948323405686556
1959-10-08,6.945092124338088
1959-10-09,6.977610258671703
1959-10-12,7.018351305500937
1959-10-13,6.986812382036094
1959-10-14,6.945624058013993
1959-10-15,6.962077957467945
1959-10-16,7.042178275911628
1959-10-19,7.036529828774592
1959-10-20,7.015248829334707
1959-10-21,7.009971446445417
1959-10-22,6.965584864368077
1959-10-23,7.032466722917541
1959-10-26,7.099731593172644
1959-10-27,7.132236488070337
1959-10-28,7.177610776467669
1959-10-29,7.191587981350939
1959-10-30,7.209009946260595
1959-11-02,7.17872492814763
1959-11-04,7.193977563115947
1959-11-05,7.181049527242348
1959-11-06,7.206257292249163
1959-11-09,7.2174776331099295
1959-11-10,7.246090932678103
1959-11-11,7.282726013956542
1959-11-12,7.291310285189729
1959-11-13,7.301277409162624
1959-11-16,7.28012007043774
1959-11-17,7.279767554685538
1959-11-18,7.3381650604572775
1959-11-19,7.319571066816228
1959-11-20,7.35520633944003
1959-11-23,7.418495668200827
1959-11-24,7.512810626301147
1959-11-25,7.523399459533364
1959-11-27,7.501715886893962
1959-11-30,7.575880869915751
1959-12-01,7.638233799468775
1959-12-02,7.600725777177072
1959-12-03,7.567888627057049
1959-12-04,7.5867804746149945
1959-12-07,7.593768245731592
1959-12-08,7.642514424102611
1959-12-09,7.592902126248449
1959-12-10,7.616168329922561
1959-12-11,7.592890019016455
1959-12-14,7.596202394278086
1959-12-15,7.570616197298637
1959-12-16,7.564325451849052
1959-12-17,7.570710374470303
1959-12-18,7.6019945161714615
1959-12-21,7.626078531547636
1959-12-22,7.595411295098886
1959-12-23,7.5809981570435125
1959-12-24,7.588525065289209
1959-12-28,7.553327046593899
1959-12-29,7.563069555693604
1959-12-30,7.578343026871824
1959-12-31,7.592919382484411
1960-01-04,7.568833195807741
1960-01-05,7.634713712157498
1960-01-06,7.60946068836502
1960-01-07,7.554231823663908
1960-01-08,7.546360626182411
1960-01-11,7.480810595480132
1960-01-12,7.459377963470703
1960-01-13,7.420861882376697
1960-01-14,7.492803922210581
1960-01-15,7.5187101967070165
1960-01-18,7.476499281002954
1960-01-19,7.400032671912631
1960-01-20,7.386047038052786
1960-01-21,7.390831233610825
1960-01-22,7.432062754299875
1960-01-25,7.324182955706674
1960-01-26,7.347997152210334
1960-01-27,7.318009001708556
1960-01-28,7.269967735917419
1960-01-29,7.166194156023018
1960-02-01,7.189631217375443
1960-02-02,7.3414782130649225
1960-02-03,7.278814362848577
1960-02-04,7.286935674664767
1960-02-05,7.263988373327124
1960-02-08,7.209019398528648
1960-02-09,7.2808099335582925
1960-02-10,7.268614962728135
1960-02-11,7.247176358742456
1960-02-12,7.27855115047924
1960-02-15,7.227667306984792
1960-02-16,7.115844508319021
1960-02-17,7.173722788722439
1960-02-18,7.28982853746336
1960-02-19,7.366475356950744
1960-02-23,7.364221226749141
1960-02-24,7.3560185651119525
1960-02-25,7.3934646160823085
1960-02-26,7.436249176247271
1960-02-29,7.436632221052443
1960-03-01,7.445759545040093
1960-03-02,7.390559649897206
1960-03-03,7.265700705935773
1960-03-04,7.208490597048236
1960-03-07,7.1345678470641705
1960-03-08,7.076020705697979
1960-03-09,7.162624937470869
1960-03-10,7.135713520256014
1960-03-11,7.183856642563965
1960-03-14,7.193636437002578
1960-03-15,7.246433321682875
1960-03-16,7.27312277725434
1960-03-17,7.24965137968233
1960-03-18,7.261748719619767
1960-03-21,7.271583879015369
1960-03-22,7.281382989291732
1960-03-23,7.310337288635357
1960-03-24,7.348720559253198
1960-03-25,7.4082920456220345
1960-03-28,7.434087004884927
1960-03-29,7.442013829734383
1960-03-30,7.504109973725975
1960-03-31,7.437381772643124
1960-04-01,7.488847676701354
1960-04-04,7.537936957550005
1960-04-05,7.5884017775822326
1960-04-06,7.631939818284958
1960-04-07,7.666751146257044
1960-04-08,7.704941897877281
1960-04-11,7.709204535933727
1960-04-12,7.7279966147868935
1960-04-13,7.74086347216444
1960-04-14,7.767557948341842
1960-04-18,7.792337489204324
1960-04-19,7.751853162660851
1960-04-20,7.663665624220077
1960-04-21,7.69467321488784
1960-04-22,7.685812587829948
1960-04-25,7.609678286829767
1960-04-26,7.632801588967363
1960-04-27,7.641278259723016
1960-04-28,7.595315600927591
1960-04-29,7.604428136380119
1960-05-02,7.592864645128331
1960-05-03,7.69798567966265
1960-05-04,7.739042254929214
1960-05-05,7.726129068666901
1960-05-06,7.758707490438792
1960-05-09,7.765707610487966
1960-05-10,7.756370004619657
1960-05-11,7.749268588301719
1960-05-12,7.787267363467642
1960-05-13,7.848043441828427
1960-05-16,7.833009420926099
1960-05-17,7.844391951267714
1960-05-18,7.816468337065827
1960-05-19,7.882678747137035
1960-05-20,7.933544645987576
1960-05-23,7.9782462095165
1960-05-24,8.023972304708007
1960-05-25,8.062885167738234
1960-05-26,8.118935649426705
1960-05-27,8.133734896283146
1960-05-31,8.187095522977602
1960-06-01,8.236322948022213
1960-06-02,8.272059381211871
1960-06-03,8.260533004238695
1960-06-06,8.246524641308682
1960-06-07,8.309550483698235
1960-06-08,8.34159392692666
1960-06-09,8.366646969235118
1960-06-10,8.372455682597003
1960-06-13,8.393240241651466
1960-06-14,8.434337492435612
1960-06-15,8.42410901084526
1960-06-16,8.3994158446828
1960-06-17,8.445788681936783
1960-06-20,8.443388813326527
1960-06-21,8.418056984410438
1960-06-22,8.371804830338565
1960-06-23,8.377054292566719
1960-06-24,8.375761592063402
1960-06-27,8.373709174193191
1960-06-28,8.263593520815432
1960-06-29,8.267470893802932
1960-06-30,8.258383453694732
1960-07-01,8.327227357034067
1960-07-05,8.330417478652215
1960-07-06,8.267134658248708
1960-07-07,8.318547855607797
1960-07-08,8.338960202851121
1960-07-11,8.250606109072384
1960-07-12,8.12720487697935
1960-07-13,8.104901661262522
1960-07-14,8.142037431672724
1960-07-15,8.151272526790082
1960-07-18,8.071668647185454
1960-07-19,8.07842496088691
1960-07-20,8.076966530396161
1960-07-21,8.018313659332156
1960-07-22,7.972675137926182
1960-07-25,7.845973633355057
1960-07-26,7.936423820760164
1960-07-27,7.879503754659832
1960-07-28,7.96103756164385
1960-07-29,8.13456991967392
1960-08-01,8.111544183419374
1960-08-02,8.033668695956182
1960-08-03,7.990668140818899
1960-08-04,8.032569680222345
1960-08-05,8.121103731127533
1960-08-08,8.130204776600806
1960-08-09,8.151597773507255
1960-08-10,8.195424478090418
1960-08-11,8.237715536687459
1960-08-12,8.29131547729862
1960-08-15,8.290641926647249
1960-08-16,8.349465329120553
1960-08-17,8.411138140093906
1960-08-18,8.402221873699432
1960-08-19,8.423072574925607
1960-08-22,8.4297897853997
1960-08-23,8.491595804723154
1960-08-24,8.519108464363589
1960-08-25,8.500532520008868
1960-08-26,8.498007454174344
1960-08-29,8.506815082002818
1960-08-30,8.43676189077508
1960-08-31,8.446384397767961
1960-09-01,8.484446120107311
1960-09-02,8.484155615564235
1960-09-06,8.40243547528623
1960-09-07,8.251791034253998
1960-09-08,8.293931164969477
1960-09-09,8.357148928960926
1960-09-12,8.288558039343807
1960-09-13,8.30832802765401
1960-09-14,8.212477947894596
1960-09-15,8.185783544137664
1960-09-16,8.191873772585124
1960-09-19,7.940150664905834
1960-09-20,7.982317543017476
1960-09-21,8.125120538498166
1960-09-22,8.104793488963043
1960-09-23,8.001727643121962
1960-09-26,7.8579170941916
1960-09-27,7.836122556278929
1960-09-28,7.758930620978386
1960-09-29,7.813208610845925
1960-09-30,7.951290383491033
1960-10-03,7.94434678519775
1960-10-04,7.899161346053643
1960-10-05,7.955237123097087
1960-10-06,8.02057018493516
1960-10-07,8.06527933229382
1960-10-10,8.096950514433594
1960-10-11,8.107601030141524
1960-10-12,8.077529909154993
1960-10-13,8.172125467406408
1960-10-14,8.198801850855855
1960-10-17,8.141247548447977
1960-10-18,8.100365294696502
1960-10-19,8.09321241951546
1960-10-20,7.998298941656465
1960-10-21,7.889699660367456
1960-10-24,7.754935949469551
1960-10-25,7.707255519684629
1960-10-26,7.85901780539079
1960-10-27,7.983394072702129
1960-10-28,7.947775427734381
1960-10-31,7.9770637478716635
1960-11-01,8.049145672833172
1960-11-02,8.07538617188459
1960-11-03,8.087880912785304
1960-11-04,8.137465012855765
1960-11-07,8.145050016615963
1960-11-09,8.206108670418121
1960-11-10,8.320019349142715
1960-11-11,8.28336857667975
1960-11-14,8.287415202175808
1960-11-15,8.372435453676866
1960-11-16,8.353745673120223
1960-11-17,8.380983012874829
1960-11-18,8.472027713108663
1960-11-21,8.554035973451876
1960-11-22,8.55923644365809
1960-11-23,8.622841454995836
1960-11-25,8.705671432774079
1960-11-28,8.737668578516084
1960-11-29,8.700994577497573
1960-11-30,8.655742747557403
1960-12-01,8.629407571336737
1960-12-02,8.669107399880337
1960-12-05,8.659308522862661
1960-12-06,8.693480045099113
1960-12-07,8.744718838081674
1960-12-08,8.79841870970629
1960-12-09,8.8671973197771
1960-12-12,8.952637952066953
1960-12-13,8.98561790285187
1960-12-14,9.001573657436394
1960-12-15,9.013222726405267
1960-12-16,9.082070753296154
1960-12-19,9.089674137247679
1960-12-20,9.071662031807419
1960-12-21,9.116814927516364
1960-12-22,9.069533941956095
1960-12-23,9.03487807647671
1960-12-27,9.072062729582324
1960-12-28,9.12572868635315
1960-12-29,9.180525587728328
1960-12-30,9.184332660937695
1961-01-03,9.081911502396549
1961-01-04,9.130698365627902
1961-01-05,9.184410836334303
1961-01-06,9.154812905981975
1961-01-09,9.231469096429148
1961-01-10,9.283667031568184
1961-01-11,9.370583147970274
1961-01-12,9.437567073880151
1961-01-13,9.472827629170972
1961-01-16,9.43645434265747
1961-01-17,9.426724955794514
1961-01-18,9.494021754425587
1961-01-19,9.532339760256614
1961-01-20,9.6182022550156
1961-01-23,9.650043905112767
1961-01-24,9.686628224532702
1961-01-25,9.683818574763642
1961-01-26,9.667203967780528
1961-01-27,9.768246151876943
1961-01-30,9.863528703091259
1961-01-31,9.80041142470216
1961-02-01,9.838272260436959
1961-02-02,9.903305175300186
1961-02-03,9.87928487485052
1961-02-06,9.870267792269894
1961-02-07,9.885729622667636
1961-02-08,10.03209915930907
1961-02-09,10.090821439916185
1961-02-10,10.029415973622484
1961-02-13,9.974288510742063
1961-02-14,10.025487656024755
1961-02-15,10.10031087452698
1961-02-16,10.138271800581363
1961-02-17,10.128898943369283
1961-02-20,10.181345782493922
1961-02-21,10.239822548445087
1961-02-23,10.317876510121085
1961-02-24,10.34855134768691
1961-02-27,10.4684089048704
1961-02-28,10.494212682505927
1961-03-01,10.458425923844302
1961-03-02,10.536695123215326
1961-03-03,10.568925980614893
1961-03-06,10.624875097056599
1961-03-07,10.592435049187927
1961-03-08,10.615713486730353
1961-03-09,10.629906275345332
1961-03-10,10.613143621878837
1961-03-13,10.626693434620337
1961-03-14,10.589900599678614
1961-03-15,10.664966770605023
1961-03-16,10.78988122887259
1961-03-17,10.87419810302723
1961-03-20,10.880656168954197
1961-03-21,10.875920074442204
1961-03-22,10.890494117075656
1961-03-23,10.845215689348416
1961-03-24,10.82580300796763
1961-03-27,10.816744361557646
1961-03-28,10.825121763051097
1961-03-29,10.935038022851655
1961-03-30,11.00574101808285
1961-04-03,11.087486173881468
1961-04-04,11.112043303172833
1961-04-05,11.052742688948602
1961-04-06,11.049229977878085
1961-04-07,11.105966949610798
1961-04-10,11.14194381356856
1961-04-11,11.146510659854398
1961-04-12,11.10558048934601
1961-04-13,11.157285897308967
1961-04-14,11.22194852141569
1961-04-17,11.259995552646554
1961-04-18,11.17241444245316
1961-04-19,11.123255760078585
1961-04-20,11.130851925441291
1961-04-21,11.127705929530501
1961-04-24,10.838920477442871
1961-04-25,10.985873121099209
1961-04-26,11.056066707721119
1961-04-27,11.01868754743353
1961-04-28,10.942562528720542
1961-05-01,10.889838349321463
1961-05-02,10.948478616903914
1961-05-03,11.043811109753936
1961-05-04,11.072595851596096
1961-05-05,11.118721059728223
1961-05-08,11.16899110004875
1961-05-09,11.168237269165793
1961-05-10,11.181729548811042
1961-05-11,11.207790150059033
1961-05-12,11.20341165925069
1961-05-15,11.258848438774018
1961-05-16,11.28003149642641
1961-05-17,11.220042893595275
1961-05-18,11.099441858639574
1961-05-19,11.156144754083199
1961-05-22,11.06631063738365
1961-05-23,11.053963639535011
1961-05-24,11.05246791630289
1961-05-25,11.084890060039953
1961-05-26,11.159908432993737
1961-05-31,11.159609886278108
1961-06-01,11.123585908472885
1961-06-02,11.128545598849382
1961-06-05,11.142081047457808
1961-06-06,11.116691142127229
1961-06-07,11.01993419589444
1961-06-08,10.98270340795878
1961-06-09,11.008238597942938
1961-06-12,10.929335134448957
1961-06-13,10.881098443153594
1961-06-14,10.908950761576842
1961-06-15,10.840017914571787
1961-06-16,10.781407644284936
1961-06-19,10.659011971654007
1961-06-20,10.819616875788132
1961-06-21,10.842378008265701
1961-06-22,10.795585711168142
1961-06-23,10.83786080101704
1961-06-26,10.71026769323457
1961-06-27,10.724667118950206
1961-06-28,10.775015408239579
1961-06-29,10.76968779233061
1961-06-30,10.814799656949724
1961-07-03,10.912654851751352
1961-07-05,10.99884846060496
1961-07-06,11.03609621938314
1961-07-07,11.025187909871773
1961-07-10,11.019323934491089
1961-07-11,10.937332002793347
1961-07-12,10.843834666529629
1961-07-13,10.78785589454577
1961-07-14,10.86467551631118
1961-07-17,10.77700498524358
1961-07-18,10.666668086212358
1961-07-19,10.712350699771369
1961-07-20,10.73734201695929
1961-07-21,10.760615735903588
1961-07-24,10.716834740206176
1961-07-25,10.78247487198093
1961-07-26,10.850598129514427
1961-07-27,10.94065057788707
1961-07-28,10.983877106728057
1961-07-31,10.98229402227291
1961-08-01,11.048055910046749
1961-08-02,11.01641697315093
1961-08-03,11.053562558930004
1961-08-04,11.089932693113166
1961-08-07,11.091377776646658
1961-08-08,11.133493344991443
1961-08-09,11.144876779296789
1961-08-10,11.186329084641997
1961-08-11,11.21147465932457
1961-08-14,11.149744721994606
1961-08-15,11.147200481552836
1961-08-16,11.156225569522501
1961-08-17,11.234823011771327
1961-08-18,11.30520181627399
1961-08-21,11.333076951721239
1961-08-22,11.318793611349076
1961-08-23,11.287433408214236
1961-08-24,11.251553659866032
1961-08-25,11.252095941751081
1961-08-28,11.29296767734118
1961-08-29,11.312693528337876
1961-08-30,11.329811565208315
1961-08-31,11.33602501773524
1961-09-01,11.401519886905085
1961-09-05,11.404696238751438
1961-09-06,11.501477229452178
1961-09-07,11.448265625909496
1961-09-08,11.376545891465954
1961-09-11,11.308649758821334
1961-09-12,11.383936158797878
1961-09-13,11.387711703264056
1961-09-14,11.334758931753722
1961-09-15,11.308315353549546
1961-09-18,11.252239158857732
1961-09-19,11.123860704696447
1961-09-20,11.167437692157197
1961-09-21,11.204684141009364
1961-09-22,11.166182783410573
1961-09-25,10.96491596283023
1961-09-26,10.989370736397767
1961-09-27,11.08779496012365
1961-09-28,11.138962733365467
1961-09-29,11.205522352773151
1961-10-02,11.196833651113842
1961-10-03,11.161509682745868
1961-10-04,11.246221765833502
1961-10-05,11.321047741298484
1961-10-06,11.393824868306256
1961-10-09,11.447554919816595
1961-10-10,11.542473433058362
1961-10-11,11.53882151399463
1961-10-12,11.500971507897903
1961-10-13,11.481419730697898
1961-10-16,11.4369479116449
1961-10-17,11.478020760827544
1961-10-18,11.529056172113462
1961-10-19,11.50294785625444
1961-10-20,11.485916339365259
1961-10-23,11.367633503992288
1961-10-24,11.343158864121595
1961-10-25,11.37429973315776
1961-10-26,11.44423187760137
1961-10-27,11.480218333051438
1961-10-30,11.521095503904366
1961-10-31,11.53005221611995
1961-11-01,11.528246979494405
1961-11-02,11.531209024391238
1961-11-03,11.649136765049724
1961-11-06,11.748166548946148
1961-11-08,11.7902348170549
1961-11-09,11.811079016418129
1961-11-10,11.886171430164564
1961-11-13,11.93486367684773
1961-11-14,11.987855980579209
1961-11-15,12.002781733908542
1961-11-16,12.017670953912289
1961-11-17,11.992625038557826
1961-11-20,12.027760005092258
1961-11-21,12.047437941326598
1961-11-22,12.033983424474489
1961-11-24,12.094153246619182
1961-11-27,12.124417055948118
1961-11-28,12.144779998544577
1961-11-29,12.124760868061662
1961-11-30,12.05452912808122
1961-12-01,12.144683475419736
1961-12-04,12.096595023920104
1961-12-05,12.069288152163745
1961-12-06,12.092690519600994
1961-12-07,12.035096745517249
1961-12-08,12.085113680707341
1961-12-11,12.0964617639941
1961-12-12,12.063343544388164
1961-12-13,12.03033302608211
1961-12-14,11.96506653187118
1961-12-15,11.9312574579587
1961-12-18,11.905661165528604
1961-12-19,11.865415149460402
1961-12-20,11.866099646142933
1961-12-21,11.82886917977124
1961-12-22,11.816149732795909
1961-12-26,11.788994114075319
1961-12-27,11.83998073431624
1961-12-28,11.817218470518114
1961-12-29,11.824046969051933
1962-01-02,11.730844709840206
1962-01-03,11.690640484807512
1962-01-04,11.551173774825184
1962-01-05,11.411562775494803
1962-01-08,11.32546094768837
1962-01-09,11.335692084434388
1962-01-10,11.29264450461369
1962-01-11,11.36073134352577
1962-01-12,11.42784838899578
1962-01-15,11.383311718818518
1962-01-16,11.33745738773185
1962-01-17,11.241535298984859
1962-01-18,11.240461535580376
1962-01-19,11.358259627569838
1962-01-22,11.369587104385063
1962-01-23,11.277427186122125
1962-01-24,11.28550383992486
1962-01-25,11.260623417578245
1962-01-26,11.21014335528857
1962-01-29,11.178070617830814
1962-01-30,11.25799674383883
1962-01-31,11.394328554631134
1962-02-01,11.498905928514445
1962-02-02,11.569940691981722
1962-02-05,11.603904905651499
1962-02-06,11.62316034065153
1962-02-07,11.67622975301941
1962-02-08,11.661952421459992
1962-02-09,11.65716041827468
1962-02-12,11.66480108030497
1962-02-13,11.642526739705524
1962-02-14,11.641564359260403
1962-02-15,11.735374878996085
1962-02-16,11.692531503081646
1962-02-19,11.619956436519937
1962-02-20,11.6421874809523
1962-02-21,11.582661163339482
1962-02-23,11.519230434681482
1962-02-26,11.456206183211512
1962-02-27,11.480767997144344
1962-02-28,11.501068046716473
1962-03-01,11.527892212263088
1962-03-02,11.505338273569787
1962-03-05,11.467192142754596
1962-03-06,11.42889955001438
1962-03-07,11.420941384469502
1962-03-08,11.493192425376941
1962-03-09,11.5213507252626
1962-03-12,11.510933574704007
1962-03-13,11.54844511818
1962-03-14,11.58993848352096
1962-03-15,11.60250914231951
1962-03-16,11.611838858163821
1962-03-19,11.59033585751643
1962-03-20,11.577075445711309
1962-03-21,11.589044557302485
1962-03-22,11.618715919639126
1962-03-23,11.650770097781532
1962-03-26,11.559417763081202
1962-03-27,11.488259089632832
1962-03-28,11.551314320495663
1962-03-29,11.557336083905383
1962-03-30,11.475213178656848
1962-04-02,11.40801826273219
1962-04-03,11.288454428569556
1962-04-04,11.239054193096155
1962-04-05,11.29520771432762
1962-04-06,11.302986222507304
1962-04-09,11.156219832530775
1962-04-10,11.196077397367388
1962-04-11,11.171941316885686
1962-04-12,11.060254884682704
1962-04-13,11.063878401135838
1962-04-16,11.027643300381316
1962-04-17,11.068053630883501
1962-04-18,11.124002774605565
1962-04-19,11.209339593367352
1962-04-23,11.222843772313185
1962-04-24,11.187554058851193
1962-04-25,11.068494798086848
1962-04-26,10.962412296645235
1962-04-27,10.855251390579914
1962-04-30,10.634215494350938
1962-05-01,10.719300283140342
1962-05-02,10.799768715780175
1962-05-03,10.880950108246218
1962-05-04,10.862055796255701
1962-05-07,10.817847251877375
1962-05-08,10.678976764182298
1962-05-09,10.539485699688113
1962-05-10,10.437453049169104
1962-05-11,10.279373047457902
1962-05-14,10.332976271532832
1962-05-15,10.495856558261508
1962-05-16,10.496469376462663
1962-05-17,10.405299567064
1962-05-18,10.36412002071342
1962-05-21,10.313234573103424
1962-05-22,10.122283912051957
1962-05-23,9.917814322382064
1962-05-24,9.80630796695247
1962-05-25,9.626902999261796
1962-05-28,9.010297225989516
1962-05-29,9.254362353043607
1962-05-31,9.552110835004157
1962-06-01,9.556300846662017
1962-06-04,9.213336534622064
1962-06-05,9.22793428781527
1962-06-06,9.375693399848279
1962-06-07,9.349587472992456
1962-06-08,9.368649854472501
1962-06-11,9.275878120169775
1962-06-12,9.063340658056593
1962-06-13,8.892845288415106
1962-06-14,8.692253262240728
1962-06-15,8.912952592896373
1962-06-18,8.937726455426965
1962-06-19,8.909499219296935
1962-06-20,8.801522620110607
1962-06-21,8.629497003587153
1962-06-22,8.468498892661344
1962-06-25,8.392630331310801
1962-06-26,8.404450748774535
1962-06-27,8.393260693366384
1962-06-28,8.685353747921585
1962-06-29,8.735010003916491
1962-07-02,8.916359197569333
1962-07-03,9.031011091825615
1962-07-05,9.129189065940126
1962-07-06,9.045789091997527
1962-07-09,9.088998912134903
1962-07-10,9.21866538519522
1962-07-11,9.282535839132072
1962-07-12,9.364448882708095
1962-07-13,9.318623295957336
1962-07-16,9.322020638868059
1962-07-17,9.179575539273968
1962-07-18,9.103351039872766
1962-07-19,9.147659638360661
1962-07-20,9.183494255294653
1962-07-23,9.184434920504634
1962-07-24,9.14531299830456
1962-07-25,9.153897094715601
1962-07-26,9.203159043539289
1962-07-27,9.274318941040443
1962-07-30,9.335977333581228
1962-07-31,9.38270281126746
1962-08-01,9.336690734686481
1962-08-02,9.328993175345289
1962-08-03,9.35499266176399
1962-08-06,9.328037983322226
1962-08-07,9.278534662331177
1962-08-08,9.300691545218978
1962-08-09,9.313552393686695
1962-08-10,9.328306383891897
1962-08-13,9.359456382872304
1962-08-14,9.432737929957657
1962-08-15,9.513913669969682
1962-08-16,9.495130518509221
1962-08-17,9.53376675756957
1962-08-20,9.593691118673641
1962-08-21,9.552062154349327
1962-08-22,9.64271432814971
1962-08-23,9.641850497513602
1962-08-24,9.622319839948613
1962-08-27,9.624276063163512
1962-08-28,9.537994693217577
1962-08-29,9.50633950622157
1962-08-30,9.514484949443059
1962-08-31,9.592654869636544
1962-09-04,9.52785290622238
1962-09-05,9.462961543016457
1962-09-06,9.490415663687592
1962-09-07,9.489099324443078
1962-09-10,9.498540745140309
1962-09-11,9.504106675262605
1962-09-12,9.53608157197565
1962-09-13,9.5297892456413
1962-09-14,9.564767439277244
1962-09-17,9.574115525635554
1962-09-18,9.577646723815086
1962-09-19,9.566938101405398
1962-09-20,9.532095140652457
1962-09-21,9.383878049644885
1962-09-24,9.249131251524354
1962-09-25,9.276514091835969
1962-09-26,9.181732281092193
1962-09-27,9.122320875808741
1962-09-28,9.161921088190535
1962-10-01,9.052145495910857
1962-10-02,9.128989526183377
1962-10-03,9.17489842272629
1962-10-04,9.226469990512152
1962-10-05,9.276433944906948
1962-10-08,9.281655809149855
1962-10-09,9.293744987842196
1962-10-10,9.27998467889793
1962-10-11,9.268213716755726
1962-10-12,9.25416010772247
1962-10-15,9.26497790850217
1962-10-16,9.259227774946199
1962-10-17,9.2111277214294
1962-10-18,9.138568833355693
1962-10-19,9.010586052848142
1962-10-22,8.913830425741345
1962-10-23,8.680238980519643
1962-10-24,8.8380974823213
1962-10-25,8.801794413977536
1962-10-26,8.790997820132315
1962-10-29,8.97304135875723
1962-10-30,9.085512630610676
1962-10-31,9.093609798572169
1962-11-01,9.15826210965835
1962-11-02,9.2580672492382
1962-11-05,9.356037287305572
1962-11-07,9.431501903395262
1962-11-08,9.415419099304314
1962-11-09,9.495429533027373
1962-11-12,9.610554482040358
1962-11-13,9.615088029046362
1962-11-14,9.722676203217475
1962-11-15,9.711657198265979
1962-11-16,9.732857778461085
1962-11-19,9.726343957443493
1962-11-20,9.823037675384791
1962-11-21,9.89877139487877
1962-11-23,10.00053902360076
1962-11-26,9.980897402713087
1962-11-27,10.031380902903813
1962-11-28,10.096770303201309
1962-11-29,10.135464829363269
1962-11-30,10.155085745343499
1962-12-03,10.108356849886087
1962-12-04,10.204233601082882
1962-12-05,10.26785221696875
1962-12-06,10.273570496360339
1962-12-07,10.273420889538825
1962-12-10,10.140706507839216
1962-12-11,10.134552460061336
1962-12-12,10.165828740106962
1962-12-13,10.145535319847676
1962-12-14,10.148174034348845
1962-12-17,10.122010448519509
1962-12-18,10.10426379733179
1962-12-19,10.167645653459532
1962-12-20,10.235647462264518
1962-12-21,10.2228012681283
1962-12-24,10.208483561920815
1962-12-26,10.262315894472701
1962-12-27,10.247975699794049
1962-12-28,10.276299393588735
1962-12-31,10.302250706263136
1963-01-02,10.26961084571106
1963-01-03,10.420866951737743
1963-01-04,10.484065490473963
1963-01-07,10.482085655673316
1963-01-08,10.562648370457737
1963-01-09,10.566930276666135
1963-01-10,10.59425901299289
1963-01-11,10.62977036278576
1963-01-14,10.694719501921632
1963-01-15,10.70004365975164
1963-01-16,10.629834554151746
1963-01-17,10.691293699740479
1963-01-18,10.684895208647534
1963-01-21,10.72543725526617
1963-01-22,10.75560450374415
1963-01-23,10.75686342971416
1963-01-24,10.802748019753569
1963-01-25,10.840018935878508
1963-01-28,10.876254398432367
1963-01-29,10.893875445337057
1963-01-30,10.822488659715827
1963-01-31,10.891664363346615
1963-02-01,10.935909667966175
1963-02-04,10.89642533406113
1963-02-05,10.881397794763002
1963-02-06,10.906141306489967
1963-02-07,10.89566939917858
1963-02-08,10.913215072627901
1963-02-11,10.871000991290282
1963-02-12,10.880840849390053
1963-02-13,10.933185064869635
1963-02-14,10.974842489975122
1963-02-15,10.986812649732348
1963-02-18,11.004011748827786
1963-02-19,10.9637153887274
1963-02-20,10.941592974318564
1963-02-21,10.941968114766528
1963-02-25,10.883648523987365
1963-02-26,10.88825284638363
1963-02-27,10.827330124015683
1963-02-28,10.697248947962413
1963-03-01,10.67704751641367
1963-03-04,10.804257637394366
1963-03-05,10.796065080797836
1963-03-06,10.801097794710797
1963-03-07,10.844696556011048
1963-03-08,10.87958451884877
1963-03-11,10.898258067788225
1963-03-12,10.91343787948336
1963-03-13,10.953732400471832
1963-03-14,10.905660741874629
1963-03-15,10.915220995356245
1963-03-18,10.886585273157728
1963-03-19,10.837817815410691
1963-03-20,10.920187491735833
1963-03-21,10.912442625835252
1963-03-22,10.937613743464246
1963-03-25,10.965678598486049
1963-03-26,10.989289906155669
1963-03-27,11.020092970565397
1963-03-28,11.020131957745942
1963-03-29,11.04039823246868
1963-04-01,11.074031179430763
1963-04-02,11.090061788915278
1963-04-03,11.156083237779931
1963-04-04,11.224045090493503
1963-04-05,11.275353270160297
1963-04-08,11.3175348211249
1963-04-09,11.325172318304752
1963-04-10,11.272157189544135
1963-04-11,11.332149050443169
1963-04-15,11.40135388448695
1963-04-16,11.403124088140526
1963-04-17,11.406291201611152
1963-04-18,11.429064263356793
1963-04-19,11.463991081952116
1963-04-22,11.473227378023472
1963-04-23,11.539290539561305
1963-04-24,11.578235056437773
1963-04-25,11.599320086230112
1963-04-26,11.586768253028946
1963-04-29,11.57937361995731
1963-04-30,11.632633052955484
1963-05-01,11.65050746063386
1963-05-02,11.668065353559966
1963-05-03,11.669148822885719
1963-05-06,11.6133478839198
1963-05-07,11.607259883147897
1963-05-08,11.705822468077129
1963-05-09,11.745355591910188
1963-05-10,11.780214514499885
1963-05-13,11.778975507246464
1963-05-14,11.784142045089691
1963-05-15,11.816192686605836
1963-05-16,11.798439373968927
1963-05-17,11.789407198796546
1963-05-20,11.75976854115384
1963-05-21,11.76589336285228
1963-05-22,11.778520867456304
1963-05-23,11.777454155720267
1963-05-24,11.770329373623051
1963-05-27,11.74724388887445
1963-05-28,11.75293633952342
1963-05-29,11.82810798108168
1963-05-31,11.892664580189043
1963-06-03,11.921107117306756
1963-06-04,11.930437298890588
1963-06-05,11.916041670185223
1963-06-06,11.913487609473265
1963-06-07,11.87757430463594
1963-06-10,11.793229089026212
1963-06-11,11.80476645792521
1963-06-12,11.859395793975523
1963-06-13,11.833397906697297
1963-06-14,11.84386862176399
1963-06-17,11.819556875920924
1963-06-18,11.829576486538972
1963-06-19,11.818938116466764
1963-06-20,11.811360966309492
1963-06-21,11.861414734455307
1963-06-24,11.854145828680819
1963-06-25,11.8182652444642
1963-06-26,11.70745798704943
1963-06-27,11.613010098913565
1963-06-28,11.661947039530203
1963-07-01,11.575553450582824
1963-07-02,11.656104783762935
1963-07-03,11.713548787863981
1963-07-05,11.757791126587144
1963-07-08,11.69321740710746
1963-07-09,11.76273595160914
1963-07-10,11.748672542969757
1963-07-11,11.743555724753989
1963-07-12,11.736671388391862
1963-07-15,11.652570673500305
1963-07-16,11.66876744069172
1963-07-17,11.640044276188414
1963-07-18,11.56277983410573
1963-07-19,11.532700733163386
1963-07-22,11.448832410974518
1963-07-23,11.432231380037413
1963-07-24,11.49815939624199
1963-07-25,11.488484947453195
1963-07-26,11.519854687156638
1963-07-29,11.53623901139267
1963-07-30,11.65161092630067
1963-07-31,11.6275228934829
1963-08-01,11.606162534325396
1963-08-02,11.654957201104606
1963-08-05,11.765358916212275
1963-08-06,11.797407753234232
1963-08-07,11.785809758324222
1963-08-08,11.798311821774645
1963-08-09,11.884747068956566
1963-08-12,11.93058677829887
1963-08-13,11.943841942286557
1963-08-14,11.984501681857184
1963-08-15,12.054338693994417
1963-08-16,12.071904053732366
1963-08-19,12.065300200184492
1963-08-20,12.073571761914605
1963-08-21,12.092033942795847
1963-08-22,12.146564542613762
1963-08-23,12.211004860736853
1963-08-26,12.229934344579172
1963-08-27,12.17707948419482
1963-08-28,12.286730644982327
1963-08-29,12.311156696642211
1963-08-30,12.355750938839561
1963-09-03,12.380591929733772
1963-09-04,12.385943601748272
1963-09-05,12.413166562587884
1963-09-06,12.385512071918491
1963-09-09,12.353441045721937
1963-09-10,12.447378826098127
1963-09-11,12.491724260697985
1963-09-12,12.48578966413381
1963-09-13,12.483663672260015
1963-09-16,12.479722760886778
1963-09-17,12.491299151205563
1963-09-18,12.42813319157201
1963-09-19,12.478135632171515
1963-09-20,12.510308873066544
1963-09-23,12.408883718808516
1963-09-24,12.415463515399248
1963-09-25,12.338255536488
1963-09-26,12.24713358192653
1963-09-27,12.234034496091558
1963-09-30,12.126848454794276
1963-10-01,12.203592718239344
1963-10-02,12.215554225132973
1963-10-03,12.319771357839246
1963-10-04,12.336111412504586
1963-10-07,12.294869558146948
1963-10-08,12.294350571792428
1963-10-09,12.216138023536818
1963-10-10,12.222890189613988
1963-10-11,12.277370603018465
1963-10-14,12.321020315411248
1963-10-15,12.410539189875571
1963-10-16,12.538370397169924
1963-10-17,12.53223389187254
1963-10-18,12.551132407812945
1963-10-21,12.543738396464866
1963-10-22,12.49661674658348
1963-10-23,12.452517515620213
1963-10-24,12.582152898485155
1963-10-25,12.659797121462923
1963-10-28,12.652924828728372
1963-10-29,12.663979857851354
1963-10-30,12.57358095413094
1963-10-31,12.599888871750338
1963-11-01,12.619586691460283
1963-11-04,12.551767828919434
1963-11-06,12.464860110633516
1963-11-07,12.506603067257672
1963-11-08,12.568579464068506
1963-11-11,12.582381974136226
1963-11-12,12.556087192889779
1963-11-13,12.577013532573542
1963-11-14,12.534890796419804
1963-11-15,12.476305029322916
1963-11-18,12.355024368145223
1963-11-19,12.378256504606755
1963-11-20,12.391402306032075
1963-11-21,12.215878801742988
1963-11-22,11.89243324583615
1963-11-26,12.333524048126751
1963-11-27,12.337612099534764
1963-11-29,12.522297995768028
1963-12-02,12.596368814763295
1963-12-03,12.576756635417414
1963-12-04,12.63946514860902
1963-12-05,12.713121968790393
1963-12-06,12.705716026081271
1963-12-09,12.678256331417526
1963-12-10,12.686804275186857
1963-12-11,12.67733531087144
1963-12-12,12.67138474814326
1963-12-13,12.70091010785759
1963-12-16,12.75261009319014
1963-12-17,12.808316346292349
1963-12-18,12.781259106050312
1963-12-19,12.694252982243794
1963-12-20,12.655485250876213
1963-12-23,12.563922017580849
1963-12-24,12.611736706910143
1963-12-26,12.680547890481702
1963-12-27,12.695328792577508
1963-12-30,12.733696954111664
1963-12-31,12.813490212557424
1964-01-02,12.913347671754963
1964-01-03,12.97997890589871
1964-01-06,13.000309578195287
1964-01-07,13.015036755277082
1964-01-08,13.07401799425665
1964-01-09,13.123714789779571
1964-01-10,13.10080680372226
1964-01-13,13.116512667942203
1964-01-14,13.142309495306085
1964-01-15,13.231120485928914
1964-01-16,13.192593302027422
1964-01-17,13.212799142960531
1964-01-20,13.152750351146546
1964-01-21,13.14170778416121
1964-01-22,13.19281519511293
1964-01-23,13.235451798542654
1964-01-24,13.263091309412232
1964-01-27,13.209307843441525
1964-01-28,13.173723119867134
1964-01-29,13.09010270257444
1964-01-30,13.07934493127849
1964-01-31,13.129263862772447
1964-02-03,13.146369404027437
1964-02-04,13.090286178575516
1964-02-05,13.05009428510563
1964-02-06,13.10804426317748
1964-02-07,13.146307151013866
1964-02-10,13.142623284551258
1964-02-11,13.197269447241808
1964-02-12,13.248926239149318
1964-02-13,13.290741055544153
1964-02-14,13.299234669573185
1964-02-17,13.30314358412616
1964-02-18,13.289831325424913
1964-02-19,13.35766587403107
1964-02-20,13.38983979180539
1964-02-24,13.410624589160241
1964-02-25,13.406667609705151
1964-02-26,13.48572709652686
1964-02-27,13.426418011402495
1964-02-28,13.467747899008339
1964-03-02,13.498558609100616
1964-03-03,13.508708771459572
1964-03-04,13.486014673528581
1964-03-05,13.512068327137866
1964-03-06,13.576682802261338
1964-03-09,13.59232936939536
1964-03-10,13.634180009603591
1964-03-11,13.677006536491946
1964-03-12,13.695319173204913
1964-03-13,13.729719254056986
1964-03-16,13.727457802000307
1964-03-17,13.786992165815372
1964-03-18,13.798600041307232
1964-03-19,13.774003312649809
1964-03-20,13.737087192183578
1964-03-23,13.732565611801109
1964-03-24,13.715635939241633
1964-03-25,13.757975313023486
1964-03-26,13.813670981633658
1964-03-30,13.75132286606636
1964-03-31,13.667181859429794
1964-04-01,13.733296852195664
1964-04-02,13.762423444087355
1964-04-03,13.809499710933292
1964-04-06,13.837130140384241
1964-04-07,13.78894365634926
1964-04-08,13.820216184747467
1964-04-09,13.861767345870708
1964-04-10,13.909797304249388
1964-04-13,13.900153114660363
1964-04-14,13.88920459153827
1964-04-15,13.866602699315427
1964-04-16,13.875108075412736
1964-04-17,13.936405701358415
1964-04-20,13.94558937720974
1964-04-21,13.935658971137748
1964-04-22,13.961995595843103
1964-04-23,13.899211585101746
1964-04-24,13.787547085781497
1964-04-27,13.681815989673629
1964-04-28,13.798293405756642
1964-04-29,13.757334933073691
1964-04-30,13.722032695025442
1964-05-01,13.846621655176014
1964-05-04,13.914352995183656
1964-05-05,13.937053396613605
1964-05-06,13.986065203749172
1964-05-07,14.009118314963837
1964-05-08,14.02099430029038
1964-05-11,14.008555018374668
1964-05-12,14.033631699770817
1964-05-13,13.988497801950045
1964-05-14,13.986589133810009
1964-05-15,14.018821953420787
1964-05-18,13.975154234749535
1964-05-19,13.929387291178914
1964-05-20,14.01287691085022
1964-05-21,14.022950308053034
1964-05-22,14.022809430396572
1964-05-25,14.026105197300907
1964-05-26,13.99270651484709
1964-05-27,13.953826611148992
1964-05-28,13.984520201789572
1964-06-01,13.92744654109834
1964-06-02,13.84667788721559
1964-06-03,13.796579825687715
1964-06-04,13.617859845954275
1964-06-05,13.650865489528059
1964-06-08,13.541021293398723
1964-06-09,13.63476567050424
1964-06-10,13.678645753949244
1964-06-11,13.71492851953786
1964-06-12,13.729983114352994
1964-06-15,13.793186590918593
1964-06-16,13.850351168724131
1964-06-17,13.908209871865898
1964-06-18,13.902416342793412
1964-06-19,13.91869218893444
1964-06-22,13.969755547747157
1964-06-23,13.920744195251435
1964-06-24,13.990875248899139
1964-06-25,14.017672510233908
1964-06-26,14.040162390845069
1964-06-29,14.054690776265655
1964-06-30,14.070116943670314
1964-07-01,14.171354593245669
1964-07-02,14.210105177585383
1964-07-06,14.27030870832876
1964-07-07,14.28987738016894
1964-07-08,14.296022658485606
1964-07-09,14.310301790989678
1964-07-10,14.338012071550937
1964-07-13,14.340367025421575
1964-07-14,14.295579694222447
1964-07-15,14.35045269483012
1964-07-16,14.375925463076666
1964-07-17,14.444820828870045
1964-07-20,14.392238937380988
1964-07-21,14.36738164875723
1964-07-22,14.385092403899616
1964-07-23,14.361203973096885
1964-07-24,14.344164800531773
1964-07-27,14.288585511715457
1964-07-28,14.255449740001325
1964-07-29,14.304542492329489
1964-07-30,14.329239676838055
1964-07-31,14.332944656859434
1964-08-03,14.322107761588155
1964-08-04,14.132773575589313
1964-08-05,14.146077066554142
1964-08-06,14.02006145904633
1964-08-07,14.132806717744174
1964-08-10,14.13416412734574
1964-08-11,14.142341461666978
1964-08-12,14.232830401113421
1964-08-13,14.298102718035334
1964-08-14,14.301656516389967
1964-08-17,14.296282971165375
1964-08-18,14.321147479990836
1964-08-19,14.310410774156168
1964-08-20,14.252921294113328
1964-08-21,14.282259473128878
1964-08-24,14.253955606951376
1964-08-25,14.178095657583244
1964-08-26,14.148193505087667
1964-08-27,14.214026719584194
1964-08-28,14.275998845389394
1964-08-31,14.258596626489094
1964-09-01,14.348760473653133
1964-09-02,14.38588564763139
1964-09-03,14.433467921518663
1964-09-04,14.504980532105156
1964-09-08,14.497739825229333
1964-09-09,14.511159391362805
1964-09-10,14.549905740431267
1964-09-11,14.623430069725023
1964-09-14,14.569528411161876
1964-09-15,14.560355669405485
1964-09-16,14.57247697007123
1964-09-17,14.65859904581968
1964-09-18,14.619048810976318
1964-09-21,14.700908877603817
1964-09-22,14.686286760096165
1964-09-23,14.73156232437454
1964-09-24,14.752649294847798
1964-09-25,14.807421848001125
1964-09-28,14.838351141218077
1964-09-29,14.81238938962137
1964-09-30,14.825359414743009
1964-10-01,14.79330688633536
1964-10-02,14.798977453957697
1964-10-05,14.871752240282838
1964-10-06,14.904700850704932
1964-10-07,14.90401309888129
1964-10-08,14.938802733602953
1964-10-09,14.999541593783599
1964-10-12,14.997303715310553
1964-10-13,14.974515317308875
1964-10-14,14.988311147868005
1964-10-15,14.851516473852428
1964-10-16,15.007839434235892
1964-10-19,15.06729480769788
1964-10-20,15.136497783579154
1964-10-21,15.112531273416902
1964-10-22,15.095726460136826
1964-10-23,15.16785145530949
1964-10-26,15.13007851990077
1964-10-27,15.123482801464794
1964-10-28,15.044373594568784
1964-10-29,15.03747490635421
1964-10-30,15.038665503370368
1964-11-02,15.134363334205128
1964-11-04,15.127336326768223
1964-11-05,15.111188209993434
1964-11-06,15.11931943960277
1964-11-09,15.078278566972394
1964-11-10,15.005070523481415
1964-11-11,15.054481035042112
1964-11-12,15.111387382795051
1964-11-13,15.16513607402924
1964-11-16,15.20836946727866
1964-11-17,15.30410809665975
1964-11-18,15.364380026503667
1964-11-19,15.357928897279278
1964-11-20,15.359409218080971
1964-11-23,15.348871918826251
1964-11-24,15.311118364546529
1964-11-25,15.30340584272032
1964-11-27,15.255917586530574
1964-11-30,15.139317712561347
1964-12-01,15.000750905431099
1964-12-02,15.026189618345763
1964-12-03,15.08458279645126
1964-12-04,15.100685637646833
1964-12-07,15.09430707666737
1964-12-08,15.003620008219698
1964-12-09,14.887020392980347
1964-12-10,14.856105344280122
1964-12-11,14.876314504363116
1964-12-14,14.867304800729418
1964-12-15,14.78223308280806
1964-12-16,14.822291246002752
1964-12-17,14.902854749700378
1964-12-18,15.004443170421428
1964-12-21,15.007241526375514
1964-12-22,14.974393584342252
1964-12-23,14.922713708896422
1964-12-24,14.942716413795521
1964-12-28,14.91601353009632
1964-12-29,14.882905614078606
1964-12-30,14.962858130924698
1964-12-31,15.033657162428996
1965-01-04,14.98399516935485
1965-01-05,15.051222917659723
1965-01-06,15.126142837028691
1965-01-07,15.220216076975786
1965-01-08,15.273194955848878
1965-01-11,15.24721030818468
1965-01-12,15.259457537853315
1965-01-13,15.316251841015822
1965-01-14,15.359254548854924
1965-01-15,15.418822490975545
1965-01-18,15.43834623744452
1965-01-19,15.453046988861187
1965-01-20,15.455619329738786
1965-01-21,15.471993200696964
1965-01-22,15.560390604972174
1965-01-25,15.582211099476861
1965-01-26,15.615879668233958
1965-01-27,15.689027396115215
1965-01-28,15.766727556799013
1965-01-29,15.839406718090807
1965-02-01,15.832646461668768
1965-02-02,15.865587464554313
1965-02-03,15.920465556376142
1965-02-04,15.926646267457198
1965-02-05,15.924269429586749
1965-02-08,15.919457111732525
1965-02-09,15.971418171710399
1965-02-10,15.843959216395474
1965-02-11,15.68523004163615
1965-02-12,15.864486640124838
1965-02-15,15.893561146052347
1965-02-16,15.904226662801229
1965-02-17,15.942359286707148
1965-02-18,15.97096031919918
1965-02-19,16.03268137232372
1965-02-23,16.136378143235557
1965-02-24,16.24686917176349
1965-02-25,16.2986762400856
1965-02-26,16.346577955960154
1965-03-01,16.340594396196924
1965-03-02,16.367940109441356
1965-03-03,16.35565662923709
1965-03-04,16.326001659835672
1965-03-05,16.249898264842685
1965-03-08,16.290690414178954
1965-03-09,16.253677225954704
1965-03-10,16.253564345109403
1965-03-11,16.29689878248562
1965-03-12,16.37773553789717
1965-03-15,16.389899365626857
1965-03-16,16.32498086823054
1965-03-17,16.265450212882698
1965-03-18,16.25620895502962
1965-03-19,16.290293504460436
1965-03-22,16.310273970964317
1965-03-23,16.319077674903635
1965-03-24,16.331089321143782
1965-03-25,16.302844364882993
1965-03-26,16.255399022506918
1965-03-29,16.202388472875477
1965-03-30,16.24401229044835
1965-03-31,16.29947610214354
1965-04-01,16.326022230807286
1965-04-02,16.347382407473262
1965-04-05,16.348310048840883
1965-04-06,16.353307091023893
1965-04-07,16.40215350339837
1965-04-08,16.505943935766947
1965-04-09,16.59929908828396
1965-04-12,16.690741003936804
1965-04-13,16.793411873930616
1965-04-14,16.874425612408988
1965-04-15,16.895315323478204
1965-04-19,16.945732345044565
1965-04-20,16.9384621574987
1965-04-21,16.90005678240999
1965-04-22,16.989827392307593
1965-04-23,17.030357518792542
1965-04-26,17.06054995333415
1965-04-27,17.048431682564537
1965-04-28,17.0048233268423
1965-04-29,17.010865458773864
1965-04-30,17.028872403032462
1965-05-03,17.045093730734248
1965-05-04,17.081690483441573
1965-05-05,17.074057037764494
1965-05-06,17.083136409893086
1965-05-07,17.061096103085788
1965-05-10,17.04425009334737
1965-05-11,17.00383140514474
1965-05-12,17.03395370250232
1965-05-13,17.100744199295928
1965-05-14,17.07712300657817
1965-05-17,17.043899940973713
1965-05-18,17.033357369142088
1965-05-19,17.069139922715873
1965-05-20,16.930406228223664
1965-05-21,16.867489069684265
1965-05-24,16.69332091377844
1965-05-25,16.81419658356085
1965-05-26,16.780910901297315
1965-05-27,16.661479371129705
1965-05-28,16.737309189609253
1965-06-01,16.616869432907183
1965-06-02,16.461196664843214
1965-06-03,16.401489022146034
1965-06-04,16.38389462648572
1965-06-07,16.319405246260747
1965-06-08,16.130843812919277
1965-06-09,15.928719355687896
1965-06-10,15.768402628218698
1965-06-11,15.845332597653583
1965-06-14,15.541899384892357
1965-06-15,15.668173292338324
1965-06-16,15.854894381375571
1965-06-17,15.949405985922233
1965-06-18,15.888140803865955
1965-06-21,15.756676247266217
1965-06-22,15.8159169615065
1965-06-23,15.723784688956789
1965-06-24,15.412902601888275
1965-06-25,15.290438703108117
1965-06-28,14.838596542208279
1965-06-29,15.006562502220183
1965-06-30,15.414346002341137
1965-07-01,15.473685703721717
1965-07-02,15.640892316042638
1965-07-06,15.607606426483956
1965-07-07,15.58880975876403
1965-07-08,15.743962746777308
1965-07-09,15.8661713854533
1965-07-12,15.888424881345832
1965-07-13,15.873366719773868
1965-07-14,15.939813117586006
1965-07-15,15.953443108865777
1965-07-16,15.926393395019817
1965-07-19,15.936348262385994
1965-07-20,15.707781370665495
1965-07-21,15.64145929506105
1965-07-22,15.638243225466088
1965-07-23,15.711478707588979
1965-07-26,15.787119819425959
1965-07-27,15.798135470139497
1965-07-28,15.861633745293982
1965-07-29,16.01912374245133
1965-07-30,16.143025297648215
1965-08-02,16.21688085857213
1965-08-03,16.267704974260557
1965-08-04,16.362066862974693
1965-08-05,16.416809143907177
1965-08-06,16.507702601310022
1965-08-09,16.52625239066958
1965-08-10,16.53892738174908
1965-08-11,16.639883981832103
1965-08-12,16.715295788510698
1965-08-13,16.846788065925256
1965-08-16,16.85972534839252
1965-08-17,16.890575020352
1965-08-18,16.89428018716674
1965-08-19,16.814229685590696
1965-08-20,16.82023407003871
1965-08-23,16.859512407787438
1965-08-24,16.952681594952345
1965-08-25,17.03206207509871
1965-08-26,17.1377356567143
1965-08-27,17.1851171036424
1965-08-30,17.1870989917122
1965-08-31,17.160990184708645
1965-09-01,17.181305813906206
1965-09-02,17.33976084360361
1965-09-03,17.445664867942828
1965-09-07,17.5265806221673
1965-09-08,17.589301125767026
1965-09-09,17.657104528004727
1965-09-10,17.732781517675015
1965-09-13,17.82771043496655
1965-09-14,17.72029331807077
1965-09-15,17.82365206167959
1965-09-16,17.902900566429054
1965-09-17,17.939834353133552
1965-09-20,18.026769063012154
1965-09-21,18.00054541557229
1965-09-22,18.198027654812307
1965-09-23,18.115109379800078
1965-09-24,18.226165699946254
1965-09-27,18.408230176636806
1965-09-28,18.40341653343174
1965-09-29,18.252723062485256
1965-09-30,18.142273091384084
1965-10-01,18.155585954538278
1965-10-04,18.265963190811895
1965-10-05,18.41354322184806
1965-10-06,18.408770004053952
1965-10-07,18.422210412000833
1965-10-08,18.611754725321955
1965-10-11,18.842398828492577
1965-10-12,18.8519393590435
1965-10-13,18.873117117680362
1965-10-14,18.840254786206067
1965-10-15,18.870352350559518
1965-10-18,18.984905856304355
1965-10-19,19.029746410693317
1965-10-20,19.047892066014658
1965-10-21,19.065781077567596
1965-10-22,19.00794927403583
1965-10-25,18.82731765813393
1965-10-26,18.990226022337445
1965-10-27,19.12189205830839
1965-10-28,19.062824420666228
1965-10-29,19.13315221205738
1965-11-01,19.123296566482182
1965-11-03,19.15326230752199
1965-11-04,19.28717706959229
1965-11-05,19.35018367132853
1965-11-08,19.33536785684498
1965-11-09,19.350477428270665
1965-11-10,19.35329929537533
1965-11-11,19.435770190206206
1965-11-12,19.633447441883042
1965-11-15,19.77429068634571
1965-11-16,19.854733378317473
1965-11-17,19.824048072817728
1965-11-18,19.863178583605787
1965-11-19,19.950034362338233
1965-11-22,19.90607236022291
1965-11-23,20.045512455397475
1965-11-24,20.124153448165504
1965-11-26,20.289481191265924
1965-11-29,20.369258742247265
1965-11-30,20.373299761931616
1965-12-01,20.38951546415758
1965-12-02,20.380791782538946
1965-12-03,20.4431813943802
1965-12-06,20.20380661871873
1965-12-07,20.525842819355432
1965-12-08,20.638085206454345
1965-12-09,20.755419712648532
1965-12-10,20.814098898354146
1965-12-13,20.948517056100766
1965-12-14,21.02780994259421
1965-12-15,21.11254972190609
1965-12-16,21.246982915251177
1965-12-17,21.256337541486015
1965-12-20,21.04984664915638
1965-12-21,21.102045859861626
1965-12-22,20.955713885332425
1965-12-23,20.8492390446783
1965-12-27,20.750754771082054
1965-12-28,20.77248182500587
1965-12-29,20.911491009304957
1965-12-30,20.990099129040125
1965-12-31,21.055084047888055
1966-01-03,21.061143431529437
1966-01-04,21.093548160570514
1966-01-05,21.202463207386927
1966-01-06,21.15339764568519
1966-01-07,21.20228061510031
1966-01-10,21.320020483442587
1966-01-11,21.490527789347784
1966-01-12,21.545919787610195
1966-01-13,21.74498410524909
1966-01-14,21.853241888352873
1966-01-17,21.96144724086265
1966-01-18,22.147493378628337
1966-01-19,22.130437281183287
1966-01-20,22.082701377174505
1966-01-21,22.093578258057022
1966-01-24,22.192311695539324
1966-01-25,22.25857934910653
1966-01-26,22.324988012217986
1966-01-27,22.44381149521511
1966-01-28,22.4408145217644
1966-01-31,22.324927704714657
1966-02-01,21.95695490717683
1966-02-02,22.18709457804815
1966-02-03,22.170046140682995
1966-02-04,22.26700828764425
1966-02-07,22.4354581039147
1966-02-08,22.4641927543466
1966-02-09,22.85094442754608
1966-02-10,22.868304781642856
1966-02-11,22.955385355797
1966-02-14,23.011078808449664
1966-02-15,22.930895625275827
1966-02-16,22.95366116912108
1966-02-17,22.86009115258869
1966-02-18,22.872557520781992
1966-02-21,22.79218214034533
1966-02-23,22.706859247969476
1966-02-24,22.642267599063036
1966-02-25,22.778166136987654
1966-02-28,22.97102691483179
1966-03-01,22.632200099175797
1966-03-02,22.284615934750512
1966-03-03,22.477684575347684
1966-03-04,22.283734473364298
1966-03-07,21.83953620610263
1966-03-08,21.77751282005963
1966-03-09,22.07220807016829
1966-03-10,21.98436725275057
1966-03-11,22.00380431322201
1966-03-14,21.62055375224825
1966-03-15,21.25103555971306
1966-03-16,21.469406682774636
1966-03-17,21.603512530190883
1966-03-18,21.865436393325677
1966-03-21,22.3688560624144
1966-03-22,22.462930007195823
1966-03-23,22.455904539633263
1966-03-24,22.55164376385981
1966-03-25,22.67970186715165
1966-03-28,23.009277195465984
1966-03-29,22.8488557382221
1966-03-30,22.604872927338352
1966-03-31,22.761931981621622
1966-04-01,23.030687739778177
1966-04-04,23.32886779872409
1966-04-05,23.444460975385816
1966-04-06,23.503486475376235
1966-04-07,23.733107829382458
1966-04-11,23.90640741919842
1966-04-12,24.008698553740167
1966-04-13,24.110235613226532
1966-04-14,24.20964086968705
1966-04-15,24.304901822207743
1966-04-18,24.117524153812976
1966-04-19,24.204465354465768
1966-04-20,24.359467431727182
1966-04-21,24.32771477316334
1966-04-22,24.169770311651494
1966-04-25,24.134402538980165
1966-04-26,24.07322269658993
1966-04-27,24.00535779239357
1966-04-28,23.822340181366695
1966-04-29,23.965039322834404
1966-05-02,23.810898914854544
1966-05-03,23.370904383383262
1966-05-04,23.192359855537774
1966-05-05,22.425224920240787
1966-05-06,22.351596404713025
1966-05-09,21.74498876815755
1966-05-10,21.993301381760222
1966-05-11,22.004936970566952
1966-05-12,21.545011724237348
1966-05-13,21.141934835332204
1966-05-16,20.540351660340786
1966-05-17,20.133245236345786
1966-05-18,20.832606974391187
1966-05-19,20.743641902458283
1966-05-20,21.00146300822571
1966-05-23,21.331103923789335
1966-05-24,21.572102332654783
1966-05-25,21.71245353971974
1966-05-26,21.70246790329935
1966-05-27,21.8433420087115
1966-05-31,21.45058930481378
1966-06-01,21.502734378052356
1966-06-02,21.52232864067066
1966-06-03,21.59506630342266
1966-06-06,21.36278640335181
1966-06-07,21.185894489592997
1966-06-08,21.334247982823683
1966-06-09,21.67295260119237
1966-06-10,22.078001055938806
1966-06-13,22.182581802619847
1966-06-14,22.352252979372157
1966-06-15,22.40224431401231
1966-06-16,22.43671390641631
1966-06-17,22.45501965190734
1966-06-20,22.409070317518268
1966-06-21,22.507079535576963
1966-06-22,22.599359828527035
1966-06-23,22.427020953853336
1966-06-24,22.469275197224803
1966-06-27,22.17822420393642
1966-06-28,22.03940587659316
1966-06-29,21.66358692558751
1966-06-30,21.58418616548849
1966-07-01,21.84299127419762
1966-07-05,21.782398728683862
1966-07-06,22.1501029090249
1966-07-07,22.248867294054886
1966-07-08,22.316536487181523
1966-07-11,22.303363878024236
1966-07-12,22.17325031619305
1966-07-13,22.039398691265944
1966-07-14,22.231777192977226
1966-07-15,22.33666999197874
1966-07-18,22.224600380770656
1966-07-19,21.995421711254245
1966-07-20,21.797446263368737
1966-07-21,21.71966681891808
1966-07-22,21.68268477341338
1966-07-25,21.07920444088749
1966-07-26,21.020269041400113
1966-07-27,21.1794037374243
1966-07-28,21.077292235035006
1966-07-29,21.010280999829362
1966-08-01,20.567362529954497
1966-08-02,20.57030869228647
1966-08-03,20.87030890201636
1966-08-04,21.078580547485245
1966-08-05,21.08205266218084
1966-08-08,21.08027236834958
1966-08-09,21.194112875490376
1966-08-10,21.077815788421688
1966-08-11,21.178132671826358
1966-08-12,21.330739409196966
1966-08-15,21.258529225941647
1966-08-16,20.97630407910436
1966-08-17,20.826311896761915
1966-08-18,20.543713878115213
1966-08-19,20.34091431705591
1966-08-22,19.924725044359256
1966-08-23,19.982618295025024
1966-08-24,20.231218939307755
1966-08-25,19.85446720661326
1966-08-26,19.143669215529027
1966-08-29,18.405095640465404
1966-08-30,18.812781828869173
1966-08-31,19.096663819338062
1966-09-01,19.08974637057333
1966-09-02,18.98624832761087
1966-09-06,18.888808269429052
1966-09-07,18.618743008515107
1966-09-08,18.586670932119873
1966-09-09,18.73051891672765
1966-09-12,19.25998022337242
1966-09-13,19.365396875262704
1966-09-14,19.514823515626162
1966-09-15,19.625144566049602
1966-09-16,19.593255131019976
1966-09-19,19.481182820617608
1966-09-20,19.33456100800704
1966-09-21,18.901956512351223
1966-09-22,18.896968259383414
1966-09-23,18.833152960615376
1966-09-26,18.945066264922467
1966-09-27,18.96134155819107
1966-09-28,18.748875944743787
1966-09-29,18.438616227043322
1966-09-30,18.43956766908562
1966-10-03,17.886383402845365
1966-10-04,17.69839930466392
1966-10-05,17.42016596270565
1966-10-06,16.991083849728494
1966-10-07,16.661150130087997
1966-10-10,17.02329596631063
1966-10-11,17.10052472926962
1966-10-12,17.50764770886082
1966-10-13,17.56216733853246
1966-10-14,17.561593803952046
1966-10-17,17.692307819616882
1966-10-18,18.043472794184932
1966-10-19,17.9175416275452
1966-10-20,17.831857015491387
1966-10-21,17.782209629878913
1966-10-24,17.769977220379985
1966-10-25,17.765228143121206
1966-10-26,17.991610551565866
1966-10-27,18.131945372919816
1966-10-28,18.118735533296082
1966-10-31,18.148680125815496
1966-11-01,18.37970553310809
1966-11-02,18.480155348506585
1966-11-03,18.50243919767452
1966-11-04,18.60589524316897
1966-11-07,18.652854721100972
1966-11-09,18.880290984796193
1966-11-10,18.999215875680893
1966-11-11,19.079285346578597
1966-11-14,19.045165703038844
1966-11-15,19.1911536499783
1966-11-16,19.46770893457484
1966-11-17,19.302216696565246
1966-11-18,19.21326429441226
1966-11-21,18.941667825576957
1966-11-22,18.89799773834354
1966-11-23,19.13050838805662
1966-11-25,19.423996518262932
1966-11-28,19.46809083917461
1966-11-29,19.453508077539418
1966-11-30,19.642897194142936
1966-12-01,19.63824774600612
1966-12-02,19.64158799927806
1966-12-05,19.68337204070327
1966-12-06,19.814115717895383
1966-12-07,20.02240511902647
1966-12-08,20.08650132601421
1966-12-09,20.147234917938935
1966-12-12,20.324541921459097
1966-12-13,20.2608956094158
1966-12-14,20.28798727753246
1966-12-15,20.105906100062143
1966-12-16,20.132438236689605
1966-12-19,20.138486697706913
1966-12-20,20.01531433046591
1966-12-21,20.113563367417935
1966-12-22,20.20960070309812
1966-12-23,20.203411231260148
1966-12-27,20.117612687455118
1966-12-28,19.97863309586151
1966-12-29,19.861914097464584
1966-12-30,19.884348792952174
1967-01-03,19.905405424858188
1967-01-04,19.9157894740435
1967-01-05,20.152847127756992
1967-01-06,20.327604457145206
1967-01-09,20.508819217499685
1967-01-10,20.478823784583206
1967-01-11,20.746885101856904
1967-01-12,20.82697548340411
1967-01-13,21.04461073965604
1967-01-16,21.028716672348327
1967-01-17,21.267617797780886
1967-01-18,21.34643609762077
1967-01-19,21.390734561543148
1967-01-20,21.559593113267393
1967-01-23,21.654962463664944
1967-01-24,21.783435681105665
1967-01-25,21.648597265802575
1967-01-26,21.710215453022343
1967-01-27,21.827618130454287
1967-01-30,21.948949798255978
1967-01-31,21.93062549048666
1967-02-01,21.927423198762288
1967-02-02,21.997749633677977
1967-02-03,22.125558448519982
1967-02-06,22.043816453040506
1967-02-07,22.006361509436886
1967-02-08,22.252113969000145
1967-02-09,22.21099513323782
1967-02-10,22.365161154478645
1967-02-13,22.397853069274024
1967-02-14,22.519310248312234
1967-02-15,22.555385180776202
1967-02-16,22.481383189576974
1967-02-17,22.536710455037085
1967-02-20,22.495425994596264
1967-02-21,22.57577757539381
1967-02-23,22.594411826375666
1967-02-24,22.71135702457188
1967-02-27,22.514809629048916
1967-02-28,22.63222713180083
1967-03-01,22.87821636918833
1967-03-02,22.931478125865695
1967-03-03,22.942491709580235
1967-03-06,22.98307998037943
1967-03-07,23.094206280316698
1967-03-08,23.175402330399304
1967-03-09,23.272643533276575
1967-03-10,23.349459723987607
1967-03-13,23.21202936260956
1967-03-14,23.175594157674816
1967-03-15,23.30899119691599
1967-03-16,23.516041116618503
1967-03-17,23.54546353400244
1967-03-20,23.594786623675333
1967-03-21,23.513481057078973
1967-03-22,23.65615017256948
1967-03-23,23.8107976397073
1967-03-27,23.90569199319283
1967-03-28,23.943184032520687
1967-03-29,23.977909255658115
1967-03-30,24.12948576179302
1967-03-31,24.041064215737173
1967-04-03,23.72184216326341
1967-04-04,23.749908346025805
1967-04-05,23.927399082387968
1967-04-06,23.998454054581273
1967-04-07,23.784525163313113
1967-04-10,23.36463048717082
1967-04-11,23.61589900633581
1967-04-12,23.663757376183604
1967-04-13,23.766553905140125
1967-04-14,23.97040192924168
1967-04-17,24.114959919002576
1967-04-18,24.3147296348973
1967-04-19,24.414187323904503
1967-04-20,24.525501006619468
1967-04-21,24.7292551935785
1967-04-24,24.841197765016226
1967-04-25,25.024714810896572
1967-04-26,24.960622601273226
1967-04-27,25.286393237018387
1967-04-28,25.403510039335693
1967-05-01,25.598179560122837
1967-05-02,25.64650779147337
1967-05-03,25.69694158148501
1967-05-04,25.709282606746978
1967-05-05,25.672703709216204
1967-05-08,25.674873253342373
1967-05-09,25.302204143916853
1967-05-10,25.29100003815451
1967-05-11,25.513333361214823
1967-05-12,25.513726542834213
1967-05-15,25.30555246471093
1967-05-16,25.484159986165036
1967-05-17,25.45284616796152
1967-05-18,25.482020404989584
1967-05-19,25.463451790085756
1967-05-22,25.460671101487286
1967-05-23,25.379552454153178
1967-05-24,25.001654456411092
1967-05-25,25.25259032895424
1967-05-26,25.26209244810439
1967-05-29,25.19748590907853
1967-05-31,24.619299557552925
1967-06-01,24.962380360065236
1967-06-02,24.947588139703885
1967-06-05,24.300508400348434
1967-06-06,24.996167763475277
1967-06-07,25.34656101320533
1967-06-08,25.664073889702298
1967-06-09,25.82209476323337
1967-06-12,26.11115128862684
1967-06-13,26.316312681852196
1967-06-14,26.374900262348852
1967-06-15,26.554154369075608
1967-06-16,26.51193395496681
1967-06-19,26.559773573498294
1967-06-20,26.621603592518316
1967-06-21,26.563163733877552
1967-06-22,26.59496508299917
1967-06-23,26.639387658503313
1967-06-26,26.554609116705233
1967-06-27,26.49091352348418
1967-06-28,26.59093833681771
1967-06-29,26.315567767388995
1967-06-30,26.3268573805426
1967-07-03,26.466762883444375
1967-07-05,26.607542046412533
1967-07-06,26.601004185209653
1967-07-07,26.787765406943276
1967-07-10,26.98374770124663
1967-07-11,27.086093089030893
1967-07-12,27.178269777967152
1967-07-13,27.20329656010388
1967-07-14,27.27159256621458
1967-07-17,27.271282033497236
1967-07-18,27.336068872514176
1967-07-19,27.284114797148273
1967-07-20,27.203187699483454
1967-07-21,27.0915875020145
1967-07-24,26.893845136917008
1967-07-25,26.96740611966029
1967-07-26,27.115620155653186
1967-07-27,27.291972793584563
1967-07-28,27.363840392255565
1967-07-31,27.41683718416587
1967-08-01,27.558563136980986
1967-08-02,27.587778739025588
1967-08-03,27.56570835622774
1967-08-04,27.75498081312588
1967-08-07,27.712672638221864
1967-08-08,27.773927377766398
1967-08-09,27.81620658018581
1967-08-10,27.727053052283132
1967-08-11,27.489141175662194
1967-08-14,27.22197135513581
1967-08-15,27.277276113035914
1967-08-16,27.155216621961657
1967-08-17,27.27429514226248
1967-08-18,27.358875312793405
1967-08-21,27.19495237490492
1967-08-22,27.037119080382567
1967-08-23,26.97741937611681
1967-08-24,26.788503959626084
1967-08-25,26.574261144903485
1967-08-28,26.647096627638874
1967-08-29,26.753483063502156
1967-08-30,26.97523206562609
1967-08-31,27.29810138042946
1967-09-01,27.474886282514266
1967-09-05,27.51354870437972
1967-09-06,27.675291062042817
1967-09-07,27.697704777565153
1967-09-08,27.78070264691994
1967-09-11,27.91923065024245
1967-09-12,28.06920037154297
1967-09-13,28.281702155609118
1967-09-14,28.189684239723768
1967-09-15,28.267080512003137
1967-09-18,28.431541536594047
1967-09-19,28.267799847971666
1967-09-20,28.42035547647799
1967-09-21,28.691084887125943
1967-09-22,28.879404103692533
1967-09-25,28.968170598391332
1967-09-26,28.6281252652708
1967-09-27,28.710424903506166
1967-09-28,28.793023436542043
1967-09-29,28.898509368273757
1967-10-02,28.788394232720275
1967-10-03,28.870366343995176
1967-10-04,28.906989357742233
1967-10-05,29.106352102746705
1967-10-06,29.339311772490284
1967-10-09,29.428178401000988
1967-10-10,29.104731684943665
1967-10-11,28.942293047454456
1967-10-12,28.80994085035947
1967-10-13,28.961222996290562
1967-10-16,28.805650623005953
1967-10-17,28.8932024113233
1967-10-18,29.023194791093076
1967-10-19,28.974940850366387
1967-10-20,28.910100242310296
1967-10-23,28.7345192315471
1967-10-24,28.588246208917862
1967-10-25,28.700837129009937
1967-10-26,29.02715625360934
1967-10-27,29.054844747618333
1967-10-30,29.117844966487695
1967-10-31,28.802972373536008
1967-11-01,28.45755754267767
1967-11-02,28.198152018355117
1967-11-03,28.216167277730506
1967-11-06,28.184196884417787
1967-11-08,27.949291837052147
1967-11-09,28.153913464885086
1967-11-10,28.414655498296767
1967-11-13,27.92277470689096
1967-11-14,27.435076737878028
1967-11-15,27.665572657101915
1967-11-16,28.030856989818425
1967-11-17,28.27587939518129
1967-11-20,27.6358000312095
1967-11-21,28.485451062267227
1967-11-22,28.852413390499006
1967-11-24,28.793184320473458
1967-11-27,29.085328387631645
1967-11-28,29.42063489652273
1967-11-29,29.43842456294317
1967-11-30,29.312140566556668
1967-12-01,29.75873017022046
1967-12-04,30.247357453051016
1967-12-05,30.260847416023925
1967-12-06,30.412064799302318
1967-12-07,30.3811687331625
1967-12-08,30.472153770758553
1967-12-11,30.510364103623658
1967-12-12,30.738222719594166
1967-12-13,31.044453978376186
1967-12-14,31.191222092424017
1967-12-15,30.849316905271944
1967-12-18,30.85034856432068
1967-12-19,30.89285299105198
1967-12-20,31.1306315915346
1967-12-21,31.153608235686345
1967-12-22,31.254786686857592
1967-12-26,31.444133125381356
1967-12-27,31.661992386392797
1967-12-28,31.62381960678334
1967-12-29,31.89364701359747
1968-01-02,31.675267576075242
1968-01-03,31.2402551696432
1968-01-04,31.12044033910568
1968-01-05,31.232996587631554
1968-01-08,31.30569961773351
1968-01-09,31.05794343935534
1968-01-10,31.443952053880228
1968-01-11,31.753878583030875
1968-01-12,31.862681239754455
1968-01-15,32.00061149529639
1968-01-16,31.960819341618638
1968-01-17,32.1923189909384
1968-01-18,32.436853649334665
1968-01-19,32.23295768124791
1968-01-22,31.46842700688047
1968-01-23,31.28018104395653
1968-01-24,31.26463186954605
1968-01-25,31.364971730954128
1968-01-26,31.461142795889828
1968-01-29,31.31530002821971
1968-01-30,31.00430102061362
1968-01-31,30.515568294774017
1968-02-01,30.55877199436265
1968-02-02,30.376849988902013
1968-02-05,30.098557425326888
1968-02-06,29.949169190355573
1968-02-07,29.876416124457045
1968-02-08,28.987864430800368
1968-02-09,28.48715711135754
1968-02-13,27.902860226689924
1968-02-14,28.457555318993013
1968-02-15,28.798722436101418
1968-02-16,28.62803724784621
1968-02-19,28.688269133687474
1968-02-20,28.9734424096861
1968-02-21,29.04773784514454
1968-02-23,28.789615593206236
1968-02-26,28.4374426861622
1968-02-27,28.503677860367677
1968-02-28,28.38438068880145
1968-02-29,27.986559667312292
1968-03-01,27.68356958536265
1968-03-04,26.800561653251528
1968-03-05,26.476216369574576
1968-03-06,27.22394036042878
1968-03-07,27.201674049317933
1968-03-08,27.286380057989394
1968-03-11,27.793406416719378
1968-03-12,27.959223429016653
1968-03-13,27.958121382976625
1968-03-14,27.08859614317776
1968-03-15,27.313534967185323
1968-03-18,27.682497802182287
1968-03-19,27.428835681336878
1968-03-20,27.375541232204498
1968-03-21,27.02125011924194
1968-03-22,26.92251473307422
1968-03-25,26.904603609013567
1968-03-26,27.18255445131575
1968-03-27,27.50131327169508
1968-03-28,27.553681191951974
1968-03-29,27.796010683179297
1968-04-01,28.450755601870476
1968-04-02,28.69164545909815
1968-04-03,29.01387800002425
1968-04-04,29.142451728641813
1968-04-05,28.992899204983022
1968-04-08,29.594879975196314
1968-04-10,29.819422730703778
1968-04-11,30.20440830123016
1968-04-15,30.37459201840592
1968-04-16,30.66194885189401
1968-04-17,30.977628650764252
1968-04-18,31.074349029569763
1968-04-19,30.72510425340197
1968-04-22,30.679803441801187
1968-04-23,31.365873135234956
1968-04-24,31.674011950061036
1968-04-25,31.963757495111377
1968-04-26,32.21750584885235
1968-04-29,32.5004280678855
1968-04-30,32.593443996830224
1968-05-01,32.655343163287846
1968-05-02,32.900050985140844
1968-05-03,32.890931996881555
1968-05-06,32.95712793241666
1968-05-07,33.247359094611184
1968-05-08,33.303485035713486
1968-05-09,33.17153020962392
1968-05-10,33.525002074290086
1968-05-13,33.75580607968847
1968-05-14,33.892828355106516
1968-05-15,33.95473112041799
1968-05-16,33.86893798013248
1968-05-17,33.64414037930394
1968-05-20,33.59616558290967
1968-05-21,33.85107403464839
1968-05-22,34.05365233593786
1968-05-23,34.19233171354734
1968-05-24,34.372858231562915
1968-05-27,34.50656618075258
1968-05-28,34.75755875030971
1968-05-29,34.885274278090264
1968-05-31,35.13142362306956
1968-06-03,35.53455446607609
1968-06-04,35.86573384659636
1968-06-05,35.901408314636114
1968-06-06,36.445275999340446
1968-06-07,36.702058976513065
1968-06-10,36.79894562760416
1968-06-11,36.931840003460145
1968-06-13,36.727098399857034
1968-06-14,36.5594917262295
1968-06-17,35.895786136886954
1968-06-18,35.86780653490494
1968-06-20,36.02397664289403
1968-06-21,36.095834755299165
1968-06-24,35.85948196637052
1968-06-25,35.57964032730128
1968-06-27,35.446030669958475
1968-06-28,35.57866285027951
1968-07-01,35.540471267532055
1968-07-02,35.921875866953584
1968-07-03,36.62868536106541
1968-07-08,37.21126908014385
1968-07-09,37.29515060971097
1968-07-11,37.27737061226376
1968-07-12,37.21269596715153
1968-07-15,36.98693690064783
1968-07-16,36.87140125072704
1968-07-18,36.78689425081854
1968-07-19,36.38117346757757
1968-07-22,35.55081662506522
1968-07-23,35.376321338100894
1968-07-25,34.78492829143598
1968-07-26,34.72144806421314
1968-07-29,34.24311381551633
1968-07-30,34.225625674501245
1968-08-01,34.059201117189815
1968-08-02,33.74082805702643
1968-08-05,34.01604360911877
1968-08-06,34.41869988252919
1968-08-08,34.30801527656872
1968-08-09,34.29091156217949
1968-08-12,34.72212958069719
1968-08-13,34.89852671711401
1968-08-15,34.86355750655518
1968-08-16,35.0909558536851
1968-08-19,35.3161199293978
1968-08-20,35.48391844910753
1968-08-22,35.402380189621624
1968-08-23,35.45044891526937
1968-08-26,35.423060361109556
1968-08-27,35.24923564589746
1968-08-29,35.17407348768905
1968-08-30,35.37087877785536
1968-09-03,35.44917124191553
1968-09-04,35.562003150714375
1968-09-05,35.99872533360827
1968-09-06,36.155304020462346
1968-09-09,36.27338607421213
1968-09-10,36.22461862702807
1968-09-12,36.31043050876751
1968-09-13,36.57594175419657
1968-09-16,36.757877083051454
1968-09-17,36.96637563022189
1968-09-19,37.20469832330265
1968-09-20,37.31143061856107
1968-09-23,37.601926749012755
1968-09-24,37.76870256227513
1968-09-26,37.708992388920315
1968-09-27,38.07046776845127
1968-09-30,38.42172862975234
1968-10-01,38.500038795450905
1968-10-03,38.5321635875966
1968-10-04,38.60212082232544
1968-10-07,38.53670670614618
1968-10-08,38.48891316864874
1968-10-10,38.281405581190604
1968-10-11,38.367541240746505
1968-10-14,38.44026803204698
1968-10-15,38.50892936099228
1968-10-17,38.706509546968114
1968-10-18,39.00339256946663
1968-10-21,39.095856842287965
1968-10-22,39.090282525673764
1968-10-24,39.008284605539906
1968-10-25,39.053285566549654
1968-10-28,38.90360756116942
1968-10-29,38.60526095317878
1968-10-31,38.50179617618559
1968-11-01,38.29329419310312
1968-11-04,38.256488655409605
1968-11-06,38.22250361625438
1968-11-07,38.17829932991036
1968-11-08,38.473398541356914
1968-11-12,38.848055186540066
1968-11-13,39.28833278310824
1968-11-14,39.452612768946004
1968-11-15,39.61894178048629
1968-11-18,39.57305291101347
1968-11-19,39.5729930342818
1968-11-21,39.71870944903258
1968-11-22,39.922614003213006
1968-11-25,40.172339769245134
1968-11-26,40.34721611530598
1968-11-27,40.724297583412664
1968-11-29,41.08329506245491
1968-12-02,41.26080729496405
1968-12-03,41.304529671955166
1968-12-05,41.359851571807
1968-12-06,41.469473311173054
1968-12-09,41.58068168621477
1968-12-10,41.53258341831913
1968-12-12,41.648667726839534
1968-12-13,41.96124883332038
1968-12-16,41.820868471419885
1968-12-17,41.59121623084749
1968-12-19,41.53616922695505
1968-12-20,41.55385514884571
1968-12-23,41.215986936983825
1968-12-24,41.26643921326389
1968-12-26,41.17358633297399
1968-12-27,40.98630310083014
1968-12-30,40.36903376570419
1968-12-31,40.6192329665534
1969-01-02,40.69660650125125
1969-01-03,40.6585789186199
1969-01-06,39.87614523341596
1969-01-07,39.13596787571278
1969-01-08,38.95956367651107
1969-01-09,39.25029654902342
1969-01-10,39.07649038021188
1969-01-13,38.52915223906257
1969-01-14,39.03158927696448
1969-01-15,39.41964178961812
1969-01-16,39.6084905712465
1969-01-17,39.6510635479428
1969-01-20,39.88261297764396
1969-01-21,39.722750244792046
1969-01-22,39.88062515687411
1969-01-23,40.103289769612054
1969-01-24,40.091517316343875
1969-01-27,40.276052158561306
1969-01-28,40.50301246110572
1969-01-29,40.45384445206387
1969-01-30,40.388653224494924
1969-01-31,40.59925637921266
1969-02-03,40.684477446051666
1969-02-04,40.574567555682826
1969-02-05,40.42817791755902
1969-02-06,40.39398795729575
1969-02-07,40.448637850667325
1969-02-11,40.52335710943398
1969-02-12,40.57581674008164
1969-02-13,40.507467144273434
1969-02-14,40.4071565216926
1969-02-17,39.770385429483575
1969-02-18,39.12055362363624
1969-02-19,38.72637966739164
1969-02-20,38.313321918089606
1969-02-24,37.707190728507065
1969-02-25,37.24315404471101
1969-02-26,37.3223243993563
1969-02-27,36.9289860494653
1969-02-28,36.874725791319115
1969-03-03,36.817850312912974
1969-03-04,37.29251474782853
1969-03-05,37.41346418598485
1969-03-06,36.89782244001671
1969-03-07,36.6416617068148
1969-03-10,36.73058991866133
1969-03-11,37.01861899070464
1969-03-12,36.82189831138864
1969-03-13,36.437005264785796
1969-03-14,36.21086540900791
1969-03-17,36.227492976522036
1969-03-18,36.36177218588007
1969-03-19,36.61609866222621
1969-03-20,36.837235630140455
1969-03-21,36.862633347420164
1969-03-24,36.833519042656654
1969-03-25,36.76171185994657
1969-03-26,36.89895941853098
1969-03-27,37.2330419268663
1969-03-28,37.43415520645982
1969-04-01,37.354665232380384
1969-04-02,36.98299989444597
1969-04-03,36.88162506856874
1969-04-07,36.36196753810686
1969-04-08,36.404709783414965
1969-04-09,36.64478876252295
1969-04-10,36.858852423373776
1969-04-11,36.89044254756268
1969-04-14,36.74498385196191
1969-04-15,36.70639143126697
1969-04-16,36.37279124569293
1969-04-17,36.413238543063805
1969-04-18,36.58152044428127
1969-04-21,36.25318999118658
1969-04-22,36.250728105903356
1969-04-23,36.47373780589939
1969-04-24,36.577030785960076
1969-04-25,36.77228858260427
1969-04-28,37.02132251709716
1969-04-29,37.41027733937697
1969-04-30,37.8462184827483
1969-05-01,37.892087100169825
1969-05-02,37.890790673454276
1969-05-05,38.15735579902686
1969-05-06,38.26745437210382
1969-05-07,37.99658489019491
1969-05-08,38.09348065733797
1969-05-09,38.13532881323269
1969-05-12,38.07511458337583
1969-05-13,38.30151803764489
1969-05-14,38.53688406014568
1969-05-15,38.45766851140257
1969-05-16,38.344192521485894
1969-05-19,38.05234713651119
1969-05-20,37.756302450436564
1969-05-21,38.01253440890161
1969-05-22,38.06025307346392
1969-05-23,37.96106130888002
1969-05-26,37.88202865864294
1969-05-27,37.508383553176124
1969-05-28,37.44823083868797
1969-05-29,37.473344417536154
1969-06-02,37.210035858088446
1969-06-03,36.89053077786004
1969-06-04,36.83971089840295
1969-06-05,36.859312222268386
1969-06-06,36.40448870090854
1969-06-09,35.955834875618095
1969-06-10,35.70119846252733
1969-06-11,35.3190771094261
1969-06-12,34.70749608209871
1969-06-13,34.85264792433257
1969-06-16,34.64636496754302
1969-06-17,34.30265200670834
1969-06-18,34.106571049821
1969-06-19,33.57910829717108
1969-06-20,33.22500517331837
1969-06-23,32.85588111661382
1969-06-24,33.19408589706636
1969-06-25,33.0506839708499
1969-06-26,33.01069342659895
1969-06-27,33.01057554661141
1969-06-30,33.313748282353075
1969-07-01,33.54803302574663
1969-07-02,33.77549609463743
1969-07-03,34.13551257252517
1969-07-07,33.90339598322106
1969-07-08,33.462743158146615
1969-07-09,33.14051321850578
1969-07-10,32.569463337247655
1969-07-11,32.648915815982406
1969-07-14,32.22620951567177
1969-07-15,32.055313546980685
1969-07-16,32.4428530509606
1969-07-17,32.66927089624519
1969-07-18,32.46281055068996
1969-07-22,31.966361368779346
1969-07-23,31.698726619970724
1969-07-24,31.596561842761375
1969-07-25,31.237803651593374
1969-07-28,30.267643662073738
1969-07-29,29.947434593673673
1969-07-30,30.14458290944471
1969-07-31,30.852146493034823
1969-08-01,31.71492832263251
1969-08-04,31.6373430036508
1969-08-05,31.68245942075381
1969-08-06,31.972941912516504
1969-08-07,32.108411083905494
1969-08-08,32.106686206392176
1969-08-11,32.071246092897674
1969-08-12,31.811777728971027
1969-08-13,31.867018820823294
1969-08-14,32.26671148628633
1969-08-15,32.5685973434931
1969-08-18,32.91466546769576
1969-08-19,33.06620910101437
1969-08-20,33.12806465534126
1969-08-21,33.27090637754947
1969-08-22,33.57657374615295
1969-08-25,33.243666583457184
1969-08-26,33.01453142338014
1969-08-27,33.07100223136622
1969-08-28,33.101504888691856
1969-08-29,33.405314903920925
1969-09-02,33.402598940016844
1969-09-03,33.200164658853744
1969-09-04,32.97651800117565
1969-09-05,32.79740732276709
1969-09-08,32.40650244170987
1969-09-09,32.673333960125866
1969-09-10,33.14609744447733
1969-09-11,33.06398096126014
1969-09-12,33.12000613654542
1969-09-15,33.35884730191493
1969-09-16,33.47458558193721
1969-09-17,33.48092017572025
1969-09-18,33.61711263919957
1969-09-19,33.81905743322265
1969-09-22,34.02764512940245
1969-09-23,34.12395342440124
1969-09-24,34.019380390450955
1969-09-25,33.820435207995395
1969-09-26,33.64597427842909
1969-09-29,33.364561472719316
1969-09-30,33.27596962941987
1969-10-01,33.1147976800717
1969-10-02,33.48504498881511
1969-10-03,33.4720860042681
1969-10-06,33.590427886814204
1969-10-07,33.56972053176267
1969-10-08,33.446580341458535
1969-10-09,33.59561726591892
1969-10-10,33.77508620273235
1969-10-13,34.23139626792735
1969-10-14,34.6762795379566
1969-10-15,34.67707794214772
1969-10-16,34.98845390968052
1969-10-17,34.96350213083659
1969-10-20,35.056588749895376
1969-10-21,35.39572241983496
1969-10-22,35.5863553492494
1969-10-23,35.57858009585702
1969-10-24,35.81114886107769
1969-10-27,35.85345535275858
1969-10-28,35.76307660013451
1969-10-29,35.443892438705205
1969-10-30,35.53279463591259
1969-10-31,35.77170694504389
1969-11-03,35.831623314428036
1969-11-04,35.861348542118044
1969-11-05,36.17151786944344
1969-11-06,36.247443457658434
1969-11-07,36.460266955895015
1969-11-10,36.44355318272334
1969-11-11,36.3218492535891
1969-11-12,36.36782121493652
1969-11-13,36.152677979858574
1969-11-14,36.02713142903463
1969-11-17,35.72066400711086
1969-11-18,35.65846942748148
1969-11-19,35.488492168797
1969-11-20,35.149429472945755
1969-11-21,34.96979433065417
1969-11-24,34.59817882444981
1969-11-25,34.62945950015793
1969-11-26,34.869001373554894
1969-11-28,35.1255666169554
1969-12-01,34.94860395329298
1969-12-02,34.755019716270645
1969-12-03,34.46187850170132
1969-12-04,34.64851952855184
1969-12-05,34.60533074254602
1969-12-08,34.264864676375225
1969-12-09,34.33081548508572
1969-12-10,34.33168328549675
1969-12-11,34.411057961865176
1969-12-12,34.48032565815851
1969-12-15,34.429859393513865
1969-12-16,34.08655973317946
1969-12-17,33.918736809441
1969-12-18,34.46389842614382
1969-12-19,34.605314351139725
1969-12-22,34.336602486592334
1969-12-23,34.1339203357057
1969-12-24,34.49313305782953
1969-12-26,34.804198425192254
1969-12-29,34.618654859367474
1969-12-30,34.776283221747526
1969-12-31,34.997479926538944
1970-01-02,35.25670463564568
1970-01-05,35.46731031673895
1970-01-06,35.38211317218649
1970-01-07,35.42856592361786
1970-01-08,35.42497336230553
1970-01-09,35.31828043255325
1970-01-12,35.05891706017881
1970-01-13,35.11175171266543
1970-01-14,35.088474945405146
1970-01-15,35.198300946208484
1970-01-16,35.02909943824994
1970-01-19,34.67904906853459
1970-01-20,34.8619358936372
1970-01-21,34.91537584546719
1970-01-22,34.91136942003633
1970-01-23,34.53284997659326
1970-01-26,34.1022448810994
1970-01-27,33.83881629684896
1970-01-28,33.5496330945393
1970-01-29,33.09952840334915
1970-01-30,32.746582040423334
1970-02-02,32.876020684295206
1970-02-03,33.28742053517889
1970-02-04,33.04146159045998
1970-02-05,32.833210637579064
1970-02-06,33.09129933836897
1970-02-09,33.50358732761293
1970-02-10,33.248068539530095
1970-02-11,33.613276073693214
1970-02-12,33.5928789500215
1970-02-13,33.60078074938172
1970-02-16,33.71444935095634
1970-02-17,33.70534597703225
1970-02-18,34.01122493941716
1970-02-19,33.92954486716161
1970-02-20,33.92286096319831
1970-02-24,33.85008102486275
1970-02-25,34.32108175590072
1970-02-26,34.224327849440904
1970-02-27,34.54014062389826
1970-03-02,34.559003976120025
1970-03-03,34.66631085988533
1970-03-04,34.52790981361003
1970-03-05,34.405729075172665
1970-03-06,34.108313876510515
1970-03-09,33.64495010463584
1970-03-10,33.64029353697534
1970-03-11,33.609771225791874
1970-03-12,33.398405892105856
1970-03-13,33.10685697415217
1970-03-16,32.69829288801172
1970-03-17,32.86332276850727
1970-03-18,32.91221072736814
1970-03-19,32.82074212625408
1970-03-20,32.54325943777731
1970-03-23,32.466298425431525
1970-03-24,32.76705930342766
1970-03-25,33.452294366960984
1970-03-26,33.52860245414088
1970-03-30,33.45414790425962
1970-03-31,33.42474273709611
1970-04-01,33.57806827448595
1970-04-02,33.459795774237335
1970-04-03,33.19097272276129
1970-04-06,32.839702082637345
1970-04-07,32.80085449176505
1970-04-08,32.68510715471731
1970-04-09,32.69075613554263
1970-04-10,32.522127526302164
1970-04-13,32.19282268592233
1970-04-14,31.88277994721263
1970-04-15,31.784507768781523
1970-04-16,31.310299492626942
1970-04-17,31.23918434796564
1970-04-20,31.460292848675476
1970-04-21,31.36501135641927
1970-04-22,30.863551518723487
1970-04-23,30.331807169620582
1970-04-24,30.239280259673308
1970-04-27,29.68308923928934
1970-04-28,29.321170928063196
1970-04-29,29.779188453369617
1970-04-30,29.672923878148787
1970-05-01,29.669153955593384
1970-05-04,28.919830586475555
1970-05-05,28.543506699892834
1970-05-06,28.90010249531884
1970-05-07,29.115128010439072
1970-05-08,28.993847037866708
1970-05-11,28.65817787680542
1970-05-12,28.44664827754024
1970-05-13,27.98795671520444
1970-05-14,27.564049354978568
1970-05-15,28.030425618671202
1970-05-18,28.120253247834917
1970-05-19,27.528847387897724
1970-05-20,26.79267871685242
1970-05-21,26.100120297611312
1970-05-22,26.097404496020694
1970-05-25,25.15162214975751
1970-05-26,24.81534767875116
1970-05-27,26.170075898059686
1970-05-28,27.006951966360678
1970-05-29,27.873685736927037
1970-06-01,28.37978411637297
1970-06-02,28.492830049147095
1970-06-03,28.835340238561894
1970-06-04,28.534779686736687
1970-06-05,28.071577831516215
1970-06-08,28.105910555430945
1970-06-09,28.214991793331922
1970-06-10,28.003878559397915
1970-06-11,27.65950655914291
1970-06-12,27.499884076323948
1970-06-15,27.625107095534844
1970-06-16,28.330848725073977
1970-06-17,28.35098684059705
1970-06-18,28.558119556520566
1970-06-19,28.735267498171996
1970-06-22,28.515158625504093
1970-06-23,27.793244961393317
1970-06-24,27.519209919399223
1970-06-25,27.517013384295712
1970-06-26,27.335726305452475
1970-06-29,27.121744978315235
1970-06-30,27.133478769242643
1970-07-01,27.23846181421002
1970-07-02,27.246575593799633
1970-07-06,26.962244619507963
1970-07-07,26.62437569100852
1970-07-08,27.133760372940262
1970-07-09,27.564257749180747
1970-07-10,27.765025125619527
1970-07-13,27.816296263731136
1970-07-14,27.71119273307462
1970-07-15,27.9639846136289
1970-07-16,28.222324834327477
1970-07-17,28.562995496172995
1970-07-20,28.507555117318425
1970-07-21,28.188450120472044
1970-07-22,28.2440955868529
1970-07-23,28.52401966528952
1970-07-24,28.5040717871842
1970-07-27,28.454860687729337
1970-07-28,28.486668993147532
1970-07-29,28.663507680135844
1970-07-30,28.669120565933085
1970-07-31,28.57853390774282
1970-08-03,28.293196801190568
1970-08-04,28.272613554425252
1970-08-05,28.281821282755995
1970-08-06,28.163644283240924
1970-08-07,28.19053258233392
1970-08-10,27.828853964952437
1970-08-11,27.686899772850868
1970-08-12,27.53201969595429
1970-08-13,27.324310646728268
1970-08-14,27.35232474354889
1970-08-17,27.353540601040866
1970-08-18,27.58904847870079
1970-08-19,27.722970523767312
1970-08-20,27.75878831184566
1970-08-21,28.226832498765905
1970-08-24,28.860607779602415
1970-08-25,29.019283453902613
1970-08-26,29.034090459130926
1970-08-27,28.950346671594964
1970-08-28,29.250612289404682
1970-08-31,29.22570786728319
1970-09-01,29.150947112038832
1970-09-02,29.067002618008654
1970-09-03,29.37547113176458
1970-09-04,29.607422482026426
1970-09-08,29.661431130153712
1970-09-09,29.671068852436193
1970-09-10,29.5937436464044
1970-09-11,29.725635569215743
1970-09-14,29.594765182056594
1970-09-15,29.41374573270208
1970-09-16,29.641257243147844
1970-09-17,29.883997424846996
1970-09-18,29.97653653159981
1970-09-21,29.878388188596862
1970-09-22,29.867737501833744
1970-09-23,30.134765624926473
1970-09-24,30.34623209779919
1970-09-25,30.33412803030858
1970-09-28,30.262200543265056
1970-09-29,30.484801147438805
1970-09-30,30.546788705687472
1970-10-01,30.533462004614943
1970-10-02,30.854932039727355
1970-10-05,31.227410524010377
1970-10-06,31.30814293962633
1970-10-07,31.27721214951185
1970-10-08,31.017953148889063
1970-10-09,30.792868099928
1970-10-12,30.515769142839563
1970-10-13,30.482251311831885
1970-10-14,30.51168662215534
1970-10-15,30.655934232214022
1970-10-16,30.55767143138398
1970-10-19,30.18576385042308
1970-10-20,30.335320350114635
1970-10-21,30.39460991441879
1970-10-22,30.28463355799156
1970-10-23,30.48977527991533
1970-10-26,30.348614643485114
1970-10-27,30.294604187636494
1970-10-28,30.350478564530935
1970-10-29,30.304802633718246
1970-10-30,30.352416408919
1970-11-02,30.421079232208214
1970-11-03,30.74129233799764
1970-11-04,30.887254957653244
1970-11-05,30.84261082724563
1970-11-06,30.897583101339976
1970-11-09,30.969918716464726
1970-11-10,31.068929049959642
1970-11-11,31.192681723178595
1970-11-12,30.810816109818973
1970-11-13,30.54581148124426
1970-11-16,30.49211734411527
1970-11-17,30.480782414701448
1970-11-18,30.197297171331293
1970-11-19,30.165908034867947
1970-11-20,30.464308331368482
1970-11-23,30.65791345344215
1970-11-24,30.862723624203507
1970-11-25,31.010511284571955
1970-11-27,31.22467604330294
1970-11-30,31.74742308845908
1970-12-01,31.872428000073935
1970-12-02,32.2193268385989
1970-12-03,32.37667058844066
1970-12-04,32.561505333180015
1970-12-07,32.74434453539411
1970-12-08,32.59576058187719
1970-12-09,32.542413884686326
1970-12-10,32.61286698309689
1970-12-11,32.730166011190704
1970-12-14,32.527936380768374
1970-12-15,32.54173411691894
1970-12-16,32.60748249250246
1970-12-17,32.623234274938014
1970-12-18,32.70045336467775
1970-12-21,32.624572866375686
1970-12-22,32.63979213310399
1970-12-23,32.702993810987294
1970-12-24,32.982398195949436
1970-12-28,33.16728097437852
1970-12-29,33.55726352462219
1970-12-30,33.564529977728554
1970-12-31,33.5077267943519
1971-01-04,33.283028476262054
1971-01-05,33.510381245229134
1971-01-06,33.81389987848616
1971-01-07,33.90234349582504
1971-01-08,33.85758583716109
1971-01-11,33.778559204845855
1971-01-12,34.02449195123745
1971-01-13,34.12675780378238
1971-01-14,34.23939612122894
1971-01-15,34.32585807472276
1971-01-18,34.44189709610492
1971-01-19,34.47436088001353
1971-01-20,34.44783653335726
1971-01-21,34.55827013302272
1971-01-22,34.63688935586241
1971-01-25,34.72991898090218
1971-01-26,34.91568504548995
1971-01-27,34.72993692726553
1971-01-28,34.880982461124056
1971-01-29,35.00809865105491
1971-02-01,35.13680833933329
1971-02-02,35.262135974752276
1971-02-03,35.39085176260186
1971-02-04,35.457101517221126
1971-02-05,35.561671547044774
1971-02-08,35.703810182112775
1971-02-09,35.78494669693631
1971-02-10,35.74432745343653
1971-02-11,35.97219102596001
1971-02-12,36.18100356483629
1971-02-16,36.215122663481814
1971-02-17,36.12007575790579
1971-02-18,35.94413392309457
1971-02-19,35.7031582742377
1971-02-22,35.34345440348471
1971-02-23,35.488873909512165
1971-02-24,35.75206910219591
1971-02-25,35.91182403680514
1971-02-26,35.858709176008425
1971-03-01,36.0235117776435
1971-03-02,36.059570769459796
1971-03-03,36.096053775837206
1971-03-04,36.45285675771066
1971-03-05,36.75059475982181
1971-03-08,36.96639985390372
1971-03-09,36.96447118822947
1971-03-10,36.84314345353147
1971-03-11,36.865866713337645
1971-03-12,36.83958522716962
1971-03-15,37.10616872541896
1971-03-16,37.33032727351137
1971-03-17,37.29726901305206
1971-03-18,37.38742759739115
1971-03-19,37.39720249990666
1971-03-22,37.27752511805164
1971-03-23,37.083917950024805
1971-03-24,36.933684019537445
1971-03-25,36.92998058241833
1971-03-26,37.078240026203574
1971-03-29,37.15842682156313
1971-03-30,37.213095248185994
1971-03-31,37.27995466896533
1971-04-01,37.32272549290132
1971-04-02,37.418395091208545
1971-04-05,37.56338971536322
1971-04-06,37.84864824131035
1971-04-07,38.14934340251669
1971-04-08,38.32766634376602
1971-04-12,38.767384511699795
1971-04-13,38.92162087748444
1971-04-14,39.05859469179457
1971-04-15,39.13065099487173
1971-04-16,39.05713524416867
1971-04-19,39.21100565078212
1971-04-20,39.061474685525525
1971-04-21,39.18673704733767
1971-04-22,39.34148689500845
1971-04-23,39.636933652112376
1971-04-26,39.760716589315535
1971-04-27,39.95003708517821
1971-04-28,40.04493194793412
1971-04-29,39.78044213070219
1971-04-30,39.573860536243025
1971-05-03,39.34847399255997
1971-05-04,39.7051803616648
1971-05-05,39.78388242509259
1971-05-06,39.537329491223865
1971-05-07,39.255312993941004
1971-05-10,38.99373654322076
1971-05-11,39.16409164887811
1971-05-12,39.29303155605806
1971-05-13,39.35116277915038
1971-05-14,39.20110204693544
1971-05-17,38.34284909806314
1971-05-18,38.41357256445431
1971-05-19,38.5732892654894
1971-05-20,38.72193396764161
1971-05-21,38.617415195215024
1971-05-24,38.15561670270001
1971-05-25,37.90496047032685
1971-05-26,37.99111223764958
1971-05-27,37.9461092311079
1971-05-28,38.177118219717435
1971-06-01,38.48367954248167
1971-06-02,38.853077058121876
1971-06-03,39.1396139148203
1971-06-04,39.25796129730549
1971-06-07,39.2312210659988
1971-06-08,38.90886295997951
1971-06-09,38.74730364979727
1971-06-10,38.90668138695023
1971-06-11,39.01730654965903
1971-06-14,38.6772120300929
1971-06-15,38.564312320757395
1971-06-16,38.64929499858919
1971-06-17,38.598781912072745
1971-06-18,37.82748883721845
1971-06-21,37.19160279974621
1971-06-22,36.92455603616327
1971-06-23,37.446097623824144
1971-06-24,37.473229120566536
1971-06-25,37.50552401377458
1971-06-28,37.41299505028648
1971-06-29,37.841968492065554
1971-06-30,38.240840866655084
1971-07-01,38.3362966085802
1971-07-02,38.33715641452974
1971-07-06,38.288169827886065
1971-07-07,38.56056640411728
1971-07-08,38.63003041929221
1971-07-09,38.6535897008239
1971-07-12,38.459109440507
1971-07-13,37.76171023016245
1971-07-14,37.960168379731776
1971-07-15,37.88043956249531
1971-07-16,37.82090284626723
1971-07-19,37.57934710195795
1971-07-20,37.680359593782676
1971-07-21,37.615618546584464
1971-07-22,37.57446703338653
1971-07-23,37.380118551877196
1971-07-26,37.05806159554049
1971-07-27,36.359712036713525
1971-07-28,35.8500710023758
1971-07-29,35.249737842238
1971-07-30,35.01955913451899
1971-08-02,35.368668722467966
1971-08-03,34.52389200071911
1971-08-04,34.22048424529062
1971-08-05,34.45593360729615
1971-08-06,34.530591324524316
1971-08-09,34.07776969999829
1971-08-10,34.05576451366778
1971-08-11,34.84577073491566
1971-08-12,35.57000130034021
1971-08-13,35.362217236131606
1971-08-16,37.23815740681518
1971-08-17,37.518917925218794
1971-08-18,37.1286789518675
1971-08-19,37.06986444843006
1971-08-20,37.217722634824774
1971-08-23,37.5854659380371
1971-08-24,37.90775201726278
1971-08-25,37.95388165687981
1971-08-26,37.88449636026633
1971-08-27,37.9895431044354
1971-08-30,37.577640705615394
1971-08-31,37.4151803076278
1971-09-01,37.43553994540876
1971-09-02,37.660672928276995
1971-09-03,38.21597974631656
1971-09-07,38.46106089628967
1971-09-08,38.51557991954688
1971-09-09,38.364315075961684
1971-09-10,38.25285138073638
1971-09-13,38.02137262858076
1971-09-14,37.76401908733521
1971-09-15,37.89106740140376
1971-09-16,37.79253556107961
1971-09-17,37.88620005001655
1971-09-20,37.66221853084185
1971-09-21,37.429463329777555
1971-09-22,36.9392662591254
1971-09-23,36.89818153699914
1971-09-24,36.81121861856644
1971-09-27,36.55844987823635
1971-09-28,36.64801365561806
1971-09-29,36.75112046870392
1971-09-30,36.801304598497275
1971-10-01,37.011715062572875
1971-10-04,36.92883598319296
1971-10-05,36.88802837269391
1971-10-06,37.199044011568546
1971-10-07,37.25251705105235
1971-10-08,37.02060984114369
1971-10-11,36.87751856895045
1971-10-12,36.9000211962881
1971-10-13,36.753751415623285
1971-10-14,36.33041005592759
1971-10-15,36.17906159971049
1971-10-18,35.97056441343267
1971-10-19,35.74411656973826
1971-10-20,35.391434724438945
1971-10-21,35.48532626764801
1971-10-22,35.49982810669779
1971-10-25,35.30270012306371
1971-10-26,35.093887568314585
1971-10-27,34.68221946078278
1971-10-28,34.70280713536564
1971-10-29,34.94002366530332
1971-11-01,34.39621582055431
1971-11-02,34.49301685043098
1971-11-03,35.08417167760878
1971-11-04,35.10902940292129
1971-11-05,34.91476464980348
1971-11-08,34.81967413866931
1971-11-09,34.77684406427509
1971-11-10,34.359888443736054
1971-11-11,33.653753808256795
1971-11-12,33.64824483644944
1971-11-15,33.432654772259326
1971-11-16,33.76318925383222
1971-11-17,33.729399112295994
1971-11-18,33.43846429204491
1971-11-19,33.05137757958528
1971-11-22,32.5455406755206
1971-11-23,32.27246095403104
1971-11-24,32.23998964924808
1971-11-26,32.98442533051171
1971-11-29,33.911567717564736
1971-11-30,34.3259379840454
1971-12-01,35.162795510869714
1971-12-02,35.21053947115397
1971-12-03,35.594560530146836
1971-12-06,35.52230749086922
1971-12-07,35.83684642943595
1971-12-08,36.04125404699014
1971-12-09,36.02911508718056
1971-12-10,36.33744394041831
1971-12-13,36.488257773717734
1971-12-14,36.30537480924822
1971-12-15,36.63184746395394
1971-12-16,37.08047039804891
1971-12-17,37.341892886700585
1971-12-20,37.8126720699776
1971-12-21,37.97456434649387
1971-12-22,37.784270704417715
1971-12-23,37.698251504001114
1971-12-27,37.74592649778036
1971-12-28,37.81896548142294
1971-12-29,37.94088146975966
1971-12-30,37.87870004244191
1971-12-31,38.11284028174704
1972-01-03,37.92989727020268
1972-01-04,38.03525668225271
1972-01-05,38.34739164789278
1972-01-06,38.46501621407555
1972-01-07,38.428319790863256
1972-01-10,38.45159403330118
1972-01-11,38.6196602730401
1972-01-12,38.67507525017844
1972-01-13,38.39709293974167
1972-01-14,38.59161683548629
1972-01-17,38.80528466515092
1972-01-18,39.131480055842474
1972-01-19,39.049075552165185
1972-01-20,38.8574602146675
1972-01-21,38.83554643658053
1972-01-24,38.41352251883295
1972-01-25,38.48319846583819
1972-01-26,38.47746343304855
1972-01-27,39.214999450918896
1972-01-28,39.783519025643734
1972-01-31,39.93088271751614
1972-02-01,40.11533840126073
1972-02-02,40.45386405168472
1972-02-03,40.52918590790699
1972-02-04,40.72185901373611
1972-02-07,40.478686377275004
1972-02-08,40.47599736418671
1972-02-09,40.747718620444886
1972-02-10,40.896922569933665
1972-02-11,40.91191685828923
1972-02-14,40.852037562508556
1972-02-15,41.09478531706777
1972-02-16,41.4040844410006
1972-02-17,41.51609003803031
1972-02-18,41.374331848242825
1972-02-22,41.33649621154991
1972-02-23,41.33901320895341
1972-02-24,41.29602015621473
1972-02-25,41.473518879754494
1972-02-28,41.50922723004326
1972-02-29,41.86631698921757
1972-03-01,42.37586906583694
1972-03-02,42.47854934386397
1972-03-03,42.679811407769854
1972-03-06,43.046078794847496
1972-03-07,43.10157678251443
1972-03-08,43.27910658447699
1972-03-09,43.33704727972088
1972-03-10,42.96694423316867
1972-03-13,42.474246146459016
1972-03-14,42.68435304032887
1972-03-15,42.68214599861914
1972-03-16,42.52114281293885
1972-03-17,42.52181383550886
1972-03-20,42.2623255455605
1972-03-21,41.816343811437996
1972-03-22,41.898557474735405
1972-03-23,42.4500234521319
1972-03-24,42.42455186280671
1972-03-27,42.410461770678005
1972-03-28,42.44916878344278
1972-03-29,42.202375317831205
1972-03-30,42.4414613152021
1972-04-03,42.56831208949516
1972-04-04,42.88938858274427
1972-04-05,43.484810850085516
1972-04-06,43.71417866698523
1972-04-07,43.87971498044657
1972-04-10,43.87034764452293
1972-04-11,44.24001104634799
1972-04-12,44.379742561992614
1972-04-13,44.33930595651661
1972-04-14,44.49749863947716
1972-04-17,44.494026883191616
1972-04-18,44.587277947272206
1972-04-19,44.274408214402875
1972-04-20,44.15393577109207
1972-04-21,44.127152872119616
1972-04-24,43.817789585083666
1972-04-25,43.35527906462529
1972-04-26,43.23436609159036
1972-04-27,43.24734780313461
1972-04-28,43.45291020710201
1972-05-01,43.05027594461345
1972-05-02,42.7540498567159
1972-05-03,42.574097398822474
1972-05-04,42.637832578938934
1972-05-05,42.77349917879242
1972-05-08,42.50014193917287
1972-05-09,41.86555252284837
1972-05-10,42.281848026221695
1972-05-11,42.49394081239705
1972-05-12,42.92193921020909
1972-05-15,43.31591772946196
1972-05-16,43.332545311802306
1972-05-17,43.43042262370437
1972-05-18,44.034164227638065
1972-05-19,44.55487930665568
1972-05-22,44.822349068588196
1972-05-23,44.88859522742609
1972-05-24,45.087329025700186
1972-05-25,45.24170609331918
1972-05-26,45.26771830997478
1972-05-30,45.167040377690675
1972-05-31,44.803735252445485
1972-06-01,44.89275837017633
1972-06-02,44.953305482584454
1972-06-05,44.6159670071768
1972-06-06,44.38673990358721
1972-06-07,44.252259332216134
1972-06-08,44.223227724019786
1972-06-09,43.93596943722301
1972-06-12,43.95255880724104
1972-06-13,44.05242448497742
1972-06-14,44.41567865853675
1972-06-15,44.32862298873501
1972-06-16,44.37269884025284
1972-06-19,44.32677355644642
1972-06-20,44.56209900292878
1972-06-21,44.67137020940337
1972-06-22,44.597243337758236
1972-06-23,44.47109059884149
1972-06-26,44.18435766128571
1972-06-27,44.156881549615896
1972-06-28,44.04024041001329
1972-06-29,43.889708146220336
1972-06-30,44.14834595642738
1972-07-03,44.32260662383987
1972-07-05,44.63091918063121
1972-07-06,45.01549068009604
1972-07-07,44.824968404797296
1972-07-10,44.51765067592206
1972-07-11,44.12096746598338
1972-07-12,43.76200999670339
1972-07-13,43.55112643494496
1972-07-14,43.818541413882635
1972-07-17,43.30769640121957
1972-07-18,43.18315753133224
1972-07-19,43.19746200873525
1972-07-20,43.01156005755175
1972-07-21,43.33960544963794
1972-07-24,43.90792136531162
1972-07-25,43.84618541096295
1972-07-26,43.93954601711966
1972-07-27,43.76826703746047
1972-07-28,43.709264491082344
1972-07-31,43.642441250388224
1972-08-01,44.20013860278212
1972-08-02,44.57676626745079
1972-08-03,44.815377739248085
1972-08-04,44.97184859320749
1972-08-07,44.98682838406416
1972-08-08,45.00410369946159
1972-08-09,45.06386978977643
1972-08-10,45.275872243064875
1972-08-11,45.61592351139605
1972-08-14,45.638036809035874
1972-08-15,45.254206438965646
1972-08-16,45.048818882270496
1972-08-17,44.82903411439486
1972-08-18,44.98614336757668
1972-08-21,44.67983796476893
1972-08-22,44.68591589848768
1972-08-23,44.530161350338055
1972-08-24,44.02829860453546
1972-08-25,43.85277283343726
1972-08-28,43.59529604934095
1972-08-29,43.5905522073992
1972-08-30,43.65580393147569
1972-08-31,43.81427368256574
1972-09-01,44.004223855080674
1972-09-05,43.83368398666752
1972-09-06,43.5134027529827
1972-09-07,43.34588097314569
1972-09-08,43.263910577997464
1972-09-11,42.8101870049995
1972-09-12,42.34148657107891
1972-09-13,42.54782865595416
1972-09-14,42.64313645626503
1972-09-15,42.582301072180236
1972-09-18,42.487344205576214
1972-09-19,42.37284354292078
1972-09-20,42.33523359612987
1972-09-21,42.20389108544142
1972-09-22,42.13329004570712
1972-09-25,41.89379926934592
1972-09-26,41.98103154470813
1972-09-27,42.77453396529674
1972-09-28,43.11356176792395
1972-09-29,43.1725562224467
1972-10-02,42.90674192800901
1972-10-03,42.96777921821177
1972-10-04,42.80258053346493
1972-10-05,42.21863323987179
1972-10-06,42.45416080341764
1972-10-09,42.55100243594836
1972-10-10,42.54584631145985
1972-10-11,42.2937808611118
1972-10-12,41.82061010299586
1972-10-13,41.528692468933336
1972-10-16,41.164209346071985
1972-10-17,41.40677904998426
1972-10-18,41.622162212845524
1972-10-19,41.59443470650933
1972-10-20,42.02956413200564
1972-10-23,42.49093812457865
1972-10-24,42.638604684821125
1972-10-25,42.62672241460734
1972-10-26,42.83511400299705
1972-10-27,42.72199935925173
1972-10-30,42.63653860297795
1972-10-31,43.01631254167789
1972-11-01,43.46424478244257
1972-11-02,43.555451744294736
1972-11-03,43.85031823186693
1972-11-06,43.61256038824337
1972-11-08,43.37620957882753
1972-11-09,43.29896336983449
1972-11-10,43.37823199505216
1972-11-13,43.2863002384886
1972-11-14,43.60403269904786
1972-11-15,43.4527830208282
1972-11-16,43.63292395370013
1972-11-17,43.753594419489886
1972-11-20,43.743448009021044
1972-11-21,43.934788523752026
1972-11-22,44.23552976976453
1972-11-24,44.22596955237403
1972-11-27,44.15518815866581
1972-11-28,44.1021378608723
1972-11-29,44.143033558210554
1972-11-30,44.40055221270875
1972-12-01,44.76478057688899
1972-12-04,44.93875196648601
1972-12-05,44.865983211168505
1972-12-06,45.009777517783334
1972-12-07,45.23399916138492
1972-12-08,45.364146172843846
1972-12-11,45.54134424069374
1972-12-12,45.41152779484685
1972-12-13,45.37259183558038
1972-12-14,45.30607534587552
1972-12-15,45.419843608725
1972-12-18,44.947226943640956
1972-12-19,44.78626605227728
1972-12-20,44.67074925210232
1972-12-21,44.458147632603655
1972-12-22,44.6955848829278
1972-12-26,44.78162911689639
1972-12-27,44.97646864186336
1972-12-29,45.435714907800794
1973-01-02,45.90728857762611
1973-01-03,46.198509687449594
1973-01-04,46.019152793387526
1973-01-05,46.10034706752382
1973-01-08,46.091771260401046
1973-01-09,46.024977614781285
1973-01-10,45.889565301685266
1973-01-11,46.096720288653025
1973-01-12,45.67409669909319
1973-01-15,45.2441947839018
1973-01-16,45.0911825275566
1973-01-17,45.36924951213835
1973-01-18,45.487031975609014
1973-01-19,45.41520598639276
1973-01-22,45.22797219003076
1973-01-23,45.150827678340896
1973-01-24,44.46947894892454
1973-01-26,44.33197377111958
1973-01-29,44.08210553197949
1973-01-30,43.92917881369782
1973-01-31,43.92827111678868
1973-02-01,43.38613190961273
1973-02-02,43.16173092449163
1973-02-05,43.0266022865004
1973-02-06,43.238849750448786
1973-02-07,42.92875214719118
1973-02-08,42.9006216575905
1973-02-09,43.439122719416
1973-02-12,43.936204753977954
1973-02-13,44.15473090400586
1973-02-14,43.579246911132955
1973-02-15,43.277133768649925
1973-02-16,43.46178243052583
1973-02-20,43.591869345978665
1973-02-21,43.314642618574936
1973-02-22,43.1095375506399
1973-02-23,42.78415352270953
1973-02-26,42.41739484328135
1973-02-27,41.93963381281769
1973-02-28,42.1868616748821
1973-03-01,41.98568476860699
1973-03-02,42.2707444608403
1973-03-05,42.453887994228985
1973-03-06,43.015815738402026
1973-03-07,43.314805171181405
1973-03-08,43.21279462352102
1973-03-09,43.0858332033315
1973-03-12,43.10738139808971
1973-03-13,43.239651730287676
1973-03-14,43.382871328116046
1973-03-15,43.1014266026074
1973-03-16,42.90320190365485
1973-03-19,42.33883486580625
1973-03-20,42.22737978928162
1973-03-21,41.69793794251174
1973-03-22,40.992573571872995
1973-03-23,41.048602661010754
1973-03-26,41.44053981017406
1973-03-27,42.05795806533545
1973-03-28,42.064426523448425
1973-03-29,42.41855609280752
1973-03-30,42.134361762592754
1973-04-02,41.711457646746624
1973-04-03,41.31947837467277
1973-04-04,41.139901687672214
1973-04-05,41.02047944165541
1973-04-06,41.29114495749253
1973-04-09,41.87934020943664
1973-04-10,42.3080735151696
1973-04-11,42.42991650115332
1973-04-12,42.42785978875943
1973-04-13,42.34327706611529
1973-04-16,42.257192352538
1973-04-17,42.133271243356255
1973-04-18,42.24756584430365
1973-04-19,42.52247699035107
1973-04-23,42.49463723861314
1973-04-24,41.94910147074586
1973-04-25,41.325060952652514
1973-04-26,41.37787895815032
1973-04-27,40.84707628773005
1973-04-30,40.71835589919293
1973-05-01,40.69428476642411
1973-05-02,40.95895056306411
1973-05-03,41.554918479730375
1973-05-04,41.88206400994904
1973-05-07,41.69981550854541
1973-05-08,42.09425020998419
1973-05-09,42.07758164046483
1973-05-10,41.89866606558202
1973-05-11,41.45852501528931
1973-05-14,40.77474097498204
1973-05-15,40.99308789149194
1973-05-16,40.94523558043965
1973-05-17,40.59700196786613
1973-05-18,39.9706231142826
1973-05-21,39.37395510072752
1973-05-22,39.728490642615306
1973-05-23,39.78831746318952
1973-05-24,40.719912870685604
1973-05-25,41.0778410654675
1973-05-29,41.02272214572863
1973-05-30,40.672397748566006
1973-05-31,40.3073869966166
1973-06-01,39.8990971142242
1973-06-04,39.55599787091312
1973-06-05,40.04667235146902
1973-06-06,39.953085072543104
1973-06-07,40.40422570066668
1973-06-08,40.85848384399914
1973-06-11,40.83333938110934
1973-06-12,41.33726697400662
1973-06-13,41.243511306745006
1973-06-14,40.97938354531328
1973-06-15,40.575341279857426
1973-06-18,40.062577177022526
1973-06-19,40.04594983439761
1973-06-20,40.220493625465835
1973-06-21,39.908706185013436
1973-06-22,40.0816516585906
1973-06-25,39.66466077630174
1973-06-26,39.995609699098104
1973-06-27,40.19455150121273
1973-06-28,40.52257899507843
1973-06-29,40.465171050269255
1973-07-02,39.97104310739308
1973-07-03,39.61824009581188
1973-07-05,39.50994681506067
1973-07-06,39.45961371187846
1973-07-09,39.6867305598085
1973-07-10,40.19173118694791
1973-07-11,40.93250457614123
1973-07-12,40.94220441539588
1973-07-13,40.660784528495945
1973-07-16,41.11889256581469
1973-07-17,41.31585175250929
1973-07-18,41.6096372975849
1973-07-19,41.7301744524086
1973-07-20,41.94754331497117
1973-07-23,42.09278983205904
1973-07-24,42.36339661732789
1973-07-25,42.900221685793944
1973-07-26,42.96418045695651
1973-07-27,42.81351418210071
1973-07-30,42.701992041581356
1973-07-31,42.423728356154236
1973-08-01,42.130983079722355
1973-08-02,42.143709032240054
1973-08-03,42.08982660130425
1973-08-06,42.181746812976286
1973-08-07,42.15783104420848
1973-08-08,41.9034236261724
1973-08-09,41.899011855544664
1973-08-10,41.61030738005862
1973-08-13,41.126834546085774
1973-08-14,40.75892385021051
1973-08-15,40.95744464713628
1973-08-16,40.849502419014236
1973-08-17,40.83252127197195
1973-08-20,40.67569228684881
1973-08-21,40.48534437611243
1973-08-22,40.30574794962889
1973-08-23,40.669172018043255
1973-08-24,40.677261499671495
1973-08-27,40.895985786624976
1973-08-28,41.105867783273354
1973-08-29,41.52685976688805
1973-08-30,41.49510183406648
1973-08-31,41.6493807462748
1973-09-04,41.768262280863134
1973-09-05,41.9370497408648
1973-09-06,42.216041873351266
1973-09-07,42.3177866304174
1973-09-10,41.93967942467341
1973-09-11,41.81165254973321
1973-09-12,41.731051538107586
1973-09-13,41.89253662383515
1973-09-14,42.19056620950154
1973-09-17,42.53545390742809
1973-09-18,42.6387884932619
1973-09-19,43.35475722795104
1973-09-20,43.768520431074734
1973-09-21,44.14184782097875
1973-09-24,44.2701028572514
1973-09-25,44.3683337870811
1973-09-26,44.663000039259124
1973-09-27,44.75304705337188
1973-09-28,44.56224448300422
1973-10-01,44.46107780072863
1973-10-02,44.70539649401463
1973-10-03,44.761648874018725
1973-10-04,44.56479495180583
1973-10-05,45.010683110944
1973-10-08,45.3443052787762
1973-10-09,45.34070619009049
1973-10-10,44.99393782666928
1973-10-11,45.751489221446334
1973-10-12,46.07269921167457
1973-10-15,45.58357528432954
1973-10-16,45.59006143035515
1973-10-17,45.523015072751555
1973-10-18,45.543251459032476
1973-10-19,45.585609554728315
1973-10-22,45.08699639570208
1973-10-23,45.23733970202752
1973-10-24,45.40141546868359
1973-10-25,45.57170398983507
1973-10-26,45.916148620489636
1973-10-29,45.94618874007255
1973-10-30,45.36327173692136
1973-10-31,45.038016956948496
1973-11-01,44.806273993378866
1973-11-02,44.60235971219244
1973-11-05,43.95088875459679
1973-11-06,43.539868526841246
1973-11-07,43.97131020690837
1973-11-08,44.51868459793914
1973-11-09,43.975597719417756
1973-11-12,43.53807611675438
1973-11-13,43.290491341398976
1973-11-14,42.276667337518376
1973-11-15,42.21697276096471
1973-11-16,42.67786360841712
1973-11-19,41.29248960123979
1973-11-20,40.320968121194504
1973-11-21,40.952158335476774
1973-11-23,41.048771109046534
1973-11-26,39.939150264886926
1973-11-27,39.686126395386864
1973-11-28,40.46778530992599
1973-11-29,40.57976610027535
1973-11-30,40.13314527357567
1973-12-03,39.36357749531223
1973-12-04,39.46299078464702
1973-12-05,38.996409057018134
1973-12-06,39.79304001204876
1973-12-07,40.94052159264277
1973-12-10,41.69628779576542
1973-12-11,41.21287179831395
1973-12-12,40.183986959469
1973-12-13,39.74724437460778
1973-12-14,40.196119200487544
1973-12-17,40.05470681443066
1973-12-18,40.7342622917529
1973-12-19,40.648071111974446
1973-12-20,40.562032125528745
1973-12-21,40.250568884992106
1973-12-24,40.30776151745259
1973-12-26,41.266627120220406
1973-12-27,42.11328621453728
1973-12-28,42.236846629768415
1973-12-31,42.633486521993255
1974-01-02,43.040566642179655
1974-01-03,44.28943433273232
1974-01-04,44.147938334565524
1974-01-07,44.216929192965466
1974-01-08,43.41669575790082
1974-01-09,42.008326837826544
1974-01-10,41.552487196787304
1974-01-11,42.0599215962314
1974-01-14,42.27670966150499
1974-01-15,42.77682351397471
1974-01-16,43.24005945599094
1974-01-17,43.521678367118966
1974-01-18,42.76395436592381
1974-01-21,42.57561356624724
1974-01-22,42.88099063603061
1974-01-23,43.00570518878207
1974-01-24,43.00250066349276
1974-01-25,42.949689093389175
1974-01-28,42.80136175569631
1974-01-29,42.670706860303895
1974-01-30,42.931891724985505
1974-01-31,42.85964391591174
1974-02-01,42.32998602996528
1974-02-04,41.5295749534844
1974-02-05,41.453514208807015
1974-02-06,41.576058665527654
1974-02-07,41.76559768882236
1974-02-08,41.57610287793156
1974-02-11,40.84487582966872
1974-02-12,40.8292432905479
1974-02-13,40.889880192088704
1974-02-14,40.92763878778347
1974-02-15,41.37345005223412
1974-02-19,41.30239912774558
1974-02-20,41.79735350760929
1974-02-21,42.404814371527564
1974-02-22,43.029248382195625
1974-02-25,43.122757225960605
1974-02-26,43.58590559764542
1974-02-27,43.99150040025343
1974-02-28,43.73482285105413
1974-03-01,43.52403781162218
1974-03-04,43.495356015607584
1974-03-05,43.97690296330035
1974-03-06,44.04137303671929
1974-03-07,43.68722943587919
1974-03-08,43.89364023513011
1974-03-11,44.253520281382656
1974-03-12,44.4102390940523
1974-03-13,44.51457275614722
1974-03-14,44.595980915912286
1974-03-15,44.420143076538984
1974-03-18,43.841551229127894
1974-03-19,43.53912536060265
1974-03-20,43.78181752171555
1974-03-21,43.60300723237872
1974-03-22,43.58057284150241
1974-03-25,43.59914501336292
1974-03-26,43.7371132269216
1974-03-27,43.46246643279618
1974-03-28,42.69509170498363
1974-03-29,42.44178483376002
1974-04-01,42.270343512997705
1974-04-02,42.33984139515829
1974-04-03,42.53965621051916
1974-04-04,42.485047810830544
1974-04-05,41.78374539463292
1974-04-08,41.078629565189495
1974-04-09,41.410563089454804
1974-04-10,41.49350947245373
1974-04-11,41.586795310198504
1974-04-15,41.54697664739448
1974-04-16,42.155150726563136
1974-04-17,42.480982441695744
1974-04-18,42.7624610491088
1974-04-19,42.43173803961274
1974-04-22,42.263184813520084
1974-04-23,41.35276481907123
1974-04-24,40.476667531561766
1974-04-25,39.912513433725934
1974-04-26,40.25927379770493
1974-04-29,40.312829764325265
1974-04-30,40.53312831731449
1974-05-01,41.465477119988606
1974-05-02,41.541998594593444
1974-05-03,41.2951342340926
1974-05-06,41.03722293444293
1974-05-07,41.11624568096716
1974-05-08,41.07071364584468
1974-05-09,41.3242789691943
1974-05-10,40.620087546979974
1974-05-13,40.27194053245452
1974-05-14,40.325343682690765
1974-05-15,40.069929308829224
1974-05-16,39.877684838133696
1974-05-17,38.99152002951479
1974-05-20,38.79041017070702
1974-05-21,38.5307482344805
1974-05-22,37.69958495753782
1974-05-23,37.46362222242205
1974-05-24,37.946486879457964
1974-05-28,37.9060179171002
1974-05-29,37.43180552246799
1974-05-30,37.609230301957076
1974-05-31,37.500889479312505
1974-06-03,38.20209334988043
1974-06-04,38.76783203680571
1974-06-05,38.98890507748278
1974-06-06,39.45483391594973
1974-06-07,39.71989468428873
1974-06-10,39.89428792223089
1974-06-11,39.64282338435527
1974-06-12,39.40582104745575
1974-06-13,39.52373003341912
1974-06-14,39.156163962468554
1974-06-17,38.86920629683218
1974-06-18,38.61324673077621
1974-06-19,38.40700385495215
1974-06-20,38.08094034986022
1974-06-21,37.7668335208312
1974-06-24,37.77508194803316
1974-06-25,38.25456831638266
1974-06-26,37.7941640967538
1974-06-27,37.150462038617476
1974-06-28,36.90347140931192
1974-07-01,36.799980938421264
1974-07-02,35.9743160557668
1974-07-03,35.69849298855472
1974-07-05,35.44271992793456
1974-07-08,34.370348957490336
1974-07-09,34.70343957200785
1974-07-10,34.08279091205876
1974-07-11,34.074311809825446
1974-07-12,35.55365352695056
1974-07-15,36.01092814352849
1974-07-16,35.78092141253824
1974-07-17,36.13993372906673
1974-07-18,36.45693245678027
1974-07-19,36.68904195531496
1974-07-22,36.75637136732013
1974-07-23,37.14625986559938
1974-07-24,37.25898983120425
1974-07-25,37.135514866996985
1974-07-26,36.58834495066268
1974-07-29,36.04561178548896
1974-07-30,35.79857250006045
1974-07-31,35.60603807216765
1974-08-01,35.40200935961088
1974-08-02,35.316427357802255
1974-08-05,35.53462812112316
1974-08-06,36.14697846065564
1974-08-07,36.91576198104815
1974-08-08,36.63998659089682
1974-08-09,36.522349470634495
1974-08-12,36.27842043394528
1974-08-13,35.774363033850776
1974-08-14,35.19382428625069
1974-08-15,35.12449163465876
1974-08-16,34.99139584707686
1974-08-19,34.47008358204142
1974-08-20,34.607265262836286
1974-08-21,34.27033986471026
1974-08-22,33.92495804280111
1974-08-23,33.48833486268849
1974-08-26,33.40494499330841
1974-08-27,32.75868991719327
1974-08-28,32.500539282946654
1974-08-29,32.07799836222633
1974-08-30,32.950717420459846
1974-09-03,32.363382390699826
1974-09-04,31.42987383302609
1974-09-05,32.31769500095241
1974-09-06,32.64118573310755
1974-09-09,31.707895550262922
1974-09-10,31.384213440083208
1974-09-11,31.068422871771503
1974-09-12,30.303581857500117
1974-09-13,29.929742145614938
1974-09-16,30.159706136975956
1974-09-17,30.560782556002096
1974-09-18,30.498890502706512
1974-09-19,31.411739249283457
1974-09-20,31.627886721437086
1974-09-23,31.543570731894526
1974-09-24,31.11461512535458
1974-09-25,31.17634662553728
1974-09-26,30.65784512434431
1974-09-27,30.163607233739942
1974-09-30,29.388175570795838
1974-10-01,29.2900957221824
1974-10-02,29.392426477635333
1974-10-03,29.077142806976013
1974-10-04,29.434324410988747
1974-10-07,30.4480430463063
1974-10-08,30.625622219736098
1974-10-09,31.93672909864693
1974-10-10,32.676648125704375
1974-10-11,33.21179103419255
1974-10-14,33.71941426580684
1974-10-15,33.061744951682236
1974-10-16,32.75846391763344
1974-10-17,33.04521695998602
1974-10-18,33.39011245403647
1974-10-21,33.996451635366114
1974-10-22,33.85043170013775
1974-10-23,33.15054983318621
1974-10-24,33.00873680544896
1974-10-25,33.07235059456374
1974-10-28,33.249445264345766
1974-10-29,34.12188306031395
1974-10-30,34.80013185838394
1974-10-31,34.826223483380836
1974-11-01,34.7969974013204
1974-11-04,34.42903313295422
1974-11-05,34.981649199422705
1974-11-06,35.18019246235564
1974-11-07,35.34997118131028
1974-11-08,35.53035931391454
1974-11-11,35.70006534302236
1974-11-12,35.19174454485281
1974-11-13,35.14700112475538
1974-11-14,34.99184454372481
1974-11-15,34.584984240875706
1974-11-18,33.36881925661306
1974-11-19,32.96395824111932
1974-11-20,33.028378892114326
1974-11-21,33.03937459481749
1974-11-22,33.47344298380651
1974-11-25,33.43131393300858
1974-11-26,33.68072904520322
1974-11-27,33.84512558998214
1974-11-29,33.800771853979136
1974-12-02,32.99949544154487
1974-12-03,32.40420019421557
1974-12-04,32.476522862132136
1974-12-05,31.87065260382885
1974-12-06,31.32834527584198
1974-12-09,31.358242758379426
1974-12-10,32.04103320285205
1974-12-11,32.23864236515385
1974-12-12,32.14915435939039
1974-12-13,32.01873397808133
1974-12-16,31.921233696541815
1974-12-17,32.36981610436674
1974-12-18,32.492464965491735
1974-12-19,32.39734218405837
1974-12-20,32.02285778791098
1974-12-23,31.654871887370383
1974-12-24,32.00157848998642
1974-12-26,32.13082346279669
1974-12-27,32.14526630667172
1974-12-30,32.03837781850551
1974-12-31,32.54846409532225
1975-01-02,33.32339130214519
1975-01-03,33.66809287371711
1975-01-06,33.98155343174497
1975-01-07,34.089092250731994
1975-01-08,34.03142569602014
1975-01-09,34.28849122289196
1975-01-10,34.98705281508598
1975-01-13,34.97983165329344
1975-01-14,34.76597388134542
1975-01-15,34.997461150463984
1975-01-16,35.06218964920245
1975-01-17,34.67158310194577
1975-01-20,34.680833296758955
1975-01-21,34.47988891862884
1975-01-22,34.68072548294463
1975-01-23,34.926807301290886
1975-01-24,35.41182869309382
1975-01-27,36.4644332772521
1975-01-28,36.62351511035484
1975-01-29,37.00856649185817
1975-01-30,36.69955846167322
1975-01-31,36.950636771570956
1975-02-03,37.43080693555675
1975-02-04,37.32839808991765
1975-02-05,37.78929010688322
1975-02-06,37.9290968115788
1975-02-07,37.978290586797975
1975-02-10,37.93573875312706
1975-02-11,37.89831247803582
1975-02-12,38.365597079968154
1975-02-13,38.72183292989268
1975-02-14,38.88533475422069
1975-02-18,38.798742026582204
1975-02-19,38.81690866868122
1975-02-20,39.22136241844538
1975-02-21,39.366927322213435
1975-02-24,38.89347580032876
1975-02-25,38.06455811077424
1975-02-26,38.379517658292336
1975-02-27,38.54761029191808
1975-02-28,38.79280703892887
1975-03-03,39.469406409427535
1975-03-04,39.70386808740542
1975-03-05,39.494360585633835
1975-03-06,39.88162019644184
1975-03-07,40.35085954759756
1975-03-10,40.69492986144822
1975-03-11,40.432216188700274
1975-03-12,40.14941170894743
1975-03-13,40.28731204542612
1975-03-14,40.97260789551268
1975-03-17,41.61001423528906
1975-03-18,41.188831548654186
1975-03-19,40.88561656991573
1975-03-20,40.7462849446418
1975-03-21,40.68266915076777
1975-03-24,39.784829659213784
1975-03-25,40.09887087582989
1975-03-26,40.96922785262181
1975-03-27,41.313601469416426
1975-03-31,41.24805219877113
1975-04-01,40.947695256287616
1975-04-02,40.943626591107076
1975-04-03,40.73902232949634
1975-04-04,40.665016580830404
1975-04-07,40.50499180972201
1975-04-08,40.79678697442248
1975-04-09,41.531253144954555
1975-04-10,42.12427837879092
1975-04-11,42.66276983985715
1975-04-14,43.220969562300084
1975-04-15,43.48685620919649
1975-04-16,43.73765413695277
1975-04-17,44.109663710328405
1975-04-18,43.89632823512955
1975-04-21,44.37707905376836
1975-04-22,44.166611915976986
1975-04-23,43.5960173169011
1975-04-24,43.665595583571275
1975-04-25,44.16458361763998
1975-04-28,44.070295311190144
1975-04-29,43.65810957196236
1975-04-30,44.321039848309496
1975-05-01,44.713452546622705
1975-05-02,45.35305855808889
1975-05-05,45.65610694275129
1975-05-06,45.0257639420774
1975-05-07,45.283187716234316
1975-05-08,45.74001920755308
1975-05-09,46.30168772318887
1975-05-12,46.230189159042844
1975-05-13,46.422030664815544
1975-05-14,46.924233424872796
1975-05-15,46.71654791969704
1975-05-16,46.452708635329415
1975-05-19,46.65017446735372
1975-05-20,46.72306961830417
1975-05-21,46.20099930531901
1975-05-22,46.36092266203705
1975-05-23,46.845833902649254
1975-05-27,46.890149639761894
1975-05-28,46.759240580503
1975-05-29,46.7310858828979
1975-05-30,47.446345536721815
1975-06-02,48.15531868449659
1975-06-03,48.29224910830293
1975-06-04,48.11152181868218
1975-06-05,48.09560663807248
1975-06-06,48.03567971563345
1975-06-09,47.2925348882814
1975-06-10,46.8266449042331
1975-06-11,46.82698688367537
1975-06-12,46.54296690430684
1975-06-13,46.67213774347386
1975-06-16,47.158562258709765
1975-06-17,46.721454181294526
1975-06-18,46.60302519253423
1975-06-19,47.38565740758704
1975-06-20,47.954471755643006
1975-06-23,48.65111960594985
1975-06-24,49.02956825265446
1975-06-25,49.37428015906488
1975-06-26,49.36536144279572
1975-06-27,49.498131817949584
1975-06-30,49.93308175350432
1975-07-01,49.74851056415689
1975-07-02,49.340928906155334
1975-07-03,49.641599294723775
1975-07-07,49.238629657971565
1975-07-08,49.26008290156504
1975-07-09,50.35885043028963
1975-07-10,50.56728272040796
1975-07-11,50.81347711069488
1975-07-14,51.149773456863365
1975-07-15,51.45110505025451
1975-07-16,50.83543383378297
1975-07-17,50.42783658661645
1975-07-18,50.43113754411767
1975-07-21,49.97965634720532
1975-07-22,49.193493788201174
1975-07-23,48.039544072466725
1975-07-24,47.65115157717368
1975-07-25,47.22315700397621
1975-07-28,46.86995275443021
1975-07-29,46.43227631911713
1975-07-30,46.78938660361002
1975-07-31,46.781120223257226
1975-08-01,46.16129591739623
1975-08-04,45.60100292847737
1975-08-05,44.91871353684602
1975-08-06,44.803702645717514
1975-08-07,44.60450830279344
1975-08-08,44.27912164011191
1975-08-11,44.36198084911982
1975-08-12,44.84485566696941
1975-08-13,44.263687978379586
1975-08-14,43.94565857993134
1975-08-15,44.224926654620965
1975-08-18,44.14906559024141
1975-08-19,43.1423496042732
1975-08-20,42.19947951296771
1975-08-21,42.066426855524
1975-08-22,42.927521765120424
1975-08-25,43.43637842735274
1975-08-26,42.815242526875835
1975-08-27,43.09763966530377
1975-08-28,44.36189629396141
1975-08-29,44.808474441019555
1975-09-02,43.87576262404116
1975-09-03,44.2021421088869
1975-09-04,44.30541652792787
1975-09-05,44.10301291131326
1975-09-08,44.06011880689567
1975-09-09,43.270093719408365
1975-09-10,42.49993685257125
1975-09-11,42.5268017085293
1975-09-12,42.58566530720145
1975-09-15,42.304614376095365
1975-09-16,41.84272048330284
1975-09-17,41.94932100088662
1975-09-18,42.795500589502204
1975-09-19,44.113730614674296
1975-09-22,43.88420221787818
1975-09-23,43.97643293710669
1975-09-24,44.610771096682065
1975-09-25,44.53672380265128
1975-09-26,44.93762579759114
1975-09-29,44.43577244822947
1975-09-30,43.58916480675124
1975-10-01,42.75088839637997
1975-10-02,43.14194727887491
1975-10-03,44.17501102754657
1975-10-06,44.84835498991006
1975-10-07,44.639508117928784
1975-10-08,45.24682799842126
1975-10-09,45.242080302959664
1975-10-10,44.89940140253404
1975-10-13,45.465855764427985
1975-10-14,45.224605338472564
1975-10-15,45.23253228342996
1975-10-16,45.34522621297908
1975-10-17,45.06358692439854
1975-10-20,45.372579330580386
1975-10-21,45.80659657392511
1975-10-22,45.82005498056143
1975-10-23,46.053439200501465
1975-10-24,45.57097762514557
1975-10-27,45.488045196467084
1975-10-28,45.77042054252945
1975-10-29,44.997919777067175
1975-10-30,44.91532544607327
1975-10-31,44.779347912344946
1975-11-03,44.33382911007779
1975-11-04,44.41458959173627
1975-11-05,45.04735631506701
1975-11-06,45.34804084866505
1975-11-07,45.35607328090082
1975-11-10,45.18019315494595
1975-11-11,45.545868825379394
1975-11-12,46.288439571722925
1975-11-13,46.22947605164667
1975-11-14,46.18280888580486
1975-11-17,46.35487036043432
1975-11-18,46.05346035599104
1975-11-19,45.49419506599284
1975-11-20,45.33951104993039
1975-11-21,45.35330388378078
1975-11-24,45.55876335136831
1975-11-25,45.928530479988844
1975-11-26,46.17179543581517
1975-11-28,46.31572694094174
1975-12-01,45.999171859061406
1975-12-02,45.08060203274203
1975-12-03,43.910711899826254
1975-12-04,43.96952102078886
1975-12-05,43.60089443076424
1975-12-08,43.47527734889952
1975-12-09,43.49578352207293
1975-12-10,43.943297636623605
1975-12-11,44.00228266144557
1975-12-12,43.92395079332702
1975-12-15,44.01155277524515
1975-12-16,44.603848958322395
1975-12-17,44.839552250397354
1975-12-18,45.054023201657614
1975-12-19,44.73642682605206
1975-12-22,44.361061367046126
1975-12-23,44.73573257532352
1975-12-24,45.158413436067804
1975-12-26,45.58456910937887
1975-12-29,45.428663746114935
1975-12-30,45.13684351831357
1975-12-31,45.60874535129591
1976-01-02,45.92456515823739
1976-01-05,46.71925590396745
1976-01-06,47.403514075495835
1976-01-07,47.839987701135925
1976-01-08,48.288627009630524
1976-01-09,48.77654201428771
1976-01-12,49.6413269547681
1976-01-13,49.21371239662547
1976-01-14,50.28020685730464
1976-01-15,50.18138486344556
1976-01-16,50.553239793163144
1976-01-19,51.24865254240791
1976-01-20,51.7573779470137
1976-01-21,51.59718537505092
1976-01-22,51.80323164318666
1976-01-23,52.548014265578225
1976-01-26,52.871791308907575
1976-01-27,52.58587482121034
1976-01-28,52.16348575163495
1976-01-29,53.22805655601438
1976-01-30,53.632862534283404
1976-02-02,53.7665914653837
1976-02-03,54.01991332525205
1976-02-04,54.45231535668829
1976-02-05,53.68812408094407
1976-02-06,53.4351739487879
1976-02-09,53.91184819379343
1976-02-10,54.55084971032896
1976-02-11,54.95016301586489
1976-02-12,54.832026389420754
1976-02-13,54.681753260976215
1976-02-17,54.585926950778884
1976-02-18,55.13182985636937
1976-02-19,56.116742100412004
1976-02-20,56.58488197876485
1976-02-23,56.28361774276593
1976-02-24,56.66834008596861
1976-02-25,56.80719921034155
1976-02-26,56.05793696460452
1976-02-27,55.51673476199989
1976-03-01,55.654925773562766
1976-03-02,56.135479220444935
1976-03-03,55.762739384486885
1976-03-04,55.30790160272973
1976-03-05,55.3785153347616
1976-03-08,56.10952595557203
1976-03-09,56.18232079977404
1976-03-10,56.34275822110929
1976-03-11,56.740894189269135
1976-03-12,56.16555072190356
1976-03-15,55.38809290536186
1976-03-16,55.979870029034764
1976-03-17,56.093603220108925
1976-03-18,55.62297230524635
1976-03-19,55.52973647959241
1976-03-22,55.450432631452166
1976-03-23,55.6594655510008
1976-03-24,55.88830797417626
1976-03-25,55.445964195047715
1976-03-26,55.6051511066817
1976-03-29,55.46104194872701
1976-03-30,55.21823677372593
1976-03-31,55.75192397545484
1976-04-01,55.53903299131011
1976-04-02,55.546709321220405
1976-04-05,56.152021203395485
1976-04-06,56.201262137189005
1976-04-07,55.47020764154368
1976-04-08,54.762392216665745
1976-04-09,54.002541108730846
1976-04-12,53.89972576495442
1976-04-13,54.29431859204989
1976-04-14,53.98022290320038
1976-04-15,54.321692348337706
1976-04-19,54.955048485173144
1976-04-20,55.90124733901693
1976-04-21,56.20232011776601
1976-04-22,56.25850886858913
1976-04-23,55.89059306114827
1976-04-26,55.92169028354857
1976-04-27,55.62474693391915
1976-04-28,55.79060999301493
1976-04-29,56.00867157940066
1976-04-30,55.867299200588505
1976-05-03,55.374490832298704
1976-05-04,55.93491505142587
1976-05-05,55.66534939562344
1976-05-06,55.951336047814046
1976-05-07,56.31748631691214
1976-05-10,57.236577249126455
1976-05-11,57.332512569752225
1976-05-12,57.27668293943181
1976-05-13,56.965769585249845
1976-05-14,56.61394945751105
1976-05-17,56.34629097492688
1976-05-18,56.40127528354275
1976-05-19,56.447719582010926
1976-05-20,56.72484161683628
1976-05-21,56.40016108326241
1976-05-24,55.42563307563728
1976-05-25,55.19773332358055
1976-05-26,55.14813834159786
1976-05-27,54.99030260845737
1976-05-28,55.39580975701037
1976-06-01,55.200035613858795
1976-06-02,55.27815050700136
1976-06-03,55.21275966249134
1976-06-04,54.68969227842192
1976-06-07,54.171628896739094
1976-06-08,54.23799072856504
1976-06-09,54.270979691962054
1976-06-10,54.725151913716935
1976-06-11,55.39909553833134
1976-06-14,56.103588803151695
1976-06-15,55.92010808249314
1976-06-16,56.29675924701682
1976-06-17,57.12185248006859
1976-06-18,57.22705270425756
1976-06-21,57.46107575843722
1976-06-22,57.15434894560521
1976-06-23,56.95862840616442
1976-06-24,57.3847239758304
1976-06-25,57.39003682687117
1976-06-28,57.24980852157811
1976-06-29,57.467783882793924
1976-06-30,57.656849271342345
1976-07-01,57.30500473395834
1976-07-02,57.448777602398266
1976-07-06,57.100312843077475
1976-07-07,57.22277668113374
1976-07-08,57.282602966204024
1976-07-09,57.648136522836566
1976-07-12,58.14845981033601
1976-07-13,58.06297787836154
1976-07-14,58.132559391440005
1976-07-15,57.797766902526654
1976-07-16,57.54294150143647
1976-07-19,57.36712179463573
1976-07-20,56.99089712381678
1976-07-21,57.04470646478221
1976-07-22,57.03804196402735
1976-07-23,57.108242542680124
1976-07-26,57.04948758813468
1976-07-27,56.73450659895115
1976-07-28,56.44757388336245
1976-07-29,56.40207634983442
1976-07-30,56.71044834264995
1976-08-02,56.6075586213038
1976-08-03,57.033451204326084
1976-08-04,57.223707330933784
1976-08-05,56.986951250673464
1976-08-06,56.82928136185158
1976-08-09,56.69482588025464
1976-08-10,57.07395309847353
1976-08-11,56.87928531839978
1976-08-12,56.74189584047667
1976-08-13,56.71076091372648
1976-08-16,56.68625435639512
1976-08-17,56.749075387158136
1976-08-18,56.438673246718174
1976-08-19,55.70044190574097
1976-08-20,55.14130448602175
1976-08-23,54.80993942561321
1976-08-24,54.488459749172094
1976-08-25,54.85994405970222
1976-08-26,54.581751783192246
1976-08-27,54.606616248744416
1976-08-30,54.831629153384625
1976-08-31,55.26330178424539
1976-09-01,55.80860890764883
1976-09-02,55.81579240071755
1976-09-03,56.025139824377355
1976-09-07,56.24733196947725
1976-09-08,56.115678322672025
1976-09-09,55.72986598221738
1976-09-10,55.831563998942855
1976-09-13,55.61634614927179
1976-09-14,55.489829227758314
1976-09-15,55.55040857575923
1976-09-16,55.99695630253388
1976-09-17,56.531890281552926
1976-09-20,56.623384429986125
1976-09-21,57.27954213969274
1976-09-22,57.20858547760772
1976-09-23,56.90857915639535
1976-09-24,56.871726450652886
1976-09-27,57.12212671572868
1976-09-28,56.476522371640144
1976-09-29,56.24981887612591
1976-09-30,56.10469125355629
1976-10-01,55.5354708202185
1976-10-04,55.49945441417287
1976-10-05,55.08594582630771
1976-10-06,54.83988847050392
1976-10-07,55.099699647523536
1976-10-08,54.61926385072062
1976-10-11,53.94895484567551
1976-10-12,53.44964668416915
1976-10-13,54.13360672016826
1976-10-14,53.54251928385657
1976-10-15,53.733776974728805
1976-10-18,54.133944813347895
1976-10-19,54.21626475308526
1976-10-20,54.42783082820321
1976-10-21,54.00803355271656
1976-10-22,53.628580925116744
1976-10-25,53.82133937242529
1976-10-26,54.17225019708495
1976-10-27,54.467402317708675
1976-10-28,54.444371623553614
1976-10-29,55.075315315264795
1976-11-01,55.20033412727586
1976-11-03,54.59642433986378
1976-11-04,55.396750448019006
1976-11-05,54.90169972853063
1976-11-08,54.36901916976342
1976-11-09,54.22228232400551
1976-11-10,53.93083036101783
1976-11-11,54.25942420733384
1976-11-12,54.07908362078456
1976-11-15,54.314733550873775
1976-11-16,54.4978331124781
1976-11-17,54.84115247290318
1976-11-18,55.62504127837556
1976-11-19,55.773487409675575
1976-11-22,56.13456884824478
1976-11-23,55.87424364285869
1976-11-24,56.16396816380904
1976-11-26,56.59403439251286
1976-11-29,56.246465246310706
1976-11-30,56.088796493013945
1976-12-01,56.503861126519624
1976-12-02,56.41982206690165
1976-12-03,56.67989640065278
1976-12-06,57.241821772786054
1976-12-07,57.1963096043443
1976-12-08,57.622865296799546
1976-12-09,58.036883120615144
1976-12-10,58.20601238132593
1976-12-13,58.304105217157804
1976-12-14,58.68969357226917
1976-12-15,58.964806328377534
1976-12-16,58.85471376951759
1976-12-17,58.67523239975067
1976-12-20,58.34107745492726
1976-12-21,58.569355930571554
1976-12-22,58.89183623117271
1976-12-23,58.82136373644635
1976-12-27,59.32917867961602
1976-12-28,59.6338857971875
1976-12-29,59.426883559761166
1976-12-30,59.78762952349908
1976-12-31,60.19065636294964
1977-01-03,60.03258318638805
1977-01-04,59.4952590915963
1977-01-05,59.080749598572154
1977-01-06,59.238566605751345
1977-01-07,59.31634731446722
1977-01-10,59.46512030448602
1977-01-11,58.936019782144264
1977-01-12,58.38573579222471
1977-01-13,59.05528885918017
1977-01-14,59.154333075723855
1977-01-17,59.14814424962413
1977-01-18,59.09353814947723
1977-01-19,59.46906102229424
1977-01-20,59.22195197212835
1977-01-21,59.53750994857439
1977-01-24,59.752527546704414
1977-01-25,59.904839132392176
1977-01-26,59.51836457252454
1977-01-27,59.11037041360321
1977-01-28,59.19142544323778
1977-01-31,58.9184303395185
1977-02-01,59.169283735881464
1977-02-02,59.10911761613009
1977-02-03,58.84321331137454
1977-02-04,59.059248241162294
1977-02-07,59.14079224691641
1977-02-08,59.025900169839325
1977-02-09,58.60462716336379
1977-02-10,58.68949571066212
1977-02-11,58.448177463036814
1977-02-14,58.48618368737624
1977-02-15,58.78448162577512
1977-02-16,59.01754286280397
1977-02-17,58.428495472365974
1977-02-18,58.23581084774757
1977-02-22,57.966161830238214
1977-02-23,57.836932301323124
1977-02-24,57.457478112456684
1977-02-25,57.25929990338996
1977-02-28,57.34510363640263
1977-03-01,57.73481787224499
1977-03-02,57.73552282170518
1977-03-03,57.979936293698664
1977-03-04,58.26007140613024
1977-03-07,58.25696950602999
1977-03-08,58.164535039984784
1977-03-09,57.78194310895737
1977-03-10,58.01758854553474
1977-03-11,58.2127345655195
1977-03-14,58.429435264096284
1977-03-15,58.71646026525209
1977-03-16,58.82743134106317
1977-03-17,58.9901728513712
1977-03-18,59.03734397398358
1977-03-21,58.81500425777133
1977-03-22,58.55397517027529
1977-03-23,58.11409812480069
1977-03-24,58.029296152863395
1977-03-25,57.76727072304649
1977-03-28,57.58403584407627
1977-03-29,57.80764626682361
1977-03-30,57.24671254491392
1977-03-31,57.17643723888392
1977-04-01,57.64917946624788
1977-04-04,57.24601960640968
1977-04-05,57.04847608689668
1977-04-06,57.05421555941671
1977-04-07,57.22761880960092
1977-04-11,57.566195344128005
1977-04-12,58.21473316637191
1977-04-13,58.40227248840966
1977-04-14,58.78099754454236
1977-04-15,58.822302425601414
1977-04-18,58.603801458899525
1977-04-19,58.634046056049435
1977-04-20,59.0165073886677
1977-04-21,58.78346333002148
1977-04-22,58.143477982266916
1977-04-25,57.364784174653735
1977-04-26,57.23279559350016
1977-04-27,57.701022928825815
1977-04-28,57.895145991133546
1977-04-29,58.37015682913828
1977-05-02,58.82206184161563
1977-05-03,59.200524935101285
1977-05-04,59.39673893153431
1977-05-05,59.52976762091365
1977-05-06,59.40418659216962
1977-05-09,59.35955411491926
1977-05-10,59.52597332512482
1977-05-11,59.56473471749127
1977-05-12,59.59197289062026
1977-05-13,59.757449305277554
1977-05-16,60.071385123970046
1977-05-17,60.10462262865206
1977-05-18,60.571348359322464
1977-05-19,60.566194732354155
1977-05-20,60.35601252262739
1977-05-23,59.825492810474934
1977-05-24,59.42524082353596
1977-05-25,58.94078004393334
1977-05-26,59.00930803327004
1977-05-27,58.79521032479526
1977-05-31,58.55320998124809
1977-06-01,58.89172004886978
1977-06-02,58.93063624104692
1977-06-03,59.298955907272855
1977-06-06,59.26899336430027
1977-06-07,59.50346241817381
1977-06-08,59.816866983316636
1977-06-09,59.84015086313973
1977-06-10,60.08189653261206
1977-06-13,60.23974247791725
1977-06-14,60.70301609759013
1977-06-15,60.665250354089736
1977-06-16,60.71562249253789
1977-06-17,60.77953467755231
1977-06-20,61.014592861721944
1977-06-21,61.27643103772751
1977-06-22,61.32383672919822
1977-06-23,61.495207292821
1977-06-24,61.919959781838635
1977-06-27,61.94628315717813
1977-06-28,61.64434161768219
1977-06-29,61.691092453514514
1977-06-30,61.919889716006544
1977-07-01,61.947082590814915
1977-07-05,62.081682702810575
1977-07-06,61.88541202200734
1977-07-07,62.18957384072254
1977-07-08,62.31761839971162
1977-07-11,62.22794060890385
1977-07-12,62.147097552660234
1977-07-13,62.27468561203004
1977-07-15,62.48802491983914
1977-07-18,62.79774185341082
1977-07-19,63.15594188718138
1977-07-20,63.25680626032396
1977-07-21,63.30768496070065
1977-07-22,63.61139726443563
1977-07-25,63.34416918490003
1977-07-26,63.13122909256813
1977-07-27,62.23035749122678
1977-07-28,62.067932347286416
1977-07-29,61.93336780847
1977-08-01,62.12033486158427
1977-08-02,61.78761107465542
1977-08-03,61.52102175456477
1977-08-04,61.91058078706707
1977-08-05,62.01521407965292
1977-08-08,61.78593674095566
1977-08-09,61.82328968566481
1977-08-10,62.14981301457191
1977-08-11,61.95572432958779
1977-08-12,61.86767930259887
1977-08-15,61.87723651582846
1977-08-16,61.7389344246234
1977-08-17,61.7664280083416
1977-08-18,61.72105807972398
1977-08-19,61.64516136047829
1977-08-22,61.699123787247345
1977-08-23,61.66355311128939
1977-08-24,61.53368408796018
1977-08-25,60.96745311554167
1977-08-26,60.78900635580863
1977-08-29,61.2399254188339
1977-08-30,60.99631051791196
1977-08-31,61.00515398035177
1977-09-01,61.24399971830488
1977-09-02,61.58372476827306
1977-09-06,61.62467890957168
1977-09-07,61.828203381075234
1977-09-08,61.63305540430095
1977-09-09,61.386577472006
1977-09-12,61.290042153399064
1977-09-13,61.16043393320412
1977-09-14,61.29902949168572
1977-09-15,61.34885959642958
1977-09-16,61.457362916777754
1977-09-19,61.0870904709458
1977-09-20,61.0525352424762
1977-09-21,60.73265772536542
1977-09-22,60.654917753592315
1977-09-23,60.72714434370322
1977-09-26,61.01810159982544
1977-09-27,60.913699417379895
1977-09-28,60.881528601918056
1977-09-29,61.21575238555258
1977-09-30,61.71074187830751
1977-10-03,61.89769925691812
1977-10-04,61.6284190359921
1977-10-05,61.50689483714265
1977-10-06,61.51572868384974
1977-10-07,61.71045869065049
1977-10-10,61.70335705779232
1977-10-11,61.489721722737215
1977-10-12,60.57723078304249
1977-10-13,60.00039140315811
1977-10-14,60.05972270488995
1977-10-17,59.98675012065329
1977-10-18,60.06829562882182
1977-10-19,59.5137286436091
1977-10-20,59.552526987074266
1977-10-21,59.529127664027385
1977-10-24,59.25874177910321
1977-10-25,58.61823209521525
1977-10-26,59.12182214221027
1977-10-27,59.280238914316534
1977-10-28,59.38101834870832
1977-10-31,59.39506441788517
1977-11-01,58.96330689643504
1977-11-02,58.905806080362744
1977-11-03,58.870361165051285
1977-11-04,59.389581479962935
1977-11-07,59.91274257009244
1977-11-08,59.97284454134192
1977-11-09,60.47073506557916
1977-11-10,61.66356706034939
1977-11-11,62.68532036758318
1977-11-14,62.6394037662299
1977-11-15,62.98189463458411
1977-11-16,63.11087896531361
1977-11-17,63.086624823337175
1977-11-18,63.33959074924486
1977-11-21,63.41480958980744
1977-11-22,63.830079174468985
1977-11-23,64.09268209847905
1977-11-25,64.42331024014753
1977-11-28,64.29114998764801
1977-11-29,63.685142011712166
1977-11-30,63.87814692496538
1977-12-01,64.09298925721724
1977-12-02,64.49644550332513
1977-12-05,64.54699040134076
1977-12-06,63.620991684417575
1977-12-07,63.423409384188524
1977-12-08,63.361794098412716
1977-12-09,63.60475504397094
1977-12-12,63.67428434635013
1977-12-13,63.67730108756964
1977-12-14,63.882847887710525
1977-12-15,63.684116338798965
1977-12-16,63.766138875161396
1977-12-19,63.17963142426184
1977-12-20,62.850019769846
1977-12-21,63.15717707689184
1977-12-22,63.5430043638838
1977-12-23,64.122355390656
1977-12-27,64.16200372606824
1977-12-28,64.36588879244806
1977-12-29,64.56812188496998
1977-12-30,64.92063647445829
1978-01-03,64.56568809392222
1978-01-04,64.06368256789672
1978-01-05,63.906295630566774
1978-01-06,63.0092478050753
1978-01-09,62.06528433985587
1978-01-10,61.6027706192476
1978-01-11,61.327104837380396
1978-01-12,61.4005339420233
1978-01-13,61.660400184906706
1978-01-16,61.325183262293436
1978-01-17,61.611432774868895
1978-01-18,62.23893511528361
1978-01-19,62.2385367312153
1978-01-20,62.20954943725261
1978-01-23,61.83934696653512
1978-01-24,61.85727322217228
1978-01-25,62.01462168099501
1978-01-26,61.63572470824447
1978-01-27,61.64293217926349
1978-01-30,61.94748188844736
1978-01-31,61.894348477192715
1978-02-01,62.24712797734819
1978-02-02,62.56099088521627
1978-02-03,62.671243109888465
1978-02-06,62.81397004140183
1978-02-07,63.110090042996354
1978-02-08,63.38734056201829
1978-02-09,63.291922862822084
1978-02-10,63.57145503153416
1978-02-13,63.491689532937926
1978-02-14,63.02281057678098
1978-02-15,62.85339067775098
1978-02-16,62.5015899754666
1978-02-17,62.5069197160976
1978-02-21,62.31425304368526
1978-02-22,62.28539361637774
1978-02-23,62.463453235532874
1978-02-24,62.82653096261125
1978-02-27,62.54090478366872
1978-02-28,62.2437393955807
1978-03-01,62.279071833687276
1978-03-02,62.56355728756475
1978-03-03,62.634243392886276
1978-03-06,62.40393958402265
1978-03-07,62.67716156136597
1978-03-08,63.027214467729195
1978-03-09,63.30273640449887
1978-03-10,64.06491853408129
1978-03-13,64.19796340800649
1978-03-14,64.39143463021193
1978-03-15,64.44396960045435
1978-03-16,64.86954874672418
1978-03-17,65.49051048276407
1978-03-20,66.10085184203605
1978-03-21,65.67194121967434
1978-03-22,65.70004487893891
1978-03-23,65.8197011600523
1978-03-27,65.72989725641159
1978-03-28,66.16452007720434
1978-03-29,66.5942843057971
1978-03-30,66.49629277240591
1978-03-31,66.50052664229959
1978-04-03,65.88097591849792
1978-04-04,66.14525470305706
1978-04-05,66.77069030256202
1978-04-06,67.16482076906826
1978-04-07,67.68002073838636
1978-04-10,68.04704327535046
1978-04-11,68.08914093615448
1978-04-12,68.31057294741241
1978-04-13,68.99202808220784
1978-04-14,69.98348893781771
1978-04-17,70.5689443677186
1978-04-18,69.8687963419944
1978-04-19,70.13581153900881
1978-04-20,70.87494138849647
1978-04-21,70.99396033474906
1978-04-24,71.72472380199495
1978-04-25,72.20121564404305
1978-04-26,72.24303546441365
1978-04-27,71.71149206915801
1978-04-28,72.21301273955204
1978-05-01,72.89885193612054
1978-05-02,72.92343549540234
1978-05-03,72.61341777993354
1978-05-04,73.0741948283271
1978-05-05,73.7906219821146
1978-05-08,73.76195051761401
1978-05-09,73.82070441577899
1978-05-10,74.25017168215247
1978-05-11,75.21780179376962
1978-05-12,76.16656802245758
1978-05-15,76.47923631423818
1978-05-16,77.08454396964508
1978-05-17,77.57859139590165
1978-05-18,77.08930201912709
1978-05-19,76.78974794920151
1978-05-22,77.35948497389036
1978-05-23,76.6652210419244
1978-05-24,75.70924908754695
1978-05-25,75.90158822921347
1978-05-26,75.88410928359461
1978-05-30,76.08326596743586
1978-05-31,76.44550524803398
1978-06-01,76.53902453993571
1978-06-02,77.5349854492002
1978-06-05,79.00936942914448
1978-06-06,79.46544325395337
1978-06-07,79.63284387988465
1978-06-08,80.16392930360409
1978-06-09,80.21348973120837
1978-06-12,79.92992425487158
1978-06-13,79.83777344540603
1978-06-14,80.17016363155386
1978-06-15,79.43272057910849
1978-06-16,78.81762980007079
1978-06-19,78.31140471610179
1978-06-20,77.60555839419244
1978-06-21,76.88949041295314
1978-06-22,77.28306087561829
1978-06-23,77.64538669697859
1978-06-26,76.51396208616062
1978-06-27,76.48768859598376
1978-06-28,76.87173144011383
1978-06-29,77.17050289077515
1978-06-30,77.28776714186385
1978-07-03,77.20111700040913
1978-07-05,76.46185579407803
1978-07-06,76.3989956050026
1978-07-07,76.98232250926696
1978-07-10,77.43296736892931
1978-07-11,77.72504488063771
1978-07-12,78.20408060451601
1978-07-13,78.27633540866985
1978-07-14,79.57099701633562
1978-07-17,80.01201121533173
1978-07-18,79.50144920215503
1978-07-19,80.35389095742471
1978-07-20,80.48498225292458
1978-07-21,80.23557415402725
1978-07-24,80.13156477502967
1978-07-25,80.57866942968926
1978-07-26,81.09681393097016
1978-07-27,81.76123583447443
1978-07-28,82.23424781767535
1978-07-31,83.32554189710433
1978-08-01,83.67778034694211
1978-08-02,85.6660088609283
1978-08-03,86.0401591162968
1978-08-04,86.34746674476607
1978-08-07,86.53166766185983
1978-08-08,87.09504628755018
1978-08-09,87.90496476882346
1978-08-10,87.5344222091836
1978-08-11,87.93293239067778
1978-08-14,88.12249043264244
1978-08-15,87.88517118611081
1978-08-16,88.5132366549473
1978-08-17,89.23170466718659
1978-08-18,89.35000853599288
1978-08-21,88.31342669719868
1978-08-22,88.41520532234325
1978-08-23,89.1650526395487
1978-08-24,89.74620760992052
1978-08-25,90.1032232358819
1978-08-28,89.61457234646765
1978-08-29,89.39899758420628
1978-08-30,90.01766765329518
1978-08-31,89.83141771166974
1978-09-01,90.01686102612886
1978-09-05,90.37995791144672
1978-09-06,91.09690123954513
1978-09-07,91.3733348515867
1978-09-08,92.3806755133938
1978-09-11,92.65383547286419
1978-09-12,92.96213835779913
1978-09-13,92.67705272767337
1978-09-14,91.80439718769131
1978-09-15,90.81413513523512
1978-09-18,89.05881199246045
1978-09-19,87.73364903326747
1978-09-20,85.91482584075034
1978-09-21,85.8745777449653
1978-09-22,85.96105300807592
1978-09-25,85.77108248002317
1978-09-26,86.6751904469485
1978-09-27,85.61848922689863
1978-09-28,85.9136059234701
1978-09-29,86.57100054105065
1978-10-02,86.86610375374502
1978-10-03,86.58441296417483
1978-10-04,86.87387588747538
1978-10-05,87.10406879802763
1978-10-06,87.15108293809642
1978-10-09,87.90588308622499
1978-10-10,87.85704520405824
1978-10-11,88.37865115737084
1978-10-12,88.4908203843793
1978-10-13,88.351113572639
1978-10-16,86.51315927215478
1978-10-17,84.09517047633031
1978-10-18,82.53171415827691
1978-10-19,80.68705524158575
1978-10-20,78.25434029765624
1978-10-23,77.66575410173809
1978-10-24,77.45032246797568
1978-10-25,77.2239993809935
1978-10-26,74.62000946395875
1978-10-27,72.26418509869652
1978-10-30,71.59438725119614
1978-10-31,70.33809577917046
1978-11-01,74.22391241835938
1978-11-02,73.88467922387079
1978-11-03,74.59451260430127
1978-11-06,74.14860724784576
1978-11-07,72.58144639058429
1978-11-08,73.0052087666802
1978-11-09,73.4014918967416
1978-11-10,73.949983372569
1978-11-13,71.89001036875341
1978-11-14,70.39497549295956
1978-11-15,70.9459092071831
1978-11-16,71.67785991267567
1978-11-17,72.93321533867089
1978-11-20,73.90958809181019
1978-11-21,73.92306361832213
1978-11-22,74.5954454517986
1978-11-24,75.37257057815292
1978-11-27,75.89051408007603
1978-11-28,75.25549070004563
1978-11-29,73.94692056701633
1978-11-30,74.91031665031443
1978-12-01,76.45364308966843
1978-12-04,76.6056935651823
1978-12-05,77.9482158566115
1978-12-06,78.38433793378327
1978-12-07,77.90928761462335
1978-12-08,77.4967225288875
1978-12-11,78.07095604221315
1978-12-12,77.482897269434
1978-12-13,77.00326270005279
1978-12-14,77.11001830262745
1978-12-15,76.60908256533682
1978-12-18,74.083198597843
1978-12-19,74.46958664454436
1978-12-20,75.14977199083741
1978-12-21,75.36686614702911
1978-12-22,76.88967424708258
1978-12-26,77.72942356418301
1978-12-27,77.12810596323659
1978-12-28,76.92035823663976
1978-12-29,77.23625483651978
1979-01-02,77.53713037097287
1979-01-03,78.98625352410369
1979-01-04,79.8018741182557
1979-01-05,80.62907873369478
1979-01-08,80.45483194352434
1979-01-09,81.1276943296612
1979-01-10,80.94466413400275
1979-01-11,81.41816633807305
1979-01-12,82.34356874447691
1979-01-15,82.80750812312453
1979-01-16,81.60257638515175
1979-01-17,81.4573513609586
1979-01-18,81.88135287596155
1979-01-19,81.91681805722102
1979-01-22,81.84843353827029
1979-01-23,82.39073438156163
1979-01-24,81.85416042188893
1979-01-25,82.65628024773801
1979-01-26,83.14368548566074
1979-01-29,82.9725212015456
1979-01-30,82.40826480934422
1979-01-31,81.39714442930611
1979-02-01,81.43279374456829
1979-02-02,81.27034952690964
1979-02-05,79.95263038296744
1979-02-06,79.87387229120746
1979-02-07,78.5785575936579
1979-02-08,79.18828268260424
1979-02-09,79.40602867054676
1979-02-12,79.2862577485859
1979-02-13,80.13401845520231
1979-02-14,79.95134001560221
1979-02-15,79.93349830229474
1979-02-16,80.0911202057566
1979-02-20,80.42282761866682
1979-02-21,80.18981064015162
1979-02-22,79.93025705104284
1979-02-23,79.27099305831348
1979-02-26,79.2463985199838
1979-02-27,77.16154089150828
1979-02-28,77.26420551791082
1979-03-01,77.79108651637381
1979-03-02,77.97427859247613
1979-03-05,79.19065008251619
1979-03-06,78.87265628923787
1979-03-07,79.79882090696826
1979-03-08,81.14169227907405
1979-03-09,80.90140182042425
1979-03-12,81.14056586493705
1979-03-13,81.32959887031897
1979-03-14,81.14054214408247
1979-03-15,81.22719722931909
1979-03-16,81.73114597031918
1979-03-19,82.28733968779564
1979-03-20,81.80734247220948
1979-03-21,82.67957331388979
1979-03-22,83.4235708910718
1979-03-23,83.75089433417608
1979-03-26,83.15557985560817
1979-03-27,84.45426964162054
1979-03-28,84.34818834470258
1979-03-29,84.70392345484272
1979-03-30,84.48330416568123
1979-04-02,83.73535905444156
1979-04-03,85.30462127683151
1979-04-04,85.56264004511794
1979-04-05,86.17684435551472
1979-04-06,86.15315896061263
1979-04-09,85.9554282146093
1979-04-10,86.42436026243483
1979-04-11,85.32968473330328
1979-04-12,85.3540812944235
1979-04-16,84.52141342123441
1979-04-17,84.45542651629209
1979-04-18,85.07409810080972
1979-04-19,84.75007846897385
1979-04-20,84.8890554716969
1979-04-23,85.08067684590323
1979-04-24,85.52877423853467
1979-04-25,85.94752829739548
1979-04-26,85.4186719628412
1979-04-27,85.19901444822302
1979-04-30,85.11430607934366
1979-05-01,85.10415057988803
1979-05-02,85.15472976012488
1979-05-03,85.26494334345752
1979-05-04,84.52492208528402
1979-05-07,82.53220414126315
1979-05-08,82.46390677888809
1979-05-09,82.9167885216906
1979-05-10,82.20616506280581
1979-05-11,82.26249574251135
1979-05-14,82.02380884451269
1979-05-15,82.38064902193386
1979-05-16,82.60537716232766
1979-05-17,83.78391452626416
1979-05-18,84.06621271322417
1979-05-21,84.60501871923032
1979-05-22,84.9401603780285
1979-05-23,84.53721981657566
1979-05-24,84.6198203250873
1979-05-25,84.94684894402609
1979-05-29,84.90116305119798
1979-05-30,83.85522773149077
1979-05-31,83.97234769317119
1979-06-01,84.19328179296066
1979-06-04,84.3885073767417
1979-06-05,85.48954824124824
1979-06-06,86.05185972767963
1979-06-07,86.59978200265758
1979-06-08,86.60017795883886
1979-06-11,86.97683843368432
1979-06-12,87.75868952796792
1979-06-13,87.27163099881395
1979-06-14,87.18090632063556
1979-06-15,87.43388295810016
1979-06-18,87.08463222143187
1979-06-19,87.04345981821129
1979-06-20,87.34295095641261
1979-06-21,88.05710356331943
1979-06-22,88.60603914409309
1979-06-25,88.1565497190987
1979-06-26,87.80053227817271
1979-06-27,88.3281993270298
1979-06-28,88.57890066331304
1979-06-29,88.831515048985
1979-07-02,87.96647209053296
1979-07-03,88.08950090656505
1979-07-05,88.63607710314903
1979-07-06,89.62012945749089
1979-07-09,90.25466986231348
1979-07-10,89.69975970784887
1979-07-11,89.46082140258373
1979-07-12,88.75715801781769
1979-07-13,88.49269178950752
1979-07-16,89.12165455030987
1979-07-17,88.26701266211779
1979-07-18,87.90031716733533
1979-07-19,88.16992479014867
1979-07-20,88.51216371626508
1979-07-23,88.37887999570702
1979-07-24,88.92769688081479
1979-07-25,89.69477246970332
1979-07-26,89.7880929587977
1979-07-27,90.1147100120244
1979-07-30,90.3855389549469
1979-07-31,90.87579430625357
1979-08-01,91.26071011724751
1979-08-02,91.2723034200619
1979-08-03,91.18895020576947
1979-08-06,91.12521790887514
1979-08-07,91.82454360944821
1979-08-08,92.27876356955393
1979-08-09,92.17243929569891
1979-08-10,92.81101711718712
1979-08-13,93.46195556481574
1979-08-14,93.87589039574688
1979-08-15,94.40551036912844
1979-08-16,94.43545593411649
1979-08-17,94.56241721858719
1979-08-20,95.0394448455108
1979-08-21,95.39254680093214
1979-08-22,96.1503359032962
1979-08-23,96.38980441612308
1979-08-24,96.31671846055139
1979-08-27,96.74370250865009
1979-08-28,96.57818836250719
1979-08-29,96.87985713700925
1979-08-30,97.13715070900156
1979-08-31,97.55166793470353
1979-09-04,95.9949847224747
1979-09-05,94.15899183164728
1979-09-06,95.1135545943185
1979-09-07,95.95527736823634
1979-09-10,96.58683331947786
1979-09-11,96.0884067107524
1979-09-12,96.6841008462879
1979-09-13,96.71026857599072
1979-09-14,97.72822876181262
1979-09-17,97.88188834814338
1979-09-18,97.56677872821184
1979-09-19,97.87937110721501
1979-09-20,98.8833988392479
1979-09-21,99.09761597172673
1979-09-24,98.41585268729538
1979-09-25,98.31400810768716
1979-09-26,98.74122641735207
1979-09-27,99.08259013530126
1979-09-28,98.45147029944474
1979-10-01,98.0121338687344
1979-10-02,98.65187971807005
1979-10-03,98.97881098295133
1979-10-04,99.58662059703077
1979-10-05,100.73599725737348
1979-10-08,99.11271610806105
1979-10-09,94.76420058286283
1979-10-10,91.61707827265698
1979-10-11,92.02919217118267
1979-10-12,92.08825648733016
1979-10-15,90.3412951130489
1979-10-16,90.2633935081222
1979-10-17,90.83385612504405
1979-10-18,91.25474576292582
1979-10-19,88.94138234575426
1979-10-22,86.79755675866575
1979-10-23,86.90297136649677
1979-10-24,87.61499604010072
1979-10-25,87.31990412653266
1979-10-26,87.94233194682401
1979-10-29,88.01390739517814
1979-10-30,89.52390458413392
1979-10-31,89.34694734938068
1979-11-01,90.05890192441065
1979-11-02,90.36344090222225
1979-11-05,89.71583742050116
1979-11-06,89.39606803140418
1979-11-07,88.2424759612348
1979-11-08,88.95032778045604
1979-11-09,90.20175120294209
1979-11-12,91.86285020791311
1979-11-13,91.86966132339164
1979-11-14,92.69927126363582
1979-11-15,93.55215090406824
1979-11-16,93.65578110412389
1979-11-19,94.61607316373812
1979-11-20,94.47496345209792
1979-11-21,94.71634097939818
1979-11-23,96.07342807791986
1979-11-26,98.21568396926614
1979-11-27,97.88598287692133
1979-11-28,98.86140666073352
1979-11-29,99.62147081115141
1979-11-30,99.49575382381198
1979-12-03,99.67471304921943
1979-12-04,100.7571174099707
1979-12-05,101.3337320777875
1979-12-06,102.09174722754997
1979-12-07,101.9134122032175
1979-12-10,102.84011455763405
1979-12-11,102.73534660591591
1979-12-12,103.3322174704184
1979-12-13,104.07226473722397
1979-12-14,105.22503355131529
1979-12-17,105.95548473909525
1979-12-18,105.2303162385648
1979-12-19,104.89538465275771
1979-12-20,105.50664883565359
1979-12-21,104.96859365418275
1979-12-24,105.18787375294514
1979-12-26,105.57140792418117
1979-12-27,106.18903492684905
1979-12-28,106.69225122936224
1979-12-31,107.71169131952243
1980-01-02,106.14272687676416
1980-01-03,105.13346863033686
1980-01-04,107.3511665876359
1980-01-07,107.69198730940775
1980-01-08,108.9183342670208
1980-01-09,109.30376538367345
1980-01-10,110.71450749028152
1980-01-11,111.73233094363889
1980-01-14,112.87468732932652
1980-01-15,113.76214495929317
1980-01-16,114.04544322579646
1980-01-17,113.86294996907782
1980-01-18,113.60221976994372
1980-01-21,114.70730575132754
1980-01-22,113.66194193394793
1980-01-23,115.35671806710795
1980-01-24,116.07724899937945
1980-01-25,116.25565030258757
1980-01-28,117.63614923636048
1980-01-29,117.15095465634407
1980-01-30,118.96458834136757
1980-01-31,118.32430739539164
1980-02-01,119.1774929353125
1980-02-04,118.68494138065769
1980-02-05,118.76632520058305
1980-02-06,119.49799814124344
1980-02-07,120.82701326058194
1980-02-08,122.4172961465589
1980-02-11,121.92466999769131
1980-02-12,122.39540709642816
1980-02-13,122.70118401390054
1980-02-14,120.70359051462346
1980-02-15,119.60718658635636
1980-02-19,118.32221794631542
1980-02-20,119.97529390550413
1980-02-21,119.51855850151419
1980-02-22,118.9383917394435
1980-02-25,117.30805422614435
1980-02-26,117.69568599028187
1980-02-27,116.54587452888042
1980-02-28,116.74717473566213
1980-02-29,117.75128859413775
1980-03-03,117.2849943579393
1980-03-04,117.04818320560571
1980-03-05,115.7748226300495
1980-03-06,112.9417948291096
1980-03-07,110.70294060331692
1980-03-10,108.39666567507824
1980-03-11,109.34952237508622
1980-03-12,108.88584118743343
1980-03-13,107.48615317748066
1980-03-14,106.80619301732915
1980-03-17,101.71792983403266
1980-03-18,102.51144673523083
1980-03-19,104.30892964259826
1980-03-20,103.49882632463014
1980-03-21,102.66796574812888
1980-03-24,98.60512882464081
1980-03-25,98.05238897374825
1980-03-26,97.15763735975972
1980-03-27,93.33153175511713
1980-03-28,97.38444174859583
1980-03-31,98.6545988107488
1980-04-01,99.77577897515077
1980-04-02,100.24012869304379
1980-04-03,99.74337677616741
1980-04-07,97.78640722621837
1980-04-08,99.09440431985203
1980-04-09,100.83328928789773
1980-04-10,102.0697805826488
1980-04-11,102.10662954369862
1980-04-14,100.73351082826814
1980-04-15,99.79714858073406
1980-04-16,98.18509962793904
1980-04-17,97.3378101536161
1980-04-18,96.90433450362536
1980-04-21,95.51994601037242
1980-04-22,99.19768551536157
1980-04-23,99.90687391107917
1980-04-24,101.26653175173792
1980-04-25,102.01623347858627
1980-04-28,102.48970150226164
1980-04-29,103.15394895860726
1980-04-30,103.30404065124854
1980-05-01,102.15954180392544
1980-05-02,102.19400317601368
1980-05-05,102.76150485916772
1980-05-06,102.2212797077712
1980-05-07,102.79598767761549
1980-05-08,102.23700153785349
1980-05-09,101.17825874912987
1980-05-12,101.37549623372128
1980-05-13,102.46802246578856
1980-05-14,103.67477660324627
1980-05-15,104.08538165379309
1980-05-16,104.68087121568901
1980-05-19,105.10205489531087
1980-05-20,105.00205102584333
1980-05-21,106.0651817404793
1980-05-22,107.30755519023143
1980-05-23,108.76799078064231
1980-05-27,109.84969877435027
1980-05-28,110.51766330081938
1980-05-29,109.31511329358334
1980-05-30,110.49886240985691
1980-06-02,110.71903041928749
1980-06-03,110.73409143618764
1980-06-04,112.73158208076829
1980-06-05,112.99195945151294
1980-06-06,113.56626319416476
1980-06-09,114.2079292529701
1980-06-10,115.01288082740264
1980-06-11,116.34386000133748
1980-06-12,116.44702123564247
1980-06-13,117.18560296040893
1980-06-16,117.18706905950883
1980-06-17,117.37404207312692
1980-06-18,117.6373583369011
1980-06-19,116.60678016946758
1980-06-20,116.03878723734734
1980-06-23,116.52761077527744
1980-06-24,117.4764854578834
1980-06-25,119.17754353639178
1980-06-26,119.01295849365677
1980-06-27,119.55967445906461
1980-06-30,118.35129672826689
1980-07-01,119.08456571284606
1980-07-02,119.96326559525613
1980-07-03,121.80153542095582
1980-07-07,123.32025133800181
1980-07-08,123.42501961596773
1980-07-09,123.90869859119597
1980-07-10,123.72606315910429
1980-07-11,124.57628948470533
1980-07-14,127.08914196401751
1980-07-15,126.27670550728438
1980-07-16,127.0057086093305
1980-07-17,128.87390129255684
1980-07-18,129.64585619787889
1980-07-21,130.6727019349783
1980-07-22,130.71764555206389
1980-07-23,130.6735882989358
1980-07-24,130.7144690455301
1980-07-25,129.9861177313748
1980-07-28,130.21169599775706
1980-07-29,131.72203561633717
1980-07-30,132.7349216025348
1980-07-31,132.6402855967223
1980-08-01,133.40762050115663
1980-08-04,132.99909530979346
1980-08-05,133.19801954355344
1980-08-06,134.1709019410748
1980-08-07,136.31169140007322
1980-08-08,136.658264595516
1980-08-11,137.51484967040005
1980-08-12,136.5466418874949
1980-08-13,136.49352286413378
1980-08-14,138.92062212633184
1980-08-15,139.8273569795581
1980-08-18,137.17756094259994
1980-08-19,136.13518378338188
1980-08-20,137.64863774200444
1980-08-21,140.34059540023623
1980-08-22,141.98448606413464
1980-08-25,141.5788026512727
1980-08-26,141.86903333292204
1980-08-27,140.60624452582707
1980-08-28,139.11855553424937
1980-08-29,139.6812477594487
1980-09-02,141.46199412018248
1980-09-03,144.30275192611558
1980-09-04,144.5627551989112
1980-09-05,144.83739566391503
1980-09-08,144.07919525295765
1980-09-09,144.757705995072
1980-09-10,146.85401410946125
1980-09-11,148.61748581248838
1980-09-12,149.0589175699153
1980-09-15,148.28620273098892
1980-09-16,150.50462267364088
1980-09-17,153.0663787941875
1980-09-18,152.67424953939275
1980-09-19,154.2696875198137
1980-09-22,156.54999129133117
1980-09-23,154.35748224726393
1980-09-24,154.72567654671818
1980-09-25,152.90485147516455
1980-09-26,148.71044921587622
1980-09-29,144.64795257452874
1980-09-30,147.83007837845005
1980-10-01,149.6396835184261
1980-10-02,150.93825726276418
1980-10-03,153.40438872956702
1980-10-06,157.23604810820453
1980-10-07,156.6934305530478
1980-10-08,157.8160633231528
1980-10-09,157.8009445739341
1980-10-10,157.50602176823418
1980-10-13,159.0439986363618
1980-10-14,159.64018254203026
1980-10-15,161.2857019816897
1980-10-16,158.93877756562026
1980-10-17,158.09785986536693
1980-10-20,158.44293631742218
1980-10-21,157.84414011558906
1980-10-22,158.71880165317876
1980-10-23,155.88048932870905
1980-10-24,156.38288797089487
1980-10-27,154.5625338511063
1980-10-28,154.64112653289664
1980-10-29,155.1745870079097
1980-10-30,152.57340955007004
1980-10-31,153.7062608695738
1980-11-03,155.68052857369807
1980-11-05,158.84184941168579
1980-11-06,155.68527227395765
1980-11-07,155.20711881165465
1980-11-10,155.63628029548028
1980-11-11,157.58831478348668
1980-11-12,160.7355467944994
1980-11-13,162.9926152884939
1980-11-14,163.95152696135628
1980-11-17,164.4555242549326
1980-11-18,166.89116197024592
1980-11-19,167.98797308515518
1980-11-20,169.8026242220837
1980-11-21,168.68969631551553
1980-11-24,167.0998158555542
1980-11-25,168.4171859313455
1980-11-26,170.0195663703455
1980-11-28,171.3466150140168
1980-12-01,168.3895172064517
1980-12-02,167.41215964570395
1980-12-03,168.18657256656087
1980-12-04,168.42581718662998
1980-12-05,165.17286842788565
1980-12-08,159.44729344487067
1980-12-09,157.85754542360766
1980-12-10,154.513765340716
1980-12-11,150.51425891602833
1980-12-12,153.96019178405442
1980-12-15,155.00228946987397
1980-12-16,155.416924419431
1980-12-17,157.49172106694655
1980-12-18,158.1069799703328
1980-12-19,159.06999196569114
1980-12-22,160.9972970967294
1980-12-23,160.94390618468094
1980-12-24,161.4655180100548
1980-12-26,162.58224983946135
1980-12-29,160.96709120799446
1980-12-30,161.412326637192
1980-12-31,162.74475468358574
1981-01-02,163.3046353322005
1981-01-05,164.8318929015199
1981-01-06,164.16941651407024
1981-01-07,158.0085785557946
1981-01-08,155.40212223742077
1981-01-09,156.3999620637436
1981-01-12,156.18307561010002
1981-01-13,155.48674527192554
1981-01-14,156.49042105853763
1981-01-15,156.8162754197567
1981-01-16,157.967223009215
1981-01-19,158.16539317686247
1981-01-20,155.70216730801926
1981-01-21,155.12503226597585
1981-01-22,154.19305655481747
1981-01-23,154.31052013684382
1981-01-26,152.6685687219044
1981-01-27,154.43269344342914
1981-01-28,153.90465303261377
1981-01-29,154.34395369638946
1981-01-30,153.26938619753
1981-02-02,148.63915031819823
1981-02-03,150.04841125940646
1981-02-04,150.93613567019221
1981-02-05,152.55252807408013
1981-02-06,154.14514008256194
1981-02-09,153.51675543181196
1981-02-10,153.0688593632173
1981-02-11,151.6439715228034
1981-02-12,150.18034668224593
1981-02-13,149.82529385214738
1981-02-17,150.14162336509412
1981-02-18,150.72551368756362
1981-02-19,148.37550560483237
1981-02-20,147.85493606921113
1981-02-23,148.18101259254414
1981-02-24,148.74150730817112
1981-02-25,148.8361985509564
1981-02-26,150.5570263379786
1981-02-27,151.98582414740028
1981-03-02,152.80589984692472
1981-03-03,151.95397620684537
1981-03-04,152.34703526160501
1981-03-05,152.34527769969063
1981-03-06,152.96065610758242
1981-03-09,153.58660467302872
1981-03-10,153.0671312180728
1981-03-11,152.7563303756448
1981-03-12,155.37036300633173
1981-03-13,156.05375744303765
1981-03-16,157.781661492568
1981-03-17,157.44043685097347
1981-03-18,158.30906291391253
1981-03-19,158.62280644346163
1981-03-20,160.44035211428903
1981-03-23,162.63557180035068
1981-03-24,162.4286662356176
1981-03-25,164.40227036625254
1981-03-26,164.3235542230097
1981-03-27,162.92295307181507
1981-03-30,163.0182878191804
1981-03-31,164.9710886528645
1981-04-01,164.65518671825674
1981-04-02,165.0735620804134
1981-04-03,164.87257978861356
1981-04-06,163.06019979709376
1981-04-07,163.67086351669246
1981-04-08,164.87271324117975
1981-04-09,166.46322894583636
1981-04-10,167.5562960010298
1981-04-13,166.52101286453993
1981-04-14,165.3773535732756
1981-04-15,167.25204510670784
1981-04-16,168.83532091126682
1981-04-20,170.1408655619556
1981-04-21,169.6699207027993
1981-04-22,169.77744103430277
1981-04-23,170.8335691575874
1981-04-24,171.72909864215492
1981-04-27,171.78175663579194
1981-04-28,169.74697315750586
1981-04-29,167.89174931573157
1981-04-30,167.55711997246524
1981-05-01,166.87160092447945
1981-05-04,164.28841126568253
1981-05-05,163.1921453160987
1981-05-06,163.43329542004477
1981-05-07,164.5920594934506
1981-05-08,165.38350279780036
1981-05-11,163.91478782020943
1981-05-12,164.5399325333947
1981-05-13,165.34261912910912
1981-05-14,166.58209191320825
1981-05-15,168.0082901566076
1981-05-18,169.0110590774472
1981-05-19,168.5841081867507
1981-05-20,169.64362264419685
1981-05-21,169.81410084847013
1981-05-22,169.91658711869724
1981-05-26,170.4853104633566
1981-05-27,172.8563331934078
1981-05-28,174.39656081031168
1981-05-29,174.0913388012781
1981-06-01,173.416424434666
1981-06-02,170.84488998597092
1981-06-03,170.86688190593804
1981-06-04,170.3204356281518
1981-06-05,170.67263600621726
1981-06-08,170.5765048932538
1981-06-09,169.7813937963723
1981-06-10,170.12985727245245
1981-06-11,172.40046932583795
1981-06-12,172.43879961092765
1981-06-15,172.40606278801295
1981-06-16,169.61581555212217
1981-06-17,168.97879417887543
1981-06-18,167.40051759472354
1981-06-19,167.650926055368
1981-06-22,167.57814665634638
1981-06-23,168.95373313143577
1981-06-24,168.84468174048985
1981-06-25,168.82207229442508
1981-06-26,168.51445996715904
1981-06-29,167.44603391797736
1981-06-30,165.6275163166264
1981-07-01,164.35531548638698
1981-07-02,162.43779011261765
1981-07-06,159.27250312941652
1981-07-07,158.52334734990382
1981-07-08,158.07752785815774
1981-07-09,159.19361390766116
1981-07-10,159.47819242555812
1981-07-13,159.61582598287052
1981-07-14,158.64452203119632
1981-07-15,160.11851827124693
1981-07-16,161.2423247821663
1981-07-17,161.7181248390072
1981-07-20,159.2049487141528
1981-07-21,158.18048657078762
1981-07-22,157.24558783297778
1981-07-23,157.38666885610394
1981-07-24,158.81733725234213
1981-07-27,159.9738964084139
1981-07-28,159.28245797778987
1981-07-29,159.030133117252
1981-07-30,159.80918106695492
1981-07-31,161.439071622753
1981-08-03,160.86825327211133
1981-08-04,161.47950685367158
1981-08-05,162.4900212422085
1981-08-06,163.10775021611613
1981-08-07,162.68604220418038
1981-08-10,162.56832747820255
1981-08-11,163.2788216997162
1981-08-12,163.60149511174595
1981-08-13,163.67041553344373
1981-08-14,163.0529368352985
1981-08-17,160.57664417363486
1981-08-18,158.94459490609958
1981-08-19,159.6765015744567
1981-08-20,160.27004459000085
1981-08-21,158.75113653179253
1981-08-24,154.32889582954505
1981-08-25,152.25764947758483
1981-08-26,152.14132697037476
1981-08-27,150.8977040773809
1981-08-28,151.781417269545
1981-08-31,150.17309469975075
1981-09-01,149.68923013752325
1981-09-02,150.1996948156808
1981-09-03,147.38813860610261
1981-09-04,145.53020733548152
1981-09-08,141.9991671424079
1981-09-09,142.71391699985978
1981-09-10,144.9644351334642
1981-09-11,146.90100269825552
1981-09-14,146.60733954755653
1981-09-15,146.35462302302938
1981-09-16,144.55669714510682
1981-09-17,142.87178379384252
1981-09-18,141.13147449540685
1981-09-21,141.56389274966853
1981-09-22,141.0132515882081
1981-09-23,138.85185103568162
1981-09-24,139.04631233830892
1981-09-25,135.57796691872977
1981-09-28,138.08000274437612
1981-09-29,141.41093751345954
1981-09-30,142.56833498874403
1981-10-01,143.45579148729155
1981-10-02,145.91497592503222
1981-10-05,146.90582461208467
1981-10-06,146.74779003627512
1981-10-07,149.41692499792316
1981-10-08,151.6010384873408
1981-10-09,151.4527725816967
1981-10-12,151.3422359636582
1981-10-13,151.71159471186238
1981-10-14,149.93805433533382
1981-10-15,150.86920641275145
1981-10-16,150.86788622324522
1981-10-19,150.4859105649767
1981-10-20,151.93604241868738
1981-10-21,151.94941600080855
1981-10-22,151.61337610008948
1981-10-23,150.6261466872263
1981-10-26,149.82357513112743
1981-10-27,151.8726304005614
1981-10-28,153.2521404866054
1981-10-29,152.6749941464302
1981-10-30,155.35965448397639
1981-11-02,157.95458341127872
1981-11-03,158.42595463477423
1981-11-04,158.42509389792193
1981-11-05,157.5795435521028
1981-11-06,156.92026527253145
1981-11-09,157.3109721877327
1981-11-10,157.13126198356582
1981-11-11,157.90690860878598
1981-11-12,158.2021999791863
1981-11-13,157.05920569444308
1981-11-16,154.9812131200197
1981-11-17,155.5347482076317
1981-11-18,155.3843632001204
1981-11-19,155.65366020999895
1981-11-20,157.11810924841942
1981-11-23,156.92566731781852
1981-11-24,158.0447719453971
1981-11-25,158.7491228969541
1981-11-27,159.55819480960082
1981-11-30,160.38260297010237
1981-12-01,160.21724080262103
1981-12-02,158.74342279091493
1981-12-03,158.5328308733518
1981-12-04,159.40081634950764
1981-12-07,158.25847435207106
1981-12-08,157.5925454754212
1981-12-09,157.73705083428754
1981-12-10,158.3348234329011
1981-12-11,157.76514739987263
1981-12-14,155.54583247951706
1981-12-15,155.9517393605741
1981-12-16,155.24276466019867
1981-12-17,155.85267543497744
1981-12-18,156.93897458830617
1981-12-21,156.5518583482281
1981-12-22,156.05515926428814
1981-12-23,155.58085008599264
1981-12-24,155.76853805196694
1981-12-28,155.6573666967051
1981-12-29,154.98775545824006
1981-12-30,155.57741911618135
1981-12-31,156.33987062882483
1982-01-04,156.8262331871303
1982-01-05,154.3870105510898
1982-01-06,153.62260637475282
1982-01-07,153.41073483901786
1982-01-08,154.45153336802116
1982-01-11,151.8172336784308
1982-01-12,150.90846816209628
1982-01-13,149.2490317236767
1982-01-14,149.51668075610385
1982-01-15,150.37016523138132
1982-01-18,151.03651850756088
1982-01-19,150.08212359384282
1982-01-20,149.55809842156722
1982-01-21,149.8758298113981
1982-01-22,149.89524800779364
1982-01-25,148.97560793114226
1982-01-26,149.15123750625327
1982-01-27,149.61319918251468
1982-01-28,153.35966634585716
1982-01-29,155.64921602378823
1982-02-01,153.52094677797845
1982-02-02,154.25713466697866
1982-02-03,153.5412479100569
1982-02-04,153.52060039630362
1982-02-05,155.0409634992346
1982-02-08,152.497190574547
1982-02-09,150.65209706392153
1982-02-10,151.16064502563083
1982-02-11,151.08155156668087
1982-02-12,151.49793527956686
1982-02-16,151.11832212010847
1982-02-17,151.43318589299633
1982-02-18,151.94109908118935
1982-02-19,151.60635973701085
1982-02-22,150.27413292949834
1982-02-23,150.08331575674103
1982-02-24,151.31219672915984
1982-02-25,151.53506318101097
1982-02-26,151.27894954234645
1982-03-01,152.2036746276203
1982-03-02,153.058973276987
1982-03-03,151.6320432093436
1982-03-04,150.03893572902425
1982-03-05,148.68655460661586
1982-03-08,146.67073030417924
1982-03-09,147.63882342875462
1982-03-10,148.28064347201845
1982-03-11,147.69741310434048
1982-03-12,146.5941287539853
1982-03-15,146.7507048302661
1982-03-16,147.42143674559145
1982-03-17,147.45292777814126
1982-03-18,149.2631111407841
1982-03-19,150.0867817745979
1982-03-22,152.43812964786048
1982-03-23,153.56107800598815
1982-03-24,152.9561968584713
1982-03-25,153.73034428985332
1982-03-26,152.86037486382017
1982-03-29,153.2720041613095
1982-03-30,153.6519967983787
1982-03-31,153.53384772839524
1982-04-01,155.38507151970302
1982-04-02,157.02360397108365
1982-04-05,156.55802809650146
1982-04-06,157.02054405369722
1982-04-07,157.71101985241717
1982-04-08,159.03515723411232
1982-04-12,159.34972329338171
1982-04-13,159.71716962175722
1982-04-14,159.66046541102122
1982-04-15,160.18111190034853
1982-04-16,160.9255100471806
1982-04-19,161.5459434476597
1982-04-20,160.7430735020434
1982-04-21,160.95447645269215
1982-04-22,162.278112275096
1982-04-23,163.6872113508732
1982-04-26,164.40029826674757
1982-04-27,163.111433695595
1982-04-28,162.6030945471361
1982-04-29,161.80373700432946
1982-04-30,162.2873070810714
1982-05-03,162.54177767339363
1982-05-04,163.43045085292403
1982-05-05,163.5962860365711
1982-05-06,164.54612903099087
1982-05-07,164.7204403660837
1982-05-10,163.42684521955061
1982-05-11,164.23201334178006
1982-05-12,163.7221537076697
1982-05-13,162.46329810858384
1982-05-14,162.33718927444139
1982-05-17,161.13945364967793
1982-05-18,160.11408225203837
1982-05-19,159.36170060860255
1982-05-20,158.7008939539471
1982-05-21,159.3605996874803
1982-05-24,159.16213441063024
1982-05-25,158.8968140828413
1982-05-26,157.07748342310086
1982-05-27,156.51229549323716
1982-05-28,155.9455734549984
1982-06-01,155.076174166896
1982-06-02,155.9784573877045
1982-06-03,155.98052501821374
1982-06-04,154.2779864847478
1982-06-07,153.92528794693035
1982-06-08,153.72363676629868
1982-06-09,153.07588597665858
1982-06-10,153.9556386920455
1982-06-11,156.43601709382415
1982-06-14,155.03049827776547
1982-06-15,154.89326225417503
1982-06-16,154.67354193263586
1982-06-17,153.58558257162085
1982-06-18,152.5178151177082
1982-06-21,152.73521670268377
1982-06-22,154.07181751470102
1982-06-23,156.13680312370977
1982-06-24,155.8935830240657
1982-06-25,154.87099635027894
1982-06-28,155.8048512471576
1982-06-29,155.856110913708
1982-06-30,156.38109559603555
1982-07-01,155.29493690788107
1982-07-02,154.17821913663664
1982-07-06,153.6953284559425
1982-07-07,153.6959199994244
1982-07-08,154.169750695475
1982-07-09,156.1885027870296
1982-07-12,158.4260486728124
1982-07-13,158.57451215414758
1982-07-14,159.33125774533661
1982-07-15,159.8322176469373
1982-07-16,160.94019981365838
1982-07-19,161.12001448266554
1982-07-20,162.1869313149632
1982-07-21,162.00764105652328
1982-07-22,162.09879232869278
1982-07-23,161.3997458542774
1982-07-26,160.45286163833362
1982-07-27,159.4322625824252
1982-07-28,157.48560352635715
1982-07-29,157.32252089550104
1982-07-30,157.1174221613026
1982-08-02,159.19442778536623
1982-08-03,157.773523731176
1982-08-04,155.37781198425603
1982-08-05,153.77605351317433
1982-08-06,151.75054293055499
1982-08-09,150.66975921829828
1982-08-10,150.40784607292235
1982-08-11,149.4747184691958
1982-08-12,149.2496197060055
1982-08-13,150.62131399417964
1982-08-16,151.6997954307858
1982-08-17,157.75046996380348
1982-08-18,157.5520179199683
1982-08-19,158.31333335705767
1982-08-20,162.61078676100738
1982-08-23,166.5251727714304
1982-08-24,166.05943047010618
1982-08-25,168.28271860578198
1982-08-26,169.97952428712864
1982-08-27,168.3265617896503
1982-08-30,169.40876761186476
1982-08-31,172.32225580668026
1982-09-01,171.09425015027145
1982-09-02,173.29700054433513
1982-09-03,176.26684940987957
1982-09-07,174.27231935651724
1982-09-08,174.75760111444765
1982-09-09,174.61716155861754
1982-09-10,173.37120457360302
1982-09-13,174.79287894818745
1982-09-14,176.53949659390082
1982-09-15,177.53053679236794
1982-09-16,177.35239991672117
1982-09-17,175.38958813258085
1982-09-20,175.28311813979084
1982-09-21,178.69736751046688
1982-09-22,178.88759017662514
1982-09-23,178.65618318426436
1982-09-24,178.3910639067395
1982-09-27,179.5497510535271
1982-09-28,179.12200417321665
1982-09-29,176.6209423270005
1982-09-30,175.08968660007883
1982-10-01,176.90592147235927
1982-10-04,176.29369751074688
1982-10-05,177.01692827126283
1982-10-06,182.4280957698347
1982-10-07,185.80764819703444
1982-10-08,189.0640102418122
1982-10-11,192.5474577369779
1982-10-12,190.785445166803
1982-10-13,193.00214381472682
1982-10-14,189.8907124063842
1982-10-15,188.87404901466905
1982-10-18,192.70870555233103
1982-10-19,192.91711851788386
1982-10-20,196.31474557617943
1982-10-21,197.17684616671542
1982-10-22,197.4177708919676
1982-10-25,191.81837331150072
1982-10-26,192.3937374179763
1982-10-27,194.35349287828868
1982-10-28,193.29898679308852
1982-10-29,194.16713014457983
1982-11-01,196.3111178898824
1982-11-02,199.21162780927514
1982-11-03,206.40385513004128
1982-11-04,205.64126240197393
1982-11-05,206.47340185730891
1982-11-08,204.10651160890149
1982-11-09,207.528732188826
1982-11-10,205.0873725450534
1982-11-11,206.166787797486
1982-11-12,204.69114859610042
1982-11-15,200.74188839649673
1982-11-16,198.2208982255168
1982-11-17,201.23397315497246
1982-11-18,202.10662987019995
1982-11-19,201.46531140347938
1982-11-22,197.9632987635933
1982-11-23,197.0823180609807
1982-11-24,198.71853034479497
1982-11-26,200.28901567261227
1982-11-29,200.1238387946654
1982-11-30,205.91087384434226
1982-12-01,207.23408855937654
1982-12-02,207.4237305024531
1982-12-03,207.46105926076936
1982-12-06,211.49759011888156
1982-12-07,212.61330985656195
1982-12-08,210.47545361660255
1982-12-09,207.36753110738056
1982-12-10,204.86800300708467
1982-12-13,205.15687467808328
1982-12-14,201.19110278211588
1982-12-15,197.20602666059304
1982-12-16,196.99561455768912
1982-12-17,200.88741861212247
1982-12-20,199.3383441242775
1982-12-21,202.88445426119014
1982-12-22,204.41124566374256
1982-12-23,205.29756710183585
1982-12-27,207.1531662446372
1982-12-28,205.16725048134
1982-12-29,206.05098142871577
1982-12-30,205.16257151137762
1982-12-31,206.03884383565833
1983-01-03,202.62145380215856
1983-01-04,204.32822361498606
1983-01-05,204.20940252673313
1983-01-06,207.7950414050737
1983-01-07,208.39213971577766
1983-01-10,210.30862645424477
1983-01-11,209.5444575889282
1983-01-12,211.32439153152356
1983-01-13,210.5806765107038
1983-01-14,212.77833907984456
1983-01-17,213.54982532724367
1983-01-18,212.90509479836274
1983-01-19,210.45484887759497
1983-01-20,210.18341182869548
1983-01-21,207.24266923205724
1983-01-24,201.73611428988676
1983-01-25,205.424768744309
1983-01-26,206.82245773543144
1983-01-27,211.54262988791572
1983-01-28,212.43474873316086
1983-01-31,213.60678959919005
1983-02-01,211.484009403105
1983-02-02,211.8795574896598
1983-02-03,213.24970901742228
1983-02-04,216.7798752664913
1983-02-07,217.57426780446096
1983-02-08,216.31934421376076
1983-02-09,215.2700781518312
1983-02-10,219.13515762164647
1983-02-11,219.9696953163665
1983-02-14,222.2424302064276
1983-02-15,221.84154897178942
1983-02-16,220.79030768546514
1983-02-17,220.42152030674782
1983-02-18,221.33981494270333
1983-02-22,219.00436526056595
1983-02-23,221.20192957408383
1983-02-24,224.8134812486936
1983-02-25,223.94066425377505
1983-02-28,222.0372831167184
1983-03-01,225.8418223220141
1983-03-02,228.1578531816268
1983-03-03,229.5242046062915
1983-03-04,229.76978542492424
1983-03-07,229.9686164502984
1983-03-08,226.53459828400838
1983-03-09,228.24392191302212
1983-03-10,227.75009069319108
1983-03-11,227.50470398729263
1983-03-14,226.14046866615362
1983-03-15,225.98493095871106
1983-03-16,224.95962055974925
1983-03-17,224.76414931942188
1983-03-18,226.257167446206
1983-03-21,228.49470559704096
1983-03-22,228.70165330689716
1983-03-23,231.6586931087064
1983-03-24,232.4034431665238
1983-03-25,233.29834001599963
1983-03-28,231.97949027206263
1983-03-29,231.57391289737217
1983-03-30,233.7731269990908
1983-03-31,232.60119119854224
1983-04-04,231.86132276138093
1983-04-05,231.06594727303556
1983-04-06,229.9138876194696
1983-04-07,230.09311853804124
1983-04-08,231.0690467033081
1983-04-11,234.66126811199524
1983-04-12,235.87509972883592
1983-04-13,238.32313968996164
1983-04-14,241.02442695063044
1983-04-15,242.41045261025448
1983-04-18,243.9685432742695
1983-04-19,242.03208077097156
1983-04-20,245.3118747008925
1983-04-21,245.10555820145163
1983-04-22,245.6377949509995
1983-04-25,243.44931981971473
1983-04-26,246.23606114690114
1983-04-27,245.6739532907002
1983-04-28,247.59826294899253
1983-04-29,249.27207684356281
1983-05-02,246.44107326604043
1983-05-03,246.53526527645587
1983-05-04,248.90641004027754
1983-05-05,251.83951404947487
1983-05-06,254.87977275075198
1983-05-09,256.2359437766345
1983-05-10,258.8351867654991
1983-05-11,257.2086766399507
1983-05-12,255.90709411328427
1983-05-13,257.359306435577
1983-05-16,253.94706799302296
1983-05-17,255.32919989315414
1983-05-18,256.68266489967795
1983-05-19,255.28523756644054
1983-05-20,255.22323325503098
1983-05-23,256.78769931870005
1983-05-24,259.3073491899599
1983-05-25,261.0641329771346
1983-05-26,261.29138217851624
1983-05-27,261.29057410269445
1983-05-31,257.05363873620126
1983-06-01,256.943675704524
1983-06-02,259.3639657255157
1983-06-03,260.8951358371736
1983-06-06,261.69690313981437
1983-06-07,260.50914068174365
1983-06-08,258.9179615539616
1983-06-09,259.8514887374288
1983-06-10,261.92968739547655
1983-06-13,265.3951195351234
1983-06-14,266.67190592029635
1983-06-15,269.21603684445495
1983-06-16,271.7702606190969
1983-06-17,271.5279669494828
1983-06-20,271.4925956254347
1983-06-21,272.74610076900404
1983-06-22,274.63703833266476
1983-06-23,274.0822505142243
1983-06-24,274.4488045360571
1983-06-27,270.2727894561547
1983-06-28,264.15695008305767
1983-06-29,264.9151623240574
1983-06-30,267.3149733051586
1983-07-01,269.0616085984638
1983-07-05,264.66757082281725
1983-07-06,267.0360051166146
1983-07-07,267.1374827351914
1983-07-08,265.7297404645117
1983-07-11,266.4156780677011
1983-07-12,263.29774281020445
1983-07-13,260.92397209758764
1983-07-14,261.4180833972176
1983-07-15,258.91438779566437
1983-07-18,257.21762803582055
1983-07-19,258.11574266497473
1983-07-20,265.37336733099
1983-07-21,266.45411752592395
1983-07-22,267.29771924621855
1983-07-25,268.1250379534024
1983-07-26,268.98109333497644
1983-07-27,264.0592565919884
1983-07-28,258.9350188400841
1983-07-29,254.58770661914727
1983-08-01,252.64810222524142
1983-08-02,252.12401606321419
1983-08-03,252.01490258800033
1983-08-04,248.32336668186332
1983-08-05,249.27013573511235
1983-08-08,244.79769110492967
1983-08-09,244.14548705534202
1983-08-10,246.2330880410298
1983-08-11,246.83104860025765
1983-08-12,248.5970010058913
1983-08-15,251.3983241985505
1983-08-16,250.0366442084676
1983-08-17,251.86826722008797
1983-08-18,249.84497037762307
1983-08-19,249.61260790204327
1983-08-22,249.13388934286192
1983-08-23,246.1299915069854
1983-08-24,243.68111568957667
1983-08-25,242.0965500419945
1983-08-26,244.01044921608883
1983-08-29,244.17777167730938
1983-08-30,245.09809459123392
1983-08-31,247.56382893887758
1983-09-01,248.93675898681158
1983-09-02,251.11463956639395
1983-09-06,254.61350389979822
1983-09-07,254.84167464003266
1983-09-08,255.3400978992661
1983-09-09,254.97640665246698
1983-09-12,253.21065672685077
1983-09-13,251.50941862180042
1983-09-14,251.59346223063235
1983-09-15,250.0554253628993
1983-09-16,251.94665304908594
1983-09-19,254.738059399816
1983-09-20,256.44088081277215
1983-09-21,255.73221663170025
1983-09-22,256.51912075449593
1983-09-23,255.8584322869877
1983-09-26,256.4120945847895
1983-09-27,253.8943339901221
1983-09-28,253.2381057682795
1983-09-29,251.57844396364203
1983-09-30,250.1301284489681
1983-10-03,247.87139298977195
1983-10-04,248.6667274804383
1983-10-05,249.84210061662367
1983-10-06,252.5853660734421
1983-10-07,254.2456976605405
1983-10-10,255.56197645073635
1983-10-11,252.60337733254164
1983-10-12,250.46218829371375
1983-10-13,249.90260042629444
1983-10-14,249.16166131592976
1983-10-17,249.88538114886535
1983-10-18,245.00636666409736
1983-10-19,242.08967403293371
1983-10-20,241.97331157322623
1983-10-21,240.1074696989668
1983-10-24,240.89009372650472
1983-10-25,241.50069191488322
1983-10-26,239.7002100570114
1983-10-27,238.85398360011928
1983-10-28,237.27992252997757
1983-10-31,235.4806480774001
1983-11-01,235.34122449201982
1983-11-02,236.96923382856437
1983-11-03,235.56158548807582
1983-11-04,234.11827763605967
1983-11-07,233.24345200557903
1983-11-08,232.39871268318322
1983-11-09,234.82000454655397
1983-11-10,236.23033405797042
1983-11-11,240.25571373112686
1983-11-14,242.09520103068223
1983-11-15,241.22180083333515
1983-11-16,243.20399564952558
1983-11-17,243.867548574028
1983-11-18,243.81009896752795
1983-11-21,245.5322508491153
1983-11-22,246.30260344731144
1983-11-23,245.74814309047784
1983-11-25,246.1056360265094
1983-11-28,244.88204702834426
1983-11-29,246.56651871290072
1983-11-30,245.47732900778226
1983-12-01,245.39867085928154
1983-12-02,244.70349641685482
1983-12-05,245.27626077221097
1983-12-06,244.5521893395422
1983-12-07,245.80215052247357
1983-12-08,244.59267511467445
1983-12-09,244.66587159254564
1983-12-12,245.42870356542545
1983-12-13,244.56259298113787
1983-12-14,242.4975896881938
1983-12-15,240.43857587560882
1983-12-16,240.96891574386225
1983-12-19,240.96512076372088
1983-12-20,240.1477996884089
1983-12-21,241.66332799938732
1983-12-22,241.29957689711478
1983-12-23,241.17944995240632
1983-12-27,243.21611948617257
1983-12-28,243.39674587562
1983-12-29,242.91191106319673
1983-12-30,243.2666819470226
1984-01-03,242.69819791635186
1984-01-04,246.1596273628297
1984-01-05,249.31990880679675
1984-01-06,250.41532979914146
1984-01-09,250.87885636440527
1984-01-10,249.51596165536827
1984-01-11,248.83768265563378
1984-01-12,249.0477470093221
1984-01-13,247.87486816548633
1984-01-16,247.27294573319932
1984-01-17,248.08624634847132
1984-01-18,247.29162727317131
1984-01-19,245.87943833978045
1984-01-20,244.70519242395386
1984-01-23,242.1880642942147
1984-01-24,242.04233414686485
1984-01-25,239.47445474458283
1984-01-26,238.47087785535956
1984-01-27,238.08256364990478
1984-01-30,235.1872423068154
1984-01-31,235.3953778173037
1984-02-01,233.8834481297233
1984-02-02,234.24870589069312
1984-02-03,230.75513611828728
1984-02-06,226.46284820094323
1984-02-07,226.74778970892388
1984-02-08,222.16569902617408
1984-02-09,221.16467310597247
1984-02-10,222.39259701986833
1984-02-13,220.37610416925358
1984-02-14,222.57514061402702
1984-02-15,222.14237403089595
1984-02-16,221.6149121514094
1984-02-17,220.32285151312584
1984-02-21,218.18767442697745
1984-02-22,216.74619652159757
1984-02-23,215.79842004891813
1984-02-24,220.4435141213311
1984-02-27,222.88161458885824
1984-02-28,219.4878066084797
1984-02-29,219.38733860352139
1984-03-01,220.86841126413887
1984-03-02,222.58220024338794
1984-03-05,221.05204961439708
1984-03-06,219.57977239576067
1984-03-07,216.89585491680032
1984-03-08,217.71339588121998
1984-03-09,216.33937211033566
1984-03-12,218.59266134869512
1984-03-13,219.51395217884013
1984-03-14,219.80437603668844
1984-03-15,220.73136499110646
1984-03-16,223.05791261198846
1984-03-19,221.02251023451691
1984-03-20,221.65833375102522
1984-03-21,221.56577669447555
1984-03-22,219.18497678912132
1984-03-23,218.62662659865725
1984-03-26,218.19388134872753
1984-03-27,218.7065257557811
1984-03-28,221.23209129871572
1984-03-29,221.14498560214506
1984-03-30,220.773913623324
1984-04-02,219.77185265938988
1984-04-03,219.15451328682403
1984-04-04,219.11287747580647
1984-04-05,216.0252966751701
1984-04-06,215.99098972102513
1984-04-09,216.4877840614128
1984-04-10,217.39095792388736
1984-04-11,216.39253371166123
1984-04-12,219.093754129735
1984-04-13,218.23716146487737
1984-04-16,218.99571471824024
1984-04-17,220.32970353955938
1984-04-18,219.39934493769175
1984-04-19,219.29444101212476
1984-04-23,218.16785366163126
1984-04-24,219.38565889438092
1984-04-25,219.89771146426207
1984-04-26,221.7110205586576
1984-04-27,221.3718382726644
1984-04-30,221.3262437596977
1984-05-01,223.56979904753794
1984-05-02,223.93621283894072
1984-05-03,223.3949544063355
1984-05-04,221.75568733747193
1984-05-07,222.6266390436866
1984-05-08,223.73657447609847
1984-05-09,223.5618404275264
1984-05-10,223.15070226498835
1984-05-11,220.78341983986687
1984-05-14,219.207706744569
1984-05-15,219.37232474529358
1984-05-16,219.26772563658955
1984-05-17,217.17404385913605
1984-05-18,215.70281832527442
1984-05-21,214.53143586607428
1984-05-22,213.1234703241606
1984-05-23,212.28331584262497
1984-05-24,210.02752472096708
1984-05-25,210.20154777293183
1984-05-29,209.06313736648147
1984-05-30,209.0277398191382
1984-05-31,209.4371706766068
1984-06-01,212.93259342319834
1984-06-04,214.81364806313485
1984-06-05,214.05095111828697
1984-06-06,215.79504282624393
1984-06-07,215.7909898398649
1984-06-08,215.86991860267136
1984-06-11,213.9578856701224
1984-06-12,213.31100203036567
1984-06-13,213.4421149063518
1984-06-14,212.04368982811448
1984-06-15,211.349680962202
1984-06-18,214.02051490635407
1984-06-19,215.17846611584724
1984-06-20,216.65247100297395
1984-06-21,216.4681592762991
1984-06-22,216.87232660741566
1984-06-25,217.03770402296493
1984-06-26,215.7320611185992
1984-06-27,215.03168556628768
1984-06-28,216.02556403719942
1984-06-29,217.11361674402826
1984-07-02,216.6034628607429
1984-07-03,216.8992147957646
1984-07-05,216.23390865620533
1984-07-06,216.17361658514136
1984-07-09,217.89803938789433
1984-07-10,217.71416486074443
1984-07-11,215.5517067995966
1984-07-12,214.83142912763415
1984-07-13,215.67198970098812
1984-07-16,216.32829573981448
1984-07-17,217.1452930146468
1984-07-18,216.0348184768443
1984-07-19,215.22505667042597
1984-07-20,214.40966380030414
1984-07-23,212.9321523145403
1984-07-24,212.0210032477459
1984-07-25,212.00092680769544
1984-07-26,213.08141697717826
1984-07-27,214.12529127600934
1984-07-30,213.27878266025002
1984-07-31,213.46094800890003
1984-08-01,216.7318485480374
1984-08-02,221.960418809404
1984-08-03,227.3008549533733
1984-08-06,227.63147111365316
1984-08-07,228.53093994950237
1984-08-08,227.02900146980565
1984-08-09,231.0474905509789
1984-08-10,231.37222189719913
1984-08-13,230.7948126448417
1984-08-14,229.95119727981574
1984-08-15,228.36577938474488
1984-08-16,230.17285972462224
1984-08-17,230.27897921679536
1984-08-20,231.21802907214067
1984-08-21,234.67791510277306
1984-08-22,233.47997200742347
1984-08-23,233.67001184270845
1984-08-24,234.22157006119048
1984-08-27,232.9265980978933
1984-08-28,233.76966397453933
1984-08-29,233.82006172539636
1984-08-30,233.1556141955603
1984-08-31,233.44851496800928
1984-09-04,231.45473424222538
1984-09-05,230.98215033359207
1984-09-06,233.32279431986055
1984-09-07,231.89248934577367
1984-09-10,231.30123757869777
1984-09-11,231.5948909501366
1984-09-12,231.60141308288544
1984-09-13,235.62780361182206
1984-09-14,237.56075769073118
1984-09-17,238.10590368458926
1984-09-18,236.69264856588626
1984-09-19,236.12037213288707
1984-09-20,236.96708180624574
1984-09-21,234.63271274610395
1984-09-24,233.47877241248096
1984-09-25,233.76126071948337
1984-09-26,233.5596934031881
1984-09-27,233.5239814260237
1984-09-28,232.54167029806578
1984-10-01,230.75501149300771
1984-10-02,229.34976970298928
1984-10-03,228.43381600330449
1984-10-04,229.00716778401286
1984-10-05,229.59575111658992
1984-10-08,228.58251619076836
1984-10-09,228.41246157743478
1984-10-10,228.6718667568468
1984-10-11,230.03806975777042
1984-10-12,232.40966899099882
1984-10-15,234.34098418074123
1984-10-16,233.72503788656195
1984-10-17,233.3354016759213
1984-10-18,237.39807369579006
1984-10-19,238.29345945120525
1984-10-22,237.46041926554054
1984-10-23,236.76132614056283
1984-10-24,236.91133366266533
1984-10-25,235.8765289036447
1984-10-26,235.2467031638236
1984-10-29,234.618235309648
1984-10-30,236.93277536900712
1984-10-31,236.1351535466933
1984-11-01,237.730093335733
1984-11-02,237.71609101688028
1984-11-05,238.75875832444922
1984-11-06,240.34410792259442
1984-11-07,239.2945842552844
1984-11-08,239.33866987113672
1984-11-09,238.41393639126701
1984-11-12,237.81297338982824
1984-11-13,236.08776580866297
1984-11-14,236.08224847435963
1984-11-15,236.13662929564026
1984-11-16,233.83465435100757
1984-11-19,232.19172426638332
1984-11-20,233.2033123340926
1984-11-21,234.30111674071253
1984-11-23,237.34089705813244
1984-11-26,235.98679586832785
1984-11-27,236.9269006686812
1984-11-28,235.69741213515562
1984-11-29,233.95493926892996
1984-11-30,233.57095042012546
1984-12-03,232.72123472823455
1984-12-04,232.92510698373
1984-12-05,231.25117366288302
1984-12-06,231.99748740471458
1984-12-07,231.19845745603382
1984-12-10,231.49124325887917
1984-12-11,232.2649593421678
1984-12-12,231.99864478826345
1984-12-13,231.3129590410213
1984-12-14,232.8269021865552
1984-12-17,234.1744082835268
1984-12-18,240.20756752867626
1984-12-19,240.13173315732075
1984-12-20,239.20394887089986
1984-12-21,238.08458677524982
1984-12-24,239.49663872886367
1984-12-26,239.2194400690826
1984-12-27,238.22735831543318
1984-12-28,238.7030748359261
1984-12-31,240.17118109618605
1985-01-02,238.318652117837
1985-01-03,237.48838748203758
1985-01-04,236.15895148060673
1985-01-07,236.27293918662247
1985-01-08,236.2336560753309
1985-01-09,237.41406345955903
1985-01-10,240.97922897393738
1985-01-11,241.50606084439525
1985-01-14,244.43110708817898
1985-01-15,244.72493003085128
1985-01-16,245.64857726394493
1985-01-17,245.22135997893758
1985-01-18,245.77646432379024
1985-01-21,249.97350175952835
1985-01-22,250.10343676820625
1985-01-23,252.04204004016853
1985-01-24,251.42024041059472
1985-01-25,252.56597158959374
1985-01-28,252.9096754962597
1985-01-29,255.10491781547984
1985-01-30,255.46537329393917
1985-01-31,255.45971524414713
1985-02-01,254.36574663275422
1985-02-04,257.09181121154836
1985-02-05,257.69078817237227
1985-02-06,257.6271930643041
1985-02-07,260.00231557655434
1985-02-08,261.07790453437536
1985-02-11,259.4927359044733
1985-02-12,260.38476753429086
1985-02-13,264.2144649112491
1985-02-14,263.9503445892657
1985-02-15,263.2641331160572
1985-02-19,263.6017060941179
1985-02-20,263.34031568133327
1985-02-21,262.0259962158084
1985-02-22,261.40009220345996
1985-02-25,260.97848089447604
1985-02-26,263.63613082996585
1985-02-27,263.72957785389997
1985-02-28,264.07831875364747
1985-03-01,267.5873718032583
1985-03-04,266.6035334125143
1985-03-05,266.26957802712616
1985-03-06,263.7652275403201
1985-03-07,262.287837714899
1985-03-08,261.7348762267872
1985-03-11,260.71998348116495
1985-03-12,261.46224736381765
1985-03-13,259.12422894723016
1985-03-14,258.8142954870064
1985-03-15,257.13973250671177
1985-03-18,257.1658139819531
1985-03-19,260.96113532642676
1985-03-20,260.6122360595652
1985-03-21,261.65783411279807
1985-03-22,261.7042719540969
1985-03-25,260.62070515830425
1985-03-26,260.9873163977721
1985-03-27,262.2705004970222
1985-03-28,262.6304699597901
1985-03-29,263.5233757198931
1985-04-01,264.1801844402203
1985-04-02,263.3210963356803
1985-04-03,260.8926694792241
1985-04-04,260.1427024851736
1985-04-08,258.5362440620511
1985-04-09,258.9176150064731
1985-04-10,260.7640701085353
1985-04-11,262.1686751263023
1985-04-12,262.64335212254866
1985-04-15,263.0788765983597
1985-04-16,263.1029822033413
1985-04-17,263.40506977445193
1985-04-18,262.5051633956474
1985-04-19,262.92669197910027
1985-04-22,262.7281997232702
1985-04-23,264.2091526293105
1985-04-24,264.65912105838754
1985-04-25,265.9039113664071
1985-04-26,264.9271201881861
1985-04-29,261.8172925413534
1985-04-30,259.19207458212554
1985-05-01,256.6768607800185
1985-05-02,256.6715694261859
1985-05-03,257.7223000846173
1985-05-06,258.0735027504736
1985-05-07,259.7207674169921
1985-05-08,259.9329615763063
1985-05-09,262.8794859063886
1985-05-10,266.16521104827643
1985-05-13,266.2982685226321
1985-05-14,266.15901129611666
1985-05-15,267.1113114805053
1985-05-16,268.3183644635304
1985-05-17,270.75590671114867
1985-05-20,273.8674503374272
1985-05-21,273.6208695483581
1985-05-22,272.53798879534986
1985-05-23,271.88120815292814
1985-05-24,272.8825159847606
1985-05-28,272.9663830497691
1985-05-29,273.59615222457313
1985-05-30,274.10773978343104
1985-05-31,276.4883214916217
1985-06-03,277.1924825364986
1985-06-04,278.88493056535805
1985-06-05,280.5444386328216
1985-06-06,282.19443449008264
1985-06-07,281.0810007719399
1985-06-10,280.3323536670899
1985-06-11,280.0797526616292
1985-06-12,279.1205826031286
1985-06-13,276.2937739201373
1985-06-14,277.9624562784577
1985-06-17,277.64251880950303
1985-06-18,278.7872102285619
1985-06-19,278.55222441552803
1985-06-20,278.27408999936773
1985-06-21,280.9928557228702
1985-06-24,280.9906801277456
1985-06-25,281.9580930616824
1985-06-26,281.7817109939961
1985-06-27,283.4555787275764
1985-06-28,284.54587924969115
1985-07-01,285.2900340377609
1985-07-02,286.10485311562354
1985-07-03,286.07267521278635
1985-07-05,287.59250596171444
1985-07-08,286.72467064826867
1985-07-09,286.0470907355971
1985-07-10,287.4891957596657
1985-07-11,289.1213642178057
1985-07-12,289.94461751451007
1985-07-15,289.36015652943513
1985-07-16,292.4802404592692
1985-07-17,293.0162564009583
1985-07-18,291.52082422921546
1985-07-19,291.87155582806855
1985-07-22,290.5459265935668
1985-07-23,287.8223637975909
1985-07-24,283.49781536268125
1985-07-25,282.46842527227204
1985-07-26,282.5458421132259
1985-07-29,278.83261902022696
1985-07-30,278.36732475541834
1985-07-31,280.5640435611884
1985-08-01,283.95389102252744
1985-08-02,283.1049169956114
1985-08-05,281.93491860146275
1985-08-06,279.24209392398996
1985-08-07,278.47754851253654
1985-08-08,280.88596512653277
1985-08-09,280.4210369263356
1985-08-12,279.57116769395714
1985-08-13,279.19992143910997
1985-08-14,279.94426814658743
1985-08-15,280.0291144734049
1985-08-16,278.90184766026584
1985-08-19,278.81478518076614
1985-08-20,280.57010197097253
1985-08-21,282.39301612896764
1985-08-22,280.68888305130196
1985-08-23,280.5736635116169
1985-08-26,280.3526474785102
1985-08-27,281.57654632568074
1985-08-28,282.43447452099133
1985-08-29,282.5565319633629
1985-08-30,281.9749833350127
1985-09-03,280.55692264438323
1985-09-04,279.83508504402926
1985-09-05,279.5963569378947
1985-09-06,280.51490402380415
1985-09-09,280.81110549922465
1985-09-10,279.07989026744673
1985-09-11,276.2345761067763
1985-09-12,273.900196315187
1985-09-13,272.1200301668041
1985-09-16,271.9668564820252
1985-09-17,269.41456109959614
1985-09-18,269.299645797734
1985-09-19,271.66374525368894
1985-09-20,271.2094503817335
1985-09-23,273.5019225014739
1985-09-24,272.2628182465352
1985-09-25,270.48142409896565
1985-09-26,269.79875733385614
1985-09-30,270.8277138411072
1985-10-01,274.17910098247165
1985-10-02,273.68306046884595
1985-10-03,274.08722474248003
1985-10-04,273.26378978654895
1985-10-07,271.74528818269914
1985-10-08,270.73719599900164
1985-10-09,271.5653509893753
1985-10-10,272.4662274122522
1985-10-11,274.5140119937165
1985-10-14,277.6493558269461
1985-10-15,277.7571278323335
1985-10-16,280.2099396763099
1985-10-17,280.7118906633068
1985-10-18,280.30749310570377
1985-10-21,279.5042997952129
1985-10-22,281.4156248690724
1985-10-23,281.984272003447
1985-10-24,281.1873878993547
1985-10-25,279.2728110385627
1985-10-28,278.8215209377724
1985-10-29,280.57983437857814
1985-10-30,282.7648745304009
1985-10-31,282.9961867283386
1985-11-01,285.22693666296243
1985-11-04,285.08280726951386
1985-11-05,287.07585571632103
1985-11-06,288.3523392328705
1985-11-07,288.6722995988058
1985-11-08,290.5304848904089
1985-11-11,294.7420401705097
1985-11-12,296.37474451343513
1985-11-13,295.0629507894136
1985-11-14,297.76021739081665
1985-11-15,296.8823817880805
1985-11-18,297.4460151604931
1985-11-19,297.49246582185845
1985-11-20,297.7525375883829
1985-11-21,300.1398887948859
1985-11-22,300.87737556306973
1985-11-25,299.022269735256
1985-11-26,300.0976452504269
1985-11-27,302.4746009727229
1985-11-29,302.9443925711068
1985-12-02,301.3284984486221
1985-12-03,301.74347234545064
1985-12-04,305.9618767888341
1985-12-05,306.8745824794225
1985-12-06,305.2990034443066
1985-12-09,307.8595888268063
1985-12-10,308.9981938228002
1985-12-11,312.2582025113596
1985-12-12,314.15144845368485
1985-12-13,317.5937309850058
1985-12-16,319.900967695352
1985-12-17,318.2104728780048
1985-12-18,315.74634929944375
1985-12-19,315.634259096472
1985-12-20,317.45494551208435
1985-12-23,314.4568749955743
1985-12-24,312.6542203512328
1985-12-26,312.773287485266
1985-12-27,315.5996034096531
1985-12-30,316.61020621632264
1985-12-31,317.8156112924338
1986-01-02,315.7733312869215
1986-01-03,317.5620000762081
1986-01-06,317.58870105896665
1986-01-07,322.07490616002167
1986-01-08,315.9142758325763
1986-01-09,311.06631898855267
1986-01-10,311.5370872764102
1986-01-13,312.5856134273166
1986-01-14,312.8674944010775
1986-01-15,314.71838550684214
1986-01-16,315.89445789606975
1986-01-17,316.76468207860603
1986-01-20,316.0497613715771
1986-01-21,314.1090522034073
1986-01-22,311.78012755973526
1986-01-23,312.36931383631554
1986-01-24,315.09479851693544
1986-01-27,317.3624896348038
1986-01-28,320.87674528762886
1986-01-29,322.0340509576123
1986-01-30,321.39657629268066
1986-01-31,324.6698224941086
1986-02-03,328.4200909566371
1986-02-04,328.477921260465
1986-02-05,328.87994771923354
1986-02-06,329.04510999865715
1986-02-07,329.3157380724899
1986-02-10,331.31130937156354
1986-02-11,332.00008744210436
1986-02-12,332.5051193781598
1986-02-13,334.73357014279384
1986-02-14,337.121392045858
1986-02-18,341.1866895991077
1986-02-19,338.20679376362835
1986-02-20,340.9001530550878
1986-02-21,344.3347536104185
1986-02-24,343.6763305041137
1986-02-25,343.02448944619397
1986-02-26,343.4761348983443
1986-02-27,349.3824304935167
1986-02-28,352.3299635009826
1986-03-03,351.4396143232673
1986-03-04,351.4018862834039
1986-03-05,350.8457602329982
1986-03-06,352.8767601094233
1986-03-07,354.822568744486
1986-03-10,356.4868917202364
1986-03-11,361.6289473973276
1986-03-12,364.34580716897557
1986-03-13,365.5741391919592
1986-03-14,371.20897195846305
1986-03-17,368.2158554713826
1986-03-18,368.8837848010946
1986-03-19,369.20654477061873
1986-03-20,370.9245528684733
1986-03-21,368.36976500418
1986-03-24,370.6501581248607
1986-03-25,370.33752106119624
1986-03-26,374.3517439712701
1986-03-27,377.9828603854348
1986-03-31,378.4399768766849
1986-04-01,373.3723067987208
1986-04-02,373.26453056972133
1986-04-03,370.2798400219427
1986-04-04,364.37323118687794
1986-04-07,361.8892216601705
1986-04-08,369.39890251070824
1986-04-09,371.16766147079795
1986-04-10,374.508952133429
1986-04-11,374.1011218286535
1986-04-14,376.23600814523303
1986-04-15,376.99869310959383
1986-04-16,385.05019342597
1986-04-17,388.0602845033173
1986-04-18,389.04875798613864
1986-04-21,391.7332964244465
1986-04-22,389.30883226144243
1986-04-23,386.8723041634287
1986-04-24,387.81171886218783
1986-04-25,387.4545947798095
1986-04-28,387.8372615966243
1986-04-29,384.94971693622915
1986-04-30,377.7922383713495
1986-05-01,376.1656091261132
1986-05-02,376.2547362585847
1986-05-05,379.617324159474
1986-05-06,379.3412500747679
1986-05-07,378.0359503478052
1986-05-08,378.96233283106665
1986-05-09,379.50726511417577
1986-05-12,379.06625230582364
1986-05-13,377.9876777224608
1986-05-14,379.6701422411455
1986-05-15,376.46132635847914
1986-05-16,374.6980651561115
1986-05-19,374.53009665578173
1986-05-20,378.3640379886322
1986-05-21,378.91288585279295
1986-05-22,385.11971727607096
1986-05-23,387.43849348955564
1986-05-27,393.214438640083
1986-05-28,396.9251349875028
1986-05-29,400.1200261146252
1986-05-30,399.49458101900126
1986-06-02,395.8567148173298
1986-06-03,396.36902910408486
1986-06-04,394.94617154814637
1986-06-05,396.76932838276093
1986-06-06,398.2260568697921
1986-06-09,390.18739423234956
1986-06-10,388.87197605075966
1986-06-11,391.9681567063574
1986-06-12,394.12283307235197
1986-06-13,400.83534890579153
1986-06-16,401.58520449574695
1986-06-17,399.88882918741695
1986-06-18,400.0442646320081
1986-06-19,399.4794645589713
1986-06-20,401.7414758065646
1986-06-23,400.78655606233866
1986-06-24,404.82952123333285
1986-06-25,408.42893396177266
1986-06-26,409.63562748537873
1986-06-27,410.2793153219481
1986-06-30,412.81600474683245
1986-07-01,414.6738054998527
1986-07-02,416.0449550338181
1986-07-03,414.301974943055
1986-07-07,400.1695568919345
1986-07-08,390.9468611583723
1986-07-09,395.1945728832323
1986-07-10,394.2775453201663
1986-07-11,393.6974882252806
1986-07-14,385.46868151171765
1986-07-15,378.21565026709095
1986-07-16,380.91166447907534
1986-07-17,384.40053220130955
1986-07-18,384.6003467890737
1986-07-21,383.05835396625787
1986-07-22,386.962659783941
1986-07-23,388.0017936017877
1986-07-24,386.61280051586857
1986-07-25,389.50651414297965
1986-07-28,382.7641970648911
1986-07-29,379.5839145703607
1986-07-30,381.40993516013884
1986-07-31,380.346097610513
1986-08-01,378.4138856636377
1986-08-04,377.6367760058007
1986-08-05,377.25029860295774
1986-08-06,376.0264930467248
1986-08-07,376.6998982197358
1986-08-08,376.7607771391304
1986-08-11,382.56974873050507
1986-08-12,385.62084502593297
1986-08-13,388.8681307914349
1986-08-14,390.2286645784368
1986-08-15,390.6478557194972
1986-08-18,390.4999057096582
1986-08-19,388.7882993325978
1986-08-20,391.60750902287043
1986-08-21,391.1791623815339
1986-08-22,390.9618494494712
1986-08-25,386.4060832534389
1986-08-26,390.96831302793885
1986-08-27,390.3975595064175
1986-08-28,389.57845341547517
1986-08-29,389.80171596808276
1986-09-02,382.9634001419687
1986-09-03,382.30890077008166
1986-09-04,385.31290157435933
1986-09-05,379.973015987072
1986-09-08,375.49551495520876
1986-09-09,374.64856864926463
1986-09-10,372.45376602412585
1986-09-11,355.26777487145785
1986-09-12,348.1089391764838
1986-09-15,348.08672808994294
1986-09-16,346.8596739152133
1986-09-17,347.96864279859716
1986-09-18,347.80780904233154
1986-09-19,347.18593458899204
1986-09-22,351.21051615097826
1986-09-23,353.86743735009014
1986-09-24,357.7220962361302
1986-09-25,351.9212691501852
1986-09-26,352.22916019656765
1986-09-29,347.8771869044778
1986-09-30,350.5748172036184
1986-10-01,353.56450717377834
1986-10-02,354.71772329257965
1986-10-03,354.3231550435888
1986-10-06,355.77400255618306
1986-10-07,355.55435405072706
1986-10-08,358.6725362034763
1986-10-09,359.2363138798507
1986-10-10,359.44917189592
1986-10-13,360.13075599064604
1986-10-14,361.0258879454675
1986-10-15,366.94140522392524
1986-10-16,368.7349781637166
1986-10-17,368.32120561164606
1986-10-20,364.200269541511
1986-10-21,364.2062787620835
1986-10-22,364.72996626123097
1986-10-23,369.62705840968704
1986-10-24,368.1504796113143
1986-10-27,369.0796391717234
1986-10-28,371.19218217240774
1986-10-29,374.0909474490962
1986-10-30,377.29666998108013
1986-10-31,376.18175494679065
1986-11-03,377.4686813491937
1986-11-04,377.7660579672327
1986-11-05,378.4657919000226
1986-11-06,379.0021169736104
1986-11-07,378.5918556605572
1986-11-10,380.51559757870797
1986-11-11,381.31718340934566
1986-11-12,380.8766648493431
1986-11-13,376.1540270535725
1986-11-14,377.8632053234531
1986-11-17,375.18161519741903
1986-11-18,365.16421874980267
1986-11-19,364.94701129113446
1986-11-20,371.4035426928092
1986-11-21,376.73223712401835
1986-11-24,378.72127460682395
1986-11-25,379.7958265973221
1986-11-26,381.5950419503408
1986-11-28,382.22918459507514
1986-12-01,381.11121947803
1986-12-02,388.58752554851355
1986-12-03,389.7872596919421
1986-12-04,389.8829697612262
1986-12-05,387.2727890701318
1986-12-08,387.0964450383322
1986-12-09,384.70207806110983
1986-12-10,387.4202390115992
1986-12-11,383.5421165726487
1986-12-12,381.13599157569234
1986-12-15,380.6966236425308
1986-12-16,383.95489880709044
1986-12-17,381.0296590687999
1986-12-18,379.93107874337505
1986-12-19,383.86108214488456
1986-12-22,381.9600861295574
1986-12-23,378.45767126547145
1986-12-24,379.6835722098488
1986-12-26,380.20732974053834
1986-12-29,376.8823278346756
1986-12-30,374.98881576150677
1986-12-31,373.87073603891577
1987-01-02,380.28521703066815
1987-01-05,390.0160058634351
1987-01-06,392.66108277325026
1987-01-07,397.7680967351033
1987-01-08,400.714950462842
1987-01-09,403.28495972415794
1987-01-12,405.34277765873054
1987-01-13,406.24816350479574
1987-01-14,410.40301019307356
1987-01-15,415.6552899626514
1987-01-16,415.6263634566173
1987-01-19,421.31832970711287
1987-01-20,422.76087071984324
1987-01-21,419.55288451530396
1987-01-22,428.46968716431763
1987-01-23,424.96423174189954
1987-01-26,424.012776048619
1987-01-27,430.6015621804374
1987-01-28,434.8484785606982
1987-01-29,433.7225108217031
1987-01-30,432.8853429322041
1987-02-02,436.89437732165055
1987-02-03,437.3850654330027
1987-02-04,441.42666580631015
1987-02-05,442.7276468959272
1987-02-06,442.1215817597724
1987-02-09,439.3117265809227
1987-02-10,434.9457697258055
1987-02-11,439.3833487141414
1987-02-12,437.1883549443481
1987-02-13,442.0457154764862
1987-02-17,450.4067273386811
1987-02-18,450.93337511890275
1987-02-19,450.67485366821415
1987-02-20,449.51403829774466
1987-02-23,444.7159432022626
1987-02-24,446.039036085049
1987-02-25,448.9554069798377
1987-02-26,447.9442885573055
1987-02-27,449.19974378419283
1987-03-02,448.41000117289974
1987-03-03,449.6826030567356
1987-03-04,457.8460901046164
1987-03-05,462.45924190137447
1987-03-06,463.59268743694037
1987-03-09,459.0391296688795
1987-03-10,463.90033527617595
1987-03-11,464.174955926416
1987-03-12,464.7045521806884
1987-03-13,461.9369094330183
1987-03-16,458.15132323222156
1987-03-17,463.7981007324553
1987-03-18,465.0023177756787
1987-03-19,467.37439303538855
1987-03-20,472.43514287755625
1987-03-23,476.4937389187768
1987-03-24,477.1741532865624
1987-03-25,475.55323306441966
1987-03-26,476.61072981562046
1987-03-27,471.5591512811458
1987-03-30,459.4974629609955
1987-03-31,464.2552908656346
1987-04-01,464.5679772433975
1987-04-02,466.66024936456085
1987-04-03,477.40673193881076
1987-04-06,481.80624429910404
1987-04-07,474.49641388315393
1987-04-08,475.5645446535223
1987-04-09,472.66576951836936
1987-04-10,472.76445850174025
1987-04-13,463.4090470896086
1987-04-14,452.33943063462567
1987-04-15,455.6782481439557
1987-04-16,459.15853156799454
1987-04-20,458.14250341700864
1987-04-21,465.0061046166799
1987-04-22,458.878051127214
1987-04-23,459.19196314450505
1987-04-24,450.8705356680284
1987-04-27,446.94802697166324
1987-04-28,450.4095195935556
1987-04-29,452.46993078594517
1987-04-30,457.28480691600987
1987-05-01,455.74774438339506
1987-05-04,459.0687089688781
1987-05-05,467.86682545880825
1987-05-06,468.25296440789003
1987-05-07,467.07710991668466
1987-05-08,466.05457806394963
1987-05-11,462.43835338882724
1987-05-12,463.4172266560835
1987-05-13,466.5654986482941
1987-05-14,467.65333258337927
1987-05-15,458.50726616248625
1987-05-18,454.34125835269714
1987-05-19,444.8843188129195
1987-05-20,442.5288197643398
1987-05-21,443.5649389771356
1987-05-22,445.1437260744024
1987-05-26,453.3576811707877
1987-05-27,455.1877302749371
1987-05-28,459.2489752170862
1987-05-29,459.09108427018936
1987-06-01,458.0984660651421
1987-06-02,458.32915465071926
1987-06-03,462.42657778073385
1987-06-04,464.01778481958644
1987-06-05,462.7469767756375
1987-06-08,464.6963306628016
1987-06-09,465.2070602234601
1987-06-10,464.1064071330668
1987-06-11,465.7757483417012
1987-06-12,468.33406126115915
1987-06-15,468.9510626955637
1987-06-16,470.6616506480694
1987-06-17,470.97139219450906
1987-06-18,471.2113485129082
1987-06-19,471.51713182543097
1987-06-22,474.263076502504
1987-06-23,472.4918319292218
1987-06-24,471.50369627120415
1987-06-25,473.86230494626847
1987-06-26,472.7548602745946
1987-06-29,474.41029294481007
1987-06-30,469.4294930730033
1987-07-01,468.11764676146214
1987-07-02,471.85643518131343
1987-07-06,472.41138011822784
1987-07-07,476.3656795967088
1987-07-08,478.86330057185984
1987-07-09,479.9034154649484
1987-07-10,481.3828262722191
1987-07-13,481.47165082275916
1987-07-14,487.06499630047165
1987-07-15,488.5092584795645
1987-07-16,492.20693744214475
1987-07-17,493.66083765240637
1987-07-20,488.8594405872502
1987-07-21,485.5323035720005
1987-07-22,486.4181169924344
1987-07-23,484.61161228445997
1987-07-24,487.21357205484753
1987-07-27,488.77684033490164
1987-07-28,492.1746539567951
1987-07-29,497.6717987359821
1987-07-30,503.3952126206118
1987-07-31,505.8407114224277
1987-08-03,506.62116188754214
1987-08-04,504.67282891346525
1987-08-05,506.2117915954254
1987-08-06,511.9803271188487
1987-08-07,513.7315324700749
1987-08-10,520.6547770003406
1987-08-11,526.0598459844978
1987-08-12,524.1318220297405
1987-08-13,525.318350763537
1987-08-14,523.1741158038633
1987-08-17,523.7482851309096
1987-08-18,517.193475628562
1987-08-19,517.1843356678281
1987-08-20,524.2943105620055
1987-08-21,527.0209945664029
1987-08-24,524.4999376132863
1987-08-25,528.0468254025157
1987-08-26,524.0332220817899
1987-08-27,521.123901741617
1987-08-28,515.8074824691311
1987-08-31,519.4470243763573
1987-09-01,511.3511332318565
1987-09-02,509.7867773608638
1987-09-03,507.4215823739893
1987-09-04,503.27679820808
1987-09-08,496.53110610690106
1987-09-09,498.5438345301901
1987-09-10,505.6513229955217
1987-09-11,514.1889543395771
1987-09-14,515.221580506501
1987-09-15,509.11992904123883
1987-09-16,505.0708556721381
1987-09-17,505.2252694887505
1987-09-18,505.5426052776516
1987-09-21,497.41675231700685
1987-09-22,507.9968718211405
1987-09-23,513.1513567487118
1987-09-24,513.4334846826928
1987-09-25,513.7887050728772
1987-09-28,517.1629161494022
1987-09-29,514.95440127471
1987-09-30,515.9367164514409
1987-10-01,521.2069582777228
1987-10-02,523.840085309626
1987-10-05,524.91116006943
1987-10-06,512.5530555293209
1987-10-07,510.70078255230123
1987-10-08,502.42536781237095
1987-10-09,497.99373061913616
1987-10-12,494.31210144460545
1987-10-13,499.8165896259305
1987-10-14,486.3334386747728
1987-10-15,474.4081685525923
1987-10-16,448.80544141179496
1987-10-19,370.37552469511917
1987-10-20,358.71153425661925
1987-10-21,394.7034605039498
1987-10-22,374.14987529847406
1987-10-23,367.2936414802245
1987-10-26,329.8404808522956
1987-10-27,334.30812828208525
1987-10-28,336.72952553640874
1987-10-29,355.2633969017496
1987-10-30,373.10657808716604
1987-11-02,379.47901704459514
1987-11-03,370.4456547396786
1987-11-04,368.26526671639016
1987-11-05,376.1299067545435
1987-11-06,372.55323959376784
1987-11-09,362.1116039336801
1987-11-10,354.25167370830786
1987-11-11,357.92552468346133
1987-11-12,370.61387533446066
1987-11-13,369.3684975595923
1987-11-16,370.77085926365027
1987-11-17,365.7754190413432
1987-11-18,369.04536308350913
1987-11-19,360.6895687454485
1987-11-20,363.4775260642747
1987-11-23,367.78510413557166
1987-11-24,377.0339349192552
1987-11-25,376.55129434639025
1987-11-27,373.3437230905572
1987-11-30,356.0877688092555
1987-12-01,358.68911405609293
1987-12-02,360.3752179151645
1987-12-03,348.36907911815325
1987-12-04,344.9902293213171
1987-12-07,352.9118932548748
1987-12-08,363.84659007286535
1987-12-09,370.69439355570654
1987-12-10,365.9731371643684
1987-12-11,369.37644088378977
1987-12-14,380.0110333626859
1987-12-15,380.74544110726765
1987-12-16,389.29237149440456
1987-12-17,381.84307819455995
1987-12-18,389.91644289131676
1987-12-21,391.31816206026303
1987-12-22,391.5831345275971
1987-12-23,397.05943931663575
1987-12-24,397.20961762675876
1987-12-28,387.4477078567177
1987-12-29,386.0612710469515
1987-12-30,390.7348376530448
1987-12-31,390.86818961249264
1988-01-04,402.85206278578846
1988-01-05,406.701863102108
1988-01-06,407.60391614136836
1988-01-07,409.87509938188344
1988-01-08,383.2209364483
1988-01-11,387.074602198938
1988-01-12,382.58258901579353
1988-01-13,382.64156363920483
1988-01-14,383.4630179412264
1988-01-15,391.85471764588783
1988-01-18,391.7211853583584
1988-01-19,388.8881439453188
1988-01-20,376.13903348145965
1988-01-21,376.1655237984367
1988-01-22,379.7791857354157
1988-01-25,386.0541759984239
1988-01-26,383.2408391948614
1988-01-27,383.4473334532105
1988-01-28,388.5718313993006
1988-01-29,391.43347880721257
1988-02-01,389.9909886089264
1988-02-02,389.99985175492293
1988-02-03,383.4666818209637
1988-02-04,384.8376508158901
1988-02-05,385.07809082376536
1988-02-08,384.44570456679105
1988-02-09,388.4630680171608
1988-02-10,396.3124101284068
1988-02-11,397.5906471602448
1988-02-12,401.959374211491
1988-02-16,407.3783173487716
1988-02-17,406.5993705819059
1988-02-18,405.87972690232976
1988-02-19,410.2505302689719
1988-02-22,416.83229873554393
1988-02-23,417.4219271700124
1988-02-24,416.4522774025739
1988-02-25,413.76381089961336
1988-02-26,415.25609652231344
1988-02-29,423.74709567646465
1988-03-01,424.34074500017374
1988-03-02,426.8501565302035
1988-03-03,426.9523341317783
1988-03-04,427.82271615538235
1988-03-07,430.3503753551587
1988-03-08,434.195722055173
1988-03-09,437.35187757058037
1988-03-10,429.5613672858607
1988-03-11,430.2789658814439
1988-03-14,432.8741711911484
1988-03-15,433.40434537284915
1988-03-16,437.2290161652743
1988-03-17,440.9383716275578
1988-03-18,440.24482434488533
1988-03-21,437.6253226249084
1988-03-22,437.46846906027224
1988-03-23,439.0287901023572
1988-03-24,430.39579020328233
1988-03-25,423.1107672394361
1988-03-28,420.79823054445035
1988-03-29,425.2853272231946
1988-03-30,423.71103763606703
1988-03-31,424.48834693386596
1988-04-04,421.21135137044104
1988-04-05,423.4428937639132
1988-04-06,433.1239971710803
1988-04-07,434.0709594591342
1988-04-08,438.49446232889187
1988-04-11,439.4847752342249
1988-04-12,442.1639852329476
1988-04-13,441.74635512085604
1988-04-14,425.87651199369856
1988-04-15,424.9208814329465
1988-04-18,426.74708672528254
1988-04-19,426.3813432126872
1988-04-20,423.9688764743828
1988-04-21,423.1980086647766
1988-04-22,427.01932917238526
1988-04-25,429.8960922189351
1988-04-26,431.4867499403528
1988-04-27,431.6415139842106
1988-04-28,429.73338068221625
1988-04-29,428.72451870146256
1988-05-02,429.04429398585364
1988-05-03,432.3583124208556
1988-05-04,429.0062486336792
1988-05-05,426.74766134637355
1988-05-06,425.0738562313644
1988-05-09,422.6138286391943
1988-05-10,423.8559533706175
1988-05-11,416.99157181754885
1988-05-12,418.5580650149206
1988-05-13,422.2349425019277
1988-05-16,424.9964109445057
1988-05-17,420.6057983610039
1988-05-18,414.23968928140584
1988-05-19,414.1594393378568
1988-05-20,414.7687289080776
1988-05-23,410.16849208079435
1988-05-24,414.07771025678545
1988-05-25,415.25682267695953
1988-05-26,416.657882725511
1988-05-27,415.17819051723075
1988-05-31,426.3825581467233
1988-06-01,434.5144106619872
1988-06-02,433.8314341235129
1988-06-03,436.24144752795064
1988-06-06,437.8701137985198
1988-06-07,435.7627399682462
1988-06-08,444.96734592158793
1988-06-09,444.3375430219841
1988-06-10,446.0070040801963
1988-06-13,447.2292001716477
1988-06-14,451.36467179683
1988-06-15,450.49321957657287
1988-06-16,445.4353397571934
1988-06-17,444.88356193665913
1988-06-20,443.1989914754237
1988-06-21,446.2003944245652
1988-06-22,451.9236692601712
1988-06-23,451.7675816610704
1988-06-24,450.5266403985457
1988-06-27,444.8685232289576
1988-06-28,448.74779516330767
1988-06-29,447.46632665390433
1988-06-30,452.3585670217363
1988-07-01,450.9426973518035
1988-07-05,454.5630506554588
1988-07-06,450.33784893913673
1988-07-07,449.8349901374763
1988-07-08,449.13432707407947
1988-07-11,449.713162839803
1988-07-12,446.026563430958
1988-07-13,447.58395425773233
1988-07-14,449.1704597779804
1988-07-15,449.98281772219855
1988-07-18,447.70845522573046
1988-07-19,446.50253165514476
1988-07-20,448.46085117911394
1988-07-21,443.899097470303
1988-07-22,439.2465643217891
1988-07-25,438.71399992721285
1988-07-26,439.4293627457941
1988-07-27,436.3409319873089
1988-07-28,439.13708779004634
1988-07-29,445.2810142659138
1988-08-01,445.6556282698729
1988-08-02,445.11992742738636
1988-08-03,446.6604004097901
1988-08-04,446.31600920597
1988-08-05,445.08363794759424
1988-08-08,443.38038797703183
1988-08-09,437.70542477971776
1988-08-10,429.60934299892176
1988-08-11,429.5901242929806
1988-08-12,429.15833387603675
1988-08-15,422.40519638978253
1988-08-16,424.2877527409872
1988-08-17,423.1693270948635
1988-08-18,422.9067218483324
1988-08-19,422.7246644539371
1988-08-22,417.8983837973182
1988-08-23,417.1274479551884
1988-08-24,423.0796160825123
1988-08-25,421.28821995928723
1988-08-26,421.98678744814475
1988-08-29,425.90026821146233
1988-08-30,426.9434910077832
1988-08-31,426.11469625564206
1988-09-01,421.1432950682575
1988-09-02,428.0466470395439
1988-09-06,429.0291498277453
1988-09-07,429.261359869314
1988-09-08,429.393791918939
1988-09-09,430.4653675153323
1988-09-12,429.93112634775395
1988-09-13,430.9765618057616
1988-09-14,433.1289136543539
1988-09-15,432.0331872468554
1988-09-16,434.22330938251
1988-09-19,431.84827120934244
1988-09-20,432.90823368711614
1988-09-21,432.90004380781477
1988-09-22,431.32780909512894
1988-09-23,432.60767451871175
1988-09-26,432.39075102129897
1988-09-27,431.53395099148355
1988-09-28,432.47855207161604
1988-09-29,437.01590917466336
1988-09-30,438.6006853761634
1988-10-03,437.0101707153228
1988-10-04,436.138802924488
1988-10-05,437.6723153631636
1988-10-06,438.7119291109034
1988-10-07,445.83785996809036
1988-10-10,446.4656792876697
1988-10-11,445.7873438185068
1988-10-12,440.2768437400179
1988-10-13,441.6107872934649
1988-10-14,441.8152460157698
1988-10-17,442.6471789204862
1988-10-18,446.36302782049165
1988-10-19,443.7799268892055
1988-10-20,449.475520087759
1988-10-21,451.2312854253679
1988-10-24,449.97268822440503
1988-10-25,449.8378790719701
1988-10-26,449.3815714263564
1988-10-27,443.94302600282873
1988-10-28,446.1931656577677
1988-10-31,446.0118781467657
1988-11-01,445.81059340856496
1988-11-02,445.49557749914635
1988-11-03,446.27294818969943
1988-11-04,442.74637550435983
1988-11-07,438.9447333510121
1988-11-08,440.1211802653484
1988-11-09,437.6709216182107
1988-11-10,437.88765814079085
1988-11-11,430.81737293966523
1988-11-14,429.7689401361274
1988-11-15,431.07928399308366
1988-11-16,424.8304282121362
1988-11-17,425.4661345815332
1988-11-18,427.75956001958684
1988-11-21,426.98398373524276
1988-11-22,427.9756135802271
1988-11-23,430.16364625777186
1988-11-25,427.3649686080686
1988-11-28,427.8935110935577
1988-11-29,431.7142819043353
1988-11-30,435.4505695614438
1988-12-01,434.62744151985214
1988-12-02,434.40525055986734
1988-12-05,438.4282902950339
1988-12-06,440.4789182894245
1988-12-07,441.8619331468459
1988-12-08,439.76480051560486
1988-12-09,441.2406946563188
1988-12-12,440.4012161158327
1988-12-13,439.52954200316447
1988-12-14,438.33720965289467
1988-12-15,437.0749618756983
1988-12-16,439.9174164909136
1988-12-19,443.8594526365484
1988-12-20,443.272181349656
1988-12-21,442.2530849160401
1988-12-22,442.4849574671916
1988-12-23,443.82318805536886
1988-12-27,443.05061000625426
1988-12-28,444.2316867111273
1988-12-29,447.95299458268215
1988-12-30,448.40398262129264
1989-01-03,445.53731240289636
1989-01-04,451.7848939758347
1989-01-05,452.7810169062332
1989-01-06,455.0056111908227
1989-01-09,454.7789372329396
1989-01-10,453.97080135024015
1989-01-11,456.1486621090618
1989-01-12,458.21462301915085
1989-01-13,459.2491135318424
1989-01-16,459.4086978931343
1989-01-17,458.98219329183166
1989-01-18,463.63287033948785
1989-01-19,463.86146667359907
1989-01-20,462.92899058177227
1989-01-23,460.1399587091857
1989-01-24,464.32640990073645
1989-01-25,464.9725752792484
1989-01-26,468.02499112955525
1989-01-27,471.6080667834302
1989-01-30,473.88285111548726
1989-01-31,477.44684042002854
1989-02-01,478.5153256012624
1989-02-02,478.59773968923713
1989-02-03,480.17951151682274
1989-02-06,479.84047075016144
1989-02-07,484.21384893950477
1989-02-08,484.3329426683601
1989-02-09,480.0248277176305
1989-02-10,474.06499600338594
1989-02-13,474.43972587523467
1989-02-14,475.5948723074517
1989-02-15,478.66813767757384
1989-02-16,481.00561052285786
1989-02-17,483.7816943833809
1989-02-21,482.66418254732974
1989-02-22,476.67998061012617
1989-02-23,477.0658286845845
1989-02-24,471.9744897576399
1989-02-27,472.0397669065051
1989-02-28,474.6920211895216
1989-03-01,473.7788833957568
1989-03-02,477.9630456326607
1989-03-03,480.6197181994317
1989-03-06,486.8095554589313
1989-03-07,486.4132920706609
1989-03-08,486.9820983648925
1989-03-09,486.72031663868796
1989-03-10,487.07214466099794
1989-03-13,490.25301525873283
1989-03-14,489.85252867140065
1989-03-15,491.667635019625
1989-03-16,494.04722889179436
1989-03-17,484.6241630978603
1989-03-20,480.54614208541335
1989-03-21,483.02405824155977
1989-03-22,482.6031952385213
1989-03-23,480.68266313184944
1989-03-27,482.9132236204473
1989-03-28,486.08233304991603
1989-03-29,487.649507972019
1989-03-30,487.386116351308
1989-03-31,491.1589327844542
1989-04-03,492.8025747551497
1989-04-04,492.17393535265523
1989-04-05,493.0622459007047
1989-04-06,492.0557506466202
1989-04-07,494.9790522180626
1989-04-10,495.4061597237563
1989-04-11,498.32771394093743
1989-04-12,499.1985112424771
1989-04-13,495.56715075714646
1989-04-14,502.19025183984627
1989-04-17,501.8502647479282
1989-04-18,507.02670449481724
1989-04-19,509.6330298135296
1989-04-20,507.83966876293783
1989-04-21,511.16583415518045
1989-04-24,511.0569506943828
1989-04-25,509.90777628400195
1989-04-26,510.5823997217783
1989-04-27,515.9315128851757
1989-04-28,517.1860696616855
1989-05-01,516.927497418638
1989-05-02,516.228514400574
1989-05-03,516.2997323953244
1989-05-04,515.9575303146277
1989-05-05,517.4903357547037
1989-05-08,514.6617402446468
1989-05-09,513.6948884402983
1989-05-10,514.9717368312917
1989-05-11,516.3986154746117
1989-05-12,525.556856416506
1989-05-15,529.0286799786973
1989-05-16,528.2875907593682
1989-05-17,532.792356056222
1989-05-18,534.0062418577735
1989-05-19,538.5918109502629
1989-05-22,541.1047337273834
1989-05-23,536.5155914661851
1989-05-24,537.7285983824016
1989-05-25,540.0794986908562
1989-05-26,544.4587749707719
1989-05-30,540.8460534981037
1989-05-31,543.1718281480013
1989-06-01,544.6335311156074
1989-06-02,550.487498653164
1989-06-05,546.2816215480641
1989-06-06,548.4089869891945
1989-06-07,554.6536845189147
1989-06-08,557.6884046734424
1989-06-09,558.2699534496795
1989-06-12,556.3708775835858
1989-06-13,554.3256055320663
1989-06-14,554.3999785360844
1989-06-15,548.9656695277475
1989-06-16,551.1985133992686
1989-06-19,553.2042031169746
1989-06-20,552.9943637761123
1989-06-21,552.3067945835223
1989-06-22,555.7946485265462
1989-06-23,563.8544259820449
1989-06-26,562.45034350482
1989-06-27,565.3765210477385
1989-06-28,562.4151811650448
1989-06-29,551.108714296299
1989-06-30,548.4998745653436
1989-07-03,550.0147327262656
1989-07-05,552.5036264125338
1989-07-06,555.0070263810478
1989-07-07,560.0928763066014
1989-07-10,563.3451933164797
1989-07-11,567.5226196165879
1989-07-12,568.3352528509246
1989-07-13,568.6021050077294
1989-07-14,571.2143834936879
1989-07-17,574.2495746675585
1989-07-18,575.0684110114347
1989-07-19,582.2499976026041
1989-07-20,580.1299896283818
1989-07-21,582.9547342061225
1989-07-24,581.4018153380674
1989-07-25,584.232911651744
1989-07-26,592.2837427608374
1989-07-27,598.0552972391946
1989-07-28,598.5704529681489
1989-07-31,604.452647182758
1989-08-01,601.0108567986897
1989-08-02,602.3265091884257
1989-08-03,604.0525264683756
1989-08-04,600.3499265086509
1989-08-07,605.3888974455057
1989-08-08,607.628316540977
1989-08-09,607.0729099872166
1989-08-10,610.326619443293
1989-08-11,604.4236018702447
1989-08-14,602.0773570567948
1989-08-15,603.3624157955537
1989-08-16,605.9342710310406
1989-08-17,604.5695968703985
1989-08-18,605.9148531631222
1989-08-21,597.837712810023
1989-08-22,598.9644181668851
1989-08-23,603.6193002036903
1989-08-24,612.406367373432
1989-08-25,611.9153069730955
1989-08-28,613.778018255824
1989-08-29,612.4469876850906
1989-08-30,614.0849451486872
1989-08-31,614.0443442516791
1989-09-01,617.501781290907
1989-09-05,616.6584307009035
1989-09-06,610.8944478469039
1989-09-07,609.3405182842503
1989-09-08,609.3108750977228
1989-09-11,606.617267393299
1989-09-12,608.485673699761
1989-09-13,604.0138408943717
1989-09-14,598.8702249155136
1989-09-15,598.6527705644517
1989-09-18,600.6855403691271
1989-09-19,602.8508124444832
1989-09-20,602.7452249332551
1989-09-21,602.2489887610693
1989-09-22,603.6016808408017
1989-09-25,601.2684991105979
1989-09-26,604.2217800216773
1989-09-27,607.9809826597703
1989-09-28,617.4109065229967
1989-09-29,618.3105508153384
1989-10-02,622.5242049800822
1989-10-03,629.5767460821482
1989-10-04,631.7951636310089
1989-10-05,633.6448998895113
1989-10-06,637.8109981043652
1989-10-09,639.9786593566495
1989-10-10,638.9122447597028
1989-10-11,634.8609974539233
1989-10-12,632.4237822566548
1989-10-13,591.8588188148193
1989-10-16,600.7912053036282
1989-10-17,599.4123418824765
1989-10-18,602.3668811776101
1989-10-19,613.0286231406064
1989-10-20,612.2917991157552
1989-10-23,611.4070557821599
1989-10-24,607.4086659405948
1989-10-25,604.1737445936905
1989-10-26,594.2672979104116
1989-10-27,587.7160346193461
1989-10-30,587.8301231342272
1989-10-31,595.8687193698122
1989-11-01,598.7743109288708
1989-11-02,595.280644220009
1989-11-03,594.9479026404348
1989-11-06,585.4151591323542
1989-11-07,586.9049822879614
1989-11-08,594.8269560807839
1989-11-09,594.346222058648
1989-11-10,598.1760843140829
1989-11-13,600.1365065885913
1989-11-14,596.5424346942442
1989-11-15,599.8913829119126
1989-11-16,600.1691678443832
1989-11-17,601.4752620949312
1989-11-20,598.1020610441456
1989-11-21,596.5889798036054
1989-11-22,600.1186021354447
1989-11-24,603.3092633922288
1989-11-27,606.5290446862427
1989-11-28,606.6877114949627
1989-11-29,602.589878574063
1989-11-30,605.0418773148976
1989-12-01,610.1317117536788
1989-12-04,611.0703549236234
1989-12-05,610.9783443887119
1989-12-06,609.1224051180076
1989-12-07,607.7791476182813
1989-12-08,610.1232205562287
1989-12-11,609.4239623255869
1989-12-12,611.8527216551463
1989-12-13,611.8852344280832
1989-12-14,607.8411987883206
1989-12-15,606.5159437958391
1989-12-18,596.412674355301
1989-12-19,592.9781476883816
1989-12-20,589.600771134687
1989-12-21,593.0832668194271
1989-12-22,598.2219111132412
1989-12-26,598.3885548949919
1989-12-27,600.9105909928161
1989-12-28,605.6209641072663
1989-12-29,611.697866959256
1990-01-02,619.7466897450713
1990-01-03,620.5518481376785
1990-01-04,613.7530697045626
1990-01-05,609.7401510214271
1990-01-08,609.7902400942892
1990-01-09,603.4443671688005
1990-01-10,598.4129379012069
1990-01-11,599.2737422377028
1990-01-12,583.2690555541765
1990-01-15,576.1461008247097
1990-01-16,582.4480753923301
1990-01-17,577.8199114969647
1990-01-18,578.5801279191024
1990-01-19,580.0549723884786
1990-01-22,566.3799179670328
1990-01-23,563.9941317499934
1990-01-24,561.4317240030748
1990-01-25,555.1833519374502
1990-01-26,552.838500359146
1990-01-29,549.1164253979895
1990-01-30,540.403992773785
1990-01-31,550.8268958206522
1990-02-01,551.5008813913215
1990-02-02,557.2560079920835
1990-02-05,559.977712427964
1990-02-06,557.3230865971811
1990-02-07,564.7753144982142
1990-02-08,564.4348583039954
1990-02-09,566.0253076786304
1990-02-12,560.5570150507446
1990-02-13,560.1224773166902
1990-02-14,561.4064632111744
1990-02-15,566.1186941740441
1990-02-16,563.1811535749823
1990-02-20,555.6565414360036
1990-02-21,552.9159821320434
1990-02-22,550.7503089065148
1990-02-23,546.4460083260294
1990-02-26,551.1491495322076
1990-02-27,554.1043814876313
1990-02-28,555.5311000315672
1990-03-01,555.3217406567991
1990-03-02,560.570123582348
1990-03-05,557.7702566787183
1990-03-06,563.3602843982868
1990-03-07,562.7095905907245
1990-03-08,565.9237632269522
1990-03-09,562.9819102410577
1990-03-12,564.4662634617101
1990-03-13,560.8853632111246
1990-03-14,562.1747535340783
1990-03-15,564.2994554401502
1990-03-16,569.2288315773077
1990-03-19,573.5186894380226
1990-03-20,570.3878383158914
1990-03-21,568.2713318719218
1990-03-22,561.5792888343127
1990-03-23,565.6189347819826
1990-03-26,564.0404195977435
1990-03-27,568.5601551889929
1990-03-28,570.7045568520541
1990-03-29,569.5334712802983
1990-03-30,569.3295255896453
1990-04-02,565.8007104863858
1990-04-03,573.1991850244783
1990-04-04,571.01281093894
1990-04-05,570.6687722458151
1990-04-06,570.7808773341886
1990-04-09,571.3320051539517
1990-04-10,572.3013156432513
1990-04-11,571.437450651497
1990-04-12,575.353271865162
1990-04-16,575.4256844466843
1990-04-17,575.7746557427479
1990-04-18,571.9713320191607
1990-04-19,567.4998744629347
1990-04-20,561.8785877539017
1990-04-23,555.9926517077186
1990-04-24,554.8998837969776
1990-04-25,556.3681812361943
1990-04-26,558.1520742451869
1990-04-27,551.4973800922332
1990-04-30,554.5958078715145
1990-05-01,558.1315110328338
1990-05-02,562.138929074717
1990-05-03,564.6285899370055
1990-05-04,569.7030257226211
1990-05-07,573.3731749912862
1990-05-08,575.3362922124185
1990-05-09,578.0378420704897
1990-05-10,580.121364582085
1990-05-11,591.6344902417285
1990-05-14,596.1154714792069
1990-05-15,594.6219800394302
1990-05-16,594.7156013454083
1990-05-17,595.6109282025238
1990-05-18,598.044776662979
1990-05-21,605.7820531198723
1990-05-22,608.4610035681843
1990-05-23,608.744000678358
1990-05-24,608.2564862250659
1990-05-25,601.3202283701324
1990-05-29,609.3902012143802
1990-05-30,610.040642415962
1990-05-31,611.0745871131014
1990-06-01,612.8702254158775
1990-06-04,617.7601572474761
1990-06-05,613.5515041542794
1990-06-06,611.0157030679896
1990-06-07,607.6300192135122
1990-06-08,601.6626482824703
1990-06-11,605.9740355628425
1990-06-12,613.0924899406504
1990-06-13,612.6491057647213
1990-06-14,609.5507083045128
1990-06-15,610.6139159037288
1990-06-18,603.142558701434
1990-06-19,606.0389991252465
1990-06-20,607.5687828562395
1990-06-21,610.4361920933424
1990-06-22,605.3478756841305
1990-06-25,602.8059298880352
1990-06-26,601.0812168165118
1990-06-27,606.7086106523967
1990-06-28,610.7697086165178
1990-06-29,612.4287096869148
1990-07-02,614.0854301454368
1990-07-03,617.3613497778271
1990-07-05,612.5792837011404
1990-07-06,618.2693031686662
1990-07-09,620.8734451547996
1990-07-10,617.9721765864008
1990-07-11,626.963500858739
1990-07-12,632.1173019631595
1990-07-13,636.3849864046975
1990-07-16,640.5243813381898
1990-07-17,637.0496245513208
1990-07-18,631.3184043881687
1990-07-19,631.8647563073249
1990-07-20,628.0959177772596
1990-07-23,614.2667077793573
1990-07-24,616.3379656340045
1990-07-25,620.4026632910031
1990-07-26,617.8898985352685
1990-07-27,613.5206904301613
1990-07-30,612.8890393757305
1990-07-31,613.5013196021964
1990-08-01,612.6933231163636
1990-08-02,606.2349680191517
1990-08-03,592.3789048328439
1990-08-06,570.7668883101164
1990-08-07,575.1107703829817
1990-08-08,583.3537309478253
1990-08-09,588.8596451468409
1990-08-10,584.1871852502245
1990-08-13,589.3155892407643
1990-08-14,592.0491801731243
1990-08-15,594.5865167616506
1990-08-16,583.4181197365397
1990-08-17,571.582040048493
1990-08-20,567.9013958226067
1990-08-21,556.5558475421979
1990-08-22,547.4088239992645
1990-08-23,529.2086419855502
1990-08-24,539.8726509336402
1990-08-27,554.1271774132022
1990-08-28,556.821162753465
1990-08-29,559.7693406615992
1990-08-30,551.6838943577014
1990-08-31,557.0597861546421
1990-09-04,556.4434161682732
1990-09-05,558.8401253353506
1990-09-06,553.7776969944116
1990-09-07,557.6596324477799
1990-09-10,556.7511694024603
1990-09-11,555.6508555907434
1990-09-12,557.8408486684518
1990-09-13,552.4056943225618
1990-09-14,551.458797908472
1990-09-17,554.1318904779935
1990-09-18,554.4026959340323
1990-09-19,551.7244380110316
1990-09-20,541.6097478487153
1990-09-21,541.2310907981852
1990-09-24,532.1041012426756
1990-09-25,537.0763506740986
1990-09-26,531.723697174974
1990-09-27,520.8268000913172
1990-09-28,529.9042705588558
1990-10-01,540.433066722571
1990-10-02,540.7172169361554
1990-10-03,535.8504119671363
1990-10-04,536.108659407124
1990-10-05,535.1099151260943
1990-10-08,536.8766044774583
1990-10-09,521.8321497911477
1990-10-10,512.7175282495078
1990-10-11,501.4756188957652
1990-10-12,508.3476782699315
1990-10-15,511.92897834356137
1990-10-16,503.8996408871838
1990-10-17,504.6886125026164
1990-10-18,517.9837036475576
1990-10-19,526.9022820674104
1990-10-22,530.9345449086112
1990-10-23,530.1942479219742
1990-10-24,529.5674895013992
1990-10-25,525.8100917217621
1990-10-26,518.5898659742869
1990-10-29,512.6069035385771
1990-10-30,515.4949998843636
1990-10-31,515.6554770882352
1990-11-01,518.0447358763752
1990-11-02,524.7831319505639
1990-11-05,530.8535787596581
1990-11-06,527.3039620318389
1990-11-07,520.1923925762135
1990-11-08,521.9579683351334
1990-11-09,530.2492243454883
1990-11-12,536.2975856351032
1990-11-13,535.464924688949
1990-11-14,538.1566951180989
1990-11-15,534.3295573062343
1990-11-16,535.8789328183861
1990-11-19,539.6473998749267
1990-11-20,532.8373112008563
1990-11-21,532.157479223936
1990-11-23,531.7941263665286
1990-11-26,532.8281415086836
1990-11-27,537.9037241200652
1990-11-28,540.3964311315044
1990-11-29,538.0971745217845
1990-11-30,546.5131377877406
1990-12-03,549.9075566087192
1990-12-04,552.318585444513
1990-12-05,556.6022069109976
1990-12-06,554.9900598515673
1990-12-07,553.8996965889413
1990-12-10,554.4158954803412
1990-12-11,552.5989678235478
1990-12-12,556.9239866360157
1990-12-13,556.1895910553108
1990-12-14,553.4457051732288
1990-12-17,552.3939718820454
1990-12-18,556.3506325159422
1990-12-19,556.3579216356576
1990-12-20,557.2822137021587
1990-12-21,559.324364691514
1990-12-24,557.448820091054
1990-12-26,559.0118544937608
1990-12-27,555.9104101945495
1990-12-28,557.4030877901724
1990-12-31,560.9304101356173
1991-01-02,553.5951598454205
1991-01-03,543.8914080976878
1991-01-04,541.855365364021
1991-01-07,530.8935377235753
1991-01-08,529.8534074936463
1991-01-09,523.8127879476924
1991-01-10,530.1285343615032
1991-01-11,532.3433033992998
1991-01-14,526.024910452041
1991-01-15,529.771165473705
1991-01-16,537.6518492775916
1991-01-17,556.6972504230965
1991-01-18,563.2391740654584
1991-01-21,564.0173297975763
1991-01-22,561.8058721587512
1991-01-23,567.5807204351073
1991-01-24,577.3832812290827
1991-01-25,579.0422067209403
1991-01-28,579.6343144601655
1991-01-29,580.4531007017297
1991-01-30,590.7600476329802
1991-01-31,596.6302212786533
1991-02-01,595.698352326457
1991-02-04,603.2638480007989
1991-02-05,610.6391664562823
1991-02-06,620.1686822582419
1991-02-07,616.1523629129724
1991-02-08,620.3956042284512
1991-02-11,636.3190789892074
1991-02-12,632.1370549753766
1991-02-13,636.6739291906895
1991-02-14,630.1854594626166
1991-02-15,641.3183922342466
1991-02-19,643.0162359387845
1991-02-20,636.0141573428012
1991-02-21,635.9063551680626
1991-02-22,638.6446922627762
1991-02-25,643.3390706052896
1991-02-26,635.0555685686911
1991-02-27,639.0466614564953
1991-02-28,638.7754422925681
1991-03-01,644.0545318571228
1991-03-04,644.0172396058817
1991-03-05,658.9023697628908
1991-03-06,660.5449063639668
1991-03-07,661.5452877692001
1991-03-08,661.2979534549169
1991-03-11,655.4913833409885
1991-03-12,647.3696046334949
1991-03-13,657.8374804288313
1991-03-14,658.3809472953499
1991-03-15,657.2708675779866
1991-03-18,655.9296141433331
1991-03-19,646.9225190442232
1991-03-20,651.7360829912565
1991-03-21,649.7098245400505
1991-03-22,649.902949069829
1991-03-25,654.2813556550203
1991-03-26,666.6935356100912
1991-03-27,669.6149773290849
1991-03-28,669.9157693712493
1991-04-01,665.791497138471
1991-04-02,681.8425367129928
1991-04-03,682.8529961274244
1991-04-04,685.2434127907794
1991-04-05,677.1813013743549
1991-04-08,680.075226841352
1991-04-09,672.4619526307658
1991-04-10,670.0591955870644
1991-04-11,677.4592345127112
1991-04-12,681.9415556359138
1991-04-15,682.8575511697467
1991-04-16,695.3267683480053
1991-04-17,703.1714214236735
1991-04-18,697.455313730301
1991-04-19,688.2807267933086
1991-04-22,681.7992696620514
1991-04-23,681.0709026928251
1991-04-24,681.6124775420284
1991-04-25,677.1039908321326
1991-04-26,676.095020122313
1991-04-29,664.9535088858241
1991-04-30,663.4767307974448
1991-05-01,672.2232994850657
1991-05-02,675.0775074704956
1991-05-03,675.9835508643707
1991-05-06,675.0941686674129
1991-05-07,673.0692717102756
1991-05-08,673.9653196322937
1991-05-09,681.4241506149306
1991-05-10,670.3998739914373
1991-05-13,669.9554546794037
1991-05-14,660.4324445247098
1991-05-15,651.8546590394033
1991-05-16,659.3719768775734
1991-05-17,659.0191713893015
1991-05-20,658.3700132821781
1991-05-21,664.7854036598044
1991-05-22,667.1970609799018
1991-05-23,669.0314221833671
1991-05-24,676.0994923165066
1991-05-28,682.0001944317764
1991-05-29,682.3302439520454
1991-05-30,690.146367482963
1991-05-31,695.074432640881
1991-06-03,691.3134893790335
1991-06-04,691.4443899941859
1991-06-05,687.7987733711158
1991-06-06,686.062570382847
1991-06-07,679.3501016320008
1991-06-10,675.5388560351927
1991-06-11,678.2915403136784
1991-06-12,671.3127497933015
1991-06-13,673.7488118028962
1991-06-14,681.3090986486413
1991-06-17,678.9466697061853
1991-06-18,676.7943690118162
1991-06-19,670.4898859283305
1991-06-20,672.131729593431
1991-06-21,676.3142838165295
1991-06-24,665.2566457184266
1991-06-25,662.9210708443089
1991-06-26,663.4955078783149
1991-06-27,667.9098822957262
1991-06-28,664.0521563156907
1991-07-01,675.175233799871
1991-07-02,675.3250938768681
1991-07-03,670.2429917908632
1991-07-05,672.0618323487624
1991-07-08,676.6302421944786
1991-07-09,676.6580797295072
1991-07-10,678.9932371724259
1991-07-11,681.51001523378
1991-07-12,687.7571102860746
1991-07-15,691.481701372336
1991-07-16,689.2634514728537
1991-07-17,687.5876784223829
1991-07-18,693.4749309443442
1991-07-19,691.5825641693888
1991-07-22,687.5408061111833
1991-07-23,680.9152911468595
1991-07-24,677.5013502369004
1991-07-25,682.6275738260636
1991-07-26,683.9067674389514
1991-07-29,687.0481527651144
1991-07-30,694.2402202621104
1991-07-31,696.1308664418336
1991-08-01,695.1446366983419
1991-08-02,697.1587531778232
1991-08-05,692.8722775283338
1991-08-06,703.1582325989077
1991-08-07,704.6108529248074
1991-08-08,704.0023994243875
1991-08-09,702.1365656934371
1991-08-12,703.6261465111488
1991-08-13,706.6787256963999
1991-08-14,708.652637208452
1991-08-15,706.0956587719267
1991-08-16,700.8858657194666
1991-08-19,681.6217531338667
1991-08-20,687.9668115816546
1991-08-21,708.868310688615
1991-08-22,713.6778128560702
1991-08-23,718.9644517859103
1991-08-26,717.5334625746716
1991-08-27,715.7168430860536
1991-08-28,722.5267894433689
1991-08-29,723.0855500456214
1991-08-30,722.0909088370672
1991-09-03,716.3633728717281
1991-09-04,711.6617339595757
1991-09-05,706.9027940973291
1991-09-06,705.5220866504768
1991-09-09,703.0708283040632
1991-09-10,693.9959798290505
1991-09-11,696.9540294933693
1991-09-12,705.354306289754
1991-09-13,701.0058438602025
1991-09-16,704.3731648009809
1991-09-17,705.340548717496
1991-09-18,708.6645321371842
1991-09-19,712.8897108933808
1991-09-20,717.1086903664565
1991-09-23,714.1807674781397
1991-09-24,718.475331965703
1991-09-25,718.5418719820811
1991-09-26,717.1167675738089
1991-09-27,715.5860575154286
1991-09-30,719.4901488749757
1991-10-01,722.5525224982027
1991-10-02,719.5280550533083
1991-10-03,710.7013800415077
1991-10-04,706.1683225312455
1991-10-07,699.7477020156879
1991-10-08,701.5577270522562
1991-10-09,695.0721278850269
1991-10-10,698.4196438495205
1991-10-11,699.8958622557557
1991-10-14,708.506381376542
1991-10-15,720.8685269649537
1991-10-16,728.963904777243
1991-10-17,725.5210411348547
1991-10-18,726.4170593019745
1991-10-21,723.641321583597
1991-10-22,720.5972155555909
1991-10-23,723.0086121999581
1991-10-24,717.2085661803285
1991-10-25,713.9103778773406
1991-10-28,723.7380247648116
1991-10-29,728.9301388613793
1991-10-30,733.2574279664714
1991-10-31,735.7076686930116
1991-11-01,732.622475807508
1991-11-04,729.6468817690461
1991-11-05,729.4022366828207
1991-11-06,732.6472442203882
1991-11-07,738.7587697219407
1991-11-08,739.56685625722
1991-11-11,742.1233320988546
1991-11-12,750.6717276596462
1991-11-13,752.4214890271301
1991-11-14,749.40516954983
1991-11-15,723.263322680271
1991-11-18,726.0889453918813
1991-11-19,712.1811634757187
1991-11-20,712.0432067014885
1991-11-21,715.1468187858525
1991-11-22,708.7721745261982
1991-11-25,704.4490899585805
1991-11-26,709.5756714934496
1991-11-27,708.8077328111618
1991-11-29,708.9474436473075
1991-12-02,719.2269351457843
1991-12-03,721.8747175790013
1991-12-04,723.6813147330574
1991-12-05,721.6609566747625
1991-12-06,723.2362196330699
1991-12-09,721.1476152205524
1991-12-10,719.4230828404297
1991-12-11,717.9406679213852
1991-12-12,725.1829950326588
1991-12-13,733.5144779987031
1991-12-16,736.5472997093078
1991-12-17,731.5682171392614
1991-12-18,731.6317300003946
1991-12-19,726.7694845727889
1991-12-20,730.8256777535406
1991-12-23,750.2169549603102
1991-12-24,756.1562808571879
1991-12-26,770.1312963961313
1991-12-27,778.3630913611854
1991-12-30,798.0128783696397
1991-12-31,803.6150555979082
1992-01-02,800.9645595002497
1992-01-03,803.1518836076463
1992-01-06,803.0053845623223
1992-01-07,804.3266619849671
1992-01-08,814.1572376757852
1992-01-09,820.6408067387364
1992-01-10,816.8419075470466
1992-01-13,812.1539583387301
1992-01-14,825.0512072664364
1992-01-15,829.6765029257107
1992-01-16,817.6886711302008
1992-01-17,815.8789127082374
1992-01-20,805.0230517744171
1992-01-21,792.808633141207
1992-01-22,806.6909807681685
1992-01-23,806.0585998541934
1992-01-24,807.5461318017783
1992-01-27,806.4486358078236
1992-01-28,807.741384833866
1992-01-29,801.0082204147946
1992-01-30,807.8729918319266
1992-01-31,804.3340034653448
1992-02-03,809.1929384292032
1992-02-04,817.354109177729
1992-02-05,821.8613790422188
1992-02-06,822.6888367774593
1992-02-07,818.2457432908583
1992-02-10,819.6816498322211
1992-02-11,818.8009356433771
1992-02-12,826.5983517979002
1992-02-13,818.8941135533488
1992-02-14,815.9638864228074
1992-02-18,803.3766917936094
1992-02-19,801.3801214151395
1992-02-20,816.401624429914
1992-02-21,811.2373360237734
1992-02-24,810.2312103265089
1992-02-25,805.9289547437558
1992-02-26,819.9115664924627
1992-02-27,820.6878261170855
1992-02-28,818.8303160490971
1992-03-02,818.2431103857446
1992-03-03,818.5340961482997
1992-03-04,812.4717022121158
1992-03-05,801.8864325980446
1992-03-06,796.700053783503
1992-03-09,797.2595615561263
1992-03-10,803.6795024275015
1992-03-11,798.8074481027566
1992-03-12,797.4099375391537
1992-03-13,801.5130007229528
1992-03-16,802.1535201772607
1992-03-17,811.7422890045248
1992-03-18,814.5703326897592
1992-03-19,816.2673318618756
1992-03-20,817.3624152877464
1992-03-23,814.2892313915097
1992-03-24,812.3699824272348
1992-03-25,812.1590891227607
1992-03-26,811.4480565224411
1992-03-27,801.8753306594474
1992-03-30,800.575185975822
1992-03-31,800.5102033916845
1992-04-01,801.7989219590801
1992-04-02,793.6636691217145
1992-04-03,790.9131026910015
1992-04-06,796.1727474793703
1992-04-07,779.6423417629334
1992-04-08,770.7952106674005
1992-04-09,787.237574776218
1992-04-10,795.7917463752145
1992-04-13,798.0248176167664
1992-04-14,807.261346490922
1992-04-15,815.9309669852726
1992-04-16,812.5733432437864
1992-04-20,796.2821607521579
1992-04-21,791.7734835628947
1992-04-22,791.127797515947
1992-04-23,794.5891620873134
1992-04-24,789.8037151185719
1992-04-27,787.1085113456545
1992-04-28,781.7543736219583
1992-04-29,789.8451328633589
1992-04-30,796.3709104714129
1992-05-01,794.2173074820882
1992-05-04,801.2313484786201
1992-05-05,801.0420123092944
1992-05-06,804.207514112567
1992-05-07,803.8582784065071
1992-05-08,802.9662378971364
1992-05-11,807.0148902783961
1992-05-12,804.3324755603336
1992-05-13,804.7450154942018
1992-05-14,795.6251075264474
1992-05-15,792.1913464665388
1992-05-18,795.8133914105782
1992-05-19,800.883561403698
1992-05-20,800.3032200954156
1992-05-21,795.6853997185023
1992-05-22,797.1471134712687
1992-05-26,787.5718919207566
1992-05-27,791.3859458185204
1992-05-28,796.1962778848589
1992-05-29,800.7950541702637
1992-06-01,803.711139216475
1992-06-02,803.2426124555842
1992-06-03,803.3622602312917
1992-06-04,799.4043865912837
1992-06-05,797.3331864896654
1992-06-08,797.5690156224015
1992-06-09,786.9702856810335
1992-06-10,778.713903775796
1992-06-11,778.4048274298895
1992-06-12,783.281645446901
1992-06-15,780.6258347551889
1992-06-16,775.2173704969044
1992-06-17,759.2132219845143
1992-06-18,756.7480717576113
1992-06-19,762.8135393057987
1992-06-22,758.5817038236307
1992-06-23,760.2352156541953
1992-06-24,758.4397458197874
1992-06-25,757.8232203506213
1992-06-26,756.5768795748618
1992-06-29,767.6232233815679
1992-06-30,770.3332019868265
1992-07-01,779.8161077651572
1992-07-02,774.5151196759386
1992-07-06,771.6268134554889
1992-07-07,762.7962982940766
1992-07-08,761.966695667619
1992-07-09,772.4625373908312
1992-07-10,776.6764403440645
1992-07-13,777.3623473332722
1992-07-14,781.6749957702342
1992-07-15,781.098718772392
1992-07-16,781.0460413072741
1992-07-17,776.5607782570797
1992-07-20,771.8305811479122
1992-07-21,775.6050520981532
1992-07-22,768.2339409309901
1992-07-23,769.2180944327569
1992-07-24,770.2748881791603
1992-07-27,770.5535935019874
1992-07-28,782.3409112066865
1992-07-29,790.2735195790565
1992-07-30,791.3711751428526
1992-07-31,793.4923418959772
1992-08-03,794.7898015088327
1992-08-04,792.6257866456548
1992-08-05,787.7480528422751
1992-08-06,783.575048945231
1992-08-07,782.5326660529112
1992-08-10,781.4493205672709
1992-08-11,781.0811464416522
1992-08-12,778.2536751812769
1992-08-13,777.6545913876942
1992-08-14,782.2813563339519
1992-08-17,784.3521799898011
1992-08-18,784.7294214803093
1992-08-19,778.08798863052
1992-08-20,777.8831210608319
1992-08-21,772.8813058327568
1992-08-24,760.5665376054726
1992-08-25,759.5456412654287
1992-08-26,764.2936185040793
1992-08-27,770.1786684266251
1992-08-28,771.0135880668714
1992-08-31,770.927552392475
1992-09-01,774.1001008365836
1992-09-02,778.213055313277
1992-09-03,782.2284655666997
1992-09-04,779.1834225170487
1992-09-08,775.92181237385
1992-09-09,779.6868361996715
1992-09-10,788.1200761689229
1992-09-11,789.8056203013298
1992-09-14,802.7502604438514
1992-09-15,794.7807185289482
1992-09-16,793.8121710646034
1992-09-17,794.4994616602849
1992-09-18,797.8192422431625
1992-09-21,797.7390611876167
1992-09-22,788.3580277555851
1992-09-23,786.7636434244987
1992-09-24,791.3957442537167
1992-09-25,783.7815834329317
1992-09-28,786.3697034040382
1992-09-29,787.8971953417306
1992-09-30,792.6324121497382
1992-10-01,787.4790137073566
1992-10-02,777.8119892528191
1992-10-05,771.1224362950514
1992-10-06,772.9397241528884
1992-10-07,767.433000703992
1992-10-08,772.9472390298185
1992-10-09,764.7531320962557
1992-10-12,772.6238646923541
1992-10-13,777.6151781463351
1992-10-14,776.828522011964
1992-10-15,778.5891810599895
1992-10-16,782.2948827614907
1992-10-19,791.4525482748294
1992-10-20,796.3432533472306
1992-10-21,799.0925164179301
1992-10-22,799.1343717220243
1992-10-23,800.1864331212331
1992-10-26,809.0775422482262
1992-10-27,808.1132394879344
1992-10-28,810.7645256782905
1992-10-29,813.0925480703401
1992-10-30,810.2226668904461
1992-11-02,816.7798376407242
1992-11-03,813.5999544857359
1992-11-04,810.5496396828709
1992-11-05,814.4862181321979
1992-11-06,814.381753308128
1992-11-09,818.8276875278882
1992-11-10,821.2313839867642
1992-11-11,829.3474189205798
1992-11-12,828.5630751026092
1992-11-13,830.3985392222055
1992-11-16,827.063141378395
1992-11-17,825.7236611132481
1992-11-18,829.29574313192
1992-11-19,832.455350863844
1992-11-20,839.0067182528974
1992-11-23,838.6476697231973
1992-11-24,845.4222360744477
1992-11-25,849.1991119351762
1992-11-27,851.9066848774837
1992-11-30,856.1921394167348
1992-12-01,853.9889362950163
1992-12-02,852.5600781441108
1992-12-03,852.7324232950198
1992-12-04,858.608416360739
1992-12-07,864.5026823417646
1992-12-08,866.9202827825562
1992-12-09,863.1641726308038
1992-12-10,858.2364802558577
1992-12-11,854.6781072862304
1992-12-14,854.883335592587
1992-12-15,852.9235553861587
1992-12-16,849.3039301631435
1992-12-17,856.2578189262757
1992-12-18,866.0108414504859
1992-12-21,866.8929982533317
1992-12-22,866.4787403926282
1992-12-23,867.2514947979754
1992-12-24,869.3918083992323
1992-12-28,872.0285373903035
1992-12-29,872.412469293666
1992-12-30,874.4745186212589
1992-12-31,873.9767008198191
1993-01-04,873.3197547752817
1993-01-05,875.1391975466111
1993-01-06,879.444345522882
1993-01-07,875.6132152663395
1993-01-08,871.8458673569668
1993-01-11,875.5801579919183
1993-01-12,875.1057838431975
1993-01-13,880.9245362756473
1993-01-14,889.5852526583911
1993-01-15,895.9773354039063
1993-01-18,899.8017263040216
1993-01-19,903.4060194052736
1993-01-20,900.0723761513391
1993-01-21,903.1283438175891
1993-01-22,902.9951761713451
1993-01-25,908.8400196428773
1993-01-26,910.3151421023771
1993-01-27,905.032480888855
1993-01-28,903.731325110309
1993-01-29,902.9854198253898
1993-02-01,911.4466474497174
1993-02-02,915.6842659715203
1993-02-03,927.1812592960555
1993-02-04,932.1245400548123
1993-02-05,927.7052480976961
1993-02-08,927.0696328917796
1993-02-09,917.6574188997796
1993-02-10,920.9384888687373
1993-02-11,924.0674531003896
1993-02-12,919.0450773302508
1993-02-16,892.5908149952509
1993-02-17,887.3277440682273
1993-02-18,885.5159658123989
1993-02-19,889.2310331871796
1993-02-22,888.9009539392347
1993-02-23,883.665674974542
1993-02-24,895.5339558891233
1993-02-25,901.3291929136082
1993-02-26,903.2209040192243
1993-03-01,898.794279304866
1993-03-02,907.7614215610158
1993-03-03,912.6765154648391
1993-03-04,909.8014585061973
1993-03-05,912.6208998029815
1993-03-08,926.7213393881814
1993-03-09,929.9503649820733
1993-03-10,931.5940656663062
1993-03-11,931.3889362994039
1993-03-12,925.2247953556357
1993-03-15,929.8962626791154
1993-03-16,930.4074430732883
1993-03-17,922.5795260340694
1993-03-18,929.857288188459
1993-03-19,926.0885409453233
1993-03-22,922.0045321251126
1993-03-23,918.4144665204312
1993-03-24,918.0774809693928
1993-03-25,922.5421812728802
1993-03-26,921.9659093231764
1993-03-29,926.163620580349
1993-03-30,926.8990470924597
1993-03-31,929.4188245741243
1993-04-01,928.5277854386571
1993-04-02,909.8831641941613
1993-04-05,909.9490509029159
1993-04-06,906.7672284257427
1993-04-07,908.6105614687327
1993-04-08,910.9627313888021
1993-04-12,921.3731988085192
1993-04-13,926.6507062508546
1993-04-14,925.5527784185665
1993-04-15,922.7166177225234
1993-04-16,923.146377447803
1993-04-19,915.5648959350856
1993-04-20,906.9698143686928
1993-04-21,905.266994853766
1993-04-22,897.9760413859058
1993-04-23,892.5886424098532
1993-04-26,881.8879165956234
1993-04-27,888.0919119220556
1993-04-28,890.8241281877149
1993-04-29,894.1675170013943
1993-04-30,898.8178661073442
1993-05-03,901.7618490250085
1993-05-04,909.0804467725533
1993-05-05,912.4131219277003
1993-05-06,910.0495715160491
1993-05-07,909.2576183252828
1993-05-10,912.1096163416347
1993-05-11,914.398841760832
1993-05-12,914.2763445253111
1993-05-13,904.1113355175397
1993-05-14,902.0110820599278
1993-05-17,902.3029241524985
1993-05-18,904.4719651449669
1993-05-19,919.5535374803995
1993-05-20,927.1260947471252
1993-05-21,920.0729982475975
1993-05-24,923.9665224274703
1993-05-25,926.210999817574
1993-05-26,935.5129506598951
1993-05-27,935.226992513776
1993-05-28,928.98933131794
1993-06-01,935.9988170905053
1993-06-02,937.3300521168908
1993-06-03,937.2633460849897
1993-06-04,932.6816937763261
1993-06-07,927.3925429871363
1993-06-08,919.5722876013568
1993-06-09,922.2429185687473
1993-06-10,918.3777834330057
1993-06-11,923.3920492521393
1993-06-14,923.1045408371796
1993-06-15,924.875527945868
1993-06-16,924.544610033238
1993-06-17,926.8564999653793
1993-06-18,923.3614216967183
1993-06-21,926.9954548700316
1993-06-22,926.4738998180992
1993-06-23,924.3862793019573
1993-06-24,930.1914328659784
1993-06-25,931.8738796454678
1993-06-28,942.5303026745202
1993-06-29,941.4080261950141
1993-06-30,944.5773857314388
1993-07-01,943.8972498858935
1993-07-02,941.0321046888411
1993-07-06,934.385684975526
1993-07-07,931.1459161706994
1993-07-08,939.4037503437547
1993-07-09,943.1409264309303
1993-07-12,943.4792004086117
1993-07-13,942.9909627115318
1993-07-14,948.6370145625646
1993-07-15,949.2301777377841
1993-07-16,945.4222090645716
1993-07-19,942.7925067579943
1993-07-20,944.8851105455935
1993-07-21,944.7248213372399
1993-07-22,940.7758527369887
1993-07-23,945.7763992421455
1993-07-26,952.2142823924611
1993-07-27,950.0761363980807
1993-07-28,950.9654230799114
1993-07-29,957.1598605466893
1993-07-30,954.6913555240876
1993-08-02,960.6381875230472
1993-08-03,960.5398371152431
1993-08-04,959.5711618520287
1993-08-05,958.3010970628382
1993-08-06,960.9020723359514
1993-08-09,966.5094417048767
1993-08-10,966.4319870772138
1993-08-11,967.7615159093689
1993-08-12,963.7384609258347
1993-08-13,964.8234184640592
1993-08-16,971.4233765024107
1993-08-17,971.1276997986294
1993-08-18,974.0046378884327
1993-08-19,971.0485324637569
1993-08-20,971.1200187287366
1993-08-23,971.142643617044
1993-08-24,980.8551841712546
1993-08-25,982.6442870940311
1993-08-26,980.2588638432267
1993-08-27,980.8794777964985
1993-08-30,985.3196684937669
1993-08-31,989.6439430797706
1993-09-01,990.7899864515373
1993-09-02,986.3907493156221
1993-09-03,984.3834428628454
1993-09-07,974.1128834481132
1993-09-08,966.5488056844249
1993-09-09,974.0355541246821
1993-09-10,983.2575165286007
1993-09-13,983.9316732468671
1993-09-14,977.7608561123626
1993-09-15,982.9704508586381
1993-09-16,984.2274203675929
1993-09-17,984.6994997463044
1993-09-20,982.7029963853948
1993-09-21,977.6671156293819
1993-09-22,987.0006141666591
1993-09-23,994.5619919820709
1993-09-24,995.9199206655035
1993-09-27,1000.8266233220904
1993-09-28,1004.0276909564301
1993-09-29,998.7171960117046
1993-09-30,998.3363340815349
1993-10-01,1002.4771014139222
1993-10-04,1007.092149572786
1993-10-05,1005.0412745741049
1993-10-06,1005.5052336478014
1993-10-07,1002.9853026514664
1993-10-08,1003.5022682852679
1993-10-11,1001.3546611815176
1993-10-12,1005.3573658712909
1993-10-13,1009.8002962304107
1993-10-14,1014.2575640552618
1993-10-15,1017.630732986559
1993-10-18,1016.3071929494184
1993-10-19,1005.5421308560187
1993-10-20,1002.200886514978
1993-10-21,1000.0504389157602
1993-10-22,1002.6064986590088
1993-10-25,1001.548250339452
1993-10-26,1000.7085669572061
1993-10-27,1001.997962837386
1993-10-28,1006.7236135233289
1993-10-29,1008.7778067178714
1993-11-01,1010.321878432223
1993-11-02,1011.4825907005429
1993-11-03,999.1023654754279
1993-11-04,984.1504699331433
1993-11-05,987.5426089752197
1993-11-08,991.2934478459081
1993-11-09,990.9167491236836
1993-11-10,998.0890100482255
1993-11-11,997.0351755676456
1993-11-12,1001.1100225052161
1993-11-15,997.6752248777624
1993-11-16,994.4765692965251
1993-11-17,989.2053903204629
1993-11-18,983.2445948390774
1993-11-19,979.4064597236353
1993-11-22,965.6054023364816
1993-11-23,972.2325847260048
1993-11-24,978.0556017766193
1993-11-26,983.8359187776645
1993-11-29,982.9820591603145
1993-11-30,985.0831224863892
1993-12-01,991.810291920298
1993-12-02,994.9372385951987
1993-12-03,1000.6111258197436
1993-12-06,1002.1008591198839
1993-12-07,1003.4797193173353
1993-12-08,1006.7249707147562
1993-12-09,1004.8678147735739
1993-12-10,1006.9763706544452
1993-12-13,1008.4805319829801
1993-12-14,1001.2757918942822
1993-12-15,1000.4643024179367
1993-12-16,1001.7552699060622
1993-12-17,1008.7974643331746
1993-12-20,1007.5846196884041
1993-12-21,1002.3007086185561
1993-12-22,1007.2834580257087
1993-12-23,1007.4842156204545
1993-12-27,1012.905619176299
1993-12-28,1015.3618600366857
1993-12-29,1017.1923970220105
1993-12-30,1015.2228531447164
1993-12-31,1015.8969176717378
1994-01-03,1011.4548469809697
1994-01-04,1014.6339031055956
1994-01-05,1017.2468243249966
1994-01-06,1022.0944938309259
1994-01-07,1023.5919507939726
1994-01-10,1032.2832228694303
1994-01-11,1036.0197332177636
1994-01-12,1035.98546971354
1994-01-13,1039.248764144759
1994-01-14,1045.716840640218
1994-01-17,1046.6723760335863
1994-01-18,1048.521071233729
1994-01-19,1049.0641704858617
1994-01-20,1050.9626935639756
1994-01-21,1051.2122234290373
1994-01-24,1045.5827350883387
1994-01-25,1039.34070430598
1994-01-26,1042.3726269469948
1994-01-27,1043.9394557884425
1994-01-28,1050.4439623656967
1994-01-31,1057.162691985482
1994-02-01,1060.0034375715336
1994-02-02,1063.039005803484
1994-02-03,1063.1665502133244
1994-02-04,1040.577859914566
1994-02-07,1045.1909115826968
1994-02-08,1055.6917094092794
1994-02-09,1060.2925929717578
1994-02-10,1055.9735159851898
1994-02-11,1051.6565254425605
1994-02-14,1056.7204861553148
1994-02-15,1066.1846000828932
1994-02-16,1069.087159109471
1994-02-17,1062.5325489163245
1994-02-18,1056.900013852203
1994-02-22,1061.9763737010303
1994-02-23,1058.041317736512
1994-02-24,1046.3959303005947
1994-02-25,1046.4654091274049
1994-02-28,1053.1361909664486
1994-03-01,1045.3273337670473
1994-03-02,1045.1404460094896
1994-03-03,1043.8510919201635
1994-03-04,1051.5709319102314
1994-03-07,1057.6953680783374
1994-03-08,1053.2907956735169
1994-03-09,1056.976702263789
1994-03-10,1052.9825218342553
1994-03-11,1057.846772558178
1994-03-14,1058.1878350808483
1994-03-15,1056.6151385617534
1994-03-16,1058.9196629543933
1994-03-17,1061.994680323493
1994-03-18,1066.8227440373591
1994-03-21,1060.8360600039987
1994-03-22,1064.1158321862883
1994-03-23,1067.07618761283
1994-03-24,1055.7071189941755
1994-03-25,1048.1832220377419
1994-03-28,1039.5550814567348
1994-03-29,1017.8992442388127
1994-03-30,998.0235595489634
1994-03-31,999.7787500928616
1994-04-04,984.9925766800577
1994-04-05,1009.7043590465764
1994-04-06,1007.4988734196041
1994-04-07,1010.6317423768639
1994-04-08,1001.2227207421001
1994-04-11,1001.6227584886642
1994-04-12,993.153767309984
1994-04-13,981.6974882633217
1994-04-14,979.0889131677936
1994-04-15,976.2398519384218
1994-04-18,961.8669456351165
1994-04-19,953.0080573908208
1994-04-20,941.7731728994412
1994-04-21,959.1291040668535
1994-04-22,962.070862747436
1994-04-25,977.16069109123
1994-04-26,979.6638008530066
1994-04-28,976.8177727036409
1994-04-29,981.8586756755615
1994-05-02,986.1190231044695
1994-05-03,986.8413482924201
1994-05-04,984.7717531834561
1994-05-05,980.349069330839
1994-05-06,971.5634478636747
1994-05-09,960.973777127845
1994-05-10,963.4092381162767
1994-05-11,956.4816297148615
1994-05-12,958.1958460717603
1994-05-13,957.362515596057
1994-05-16,951.144037148892
1994-05-17,959.7363509342078
1994-05-18,973.9485179464116
1994-05-19,981.5579404004412
1994-05-20,981.5967422876442
1994-05-23,979.1286891402694
1994-05-24,979.0377231839468
1994-05-25,983.0791866634327
1994-05-26,981.5561628591279
1994-05-27,986.1383204895558
1994-05-31,984.8469508130767
1994-06-01,986.6016745475335
1994-06-02,987.4791709101582
1994-06-03,991.5506535120707
1994-06-06,994.0572341578622
1994-06-07,990.6233142351246
1994-06-08,986.3382923041374
1994-06-09,981.6970459519367
1994-06-10,986.5515447357171
1994-06-13,991.0223860562342
1994-06-14,998.1797133853182
1994-06-15,994.7859182747785
1994-06-16,997.4408515955092
1994-06-17,992.5769259360425
1994-06-20,981.5972938061105
1994-06-21,972.9646295132077
1994-06-22,977.4298527053726
1994-06-23,965.6197824003407
1994-06-24,950.425395075838
1994-06-27,957.6468076342188
1994-06-28,954.2978413932773
1994-06-29,958.004032819527
1994-06-30,952.2477312805489
1994-07-01,959.35699424704
1994-07-05,956.9441856838289
1994-07-06,955.4456349126957
1994-07-07,960.629393152789
1994-07-08,964.3276335224277
1994-07-11,961.3932740534462
1994-07-12,964.4962719153876
1994-07-13,969.9409398949741
1994-07-14,978.465427549757
1994-07-15,977.4992372401181
1994-07-18,979.0957937627012
1994-07-19,975.6567237980234
1994-07-20,969.2317662868363
1994-07-21,967.6893612181696
1994-07-22,968.4464881398272
1994-07-25,970.0177568812073
1994-07-26,967.2910490874357
1994-07-27,964.0393444483376
1994-07-28,965.943953676062
1994-07-29,977.312837318632
1994-08-01,984.6065645259599
1994-08-02,984.8179413415718
1994-08-03,985.5588656167287
1994-08-04,982.0839544539164
1994-08-05,979.1137176967192
1994-08-08,981.4415860850469
1994-08-09,982.8886807314043
1994-08-10,988.3160487489865
1994-08-11,985.982124643944
1994-08-12,989.2081617123279
1994-08-15,988.3087902252266
1994-08-16,992.4515559389081
1994-08-17,991.9689778427269
1994-08-18,991.515684006033
1994-08-19,994.0318005153052
1994-08-22,992.7459942058075
1994-08-23,998.222692134633
1994-08-24,1006.38837363399
1994-08-25,1009.4460516577059
1994-08-26,1020.8066143955709
1994-08-29,1025.377250155089
1994-08-30,1033.0176181848506
1994-08-31,1036.9103920691698
1994-09-01,1031.6403750083027
1994-09-02,1026.3370481772854
1994-09-06,1026.654591919761
1994-09-07,1025.664687985092
1994-09-08,1030.0671680827293
1994-09-09,1022.5444511673679
1994-09-12,1017.1955604575431
1994-09-13,1019.8284884228007
1994-09-14,1023.8583528805628
1994-09-15,1036.640943668199
1994-09-16,1035.899412076439
1994-09-19,1035.2979245702122
1994-09-20,1022.1942285105483
1994-09-21,1014.5625970507198
1994-09-22,1014.9905768082813
1994-09-23,1011.9300228925823
1994-09-26,1014.8100828843698
1994-09-27,1016.7857328055313
1994-09-28,1022.993970955594
1994-09-29,1021.2252149968288
1994-09-30,1021.8333427366383
1994-10-03,1019.0343143554998
1994-10-04,1004.2923700985397
1994-10-05,998.3311745237846
1994-10-06,996.3741408224936
1994-10-07,1000.7692512966845
1994-10-10,1007.8402137524379
1994-10-11,1020.0656888671494
1994-10-12,1021.2761092466253
1994-10-13,1023.169730906868
1994-10-14,1025.7527764436454
1994-10-17,1026.2579646547279
1994-10-18,1024.0586142848686
1994-10-19,1029.1429416137692
1994-10-20,1024.8548304110539
1994-10-21,1019.9167359648942
1994-10-24,1011.0182231108874
1994-10-25,1007.1342735722089
1994-10-26,1008.8417751817917
1994-10-27,1013.9575330608905
1994-10-28,1024.9673973278714
1994-10-31,1022.357887476148
1994-11-01,1014.8578361541754
1994-11-02,1011.0875279439491
1994-11-03,1011.0753290530671
1994-11-04,1001.8189353948145
1994-11-07,1000.1393599800307
1994-11-08,1007.0843722653676
1994-11-09,1004.3500433794451
1994-11-10,1000.7056551781491
1994-11-11,997.4849397372851
1994-11-14,1005.0902810546886
1994-11-15,1006.9976801542923
1994-11-16,1008.0963861427729
1994-11-17,1004.3572687647562
1994-11-18,1000.6481964548514
1994-11-21,992.6569670894653
1994-11-22,970.5704584176949
1994-11-23,963.0563828652319
1994-11-25,970.4937285417273
1994-11-28,974.081564755857
1994-11-29,976.9463249303369
1994-11-30,977.0006512054051
1994-12-01,967.6980375092429
1994-12-02,975.897980992793
1994-12-05,978.2041852114537
1994-12-06,977.1282807345293
1994-12-07,972.0146281498234
1994-12-08,959.173190970946
1994-12-09,960.0229481422128
1994-12-12,963.1102223418179
1994-12-13,964.0963089331558
1994-12-14,973.5966351962246
1994-12-15,979.0181845631809
1994-12-16,983.8403026422711
1994-12-19,979.8131038647756
1994-12-20,980.751519824638
1994-12-21,989.9689195292199
1994-12-22,989.7801298884325
1994-12-23,992.7257419325175
1994-12-27,999.1342573398616
1994-12-28,995.3068555826762
1994-12-29,999.2761709241082
1994-12-30,998.1423554743512
1995-01-03,992.7136737826611
1995-01-04,994.1805626915011
1995-01-05,993.4362143203243
1995-01-06,996.7452456710797
1995-01-09,998.6501156538172
1995-01-10,1003.6978582351684
1995-01-11,1001.5249368788069
1995-01-12,1003.3287955400733
1995-01-13,1010.1751882570716
1995-01-16,1015.9567717677925
1995-01-17,1020.3656871389873
1995-01-18,1021.1112660393713
1995-01-19,1017.5145324144748
1995-01-20,1011.4199525871494
1995-01-23,1010.0131571283922
1995-01-24,1011.4359586400675
1995-01-25,1009.5161768034443
1995-01-26,1009.5721832352903
1995-01-27,1010.0481360804291
1995-01-30,1002.713097961312
1995-01-31,1008.6180770035153
1995-02-01,1010.9152072537141
1995-02-02,1016.4173971385557
1995-02-03,1028.226026373519
1995-02-06,1034.1962148309592
1995-02-07,1034.369978318676
1995-02-08,1035.5284523204098
1995-02-09,1037.6001063753977
1995-02-10,1041.118250654531
1995-02-13,1042.8423336897326
1995-02-14,1044.7643610734424
1995-02-15,1049.522185441157
1995-02-16,1051.9919898050946
1995-02-17,1044.5128644635247
1995-02-21,1044.5839018211443
1995-02-22,1047.3976194239872
1995-02-23,1053.2654568660732
1995-02-24,1055.734267069304
1995-02-27,1047.0991768772342
1995-02-28,1056.6558913417641
1995-03-01,1055.504062538731
1995-03-02,1053.746632324126
1995-03-03,1057.3296129984915
1995-03-06,1058.3532518546442
1995-03-07,1049.8684472452705
1995-03-08,1053.1155976015548
1995-03-09,1055.1206524760178
1995-03-10,1066.3131729970617
1995-03-13,1069.6383763390772
1995-03-14,1076.8715273829287
1995-03-15,1076.832393604945
1995-03-16,1082.200555106366
1995-03-17,1083.7122717291684
1995-03-20,1088.6979627755782
1995-03-21,1089.3775915450567
1995-03-22,1088.7119488711132
1995-03-23,1090.8230555487612
1995-03-24,1102.7135931718417
1995-03-27,1109.1418285991658
1995-03-28,1110.2300252745194
1995-03-29,1105.699956263221
1995-03-30,1100.5003889433995
1995-03-31,1095.7529625694153
1995-04-03,1098.0404562564374
1995-04-04,1103.0664145428013
1995-04-05,1100.6466697956848
1995-04-06,1102.8647854054684
1995-04-07,1103.4878768322617
1995-04-10,1107.486879932614
1995-04-11,1106.5216625283206
1995-04-12,1112.1018029286297
1995-04-13,1117.1844273223771
1995-04-17,1110.7135807150414
1995-04-18,1107.1723876332198
1995-04-19,1102.082757129911
1995-04-20,1102.5849177957678
1995-04-21,1109.8242001758392
1995-04-24,1121.121451613511
1995-04-25,1120.3774290811066
1995-04-26,1123.3754103181577
1995-04-27,1126.765458178395
1995-04-28,1129.4418470485293
1995-05-01,1125.4853835875576
1995-05-02,1129.2199455480632
1995-05-03,1143.3655957834424
1995-05-04,1141.805080892184
1995-05-05,1138.630452480756
1995-05-08,1147.8903729811661
1995-05-09,1148.3803618392255
1995-05-10,1147.722051794444
1995-05-11,1153.5601984182342
1995-05-12,1153.4674972482192
1995-05-15,1155.4408143889862
1995-05-16,1158.8126580954884
1995-05-17,1157.162554852119
1995-05-18,1140.5770713633462
1995-05-19,1140.686304649209
1995-05-22,1151.5067051476103
1995-05-23,1166.9246296885185
1995-05-24,1166.806009500971
1995-05-25,1163.7485518588708
1995-05-26,1154.2716120970126
1995-05-30,1147.619454128404
1995-05-31,1166.2326358746811
1995-06-01,1167.5673554266166
1995-06-02,1166.3972885155683
1995-06-05,1171.9381405683457
1995-06-06,1171.2192331428323
1995-06-07,1168.6315215442219
1995-06-08,1171.4813625476932
1995-06-09,1165.290361283337
1995-06-12,1172.340202079371
1995-06-13,1181.2514608062736
1995-06-14,1184.0103661909518
1995-06-15,1187.6173223251876
1995-06-16,1195.1526444279118
1995-06-19,1209.2117831115115
1995-06-20,1212.3159890214895
1995-06-21,1212.1067217681614
1995-06-22,1228.5239516466286
1995-06-23,1225.492693592923
1995-06-26,1213.9949070162218
1995-06-27,1205.5045042122538
1995-06-28,1208.399957234438
1995-06-29,1211.4464740237781
1995-06-30,1214.7938572166804
1995-07-03,1217.5789601713711
1995-07-05,1221.5544048899
1995-07-06,1235.2667443633636
1995-07-07,1244.9169709528328
1995-07-10,1247.9693002107242
1995-07-11,1242.203306446576
1995-07-12,1257.0396375797104
1995-07-13,1259.1452631186403
1995-07-14,1258.7427091363325
1995-07-17,1267.4487298989877
1995-07-18,1253.448123576522
1995-07-19,1227.2815588879978
1995-07-20,1232.6207634290427
1995-07-21,1236.3366693271819
1995-07-24,1249.0655351029654
1995-07-25,1261.3655077872675
1995-07-26,1265.272046144933
1995-07-27,1275.7015292354708
1995-07-28,1271.2072290580288
1995-07-31,1268.1536124648915
1995-08-01,1264.671451031717
1995-08-02,1255.8091210278908
1995-08-03,1252.0099609688693
1995-08-04,1256.6879198949634
1995-08-07,1259.8344337939182
1995-08-08,1262.1331151160034
1995-08-09,1264.194985175426
1995-08-10,1260.0183388754808
1995-08-11,1256.474095001424
1995-08-14,1269.1782331834418
1995-08-15,1267.9662682951657
1995-08-16,1273.853145791041
1995-08-17,1274.8267205767288
1995-08-18,1272.7135028331863
1995-08-21,1265.7332202711261
1995-08-22,1270.554152570382
1995-08-23,1268.849864353007
1995-08-24,1265.2083232645696
1995-08-25,1265.5762987048936
1995-08-28,1259.594737833019
1995-08-29,1258.5048176822327
1995-08-30,1264.6155439882148
1995-08-31,1270.0534393541905
1995-09-01,1271.7324310864572
1995-09-05,1286.7162126887474
1995-09-06,1292.8805023490122
1995-09-07,1294.3601597732973
1995-09-08,1297.6988753681392
1995-09-11,1303.3108354985784
1995-09-12,1306.9452380973803
1995-09-13,1313.8074289233512
1995-09-14,1317.6711720565404
1995-09-15,1312.9497203550982
1995-09-18,1317.7831325137506
1995-09-19,1322.969315574512
1995-09-20,1327.8921907650233
1995-09-21,1321.6570790363558
1995-09-22,1316.7476937489198
1995-09-25,1314.7911444313636
1995-09-26,1311.7502794089755
1995-09-27,1305.6683694676885
1995-09-28,1320.1358391848617
1995-09-29,1317.3277118156652
1995-10-02,1307.5685100516357
1995-10-03,1303.5018853875176
1995-10-04,1290.4533540531672
1995-10-05,1295.9034508811112
1995-10-06,1295.6859493186437
1995-10-09,1274.0869221836062
1995-10-10,1269.5213650238481
1995-10-11,1284.8408436040427
1995-10-12,1298.0021854524634
1995-10-13,1307.9652607642574
1995-10-16,1312.2338620212106
1995-10-17,1320.8253395381128
1995-10-18,1327.3255336935551
1995-10-19,1330.2557369925182
1995-10-20,1321.2983083183303
1995-10-23,1318.8308793369456
1995-10-24,1320.3798598032345
1995-10-25,1307.33597627054
1995-10-26,1297.901604114201
1995-10-27,1304.4162864918537
1995-10-30,1316.3022343717032
1995-10-31,1312.959709001819
1995-11-01,1318.5578408226463
1995-11-02,1334.5342490324301
1995-11-03,1340.5413066831763
1995-11-06,1335.868816941829
1995-11-07,1327.5508879424956
1995-11-08,1339.673108976207
1995-11-09,1347.2320660401256
1995-11-10,1348.2772590806533
1995-11-13,1346.0256873511792
1995-11-14,1334.5040573692324
1995-11-15,1339.2163332543234
1995-11-16,1347.2869973058837
1995-11-17,1349.5010027472952
1995-11-20,1339.9587523823577
1995-11-21,1339.0990192600066
1995-11-22,1337.0451922012458
1995-11-24,1342.5845633576896
1995-11-27,1344.2720081944756
1995-11-28,1357.735788268542
1995-11-29,1367.5806016822448
1995-11-30,1370.862173546171
1995-12-01,1369.6642853842432
1995-12-04,1380.7535286433856
1995-12-05,1384.5478970142462
1995-12-06,1386.1460773159881
1995-12-07,1378.5089918185936
1995-12-08,1383.6141356030917
1995-12-11,1384.6123636500415
1995-12-12,1380.4403061793369
1995-12-13,1389.6109762355713
1995-12-14,1374.4619163140576
1995-12-15,1368.8923384456773
1995-12-18,1341.0623796976886
1995-12-19,1359.8397285176893
1995-12-20,1349.5027013951344
1995-12-21,1354.6765361412215
1995-12-22,1359.9199482886504
1995-12-26,1368.4610893641961
1995-12-27,1369.819560306644
1995-12-28,1368.4308240538217
1995-12-29,1378.2684418925514
1996-01-02,1384.7979697541236
1996-01-03,1380.2386291752807
1996-01-04,1359.1785649453316
1996-01-05,1354.680302452679
1996-01-08,1364.3451805534
1996-01-09,1335.3487975573248
1996-01-10,1311.4462842688076
1996-01-11,1328.52407174032
1996-01-12,1329.6773264208382
1996-01-15,1318.239792362889
1996-01-16,1332.0336520159249
1996-01-17,1336.8283288523646
1996-01-18,1344.3786835062651
1996-01-19,1357.4248325644344
1996-01-22,1364.573152405009
1996-01-23,1365.0408131310407
1996-01-24,1384.7605644306263
1996-01-25,1378.082726806693
1996-01-26,1385.0359796159
1996-01-29,1388.945303269663
1996-01-30,1401.6613179633362
1996-01-31,1413.3004760722026
1996-02-01,1422.368552183621
1996-02-02,1420.5046349731397
1996-02-05,1432.8096618068132
1996-02-06,1444.1888041781524
1996-02-07,1450.3895516482742
1996-02-08,1464.8412090583006
1996-02-09,1466.2290746230165
1996-02-12,1472.0383696137542
1996-02-13,1468.9989487018743
1996-02-14,1463.5908066301542
1996-02-15,1457.1753633098072
1996-02-16,1452.0909729287785
1996-02-20,1438.804722439814
1996-02-21,1456.1430654016788
1996-02-22,1481.428140458295
1996-02-23,1482.6777592120734
1996-02-26,1467.6095622498467
1996-02-27,1460.3748692527813
1996-02-28,1458.7813005004703
1996-02-29,1447.4730553904935
1996-03-01,1449.8039475975247
1996-03-04,1465.0686518342623
1996-03-05,1474.0248485686996
1996-03-06,1465.0901603461919
1996-03-07,1469.7985857252668
1996-03-08,1424.4206833966246
1996-03-11,1441.5073467337488
1996-03-12,1431.6392431424194
1996-03-13,1434.6395217352008
1996-03-14,1437.1807470130561
1996-03-15,1440.5975454984607
1996-03-18,1458.9453466650084
1996-03-19,1456.7501037318395
1996-03-20,1457.4586889661966
1996-03-21,1455.5697648283608
1996-03-22,1462.6337500035786
1996-03-25,1457.453542839882
1996-03-26,1463.9633255099013
1996-03-27,1459.181942634951
1996-03-28,1452.8246494173643
1996-03-29,1454.8344705518116
1996-04-01,1469.9140445428854
1996-04-02,1473.1389581118901
1996-04-03,1477.5590823388961
1996-04-04,1475.3185810923462
1996-04-08,1445.0114596231394
1996-04-09,1442.2063965920752
1996-04-10,1420.9917626091617
1996-04-11,1412.9371641028263
1996-04-12,1424.2703828296574
1996-04-15,1435.7579793836835
1996-04-16,1440.9724326060339
1996-04-17,1433.280229357721
1996-04-18,1441.6266828609344
1996-04-19,1446.922320833916
1996-04-22,1460.2025511545796
1996-04-23,1467.3861490216207
1996-04-24,1463.3637983190463
1996-04-25,1471.7111676735055
1996-04-26,1473.5008744882853
1996-04-29,1474.927002090231
1996-04-30,1478.8793424483058
1996-05-01,1482.3698008656827
1996-05-02,1455.9167250537507
1996-05-03,1451.9777759150122
1996-05-06,1448.7401581465122
1996-05-07,1444.7577476525908
1996-05-08,1451.1632399762084
1996-05-09,1457.0806015091268
1996-05-10,1473.391484918706
1996-05-13,1493.1904609675325
1996-05-14,1505.9223758076366
1996-05-15,1507.7591607986642
1996-05-16,1510.9797253035356
1996-05-17,1519.2785913885562
1996-05-20,1528.348667930411
1996-05-21,1524.939593679789
1996-05-22,1537.4050876827282
1996-05-23,1533.44756809383
1996-05-24,1536.2801742346685
1996-05-28,1519.688448079564
1996-05-29,1511.9339674341159
1996-05-30,1524.4068560432029
1996-05-31,1527.261280782515
1996-06-03,1522.4652719008402
1996-06-04,1539.6006470917857
1996-06-05,1548.1212619996713
1996-06-06,1538.7660886555789
1996-06-07,1534.7707258705593
1996-06-10,1534.9909383974696
1996-06-11,1529.4672408576414
1996-06-12,1529.9327272647674
1996-06-13,1529.9526633825378
1996-06-14,1520.5119012807293
1996-06-17,1516.6427106679796
1996-06-18,1505.8947277380812
1996-06-19,1503.2559270879522
1996-06-20,1497.0415972060025
1996-06-21,1508.3266537252348
1996-06-24,1515.2328301927298
1996-06-25,1509.4070305746923
1996-06-26,1494.3323198568878
1996-06-27,1501.2543650405291
1996-06-28,1510.8561857036082
1996-07-01,1524.6547875428168
1996-07-02,1520.408054619903
1996-07-03,1515.0830741511454
1996-07-05,1492.4339438023776
1996-07-08,1477.7452168042169
1996-07-09,1483.8708740693537
1996-07-10,1479.061324891922
1996-07-11,1444.2024417528955
1996-07-12,1441.632929453662
1996-07-15,1397.8756840025267
1996-07-16,1388.4648408006992
1996-07-17,1412.7458773211013
1996-07-18,1441.5810620215325
1996-07-19,1431.4991873997974
1996-07-22,1418.3151390719067
1996-07-23,1399.1726121710224
1996-07-24,1394.489445083357
1996-07-25,1410.7155001574736
1996-07-26,1426.9946837863545
1996-07-29,1415.6095956626893
1996-07-30,1422.0010900729656
1996-07-31,1436.3926455947053
1996-08-01,1458.1468492713886
1996-08-02,1483.2004592900787
1996-08-05,1477.4297966120444
1996-08-06,1482.6179071235651
1996-08-07,1490.2703751892132
1996-08-08,1487.0788183025802
1996-08-09,1481.8245571204282
1996-08-12,1487.7337043115308
1996-08-13,1483.2263015682393
1996-08-14,1488.9628385565059
1996-08-15,1493.0467096966672
1996-08-16,1501.3999801648893
1996-08-19,1501.30965500422
1996-08-20,1498.6478501143863
1996-08-21,1494.7374640064443
1996-08-22,1507.9314883138843
1996-08-23,1505.853511679693
1996-08-26,1501.6705320665653
1996-08-27,1509.2984836659193
1996-08-28,1512.3522994900627
1996-08-29,1496.7775056194625
1996-08-30,1485.7452032572455
1996-09-03,1489.9541024191712
1996-09-04,1493.6727007489883
1996-09-05,1483.0126594265773
1996-09-06,1496.4253725853216
1996-09-09,1514.9708393705046
1996-09-10,1518.3089947049705
1996-09-11,1523.1156798892619
1996-09-12,1530.4676825716542
1996-09-13,1546.929743038367
1996-09-16,1552.084177335092
1996-09-17,1549.6666565444689
1996-09-18,1545.7218285486115
1996-09-19,1548.4890776539628
1996-09-20,1553.389629112968
1996-09-23,1553.795977034647
1996-09-24,1558.4264802108587
1996-09-25,1560.2046091774773
1996-09-26,1564.2505092554766
1996-09-27,1570.6353020300808
1996-09-30,1572.0990496144304
1996-10-01,1574.849547573961
1996-10-02,1581.8489215368927
1996-10-03,1582.887187412332
1996-10-04,1599.6414210116482
1996-10-07,1599.5041780494262
1996-10-08,1592.1169680352307
1996-10-09,1582.7569722369872
1996-10-10,1579.3076745301225
1996-10-11,1589.1720141249268
1996-10-14,1597.8154182208652
1996-10-15,1599.2552997811947
1996-10-16,1599.5488443308243
1996-10-17,1606.1174993001262
1996-10-18,1610.7407884236782
1996-10-21,1607.1363777073277
1996-10-22,1596.1706584056562
1996-10-23,1593.25168421226
1996-10-24,1588.1519190553497
1996-10-25,1583.5573778883158
1996-10-28,1569.6893130076326
1996-10-29,1573.0846486189932
1996-10-30,1573.6679648629445
1996-10-31,1583.1145301172128
1996-11-01,1575.8981064944887
1996-11-04,1581.004701804924
1996-11-05,1588.8213617883569
1996-11-06,1612.167705779883
1996-11-07,1622.933655776364
1996-11-08,1629.3279766599994
1996-11-11,1632.1682651130532
1996-11-12,1633.170098538898
1996-11-13,1635.34652235978
1996-11-14,1641.9715961465288
1996-11-15,1645.673906710991
1996-11-18,1637.424747998372
1996-11-19,1641.2445788101618
1996-11-20,1642.3339272221572
1996-11-21,1638.210111077464
1996-11-22,1640.7493448843416
1996-11-25,1656.232102770074
1996-11-26,1650.7335842823154
1996-11-27,1652.8276495339423
1996-11-29,1657.4061108699098
1996-12-02,1653.6582951714192
1996-12-03,1643.586459681115
1996-12-04,1636.6182232537958
1996-12-05,1633.2515122703392
1996-12-06,1625.7635775751792
1996-12-09,1645.3144927289925
1996-12-10,1646.7452023360652
1996-12-11,1628.156611296196
1996-12-12,1612.2010081447875
1996-12-13,1609.808501032222
1996-12-16,1605.856474422951
1996-12-17,1611.9558181870598
1996-12-18,1623.7683041382616
1996-12-19,1653.5765599647918
1996-12-20,1664.630336802125
1996-12-23,1655.1046660718569
1996-12-24,1661.7901364540144
1996-12-26,1670.041289627929
1996-12-27,1676.5695815737354
1996-12-30,1676.5785748093447
1996-12-31,1665.7312635376652
1997-01-02,1649.4294955532405
1997-01-03,1666.5223297332273
1997-01-06,1670.149719880107
1997-01-07,1680.874507395416
1997-01-08,1670.9758360421224
1997-01-09,1678.5513883403592
1997-01-10,1690.285130975378
1997-01-13,1693.4289423719367
1997-01-14,1714.702488368245
1997-01-15,1710.9122869143403
1997-01-16,1718.8117289629267
1997-01-17,1731.7260213004392
1997-01-20,1740.2150624840108
1997-01-21,1760.6465867935347
1997-01-22,1767.1041046674238
1997-01-23,1754.1968983932104
1997-01-24,1736.431793518529
1997-01-27,1725.9196879297072
1997-01-28,1725.1029279841496
1997-01-29,1737.840459465301
1997-01-30,1763.1465760878286
1997-01-31,1769.605243369378
1997-02-03,1774.314068766054
1997-02-04,1771.8480665818056
1997-02-05,1752.8393029221206
1997-02-06,1755.7399527518178
1997-02-07,1773.1029817858941
1997-02-10,1762.0530954278775
1997-02-11,1767.4251775540852
1997-02-12,1790.2040504867723
1997-02-13,1809.9885422494356
1997-02-14,1807.659058827507
1997-02-18,1830.601887116785
1997-02-19,1835.5964277550436
1997-02-20,1815.6960773547548
1997-02-21,1807.482581246582
1997-02-24,1821.6566642545076
1997-02-25,1817.5691837724135
1997-02-26,1805.186234601281
1997-02-27,1785.3450119596293
1997-02-28,1776.0170409251682
1997-03-03,1779.4003858727765
1997-03-04,1777.0662290432563
1997-03-05,1790.7848729194932
1997-03-06,1789.2539105252276
1997-03-07,1796.1150456110076
1997-03-10,1812.7520049768543
1997-03-11,1811.4809874627047
1997-03-12,1797.6144917402073
1997-03-13,1770.7651828037124
1997-03-14,1778.4759563578916
1997-03-17,1772.1350890910387
1997-03-18,1756.6085663765666
1997-03-19,1742.899632768624
1997-03-20,1737.3098096463805
1997-03-21,1730.8845943862834
1997-03-24,1737.5420643633558
1997-03-25,1745.370586724733
1997-03-26,1752.9953955448052
1997-03-27,1724.8734622703885
1997-03-31,1684.733723588497
1997-04-01,1690.55877035072
1997-04-02,1673.5527923507696
1997-04-03,1669.563244897817
1997-04-04,1690.220665080415
1997-04-07,1699.041492575959
1997-04-08,1705.950029485979
1997-04-09,1703.1712245691374
1997-04-10,1700.1936331962524
1997-04-11,1663.8124681714303
1997-04-14,1671.9560915509992
1997-04-15,1697.235459146042
1997-04-16,1724.1920392784932
1997-04-17,1718.8073736540166
1997-04-18,1723.827181955664
1997-04-21,1706.4890596763041
1997-04-22,1726.9588072147917
1997-04-23,1721.73314495901
1997-04-24,1719.78744835628
1997-04-25,1699.9094096553779
1997-04-28,1709.822379060557
1997-04-29,1747.298097500814
1997-04-30,1758.3645413519475
1997-05-01,1754.701288895654
1997-05-02,1784.6865269766258
1997-05-05,1822.1905205643395
1997-05-06,1813.790463706594
1997-05-07,1792.7215000466676
1997-05-08,1796.8039815933225
1997-05-09,1807.6767187711598
1997-05-12,1826.4949811728038
1997-05-13,1823.234372073638
1997-05-14,1826.2151383178148
1997-05-15,1834.4940132855254
1997-05-16,1813.6196387271616
1997-05-19,1823.519639009963
1997-05-20,1838.3101869751922
1997-05-21,1842.0846960782526
1997-05-22,1836.3574814791987
1997-05-23,1857.2953996145518
1997-05-27,1858.9817219231093
1997-05-28,1860.9746795317615
1997-05-29,1860.6335872660422
1997-05-30,1866.7640684109103
1997-06-02,1864.6240020216712
1997-06-03,1868.5254754957914
1997-06-04,1859.9274177568616
1997-06-05,1865.058423550601
1997-06-06,1887.80030180429
1997-06-09,1901.9735888453306
1997-06-10,1907.8694741353338
1997-06-11,1920.283027632995
1997-06-12,1952.2275233570601
1997-06-13,1976.9602626899814
1997-06-16,1976.9228595322973
1997-06-17,1974.4533429699682
1997-06-18,1970.4868602581
1997-06-19,1993.6779080809176
1997-06-20,1986.6111844470809
1997-06-23,1948.370133875195
1997-06-24,1974.176874164258
1997-06-25,1954.3920813443756
1997-06-26,1945.4682705250575
1997-06-27,1952.8101872012844
1997-06-30,1947.7957615124021
1997-07-01,1960.1713198803438
1997-07-02,1981.5208981200467
1997-07-03,2005.8439155055994
1997-07-07,2003.2252785722667
1997-07-08,2019.2762166775906
1997-07-09,2008.998703941646
1997-07-10,2022.5598430296448
1997-07-11,2028.7210324912644
1997-07-14,2035.295039153021
1997-07-15,2056.1912763587825
1997-07-16,2085.975626307626
1997-07-17,2077.4113320522556
1997-07-18,2055.407548917738
1997-07-21,2051.143106993522
1997-07-22,2091.7420597028035
1997-07-23,2095.511075687988
1997-07-24,2106.8664681379096
1997-07-25,2102.2840436401157
1997-07-28,2099.0398246870095
1997-07-29,2110.675990257707
1997-07-30,2134.672719200086
1997-07-31,2144.701662802485
1997-08-01,2134.1864152511434
1997-08-04,2135.5364182413773
1997-08-05,2142.167122356094
1997-08-06,2160.770293104689
1997-08-07,2144.774047991402
1997-08-08,2111.453686736882
1997-08-11,2111.2081163127077
1997-08-12,2085.9976544729084
1997-08-13,2080.139138407098
1997-08-14,2088.405958658548
1997-08-15,2045.331996069417
1997-08-18,2054.8445283880988
1997-08-19,2087.63772862289
1997-08-20,2117.3056603757113
1997-08-21,2092.579842333397
1997-08-22,2083.912279447633
1997-08-25,2079.3894957670973
1997-08-26,2066.664449246961
1997-08-27,2067.45664552653
1997-08-28,2047.503287592311
1997-08-29,2045.7873389369947
1997-09-02,2096.5758644869297
1997-09-03,2101.226194083523
1997-09-04,2102.1324758029664
1997-09-05,2104.5360131653633
1997-09-08,2104.9556605822395
1997-09-09,2101.8194343624823
1997-09-10,2075.2207301907297
1997-09-11,2052.350230250289
1997-09-12,2076.9890660173864
1997-09-15,2062.1188067479966
1997-09-16,2113.6293860832875
1997-09-17,2117.1190688393012
1997-09-18,2124.748836436022
1997-09-19,2135.1494499619093
1997-09-22,2145.8234034941024
1997-09-23,2141.115964685045
1997-09-24,2128.558402674041
1997-09-25,2114.6726340015825
1997-09-26,2127.62914064542
1997-09-29,2140.6243509439087
1997-09-30,2133.887183174163
1997-10-01,2141.4596967045823
1997-10-02,2156.242010528793
1997-10-03,2164.0765040327324
1997-10-06,2180.874219610154
1997-10-07,2195.8875128857662
1997-10-08,2181.0988311748197
1997-10-09,2179.369759919198
1997-10-10,2179.3550474619337
1997-10-13,2180.0228039535064
1997-10-14,2186.183358526096
1997-10-15,2183.9090853070875
1997-10-16,2165.387939419171
1997-10-17,2133.57770201849
1997-10-20,2155.006871868636
1997-10-21,2188.108073080318
1997-10-22,2178.8338821074817
1997-10-23,2133.792249138843
1997-10-24,2108.987744783183
1997-10-27,1966.9156402278372
1997-10-28,2046.4194605467842
1997-10-29,2041.7561766243816
1997-10-30,2008.9012899974982
1997-10-31,2030.9144708870983
1997-11-03,2080.9775391240028
1997-11-04,2093.6994416450907
1997-11-05,2101.719572622578
1997-11-06,2084.9331320507836
1997-11-07,2052.968090880666
1997-11-10,2041.7732519614049
1997-11-11,2037.2859831104777
1997-11-12,1989.4109478037353
1997-11-13,2003.047160865672
1997-11-14,2031.0300721317626
1997-11-17,2071.779675240304
1997-11-18,2052.462189338408
1997-11-19,2059.6377480710853
1997-11-20,2089.8847736866983
1997-11-21,2094.6852489560274
1997-11-24,2055.5975977117387
1997-11-25,2063.073460727698
1997-11-26,2070.343817683899
1997-11-28,2077.3745229716856
1997-12-01,2109.771824330149
1997-12-02,2101.31282898394
1997-12-03,2114.679218927104
1997-12-04,2116.118721033456
1997-12-05,2135.8071309588863
1997-12-08,2139.1097447537745
1997-12-09,2126.018309584849
1997-12-10,2115.276367925656
1997-12-11,2088.098444221094
1997-12-12,2086.4582766509443
1997-12-15,2098.1137571027425
1997-12-16,2109.4214990421183
1997-12-17,2110.0044266556242
1997-12-18,2086.479670814703
1997-12-19,2073.0148261713025
1997-12-22,2081.204658569693
1997-12-23,2062.4623292516226
1997-12-24,2053.580665473714
1997-12-26,2058.639898505311
1997-12-29,2085.6682095692026
1997-12-30,2126.662530160371
1997-12-31,2137.5968420273807
1998-01-02,2130.36313486001
1998-01-05,2143.1158460070187
1998-01-06,2130.631089911449
1998-01-07,2123.529860766687
1998-01-08,2111.2253410247877
1998-01-09,2052.9671672340046
1998-01-12,2067.4118355241403
1998-01-13,2091.2181524610796
1998-01-14,2097.151257043897
1998-01-15,2082.3331533351666
1998-01-16,2107.223725642799
1998-01-20,2134.259913933773
1998-01-21,2116.1339303803516
1998-01-22,2104.0282440266205
1998-01-23,2090.661887085007
1998-01-26,2085.16196532954
1998-01-27,2102.946763871427
1998-01-28,2117.5561424222283
1998-01-29,2130.5043937729565
1998-01-30,2128.136159472895
1998-02-02,2161.9869690397118
1998-02-03,2171.0982500769815
1998-02-04,2173.1853003702013
1998-02-05,2166.900596258565
1998-02-06,2185.476049593178
1998-02-09,2182.2131191862204
1998-02-10,2196.2768023915496
1998-02-11,2208.8199029034627
1998-02-12,2222.7550229049557
1998-02-13,2216.4605112087156
1998-02-17,2226.0536468072746
1998-02-18,2244.929014186348
1998-02-19,2237.155172580213
1998-02-20,2243.996508865763
1998-02-23,2251.727641021619
1998-02-24,2236.261603446108
1998-02-25,2257.300253213788
1998-02-26,2265.4614239603834
1998-02-27,2264.2810026505676
1998-03-02,2266.3228198717925
1998-03-03,2279.983110510851
1998-03-04,2273.4138679257394
1998-03-05,2255.797256370896
1998-03-06,2301.0589659850148
1998-03-09,2296.597043899361
1998-03-10,2321.1261023502652
1998-03-11,2331.705127259594
1998-03-12,2339.0080295305193
1998-03-13,2338.9110339229815
1998-03-16,2363.549510081868
1998-03-17,2372.9241878060084
1998-03-18,2381.21884506881
1998-03-19,2389.6764240720763
1998-03-20,2394.4920006854213
1998-03-23,2383.0091407769974
1998-03-24,2411.934781395551
1998-03-25,2406.6249250152655
1998-03-26,2406.0247215508084
1998-03-27,2397.617704055274
1998-03-30,2395.715704446385
1998-03-31,2414.560221454167
1998-04-01,2426.700784694733
1998-04-02,2440.3937418897704
1998-04-03,2449.3621429341492
1998-04-06,2453.0661602576115
1998-04-07,2431.369252616275
1998-04-08,2422.058921953512
1998-04-09,2446.4291721724226
1998-04-13,2446.1416618438266
1998-04-14,2465.307665168211
1998-04-15,2480.6051416666614
1998-04-16,2457.823606989778
1998-04-17,2482.066945688844
1998-04-20,2487.8795728021023
1998-04-21,2490.699381893667
1998-04-22,2502.3495642750217
1998-04-23,2469.597388170154
1998-04-24,2442.385499157284
1998-04-27,2384.9641851979145
1998-04-28,2391.706700159665
1998-04-29,2418.4856385862076
1998-04-30,2453.792716662915
1998-05-01,2466.88155972302
1998-05-04,2473.5676873160505
1998-05-05,2451.9979297070704
1998-05-06,2434.112109842282
1998-05-07,2413.1647306430978
1998-05-08,2440.672860142492
1998-05-11,2435.0114636807652
1998-05-12,2447.618131456992
1998-05-13,2460.2402828584677
1998-05-14,2463.525486646149
1998-05-15,2447.337421076801
1998-05-18,2433.683748475251
1998-05-19,2444.4781469056616
1998-05-20,2459.242450069033
1998-05-21,2462.19865219161
1998-05-22,2449.5205355015696
1998-05-26,2417.047353859684
1998-05-27,2404.7914419056888
1998-05-28,2423.7768096838636
1998-05-29,2420.1039683937174
1998-06-01,2411.6187121713324
1998-06-02,2422.2185218747113
1998-06-03,2411.870331472529
1998-06-04,2434.510260460718
1998-06-05,2467.889999380338
1998-06-08,2477.1594385716703
1998-06-09,2489.2627696751733
1998-06-10,2477.8625644811223
1998-06-11,2443.624173042815
1998-06-12,2439.348542345036
1998-06-15,2395.2440604095846
1998-06-16,2421.30987714988
1998-06-17,2463.64174606932
1998-06-18,2455.959089911181
1998-06-19,2447.3643789338507
1998-06-22,2459.0635735765686
1998-06-23,2503.13908559175
1998-06-24,2536.250546408432
1998-06-25,2532.3266712777117
1998-06-26,2536.4683982534507
1998-06-29,2552.5934634405776
1998-06-30,2552.340987709706
1998-07-01,2569.5834691712944
1998-07-02,2565.2837582173834
1998-07-06,2585.653014338018
1998-07-07,2584.0045128577926
1998-07-08,2604.308873817791
1998-07-09,2595.699789832651
1998-07-10,2607.0181035683163
1998-07-13,2621.997668636007
1998-07-14,2639.162498761141
1998-07-15,2636.918469600537
1998-07-16,2652.6822835847406
1998-07-17,2656.684914925966
1998-07-20,2655.5508959057
1998-07-21,2617.891583601853
1998-07-22,2598.0446801869753
1998-07-23,2546.971446952162
1998-07-24,2546.8572928382837
1998-07-27,2544.527560904815
1998-07-28,2498.651610457069
1998-07-29,2487.0931840771136
1998-07-30,2524.7245627247266
1998-07-31,2477.8680874157885
1998-08-03,2459.494898567641
1998-08-04,2370.5000402294095
1998-08-05,2367.960500915354
1998-08-06,2393.914292280024
1998-08-07,2410.8306583522253
1998-08-10,2402.780015753903
1998-08-11,2352.832759124182
1998-08-12,2395.1827638984732
1998-08-13,2374.0238466588594
1998-08-14,2354.988009746534
1998-08-17,2385.2061109144884
1998-08-18,2419.2603365124123
1998-08-19,2407.1452009692475
1998-08-20,2393.4167041025307
1998-08-21,2357.707136134019
1998-08-24,2367.11803608459
1998-08-25,2379.6742390481104
1998-08-26,2344.426237499506
1998-08-27,2252.9789977848545
1998-08-28,2218.4413424185987
1998-08-31,2072.582980762857
1998-09-01,2134.8117819348304
1998-09-02,2148.7277354503667
1998-09-03,2114.0195458197463
1998-09-04,2091.207807610155
1998-09-08,2205.44203527631
1998-09-09,2161.2477739858077
1998-09-10,2099.706193040321
1998-09-11,2150.169658238197
1998-09-14,2192.58706074817
1998-09-15,2205.0904203675295
1998-09-16,2230.358285682641
1998-09-17,2182.1059470663827
1998-09-18,2189.1723194033716
1998-09-21,2186.1823468023563
1998-09-22,2200.639311652685
1998-09-23,2279.30652855785
1998-09-24,2224.9336956989646
1998-09-25,2223.3670171276895
1998-09-28,2226.9258365688797
1998-09-29,2217.1037645838737
1998-09-30,2156.358669910285
1998-10-01,2071.4592090913416
1998-10-02,2105.3825799624206
1998-10-05,2067.0151464067367
1998-10-06,2063.4413634374127
1998-10-07,2039.666035106938
1998-10-08,1996.7281837279986
1998-10-09,2037.5192482599455
1998-10-12,2071.296279609581
1998-10-13,2060.640879737599
1998-10-14,2087.7884437430857
1998-10-15,2170.649203451904
1998-10-16,2189.1987658883295
1998-10-19,2206.440802644984
1998-10-20,2210.808705653666
1998-10-21,2233.7345067847314
1998-10-22,2261.577792524392
1998-10-23,2249.338988355393
1998-10-26,2257.007086755225
1998-10-27,2245.1977011646873
1998-10-28,2245.6028590380292
1998-10-29,2278.41884552248
1998-10-30,2304.8135811067664
1998-11-02,2344.6228087337167
1998-11-03,2344.590001125798
1998-11-04,2354.9589996441027
1998-11-05,2381.629163436424
1998-11-06,2397.9436823436213
1998-11-09,2381.7146137331238
1998-11-10,2393.077070165245
1998-11-11,2380.335529602793
1998-11-12,2370.2700686348094
1998-11-13,2383.257774159278
1998-11-16,2401.332623692296
1998-11-17,2405.7614917004616
1998-11-18,2423.919582326538
1998-11-19,2444.8075640528887
1998-11-20,2455.833355240861
1998-11-23,2503.938038452157
1998-11-24,2494.5871793817905
1998-11-25,2500.326005333009
1998-11-27,2510.5528883084376
1998-11-30,2459.2413025390865
1998-12-01,2491.860327877321
1998-12-02,2483.361701055043
1998-12-03,2448.185833809512
1998-12-04,2493.9634375413657
1998-12-07,2515.412894045459
1998-12-08,2501.6765084298413
1998-12-09,2508.2847762005085
1998-12-10,2472.646510024223
1998-12-11,2472.140853990336
1998-12-14,2417.4053490360316
1998-12-15,2470.4362493213753
1998-12-16,2462.237071222178
1998-12-17,2489.3868559978264
1998-12-18,2503.506441727192
1998-12-21,2537.136917525312
1998-12-22,2548.3819260986324
1998-12-23,2603.717644478714
1998-12-24,2606.328631218417
1998-12-28,2612.475344666194
1998-12-29,2643.2680574058377
1998-12-30,2629.44504553163
1998-12-31,2646.726582780422
1999-01-04,2633.480458723579
1999-01-05,2656.520704478903
1999-01-06,2703.3358838435456
1999-01-07,2689.5257443024525
1999-01-08,2705.391629216153
1999-01-11,2701.86899819744
1999-01-12,2658.0303974350336
1999-01-13,2645.686586044768
1999-01-14,2604.416412098579
1999-01-15,2667.8839760910514
1999-01-19,2698.568090025183
1999-01-20,2694.235514001388
1999-01-21,2639.7621161408365
1999-01-22,2625.677646464065
1999-01-25,2641.7503383810745
1999-01-26,2683.952607435131
1999-01-27,2678.642607982506
1999-01-28,2729.7280268483464
1999-01-29,2743.9674112045223
1999-02-01,2734.9063774437673
1999-02-02,2708.0755790979456
1999-02-03,2742.6182048907917
1999-02-04,2689.731311066181
1999-02-05,2651.68124623011
1999-02-08,2658.1725500970033
1999-02-09,2593.776531839838
1999-02-10,2588.9821702689806
1999-02-11,2651.972265058232
1999-02-12,2600.343112005988
1999-02-16,2610.410852701142
1999-02-17,2563.1281262343027
1999-02-18,2586.7658115594827
1999-02-19,2600.660003180342
1999-02-22,2660.8145505857387
1999-02-23,2662.7343376265912
1999-02-24,2640.836714696342
1999-02-25,2618.7895297391633
1999-02-26,2596.4430089662083
1999-03-01,2597.8283439109014
1999-03-02,2584.5603522673478
1999-03-03,2593.524802553021
1999-03-04,2643.819629606018
1999-03-05,2698.5391449658323
1999-03-08,2721.1071789241983
1999-03-09,2732.563080918407
1999-03-10,2735.267163325068
1999-03-11,2749.2804394734753
1999-03-12,2741.046526893857
1999-03-15,2784.9578468590203
1999-03-16,2789.194132709224
1999-03-17,2773.636666489115
1999-03-18,2813.113977356588
1999-03-19,2770.037085245876
1999-03-22,2749.5839971645123
1999-03-23,2668.753951906828
1999-03-24,2694.219010702912
1999-03-25,2746.767133894247
1999-03-26,2728.4236508599274
1999-03-29,2801.7125353029287
1999-03-30,2773.2245241480746
1999-03-31,2751.728569012104
1999-04-01,2763.4560248040593
1999-04-05,2836.3506909966177
1999-04-06,2855.2471728804653
1999-04-07,2878.307695889735
1999-04-08,2908.1428836883006
1999-04-09,2928.6734000192932
1999-04-12,2967.7741191933933
1999-04-13,2982.0911150788056
1999-04-14,2901.7992845533386
1999-04-15,2868.544298758275
1999-04-16,2839.8276312135454
1999-04-19,2749.567343878489
1999-04-20,2815.1372583780976
1999-04-21,2910.1014338666846
1999-04-22,2946.746584945943
1999-04-23,2951.4770143232495
1999-04-26,2983.732987068753
1999-04-27,2955.0158292623696
1999-04-28,2908.6461237858302
1999-04-29,2879.2283535167544
1999-04-30,2879.3070170089018
1999-05-03,2897.3549850114223
1999-05-04,2845.3221006245903
1999-05-05,2876.3765161414844
1999-05-06,2850.010430233117
1999-05-07,2885.5457948116837
1999-05-10,2890.2351944537745
1999-05-11,2927.679596321396
1999-05-12,2967.6928787005877
1999-05-13,2947.1887897866113
1999-05-14,2872.7362900066264
1999-05-17,2880.1587019112226
1999-05-18,2870.003196673038
1999-05-19,2893.047995813904
1999-05-20,2878.285591399692
1999-05-21,2852.64290420852
1999-05-24,2789.9671112789797
1999-05-25,2728.348864213423
1999-05-26,2770.1578735611333
1999-05-27,2746.3649223201837
1999-05-28,2794.794470738773
1999-06-01,2760.7217183931784
1999-06-02,2768.6705287416994
1999-06-03,2758.029495364522
1999-06-04,2821.7590779047728
1999-06-07,2859.400967392289
1999-06-08,2811.6109104578454
1999-06-09,2835.3044706934384
1999-06-10,2785.7638288848534
1999-06-11,2759.7332418455485
1999-06-14,2707.2569035422857
1999-06-15,2721.177072033013
1999-06-16,2797.2802735092914
1999-06-17,2825.976534878816
1999-06-18,2845.5397897761254
1999-06-21,2860.4888014481135
1999-06-22,2823.3738796276216
1999-06-23,2819.585434743791
1999-06-24,2783.8926770984835
1999-06-25,2781.013698225883
1999-06-28,2822.492194756878
1999-06-29,2867.1988475948656
1999-06-30,2901.4854918529895
1999-07-01,2920.520701032188
1999-07-02,2936.43179095323
1999-07-06,2927.894912544934
1999-07-07,2942.3961589390383
1999-07-08,2951.160613624595
1999-07-09,2971.6705443876963
1999-07-12,2960.1056641675927
1999-07-13,2947.218887292136
1999-07-14,2966.198265431261
1999-07-15,2991.041451034154
1999-07-16,3002.382184462276
1999-07-19,2973.494179114666
1999-07-20,2912.5337683503913
1999-07-21,2925.355390831068
1999-07-22,2884.999176229544
1999-07-23,2875.184785430613
1999-07-26,2831.14667901108
1999-07-27,2870.586397361701
1999-07-28,2879.278693643527
1999-07-29,2824.6280935416394
1999-07-30,2807.996918211657
1999-08-02,2804.2941597574218
1999-08-03,2784.9999700831495
1999-08-04,2758.0759498534912
1999-08-05,2773.2406581241903
1999-08-06,2759.684829519602
1999-08-09,2729.706201136845
1999-08-10,2688.638258598747
1999-08-11,2744.3459773974237
1999-08-12,2739.254093956995
1999-08-13,2803.509392407915
1999-08-16,2829.58487897301
1999-08-17,2861.333189862174
1999-08-18,2823.582059081727
1999-08-19,2801.6377672590143
1999-08-20,2826.5450979836814
1999-08-23,2880.07186546422
1999-08-24,2875.311908796159
1999-08-25,2906.4363149521096
1999-08-26,2875.2352326385558
1999-08-27,2845.4110689273857
1999-08-30,2794.207797845648
1999-08-31,2793.054943310054
1999-09-01,2821.483024783369
1999-09-02,2809.8737487267704
1999-09-03,2882.6837038345357
1999-09-07,2874.272528939627
1999-09-08,2858.1030242587576
1999-09-09,2872.0353867958456
1999-09-10,2878.6649742529203
1999-09-13,2856.580017120118
1999-09-14,2840.788961667883
1999-09-15,2818.4471316427043
1999-09-16,2805.7580625068294
1999-09-17,2838.372562286617
1999-09-20,2836.9126578399982
1999-09-21,2781.0421539454996
1999-09-22,2792.454921290921
1999-09-23,2715.613297084226
1999-09-24,2694.5442758813224
1999-09-27,2723.2433590112078
1999-09-28,2708.335650954907
1999-09-29,2707.113047605727
1999-09-30,2725.2569101608933
1999-10-01,2699.011568530926
1999-10-04,2737.8908631615886
1999-10-05,2752.6969929318757
1999-10-06,2792.881951930938
1999-10-07,2794.61302866485
1999-10-08,2813.7264703380392
1999-10-11,2822.198836283554
1999-10-12,2773.3496742600264
1999-10-13,2712.123793826369
1999-10-14,2721.8773529892387
1999-10-15,2651.3913229258787
1999-10-18,2631.205746202023
1999-10-19,2632.7140136294906
1999-10-20,2681.5242610086802
1999-10-21,2674.290928410923
1999-10-22,2725.296162444184
1999-10-25,2720.0699989151767
1999-10-26,2695.007304804709
1999-10-27,2718.2071896104967
1999-10-28,2818.229776445303
1999-10-29,2864.6426479452116
1999-11-01,2856.812436750067
1999-11-02,2856.3791194894065
1999-11-03,2871.685772410344
1999-11-04,2891.781279386239
1999-11-05,2920.431977950869
1999-11-08,2930.387708034796
1999-11-09,2911.5943796377746
1999-11-10,2924.8164742967206
1999-11-11,2951.1603169338146
1999-11-12,2993.3033004660247
1999-11-15,3003.1741795107623
1999-11-16,3059.2349311344133
1999-11-17,3033.7345217823067
1999-11-18,3080.7262201906383
1999-11-19,3073.193208830376
1999-11-22,3050.7159521666053
1999-11-23,3010.7624950871977
1999-11-24,3034.2616632015743
1999-11-26,3030.539929914808
1999-11-29,3010.4809808037944
1999-11-30,2970.1217659560803
1999-12-01,2999.7855791822844
1999-12-02,3028.603041072072
1999-12-03,3089.123270035928
1999-12-06,3088.156657039978
1999-12-07,3082.5683914850165
1999-12-08,3085.5160316953143
1999-12-09,3096.816919472243
1999-12-10,3113.8264054855476
1999-12-13,3127.3619608121853
1999-12-14,3111.7139384828893
1999-12-15,3120.273856388347
1999-12-16,3153.2892616822787
1999-12-17,3164.4139579704024
1999-12-20,3165.6695977362942
1999-12-21,3216.951747012796
1999-12-22,3222.736602406765
1999-12-23,3270.2477489743296
1999-12-27,3267.557964713123
1999-12-28,3290.2124468576703
1999-12-29,3317.676798348203
1999-12-30,3308.6226187263705
1999-12-31,3344.2877718565305
