date,equity
1950-01-03,1.00003598
1950-01-04,1.0000719612945606
1950-01-05,1.0034452665245048
1950-01-06,1.0032927518401404
1950-01-07,1.0078581634777763
1950-01-09,1.0098283376851724
1950-01-10,1.007028462929904
1950-01-11,1.0115695270463323
1950-01-12,0.9959775331612517
1950-01-13,0.9890730642651578
1950-01-14,0.9928546308527213
1950-01-16,0.9912979582451923
1950-01-17,0.9986194709757192
1950-01-18,1.0015471166445609
1950-01-19,1.004862243046555
1950-01-20,1.0086529260440131
1950-01-21,1.0090063429497103
1950-01-23,1.009159028366796
1950-01-24,1.0079014650199776
1950-01-25,1.001767875987325
1950-01-26,1.0041665971501703
1950-01-27,1.0083799723507796
1950-01-28,1.0087585448015872
1950-01-30,1.0126434199674645
1950-01-31,1.0161891857446066
1950-02-01,1.0181694064103597
1950-02-02,1.0234170642334586
1950-02-03,1.0290926014011996
1950-02-04,1.0308985870219192
1950-02-06,1.0280081086593456
1950-02-07,1.0246071804601027
1950-02-08,1.027251347934487
1950-02-09,1.0295098474463167
1950-02-10,1.0291216336164828
1950-02-11,1.0271728205534318
1950-02-14,1.0249673278607174
1950-02-15,1.0245314443085982
1950-02-16,1.0241692925475587
1950-02-17,1.0267015160238044
1950-02-18,1.0308645421503073
1950-02-20,1.0332440365226243
1950-02-21,1.0329021658950497
1950-02-23,1.0322635506630693
1950-02-24,1.0375228568962818
1950-02-25,1.0365391977205083
1950-02-27,1.037967957906848
1950-02-28,1.0372595761050807
1950-03-01,1.0392496433720426
1950-03-02,1.0397382991459183
1950-03-03,1.0432704019311692
1950-03-04,1.0458528860766871
1950-03-06,1.0449588499987943
1950-03-07,1.0386397838895236
1950-03-08,1.036804715998046
1950-03-09,1.0343793778488963
1950-03-10,1.0316444027242986
1950-03-11,1.0336823208806412
1950-03-13,1.032349263673532
1950-03-14,1.0354920548112927
1950-03-15,1.0458885230978803
1950-03-16,1.0484564769623175
1950-03-17,1.0491562106819396
1950-03-18,1.0489003579518867
1950-03-20,1.0478855713532407
1950-03-21,1.047175516985911
1950-03-22,1.0498621971730155
1950-03-23,1.0485603345710501
1950-03-24,1.0457606786909386
1950-03-25,1.0477363423982662
1950-03-27,1.0419532827510904
1950-03-28,1.0423875021444082
1950-03-29,1.0377453743646474
1950-03-30,1.028189024981849
1950-03-31,1.0297179152752776
1950-04-01,1.0309990396669926
1950-04-03,1.03394379556646
1950-04-04,1.0311794886696748
1950-04-05,1.035147462072917
1950-04-06,1.0426498698749227
1950-04-08,1.0440331923214874
1950-04-10,1.0441336312209522
1950-04-11,1.0383585335858452
1950-04-12,1.0462730020278936
1950-04-13,1.0507344737562825
1950-04-14,1.0532701312138033
1950-04-15,1.0497191989597219
1950-04-17,1.0521734797024043
1950-04-18,1.056673462126288
1950-04-19,1.0592810190018005
1950-04-20,1.0555600633508035
1950-04-21,1.0572514620817133
1950-04-22,1.0564643579662274
1950-04-24,1.0480562152392803
1950-04-25,1.0500733895815337
1950-04-26,1.0477106456299694
1950-04-27,1.0544195889951349
1950-04-28,1.0629752051556067
1950-04-29,1.0703278680588149
1950-05-01,1.0745725165296252
1950-05-02,1.0684457219154346
1950-05-03,1.0758604187108514
1950-05-04,1.0670352461189025
1950-05-05,1.0714930152029196
1950-05-06,1.0754444324710921
1950-05-08,1.0718820221292025
1950-05-09,1.0729843269979096
1950-05-10,1.0703839919428435
1950-05-11,1.0694935248397295
1950-05-12,1.0653813138541044
1950-05-13,1.0683729200661016
1950-05-15,1.07384445890854
1950-05-16,1.081673019371659
1950-05-17,1.0842938778122049
1950-05-18,1.0877100515468163
1950-05-19,1.092362811870975
1950-05-20,1.0941119357668143
1950-05-22,1.0895071952084028
1950-05-23,1.0946504519169857
1950-05-24,1.0951732947667343
1950-05-25,1.0929759772482102
1950-05-26,1.0940527993455833
1950-05-27,1.0929450140697756
1950-05-29,1.0953018208705894
1950-05-31,1.0995086812751367
1950-06-01,1.098498629697476
1950-06-02,1.0977721813373376
1950-06-05,1.0875304895869418
1950-06-06,1.1070590575872021
1950-06-07,1.1097392119543215
1950-06-08,1.1153239860369555
1950-06-09,1.1228560547249675
1950-06-12,1.1303420248802019
1950-06-13,1.1254726529783272
1950-06-14,1.112645600711237
1950-06-15,1.1117505579631959
1950-06-16,1.1111913340156656
1950-06-19,1.1071154780052688
1950-06-20,1.1013407004765017
1950-06-21,1.108588745978695
1950-06-22,1.1173027466673313
1950-06-23,1.1174839493024447
1950-06-26,1.0597416857110948
1950-06-27,1.0461190986529636
1950-06-28,1.0596727171065408
1950-06-29,1.0224160045829185
1950-06-30,1.0372132738201971
1950-07-03,1.0325786474764165
1950-07-05,1.0370580367532423
1950-07-06,1.043923255873186
1950-07-07,1.02655002196214
1950-07-10,1.017513855078279
1950-07-11,0.9950137129796081
1950-07-12,0.966061398684597
1950-07-13,0.9569951486355122
1950-07-14,0.9708521068698586
1950-07-17,0.9614294660936125
1950-07-18,0.9884101741364623
1950-07-19,1.0019407869459442
1950-07-20,1.015547967082079
1950-07-21,1.0121010828919588
1950-07-24,1.0010751254074524
1950-07-25,0.9811856396888505
1950-07-26,0.9835759854660873
1950-07-27,0.9942235378237139
1950-07-28,1.0050763685161668
1950-07-31,1.011734903310179
1950-08-01,1.0205644116516908
1950-08-02,1.022905768340772
1950-08-03,1.0269437598474567
1950-08-04,1.0321574483674474
1950-08-07,1.0497015296959313
1950-08-08,1.05693941248775
1950-08-09,1.0633414795917109
1950-08-10,1.0633882778044168
1950-08-11,1.0537143531506805
1950-08-14,1.055905001213714
1950-08-15,1.057111764097857
1950-08-16,1.0600652092299427
1950-08-17,1.074943040350358
1950-08-18,1.0803809205164316
1950-08-21,1.0826257412434142
1950-08-22,1.0811021188527572
1950-08-23,1.0899716730778712
1950-08-24,1.0888196262323797
1950-08-25,1.0736128867060382
1950-08-28,1.0746093574337585
1950-08-29,1.077537298949702
1950-08-30,1.0749734190886573
1950-08-31,1.072779640514229
1950-09-01,1.0798538036442333
1950-09-05,1.0852554336625366
1950-09-06,1.0788536705795828
1950-09-07,1.08055156719884
1950-09-08,1.0879455359421573
1950-09-11,1.0797539582029592
1950-09-12,1.0909709600588948
1950-09-13,1.1024702088565652
1950-09-14,1.1070087107773516
1950-09-15,1.112086236651024
1950-09-18,1.116261243646054
1950-09-19,1.1114612093777971
1950-09-20,1.1014188611196174
1950-09-21,1.1100387846361752
1950-09-22,1.1168690196247755
1950-09-25,1.113122403970079
1950-09-26,1.100777407707418
1950-09-27,1.1170075469592966
1950-09-28,1.1190712931103155
1950-09-29,1.1208668961898005
1950-10-02,1.1335349007221722
1950-10-03,1.1331440485797861
1950-10-04,1.1564502747663366
1950-10-05,1.1521356132533556
1950-10-06,1.162836190169626
1950-10-07,1.1647940646074577
1950-10-09,1.1526471852101314
1950-10-10,1.1417808667826812
1950-10-11,1.1479795825603156
1950-10-13,1.1483186703625627
1950-10-14,1.139218744657802
1950-10-16,1.1375657815233653
1950-10-17,1.1497888257264186
1950-10-18,1.15931313996964
1950-10-19,1.158426634578001
1950-10-20,1.1547097261280905
1950-10-21,1.1597305998143206
1950-10-23,1.1582174536161416
1950-10-24,1.1617609764275394
1950-10-25,1.1580583989570283
1950-10-26,1.1278642209520244
1950-10-27,1.136831316214376
1950-10-28,1.1393091854202957
1950-10-30,1.125070115967837
1950-10-31,1.1170201101866513
1950-11-01,1.1201260854208974
1950-11-02,1.1327452058150385
1950-11-03,1.1360803373257566
1950-11-04,1.1319409993993332
1950-11-06,1.1059034505717305
1950-11-08,1.1263909394793452
1950-11-09,1.1444622179359003
1950-11-10,1.1525558207799285
1950-11-13,1.1585454131217712
1950-11-14,1.1625940964473753
1950-11-15,1.160034162520106
1950-11-16,1.1547407291165608
1950-11-17,1.1664417643138207
1950-11-18,1.1734032527527676
1950-11-20,1.1714916501248955
1950-11-21,1.1679411403104103
1950-11-22,1.185349841224513
1950-11-24,1.1964397584183177
1950-11-25,1.1951374551251959
1950-11-27,1.1875031508333023
1950-11-28,1.1483151844889836
1950-11-29,1.1404503325987514
1950-11-30,1.1512883886139458
1950-12-01,1.1611269019789598
1950-12-02,1.1534448818483847
1950-12-04,1.1173632730020884
1950-12-05,1.1380330463626505
1950-12-06,1.1492397592886492
1950-12-07,1.1466817426014593
1950-12-08,1.145901921448323
1950-12-09,1.1505275266720647
1950-12-11,1.1651475786989642
1950-12-12,1.1637111082225045
1950-12-13,1.1619625254393635
1950-12-14,1.147369623304798
1950-12-15,1.1414442239971778
1950-12-16,1.165477642861816
1950-12-18,1.1798718424741739
1950-12-19,1.189292161728538
1950-12-20,1.1913520963819972
1950-12-21,1.187851245919689
1950-12-22,1.196061153166818
1950-12-26,1.1871217675016237
1950-12-27,1.213686814980004
1950-12-28,1.218210098412756
1950-12-29,1.2173622248005813
1950-12-30,1.2183495478029807
1951-01-02,1.2403785797158682
1951-01-03,1.2322330351701207
1951-01-04,1.2412855421420486
1951-01-05,1.239703774661289
1951-01-06,1.2371290557955874
1951-01-08,1.2431739651159974
1951-01-09,1.2519949472821186
1951-01-10,1.2320440842622047
1951-01-11,1.2571768839971058
1951-01-12,1.2523950131351735
1951-01-13,1.2544840705710054
1951-01-15,1.2633301109033745
1951-01-16,1.274365482758009
1951-01-17,1.2846247996867475
1951-01-18,1.2788780322169977
1951-01-19,1.2763478060945346
1951-01-20,1.277708911081094
1951-01-22,1.261623809837532
1951-01-23,1.2642139679700437
1951-01-24,1.2604518812572298
1951-01-25,1.251231803818925
1951-01-26,1.2664585703452462
1951-01-27,1.2827206805672728
1951-01-29,1.2932973940887245
1951-01-30,1.2992367670542984
1951-01-31,1.2942491648730214
1951-02-01,1.3037767006750467
1951-02-02,1.3165817357963276
1951-02-03,1.321713887469075
1951-02-05,1.3276612971494632
1951-02-06,1.3230813592131117
1951-02-07,1.3185807581837676
1951-02-08,1.3269583457547374
1951-02-09,1.3346824737366096
1951-02-10,1.3363104213616948
1951-02-13,1.336798976298958
1951-02-14,1.3315217399452532
1951-02-15,1.327227797563228
1951-02-16,1.3336080571110247
1951-02-17,1.3345489056422246
1951-02-19,1.3130376239414947
1951-02-20,1.3096517284944844
1951-02-21,1.3167695691826995
1951-02-23,1.3170959499464545
1951-02-24,1.3183731329157244
1951-02-26,1.316063059653771
1951-02-27,1.3020690186424966
1951-02-28,1.3029827410166566
1951-03-01,1.3094300941356785
1951-03-02,1.3149930915800132
1951-03-03,1.3139036429923734
1951-03-05,1.3054171542545305
1951-03-06,1.3013665687428473
1951-03-07,1.3070254241724435
1951-03-08,1.3111453361809482
1951-03-09,1.3133790875571667
1951-03-10,1.3085972996989537
1951-03-12,1.2919454560710635
1951-03-13,1.2680552653751598
1951-03-14,1.2541801533239139
1951-03-15,1.2568274947069589
1951-03-16,1.2800630140026215
1951-03-17,1.2834243589084344
1951-03-19,1.273318793170702
1951-03-20,1.2722761760568653
1951-03-21,1.2819932749535004
1951-03-22,1.286192148882774
1951-03-24,1.2672963587909583
1951-03-26,1.2705191801266882
1951-03-27,1.270454205640138
1951-03-28,1.2525605410285805
1951-03-29,1.2578279272884534
1951-03-30,1.2680660965861104
1951-03-31,1.2644048038628293
1951-04-02,1.2577508995791762
1951-04-03,1.253196066857834
1951-04-04,1.2607058368289004
1951-04-05,1.2805158072270448
1951-04-06,1.2845588740515874
1951-04-07,1.2837816974671645
1951-04-09,1.2845567031117266
1951-04-10,1.2794820660961634
1951-04-11,1.2753234416387198
1951-04-12,1.291616620411187
1951-04-13,1.309082664967952
1951-04-14,1.3145863059278873
1951-04-16,1.3065493728385524
1951-04-17,1.3102428684930187
1951-04-18,1.3144675210141736
1951-04-19,1.3079023022232066
1951-04-20,1.3073531938685123
1951-04-21,1.3076927691334685
1951-04-23,1.3068249635362532
1951-04-24,1.2988076260876766
1951-04-25,1.3019245931695116
1951-04-26,1.3162276813396916
1951-04-27,1.3305020212141618
1951-04-28,1.3319664342031012
1951-04-30,1.3311161580495117
1951-05-01,1.334524754345881
1951-05-02,1.3394148070674967
1951-05-03,1.3525009174116105
1951-05-04,1.3489449557844564
1951-05-05,1.3444328675717423
1951-05-07,1.3393925721622333
1951-05-08,1.3430376957806383
1951-05-09,1.3487796554278533
1951-05-10,1.341666885478832
1951-05-11,1.3364738355473875
1951-05-12,1.3276525892892397
1951-05-14,1.3253252628567063
1951-05-15,1.3034974423383865
1951-05-16,1.2991534187797098
1951-05-17,1.3126599595303412
1951-05-18,1.2879287615957085
1951-05-19,1.2873972551825572
1951-05-21,1.2786416302032824
1951-05-22,1.2738665587537998
1951-05-23,1.2639860804835903
1951-05-24,1.2569532246857216
1951-05-25,1.2610552244601716
1951-05-26,1.2629997662160164
1951-05-28,1.2701230055217556
1951-05-29,1.28287419040176
1951-05-31,1.292138632406755
1951-06-01,1.2885122989286506
1951-06-04,1.2737765435161836
1951-06-05,1.2776911295119247
1951-06-06,1.2901112211387176
1951-06-07,1.3005240722553348
1951-06-08,1.300864786274
1951-06-11,1.3139821182121052
1951-06-12,1.3117680270121839
1951-06-13,1.3123364641247712
1951-06-14,1.3304832465249747
1951-06-15,1.3397749445346652
1951-06-18,1.3398892699486566
1951-06-19,1.3378443052947557
1951-06-20,1.3359667028911424
1951-06-21,1.3261087513434542
1951-06-22,1.3169349802071775
1951-06-25,1.2950404852067863
1951-06-26,1.3035305605311367
1951-06-27,1.3138648251780505
1951-06-28,1.2984580785429183
1951-06-29,1.2875153507975803
1951-07-02,1.2957589533244742
1951-07-03,1.3045406337157763
1951-07-05,1.3211024204725854
1951-07-06,1.32028187458835
1951-07-09,1.3214683966744323
1951-07-10,1.3186538575563846
1951-07-11,1.3252494094105702
1951-07-12,1.333565246863728
1951-07-13,1.3444227450992567
1951-07-16,1.3367950522678673
1951-07-17,1.343595426146439
1951-07-18,1.3447203566897097
1951-07-19,1.348798243752422
1951-07-20,1.3551260566672199
1951-07-23,1.3701398265565465
1951-07-24,1.387855082275703
1951-07-25,1.3849056272295213
1951-07-26,1.3919308695286658
1951-07-27,1.3996343212800566
1951-07-30,1.4212659565137358
1951-07-31,1.4161754816157681
1951-08-01,1.426318053534008
1951-08-02,1.4377068793391017
1951-08-03,1.4343466135151912
1951-08-06,1.4406324739629066
1951-08-07,1.4372445013405573
1951-08-08,1.435052740877898
1951-08-09,1.4319703189277233
1951-08-10,1.428459640864521
1951-08-13,1.4333904570081513
1951-08-14,1.4316575209863043
1951-08-15,1.4344337116514922
1951-08-16,1.436912963102306
1951-08-17,1.4398735682030972
1951-08-20,1.439151433241172
1951-08-21,1.4331326685847459
1951-08-22,1.4271713913504078
1951-08-23,1.430545713216188
1951-08-24,1.4311093996850022
1951-08-27,1.4308121424840532
1951-08-28,1.4272380499819437
1951-08-29,1.4357762343971714
1951-08-30,1.4421236952246481
1951-08-31,1.4435330825094108
1951-09-04,1.444492231894498
1951-09-05,1.4525186117787685
1951-09-06,1.4591477363688055
1951-09-07,1.4636013407511541
1951-09-10,1.4655097114825515
1951-09-11,1.460544809148099
1951-09-12,1.4700491779056215
1951-09-13,1.4713035937712247
1951-09-14,1.4709942823346565
1951-09-17,1.4631996652446115
1951-09-18,1.4638934157430366
1951-09-19,1.462122735374307
1951-09-20,1.457881769282872
1951-09-21,1.444085488276561
1951-09-24,1.4359769938074536
1951-09-25,1.4389181184193633
1951-09-26,1.4414344177568548
1951-09-27,1.4326036742102055
1951-09-28,1.4339375989784442
1951-10-01,1.4440863145726128
1951-10-02,1.451070147416084
1951-10-03,1.4585753064007334
1951-10-04,1.461090448460341
1951-10-05,1.4622545735882533
1951-10-06,1.463424259269051
1951-10-08,1.4630993575021287
1951-10-09,1.456493584766553
1951-10-10,1.453017591181126
1951-10-11,1.4568053777889836
1951-10-13,1.4594225296478027
1951-10-15,1.4610290713364478
1951-10-16,1.459049545331874
1951-10-17,1.457956158657147
1951-10-18,1.453887330245291
1951-10-19,1.4384833499142597
1951-10-20,1.4261684766931506
1951-10-22,1.4002153464338998
1951-10-23,1.4092700964825953
1951-10-24,1.42091676328095
1951-10-25,1.4125611530372246
1951-10-26,1.4034677959152875
1951-10-27,1.3868784404558199
1951-10-29,1.3962748370672766
1951-10-30,1.396050120796867
1951-10-31,1.4108652753173976
1951-11-01,1.422819416046474
1951-11-02,1.414237065091075
1951-11-03,1.4015255882975552
1951-11-05,1.4048975511702837
1951-11-07,1.393449914665339
1951-11-08,1.3959037753902037
1951-11-09,1.4072565256085958
1951-11-10,1.4120987660251598
1951-11-13,1.413092264855735
1951-11-14,1.4171427720145413
1951-11-15,1.4175308335164665
1951-11-16,1.415801622576962
1951-11-17,1.416799262691146
1951-11-19,1.4125995724385236
1951-11-20,1.4106790130078146
1951-11-21,1.4107620216862293
1951-11-23,1.393706290658313
1951-11-24,1.3863564749679915
1951-11-26,1.397711570837032
1951-11-27,1.4040125696046266
1951-11-28,1.4039604376583927
1951-11-29,1.4100718574110211
1951-11-30,1.4239433338211636
1951-12-01,1.4286366533344261
1951-12-03,1.4326827823481998
1951-12-04,1.4356826576235928
1951-12-05,1.43840760794361
1951-12-06,1.4475100377172068
1951-12-07,1.4510198413808655
1951-12-08,1.4528737136797607
1951-12-10,1.4550418451949825
1951-12-11,1.4504602541572076
1951-12-12,1.4540308478003465
1951-12-13,1.4582697333586299
1951-12-14,1.4608666108452593
1951-12-15,1.460905273865388
1951-12-17,1.463584304344847
1951-12-18,1.4632901328925183
1951-12-19,1.4662024805050728
1951-12-20,1.4691672311618786
1951-12-21,1.4652038340991742
1951-12-22,1.464871996455594
1951-12-24,1.464914340557267
1951-12-26,1.4596491748083753
1951-12-27,1.4682019688295116
1951-12-28,1.474924625937736
1951-12-29,1.4761972648523323
1951-12-31,1.4810165049857393
1952-01-02,1.4838336744933034
1952-01-03,1.4823771665090046
1952-01-04,1.4854043418738783
1952-01-05,1.4869256305784146
1952-01-07,1.4873362851066307
1952-01-08,1.4863669606154188
1952-01-09,1.4856259666974307
1952-01-10,1.4950243119506594
1952-01-11,1.504018433911406
1952-01-12,1.511222807581972
1952-01-14,1.5159388961581377
1952-01-15,1.5113799485934636
1952-01-16,1.5168055921571961
1952-01-17,1.5223011285327772
1952-01-18,1.522097517056106
1952-01-19,1.5257986820424847
1952-01-21,1.5291664543229544
1952-01-22,1.5368158497638609
1952-01-23,1.5337635724304703
1952-01-24,1.5372868115224427
1952-01-25,1.541055967609156
1952-01-26,1.5429887648973373
1952-01-28,1.5451586660817087
1952-01-29,1.5460749807841407
1952-01-30,1.5342302567161876
1952-01-31,1.5276178784480006
1952-02-01,1.5364155164348448
1952-02-02,1.5419068331533585
1952-02-04,1.5224776866205554
1952-02-05,1.5212196905852158
1952-02-06,1.5272988501284872
1952-02-07,1.5288333924333986
1952-02-08,1.5372021279305241
1952-02-09,1.5376663045541772
1952-02-11,1.5354251236195573
1952-02-13,1.5262184215922214
1952-02-14,1.5228940327789688
1952-02-15,1.5264493924256828
1952-02-16,1.525219817736316
1952-02-18,1.5164515640749823
1952-02-19,1.4931958778876975
1952-02-20,1.4769698605536061
1952-02-21,1.4829567243854445
1952-02-23,1.4929176499764234
1952-02-25,1.4910812555310617
1952-02-26,1.4818106776553526
1952-02-27,1.4849319831603363
1952-02-28,1.4954315728709227
1952-02-29,1.495575608590096
1952-03-01,1.4968663757971556
1952-03-03,1.5017190753718697
1952-03-04,1.5150719945470017
1952-03-05,1.5177193281935604
1952-03-06,1.5195231962413858
1952-03-07,1.522963860760147
1952-03-08,1.5303474560157273
1952-03-10,1.5261057095173391
1952-03-11,1.5329985947251534
1952-03-12,1.534935153301942
1952-03-13,1.5347036620748928
1952-03-14,1.5406817889055684
1952-03-15,1.5448949185218706
1952-03-17,1.548043817623934
1952-03-18,1.5433212500987057
1952-03-19,1.5388740677369208
1952-03-20,1.540676125271957
1952-03-21,1.543921247635702
1952-03-22,1.543565618904147
1952-03-24,1.5425232816413836
1952-03-25,1.5376090143590124
1952-03-26,1.536666345133457
1952-03-27,1.5446984598739761
1952-03-28,1.5498860382857829
1952-03-29,1.5528913638675224
1952-03-31,1.5546669091294893
1952-04-01,1.5470366961853081
1952-04-02,1.5474721832972573
1952-04-03,1.5520614149458478
1952-04-04,1.5449883996151677
1952-04-05,1.5432111340482924
1952-04-07,1.534454127414242
1952-04-08,1.5425259363606307
1952-04-09,1.541362390258864
1952-04-10,1.5475267861237505
1952-04-12,1.548610443965845
1952-04-14,1.5371736544738421
1952-04-15,1.526150109167807
1952-04-16,1.5227942977591562
1952-04-17,1.5117272218518891
1952-04-18,1.5156095622746333
1952-04-19,1.5160671476679206
1952-04-21,1.5257658733178103
1952-04-22,1.5214080880915652
1952-04-23,1.5155625832442565
1952-04-24,1.5105068754569375
1952-04-25,1.5155214899029563
1952-04-26,1.517256855004812
1952-04-28,1.5179597923390018
1952-04-29,1.5149971799146622
1952-04-30,1.5085569067657354
1952-05-01,1.5001681369774722
1952-05-02,1.5146362028355944
1952-05-03,1.5177662276383819
1952-05-05,1.5241813177939134
1952-05-06,1.5275394417424464
1952-05-07,1.5380973778049598
1952-05-08,1.5453244591144655
1952-05-09,1.546723577226633
1952-05-10,1.545900394503597
1952-05-12,1.5446496542260815
1952-05-13,1.5452643362068026
1952-05-14,1.5399696142631742
1952-05-15,1.5338407406832055
1952-05-16,1.535991448575256
1952-05-17,1.5349540833628497
1952-05-19,1.537404633263879
1952-05-20,1.5443972705323656
1952-05-21,1.5480684745558035
1952-05-22,1.5530170010209012
1952-05-23,1.553280115700344
1952-05-24,1.5536636902511105
1952-05-26,1.5580863798736428
1952-05-27,1.5536437102912128
1952-05-28,1.5520887111715969
1952-05-29,1.5523218328285278
1952-06-02,1.551391080454296
1952-06-03,1.5487596903168648
1952-06-04,1.5590170222109956
1952-06-05,1.565061967006346
1952-06-06,1.5717995625208652
1952-06-09,1.574191630370832
1952-06-10,1.5682946539093094
1952-06-11,1.5728690963941985
1952-06-12,1.5726725121963203
1952-06-13,1.5759395138063896
1952-06-16,1.5734202752083375
1952-06-17,1.575271809835916
1952-06-18,1.579189596080029
1952-06-19,1.5894498020489145
1952-06-20,1.5925059472101561
1952-06-23,1.5904177569808595
1952-06-24,1.5895485736156065
1952-06-25,1.593706708617334
1952-06-26,1.5957572979223404
1952-06-27,1.5992340335459403
1952-06-30,1.6020083058566565
1952-07-01,1.6069631837261131
1952-07-02,1.6042973751264074
1952-07-03,1.6074125685344685
1952-07-07,1.6034397231168454
1952-07-08,1.6026336824498477
1952-07-09,1.5997463316553087
1952-07-10,1.594826873315008
1952-07-11,1.6038602603149936
1952-07-14,1.6063136774517315
1952-07-15,1.6138715677196358
1952-07-16,1.613433140123029
1952-07-17,1.6078196723824376
1952-07-18,1.5990566710048424
1952-07-21,1.6015198124719685
1952-07-22,1.6018059713617327
1952-07-23,1.6086011058949965
1952-07-24,1.616661924202014
1952-07-25,1.6146843959952915
1952-07-28,1.6173029016738587
1952-07-29,1.6224856769056306
1952-07-30,1.6283902137131918
1952-07-31,1.6330610250177746
1952-08-01,1.634241935241972
1952-08-04,1.632775308130817
1952-08-05,1.6343628569313722
1952-08-06,1.6413042558810687
1952-08-07,1.6459447985558615
1952-08-08,1.6499113114161956
1952-08-11,1.654493211898952
1952-08-12,1.6460855639325462
1952-08-13,1.650650516997872
1952-08-14,1.6496001596560412
1952-08-15,1.6476734384157041
1952-08-18,1.6276262334433305
1952-08-19,1.6259557281521744
1952-08-20,1.629841545486541
1952-08-21,1.6324661395554703
1952-08-22,1.6339048418451554
1952-08-25,1.6311345622352658
1952-08-26,1.630551964293476
1952-08-27,1.6374305048069735
1952-08-28,1.6414682119162953
1952-08-29,1.644825939291048
1952-09-02,1.6491920924561887
1952-09-03,1.6552496103612682
1952-09-04,1.6559467116919049
1952-09-05,1.6541579359371363
1952-09-08,1.652088898664282
1952-09-09,1.6394144465049323
1952-09-10,1.6321379157564828
1952-09-11,1.6356127534393128
1952-09-12,1.6358350086497577
1952-09-15,1.6260033931172253
1952-09-16,1.6273430577627248
1952-09-17,1.6287143553392216
1952-09-18,1.6302144406918957
1952-09-19,1.6358275844712828
1952-09-22,1.63816200162517
1952-09-23,1.6453513007566356
1952-09-24,1.650159568928121
1952-09-25,1.6510282749543834
1952-09-26,1.649252333679914
1952-09-29,1.6489639862873324
1952-09-30,1.6401922790516237
1952-10-01,1.6390449038425723
1952-10-02,1.641538415588508
1952-10-03,1.6394833192308986
1952-10-06,1.636045824073989
1952-10-07,1.6373585282838345
1952-10-08,1.6466415968440293
1952-10-09,1.644244001229418
1952-10-10,1.6444041274651422
1952-10-14,1.6401095824311207
1952-10-15,1.6110172803114335
1952-10-16,1.6018870472059294
1952-10-17,1.6169546387056604
1952-10-20,1.613252460322461
1952-10-21,1.6100328618370323
1952-10-22,1.592818358454714
1952-10-23,1.5973202333818401
1952-10-24,1.6052722515101048
1952-10-27,1.6044634130409081
1952-10-28,1.6077417951416215
1952-10-29,1.6116961852302334
1952-10-30,1.6130362990149991
1952-10-31,1.6306583975790028
1952-11-03,1.635757545418079
1952-11-05,1.6474042778210747
1952-11-06,1.6510571695916985
1952-11-07,1.6599508911125869
1952-11-10,1.6638865629093509
1952-11-12,1.6669408670832384
1952-11-13,1.669005431223759
1952-11-14,1.6727619589373586
1952-11-17,1.6777786772116186
1952-11-18,1.6954064169156353
1952-11-19,1.700901414782131
1952-11-20,1.7011275519134326
1952-11-21,1.702568661188829
1952-11-24,1.7103982719185677
1952-11-25,1.7127338160743248
1952-11-26,1.7232147543227738
1952-11-28,1.7305721888548287
1952-12-01,1.7407019056484012
1952-12-02,1.743273030644506
1952-12-03,1.7437846261083791
1952-12-04,1.741037302407743
1952-12-05,1.741472590317824
1952-12-08,1.747914555436635
1952-12-09,1.7571756099307059
1952-12-10,1.7618804689088579
1952-12-11,1.762628811399509
1952-12-12,1.7651510103555164
1952-12-15,1.768074736139092
1952-12-16,1.7684465511121772
1952-12-17,1.7664078592737313
1952-12-18,1.7624460309378902
1952-12-19,1.7643481202748663
1952-12-22,1.7664660643557233
1952-12-23,1.7630495883024384
1952-12-24,1.7650988646730057
1952-12-26,1.7693918956274826
1952-12-29,1.7762665404401532
1952-12-30,1.7878905218610737
1952-12-31,1.791031434044073
1953-01-02,1.7906728338582447
1953-01-05,1.7942069610449665
1953-01-06,1.7852253565508067
1953-01-07,1.7854035562122452
1953-01-08,1.781559391483757
1953-01-09,1.7674661433469399
1953-01-12,1.7556259696365222
1953-01-13,1.7648262457565864
1953-01-14,1.7704258117962521
1953-01-15,1.7766905060661937
1953-01-16,1.769768313910779
1953-01-19,1.7692516241320175
1953-01-20,1.7809810205361583
1953-01-21,1.7782802494395207
1953-01-22,1.7793153704613962
1953-01-23,1.7757943471806386
1953-01-26,1.7707218561789058
1953-01-27,1.7729371155142584
1953-01-28,1.7753509907518317
1953-01-29,1.7794653935457734
1953-01-30,1.7838011109270977
1953-02-02,1.7881255832342862
1953-02-03,1.7912325992167724
1953-02-04,1.792606022402562
1953-02-05,1.781048937197058
1953-02-06,1.7689965441402513
1953-02-09,1.7641529966451965
1953-02-10,1.75979534609795
1953-02-11,1.7585325784649841
1953-02-13,1.7628787244778226
1953-02-16,1.7625752246754667
1953-02-17,1.7519158962287396
1953-02-18,1.7539533021672882
1953-02-19,1.757558774358144
1953-02-20,1.7595100411365991
1953-02-24,1.7671366753463924
1953-02-25,1.7765252290095321
1953-02-26,1.778204506949915
1953-02-27,1.7805414558530968
1953-03-02,1.7839477935148849
1953-03-03,1.7897933609485275
1953-03-04,1.7819102618468659
1953-03-05,1.782450207406779
1953-03-06,1.7865913982590529
1953-03-09,1.7886075743558798
1953-03-10,1.7918553514967845
1953-03-11,1.8042492881166379
1953-03-12,1.80614584167224
1953-03-13,1.810399620275608
1953-03-16,1.813609833702074
1953-03-17,1.8178771097048616
1953-03-18,1.8160019260051197
1953-03-19,1.8154567957854015
1953-03-20,1.814994488308458
1953-03-23,1.809098401869649
1953-03-24,1.8137623482292928
1953-03-25,1.8102279795123122
1953-03-26,1.7980871595162597
1953-03-27,1.7955001940926014
1953-03-30,1.7758967840740516
1953-03-31,1.7557229488185222
1953-04-01,1.751282723075039
1953-04-02,1.754646598871922
1953-04-06,1.7279450229896813
1953-04-07,1.729596683433607
1953-04-08,1.7426363149912545
1953-04-09,1.7392429685839486
1953-04-10,1.738106269974197
1953-04-13,1.7374162777928188
1953-04-14,1.739315195840451
1953-04-15,1.7469201863274182
1953-04-16,1.7437695840536074
1953-04-17,1.7337531963403203
1953-04-20,1.736263788145921
1953-04-21,1.735620608228406
1953-04-22,1.7275987408096074
1953-04-23,1.7139341117831413
1953-04-24,1.7151008690101577
1953-04-27,1.7171217801858136
1953-04-28,1.7212129443838535
1953-04-29,1.7282719324408857
1953-04-30,1.727395423449663
1953-05-01,1.7340646280701248
1953-05-04,1.7455390305375822
1953-05-05,1.745791672050171
1953-05-06,1.747191320037065
1953-05-07,1.741856638018297
1953-05-08,1.7477394534946369
1953-05-11,1.7484041418731417
1953-05-12,1.7433687013452963
1953-05-13,1.743150320562823
1953-05-14,1.7492209816779494
1953-05-15,1.7535143465974545
1953-05-18,1.7533265224593393
1953-05-19,1.7489504766605948
1953-05-20,1.7577973543000334
1953-05-21,1.7615287408497895
1953-05-22,1.7635958019976459
1953-05-25,1.7614717018381107
1953-05-26,1.7574853538660447
1953-05-27,1.747408991125129
1953-05-28,1.7377229659784088
1953-05-29,1.7378503097519808
1953-06-01,1.719646597277896
1953-06-02,1.721424307515539
1953-06-03,1.7208173880980133
1953-06-04,1.7082687664725567
1953-06-05,1.7114839970039017
1953-06-08,1.709059140025889
1953-06-09,1.6783280704729857
1953-06-10,1.6752672798513537
1953-06-11,1.6840116152889204
1953-06-12,1.6890899205764682
1953-06-15,1.6825189661556597
1953-06-16,1.675675051990167
1953-06-17,1.690166800320938
1953-06-18,1.6884923002098169
1953-06-19,1.689417639371843
1953-06-22,1.6922810301709936
1953-06-23,1.6987410129588343
1953-06-24,1.6996545035959565
1953-06-25,1.7126284212051783
1953-06-26,1.7149627861573586
1953-06-29,1.7153916957302735
1953-06-30,1.714443907236304
1953-07-01,1.7198591877717084
1953-07-02,1.725432210742059
1953-07-03,1.7289229475237107
1953-07-06,1.732419796740261
1953-07-07,1.7375253115954015
1953-07-08,1.740396642456532
1953-07-09,1.7383961157707777
1953-07-10,1.7374901189062621
1953-07-13,1.7242393685486677
1953-07-14,1.7239747537919574
1953-07-15,1.72654900941472
1953-07-16,1.7297085781047645
1953-07-17,1.7357447122324046
1953-07-20,1.7314697511508188
1953-07-21,1.7284191785756275
1953-07-22,1.730054242617572
1953-07-23,1.7329291180362805
1953-07-24,1.733239055193506
1953-07-27,1.7290002329287673
1953-07-28,1.7306247832611803
1953-07-29,1.7384483722582356
1953-07-30,1.7463361693756678
1953-07-31,1.7550212036673274
1953-08-03,1.7616018835540108
1953-08-04,1.7619680581973467
1953-08-05,1.7646479804765502
1953-08-06,1.769501517863635
1953-08-07,1.7706957876959797
1953-08-10,1.7720669931726596
1953-08-11,1.7734486638344193
1953-08-12,1.781953416160758
1953-08-13,1.7820049081627338
1953-08-14,1.7816567854073133
1953-08-17,1.7821276885273523
1953-08-18,1.7749511793482922
1953-08-19,1.7641766489223418
1953-08-20,1.7665119242426641
1953-08-21,1.7681547476806498
1953-08-24,1.7577233412656992
1953-08-25,1.7504612332282552
1953-08-26,1.7472414116929882
1953-08-27,1.7402702702259598
1953-08-28,1.7376384381692178
1953-08-31,1.7124466063959678
1953-09-01,1.7183684687832934
1953-09-02,1.727712291394388
1953-09-03,1.7274411031131112
1953-09-04,1.734609055052142
1953-09-08,1.7401605454320015
1953-09-09,1.7408140523035764
1953-09-10,1.73207152964355
1953-09-11,1.7141323355333593
1953-09-14,1.6894696155966735
1953-09-15,1.6924180960181712
1953-09-16,1.7047712322721658
1953-09-17,1.7077980366486736
1953-09-18,1.7019358763853376
1953-09-21,1.6990095520939839
1953-09-22,1.7152745739611095
1953-09-23,1.7228449238593886
1953-09-24,1.7251663548503933
1953-09-25,1.7301988278217841
1953-09-28,1.7385912931916092
1953-09-29,1.7418820069428218
1953-09-30,1.7433287390789847
1953-10-01,1.7544188646739591
1953-10-02,1.7594567258484604
1953-10-05,1.7567198088976934
1953-10-06,1.7493501718014473
1953-10-07,1.7606072842880538
1953-10-08,1.7646983323370498
1953-10-09,1.7693349840003747
1953-10-13,1.7673904987634028
1953-10-14,1.7712531011209802
1953-10-15,1.7879212017478554
1953-10-16,1.7896141074339695
1953-10-19,1.7927390516274548
1953-10-20,1.7981520400051971
1953-10-21,1.7965140548293164
1953-10-22,1.7993561152474298
1953-10-23,1.7984711678598264
1953-10-26,1.7936548607030058
1953-10-27,1.7853215338467272
1953-10-28,1.786849645008824
1953-10-29,1.7973290290291233
1953-10-30,1.8026143224939168
1953-11-02,1.806393867640516
1953-11-04,1.8122458662165162
1953-11-05,1.8202925506690493
1953-11-06,1.8199723027740902
1953-11-09,1.8204195272939627
1953-11-10,1.8133617557392874
1953-11-12,1.8148478758805433
1953-11-13,1.8179736577209007
1953-11-16,1.8107148481872042
1953-11-17,1.8043135659695317
1953-11-18,1.806558740890887
1953-11-19,1.810934891223041
1953-11-20,1.8168400668256772
1953-11-23,1.8167682973969959
1953-11-24,1.8306369979685289
1953-11-25,1.8357586943340558
1953-11-27,1.8500838052229447
1953-11-30,1.8537110269532175
1953-12-01,1.853970912648901
1953-12-02,1.8667293444675777
1953-12-03,1.871063089860778
1953-12-04,1.8688651377769145
1953-12-07,1.862476127470106
1953-12-08,1.858740345990127
1953-12-09,1.8608287960069538
1953-12-10,1.8585074529897114
1953-12-11,1.85781474662401
1953-12-14,1.8545238087548956
1953-12-15,1.8588514441248611
1953-12-16,1.8682678873379737
1953-12-17,1.8662661076077132
1953-12-18,1.8687686100003198
1953-12-21,1.8704956496472953
1953-12-22,1.8582570699710037
1953-12-23,1.8573723981025674
1953-12-24,1.8625117269770572
1953-12-28,1.8576971767493744
1953-12-29,1.8484122294242433
1953-12-30,1.8559786579703446
1953-12-31,1.8623808964136546
1954-01-04,1.8698518014855166
1954-01-05,1.8759290696644717
1954-01-06,1.878879661177909
1954-01-07,1.8752549143232924
1954-01-08,1.8731907183791767
1954-01-11,1.8679514721561439
1954-01-12,1.8764332458221604
1954-01-13,1.8829052949593177
1954-01-14,1.8896396673575173
1954-01-15,1.9043988027239809
1954-01-18,1.9065062346776365
1954-01-19,1.9156316910496425
1954-01-20,1.9185693286398158
1954-01-21,1.9159024780513438
1954-01-22,1.9143247340410199
1954-01-25,1.919865820979352
1954-01-26,1.9337098753879005
1954-01-27,1.93112363657
1954-01-28,1.9327787641115974
1954-01-29,1.9337260110938455
1954-02-01,1.9312634800759785
1954-02-02,1.9332100838595587
1954-02-03,1.9409311669600837
1954-02-04,1.9481258562218955
1954-02-05,1.9507104693671717
1954-02-08,1.951027728822212
1954-02-09,1.9557865480438181
1954-02-10,1.95308882754036
1954-02-11,1.9611359888463362
1954-02-12,1.966779050694092
1954-02-15,1.9642242433071957
1954-02-16,1.9487739046320158
1954-02-17,1.949197438497111
1954-02-18,1.9634483200379524
1954-02-19,1.959140706239438
1954-02-23,1.953247457083486
1954-02-24,1.9520708482397429
1954-02-25,1.9622478084552806
1954-02-26,1.9762795919752179
1954-03-01,1.9918697822344504
1954-03-02,1.997849319778832
1954-03-03,2.001135278663809
1954-03-04,2.002453553243056
1954-03-05,2.003767359061426
1954-03-08,2.000864591055577
1954-03-09,2.0026855254358695
1954-03-10,2.007050070965189
1954-03-11,2.0170182861202632
1954-03-12,2.0154362664866716
1954-03-15,2.0087081040808026
1954-03-16,2.0042660070286336
1954-03-17,2.0048477097007495
1954-03-18,2.0110726581887284
1954-03-19,2.0153195714639836
1954-03-22,2.01627114223845
1954-03-23,2.0121934893155604
1954-03-24,2.0050731521534058
1954-03-25,2.0078131034782585
1954-03-26,2.019650600086674
1954-03-29,2.029800512511307
1954-03-30,2.035676306869839
1954-03-31,2.0471711669183335
1954-04-01,2.0579477608648067
1954-04-02,2.05887368608651
1954-04-05,2.057321380361802
1954-04-06,2.0411858056880985
1954-04-07,2.0508094698966297
1954-04-08,2.064022267257034
1954-04-09,2.069106424435577
1954-04-12,2.0685312732032872
1954-04-13,2.068761125426752
1954-04-14,2.082593788676998
1954-04-15,2.090569731469573
1954-04-19,2.0838199731241698
1954-04-20,2.0832936841615695
1954-04-21,2.087475945075105
1954-04-22,2.0933766664825915
1954-04-23,2.0993623800271384
1954-04-26,2.1039102286985623
1954-04-27,2.1040635716964924
1954-04-28,2.1074805443593188
1954-04-29,2.137315375401579
1954-04-30,2.1405270312529914
1954-05-03,2.1374088357789365
1954-05-04,2.135493453511932
1954-05-05,2.134780939454672
1954-05-06,2.1405468174743274
1954-05-07,2.1469179791775077
1954-05-10,2.145194614745917
1954-05-11,2.140941344345737
1954-05-12,2.151489811493346
1954-05-13,2.1449440382871185
1954-05-14,2.1477008018704917
1954-05-17,2.1518801139496464
1954-05-18,2.156258344457398
1954-05-19,2.1573384499537984
1954-05-20,2.161628559016406
1954-05-21,2.174613917867049
1954-05-24,2.1732622959099057
1954-05-25,2.1691339809486
1954-05-26,2.172960877319499
1954-05-27,2.1678349990390338
1954-05-28,2.1686606806711772
1954-06-01,2.173302278509681
1954-06-02,2.1674284435493423
1954-06-03,2.1697996016321426
1954-06-04,2.163715971962638
1954-06-07,2.1645830722567525
1954-06-08,2.1298830858034883
1954-06-09,2.124670322983326
1954-06-10,2.1317763076234497
1954-06-11,2.1434157589791742
1954-06-14,2.1478231079342667
1954-06-15,2.1651289173150454
1954-06-16,2.186786983425005
1954-06-17,2.190684926927232
1954-06-18,2.193383277321345
1954-06-21,2.1996466136198687
1954-06-22,2.2127546022135895
1954-06-23,2.2223238130422622
1954-06-24,2.244916112174658
1954-06-25,2.2552571718619965
1954-06-28,2.263088788976109
1954-06-29,2.2640543445945562
1954-06-30,2.2518054100326568
1954-07-01,2.252554274095913
1954-07-02,2.266165269528969
1954-07-06,2.2845347145145003
1954-07-07,2.284688487919971
1954-07-08,2.2814164140243203
1954-07-09,2.2922566245455878
1954-07-12,2.2943459585411112
1954-07-13,2.288645878179109
1954-07-14,2.2939398803172333
1954-07-15,2.3022819109866743
1954-07-16,2.298216761928437
1954-07-19,2.3020139690607277
1954-07-20,2.3011424325093914
1954-07-21,2.3103069921701227
1954-07-22,2.3326905288521793
1954-07-23,2.333204909546113
1954-07-26,2.3277818049680428
1954-07-27,2.3304820155700368
1954-07-28,2.3313554192184944
1954-07-29,2.3389169217673413
1954-07-30,2.3432372346771873
1954-08-02,2.3491402045778838
1954-08-03,2.362248539094426
1954-08-04,2.3614204989874428
1954-08-05,2.359767811653518
1954-08-06,2.336832946354651
1954-08-09,2.3317498746132133
1954-08-10,2.3480726881873917
1954-08-11,2.366560150817547
1954-08-12,2.3596848578993868
1954-08-13,2.3637001707857803
1954-08-16,2.371989569891816
1954-08-17,2.3686757020126716
1954-08-18,2.3688319156834403
1954-08-19,2.377807811522178
1954-08-20,2.383919511733884
1954-08-23,2.375329785060916
1954-08-24,2.3682291790505805
1954-08-25,2.357176815000543
1954-08-26,2.347173946347598
1954-08-27,2.3562550793310106
1954-08-30,2.3376148701239723
1954-08-31,2.310280245224373
1954-09-01,2.3232290937090094
1954-09-02,2.3323543059053655
1954-09-03,2.34254391815993
1954-09-07,2.3543927414474006
1954-09-08,2.3580569970979655
1954-09-09,2.3591807438356542
1954-09-10,2.3658665613798284
1954-09-13,2.372552865208809
1954-09-14,2.373861091647071
1954-09-15,2.3693843381113067
1954-09-16,2.3792515054311205
1954-09-17,2.388305381040497
1954-09-20,2.3780831362001944
1954-09-21,2.387733970970422
1954-09-22,2.392916883943743
1954-09-23,2.395409985209758
1954-09-24,2.4013206976086074
1954-09-27,2.4051378314288447
1954-09-28,2.4004992567512455
1954-09-29,2.395591811632375
1954-09-30,2.390001313155423
1954-10-01,2.393631078171179
1954-10-04,2.3971297198795876
1954-10-05,2.4053243467851204
1954-10-06,2.412555835147333
1954-10-07,2.414006013830415
1954-10-08,2.414005429331238
1954-10-11,2.4045226936555677
1954-10-12,2.3984451432904392
1954-10-13,2.3989421407205103
1954-10-14,2.3742259095409124
1954-10-15,2.3702292981542645
1954-10-18,2.3725013142870814
1954-10-19,2.3824187500451774
1954-10-20,2.3932850490027993
1954-10-21,2.3939199385858183
1954-10-22,2.393437041426754
1954-10-25,2.3815317480630687
1954-10-26,2.373170882514017
1954-10-27,2.371305790971019
1954-10-28,2.368362749131954
1954-10-29,2.3579654985302776
1954-11-01,2.370569604874908
1954-11-03,2.415018623750897
1954-11-04,2.440185002784732
1954-11-05,2.440673963297559
1954-11-08,2.458107480956976
1954-11-09,2.4677802493596497
1954-11-10,2.4792610793289396
1954-11-11,2.4942114889231464
1954-11-12,2.5039365122832558
1954-11-15,2.505909700816636
1954-11-16,2.520200663020046
1954-11-17,2.5313234905984947
1954-11-18,2.528882538205314
1954-11-19,2.532846887578537
1954-11-22,2.5485359987243097
1954-11-23,2.561788927113104
1954-11-24,2.564579980588617
1954-11-26,2.5736639466146762
1954-11-29,2.577287775056837
1954-11-30,2.5735121030961357
1954-12-01,2.569217321684296
1954-12-02,2.5823781509042916
1954-12-03,2.593130484522709
1954-12-06,2.6068651885662817
1954-12-07,2.614815324767277
1954-12-08,2.6116126765136416
1954-12-09,2.601495435926711
1954-12-10,2.599426838916406
1954-12-13,2.5942358579645397
1954-12-14,2.5803411575671102
1954-12-15,2.5920950170426083
1954-12-16,2.6135329414323674
1954-12-17,2.6319071100567766
1954-12-20,2.6403912055899985
1954-12-21,2.6384836457079865
1954-12-22,2.6347964035338642
1954-12-23,2.6374702570711066
1954-12-27,2.6240600428836363
1954-12-28,2.650168625413087
1954-12-29,2.6743020390456436
1954-12-30,2.677556099840059
1954-12-31,2.6946387261558007
1955-01-03,2.712053716985883
1955-01-04,2.712646013273352
1955-01-05,2.654215514157873
1955-01-06,2.6168078989510892
1955-01-07,2.6583687997060776
1955-01-10,2.6947562719104274
1955-01-11,2.6952413598403697
1955-01-12,2.694008326311936
1955-01-13,2.681022094192273
1955-01-14,2.6730082886484507
1955-01-17,2.624344003747801
1955-01-18,2.6367441621617846
1955-01-19,2.6511936335891892
1955-01-20,2.653547058735867
1955-01-21,2.6763450329093113
1955-01-24,2.680597934195447
1955-01-25,2.678599391875674
1955-01-26,2.697909807551306
1955-01-27,2.7079594486391763
1955-01-28,2.7278857297645307
1955-01-31,2.7411200733806953
1955-02-01,2.7391136804780394
1955-02-02,2.73275215495068
1955-02-03,2.7354752088481993
1955-02-04,2.749697706020763
1955-02-07,2.7544415200900683
1955-02-08,2.7359187760642674
1955-02-09,2.7732098913146093
1955-02-10,2.7937953662479664
1955-02-11,2.8059274071488614
1955-02-14,2.805220396218081
1955-02-15,2.820082827124364
1955-02-16,2.814791784769947
1955-02-17,2.8181672682269325
1955-02-18,2.8291628666820574
1955-02-21,2.8388748083027378
1955-02-23,2.8423084546741895
1955-02-24,2.8287264623290276
1955-02-25,2.816905229231074
1955-02-28,2.8305445962430418
1955-03-01,2.847526330187119
1955-03-02,2.8713642387385763
1955-03-03,2.8772338994297146
1955-03-04,2.8809716553414635
1955-03-07,2.866138669745845
1955-03-08,2.82518612541007
1955-03-09,2.7874959889024535
1955-03-10,2.8031634197754776
1955-03-11,2.768350983871455
1955-03-14,2.6988479562251944
1955-03-15,2.7399949385731186
1955-03-16,2.771966796899905
1955-03-17,2.7812596345028484
1955-03-18,2.7915434748349575
1955-03-21,2.777930810978564
1955-03-22,2.7912433955813962
1955-03-23,2.816349838071513
1955-03-24,2.843767632444321
1955-03-25,2.8434559441530136
1955-03-28,2.8375083257664113
1955-03-29,2.8386200125334504
1955-03-30,2.821836318767617
1955-03-31,2.833193836569434
1955-04-01,2.849076710434339
1955-04-04,2.844548239409033
1955-04-05,2.8527913369440228
1955-04-06,2.8624237130246453
1955-04-07,2.872246170516687
1955-04-11,2.874406567075359
1955-04-12,2.891824471878814
1955-04-13,2.899637183088425
1955-04-14,2.8928783919130168
1955-04-15,2.9096381326861707
1955-04-18,2.9267055639807737
1955-04-19,2.9253431712733406
1955-04-20,2.9276765393674022
1955-04-21,2.9178112432459082
1955-04-22,2.897934062326643
1955-04-25,2.9069867503253084
1955-04-26,2.918758702603031
1955-04-27,2.906318107348323
1955-04-28,2.8830373428183558
1955-04-29,2.8977581898537808
1955-05-02,2.902285679854024
1955-05-03,2.8727515313441003
1955-05-04,2.880484679817366
1955-05-05,2.8925838861093864
1955-05-06,2.9101068420363565
1955-05-09,2.9085817275820274
1955-05-10,2.8953269419600765
1955-05-11,2.8734566713073493
1955-05-12,2.857072507849412
1955-05-13,2.872644416403414
1955-05-16,2.8441302707204956
1955-05-17,2.842674414029425
1955-05-18,2.8685505871918826
1955-05-19,2.8881029366620328
1955-05-20,2.9028407305834505
1955-05-23,2.886053792924624
1955-05-24,2.8921766553184876
1955-05-25,2.911109815980267
1955-05-26,2.931461186876671
1955-05-27,2.934388093046577
1955-05-31,2.9371681031828842
1955-06-01,2.9460915210522844
1955-06-02,2.9537558025620436
1955-06-03,2.971769023870336
1955-06-06,2.984276927571256
1955-06-07,3.0150482429195353
1955-06-08,3.023410821609784
1955-06-09,3.00099755085373
1955-06-10,3.015631974878226
1955-06-13,3.0369506396662276
1955-06-14,3.0351623427941714
1955-06-15,3.063392507768686
1955-06-16,3.069040131925923
1955-06-17,3.0726584437037054
1955-06-20,3.078866127584943
1955-06-21,3.090979478221196
1955-06-22,3.0956542274775174
1955-06-23,3.0893007579815053
1955-06-24,3.0771944084749854
1955-06-27,3.0743874467286436
1955-06-28,3.0611128664840477
1955-06-29,3.0554413260826725
1955-06-30,3.066595800280533
1955-07-01,3.0769419559857707
1955-07-05,3.0901446263764685
1955-07-06,3.086565532226623
1955-07-07,3.0228392455455673
1955-07-08,3.018784922550557
1955-07-11,3.0337852585886322
1955-07-12,3.02343609743017
1955-07-13,2.990875096386188
1955-07-14,3.002410159691368
1955-07-15,3.0164949291678633
1955-07-18,3.0081593331187286
1955-07-19,2.983621538917417
1955-07-20,2.995962438808716
1955-07-21,3.0181580913533237
1955-07-22,3.041734289312854
1955-07-25,3.0513286338071106
1955-07-26,3.04638982816751
1955-07-27,3.0374171677958834
1955-07-28,3.0152160633186615
1955-07-29,3.005266321871568
1955-08-01,2.968428973922522
1955-08-02,2.9693001692914502
1955-08-03,2.9791674135677706
1955-08-04,2.9361853352937497
1955-08-05,2.95210473729382
1955-08-08,2.931587464625361
1955-08-09,2.8913903757793014
1955-08-10,2.894161757692795
1955-08-11,2.9178699219255178
1955-08-12,2.9224761266286063
1955-08-15,2.916894103780579
1955-08-16,2.8971230961766326
1955-08-17,2.9004801884225455
1955-08-18,2.901686087397251
1955-08-19,2.91028320683582
1955-08-22,2.907675911016715
1955-08-23,2.945804785189712
1955-08-24,2.9480727809779066
1955-08-25,2.958647293206878
1955-08-26,2.971443864725003
1955-08-29,2.969594688550544
1955-08-30,2.9691719871636404
1955-08-31,2.9855930299228244
1955-09-01,2.993841920527469
1955-09-02,3.0079050731826955
1955-09-06,3.0263185280703855
1955-09-07,3.0336507119914815
1955-09-08,3.041011220075863
1955-09-09,3.048401809338033
1955-09-12,3.0594894380519944
1955-09-13,3.07312394786582
1955-09-14,3.081238454792789
1955-09-15,3.080179192287372
1955-09-16,3.093931895288779
1955-09-19,3.0867626156820736
1955-09-20,3.086007265110768
1955-09-21,3.0995181398907468
1955-09-22,3.1049431228544964
1955-09-23,3.130210710967716
1955-09-26,2.935938949921642
1955-09-27,2.9794409292514965
1955-09-28,3.010350621833726
1955-09-29,2.996441544732244
1955-09-30,2.9825655407038187
1955-10-03,2.9238922669577527
1955-10-04,2.9361063034878767
1955-10-05,2.946509968147598
1955-10-06,2.930240209262285
1955-10-07,2.9087529819106077
1955-10-10,2.8353213414406317
1955-10-11,2.812771194129676
1955-10-12,2.8569092270628005
1955-10-13,2.844116774888198
1955-10-14,2.8335238622587746
1955-10-17,2.843561554917133
1955-10-18,2.859991098181683
1955-10-19,2.8786322639145023
1955-10-20,2.9091083917574596
1955-10-21,2.909105451790932
1955-10-24,2.9291857816526043
1955-10-25,2.912067492337785
1955-10-26,2.887294596912885
1955-10-27,2.8862315649153376
1955-10-28,2.8960118770744003
1955-10-31,2.8866012126449596
1955-11-01,2.885107660587661
1955-11-02,2.891267593276738
1955-11-03,2.923702851651042
1955-11-04,2.9512619685534833
1955-11-07,2.9645198902538925
1955-11-09,2.9995971283119087
1955-11-10,3.0136820115899576
1955-11-11,3.039269208760377
1955-11-14,3.104209663087157
1955-11-15,3.118834951664365
1955-11-16,3.1094258613836234
1955-11-17,3.0869523314326797
1955-11-18,3.0846170563087902
1955-11-21,3.074824269250972
1955-11-22,3.0949394868901186
1955-11-23,3.096073970547572
1955-11-25,3.0956069273006355
1955-11-28,3.071609645279474
1955-11-29,3.08137794216217
1955-11-30,3.0773771452951117
1955-12-01,3.0647448320024018
1955-12-02,3.075350628370923
1955-12-05,3.087699598899999
1955-12-06,3.084926773774028
1955-12-07,3.072891543323269
1955-12-08,3.088105475850575
1955-12-09,3.0885085206208456
1955-12-12,3.0605597743587616
1955-12-13,3.066045919368042
1955-12-14,3.0470591615762377
1955-12-15,3.0494704628854796
1955-12-16,3.0470638541783734
1955-12-19,3.0385513949893155
1955-12-20,3.0288871556367063
1955-12-21,3.0532065539162425
1955-12-22,3.0600904987699176
1955-12-23,3.070420987180415
1955-12-27,3.0458103914741437
1955-12-28,3.0356504059926745
1955-12-29,3.0414679279820818
1955-12-30,3.0620215979461176
1956-01-03,3.0329705630371184
1956-01-04,3.0198344284709195
1956-01-05,3.0262476130987332
1956-01-06,3.0408650644201094
1956-01-09,3.000478258542805
1956-01-10,2.980701871152531
1956-01-11,3.0019181255804877
1956-01-12,3.021436512998221
1956-01-13,3.015935233388954
1956-01-16,2.9811553372504354
1956-01-17,2.9869031933564516
1956-01-18,2.963135266344872
1956-01-19,2.934547412430808
1956-01-20,2.9079161360364933
1956-01-23,2.8936966622671156
1956-01-24,2.930002710451876
1956-01-25,2.936128360528793
1956-01-26,2.9235088749688662
1956-01-27,2.913637959675301
1956-01-30,2.9186765393058773
1956-01-31,2.937237590555807
1956-02-01,2.950417380912924
1956-02-02,2.958850431691232
1956-02-03,2.9796973249599596
1956-02-06,2.977310646697919
1956-02-07,2.9728868371790944
1956-02-08,2.9394464005187904
1956-02-09,2.912620296192014
1956-02-10,2.919519553994055
1956-02-13,2.9183635894845597
1956-02-14,2.9062250688398383
1956-02-15,2.9360559421327697
1956-02-16,2.9340767479803205
1956-02-17,2.980664246900262
1956-02-20,2.9829660424357964
1956-02-21,2.987780662417144
1956-02-23,3.0168490150246097
1956-02-24,3.0402152469238612
1956-02-27,3.0427088191462137
1956-02-28,3.0545550873353267
1956-02-29,3.0414195985097168
1956-03-01,3.06126845536067
1956-03-02,3.0850498960039228
1956-03-05,3.1012421660143366
1956-03-06,3.095964363838033
1956-03-07,3.0931113270766306
1956-03-08,3.102022697925332
1956-03-09,3.151078307873112
1956-03-12,3.1819635813371074
1956-03-13,3.178215997333059
1956-03-14,3.2062188223014925
1956-03-15,3.2356904143268763
1956-03-16,3.2387678510005147
1956-03-19,3.269475649263074
1956-03-20,3.274794046551359
1956-03-21,3.2325636038259984
1956-03-22,3.2645002250747654
1956-03-23,3.2798891817465488
1956-03-26,3.2710349940735437
1956-03-27,3.2483539004054247
1956-03-28,3.2723323441320606
1956-03-29,3.2748363951520156
1956-04-02,3.3032861130431637
1956-04-03,3.2938382036799743
1956-04-04,3.304369258410618
1956-04-05,3.288828819173387
1956-04-06,3.31144562011147
1956-04-09,3.2895030717767453
1956-04-10,3.24118850083687
1956-04-11,3.265283853881208
1956-04-12,3.2443048870736666
1956-04-13,3.244628095527689
1956-04-16,3.245677389138265
1956-04-17,3.2434187859639754
1956-04-18,3.233237164241283
1956-04-19,3.2241803691751985
1956-04-20,3.237104071070055
1956-04-23,3.237112216307857
1956-04-24,3.2102600217773585
1956-04-25,3.2033776348082346
1956-04-26,3.2253525972802928
1956-04-27,3.2585393483768614
1956-04-30,3.2860244126852916
1956-05-01,3.2787674086528242
1956-05-02,3.2781342585845614
1956-05-03,3.2970374261852298
1956-05-04,3.322588880422266
1956-05-07,3.3161250607633517
1956-05-08,3.307600410750909
1956-05-09,3.3062470864328124
1956-05-10,3.2618537762445516
1956-05-11,3.267968128848726
1956-05-14,3.2324954494285763
1956-05-15,3.2106076761065387
1956-05-16,3.2087230594214393
1956-05-17,3.2307035662985912
1956-05-18,3.22206358994342
1956-05-21,3.1785196970653846
1956-05-22,3.1360032495029064
1956-05-23,3.1248993906544267
1956-05-24,3.075874511443007
1956-05-25,3.0831006089361592
1956-05-28,3.0459104918669326
1956-05-29,3.1183108841436415
1956-05-31,3.1251718485732067
1956-06-01,3.1470251340553634
1956-06-04,3.1614963535515312
1956-06-05,3.1666845580532677
1956-06-06,3.1568757534248673
1956-06-07,3.1701902993831403
1956-06-08,3.1067223134223014
1956-06-11,3.1441484744447545
1956-06-12,3.1776612130634265
1956-06-13,3.186875615477467
1956-06-14,3.1788084904695664
1956-06-15,3.1850573930353083
1956-06-18,3.161437382350247
1956-06-19,3.1779136817785045
1956-06-20,3.1843790350899304
1956-06-21,3.1953320736634216
1956-06-22,3.1890402652427357
1956-06-25,3.1732726818664627
1956-06-26,3.1945280565037866
1956-06-27,3.2176808647864528
1956-06-28,3.2223792604985126
1956-06-29,3.230994584368319
1956-07-02,3.237059399903026
1956-07-03,3.2499888605077754
1956-07-05,3.277757383747207
1956-07-06,3.2914449173602383
1956-07-09,3.304100188953699
1956-07-10,3.3116351379882514
1956-07-11,3.320385559259694
1956-07-12,3.319131006386385
1956-07-13,3.3365818861640966
1956-07-16,3.3617684579408045
1956-07-17,3.374271324752258
1956-07-18,3.369692511431271
1956-07-19,3.376552010017582
1956-07-20,3.3836742135498845
1956-07-23,3.381841830424643
1956-07-24,3.386824935064473
1956-07-25,3.393547862283701
1956-07-26,3.4068242409418246
1956-07-27,3.3920526027801574
1956-07-30,3.3874134506113984
1956-07-31,3.4100348995980934
1956-08-01,3.4135108443892057
1956-08-02,3.4362503131472684
1956-08-03,3.423612210331273
1956-08-06,3.3739950575472344
1956-08-07,3.404163638498364
1956-08-08,3.419996636488614
1956-08-09,3.417653361780223
1956-08-10,3.393571643445811
1956-08-13,3.3656974109850535
1956-08-14,3.3747677473249
1956-08-15,3.377125224101312
1956-08-16,3.378820849372553
1956-08-17,3.375259752895628
1956-08-20,3.3459738536441623
1956-08-21,3.299884612176452
1956-08-22,3.2942228334902928
1956-08-23,3.323530021233585
1956-08-24,3.3252111069580783
1956-08-27,3.3069726359145983
1956-08-28,3.2944022957102153
1956-08-29,3.2716964627428764
1956-08-30,3.2407703034715962
1956-08-31,3.2784492843982953
1956-09-04,3.3032658149677214
1956-09-05,3.3149952602627786
1956-09-06,3.3231844665707384
1956-09-07,3.31128601789538
1956-09-10,3.3052577961180294
1956-09-11,3.2613234403292606
1956-09-12,3.2474837371133773
1956-09-13,3.241184027634747
1956-09-14,3.274112889078312
1956-09-17,3.273745914026781
1956-09-18,3.2493967505386756
1956-09-19,3.225623416308643
1956-09-20,3.215185893586731
1956-09-21,3.2355594346300176
1956-09-24,3.2178185183289005
1956-09-25,3.1777580600577684
1956-09-26,3.1652788417213595
1956-09-27,3.1606335521613182
1956-09-28,3.1343872964571005
1956-10-01,3.08315776835235
1956-10-02,3.137723016864802
1956-10-03,3.1859312106013515
1956-10-04,3.184511198908466
1956-10-05,3.1929506737871662
1956-10-08,3.1977832434020454
1956-10-09,3.184346894223123
1956-10-10,3.2143111611997677
1956-10-11,3.2207641714885096
1956-10-12,3.2331897111330967
1956-10-15,3.2395021975621883
1956-10-16,3.225160871771101
1956-10-17,3.204802240265283
1956-10-18,3.2121358355764085
1956-10-19,3.2157166335973555
1956-10-22,3.2126856109190904
1956-10-23,3.214675819832852
1956-10-24,3.2058805450048733
1956-10-25,3.1912140138459626
1956-10-26,3.2270426288875393
1956-10-29,3.236932492270969
1956-10-30,3.2272000894628734
1956-10-31,3.1742873205339763
1956-11-01,3.2414144385853705
1956-11-02,3.278648700010922
1956-11-05,3.3402772259913207
1956-11-07,3.316219877616638
1956-11-08,3.292841995173172
1956-11-09,3.272280555598172
1956-11-12,3.2971885483937027
1956-11-13,3.3003260907377903
1956-11-14,3.2761611368524606
1956-11-15,3.2552676985718847
1956-11-16,3.2476731508638306
1956-11-19,3.2137208608888277
1956-11-20,3.184646294177484
1956-11-21,3.1814497514411952
1956-11-23,3.20664286088368
1956-11-26,3.1949850196742284
1956-11-27,3.2001518480385265
1956-11-28,3.167796333405269
1956-11-29,3.157164590929786
1956-11-30,3.21340158963892
1956-12-03,3.270895283161481
1956-12-04,3.2741079191136273
1956-12-05,3.3053516434508183
1956-12-06,3.3245216843871703
1956-12-07,3.326448570724269
1956-12-10,3.32499164864363
1956-12-11,3.3229134234345903
1956-12-12,3.3123975446890888
1956-12-13,3.3300932626278854
1956-12-14,3.343851044333327
1956-12-17,3.342686863693406
1956-12-18,3.3459289031991597
1956-12-19,3.338707022333424
1956-12-20,3.315881146643795
1956-12-21,3.3328586498657904
1956-12-26,3.3367433568706715
1956-12-27,3.3436451260278424
1956-12-28,3.3600692621001844
1956-12-31,3.3703169436079308
1957-01-02,3.338486594730216
1957-01-03,3.3590094359033618
1957-01-04,3.3722729096508743
1957-01-07,3.3553408724444007
1957-01-08,3.347522032269517
1957-01-09,3.3428070524811795
1957-01-10,3.3583021658930816
1957-01-11,3.36421015118463
1957-01-14,3.342023277251402
1957-01-15,3.309092036805628
1957-01-16,3.3077631170580832
1957-01-17,3.2980908211190947
1957-01-18,3.2677703874726585
1957-01-21,3.2598284125189236
1957-01-22,3.2802411015495627
1957-01-23,3.296569333809875
1957-01-24,3.3025496858455963
1957-01-25,3.292042034491357
1957-01-28,3.2768074284460607
1957-01-29,3.276497273176935
1957-01-30,3.2825454693496914
1957-01-31,3.2775421420021313
1957-02-01,3.267761228592597
1957-02-04,3.2688216994721704
1957-02-05,3.2285999913475
1957-02-06,3.234615540289322
1957-02-07,3.2243580224889463
1957-02-08,3.2123016370281237
1957-02-11,3.169783892617801
1957-02-12,3.14696706991729
1957-02-13,3.1988860910062042
1957-02-14,3.2041884023432505
1957-02-15,3.2363927189155275
1957-02-18,3.2367387411071964
1957-02-19,3.2408969386453923
1957-02-20,3.2503495959177124
1957-02-21,3.242986518475193
1957-02-25,3.249866885233068
1957-02-26,3.2517998770460323
1957-02-27,3.2498725075218675
1957-02-28,3.247207916189861
1957-03-01,3.2726520713681078
1957-03-04,3.291491829574168
1957-03-05,3.3069504804739056
1957-03-06,3.3094904023908986
1957-03-07,3.314293164475171
1957-03-08,3.3106763458867308
1957-03-11,3.3007128485313926
1957-03-12,3.312629948332835
1957-03-13,3.3284444844280263
1957-03-14,3.336296727004779
1957-03-15,3.3458287405913265
1957-03-18,3.346647332486765
1957-03-19,3.3626740124508934
1957-03-20,3.3671226918509376
1957-03-21,3.3670050291664655
1957-03-22,3.362144770769246
1957-03-25,3.35143627435894
1957-03-26,3.3579173898463335
1957-03-27,3.3746885891074263
1957-03-28,3.3843868061105935
1957-03-29,3.3825599491869944
1957-04-01,3.3932761907377755
1957-04-02,3.402552223408677
1957-04-03,3.416967371350319
1957-04-04,3.411652366644045
1957-04-05,3.415415360246685
1957-04-08,3.4127554627199213
1957-04-09,3.4269378996469055
1957-04-10,3.445056869225779
1957-04-11,3.4533247916271703
1957-04-12,3.4630431183645705
1957-04-15,3.4688857389099375
1957-04-16,3.4811610312335146
1957-04-17,3.503616012553325
1957-04-18,3.52198920240536
1957-04-22,3.5254783186577643
1957-04-23,3.542004802003013
1957-04-24,3.5424890287945088
1957-04-25,3.530539542139939
1957-04-26,3.522197334163644
1957-04-29,3.526859763603075
1957-04-30,3.5276266793825806
1957-05-01,3.5443834985102387
1957-05-02,3.5569093974766957
1957-05-03,3.5584661555742696
1957-05-06,3.557578530880093
1957-05-07,3.563261702497466
1957-05-08,3.5761010727909817
1957-05-09,3.57556238275178
1957-05-10,3.5867333765138687
1957-05-13,3.632470307574807
1957-05-14,3.6318207407389367
1957-05-15,3.631363777093086
1957-05-16,3.638133611888175
1957-05-17,3.645926131830728
1957-05-20,3.6573225197410677
1957-05-21,3.6561579247572276
1957-05-22,3.644442356848755
1957-05-23,3.6265645630914767
1957-05-24,3.6265592062911285
1957-05-27,3.607361954652051
1957-05-28,3.604381889629538
1957-05-29,3.623804910661463
1957-05-31,3.647933314974963
1957-06-03,3.6530383900424725
1957-06-04,3.658760674651105
1957-06-05,3.6590238767098486
1957-06-06,3.682070258669676
1957-06-07,3.6875470856065062
1957-06-10,3.6668157988354286
1957-06-11,3.7049114347885377
1957-06-12,3.7086495955292196
1957-06-13,3.70610871797513
1957-06-14,3.710972122934145
1957-06-17,3.726242669783207
1957-06-18,3.712690205428208
1957-06-19,3.681757408531687
1957-06-20,3.674049634524209
1957-06-21,3.655284021734789
1957-06-24,3.6282686711114662
1957-06-25,3.657141110374269
1957-06-26,3.6518639611799215
1957-06-27,3.661740817407684
1957-06-28,3.668957937679513
1957-07-01,3.685072679468051
1957-07-02,3.7276522832764907
1957-07-03,3.766356667983391
1957-07-05,3.8005624460772767
1957-07-08,3.823173066367215
1957-07-09,3.809936988407732
1957-07-10,3.8344258954265307
1957-07-11,3.8147520159542423
1957-07-12,3.837994966143955
1957-07-15,3.835629507208342
1957-07-16,3.807756575112896
1957-07-17,3.7789478376516628
1957-07-18,3.7811972927178985
1957-07-19,3.783379637387526
1957-07-22,3.7719649452414243
1957-07-23,3.76223843473896
1957-07-24,3.7640291238369255
1957-07-25,3.765680204659814
1957-07-26,3.75256254667792
1957-07-29,3.700446100641081
1957-07-30,3.695030481940735
1957-07-31,3.708451284426535
1957-08-01,3.700844959721196
1957-08-02,3.6990751161206474
1957-08-05,3.650253693683283
1957-08-06,3.6058663240109547
1957-08-07,3.644066118597846
1957-08-08,3.634321555812763
1957-08-09,3.64156877988569
1957-08-12,3.6004653051964675
1957-08-13,3.6058588481049743
1957-08-14,3.5503337327901927
1957-08-15,3.549158525703882
1957-08-16,3.5597303391591333
1957-08-19,3.4906674244199247
1957-08-20,3.5162762041958935
1957-08-21,3.5568597502633765
1957-08-22,3.532685204915214
1957-08-23,3.471082314056443
1957-08-26,3.407065838914464
1957-08-27,3.4687300837778747
1957-08-28,3.4831067453283566
1957-08-29,3.4624748845222673
1957-08-30,3.5325384481785442
1957-09-03,3.559343196650813
1957-09-04,3.524448052267859
1957-09-05,3.520013550334893
1957-09-06,3.5131909695167303
1957-09-09,3.488470701966331
1957-09-10,3.4581076060941585
1957-09-11,3.48937387970572
1957-09-12,3.532820498571371
1957-09-13,3.5376818126508636
1957-09-16,3.5213833579127356
1957-09-17,3.5269969668216468
1957-09-18,3.5303010610447223
1957-09-19,3.5120629496361575
1957-09-20,3.456803430621916
1957-09-23,3.3726609960001785
1957-09-24,3.401325258588074
1957-09-25,3.3590506835515246
1957-09-26,3.3691827666165115
1957-09-27,3.367545399242298
1957-09-30,3.359948408701973
1957-10-01,3.381420174882921
1957-10-02,3.41247082079515
1957-10-03,3.4135698547307176
1957-10-04,3.399478718884342
1957-10-07,3.357527288318557
1957-10-08,3.3355334949043463
1957-10-09,3.346546433719459
1957-10-10,3.29004261835543
1957-10-11,3.272510341872895
1957-10-14,3.292608927978187
1957-10-15,3.3267159462253324
1957-10-16,3.315314874762933
1957-10-17,3.269145029835681
1957-10-18,3.254161580091694
1957-10-21,3.16344142546023
1957-10-22,3.136253879613024
1957-10-23,3.2577479534353646
1957-10-24,3.2600561086775732
1957-10-25,3.2598219661098415
1957-10-28,3.2490913904078664
1957-10-29,3.272726480285499
1957-10-30,3.2999743502644376
1957-10-31,3.304195294878049
1957-11-01,3.2774561936531534
1957-11-04,3.2714270824229414
1957-11-06,3.290545401201012
1957-11-07,3.3121563222239274
1957-11-08,3.2965286324815923
1957-11-11,3.3024344064577495
1957-11-12,3.2803955533918834
1957-11-13,3.2846607264545913
1957-11-14,3.275750395286938
1957-11-15,3.349155175541179
1957-11-18,3.3315877988523757
1957-11-19,3.325316619923994
1957-11-20,3.3370515814037147
1957-11-21,3.386890236485184
1957-11-22,3.410441352950246
1957-11-25,3.431129407254525
1957-11-26,3.3507075891551588
1957-11-27,3.434369297871864
1957-11-29,3.4834210644508383
1957-12-02,3.4879090369224905
1957-12-03,3.4994095928713715
1957-12-04,3.5117003306885186
1957-12-05,3.5077585233972215
1957-12-06,3.4918206613612215
1957-12-09,3.4805011229995095
1957-12-10,3.4616710241422495
1957-12-11,3.460771344600833
1957-12-12,3.4645641513321253
1957-12-13,3.4758672687193046
1957-12-16,3.436194465763696
1957-12-17,3.3931019292550757
1957-12-18,3.3897549001337053
1957-12-19,3.413490455401149
1957-12-20,3.3985027854764844
1957-12-23,3.40619801803023
1957-12-24,3.410318771690823
1957-12-26,3.4285482286426214
1957-12-27,3.4391064772435764
1957-12-30,3.4373762984694287
1957-12-31,3.478414461177413
1958-01-02,3.4890805181379587
1958-01-03,3.507434120404481
1958-01-06,3.489070803926249
1958-01-07,3.506708683191467
1958-01-08,3.511273146812876
1958-01-09,3.4952048905023205
1958-01-10,3.4696837605046387
1958-01-13,3.4733533426655216
1958-01-14,3.496023881747729
1958-01-15,3.5165239782976054
1958-01-16,3.526243051446168
1958-01-17,3.5323028255185163
1958-01-20,3.550010555290076
1958-01-21,3.553175231155838
1958-01-22,3.5502983741781
1958-01-23,3.5660607129025075
1958-01-24,3.594515284689795
1958-01-27,3.5953991826970673
1958-01-28,3.6003428218439923
1958-01-29,3.6244721618572857
1958-01-30,3.6172662692997486
1958-01-31,3.6224430549087945
1958-02-03,3.6591120102580863
1958-02-04,3.6937394449067202
1958-02-05,3.6815247316852977
1958-02-06,3.6912681581909954
1958-02-07,3.668337012307495
1958-02-10,3.6595220423230446
1958-02-11,3.647727476784308
1958-02-12,3.6531131801273578
1958-02-13,3.653857920302329
1958-02-14,3.686140127879557
1958-02-17,3.6888359509403594
1958-02-18,3.6832586590064804
1958-02-19,3.6847727271230375
1958-02-20,3.670822355353198
1958-02-21,3.6698364811002775
1958-02-24,3.6561941833727265
1958-02-25,3.6545234716249495
1958-02-26,3.684825941518721
1958-02-27,3.665559296510789
1958-02-28,3.681099012280817
1958-03-03,3.6965942435390726
1958-03-04,3.712337390355567
1958-03-05,3.724770379509607
1958-03-06,3.749263361298443
1958-03-07,3.7541502890113327
1958-03-10,3.76579059505748
1958-03-11,3.7888426260084147
1958-03-12,3.793093674079083
1958-03-13,3.794365256958295
1958-03-14,3.802030269935524
1958-03-17,3.799795112050324
1958-03-18,3.8018200385188683
1958-03-19,3.825575223228956
1958-03-20,3.8367445170022134
1958-03-21,3.859266362434
1958-03-24,3.8649968767872873
1958-03-25,3.8500754468687433
1958-03-26,3.842423687822816
1958-03-27,3.8448926444513463
1958-03-28,3.854362592917828
1958-03-31,3.858046984548315
1958-04-01,3.8510780437884673
1958-04-02,3.824294930743778
1958-04-03,3.8185420666587087
1958-04-07,3.811776497349198
1958-04-08,3.837968269613884
1958-04-09,3.8506527178792984
1958-04-10,3.8668454657058575
1958-04-11,3.8791849480112677
1958-04-14,3.9035253209783627
1958-04-15,3.924255355183605
1958-04-16,3.9125844112035493
1958-04-17,3.925513688062165
1958-04-18,3.945867817200409
1958-04-21,3.9613177829761805
1958-04-22,3.9594620352837384
1958-04-23,3.9747275838308074
1958-04-24,3.9931071071883255
1958-04-25,4.014208795220444
1958-04-28,4.009921699133801
1958-04-29,4.009181492553899
1958-04-30,4.031774590921214
1958-05-01,4.032046214819808
1958-05-02,4.048315271155862
1958-05-05,4.065796731980095
1958-05-06,4.092557979539124
1958-05-07,4.087964987010539
1958-05-08,4.090515498007301
1958-05-09,4.091212919542671
1958-05-12,4.081658967898926
1958-05-13,4.082206133633652
1958-05-14,4.050946214464491
1958-05-15,4.066315425787575
1958-05-16,4.076969036601226
1958-05-19,4.072080981584818
1958-05-20,4.0950068853322845
1958-05-21,4.097799509533612
1958-05-22,4.099853642688845
1958-05-23,4.112447036087981
1958-05-26,4.101574712397804
1958-05-27,4.10726786805055
1958-05-28,4.112609339016612
1958-05-29,4.124594115264928
1958-06-02,4.1314849307427854
1958-06-03,4.138398487910343
1958-06-04,4.139011992998916
1958-06-05,4.150699740982645
1958-06-06,4.169555437031122
1958-06-09,4.155908393172562
1958-06-10,4.14614536461135
1958-06-11,4.142211769683354
1958-06-12,4.157010019334028
1958-06-13,4.165959664844679
1958-06-16,4.174945243181839
1958-06-17,4.184169382372926
1958-06-18,4.1822585513588795
1958-06-19,4.160092471422024
1958-06-20,4.1770981285035225
1958-06-23,4.178661653255433
1958-06-24,4.176882502955387
1958-06-25,4.1888942195617185
1958-06-26,4.204915599981819
1958-06-27,4.222189150677963
1958-06-30,4.233798541619268
1958-07-01,4.239900245513989
1958-07-02,4.248782341917313
1958-07-03,4.2541893400991615
1958-07-07,4.255997867019994
1958-07-08,4.249407235742483
1958-07-09,4.248455475032004
1958-07-10,4.263961208381571
1958-07-11,4.280606298921733
1958-07-14,4.261666005739617
1958-07-15,4.253354369724971
1958-07-16,4.248363156509549
1958-07-17,4.249937638733447
1958-07-18,4.250962768392897
1958-07-21,4.258499987237121
1958-07-22,4.253376547858552
1958-07-23,4.256769497245968
1958-07-24,4.259637740249858
1958-07-25,4.28125157572675
1958-07-28,4.283828789160584
1958-07-29,4.286208759020929
1958-07-30,4.288771399645269
1958-07-31,4.291104803441208
1958-08-01,4.323743957501137
1958-08-04,4.349723734866568
1958-08-05,4.329918508434801
1958-08-06,4.318226293057831
1958-08-07,4.332474556107021
1958-08-08,4.339565407597509
1958-08-11,4.355499151711222
1958-08-12,4.345017017002676
1958-08-13,4.352428136906306
1958-08-14,4.359602645118144
1958-08-15,4.337771257072113
1958-08-18,4.330069032316851
1958-08-19,4.343846041593009
1958-08-20,4.357269383558436
1958-08-21,4.3761040370033095
1958-08-22,4.379531282744854
1958-08-25,4.3918274192603945
1958-08-26,4.3980625822059665
1958-08-27,4.395858852197036
1958-08-28,4.379889924804723
1958-08-29,4.39863025726227
1958-09-02,4.423333209559633
1958-09-03,4.446751621672277
1958-09-04,4.4481650825274395
1958-09-05,4.447826942829553
1958-09-08,4.470038311058502
1958-09-09,4.474638450152395
1958-09-10,4.465971208936365
1958-09-11,4.469413698334142
1958-09-12,4.47019275477613
1958-09-15,4.487889095566625
1958-09-16,4.501204916243474
1958-09-17,4.498266907082779
1958-09-18,4.494194402806213
1958-09-19,4.518404503905312
1958-09-22,4.51015422929852
1958-09-23,4.54029128366144
1958-09-24,4.55174936959033
1958-09-25,4.5457140583197315
1958-09-26,4.552427382394288
1958-09-29,4.571517700419438
1958-09-30,4.5833906330313505
1958-10-01,4.57591035190701
1958-10-02,4.583486188522938
1958-10-03,4.599751197556971
1958-10-06,4.618509446215012
1958-10-07,4.621939094593533
1958-10-08,4.62053494286094
1958-10-09,4.63106295392764
1958-10-10,4.651127844001459
1958-10-13,4.673100740236912
1958-10-14,4.641059172584304
1958-10-15,4.606190274383413
1958-10-16,4.628886603318255
1958-10-17,4.663901568732679
1958-10-20,4.667353958040253
1958-10-21,4.662896353452121
1958-10-22,4.655348484495422
1958-10-23,4.655922248940652
1958-10-24,4.6504826724304875
1958-10-27,4.616326624698109
1958-10-28,4.63283474904162
1958-10-29,4.676726531997525
1958-10-30,4.678049594768775
1958-10-31,4.692002581668421
1958-11-03,4.699688383986377
1958-11-05,4.748198973665098
1958-11-06,4.7700122340489095
1958-11-07,4.78099914086655
1958-11-10,4.823760521021918
1958-11-11,4.854604001678903
1958-11-12,4.875877748229829
1958-11-13,4.870429196355636
1958-11-14,4.885833843094312
1958-11-17,4.901456031843234
1958-11-18,4.897336188344774
1958-11-19,4.906399334470771
1958-11-20,4.913485744392655
1958-11-21,4.889939975787436
1958-11-24,4.804271371471692
1958-11-25,4.765878645588638
1958-11-26,4.835774331934335
1958-11-28,4.876811608071051
1958-12-01,4.908771705228607
1958-12-02,4.909054987020288
1958-12-03,4.915166356584275
1958-12-04,4.921429211238277
1958-12-05,4.925256271507766
1958-12-08,4.946285416993731
1958-12-09,4.970613139727213
1958-12-10,4.992967033991925
1958-12-11,4.982950876396518
1958-12-12,4.983416734205096
1958-12-15,4.978525325571964
1958-12-16,5.0009390408100565
1958-12-17,5.130268302005998
1958-12-18,5.154838029540287
1958-12-19,5.145384643716286
1958-12-22,5.136684037050571
1958-12-23,5.111208193100503
1958-12-24,5.143741731426219
1958-12-29,5.178496391341181
1958-12-30,5.203102479793436
1958-12-31,5.214640633275818
1959-01-02,5.224729336112423
1959-01-05,5.259876268904736
1959-01-06,5.2845127298677435
1959-01-07,5.278440116247182
1959-01-08,5.327342790532861
1959-01-09,5.3602032482233835
1959-01-12,5.368566431507659
1959-01-13,5.349913033373376
1959-01-14,5.356160651985994
1959-01-15,5.38706165145117
1959-01-16,5.398344805545472
1959-01-19,5.395791383003967
1959-01-20,5.384672579742193
1959-01-21,5.399680822697505
1959-01-22,5.402381334332571
1959-01-23,5.404554450314612
1959-01-26,5.397654531786672
1959-01-27,5.398744624785244
1959-01-28,5.353524970503001
1959-01-29,5.359498055564786
1959-01-30,5.377749429359899
1959-02-02,5.359298980393567
1959-02-03,5.365657399696914
1959-02-04,5.358255222422954
1959-02-05,5.355322461341356
1959-02-06,5.348241163076481
1959-02-09,5.305941823405711
1959-02-10,5.355645566229123
1959-02-11,5.3658063203623305
1959-02-12,5.3719104521074845
1959-02-13,5.404926544436305
1959-02-16,5.431522215641693
1959-02-17,5.435943206187331
1959-02-18,5.4482040956091184
1959-02-19,5.468289154328484
1959-02-20,5.4909038806657255
1959-02-24,5.495503192107936
1959-02-25,5.492479847162446
1959-02-26,5.516101732730031
1959-02-27,5.536475757621127
1959-03-02,5.552780400924181
1959-03-03,5.5811295193157795
1959-03-04,5.583181265310228
1959-03-05,5.591681569838066
1959-03-06,5.576504041469073
1959-03-09,5.57279947498335
1959-03-10,5.577382529105992
1959-03-11,5.5866337057680715
1959-03-12,5.597629810075528
1959-03-13,5.619253373692605
1959-03-16,5.587112059454888
1959-03-17,5.606124714040663
1959-03-18,5.596231647912667
1959-03-19,5.592969380059577
1959-03-20,5.589471613652295
1959-03-23,5.5681252191969355
1959-03-24,5.574396978205277
1959-03-25,5.569337840500718
1959-03-26,5.558402247631556
1959-03-30,5.531347995394999
1959-03-31,5.533654704608137
1959-04-01,5.551815851185718
1959-04-02,5.5657930932600195
1959-04-03,5.595540957448349
1959-04-06,5.613873114806211
1959-04-07,5.609256282255478
1959-04-08,5.602394743923947
1959-04-09,5.606341643154564
1959-04-10,5.613038759430912
1959-04-13,5.621206427446134
1959-04-14,5.647409624684369
1959-04-15,5.658274396113204
1959-04-16,5.66310878805224
1959-04-17,5.676394240772039
1959-04-20,5.6765252819131184
1959-04-21,5.669257659663613
1959-04-22,5.650008782072816
1959-04-23,5.6453777403405425
1959-04-24,5.658376359925352
1959-04-27,5.663135050511109
1959-04-28,5.64435628753238
1959-04-29,5.634488403231735
1959-04-30,5.609229353324061
1959-05-01,5.604861023680571
1959-05-04,5.615312671784817
1959-05-05,5.635942578229333
1959-05-06,5.633479419959916
1959-05-07,5.558040451345097
1959-05-08,5.593912448288745
1959-05-11,5.617501340637905
1959-05-12,5.625012715722248
1959-05-13,5.630923405032601
1959-05-14,5.644624983448068
1959-05-15,5.646688640802753
1959-05-18,5.630289590227649
1959-05-19,5.637632357505006
1959-05-20,5.6293502350768945
1959-05-21,5.664841267044233
1959-05-22,5.678870378037768
1959-05-25,5.6677137985016435
1959-05-26,5.674283850757649
1959-05-27,5.694556534095054
1959-05-28,5.732454948948645
1959-05-29,5.771877741994327
1959-06-01,5.754263663455815
1959-06-02,5.72485000595027
1959-06-03,5.726545958421882
1959-06-04,5.67275119605611
1959-06-05,5.655203922097603
1959-06-08,5.582467675120192
1959-06-09,5.551380455649699
1959-06-10,5.625486513729965
1959-06-11,5.636622537008861
1959-06-12,5.637578480043672
1959-06-15,5.616886411807048
1959-06-16,5.590508421528235
1959-06-17,5.6338842011347445
1959-06-18,5.633987177515951
1959-06-19,5.633496026831435
1959-06-22,5.647772200382571
1959-06-23,5.649337619413928
1959-06-24,5.680886730068046
1959-06-25,5.703546217161983
1959-06-26,5.722212659571165
1959-06-29,5.747206862003045
1959-06-30,5.780458205816373
1959-07-01,5.808464900206878
1959-07-02,5.825908088842148
1959-07-06,5.850784318579912
1959-07-07,5.8620181127808095
1959-07-08,5.876994060442724
1959-07-09,5.874160511770699
1959-07-10,5.8749828519186575
1959-07-13,5.823021188143679
1959-07-14,5.847206766302491
1959-07-15,5.858408968738216
1959-07-16,5.832352398063252
1959-07-17,5.818393667072422
1959-07-20,5.802290575028814
1959-07-21,5.83573802277788
1959-07-22,5.856568419318418
1959-07-23,5.857472402849807
1959-07-24,5.861723371423284
1959-07-27,5.891513736280112
1959-07-28,5.898985435291798
1959-07-29,5.890870823174814
1959-07-30,5.870440646733309
1959-07-31,5.883841241484329
1959-08-03,5.886511805738661
1959-08-04,5.864651705175456
1959-08-05,5.843690450321184
1959-08-06,5.828202054181285
1959-08-07,5.797487164595105
1959-08-10,5.674432247630252
1959-08-11,5.742612212180987
1959-08-12,5.740127921208315
1959-08-13,5.727851133814705
1959-08-14,5.739988752324326
1959-08-17,5.7309001276446185
1959-08-18,5.687100906793528
1959-08-19,5.6513912882795205
1959-08-20,5.727357109166687
1959-08-21,5.7502565906110465
1959-08-24,5.734230968041667
1959-08-25,5.746759472054174
1959-08-26,5.755197699931593
1959-08-27,5.7940338815496135
1959-08-28,5.791262342082867
1959-08-31,5.802259282645607
1959-09-01,5.7425911113749315
1959-09-02,5.73975236719031
1959-09-03,5.6787242282895765
1959-09-04,5.699556113340939
1959-09-08,5.618696710355765
1959-09-09,5.574543751740691
1959-09-10,5.550837218482979
1959-09-11,5.5996851384445945
1959-09-14,5.5754252058748355
1959-09-15,5.538729030929221
1959-09-16,5.554876239733527
1959-09-17,5.532951852050955
1959-09-18,5.488924441420146
1959-09-21,5.404439751053606
1959-09-22,5.382151722855903
1959-09-23,5.438738158989015
1959-09-24,5.543215778666624
1959-09-25,5.541439728515539
1959-09-28,5.5799160924951385
1959-09-29,5.613326109918335
1959-09-30,5.582275407245908
1959-10-01,5.604452553414763
1959-10-02,5.618664097811153
1959-10-05,5.600972750632978
1959-10-06,5.606422895564238
1959-10-07,5.603626964061306
1959-10-08,5.602226380526171
1959-10-09,5.612569122634047
1959-10-12,5.63320478769466
1959-10-13,5.618878268282445
1959-10-14,5.600934380059321
1959-10-15,5.627399773679649
1959-10-16,5.67474304864287
1959-10-19,5.668429957038181
1959-10-20,5.652310670129627
1959-10-21,5.632166808870705
1959-10-22,5.590979208111336
1959-10-23,5.635275504048366
1959-10-26,5.656656030932027
1959-10-27,5.669370209862825
1959-10-28,5.693227156489529
1959-10-29,5.699679634264382
1959-10-30,5.716185267736561
1959-11-02,5.716657329776949
1959-11-04,5.7136358965231535
1959-11-05,5.716884453495243
1959-11-06,5.736711456678076
1959-11-09,5.731824128597262
1959-11-10,5.745724573215508
1959-11-11,5.767280325562598
1959-11-12,5.7534415483102945
1959-11-13,5.736750285791035
1959-11-16,5.711340785659848
1959-11-17,5.711468860774846
1959-11-18,5.743103829649446
1959-11-19,5.748501360969327
1959-11-20,5.7576307464521115
1959-11-23,5.7924392746093245
1959-11-24,5.82993282395823
1959-11-25,5.820764666438379
1959-11-27,5.822803881293317
1959-11-30,5.873977058278216
1959-12-01,5.907456659835106
1959-12-02,5.895071054335904
1959-12-03,5.889277099769884
1959-12-04,5.921211314764051
1959-12-07,5.926653927319274
1959-12-08,5.920166232416758
1959-12-09,5.866878447613757
1959-12-10,5.900226233832258
1959-12-11,5.901664169920159
1959-12-14,5.893520440877012
1959-12-15,5.881782703710234
1959-12-16,5.8852288919049505
1959-12-17,5.890738251817389
1959-12-18,5.908863665077732
1959-12-21,5.927622064500215
1959-12-22,5.913564306913209
1959-12-23,5.9109209543437995
1959-12-24,5.920889422866797
1959-12-28,5.909609083542429
1959-12-29,5.924469274894378
1959-12-30,5.955777076032615
1959-12-31,5.966100126523477
1960-01-04,5.9400867219450975
1960-01-05,5.978377941955346
1960-01-06,5.955812817359775
1960-01-07,5.93632652565888
1960-01-08,5.917107209481238
1960-01-11,5.863688170849882
1960-01-12,5.822655724037829
1960-01-13,5.804847825055419
1960-01-14,5.831894246162989
1960-01-15,5.839735410889866
1960-01-18,5.795361468673874
1960-01-19,5.722023509388692
1960-01-20,5.7161246545448945
1960-01-21,5.731077036525378
1960-01-22,5.756128780701556
1960-01-25,5.688503555610956
1960-01-26,5.681109944619731
1960-01-27,5.663615852280847
1960-01-28,5.605717651321095
1960-01-29,5.542807524093996
1960-02-01,5.572941956602719
1960-02-02,5.659696378181916
1960-02-03,5.62262417675149
1960-02-04,5.636238216108016
1960-02-05,5.617520372873817
1960-02-08,5.561111354095444
1960-02-09,5.605957906587127
1960-02-10,5.600605082800989
1960-02-11,5.5793150832304494
1960-02-12,5.603976177107886
1960-02-15,5.579525076705595
1960-02-16,5.556466868544044
1960-02-17,5.586712020512512
1960-02-18,5.667489718413857
1960-02-19,5.717506812108579
1960-02-23,5.7015889172163785
1960-02-24,5.68766256499968
1960-02-25,5.728081164661487
1960-02-26,5.747943797137039
1960-02-29,5.757192964978909
1960-03-01,5.766385390093969
1960-03-02,5.729845117071571
1960-03-03,5.6231264496108375
1960-03-04,5.597064171478336
1960-03-07,5.544767345976409
1960-03-08,5.504160075926968
1960-03-09,5.563985043396513
1960-03-10,5.5590644552491915
1960-03-11,5.588241234912709
1960-03-14,5.601028829692636
1960-03-15,5.6293301051610385
1960-03-16,5.651049836193449
1960-03-17,5.644819498950678
1960-03-18,5.647230631470543
1960-03-21,5.648570948388665
1960-03-22,5.675864538155386
1960-03-23,5.73311763251867
1960-03-24,5.75811188453198
1960-03-25,5.773370816404557
1960-03-28,5.777100069794125
1960-03-29,5.77366141097703
1960-03-30,5.783547713025335
1960-03-31,5.756881677692919
1960-04-01,5.779648763647266
1960-04-04,5.784295904079439
1960-04-05,5.8169470388900315
1960-04-06,5.859522186157193
1960-04-07,5.878157318988458
1960-04-08,5.867894754064375
1960-04-11,5.854580788771981
1960-04-12,5.880438690354453
1960-04-13,5.90011822895318
1960-04-14,5.927830859263182
1960-04-18,5.969778615070969
1960-04-19,5.936209686172629
1960-04-20,5.836451201671632
1960-04-21,5.852697268157891
1960-04-22,5.8494307942890575
1960-04-25,5.79667785510706
1960-04-26,5.820354711699595
1960-04-27,5.823581537763862
1960-04-28,5.780127257909517
1960-04-29,5.768118181273499
1960-05-02,5.7545251162136255
1960-05-03,5.81543012312947
1960-05-04,5.829944670853359
1960-05-05,5.835179818725856
1960-05-06,5.830881362092692
1960-05-09,5.832205648252489
1960-05-10,5.825954518737715
1960-05-11,5.836534459514745
1960-05-12,5.848697753101046
1960-05-13,5.877382635406193
1960-05-16,5.870802035044648
1960-05-17,5.8698814509503
1960-05-18,5.871089986670774
1960-05-19,5.88036517458434
1960-05-20,5.895639753340978
1960-05-23,5.909364865925082
1960-05-24,5.914858907385686
1960-05-25,5.930962788462295
1960-05-26,5.948583979871645
1960-05-27,5.960553095141972
1960-05-31,5.994415216762755
1960-06-01,6.032086676340979
1960-06-02,6.044551329908137
1960-06-03,6.048297179480831
1960-06-06,6.067523949316007
1960-06-07,6.086219949828052
1960-06-08,6.11014726072556
1960-06-09,6.140431604678221
1960-06-10,6.151355246181967
1960-06-13,6.168668447515074
1960-06-14,6.181435680309866
1960-06-15,6.1645545806634745
1960-06-16,6.176628465585853
1960-06-17,6.1824509129182195
1960-06-20,6.186906627617932
1960-06-21,6.190944570700343
1960-06-22,6.2019641103803
1960-06-23,6.220287511161568
1960-06-24,6.225660821149208
1960-06-27,6.220402201884396
1960-06-28,6.1712034332291905
1960-06-29,6.183422729580774
1960-06-30,6.19735265732648
1960-07-01,6.2078464521128165
1960-07-05,6.220740459494043
1960-07-06,6.214924930367852
1960-07-07,6.25358421127195
1960-07-08,6.27314138914724
1960-07-11,6.250998343973696
1960-07-12,6.203528955666188
1960-07-13,6.1931644364751675
1960-07-14,6.195368585935016
1960-07-15,6.200042065873626
1960-07-18,6.18391121941683
1960-07-19,6.185616031507237
1960-07-20,6.171787407823082
1960-07-21,6.147916177744838
1960-07-22,6.1203311578743795
1960-07-25,6.0483076270423
1960-07-26,6.063246571595634
1960-07-27,6.042724324582032
1960-07-28,6.064827525915701
1960-07-29,6.121091143274384
1960-08-01,6.116416560243814
1960-08-02,6.084926742185056
1960-08-03,6.075008223632658
1960-08-04,6.079715042950235
1960-08-05,6.1114184116395185
1960-08-08,6.121968357391445
1960-08-09,6.151334909472145
1960-08-10,6.169189052718561
1960-08-11,6.207318439072322
1960-08-12,6.240127926482512
1960-08-15,6.2452041195808725
1960-08-16,6.270470509611296
1960-08-17,6.278210917977888
1960-08-18,6.298115239680147
1960-08-19,6.315481535269475
1960-08-22,6.330736376765848
1960-08-23,6.376943814074589
1960-08-24,6.412188506838354
1960-08-25,6.409956601053223
1960-08-26,6.402602830797005
1960-08-29,6.413538177067369
1960-08-30,6.373629880700416
1960-08-31,6.41412599800026
1960-09-01,6.4328653630194745
1960-09-02,6.42411600732369
1960-09-06,6.374811799615245
1960-09-07,6.304195750357498
1960-09-08,6.329831236630458
1960-09-09,6.3690941609934715
1960-09-12,6.328067066909498
1960-09-13,6.34176262869657
1960-09-14,6.308656243620605
1960-09-15,6.2745568808145915
1960-09-16,6.268330461451109
1960-09-19,6.119451532271811
1960-09-20,6.136135342225677
1960-09-21,6.193991440049476
1960-09-22,6.177597736786759
1960-09-23,6.130322543556303
1960-09-26,6.028565100804537
1960-09-27,6.004871404999721
1960-09-28,5.930259670398084
1960-09-29,5.942296057060482
1960-09-30,6.040038935830871
1960-10-03,6.026031171140925
1960-10-04,5.998658450804722
1960-10-05,6.030229951272383
1960-10-06,6.074837951609271
1960-10-07,6.102015148563285
1960-10-10,6.11726661144393
1960-10-11,6.136260071133377
1960-10-12,6.112489671945857
1960-10-13,6.183569415354556
1960-10-14,6.204933229928665
1960-10-17,6.16840856650554
1960-10-18,6.1560720816749175
1960-10-19,6.156872789156033
1960-10-20,6.102087417852235
1960-10-21,6.033116549473645
1960-10-24,5.963786877164352
1960-10-25,5.9287185919060414
1960-10-26,5.999482601394083
1960-10-27,6.058138986388837
1960-10-28,6.031831856985699
1960-10-31,6.027565192943675
1960-11-01,6.079845177450693
1960-11-02,6.095073796053948
1960-11-03,6.1060220571444495
1960-11-04,6.149368779649719
1960-11-07,6.176498017032233
1960-11-09,6.205334710249407
1960-11-10,6.27603960327898
1960-11-11,6.261041939658023
1960-11-14,6.256501149753467
1960-11-15,6.289822836373684
1960-11-16,6.274147235648378
1960-11-17,6.275098791260517
1960-11-18,6.320317805340851
1960-11-21,6.346292899794095
1960-11-22,6.330320094885973
1960-11-23,6.350248348450687
1960-11-25,6.39404492518121
1960-11-28,6.403008961130828
1960-11-29,6.4004534549085825
1960-11-30,6.379864883822373
1960-12-01,6.3721204598534955
1960-12-02,6.385460357327149
1960-12-05,6.400888182154741
1960-12-06,6.422983543200051
1960-12-07,6.4566956344522115
1960-12-08,6.467333971078667
1960-12-09,6.508214064682181
1960-12-12,6.526932005764887
1960-12-13,6.549118534066631
1960-12-14,6.5555296133705045
1960-12-15,6.535671739757149
1960-12-16,6.563324267703245
1960-12-19,6.559064880000528
1960-12-20,6.555577234038909
1960-12-21,6.6628817019307975
1960-12-22,6.632056560982817
1960-12-23,6.649473192434248
1960-12-27,6.667199642206666
1960-12-28,6.715263788790811
1960-12-29,6.769819052317488
1960-12-30,6.785225522801175
1961-01-03,6.700468476427039
1961-01-04,6.728101266886371
1961-01-05,6.7521063910543395
1961-01-06,6.738750528538915
1961-01-09,6.7758429224456895
1961-01-10,6.788687554414675
1961-01-11,6.814833995475489
1961-01-12,6.847001028397199
1961-01-13,6.841938012598611
1961-01-16,6.85049069017242
1961-01-17,6.853729522689271
1961-01-18,6.884383478044723
1961-01-19,6.898507764434344
1961-01-20,6.9323008702844895
1961-01-23,6.97464531849214
1961-01-24,6.998914369450749
1961-01-25,7.049402962782279
1961-01-26,7.067812215331555
1961-01-27,7.142337588465583
1961-01-30,7.237690863456604
1961-01-31,7.2018058426467295
1961-02-01,7.221084135132684
1961-02-02,7.255101785239141
1961-02-03,7.238553654916319
1961-02-06,7.198360102541289
1961-02-07,7.197713823525623
1961-02-08,7.265681006122387
1961-02-09,7.293441243446405
1961-02-10,7.2649564767994255
1961-02-13,7.236948620030435
1961-02-14,7.268824515167179
1961-02-15,7.31545961531073
1961-02-16,7.384128590899391
1961-02-17,7.352553313728395
1961-02-20,7.394462165030993
1961-02-21,7.407416399199898
1961-02-23,7.468415950191728
1961-02-24,7.490707976196842
1961-02-27,7.5219182372230895
1961-02-28,7.525268679960983
1961-03-01,7.517668514454446
1961-03-02,7.554775176553424
1961-03-03,7.555826671594172
1961-03-06,7.569430162593695
1961-03-07,7.529701540901825
1961-03-08,7.543255136386451
1961-03-09,7.556417187391056
1961-03-10,7.571463303321813
1961-03-13,7.595734274264807
1961-03-14,7.565639327552568
1961-03-15,7.577855754618301
1961-03-16,7.637177898255246
1961-03-17,7.663244647759412
1961-03-20,7.707802990549683
1961-03-21,7.699123179358634
1961-03-22,7.715161827078813
1961-03-23,7.727047825404358
1961-03-24,7.725739208184509
1961-03-27,7.753880212846481
1961-03-28,7.788662422352636
1961-03-29,7.8522187581238585
1961-03-30,7.8832600468587914
1961-04-03,8.03315209804508
1961-04-04,8.03095687424073
1961-04-05,8.005927856661788
1961-04-06,7.9936056423014845
1961-04-07,8.026665790433329
1961-04-10,8.098021007476293
1961-04-11,8.071347187588904
1961-04-12,8.055192888123377
1961-04-13,8.08482363507617
1961-04-14,8.11891852282738
1961-04-17,8.136611339444041
1961-04-18,8.074792632728366
1961-04-19,8.041535882643121
1961-04-20,8.038483709174859
1961-04-21,8.021448084066188
1961-04-24,7.8232677570245
1961-04-25,7.944755869483906
1961-04-26,7.9851872167250715
1961-04-27,7.9768972764188275
1961-04-28,7.945934680396882
1961-05-01,7.945985439927564
1961-05-02,7.996377410747892
1961-05-03,8.060473001962484
1961-05-04,8.092130264291152
1961-05-05,8.09356963063556
1961-05-08,8.107797618493356
1961-05-09,8.138291538429433
1961-05-10,8.135760324768158
1961-05-11,8.135126022408727
1961-05-12,8.146763213521023
1961-05-15,8.197979764275356
1961-05-16,8.239107313903094
1961-05-17,8.25108172947096
1961-05-18,8.202690279133646
1961-05-19,8.221423008283159
1961-05-22,8.177861984776047
1961-05-23,8.164607175233746
1961-05-24,8.124337816498615
1961-05-25,8.098312520610232
1961-05-26,8.131535976616723
1961-05-31,8.124732704957559
1961-06-01,8.129185915553649
1961-06-02,8.130312659415859
1961-06-05,8.158964338557727
1961-06-06,8.149379612930817
1961-06-07,8.12309834578722
1961-06-08,8.094464847899449
1961-06-09,8.084792678501143
1961-06-12,8.064574083061977
1961-06-13,8.033575998250322
1961-06-14,8.030820239096565
1961-06-15,8.005742811010013
1961-06-16,7.95599591173018
1961-06-19,7.889566000327642
1961-06-20,7.941967386824371
1961-06-21,7.947114792309046
1961-06-22,7.93038342841942
1961-06-23,7.955684094356193
1961-06-26,7.899475794970518
1961-06-27,7.877849548301222
1961-06-28,7.89657832507583
1961-06-29,7.900378257661233
1961-06-30,7.918418388893444
1961-07-03,7.982320198485912
1961-07-05,8.035392929782533
1961-07-06,8.054439439348526
1961-07-07,8.06168311142094
1961-07-10,8.067319708001985
1961-07-11,8.069915739211556
1961-07-12,8.028551202485293
1961-07-13,7.979069638880968
1961-07-14,8.021104832772208
1961-07-17,7.971597665837782
1961-07-18,7.937642214764378
1961-07-19,7.954249330395117
1961-07-20,7.977830123915828
1961-07-21,8.003054932734353
1961-07-24,7.987015319223989
1961-07-25,8.019145681251985
1961-07-26,8.064251101778083
1961-07-27,8.133452270457365
1961-07-28,8.144770594058409
1961-07-31,8.148428720631054
1961-08-01,8.21154462562863
1961-08-02,8.22828739644336
1961-08-03,8.26960668941192
1961-08-04,8.326505392171883
1961-08-07,8.33125491107741
1961-08-08,8.336437039371637
1961-08-09,8.3468925157965
1961-08-10,8.365863916165704
1961-08-11,8.386820496223763
1961-08-14,8.364378739375974
1961-08-15,8.375527596065012
1961-08-16,8.39328812581216
1961-08-17,8.436401921784192
1961-08-18,8.487387617580888
1961-08-21,8.502354501694064
1961-08-22,8.513195782948761
1961-08-23,8.500095418581353
1961-08-24,8.463028681441507
1961-08-25,8.490823884700738
1961-08-28,8.506506244766058
1961-08-29,8.505550676259888
1961-08-30,8.541014052093155
1961-08-31,8.56399173189127
1961-09-01,8.602389875743508
1961-09-05,8.59201812831774
1961-09-06,8.636853706998792
1961-09-07,8.633891886302056
1961-09-08,8.601497442656626
1961-09-11,8.561088806332167
1961-09-12,8.618784133738677
1961-09-13,8.614107748461057
1961-09-14,8.59396823012566
1961-09-15,8.600166423558852
1961-09-18,8.55937449817458
1961-09-19,8.511824006273374
1961-09-20,8.538165051879506
1961-09-21,8.572298571733752
1961-09-22,8.558168712423564
1961-09-25,8.461744109109553
1961-09-26,8.476893325575787
1961-09-27,8.52734707604422
1961-09-28,8.559341738895478
1961-09-29,8.598428635795797
1961-10-02,8.62220493026659
1961-10-03,8.634981081941497
1961-10-04,8.695823514102447
1961-10-05,8.758215173527734
1961-10-06,8.801592589347125
1961-10-09,8.834596946803703
1961-10-10,8.876438248014829
1961-10-11,8.88556061369383
1961-10-12,8.878548830026794
1961-10-13,8.874964208772147
1961-10-16,8.850561731009122
1961-10-17,8.872754079175284
1961-10-18,8.92256434676688
1961-10-19,8.989045757639776
1961-10-20,9.013537419401683
1961-10-23,8.974818307741826
1961-10-24,8.946535592126523
1961-10-25,8.975852870905305
1961-10-26,9.007013867952312
1961-10-27,8.99124309461638
1961-10-30,9.018479243237095
1961-10-31,9.025229638752517
1961-11-01,9.043237720817029
1961-11-02,9.071038932404713
1961-11-03,9.129465857213669
1961-11-06,9.205235638898104
1961-11-08,9.25699328160479
1961-11-09,9.254906530752637
1961-11-10,9.308829914788562
1961-11-13,9.363794662178575
1961-11-14,9.455189557842637
1961-11-15,9.486337903015745
1961-11-16,9.507320125246336
1961-11-17,9.516266393696954
1961-11-20,9.546162536603378
1961-11-21,9.549096518134922
1961-11-22,9.553348613881822
1961-11-24,9.60119127961338
1961-11-27,9.606610405661584
1961-11-28,9.587251700276866
1961-11-29,9.55327266079773
1961-11-30,9.508256122300411
1961-12-01,9.553243207079596
1961-12-04,9.489239608708692
1961-12-05,9.454550540712805
1961-12-06,9.46845309977784
1961-12-07,9.43943444282498
1961-12-08,9.464312014836667
1961-12-11,9.468651951607628
1961-12-12,9.461191917185594
1961-12-13,9.427373371977662
1961-12-14,9.356972436313924
1961-12-15,9.331086017813512
1961-12-18,9.30571378194344
1961-12-19,9.265808449184316
1961-12-20,9.234367556346399
1961-12-21,9.196776337988132
1961-12-22,9.17847293811338
1961-12-26,9.131905448941627
1961-12-27,9.186590106968458
1961-12-28,9.210958187624808
1961-12-29,9.221400099490653
1962-01-02,9.127098189093404
1962-01-03,9.092859346100711
1962-01-04,8.956181752925538
1962-01-05,8.862748357084477
1962-01-08,8.793716894103532
1962-01-09,8.79159756621978
1962-01-10,8.781434547218467
1962-01-11,8.84712869202194
1962-01-12,8.89811131069998
1962-01-15,8.87051633137761
1962-01-16,8.825305701903293
1962-01-17,8.749594787381296
1962-01-18,8.724444489330038
1962-01-19,8.782736732787281
1962-01-22,8.76399000095927
1962-01-23,8.711562171234018
1962-01-24,8.695229449569032
1962-01-25,8.673954994307923
1962-01-26,8.633283951452558
1962-01-29,8.587819713457865
1962-01-30,8.630853492591793
1962-01-31,8.711539600687734
1962-02-01,8.77730135473094
1962-02-02,8.825670709684049
1962-02-05,8.842833011149017
1962-02-06,8.865160833623863
1962-02-07,8.906373160649489
1962-02-08,8.906016065679431
1962-02-09,8.902476701407434
1962-02-12,8.899378191838014
1962-02-13,8.914225611392235
1962-02-14,8.920280202978104
1962-02-15,8.98308026590829
1962-02-16,8.963486322395248
1962-02-19,8.912040719335623
1962-02-20,8.930726862715428
1962-02-21,8.895590066348477
1962-02-23,8.897103928946384
1962-02-26,8.84951582066506
1962-02-27,8.851917414018713
1962-02-28,8.869054419727279
1962-03-01,8.865256094202458
1962-03-02,8.833680240730727
1962-03-05,8.804736450315517
1962-03-06,8.773049798128628
1962-03-07,8.746093332119274
1962-03-08,8.772599232774445
1962-03-09,8.804843851607705
1962-03-12,8.792169291449028
1962-03-13,8.82904764372808
1962-03-14,8.866645831092825
1962-03-15,8.912866022186742
1962-03-16,8.907631740842561
1962-03-19,8.890367260418907
1962-03-20,8.889870955563731
1962-03-21,8.881243128636095
1962-03-22,8.876984631362111
1962-03-23,8.88947463181467
1962-03-26,8.84440215165356
1962-03-27,8.827749146521384
1962-03-28,8.869388201687919
1962-03-29,8.860358380068721
1962-03-30,8.807137575994828
1962-04-02,8.791226206272686
1962-04-03,8.733089157470259
1962-04-04,8.671496359904555
1962-04-05,8.730143552953448
1962-04-06,8.7433315800584
1962-04-09,8.683044287764304
1962-04-10,8.725747754649092
1962-04-11,8.714198121128623
1962-04-12,8.639271457434553
1962-04-13,8.63900757335011
1962-04-16,8.612727488140234
1962-04-17,8.678919403660236
1962-04-18,8.738941331166565
1962-04-19,8.78831077636201
1962-04-23,8.795099722090786
1962-04-24,8.78188988417953
1962-04-25,8.71821234770967
1962-04-26,8.655291964565146
1962-04-27,8.55675184070997
1962-04-30,8.433836212348245
1962-05-01,8.480842110995688
1962-05-02,8.52139561970474
1962-05-03,8.586133013241389
1962-05-04,8.562056754060881
1962-05-07,8.550500150877054
1962-05-08,8.461427181719946
1962-05-09,8.374453192818342
1962-05-10,8.278602280196985
1962-05-11,8.158599796721258
1962-05-14,8.18305388662327
1962-05-15,8.331224617468632
1962-05-16,8.33957854361392
1962-05-17,8.333149553186535
1962-05-18,8.324584771024732
1962-05-21,8.31079538617162
1962-05-22,8.180749898768434
1962-05-23,8.01859812887005
1962-05-24,7.9444463317045075
1962-05-25,7.782115747989771
1962-05-28,7.277695391441063
1962-05-29,7.620702039314375
1962-05-31,7.8213663055198674
1962-06-01,7.819452104786919
1962-06-04,7.596640719040027
1962-06-05,7.622778954509294
1962-06-06,7.757131924409537
1962-06-07,7.776140627792232
1962-06-08,7.779233274794372
1962-06-11,7.7170172040360026
1962-06-12,7.56945554829817
1962-06-13,7.484329308737841
1962-06-14,7.3236106947989725
1962-06-15,7.4773174306755
1962-06-18,7.477931503069121
1962-06-19,7.414642117879202
1962-06-20,7.334515115059379
1962-06-21,7.189304515546257
1962-06-22,7.071179968385137
1962-06-25,6.986714088347861
1962-06-26,6.997129659670109
1962-06-27,7.0138581327208245
1962-06-28,7.241669339081692
1962-06-29,7.305510625324811
1962-07-02,7.431181918446239
1962-07-03,7.500212174730586
1962-07-05,7.538220881683022
1962-07-06,7.482221873866662
1962-07-09,7.49824449643662
1962-07-10,7.580045891931553
1962-07-11,7.613093462162545
1962-07-12,7.667031235135515
1962-07-13,7.6545990278691605
1962-07-16,7.663095420627111
1962-07-17,7.572147005606872
1962-07-18,7.506802707434055
1962-07-19,7.516948264451086
1962-07-20,7.561022258234791
1962-07-23,7.556537196304639
1962-07-24,7.539228383444899
1962-07-25,7.545589745614552
1962-07-26,7.569560435522962
1962-07-27,7.627820800329265
1962-07-30,7.700316434536286
1962-07-31,7.756203187226844
1962-08-01,7.71270225670326
1962-08-02,7.721519881581199
1962-08-03,7.736958572986752
1962-08-06,7.706240705265909
1962-08-07,7.672376346269382
1962-08-08,7.684909865373453
1962-08-09,7.681521270154839
1962-08-10,7.7053976371825845
1962-08-13,7.724202873850411
1962-08-14,7.794120696591456
1962-08-15,7.821245909109808
1962-08-16,7.824576592015319
1962-08-17,7.89207172123458
1962-08-20,7.928506978556605
1962-08-21,7.9009753167593715
1962-08-22,7.967636220426459
1962-08-23,7.960650974001207
1962-08-24,7.9551464783703585
1962-08-27,7.958486203108501
1962-08-28,7.887842507079931
1962-08-29,7.88316187143731
1962-08-30,7.9077799683538
1962-08-31,7.9468360848255974
1962-09-04,7.888794026558293
1962-09-05,7.86354064336491
1962-09-06,7.902416400203937
1962-09-07,7.903913510808836
1962-09-10,7.918777847620063
1962-09-11,7.934465001786988
1962-09-12,7.96512353479447
1962-09-13,7.94779817170387
1962-09-14,7.969109259838765
1962-09-17,7.983422810941182
1962-09-18,7.987754378376427
1962-09-19,7.992921981301876
1962-09-20,7.952999074286077
1962-09-21,7.851503129098008
1962-09-24,7.720372031867721
1962-09-25,7.753043372521191
1962-09-26,7.674588073039024
1962-09-27,7.637313801740014
1962-09-28,7.691066202555495
1962-10-01,7.6190383092820815
1962-10-02,7.694838817390798
1962-10-03,7.716356529078937
1962-10-04,7.7965841488960415
1962-10-05,7.831199168870181
1962-10-08,7.8227889140972495
1962-10-09,7.845744443564624
1962-10-10,7.847312497875678
1962-10-11,7.830351344268269
1962-10-12,7.815248516386545
1962-10-15,7.835031953054078
1962-10-16,7.835256026596744
1962-10-17,7.807934366253416
1962-10-18,7.756701339549206
1962-10-19,7.641115554848734
1962-10-22,7.538334438483638
1962-10-23,7.302721909410002
1962-10-24,7.533470434719116
1962-10-25,7.466196470490102
1962-10-26,7.471934102152192
1962-10-29,7.64306846602176
1962-10-30,7.75124941720491
1962-10-31,7.763586432549144
1962-11-01,7.808184919614033
1962-11-02,7.8731344539511605
1962-11-05,7.954390973769567
1962-11-07,7.999827699441112
1962-11-08,7.945505740902082
1962-11-09,7.998242230355237
1962-11-12,8.090860404775132
1962-11-13,8.083056363077548
1962-11-14,8.174338889488999
1962-11-15,8.14787352343689
1962-11-16,8.165982836030922
1962-11-19,8.123909777149892
1962-11-20,8.219196447687613
1962-11-21,8.260155318260923
1962-11-23,8.342087549280265
1962-11-26,8.317543094652052
1962-11-27,8.349521852917585
1962-11-28,8.389773191228032
1962-11-29,8.437258734086631
1962-11-30,8.418911793852914
1962-12-03,8.397191589686493
1962-12-04,8.480424179966459
1962-12-05,8.52849285619903
1962-12-06,8.522289504724723
1962-12-07,8.554348755707023
1962-12-10,8.433810448717972
1962-12-11,8.440926855081713
1962-12-12,8.47342656477194
1962-12-13,8.450736241900591
1962-12-14,8.478108215957926
1962-12-17,8.467809730191092
1962-12-18,8.445163623115802
1962-12-19,8.55067501263491
1962-12-20,8.596944019660514
1962-12-21,8.558276886258053
1962-12-24,8.562591608738106
1962-12-26,8.623274421689896
1962-12-27,8.598694512714891
1962-12-28,8.575692111860857
1962-12-31,8.603846256642273
1963-01-02,8.558297921610231
1963-01-03,8.713065657554212
1963-01-04,8.750259227518695
1963-01-07,8.748094343568402
1963-01-08,8.832744852984135
1963-01-09,8.80847821455962
1963-01-10,8.82388807810502
1963-01-11,8.841729967815162
1963-01-14,8.876750508050579
1963-01-15,8.877101450232882
1963-01-16,8.834461968774178
1963-01-17,8.887861721743418
1963-01-18,8.89010606261082
1963-01-21,8.903515454112764
1963-01-22,8.912568975550977
1963-01-23,8.931889986745354
1963-01-24,8.96858887906314
1963-01-25,9.01107075456608
1963-01-28,9.057955065622041
1963-01-29,9.063646541839153
1963-01-30,9.016873755636988
1963-01-31,9.067641534330736
1963-02-01,9.08111000020452
1963-02-04,9.07456052784673
1963-02-05,9.060003957032734
1963-02-06,9.101452091271373
1963-02-07,9.107894375775869
1963-02-08,9.100566092276296
1963-02-11,9.036278548634156
1963-02-12,9.046442841411078
1963-02-13,9.086021700260908
1963-02-14,9.115788688063741
1963-02-15,9.125091135567777
1963-02-18,9.130249915464193
1963-02-19,9.093723340469182
1963-02-20,9.04962487273496
1963-02-21,9.05949095653756
1963-02-25,9.006724591415844
1963-02-26,9.012788671176818
1963-02-27,8.947736124535332
1963-02-28,8.853089428175842
1963-03-01,8.830097151138437
1963-03-04,8.914568604590295
1963-03-05,8.919232200699863
1963-03-06,8.935089009604447
1963-03-07,8.995137558597593
1963-03-08,9.009146466663442
1963-03-11,9.034625466912626
1963-03-12,9.064622189379934
1963-03-13,9.100561152785662
1963-03-14,9.069314024466609
1963-03-15,9.111509020295808
1963-03-18,9.079680180319803
1963-03-19,9.059519433462565
1963-03-20,9.13753828648464
1963-03-21,9.133665287182055
1963-03-22,9.189883604564262
1963-03-25,9.217322732784789
1963-03-26,9.240345845388653
1963-03-27,9.261117406457123
1963-03-28,9.253656695893456
1963-03-29,9.26037050687498
1963-04-01,9.327734499827962
1963-04-02,9.357287079552343
1963-04-03,9.43627299476986
1963-04-04,9.493546269888116
1963-04-05,9.537937501619243
1963-04-08,9.566832962055031
1963-04-09,9.560555001046417
1963-04-10,9.521025857455822
1963-04-11,9.600895184779517
1963-04-15,9.656515915127578
1963-04-16,9.648096913358893
1963-04-17,9.619869187217358
1963-04-18,9.637305554103596
1963-04-19,9.696224345789341
1963-04-22,9.716911232208485
1963-04-23,9.766303632439802
1963-04-24,9.781619639321164
1963-04-25,9.778244779107398
1963-04-26,9.747043148033763
1963-04-29,9.754654427215451
1963-04-30,9.812170881016721
1963-05-01,9.839073475772947
1963-05-02,9.884492465833015
1963-05-03,9.855783939307463
1963-05-06,9.781105569202397
1963-05-07,9.815866157784422
1963-05-08,9.927689465478485
1963-05-09,9.961914539968424
1963-05-10,9.996306659153387
1963-05-13,9.984089194825549
1963-05-14,9.954068883419952
1963-05-15,9.984652630446401
1963-05-16,9.979115876264425
1963-05-17,9.976201505339203
1963-05-20,9.936531874690498
1963-05-21,9.975106497548088
1963-05-22,9.999314063262634
1963-05-23,10.00206180942097
1963-05-24,9.999956056136565
1963-05-27,10.018548920933744
1963-05-28,10.05328437334055
1963-05-29,10.103994347260736
1963-05-31,10.165152836444523
1963-06-03,10.165183841859486
1963-06-04,10.147440148178822
1963-06-05,10.117677931044737
1963-06-06,10.12789386151208
1963-06-07,10.101939272989892
1963-06-10,10.040946544989348
1963-06-11,10.053025220145019
1963-06-12,10.09225227896199
1963-06-13,10.067794844409448
1963-06-14,10.07500255600356
1963-06-17,10.046063187293521
1963-06-18,10.064606397583313
1963-06-19,10.070828725410978
1963-06-20,10.060941888911517
1963-06-21,10.10969249435609
1963-06-24,10.136793344676363
1963-06-25,10.116798912158437
1963-06-26,10.032082802151546
1963-06-27,9.979046614920463
1963-06-28,10.03930136579614
1963-07-01,9.97841560820634
1963-07-02,10.059222648256274
1963-07-03,10.115223883098462
1963-07-05,10.151971319826943
1963-07-08,10.082563977419332
1963-07-09,10.143755790792945
1963-07-10,10.139263530858349
1963-07-11,10.11850918757314
1963-07-12,10.103327195879997
1963-07-15,10.034097364776942
1963-07-16,10.02938624971831
1963-07-17,10.001137419679884
1963-07-18,9.94024424974729
1963-07-19,9.915607840304489
1963-07-22,9.840900984322264
1963-07-23,9.826300384978877
1963-07-24,9.88177389799685
1963-07-25,9.884452220143132
1963-07-26,9.94545859321659
1963-07-29,9.970019579664692
1963-07-30,10.069432033737701
1963-07-31,10.058714379294942
1963-08-01,10.051611191723445
1963-08-02,10.090479740597022
1963-08-05,10.146415017038985
1963-08-06,10.19592978467288
1963-08-07,10.179250579813129
1963-08-08,10.191728548876196
1963-08-09,10.247180211139407
1963-08-12,10.272223642175945
1963-08-13,10.309213446744028
1963-08-14,10.305600691323365
1963-08-15,10.383162273076898
1963-08-16,10.410781124106382
1963-08-19,10.40082522403491
1963-08-20,10.403391753515418
1963-08-21,10.381833274492088
1963-08-22,10.423781323744281
1963-08-23,10.460061888167683
1963-08-26,10.477655288739994
1963-08-27,10.430876097924632
1963-08-28,10.52636901215975
1963-08-29,10.531561561743239
1963-08-30,10.582148914729824
1963-09-03,10.604765426158748
1963-09-04,10.593272595950136
1963-09-05,10.644072077697762
1963-09-06,10.585538630318636
1963-09-09,10.534011387354504
1963-09-10,10.618619257494826
1963-09-11,10.679208411058328
1963-09-12,10.670609539415679
1963-09-13,10.676513195861533
1963-09-16,10.671276633925633
1963-09-17,10.67626019544895
1963-09-18,10.608962591187835
1963-09-19,10.670445210693341
1963-09-20,10.69481067759753
1963-09-23,10.626933131471617
1963-09-24,10.628126336754134
1963-09-25,10.564105320253502
1963-09-26,10.446702609606543
1963-09-27,10.419678655832081
1963-09-30,10.319105656751983
1963-10-01,10.407699578333288
1963-10-02,10.435801055741933
1963-10-03,10.48791148225125
1963-10-04,10.496290987056883
1963-10-07,10.46005473610632
1963-10-08,10.460765828838442
1963-10-09,10.38030756092277
1963-10-10,10.377045000229076
1963-10-11,10.39558514329655
1963-10-14,10.394082921051544
1963-10-15,10.411061946872632
1963-10-16,10.512600693886071
1963-10-17,10.536300303849835
1963-10-18,10.549787607597995
1963-10-21,10.535826571685522
1963-10-22,10.488703029453358
1963-10-23,10.46936791991757
1963-10-24,10.52041764211688
1963-10-25,10.640781917603386
1963-10-28,10.71124710151533
1963-10-29,10.728261301997092
1963-10-30,10.624282746468548
1963-10-31,10.642437324988405
1963-11-01,10.635431419713607
1963-11-04,10.56926623790976
1963-11-06,10.484408622150832
1963-11-07,10.525840118240383
1963-11-08,10.56849158491971
1963-11-11,10.613009303467408
1963-11-12,10.576264021873024
1963-11-13,10.576102127844749
1963-11-14,10.532580972110436
1963-11-15,10.439049058207065
1963-11-18,10.376990203879258
1963-11-19,10.411907418468838
1963-11-20,10.415604381691777
1963-11-21,10.284246576848014
1963-11-22,9.982760165142706
1963-11-26,10.370498131517198
1963-11-27,10.358865370022905
1963-11-29,10.491537021269757
1963-12-02,10.509657208070418
1963-12-03,10.50132400112448
1963-12-04,10.540361590183409
1963-12-05,10.588838277169998
1963-12-06,10.536403083994921
1963-12-09,10.540445493309091
1963-12-10,10.56941448773291
1963-12-11,10.55332572812269
1963-12-12,10.542780303005767
1963-12-13,10.554681049160974
1963-12-16,10.570062452733755
1963-12-17,10.602735741000515
1963-12-18,10.543144299287118
1963-12-19,10.50990286668039
1963-12-20,10.454442208033008
1963-12-23,10.401658613052902
1963-12-24,10.452885380348587
1963-12-26,10.496963597422518
1963-12-27,10.505992535548074
1963-12-30,10.54480858959005
1963-12-31,10.594990171683763
1964-01-02,10.66430608122158
1964-01-03,10.644936574472721
1964-01-06,10.677323918714851
1964-01-07,10.697603650672276
1964-01-08,10.708336601979983
1964-01-09,10.749168792245074
1964-01-10,10.756387238299773
1964-01-13,10.748351269416599
1964-01-14,10.778431118991152
1964-01-15,10.786762279077188
1964-01-16,10.781666995629381
1964-01-17,10.786755851868305
1964-01-20,10.82136783657154
1964-01-21,10.864530611336384
1964-01-22,10.944961904198799
1964-01-23,10.931496749848268
1964-01-24,10.939947165362067
1964-01-27,10.96032320354784
1964-01-28,10.985169190712964
1964-01-29,10.930981404660217
1964-01-30,10.916586629830526
1964-01-31,10.93959179341444
1964-02-03,10.915953479410827
1964-02-04,10.887710480386136
1964-02-05,10.879797591104337
1964-02-06,10.90649596837006
1964-02-07,10.992839519736446
1964-02-10,10.966510301027252
1964-02-11,11.016454890400743
1964-02-12,11.06731105940611
1964-02-13,11.068759238902752
1964-02-14,11.062384255132692
1964-02-17,11.070069994482312
1964-02-18,11.061631319465809
1964-02-19,11.05092025830349
1964-02-20,11.071549767378581
1964-02-24,11.110077329898898
1964-02-25,11.122572141841875
1964-02-26,11.143848820954133
1964-02-27,11.125473291184724
1964-02-28,11.143622129917249
1964-03-02,11.16326003201233
1964-03-03,11.198299385640883
1964-03-04,11.165713694902792
1964-03-05,11.154903775650142
1964-03-06,11.16699369766798
1964-03-09,11.132840167047743
1964-03-10,11.156850994137887
1964-03-11,11.203949063814262
1964-03-12,11.217369028917814
1964-03-13,11.218053667891885
1964-03-16,11.23137241909792
1964-03-17,11.271319997052421
1964-03-18,11.303542908899507
1964-03-19,11.298645293846088
1964-03-20,11.266057985403116
1964-03-23,11.291725369968495
1964-03-24,11.2648335154587
1964-03-25,11.293108024638768
1964-03-26,11.324251344917124
1964-03-30,11.33039872068497
1964-03-31,11.323888434149687
1964-04-01,11.367815144987066
1964-04-02,11.457769267901954
1964-04-03,11.485823902398645
1964-04-06,11.51225231996303
1964-04-07,11.467109720603279
1964-04-08,11.468789538633757
1964-04-09,11.462792372037311
1964-04-10,11.4879835604445
1964-04-13,11.47791975733578
1964-04-14,11.493434002817908
1964-04-15,11.5053181061495
1964-04-16,11.498019339444847
1964-04-17,11.52923275727263
1964-04-20,11.519431048153814
1964-04-21,11.516221134806079
1964-04-22,11.496040836781368
1964-04-23,11.453155724626153
1964-04-24,11.352096992910454
1964-04-27,11.285741619995703
1964-04-28,11.355886773278222
1964-04-29,11.277565129998429
1964-04-30,11.24065340909984
1964-05-01,11.32108459229418
1964-05-04,11.398502991685032
1964-05-05,11.463723931876102
1964-05-06,11.494794557096974
1964-05-07,11.481753306748258
1964-05-08,11.475621046224536
1964-05-11,11.488510851190192
1964-05-12,11.524150871093504
1964-05-13,11.491542056220899
1964-05-14,11.477796435124196
1964-05-15,11.523859014320516
1964-05-18,11.44724682104009
1964-05-19,11.429514779809963
1964-05-20,11.498011293125463
1964-05-21,11.509154114299033
1964-05-22,11.5221380437005
1964-05-25,11.518787257113924
1964-05-26,11.512490027892383
1964-05-27,11.504157375827344
1964-05-28,11.523871842452298
1964-06-01,11.483095675550729
1964-06-02,11.415806812325014
1964-06-03,11.395779537837923
1964-06-04,11.246234432472503
1964-06-05,11.291178759511208
1964-06-08,11.221216720298418
1964-06-09,11.28663875157725
1964-06-10,11.352664536876246
1964-06-11,11.386491683240699
1964-06-12,11.393102292809518
1964-06-15,11.442441468405592
1964-06-16,11.505995324924962
1964-06-17,11.57538762110468
1964-06-18,11.569707101049586
1964-06-19,11.57100890886461
1964-06-22,11.604119460722575
1964-06-23,11.564697080154783
1964-06-24,11.611374711759519
1964-06-25,11.6354029087673
1964-06-26,11.661370269497235
1964-06-29,11.688105464418847
1964-06-30,11.728365082147707
1964-07-01,11.79279101146878
1964-07-02,11.827948032354417
1964-07-06,11.866021197398217
1964-07-07,11.88656479534685
1964-07-08,11.894625141138143
1964-07-09,11.889491924669908
1964-07-10,11.931580932618036
1964-07-13,11.920012730631791
1964-07-14,11.894083626700908
1964-07-15,11.926446174167948
1964-07-16,11.955971570054672
1964-07-17,11.99509076118009
1964-07-20,11.966909382646042
1964-07-21,11.970539600321567
1964-07-22,11.983309407994135
1964-07-23,11.982456603659713
1964-07-24,11.956938450273128
1964-07-27,11.912817831830603
1964-07-28,11.871891334148808
1964-07-29,11.91017185586557
1964-07-30,11.905670591437078
1964-07-31,11.911390689107828
1964-08-03,11.875205082162692
1964-08-04,11.761108043310244
1964-08-05,11.737246391272734
1964-08-06,11.66299611615032
1964-08-07,11.72329666547968
1964-08-10,11.740583000314516
1964-08-11,11.737689407422152
1964-08-12,11.78262661060542
1964-08-13,11.846957663328148
1964-08-14,11.850066115740137
1964-08-17,11.831373812423315
1964-08-18,11.824590486732594
1964-08-19,11.81181128238833
1964-08-20,11.760444679706634
1964-08-21,11.797326505807508
1964-08-24,11.774485066677011
1964-08-25,11.718865276568781
1964-08-26,11.684132810783959
1964-08-27,11.715966590414311
1964-08-28,11.748620439182476
1964-08-31,11.723008155909493
1964-09-01,11.775635243341602
1964-09-02,11.801961434721349
1964-09-03,11.817837712126408
1964-09-04,11.835565914067123
1964-09-08,11.857181449309875
1964-09-09,11.872060277825575
1964-09-10,11.926438137429427
1964-09-11,11.995623096353462
1964-09-14,11.974709608721113
1964-09-15,11.933370969680082
1964-09-16,11.935602359529625
1964-09-17,11.984304277896388
1964-09-18,11.977018489448765
1964-09-21,12.042224360564397
1964-09-22,12.0568512569016
1964-09-23,12.095191500240272
1964-09-24,12.100050524265713
1964-09-25,12.12083639771321
1964-09-28,12.145036005684654
1964-09-29,12.1414840523362
1964-09-30,12.140746462139488
1964-10-01,12.133319974422173
1964-10-02,12.12664060310341
1964-10-05,12.178165183195922
1964-10-06,12.19035238046778
1964-10-07,12.206180499423914
1964-10-08,12.230009021203305
1964-10-09,12.28610058796041
1964-10-12,12.297879591441106
1964-10-13,12.303720293589757
1964-10-14,12.28952686687231
1964-10-15,12.194264185062234
1964-10-16,12.28095466372201
1964-10-19,12.331391624872508
1964-10-20,12.372500161606661
1964-10-21,12.382078301220304
1964-10-22,12.37936755183292
1964-10-23,12.396468149474996
1964-10-26,12.395072576952716
1964-10-27,12.375330630990033
1964-10-28,12.318593682050759
1964-10-29,12.325573666365308
1964-10-30,12.350983019719376
1964-11-02,12.402750138032637
1964-11-04,12.382148870551529
1964-11-05,12.4028455944774
1964-11-06,12.455200847644285
1964-11-09,12.448703176023594
1964-11-10,12.421777136381396
1964-11-11,12.492421256074028
1964-11-12,12.534877656139082
1964-11-13,12.555499658706255
1964-11-16,12.603708970293697
1964-11-17,12.669154785669543
1964-11-18,12.724392230692299
1964-11-19,12.72953815881287
1964-11-20,12.774207780440511
1964-11-23,12.752081127244885
1964-11-24,12.700804689693634
1964-11-25,12.678288531886798
1964-11-27,12.614744760313505
1964-11-30,12.49369623730794
1964-12-01,12.337051100829932
1964-12-02,12.365608954539761
1964-12-03,12.408481884824798
1964-12-04,12.432667032772525
1964-12-07,12.450396934579913
1964-12-08,12.406634957060275
1964-12-09,12.345385308297985
1964-12-10,12.342970333303786
1964-12-11,12.354495901982988
1964-12-14,12.312011967189989
1964-12-15,12.264228848256465
1964-12-16,12.307698084444336
1964-12-17,12.354548177192296
1964-12-18,12.40405581606683
1964-12-21,12.411552352735207
1964-12-22,12.401434653265945
1964-12-23,12.39257976045742
1964-12-24,12.397008520827837
1964-12-28,12.388164448898108
1964-12-29,12.334123849183783
1964-12-30,12.391153893500888
1964-12-31,12.441973063252034
1965-01-04,12.359410631506753
1965-01-05,12.406058674893764
1965-01-06,12.443576844924777
1965-01-07,12.478427759212328
1965-01-08,12.4834231663468
1965-01-11,12.505618493183098
1965-01-12,12.53940588209504
1965-01-13,12.57451966670881
1965-01-14,12.599707402900286
1965-01-15,12.636859088035552
1965-01-18,12.689002740872331
1965-01-19,12.708757394253086
1965-01-20,12.715742184439629
1965-01-21,12.697083054427415
1965-01-22,12.714034239116138
1965-01-25,12.74987034689285
1965-01-26,12.758922453022407
1965-01-27,12.796131957489843
1965-01-28,12.829623309270408
1965-01-29,12.8511832192367
1965-02-01,12.84484317315782
1965-02-02,12.856891970800604
1965-02-03,12.88605549602523
1965-02-04,12.880642973441114
1965-02-05,12.863538381289892
1965-02-08,12.829304758137877
1965-02-09,12.866280912245896
1965-02-10,12.779811143638627
1965-02-11,12.646254615567784
1965-02-12,12.69828482512933
1965-02-15,12.68913480222299
1965-02-16,12.650331514379495
1965-02-17,12.676016575223036
1965-02-18,12.704601518110394
1965-02-19,12.719740297955743
1965-02-23,12.75815813532807
1965-02-24,12.828926784838487
1965-02-25,12.852593812529413
1965-02-26,12.858444561280443
1965-03-01,12.839272036909183
1965-03-02,12.85618642243956
1965-03-03,12.855542970309116
1965-03-04,12.842708474081073
1965-03-05,12.824350188825104
1965-03-08,12.831048505323414
1965-03-09,12.836810736997117
1965-03-10,12.83393735950309
1965-03-11,12.883099231744431
1965-03-12,12.891495767238773
1965-03-15,12.87337641849335
1965-03-16,12.858753427318314
1965-03-17,12.845925540440934
1965-03-18,12.819562735321426
1965-03-19,12.842974217097774
1965-03-22,12.817151075946159
1965-03-23,12.826427873049811
1965-03-24,12.855260132120947
1965-03-25,12.834359268471465
1965-03-26,12.756281602855553
1965-03-29,12.711023859945557
1965-03-30,12.720800671717942
1965-03-31,12.732561991107339
1965-04-01,12.737357253973855
1965-04-02,12.768282478966547
1965-04-05,12.765384270162135
1965-04-06,12.768578409285924
1965-04-07,12.781023475884123
1965-04-08,12.844633178814473
1965-04-09,12.898622924544018
1965-04-12,12.954848446451912
1965-04-13,12.965996065395423
1965-04-14,13.00757225707953
1965-04-15,12.999168209930824
1965-04-19,13.065158491902055
1965-04-20,13.08412757126332
1965-04-21,13.059716243762942
1965-04-22,13.109106373919554
1965-04-23,13.13024760851937
1965-04-26,13.129662209590695
1965-04-27,13.148016070730513
1965-04-28,13.143444636040051
1965-04-29,13.16351349366596
1965-04-30,13.198806789077777
1965-05-03,13.246947604335977
1965-05-04,13.321299868373414
1965-05-05,13.321497198475422
1965-05-06,13.335838464093973
1965-05-07,13.361106598994024
1965-05-10,13.367906124177171
1965-05-11,13.360837944648841
1965-05-12,13.374849404280754
1965-05-13,13.40561440454529
1965-05-14,13.377193537926134
1965-05-17,13.315726856808723
1965-05-18,13.258222246730634
1965-05-19,13.271717919180801
1965-05-20,13.212688387056312
1965-05-21,13.179326559848233
1965-05-24,13.10039333880869
1965-05-25,13.16716626758997
1965-05-26,13.149714262541332
1965-05-27,13.042989039965551
1965-05-28,13.107573007050474
1965-06-01,13.052282395274373
1965-06-02,12.918971568227029
1965-06-03,12.91278303598514
1965-06-04,12.915349573132128
1965-06-07,12.871408135022502
1965-06-08,12.732051421192066
1965-06-09,12.647375424141462
1965-06-10,12.56107690117501
1965-06-11,12.608834798919888
1965-06-14,12.448239724914208
1965-06-15,12.504831476483028
1965-06-16,12.64018806431833
1965-06-17,12.72455999967726
1965-06-18,12.707345167120966
1965-06-21,12.663964765045437
1965-06-22,12.662295126641776
1965-06-23,12.592583392940728
1965-06-24,12.419812225477612
1965-06-25,12.334774095951387
1965-06-28,12.101216972452391
1965-06-29,12.163540132942362
1965-06-30,12.441761058031156
1965-07-01,12.516703394219766
1965-07-02,12.596267948212134
1965-07-06,12.605679225018852
1965-07-07,12.570100663741576
1965-07-08,12.672451551844073
1965-07-09,12.746354901713888
1965-07-12,12.769194449968321
1965-07-13,12.749950922404702
1965-07-14,12.762788664445885
1965-07-15,12.756816848150933
1965-07-16,12.76498499206395
1965-07-19,12.749736475037263
1965-07-20,12.606066631356143
1965-07-21,12.517765368025996
1965-07-22,12.498512096591059
1965-07-23,12.498961522913971
1965-07-26,12.490047002597631
1965-07-27,12.468306021744413
1965-07-28,12.45547099954724
1965-07-29,12.522503764281218
1965-07-30,12.60170303397095
1965-08-02,12.645292877966972
1965-08-03,12.67880284188589
1965-08-04,12.728469616131573
1965-08-05,12.735494278741738
1965-08-06,12.785829942065599
1965-08-09,12.79923454936248
1965-08-10,12.80492664886408
1965-08-11,12.85647163738396
1965-08-12,12.890895643022777
1965-08-13,12.951189295772707
1965-08-16,12.988978126526463
1965-08-17,12.99994050651442
1965-08-18,13.024603443788914
1965-08-19,13.001786456658662
1965-08-20,12.99398239394752
1965-08-23,12.988517774230825
1965-08-24,13.012996741227067
1965-08-25,13.03274005079596
1965-08-26,13.072935470744483
1965-08-27,13.101617342471537
1965-08-30,13.11043278812788
1965-08-31,13.127450958135055
1965-09-01,13.134122962653517
1965-09-02,13.198854770925696
1965-09-03,13.27668377196523
1965-09-07,13.319833126179429
1965-09-08,13.329830703230915
1965-09-09,13.365540991866022
1965-09-10,13.380521036812816
1965-09-13,13.428008139152427
1965-09-14,13.35976809266944
1965-09-15,13.387229392023666
1965-09-16,13.467646706728958
1965-09-17,13.486329675729333
1965-09-20,13.512548087135517
1965-09-21,13.477518768200786
1965-09-22,13.55708529898138
1965-09-23,13.495352558941345
1965-09-24,13.548157207420752
1965-09-27,13.648276138843592
1965-09-28,13.617074621672284
1965-09-29,13.524282762581894
1965-09-30,13.49635924585278
1965-10-01,13.45014252173766
1965-10-04,13.508299253492943
1965-10-05,13.59092958610877
1965-10-06,13.5923250498741
1965-10-07,13.60106356725511
1965-10-08,13.696666472427202
1965-10-11,13.793172715727104
1965-10-12,13.787378880679318
1965-10-13,13.799577795831288
1965-10-14,13.787977261882817
1965-10-15,13.845274955872075
1965-10-18,13.905140047026494
1965-10-19,13.920266384309459
1965-10-20,13.94729953286249
1965-10-21,13.985262458227112
1965-10-22,13.972249600755847
1965-10-25,13.863468637810664
1965-10-26,13.907109452299684
1965-10-27,13.997814668266482
1965-10-28,13.982984057399795
1965-10-29,14.035390262704333
1965-11-01,14.018597440513318
1965-11-03,14.028909515580766
1965-11-04,14.100751006226423
1965-11-05,14.132491005864843
1965-11-08,14.10926243543783
1965-11-09,14.076745311402982
1965-11-10,14.104372786209671
1965-11-11,14.135762772108635
1965-11-12,14.222941203189311
1965-11-15,14.291754822610816
1965-11-16,14.295778945855853
1965-11-17,14.264071440742843
1965-11-18,14.233250105694749
1965-11-19,14.279227038241618
1965-11-22,14.234260883296983
1965-11-23,14.272518968828832
1965-11-24,14.311707446066437
1965-11-26,14.371530903340483
1965-11-29,14.397246873136075
1965-11-30,14.39500401948689
1965-12-01,14.401804553868441
1965-12-02,14.363735589970386
1965-12-03,14.38199555714215
1965-12-06,14.233115031795322
1965-12-07,14.407204697034508
1965-12-08,14.45283593856137
1965-12-09,14.520801435765891
1965-12-10,14.56371908995928
1965-12-13,14.61217953028252
1965-12-14,14.63628649031427
1965-12-15,14.651748341582463
1965-12-16,14.754684493982635
1965-12-17,14.801083348265237
1965-12-20,14.723166808885189
1965-12-21,14.773914976590707
1965-12-22,14.729862760096923
1965-12-23,14.660456525163207
1965-12-27,14.591325626053528
1965-12-28,14.571912478896765
1965-12-29,14.613438662388331
1965-12-30,14.65285961552723
1965-12-31,14.704146446086176
1966-01-03,14.67956557709216
1966-01-04,14.699417767887937
1966-01-05,14.792289165242034
1966-01-06,14.811709093067751
1966-01-07,14.811641605215387
1966-01-10,14.904388783216389
1966-01-11,14.990720479352175
1966-01-12,15.008097886931854
1966-01-13,15.087450500234302
1966-01-14,15.120125939406517
1966-01-17,15.172619649645295
1966-01-18,15.191481758111344
1966-01-19,15.112528935282905
1966-01-20,15.09549223445961
1966-01-21,15.131279223960178
1966-01-24,15.213961226756906
1966-01-25,15.339175948419177
1966-01-26,15.356352057405637
1966-01-27,15.393851487631247
1966-01-28,15.36970242501913
1966-01-31,15.281127901771614
1966-02-01,15.068597583667847
1966-02-02,15.128198066537815
1966-02-03,15.155297530602159
1966-02-04,15.258728654231765
1966-02-07,15.355665188769668
1966-02-08,15.401955720050985
1966-02-09,15.582377303337083
1966-02-10,15.63314451955533
1966-02-11,15.69793240146574
1966-02-14,15.698657141299392
1966-02-15,15.64567207894099
1966-02-16,15.676538326167194
1966-02-17,15.593563526883543
1966-02-18,15.569373727276243
1966-02-21,15.463278548714205
1966-02-23,15.387253262994385
1966-02-24,15.343643770491468
1966-02-25,15.441904196179246
1966-02-28,15.563900828038829
1966-03-01,15.32347716399693
1966-03-02,15.116353591803483
1966-03-03,15.223887432581272
1966-03-04,15.131987983553717
1966-03-07,14.854616487261676
1966-03-08,14.846171353341882
1966-03-09,15.023474180206911
1966-03-10,14.989527921239645
1966-03-11,14.942627857297726
1966-03-14,14.73062084307857
1966-03-15,14.552447883425872
1966-03-16,14.659219044675213
1966-03-17,14.741222667739093
1966-03-18,14.885220214796353
1966-03-21,15.108571101120578
1966-03-22,15.175247129729254
1966-03-23,15.1565027605304
1966-03-24,15.23844502384673
1966-03-25,15.362487804546436
1966-03-28,15.465097532799197
1966-03-29,15.38989725991702
1966-03-30,15.243991972808468
1966-03-31,15.348453939307074
1966-04-01,15.509687024133076
1966-04-04,15.674490725229685
1966-04-05,15.770797421100589
1966-04-06,15.830722023282808
1966-04-07,15.974163429706735
1966-04-11,16.120256527283413
1966-04-12,16.09750844021468
1966-04-13,16.16603621303733
1966-04-14,16.271779470857513
1966-04-15,16.25112448660931
1966-04-18,16.109578669104454
1966-04-19,16.119209670570367
1966-04-20,16.184312185348524
1966-04-21,16.210268656085812
1966-04-22,16.144994820833713
1966-04-25,16.083284330197085
1966-04-26,16.10448942984269
1966-04-27,16.036276256639653
1966-04-28,15.88972513794744
1966-04-29,15.936158749141326
1966-05-02,15.910996092495978
1966-05-03,15.683815989505078
1966-05-04,15.571152960674574
1966-05-05,15.164431959477938
1966-05-06,15.106796549358377
1966-05-09,14.74687668637125
1966-05-10,14.91791395962075
1966-05-11,14.95201555975664
1966-05-12,14.695354246083317
1966-05-13,14.500467409742475
1966-05-16,14.196532412618714
1966-05-17,13.993572745768377
1966-05-18,14.425477261264334
1966-05-19,14.431496867060792
1966-05-20,14.565095556505026
1966-05-23,14.778516005608688
1966-05-24,14.932638518744598
1966-05-25,15.041613167576084
1966-05-26,15.048694135162432
1966-05-27,15.119788173747532
1966-05-31,14.855356802518983
1966-06-01,14.87048788678659
1966-06-02,14.86889651086122
1966-06-03,14.892991387546257
1966-06-06,14.746484163583894
1966-06-07,14.62792170251074
1966-06-08,14.727878540073071
1966-06-09,14.979937808836263
1966-06-10,15.200864078564035
1966-06-13,15.238340248395751
1966-06-14,15.33156370960395
1966-06-15,15.295460381627837
1966-06-16,15.347759657253047
1966-06-17,15.401125090212297
1966-06-20,15.415120123684632
1966-06-21,15.530594718374427
1966-06-22,15.582270038022063
1966-06-23,15.437092789577799
1966-06-24,15.386281330088357
1966-06-27,15.2050781929333
1966-06-28,15.178071476099477
1966-06-29,14.956424507597422
1966-06-30,14.952804746534776
1966-07-01,15.117759468807375
1966-07-05,15.098645561775701
1966-07-06,15.325453482467438
1966-07-07,15.37870453571159
1966-07-08,15.414801110902422
1966-07-11,15.39467684159774
1966-07-12,15.344160114417594
1966-07-13,15.23636059820911
1966-07-14,15.347546516947132
1966-07-15,15.405086037407317
1966-07-18,15.357713786784986
1966-07-19,15.19302094955889
1966-07-20,15.04825647760681
1966-07-21,15.058923356953452
1966-07-22,15.07171505488391
1966-07-25,14.658210569235104
1966-07-26,14.64531021766968
1966-07-27,14.747785207533246
1966-07-28,14.685440843809527
1966-07-29,14.68178814060964
1966-08-01,14.3673190058553
1966-08-02,14.385855071073912
1966-08-03,14.582190877816359
1966-08-04,14.722707654210597
1966-08-05,14.73076300521531
1966-08-08,14.707429700650897
1966-08-09,14.713770029912492
1966-08-10,14.635083145473304
1966-08-11,14.683518326026475
1966-08-12,14.80725319342947
1966-08-15,14.768722463441849
1966-08-16,14.560655699125407
1966-08-17,14.472118376485822
1966-08-18,14.243831112477647
1966-08-19,14.113544746649756
1966-08-22,13.79776798146842
1966-08-23,13.804608676599575
1966-08-24,13.965204059341723
1966-08-25,13.708949059196346
1966-08-26,13.281443554786964
1966-08-29,12.824635166440602
1966-08-30,13.139015786400174
1966-08-31,13.383743302565575
1966-09-01,13.358730119766058
1966-09-02,13.291684276086478
1966-09-06,13.179836219608724
1966-09-07,13.006857481739994
1966-09-08,12.978025779089473
1966-09-09,13.0977474687377
1966-09-12,13.437657177858759
1966-09-13,13.484369169647854
1966-09-14,13.667069199029461
1966-09-15,13.801792606417722
1966-09-16,13.782823399165252
1966-09-19,13.702738893010697
1966-09-20,13.611714492269671
1966-09-21,13.28770395883463
1966-09-22,13.360762337260125
1966-09-23,13.317347780476819
1966-09-26,13.40912659221762
1966-09-27,13.450256906936161
1966-09-28,13.250639555357628
1966-09-29,13.052257058889628
1966-09-30,13.09466232314751
1966-10-03,12.717371248296642
1966-10-04,12.71648416368831
1966-10-05,12.57307734913451
1966-10-06,12.366378011222283
1966-10-07,12.112981081214272
1966-10-10,12.439363164540325
1966-10-11,12.458338684385756
1966-10-12,12.796984533561005
1966-10-13,12.833691588883605
1966-10-14,12.824988138788356
1966-10-17,12.936493090896251
1966-10-18,13.205197106469338
1966-10-19,13.064563895888973
1966-10-20,12.995577649277037
1966-10-21,13.015878834128964
1966-10-24,13.018892058679477
1966-10-25,13.048911832066558
1966-10-26,13.210787994053652
1966-10-27,13.315650307294966
1966-10-28,13.336133483626275
1966-10-31,13.336025627430226
1966-11-01,13.582867045661786
1966-11-02,13.641106068373661
1966-11-03,13.637300883199456
1966-11-04,13.736142249378515
1966-11-07,13.753393435602637
1966-11-09,13.936534335349752
1966-11-10,14.031335493095114
1966-11-11,14.046500017224128
1966-11-14,13.986942337399775
1966-11-15,14.116861159511412
1966-11-16,14.299098130839646
1966-11-17,14.152227138383681
1966-11-18,14.079168767981868
1966-11-21,13.878992889275416
1966-11-22,13.847969710661252
1966-11-23,14.024137956409454
1966-11-25,14.180961195333186
1966-11-28,14.209745800696206
1966-11-29,14.204128324063372
1966-11-30,14.30942084629655
1966-12-01,14.24345364594762
1966-12-02,14.229951454820634
1966-12-05,14.281691217355053
1966-12-06,14.42600858579365
1966-12-07,14.602826030258576
1966-12-08,14.663735279232133
1966-12-09,14.64094737326925
1966-12-12,14.79438973909348
1966-12-13,14.743539043470921
1966-12-14,14.736455775858838
1966-12-15,14.568067305564673
1966-12-16,14.560431131004357
1966-12-19,14.561233214285542
1966-12-20,14.488675948003607
1966-12-21,14.583118745876464
1966-12-22,14.638112093336442
1966-12-23,14.585264368819479
1966-12-27,14.486772296821067
1966-12-28,14.418345256235607
1966-12-29,14.346756068806735
1966-12-30,14.348350468440831
1967-01-03,14.290292298622832
1967-01-04,14.272010117055135
1967-01-05,14.429960118525571
1967-01-06,14.567941514415105
1967-01-09,14.74068658896849
1967-01-10,14.725969038809762
1967-01-11,14.89022513222221
1967-01-12,14.97907976929159
1967-01-13,15.128624880511705
1967-01-16,15.08377129737061
1967-01-17,15.258521845744136
1967-01-18,15.308542944936631
1967-01-19,15.320285739734423
1967-01-20,15.37522703536767
1967-01-23,15.409371853531391
1967-01-24,15.486830302396282
1967-01-25,15.366462399078872
1967-01-26,15.403764423479352
1967-01-27,15.477130228321464
1967-01-30,15.599037391862634
1967-01-31,15.554991206431234
1967-02-01,15.503388956713875
1967-02-02,15.598194737427503
1967-02-03,15.653146982510027
1967-02-06,15.62183492009862
1967-02-07,15.568016867614086
1967-02-08,15.722993937135955
1967-02-09,15.677309151862179
1967-02-10,15.71354230098096
1967-02-13,15.789443211669465
1967-02-14,15.956085913943
1967-02-15,15.975434489580138
1967-02-16,15.903314743605142
1967-02-17,15.924338234492842
1967-02-20,15.897330096084328
1967-02-21,15.918920360637204
1967-02-23,15.911190028861329
1967-02-24,15.958642057549742
1967-02-27,15.799297579461832
1967-02-28,15.94738942628431
1967-03-01,16.235165989469778
1967-03-02,16.314685637382382
1967-03-03,16.31818944269693
1967-03-06,16.32891074474935
1967-03-07,16.323717216844226
1967-03-08,16.32830972963411
1967-03-09,16.38243486237179
1967-03-10,16.372664119807318
1967-03-13,16.263942150257577
1967-03-14,16.20764091381556
1967-03-15,16.329170243476895
1967-03-16,16.443613561223064
1967-03-17,16.426000769525746
1967-03-20,16.397812905161995
1967-03-21,16.377788085765673
1967-03-22,16.37858041145508
1967-03-23,16.50061048606567
1967-03-27,16.518945296442563
1967-03-28,16.503180130440086
1967-03-29,16.49360537105398
1967-03-30,16.537337553167387
1967-03-31,16.462575501995836
1967-04-03,16.27223645120159
1967-04-04,16.27452512452941
1967-04-05,16.36766539318604
1967-04-06,16.431574417019835
1967-04-07,16.36289832088659
1967-04-10,16.201462931581045
1967-04-11,16.33541070166793
1967-04-12,16.314930217244832
1967-04-13,16.444999142928832
1967-04-14,16.563817481128858
1967-04-17,16.597797273514193
1967-04-18,16.682248694121466
1967-04-19,16.72375113783009
1967-04-20,16.76878660447539
1967-04-21,16.799696884478873
1967-04-24,16.865572073602046
1967-04-25,16.951343576530522
1967-04-26,16.916687318498152
1967-04-27,17.06288582297276
1967-04-28,17.060172402168387
1967-05-01,17.09763458367202
1967-05-02,17.11265597655537
1967-05-03,17.153991004888805
1967-05-04,17.178837367774438
1967-05-05,17.156405811316244
1967-05-08,17.116085126564364
1967-05-09,16.948296071627585
1967-05-10,16.955442312894807
1967-05-11,17.029932147389854
1967-05-12,17.01143656383752
1967-05-15,16.874928077901536
1967-05-16,17.001210698993223
1967-05-17,16.980259286154215
1967-05-18,16.955266507954
1967-05-19,16.895224409261523
1967-05-22,16.845851325846816
1967-05-23,16.82358747930049
1967-05-24,16.634473387507132
1967-05-25,16.751062748417443
1967-05-26,16.735300927894272
1967-05-29,16.692116934961476
1967-05-31,16.417694566809892
1967-06-01,16.618765514685652
1967-06-02,16.576767282982544
1967-06-05,16.300242608283146
1967-06-06,16.644709672285554
1967-06-07,16.807126925833554
1967-06-08,16.926942356666412
1967-06-09,16.9956993167971
1967-06-12,17.13999440003097
1967-06-13,17.259799095703684
1967-06-14,17.301288927785638
1967-06-15,17.311937406619077
1967-06-16,17.288927420850207
1967-06-19,17.32472613312054
1967-06-20,17.364130497652024
1967-06-21,17.357789133246452
1967-06-22,17.350085915990864
1967-06-23,17.37822507157431
1967-06-26,17.37425455989642
1967-06-27,17.286139409994515
1967-06-28,17.27845834588929
1967-06-29,17.18409078833377
1967-06-30,17.170541737017135
1967-07-03,17.238718241154714
1967-07-05,17.360192405932377
1967-07-06,17.36833290428015
1967-07-07,17.479126671248416
1967-07-10,17.57962589487601
1967-07-11,17.640336387782114
1967-07-12,17.70205145925708
1967-07-13,17.73754312606376
1967-07-14,17.77155034302553
1967-07-17,17.779345695959954
1967-07-18,17.848755373798106
1967-07-19,17.88652955241713
1967-07-20,17.878656007500847
1967-07-21,17.838491823879046
1967-07-24,17.75585561189758
1967-07-25,17.76925854384352
1967-07-26,17.882857156613717
1967-07-27,17.961248995356197
1967-07-28,18.02307795922121
1967-07-31,18.06412812983087
1967-08-01,18.1822798076629
1967-08-02,18.252677169659627
1967-08-03,18.2005686289503
1967-08-04,18.25516718626563
1967-08-07,18.229122436727316
1967-08-08,18.247394723359804
1967-08-09,18.25970159164966
1967-08-10,18.183902498697744
1967-08-11,18.09267644458517
1967-08-14,17.994850666697364
1967-08-15,17.996517065858868
1967-08-16,18.010328272088046
1967-08-17,18.01841073554712
1967-08-18,18.056612414708283
1967-08-21,18.00899448298034
1967-08-22,17.943951597122375
1967-08-23,17.966196339199147
1967-08-24,17.859695554547802
1967-08-25,17.797818927193752
1967-08-28,17.807788337581027
1967-08-29,17.892598520358387
1967-08-30,17.963555256922298
1967-08-31,18.11192343104264
1967-09-01,18.190468148390597
1967-09-05,18.305851259703196
1967-09-06,18.38401972728981
1967-09-07,18.397411124856514
1967-09-08,18.460919382547235
1967-09-11,18.529745634615423
1967-09-12,18.635772021754835
1967-09-13,18.734592068501975
1967-09-14,18.734506711729814
1967-09-15,18.761682580731435
1967-09-18,18.786671296794232
1967-09-19,18.718433440258952
1967-09-20,18.715924543055852
1967-09-21,18.892951416817425
1967-09-22,18.94845054719493
1967-09-25,19.011588654820542
1967-09-26,18.84357957549191
1967-09-27,18.878706172194498
1967-09-28,18.90356122536731
1967-09-29,18.908448598579103
1967-10-02,18.847711938357087
1967-10-03,18.936361227812903
1967-10-04,18.905500524693064
1967-10-05,18.940095815822183
1967-10-06,19.09764088391388
1967-10-09,19.135066800674586
1967-10-10,19.00336154403403
1967-10-11,18.97659631539934
1967-10-12,18.889301613726545
1967-10-13,18.901835530650494
1967-10-16,18.742119669117304
1967-10-17,18.722616994045687
1967-10-18,18.8203574447905
1967-10-19,18.846721698958795
1967-10-20,18.828970954388137
1967-10-23,18.731698298768105
1967-10-24,18.65162843239929
1967-10-25,18.713118661934274
1967-10-26,18.84203635325307
1967-10-27,18.847791859192675
1967-10-30,18.81043333061903
1967-10-31,18.602055507962795
1967-11-01,18.376482986056182
1967-11-02,18.271564190275814
1967-11-03,18.21463980669871
1967-11-06,18.155862010002792
1967-11-08,18.066393736679967
1967-11-09,18.111002972629446
1967-11-10,18.225570934079975
1967-11-13,18.131732032825628
1967-11-14,17.979867935585148
1967-11-15,18.09545638977069
1967-11-16,18.314607614613422
1967-11-17,18.422735869285436
1967-11-20,18.087913113223774
1967-11-21,18.496785541876903
1967-11-22,18.600589692008153
1967-11-24,18.630156793773835
1967-11-27,18.67090300062522
1967-11-28,18.723823138044324
1967-11-29,18.71941700097211
1967-11-30,18.641726155772577
1967-12-01,18.765983117268068
1967-12-04,18.924049609676416
1967-12-05,18.95984823686584
1967-12-06,19.013781971897526
1967-12-07,19.001003153764504
1967-12-08,19.036337440369188
1967-12-11,19.019453864292856
1967-12-12,19.01868672971708
1967-12-13,19.09449851240073
1967-12-14,19.157158007244973
1967-12-15,19.057246616069012
1967-12-18,18.9385045087519
1967-12-19,18.94245985466251
1967-12-20,19.049543499897005
1967-12-21,19.107105383798185
1967-12-22,19.080555904618528
1967-12-26,19.11088044352095
1967-12-27,19.27112642678631
1967-12-28,19.250201086368772
1967-12-29,19.393149771466447
1968-01-02,19.273118351711542
1968-01-03,19.18703230665578
1968-01-04,19.155601277164422
1968-01-05,19.281736510606937
1968-01-08,19.45571821746172
1968-01-09,19.538355361473762
1968-01-10,19.630261138925746
1968-01-11,19.815520023125366
1968-01-12,19.887465164377854
1968-01-15,19.915484153344934
1968-01-16,19.810684591912526
1968-01-17,19.87754594908113
1968-01-18,19.911388125647118
1968-01-19,19.8269392799248
1968-01-22,19.548117054913767
1968-01-23,19.532873926041628
1968-01-24,19.436928719188504
1968-01-25,19.475462454201157
1968-01-26,19.5091653894543
1968-01-29,19.451857937750948
1968-01-30,19.350168874875592
1968-01-31,19.13661240583753
1968-02-01,19.199981092027105
1968-02-02,19.102155969708463
1968-02-05,19.018320489813625
1968-02-06,19.0464268216007
1968-02-07,19.095858891928263
1968-02-08,18.799030050898043
1968-02-09,18.52109065200209
1968-02-13,18.343971811505728
1968-02-14,18.586978062433314
1968-02-15,18.63714655592145
1968-02-16,18.56117947142557
1968-02-19,18.637915238715223
1968-02-20,18.80932490011888
1968-02-21,18.94633931557538
1968-02-23,18.83016965953648
1968-02-26,18.7151261976554
1968-02-27,18.858283858901345
1968-02-28,18.759815023444716
1968-02-29,18.60692764892541
1968-03-01,18.49895365264953
1968-03-04,18.17795273180466
1968-03-05,18.025739215290464
1968-03-06,18.311039302649778
1968-03-07,18.332594825757607
1968-03-08,18.363304375877433
1968-03-11,18.567430298312228
1968-03-12,18.629669368689466
1968-03-13,18.667509960783594
1968-03-14,18.30268903594354
1968-03-15,18.401164122740944
1968-03-18,18.55527779401843
1968-03-19,18.460156509033556
1968-03-20,18.461700088027214
1968-03-21,18.36386758208293
1968-03-22,18.377229687616435
1968-03-25,18.345093899049967
1968-03-26,18.46293870474018
1968-03-27,18.63775395489985
1968-03-28,18.65508819858281
1968-03-29,18.769466908728223
1968-04-01,19.122877525012242
1968-04-02,19.18961236988678
1968-04-03,19.412543830916665
1968-04-04,19.459486935054894
1968-04-05,19.331048206986903
1968-04-08,19.697593884994195
1968-04-10,19.932805169323505
1968-04-11,20.10757967164102
1968-04-15,20.118258877688646
1968-04-16,20.222578738800184
1968-04-17,20.32474723530457
1968-04-18,20.409042087374758
1968-04-19,20.113051376321756
1968-04-22,20.046921722000246
1968-04-23,20.41870260063833
1968-04-24,20.470570904808348
1968-04-25,20.56373518584917
1968-04-26,20.66813526154346
1968-04-29,20.75012529668943
1968-04-30,20.83320085604665
1968-05-01,20.971501567514917
1968-05-02,21.087632272140695
1968-05-03,21.06807986599557
1968-05-06,21.0730307566902
1968-05-07,21.173493119107373
1968-05-08,21.22839151189151
1968-05-09,21.12557590153358
1968-05-10,21.241419187457556
1968-05-13,21.21690668474365
1968-05-14,21.239161738176136
1968-05-15,21.23984867034868
1968-05-16,21.134108974149683
1968-05-17,21.050516707003844
1968-05-20,20.967816163340284
1968-05-21,21.154242246607144
1968-05-22,21.226755834109987
1968-05-23,21.25741193386753
1968-05-24,21.36709362551198
1968-05-27,21.392532730269867
1968-05-28,21.47204285043171
1968-05-29,21.590318886930483
1968-05-31,21.82991879464371
1968-06-03,22.129595410732215
1968-06-04,22.25507150668423
1968-06-05,22.120832073870922
1968-06-06,22.343590227095984
1968-06-07,22.491716728799798
1968-06-10,22.515993561950193
1968-06-11,22.590488749330145
1968-06-13,22.48815146708801
1968-06-14,22.434700523423295
1968-06-17,22.156840836322495
1968-06-18,22.15370102874397
1968-06-20,22.31794899786525
1968-06-21,22.372149898169553
1968-06-24,22.259874747464252
1968-06-25,22.23997645719108
1968-06-27,22.30399155800585
1968-06-28,22.229813184654315
1968-07-01,22.178535455151586
1968-07-02,22.33831853172446
1968-07-03,22.69946338497366
1968-07-08,23.03074909176583
1968-07-09,23.110848820979992
1968-07-11,23.19409774284835
1968-07-12,23.22588835071866
1968-07-15,23.210088427888426
1968-07-16,23.16696608343938
1968-07-18,23.13626329704403
1968-07-19,22.977830783076964
1968-07-22,22.622062647814374
1968-07-23,22.49083455128806
1968-07-25,22.165426852477943
1968-07-26,22.242997077521096
1968-07-29,22.04637610232353
1968-07-30,21.999551169916163
1968-08-01,21.9095721612461
1968-08-02,21.7337304726385
1968-08-05,21.8382618868053
1968-08-06,22.008725894230714
1968-08-08,22.034354962649125
1968-08-09,22.032246742769566
1968-08-12,22.259780864611205
1968-08-13,22.356827473469124
1968-08-15,22.340761220748064
1968-08-16,22.483480800577325
1968-08-19,22.60278148085669
1968-08-20,22.66551141677246
1968-08-22,22.566870465731636
1968-08-23,22.627476931672778
1968-08-26,22.6722376482567
1968-08-27,22.605501407943137
1968-08-29,22.53096909600375
1968-08-30,22.60597149570947
1968-09-03,22.695721572112777
1968-09-04,22.817525233562634
1968-09-05,22.925830724879525
1968-09-06,23.081641664033572
1968-09-09,23.17010827996065
1968-09-10,23.08556648916422
1968-09-12,23.0794475043865
1968-09-13,23.20734209161094
1968-09-16,23.322504204438385
1968-09-17,23.430320904982825
1968-09-19,23.518179005281777
1968-09-20,23.586671705084687
1968-09-23,23.680526099875085
1968-09-24,23.769390334584077
1968-09-26,23.791798797128138
1968-09-27,23.935829834720014
1968-09-30,24.09791985831906
1968-10-01,24.1368229622628
1968-10-03,24.199624973287406
1968-10-04,24.241101624632986
1968-10-07,24.2397695709866
1968-10-08,24.20951702459351
1968-10-10,24.130742854024124
1968-10-11,24.213260659694345
1968-10-14,24.280978091423812
1968-10-15,24.325842528392766
1968-10-17,24.49975386639371
1968-10-18,24.633955689616634
1968-10-21,24.68394205672213
1968-10-22,24.652516313787466
1968-10-24,24.627369643913546
1968-10-25,24.728209111668164
1968-10-28,24.691941119097603
1968-10-29,24.556456320246575
1968-10-31,24.523507732929787
1968-11-01,24.425846567426852
1968-11-04,24.37575853035462
1968-11-06,24.443899993905426
1968-11-07,24.4452014097617
1968-11-08,24.566194724108854
1968-11-12,24.731181262721506
1968-11-13,24.906820166937674
1968-11-14,24.9603647462915
1968-11-15,25.006296831781086
1968-11-18,25.005744397354785
1968-11-19,25.119337670234483
1968-11-21,25.06489248393543
1968-11-22,25.22309815489972
1968-11-25,25.320176870672665
1968-11-26,25.48501682866533
1968-11-27,25.659633423059727
1968-11-29,25.86864489289807
1968-12-02,25.85756871645122
1968-12-03,25.83319040829184
1968-12-05,25.834413925434095
1968-12-06,25.92218454165634
1968-12-09,25.957026688037267
1968-12-10,25.86439616996431
1968-12-12,25.930385992539133
1968-12-13,26.074986088590588
1968-12-16,25.96515771613469
1968-12-17,25.796394453675532
1968-12-19,25.75683355078626
1968-12-20,25.701079734940333
1968-12-23,25.432699532138706
1968-12-24,25.34798071031872
1968-12-26,25.382713238399983
1968-12-27,25.23453480908864
1968-12-30,24.919594251161428
1968-12-31,24.974064038856763
1969-01-02,24.96403664044863
1969-01-03,24.91486518270976
1969-01-06,24.58020230560587
1969-01-07,24.19788458080522
1969-01-08,24.050897560923794
1969-01-09,24.147707344578762
1969-01-10,24.182787165937924
1969-01-13,23.96047778385032
1969-01-14,24.14467537271401
1969-01-15,24.290267601734644
1969-01-16,24.409321789449457
1969-01-17,24.393624915315264
1969-01-20,24.407895780119933
1969-01-21,24.32522344796273
1969-01-22,24.3944988167486
1969-01-23,24.550860286874475
1969-01-24,24.575641049494152
1969-01-27,24.58398980257535
1969-01-28,24.609104693220523
1969-01-29,24.656883193147436
1969-01-30,24.650697162775145
1969-01-31,24.767861015135942
1969-02-03,24.786927762380454
1969-02-04,24.80012943327882
1969-02-05,24.86820965863841
1969-02-06,24.946755753145165
1969-02-07,24.936376417383304
1969-02-11,24.9226385176643
1969-02-12,24.89758004873119
1969-02-13,24.896675241562324
1969-02-14,24.914165680765734
1969-02-17,24.63339173717796
1969-02-18,24.277339432480357
1969-02-19,24.085499399832372
1969-02-20,23.816311068021093
1969-02-24,23.415252442108738
1969-02-25,23.26409277726764
1969-02-26,23.345260078511068
1969-02-27,23.23035485206652
1969-02-28,23.244332781054265
1969-03-03,23.278403724780663
1969-03-04,23.508261313000414
1969-03-05,23.60323251950585
1969-03-06,23.3282164250327
1969-03-07,23.283387943484875
1969-03-10,23.340348517079033
1969-03-11,23.433656989396834
1969-03-12,23.375855385940852
1969-03-13,23.255060178764687
1969-03-14,23.12141101590925
1969-03-17,23.139584779590393
1969-03-18,23.30122618869645
1969-03-19,23.476034541726378
1969-03-20,23.637886378267222
1969-03-21,23.6105992367001
1969-03-24,23.601242894343976
1969-03-25,23.658862000861895
1969-03-26,23.878798918660152
1969-03-27,24.076964227312637
1969-03-28,24.20891370789946
1969-04-01,24.194105976289997
1969-04-02,24.02998786661043
1969-04-03,23.94571013913305
1969-04-07,23.742783942698154
1969-04-08,23.8008996138559
1969-04-09,23.997414710019864
1969-04-10,24.097536787575304
1969-04-11,24.15116104037446
1969-04-14,24.137929641319555
1969-04-15,24.122993178675575
1969-04-16,23.86605051685234
1969-04-17,23.90221453065812
1969-04-18,24.014528823820097
1969-04-21,23.90397687552416
1969-04-22,23.949077953405396
1969-04-23,24.0566726194411
1969-04-24,24.129499875124896
1969-04-25,24.225420814827704
1969-04-28,24.27519996472736
1969-04-29,24.420176481488387
1969-04-30,24.666987397131116
1969-05-01,24.660796881739067
1969-05-02,24.777292627404996
1969-05-05,24.98276651278986
1969-05-06,25.08727785591409
1969-05-07,25.062408236215834
1969-05-08,25.127591255101738
1969-05-09,25.17255331426384
1969-05-12,25.159437781313162
1969-05-13,25.30914894127383
1969-05-14,25.442852866757804
1969-05-15,25.402430899038148
1969-05-16,25.36728940680216
1969-05-19,25.157530769848698
1969-05-20,24.993458622020835
1969-05-21,25.123180690518772
1969-05-22,25.179777711966935
1969-05-23,25.086185066800375
1969-05-26,25.070542906122736
1969-05-27,24.916045839309515
1969-05-28,24.83064193594734
1969-05-29,24.949656415614268
1969-06-02,24.81803684772195
1969-06-03,24.74433601460676
1969-06-04,24.728703738490275
1969-06-05,24.716338521008197
1969-06-06,24.520491867217658
1969-06-09,24.193104685452727
1969-06-10,24.009744684702817
1969-06-11,23.7685715695239
1969-06-12,23.446053371468505
1969-06-13,23.496781339775662
1969-06-16,23.4207104435635
1969-06-17,23.31363670919263
1969-06-18,23.276292008710872
1969-06-19,23.027447687292785
1969-06-20,22.917963830408752
1969-06-23,22.771429123742536
1969-06-24,22.950585436597798
1969-06-25,22.93932276633548
1969-06-26,22.959447280471764
1969-06-27,22.98611301900077
1969-06-30,23.057533735672187
1969-07-01,23.094383750953124
1969-07-02,23.263795647110776
1969-07-03,23.472880881598705
1969-07-07,23.390818538778174
1969-07-08,23.102026122649363
1969-07-09,22.934423183056232
1969-07-10,22.593778411499116
1969-07-11,22.749533032579844
1969-07-14,22.50299959481792
1969-07-15,22.387927913123427
1969-07-16,22.565870698849803
1969-07-17,22.680088561541382
1969-07-18,22.534158859901225
1969-07-22,22.1885281694144
1969-07-23,22.006678429340006
1969-07-24,21.959527888992838
1969-07-25,21.78926291815031
1969-07-28,21.300150501440964
1969-07-29,20.96840739651852
1969-07-30,21.06471811255671
1969-07-31,21.54143686727211
1969-08-01,22.004524483378862
1969-08-04,21.921561902948238
1969-08-05,22.047944663379358
1969-08-06,22.178820454204416
1969-08-07,22.22378647375702
1969-08-08,22.269969327890497
1969-08-11,22.15321736870401
1969-08-12,22.023528508666672
1969-08-13,22.01840471916761
1969-08-14,22.223770003362063
1969-08-15,22.43661515688072
1969-08-18,22.550872641779417
1969-08-19,22.707830406755566
1969-08-20,22.736858246994785
1969-08-21,22.79625231398443
1969-08-22,22.98182897829299
1969-08-25,22.820398627488597
1969-08-26,22.634341360062855
1969-08-27,22.65819348719003
1969-08-28,22.73480488052419
1969-08-29,22.91923330808972
1969-09-02,22.89649305667267
1969-09-03,22.775709970472427
1969-09-04,22.584319596749275
1969-09-05,22.451584433748735
1969-09-08,22.18608384076328
1969-09-09,22.345785513417148
1969-09-10,22.603134152414462
1969-09-11,22.589640033010035
1969-09-12,22.601076974021893
1969-09-15,22.628700275612218
1969-09-16,22.65662232437797
1969-09-17,22.65083808523125
1969-09-18,22.743353626471826
1969-09-19,22.7946045049323
1969-09-22,22.875026651164056
1969-09-23,22.97666429338689
1969-09-24,22.985067182112257
1969-09-25,22.917500585823323
1969-09-26,22.76315391288555
1969-09-29,22.571345783561902
1969-09-30,22.490598164284204
1969-10-01,22.36872855057727
1969-10-02,22.519015035701422
1969-10-03,22.529137895935346
1969-10-06,22.655918343347945
1969-10-07,22.629414792176103
1969-10-08,22.487145503506653
1969-10-09,22.623803373529956
1969-10-10,22.836097086495958
1969-10-13,23.183738585533415
1969-10-14,23.522901981426592
1969-10-15,23.54952100128303
1969-10-16,23.81880999848142
1969-10-17,23.802393370689998
1969-10-20,23.86353918591002
1969-10-21,24.102215686560147
1969-10-22,24.257555790688496
1969-10-23,24.18907082087427
1969-10-24,24.48168031309393
1969-10-27,24.487153144761113
1969-10-28,24.39902346107873
1969-10-29,24.08109050293866
1969-10-30,24.11135360485802
1969-10-31,24.16196733458482
1969-11-03,24.092056554269277
1969-11-04,24.11657503951574
1969-11-05,24.24182748905755
1969-11-06,24.340731468955656
1969-11-07,24.512549043321272
1969-11-10,24.56022074040029
1969-11-11,24.467872172886818
1969-11-12,24.43093460966962
1969-11-13,24.282195255138305
1969-11-14,24.155945871037776
1969-11-17,23.940721422730526
1969-11-18,23.903398314468724
1969-11-19,23.779527711420425
1969-11-20,23.53981365120629
1969-11-21,23.36923480227967
1969-11-24,23.118890702350633
1969-11-25,23.16117096948786
1969-11-26,23.255667376665336
1969-11-28,23.467772840542942
1969-12-01,23.42664847451168
1969-12-02,23.290660776437875
1969-12-03,23.09843236866358
1969-12-04,23.16892403417189
1969-12-05,23.144709522742676
1969-12-08,22.8871942047097
1969-12-09,22.882745912639532
1969-12-10,22.93550361843359
1969-12-11,22.950210747837197
1969-12-12,23.016939374955314
1969-12-15,22.99173452587172
1969-12-16,22.81634807023105
1969-12-17,22.674150727141246
1969-12-18,23.04814412824263
1969-12-19,23.187957168065285
1969-12-22,23.014215773444384
1969-12-23,22.90524968705392
1969-12-24,23.066591075597483
1969-12-26,23.2281797787686
1969-12-29,23.075493462623715
1969-12-30,23.11450367632893
1969-12-31,23.22321038239226
1970-01-02,23.36344513782147
1970-01-05,23.519959173742684
1970-01-06,23.479795882434612
1970-01-07,23.503328186224795
1970-01-08,23.533183199509743
1970-01-09,23.54030000947488
1970-01-12,23.39864151842688
1970-01-13,23.48642114357087
1970-01-14,23.504758489098734
1970-01-15,23.521707316005852
1970-01-16,23.345375407694817
1970-01-19,22.95704521977866
1970-01-20,23.053339217738408
1970-01-21,23.078119787116403
1970-01-22,23.045576667910453
1970-01-23,22.930168110989023
1970-01-26,22.60359741231516
1970-01-27,22.400245296217513
1970-01-28,22.084859545001816
1970-01-29,21.88332655434148
1970-01-30,21.763773159668784
1970-02-02,22.067447485202294
1970-02-03,22.32874043006435
1970-02-04,22.143790884342085
1970-02-05,22.130702440850563
1970-02-06,22.363783647437028
1970-02-09,22.609839298826248
1970-02-10,22.44059970396545
1970-02-11,22.638133422019255
1970-02-12,22.63047763194742
1970-02-13,22.686461190481925
1970-02-16,22.655124028873765
1970-02-17,22.598152563599303
1970-02-18,22.759096026855392
1970-02-19,22.74011987135432
1970-02-20,22.813462821240027
1970-02-24,22.712311690037566
1970-02-25,22.98458373218091
1970-02-26,22.86386584145617
1970-02-27,22.965704910787537
1970-03-02,22.920900542561682
1970-03-03,23.054397898872498
1970-03-04,22.975710331411427
1970-03-05,22.895849450406832
1970-03-06,22.722128735512115
1970-03-09,22.4651807147568
1970-03-10,22.524981128053685
1970-03-11,22.482070099532653
1970-03-12,22.408396818913843
1970-03-13,22.22289141254225
1970-03-16,21.95668368107879
1970-03-17,22.034320666261685
1970-03-18,22.087753060480324
1970-03-19,22.05416281745069
1970-03-20,21.927727346537477
1970-03-23,21.90874287565137
1970-03-24,22.122795982499568
1970-03-25,22.560235613307512
1970-03-26,22.565036011567432
1970-03-30,22.571717301567805
1970-03-31,22.560528059740903
1970-04-01,22.61924684433981
1970-04-02,22.444045668778937
1970-04-03,22.31381448279389
1970-04-06,22.1184473828981
1970-04-07,22.03896051153247
1970-04-08,22.01988506586569
1970-04-09,22.03542731834409
1970-04-10,21.91860743353259
1970-04-13,21.80137637160278
1970-04-14,21.613209850884925
1970-04-15,21.502464955025033
1970-04-16,21.19968836442414
1970-04-17,21.155556018385123
1970-04-20,21.249391443775377
1970-04-21,21.168388674286806
1970-04-22,20.840049180648553
1970-04-23,20.474676454269105
1970-04-24,20.45867855342123
1970-04-27,20.12393244893897
1970-04-28,19.777104472964194
1970-04-29,20.18936370995092
1970-04-30,20.090399155200586
1970-05-01,20.073359408681185
1970-05-04,19.528385374023554
1970-05-05,19.325568683849756
1970-05-06,19.56530096013993
1970-05-07,19.69342226358168
1970-05-08,19.60498535067992
1970-05-11,19.392262272655547
1970-05-12,19.210605008249907
1970-05-13,18.93353821791509
1970-05-14,18.682972334664676
1970-05-15,18.97780746130534
1970-05-18,19.026577115154893
1970-05-19,18.63916002428583
1970-05-20,18.145788236054464
1970-05-21,17.80465355729322
1970-05-22,17.783185413157444
1970-05-25,17.34578821597524
1970-05-26,17.17795607399319
1970-05-27,17.97313505078646
1970-05-28,18.347185656629538
1970-05-29,18.77893136851828
1970-06-01,18.997085522478734
1970-06-02,18.987038082092347
1970-06-03,19.104669237580936
1970-06-04,18.767260980375372
1970-06-05,18.48360504343405
1970-06-08,18.51485303633981
1970-06-09,18.59529492385569
1970-06-10,18.36933088176083
1970-06-11,18.07223384494464
1970-06-12,18.023073081376655
1970-06-15,18.11315655193082
1970-06-16,18.620091539398253
1970-06-17,18.584256281827198
1970-06-18,18.731738103135466
1970-06-19,18.82945305924012
1970-06-22,18.74384403900512
1970-06-23,18.252476015279417
1970-06-24,17.99224607281514
1970-06-25,17.965319086827368
1970-06-26,17.81534700964548
1970-06-29,17.7036440585168
1970-06-30,17.663883794416723
1970-07-01,17.838832045209863
1970-07-02,17.766181173077236
1970-07-06,17.494490070869837
1970-07-07,17.294634166973136
1970-07-08,17.64283114372239
1970-07-09,17.94855748427989
1970-07-10,18.063517465072138
1970-07-13,18.114399716144693
1970-07-14,18.060319801719178
1970-07-15,18.267763599790786
1970-07-16,18.443670877480855
1970-07-17,18.69508728214716
1970-07-20,18.68387476203227
1970-07-21,18.452575699048676
1970-07-22,18.515713997682568
1970-07-23,18.72577852382495
1970-07-24,18.7286949026004
1970-07-27,18.674157273850206
1970-07-28,18.744169222687184
1970-07-29,18.814966783338058
1970-07-30,18.80641337335449
1970-07-31,18.735555805108877
1970-08-03,18.502474102590117
1970-08-04,18.498404694525522
1970-08-05,18.484795887218237
1970-08-06,18.433496498485045
1970-08-07,18.421604794335657
1970-08-10,18.22152387744919
1970-08-11,18.12324021210741
1970-08-12,18.067196273688978
1970-08-13,17.94631588287195
1970-08-14,17.977923470170577
1970-08-17,17.983463537670666
1970-08-18,18.121519892606013
1970-08-19,18.214326396109545
1970-08-20,18.301221529507213
1970-08-21,18.58581312734662
1970-08-24,18.969659660897292
1970-08-25,19.080489598781746
1970-08-26,19.155659958851903
1970-08-27,19.156883528723778
1970-08-28,19.305754904210826
1970-08-31,19.274148914301602
1970-09-01,19.216780961730496
1970-09-02,19.23713775291705
1970-09-03,19.502988427440833
1970-09-04,19.620787766106268
1970-09-08,19.64844899898897
1970-09-09,19.629909634660823
1970-09-10,19.525958265538765
1970-09-11,19.606459831279533
1970-09-14,19.502035710529224
1970-09-15,19.335466853851983
1970-09-16,19.476816127161406
1970-09-17,19.576634196865992
1970-09-18,19.657932175332697
1970-09-21,19.592090454538887
1970-09-22,19.558684901515242
1970-09-23,19.69345916057981
1970-09-24,19.882532021210665
1970-09-25,19.930104549544662
1970-09-28,19.88927948597217
1970-09-29,19.983599707092218
1970-09-30,19.94033385093033
1970-10-01,19.93677701012494
1970-10-02,20.08480631572319
1970-10-05,20.27077901706276
1970-10-06,20.333837553859627
1970-10-07,20.291691552569617
1970-10-08,20.149875152978684
1970-10-09,19.999472045077255
1970-10-12,19.85311110363935
1970-10-13,19.800042026650374
1970-10-14,19.857911400531368
1970-10-15,19.875237761105723
1970-10-16,19.789842480617118
1970-10-19,19.6115989912345
1970-10-20,19.746301810119817
1970-10-21,19.763500238214288
1970-10-22,19.71637148229554
1970-10-23,19.77716171358941
1970-10-26,19.72468338243158
1970-10-27,19.67847913718273
1970-10-28,19.729539999772918
1970-10-29,19.707985453009375
1970-10-30,19.7246205297698
1970-11-02,19.765032322162874
1970-11-03,19.97703530653281
1970-11-04,20.073384085800477
1970-11-05,20.093961813474195
1970-11-06,20.132514681582148
1970-11-09,20.20808295642198
1970-11-10,20.264148109947318
1970-11-11,20.29014775165764
1970-11-12,20.018165790728816
1970-11-13,19.875167827027038
1970-11-16,19.86812297038402
1970-11-17,19.94653215981912
1970-11-18,19.82851665326411
1970-11-19,19.877314404162675
1970-11-20,20.065931184881556
1970-11-23,20.170023738156523
1970-11-24,20.38379042434595
1970-11-25,20.521659350058272
1970-11-27,20.672838654251976
1970-11-30,20.95409148638249
1970-12-01,21.015941645709123
1970-12-02,21.2236554392666
1970-12-03,21.334423625057212
1970-12-04,21.494983848160423
1970-12-07,21.56598437241648
1970-12-08,21.414368973534312
1970-12-09,21.46943497407492
1970-12-10,21.544329185436876
1970-12-11,21.648910834656952
1970-12-14,21.538857151199156
1970-12-15,21.478518617139073
1970-12-16,21.540959242440636
1970-12-17,21.619164352450557
1970-12-18,21.655926331252534
1970-12-21,21.589538770486104
1970-12-22,21.616320101140857
1970-12-23,21.649113022348796
1970-12-24,21.768618664010017
1970-12-28,21.858356087107023
1970-12-29,22.088530199467726
1970-12-30,22.1752231178407
1970-12-31,22.1886192777857
1971-01-04,21.96040056637233
1971-01-05,22.067770666365437
1971-01-06,22.182900347702088
1971-01-07,22.214038885833226
1971-01-08,22.180682942434522
1971-01-11,22.093804728922947
1971-01-12,22.241552076368293
1971-01-13,22.17398772722001
1971-01-14,22.232659647801896
1971-01-15,22.318764240784216
1971-01-18,22.337885094568776
1971-01-19,22.41985475197795
1971-01-20,22.439292604327235
1971-01-21,22.560326931121217
1971-01-22,22.715031240678343
1971-01-25,22.787178607118605
1971-01-26,22.788693952232986
1971-01-27,22.59143680820549
1971-01-28,22.72497963545693
1971-01-29,22.874326919349922
1971-02-01,23.02732436075369
1971-02-02,23.026009295701243
1971-02-03,23.01482053149758
1971-02-04,23.062086080108692
1971-02-05,23.17948020726634
1971-02-08,23.296343809404593
1971-02-09,23.30875211312793
1971-02-10,23.315583000663075
1971-02-11,23.38408031806336
1971-02-12,23.48339280721385
1971-02-16,23.577419417607935
1971-02-17,23.540661028899024
1971-02-18,23.453259598625586
1971-02-19,23.27880464859941
1971-02-22,23.04955498924126
1971-02-23,23.113484644457742
1971-02-24,23.23045270000602
1971-02-25,23.355625983562543
1971-02-26,23.222180208503982
1971-03-01,23.197213354600304
1971-03-02,23.183000167336495
1971-03-03,23.210768522358954
1971-03-04,23.497835283888232
1971-03-05,23.74757597035465
1971-03-08,23.855129542146965
1971-03-09,23.874850283046353
1971-03-10,23.820615925467713
1971-03-11,23.854788368309432
1971-03-12,23.84470107742504
1971-03-15,24.097792710869612
1971-03-16,24.204413213051215
1971-03-17,24.184458763687164
1971-03-18,24.172892672747032
1971-03-19,24.137689936997507
1971-03-22,24.092864400082878
1971-03-23,24.030776286362222
1971-03-24,23.89296570524824
1971-03-25,23.894758610765805
1971-03-26,24.014563146000892
1971-03-29,23.9984038379938
1971-03-30,24.05438823564098
1971-03-31,24.069589366137247
1971-04-01,24.124093183771382
1971-04-02,24.148977861569684
1971-04-05,24.241818065548333
1971-04-06,24.461686537708278
1971-04-07,24.653829491169617
1971-04-08,24.73369779187383
1971-04-12,24.99026096176636
1971-04-13,25.060879244213005
1971-04-14,25.15371247843325
1971-04-15,25.261059516691812
1971-04-16,25.282248111047107
1971-04-19,25.43304646238849
1971-04-20,25.305330238937074
1971-04-21,25.236429429911027
1971-04-22,25.286079893980215
1971-04-23,25.395884910971212
1971-04-26,25.379019453926716
1971-04-27,25.485916808340217
1971-04-28,25.622155368060216
1971-04-29,25.54622140904604
1971-04-30,25.403872632822456
1971-05-03,25.257648289625944
1971-05-04,25.430793752019497
1971-05-05,25.440138265137747
1971-05-06,25.302766794037485
1971-05-07,25.239398870259624
1971-05-10,25.101183315231246
1971-05-11,25.236093201427234
1971-05-12,25.27218175206599
1971-05-13,25.256464115193662
1971-05-14,25.170386561329842
1971-05-17,24.76682565321386
1971-05-18,24.767254758644786
1971-05-19,24.84409049706328
1971-05-20,24.881074423044637
1971-05-21,24.840849261722763
1971-05-24,24.643782932184404
1971-05-25,24.495083086574603
1971-05-26,24.508720945751097
1971-05-27,24.482369063641
1971-05-28,24.57292795834503
1971-06-01,24.76138931192207
1971-06-02,24.997611111924932
1971-06-03,25.089411635158207
1971-06-04,25.179861347650164
1971-06-07,25.215182937770084
1971-06-08,25.042902817594904
1971-06-09,24.98591923442984
1971-06-10,25.04783869990965
1971-06-11,25.090550384461753
1971-06-14,24.847689448466188
1971-06-15,24.815542606118303
1971-06-16,24.878774837809047
1971-06-17,24.881252260090964
1971-06-18,24.545758894442294
1971-06-21,24.254737341638737
1971-06-22,24.192462209318688
1971-06-23,24.42553313205121
1971-06-24,24.373636750379852
1971-06-25,24.344167341111014
1971-06-28,24.22326131650447
1971-06-29,24.481890151086635
1971-06-30,24.686769996432034
1971-07-01,24.746998838365748
1971-07-02,24.773277870538763
1971-07-06,24.83505956147484
1971-07-07,24.95055633752104
1971-07-08,25.02915125158155
1971-07-09,25.029048984906836
1971-07-12,25.020827831368454
1971-07-13,24.729997661706044
1971-07-14,24.687291523643797
1971-07-15,24.767663122947262
1971-07-16,24.695256597329525
1971-07-19,24.642432647237694
1971-07-20,24.734870670708677
1971-07-21,24.73132813827972
1971-07-22,24.679275022321264
1971-07-23,24.621157539523296
1971-07-26,24.52891734636628
1971-07-27,24.361026823489713
1971-07-28,24.16023677386838
1971-07-29,23.826855689780025
1971-07-30,23.72878421681853
1971-08-02,23.856444398196192
1971-08-03,23.51560496265882
1971-08-04,23.423312884355745
1971-08-05,23.47308611650732
1971-08-06,23.545328927648296
1971-08-09,23.37579821717751
1971-08-10,23.392454522021165
1971-08-11,23.658211913064758
1971-08-12,23.98077040938053
1971-08-13,23.96518189641412
1971-08-16,24.785891614878313
1971-08-17,24.90305516139954
1971-08-18,24.65381843021835
1971-08-19,24.58516462183136
1971-08-20,24.636415655011465
1971-08-23,24.803636220516374
1971-08-24,25.00753024904913
1971-08-25,25.15983826440893
1971-08-26,25.198864732700848
1971-08-27,25.279426636432177
1971-08-30,25.039063943942228
1971-08-31,24.918706255108233
1971-09-01,24.95299646692134
1971-09-02,25.02535872541516
1971-09-03,25.27672230440305
1971-09-07,25.44406581775975
1971-09-08,25.498752349661178
1971-09-09,25.48358774516234
1971-09-10,25.40708146530097
1971-09-13,25.39069798130463
1971-09-14,25.234337830752967
1971-09-15,25.304403608048222
1971-09-16,25.284612389537294
1971-09-17,25.348463091862467
1971-09-20,25.30169606641914
1971-09-21,25.2103561901028
1971-09-22,25.056536580334733
1971-09-23,25.02024364297402
1971-09-24,25.057135123801128
1971-09-27,24.917989203993006
1971-09-28,24.9435450258472
1971-09-29,24.955256264413347
1971-09-30,25.040069990222143
1971-10-01,25.152800882275717
1971-10-04,25.162912527185558
1971-10-05,25.11819815439553
1971-10-06,25.305173507239363
1971-10-07,25.400700679215362
1971-10-08,25.30100205485468
1971-10-11,25.22324148533594
1971-10-12,25.225883756649246
1971-10-13,25.171843617538972
1971-10-14,24.94984880194856
1971-10-15,24.806758483464286
1971-10-18,24.63825020653236
1971-10-19,24.49445909191781
1971-10-20,24.204637805097654
1971-10-21,24.24760633266191
1971-10-22,24.28522310797211
1971-10-25,24.16492256969573
1971-10-26,24.089933347281942
1971-10-27,23.88585566308297
1971-10-28,23.939238997644782
1971-10-29,24.102347319696065
1971-11-01,23.81766600127376
1971-11-02,23.815084594472165
1971-11-03,24.153733904021763
1971-11-04,24.197063901487372
1971-11-05,24.163827683064298
1971-11-08,24.171729524093106
1971-11-09,24.242965757410495
1971-11-10,24.091946405443522
1971-11-11,23.774503680257368
1971-11-12,23.757245146039054
1971-11-15,23.672833138779914
1971-11-16,23.846904384715717
1971-11-17,23.87944807796366
1971-11-18,23.74512639298667
1971-11-19,23.55702671631735
1971-11-22,23.347041671415393
1971-11-23,23.15736854463824
1971-11-24,23.223368175530922
1971-11-26,23.619324395430766
1971-11-29,23.97375486014423
1971-11-30,24.18742375484441
1971-12-01,24.689655385199348
1971-12-02,24.722100351162954
1971-12-03,24.94511768912219
1971-12-06,24.9687858536224
1971-12-07,25.116308931552517
1971-12-08,25.17517624471211
1971-12-09,25.136692989960554
1971-12-10,25.271647150028084
1971-12-13,25.2970678456156
1971-12-14,25.197595567814332
1971-12-15,25.3518277303118
1971-12-16,25.562393840126095
1971-12-17,25.6999869454151
1971-12-20,26.045638656209697
1971-12-21,26.106978792148446
1971-12-22,25.948665705170335
1971-12-23,25.823762600933133
1971-12-27,25.816320023859618
1971-12-28,25.915355663322124
1971-12-29,26.002845095264252
1971-12-30,25.94471964388217
1971-12-31,26.07506439125048
1972-01-03,26.006213876619384
1972-01-04,26.044573898233566
1972-01-05,26.192318399798136
1972-01-06,26.254572886985223
1972-01-07,26.290002140560006
1972-01-10,26.289362775937587
1972-01-11,26.33207728036439
1972-01-12,26.331515398445067
1972-01-13,26.182631326101795
1972-01-14,26.247625464051996
1972-01-17,26.2748165285159
1972-01-18,26.334843550531655
1972-01-19,26.28551270438661
1972-01-20,26.255023903027105
1972-01-21,26.26801133658772
1972-01-24,26.04485635185736
1972-01-25,26.085300950067026
1972-01-26,26.077663512030647
1972-01-27,26.36376964086517
1972-01-28,26.627161438931857
1972-01-31,26.690099294235708
1972-02-01,26.74472818273135
1972-02-02,27.037809628200193
1972-02-03,27.14850912701703
1972-02-04,27.33813427125308
1972-02-07,27.21756085635796
1972-02-08,27.263327457644507
1972-02-09,27.528101537435884
1972-02-10,27.630970507698134
1972-02-11,27.53550221252359
1972-02-14,27.45483095407276
1972-02-15,27.55608926372873
1972-02-16,27.77216870230002
1972-02-17,27.90105129801824
1972-02-18,27.802426667921345
1972-02-22,27.76685351779293
1972-02-23,27.80752080310758
1972-02-24,27.87734883811615
1972-02-25,28.043123151880717
1972-02-28,28.008997769120544
1972-02-29,28.18168251330198
1972-03-01,28.491576917476188
1972-03-02,28.49705815380575
1972-03-03,28.668641543730057
1972-03-06,28.89220622320472
1972-03-07,28.918230516756868
1972-03-08,29.00640611967165
1972-03-09,29.036157304867903
1972-03-10,28.861155375858306
1972-03-13,28.47231045701561
1972-03-14,28.57197488521642
1972-03-15,28.608447465425904
1972-03-16,28.55483533364849
1972-03-17,28.570652665225733
1972-03-20,28.484698583608637
1972-03-21,28.244011026379404
1972-03-22,28.331366219152134
1972-03-23,28.614711118266044
1972-03-24,28.60979361292428
1972-03-27,28.543356861207698
1972-03-28,28.553564416257906
1972-03-29,28.40643646319383
1972-03-30,28.507384123744224
1972-04-03,28.570071736951466
1972-04-04,28.691410232939365
1972-04-05,28.95528052514643
1972-04-06,29.16676120852189
1972-04-07,29.276901034894458
1972-04-10,29.25000057653085
1972-04-11,29.38835686477438
1972-04-12,29.491378492186424
1972-04-13,29.44191127326176
1972-04-14,29.432357252267497
1972-04-17,29.34965338668235
1972-04-18,29.456779702090913
1972-04-19,29.28829722028534
1972-04-20,29.21683314226889
1972-04-21,29.147265016116947
1972-04-24,28.93454479788859
1972-04-25,28.64360953618623
1972-04-26,28.587864196900764
1972-04-27,28.63058490964408
1972-04-28,28.798231387097715
1972-05-01,28.480921058885425
1972-05-02,28.351795753257367
1972-05-03,28.253847044756224
1972-05-04,28.251138652180234
1972-05-05,28.375386629451697
1972-05-08,28.25402759477199
1972-05-09,27.878462725683036
1972-05-10,28.072228045487368
1972-05-11,28.124289534446618
1972-05-12,28.317762569157228
1972-05-15,28.48231766866351
1972-05-16,28.396055668500672
1972-05-17,28.417360148037794
1972-05-18,28.72752232256799
1972-05-19,29.017791103131053
1972-05-22,29.18030058507927
1972-05-23,29.276398005534418
1972-05-24,29.428509296132187
1972-05-25,29.461007780114297
1972-05-26,29.45588374424434
1972-05-30,29.40656955349807
1972-05-31,29.180551410663764
1972-06-01,29.249172207873887
1972-06-02,29.350026202808507
1972-06-05,29.102078648948492
1972-06-06,29.032201823373782
1972-06-07,28.918887251830284
1972-06-08,28.847061239664626
1972-06-09,28.724864004425818
1972-06-12,28.67657319848035
1972-06-13,28.776857405234722
1972-06-14,29.06123479079121
1972-06-15,28.972948254953447
1972-06-16,28.926944446257064
1972-06-19,28.865352621529336
1972-06-20,29.043549058351598
1972-06-21,29.059649427110664
1972-06-22,28.999696486146007
1972-06-23,28.910026665259807
1972-06-26,28.765672183695635
1972-06-27,28.72120320137928
1972-06-28,28.589721864592924
1972-06-29,28.510761807131477
1972-06-30,28.589095479320395
1972-07-03,28.67614959734011
1972-07-05,28.897049131920106
1972-07-06,29.198689799944724
1972-07-07,29.176094066244108
1972-07-10,29.058685997987975
1972-07-11,28.859824071268097
1972-07-12,28.704825586976156
1972-07-13,28.561568855459775
1972-07-14,28.726301102838498
1972-07-17,28.47805269773369
1972-07-18,28.364131814773405
1972-07-19,28.430373356210396
1972-07-20,28.322932289310653
1972-07-21,28.501866594224126
1972-07-24,28.80354930841042
1972-07-25,28.804254231776092
1972-07-26,28.867602332880658
1972-07-27,28.857332474761044
1972-07-28,28.866958208595666
1972-07-31,28.82319586516433
1972-08-01,29.140343596772603
1972-08-02,29.384377569322535
1972-08-03,29.67586217966343
1972-08-04,29.784962816969262
1972-08-07,29.891632698763583
1972-08-08,29.92195546444892
1972-08-09,29.97541622629063
1972-08-10,30.109186513135562
1972-08-11,30.306380110123293
1972-08-14,30.45443020027402
1972-08-15,30.246351345852336
1972-08-16,30.07587143746195
1972-08-17,29.951419975907534
1972-08-18,30.04023293018179
1972-08-21,29.899343305356197
1972-08-22,29.9042458148431
1972-08-23,29.826789042905755
1972-08-24,29.478912603618394
1972-08-25,29.40522893949407
1972-08-28,29.27421237883938
1972-08-29,29.354343079840632
1972-08-30,29.395983931378694
1972-08-31,29.500341754032775
1972-09-01,29.629953267879532
1972-09-05,29.55676065995167
1972-09-06,29.337057879356376
1972-09-07,29.253454394909454
1972-09-08,29.235215511718135
1972-09-11,29.00722671060891
1972-09-12,28.681603492762946
1972-09-13,28.823402779570678
1972-09-14,28.869506981456116
1972-09-15,28.824831990170818
1972-09-18,28.727645062849266
1972-09-19,28.705944672638726
1972-09-20,28.750523050296035
1972-09-21,28.697252304091613
1972-09-22,28.645461418312767
1972-09-25,28.452375699307044
1972-09-26,28.484571731336974
1972-09-27,28.953421133454718
1972-09-28,29.127132907277595
1972-09-29,29.1612040348356
1972-10-02,29.0109999289317
1972-10-03,29.027787864723308
1972-10-04,28.868025886963984
1972-10-05,28.402500740119724
1972-10-06,28.69522684522668
1972-10-09,28.761221469688557
1972-10-10,28.780781696069777
1972-10-11,28.655894414206887
1972-10-12,28.372072039792368
1972-10-13,28.197232094841468
1972-10-16,27.811966509076605
1972-10-17,28.02449556496221
1972-10-18,28.258667678220444
1972-10-19,28.240950754680572
1972-10-20,28.574467315042458
1972-10-23,28.863169813142314
1972-10-24,28.965656977770692
1972-10-25,28.884069441205195
1972-10-26,28.960057478454438
1972-10-27,28.883895952617586
1972-10-30,28.91989988812498
1972-10-31,29.238993335779256
1972-11-01,29.579797171872528
1972-11-02,29.6948508912081
1972-11-03,29.9612623408979
1972-11-06,29.93215303260692
1972-11-08,29.74941696498465
1972-11-09,29.741924286285826
1972-11-10,29.77743932630868
1972-11-13,29.747361632798157
1972-11-14,29.945796512399827
1972-11-15,29.88939410832195
1972-11-16,29.95153604967146
1972-11-17,30.055385164954302
1972-11-20,30.015785048068743
1972-11-21,30.069978167354673
1972-11-22,30.222922391672025
1972-11-24,30.367643514335228
1972-11-27,30.243635458663405
1972-11-28,30.215295570938622
1972-11-29,30.195515482283884
1972-11-30,30.25126278827478
1972-12-01,30.44722136647205
1972-12-04,30.549906046470877
1972-12-05,30.48729248653333
1972-12-06,30.62578090575547
1972-12-07,30.75897974232455
1972-12-08,30.746387044486603
1972-12-11,30.771866962734467
1972-12-12,30.727458814691538
1972-12-13,30.718374113557186
1972-12-14,30.73569893448952
1972-12-15,30.742655983020455
1972-12-18,30.39048595025323
1972-12-19,30.27874944597897
1972-12-20,30.1774753933644
1972-12-21,29.967951333873824
1972-12-22,30.21445469115474
1972-12-26,30.351914122768893
1972-12-27,30.42836740545045
1972-12-29,30.682755777862546
1973-01-02,30.93819291979382
1973-01-03,31.147115534785954
1973-01-04,31.036482952001382
1973-01-05,31.152115648467305
1973-01-08,31.187172402504817
1973-01-09,31.191870811865613
1973-01-10,31.248254683316425
1973-01-11,31.488029844633765
1973-01-12,31.289573368308822
1973-01-15,31.07372464592182
1973-01-16,30.993369721386753
1973-01-17,31.13948995759826
1973-01-18,31.247001870717657
1973-01-19,31.2165775718184
1973-01-22,31.13124025746205
1973-01-23,31.156225006396667
1973-01-24,30.85524192453087
1973-01-26,30.72668834875752
1973-01-29,30.56635096135457
1973-01-30,30.552733888034624
1973-01-31,30.643523373236995
1973-02-01,30.349395534148314
1973-02-02,30.199492828165305
1973-02-05,30.228503240506047
1973-02-06,30.364738746131795
1973-02-07,30.134780450051455
1973-02-08,29.946839039217963
1973-02-09,30.36731260454516
1973-02-12,30.706075387455105
1973-02-13,30.852899770464532
1973-02-14,30.413310676614504
1973-02-15,30.203519237725597
1973-02-16,30.35429686334222
1973-02-20,30.388815738479614
1973-02-21,30.21734703858571
1973-02-22,30.207137937261237
1973-02-23,30.03652150980451
1973-02-26,29.739609138341525
1973-02-27,29.492120204923097
1973-02-28,29.5910265710836
1973-03-01,29.430228237014415
1973-03-02,29.645030694947977
1973-03-05,29.74472925973842
1973-03-06,30.183283961953702
1973-03-07,30.249819201167387
1973-03-08,30.252610976113186
1973-03-09,30.128335449924744
1973-03-12,30.201152745546878
1973-03-13,30.391739877317516
1973-03-14,30.54049554336692
1973-03-15,30.458777581624215
1973-03-16,30.31133625316874
1973-03-19,29.9480423689281
1973-03-20,29.92999760265131
1973-03-21,29.672328644229655
1973-03-22,29.173540309295056
1973-03-23,29.215581385150024
1973-03-26,29.488417294642336
1973-03-27,29.921832807382824
1973-03-28,29.95910647258481
1973-03-29,30.242631681644955
1973-03-30,29.90566917584455
1973-04-02,29.51032870652062
1973-04-03,29.300402386356378
1973-04-04,29.16534815949246
1973-04-05,29.050136170973516
1973-04-06,29.270750020165984
1973-04-09,29.65145140406417
1973-04-10,30.101375445690685
1973-04-11,30.275732199328235
1973-04-12,30.303089657578276
1973-04-13,30.244576909751867
1973-04-16,30.1320557651818
1973-04-17,30.075433251067324
1973-04-18,30.26654717505974
1973-04-19,30.533025967162477
1973-04-23,30.37052856891197
1973-04-24,30.040297932824334
1973-04-25,29.71691128083397
1973-04-26,29.795818592122547
1973-04-27,29.314155624480467
1973-04-30,29.236617233864553
1973-05-01,29.24060637658361
1973-05-02,29.60343607563251
1973-05-03,30.04727646914529
1973-05-04,30.191594773657023
1973-05-07,30.173000653511288
1973-05-08,30.322673167269503
1973-05-09,30.151602869990985
1973-05-10,30.004958661732736
1973-05-11,29.765079555061153
1973-05-14,29.270184896915204
1973-05-15,29.416060054578054
1973-05-16,29.45085672595097
1973-05-17,29.29567231569674
1973-05-18,28.89368272887125
1973-05-21,28.49465041847636
1973-05-22,28.617034391624163
1973-05-23,28.764111075405037
1973-05-24,29.365053667218877
1973-05-25,29.559454851458266
1973-05-29,29.53437607530072
1973-05-30,29.209574800367957
1973-05-31,29.045954955935795
1973-06-01,28.768260765937413
1973-06-04,28.540520603165003
1973-06-05,28.87356113566461
1973-06-06,28.826546898361947
1973-06-07,29.169332337531706
1973-06-08,29.5464662777836
1973-06-11,29.48866916907754
1973-06-12,29.807259675556747
1973-06-13,29.615577893545122
1973-06-14,29.4583542031153
1973-06-15,29.206705951165326
1973-06-18,28.916617807009047
1973-06-19,28.91327687470218
1973-06-20,28.96986988043492
1973-06-21,28.725179077099877
1973-06-22,28.837326586177593
1973-06-25,28.57603917654075
1973-06-26,28.75501272293287
1973-06-27,28.875046403470947
1973-06-28,29.05869666638275
1973-06-29,28.957251363311837
1973-07-02,28.753203052987946
1973-07-03,28.58846703134877
1973-07-05,28.50609169641728
1973-07-06,28.385669486306078
1973-07-09,28.457932360895057
1973-07-10,28.665622252207037
1973-07-11,29.08453862280913
1973-07-12,29.049869870212927
1973-07-13,28.69450079273376
1973-07-16,28.899240810384843
1973-07-17,29.036060328114917
1973-07-18,29.121761489440104
1973-07-19,29.132194549699435
1973-07-20,29.318765409560154
1973-07-23,29.37667573021582
1973-07-24,29.483713997125804
1973-07-25,29.79610398262875
1973-07-26,29.783073591704614
1973-07-27,29.696502109081237
1973-07-30,29.515664678868088
1973-07-31,29.28334008746257
1973-08-01,28.958382260446434
1973-08-02,28.87010126827611
1973-08-03,28.827724447804457
1973-08-06,28.753963441651706
1973-08-07,28.778038148966854
1973-08-08,28.563646295615715
1973-08-09,28.568812782063553
1973-08-10,28.38672189781115
1973-08-13,28.120462375487318
1973-08-14,27.85145611797062
1973-08-15,27.837104542454423
1973-08-16,27.76330955480782
1973-08-17,27.78373341610648
1973-08-20,27.674178277810856
1973-08-21,27.536517998264788
1973-08-22,27.397256216655933
1973-08-23,27.684061683842714
1973-08-24,27.631007159636418
1973-08-27,27.766772641629213
1973-08-28,27.86377809055848
1973-08-29,28.203482186952076
1973-08-30,28.19687207024712
1973-08-31,28.307778556020775
1973-09-04,28.424912743174406
1973-09-05,28.62003389846059
1973-09-06,28.823063709186922
1973-09-07,28.766142199913617
1973-09-10,28.484658241966073
1973-09-11,28.32305609066682
1973-09-12,28.20775693618797
1973-09-13,28.274585006967797
1973-09-14,28.51504951164402
1973-09-17,28.611586191547776
1973-09-18,28.619787055453962
1973-09-19,29.22633787867607
1973-09-20,29.560993107916204
1973-09-21,29.76107647387747
1973-09-24,29.833366127686656
1973-09-25,29.95676634398828
1973-09-26,30.2085761333862
1973-09-27,30.355540847413533
1973-09-28,30.211185318631536
1973-10-01,30.119308549170874
1973-10-02,30.265355162545827
1973-10-03,30.39752114670238
1973-10-04,30.253033562927747
1973-10-05,30.565034691495434
1973-10-08,30.61976373648768
1973-10-09,30.443605183000955
1973-10-10,30.169341325933914
1973-10-11,30.56788307296982
1973-10-12,30.684985968891837
1973-10-15,30.25425894506453
1973-10-16,30.231484395370302
1973-10-17,30.175274174134177
1973-10-18,30.179687738173072
1973-10-19,30.262718350500087
1973-10-22,30.15772948563811
1973-10-23,30.206588984502375
1973-10-24,30.360314891920684
1973-10-25,30.510257787740606
1973-10-26,30.77310447313586
1973-10-29,30.72161250907885
1973-10-30,30.27936141889824
1973-10-31,29.991505801926586
1973-11-01,29.872933578331526
1973-11-02,29.723269751746336
1973-11-05,29.30028240508274
1973-11-06,29.153820217592987
1973-11-07,29.354627776150906
1973-11-08,29.675511263083308
1973-11-09,29.1778974949997
1973-11-12,28.92375152094581
1973-11-13,28.957649819678483
1973-11-14,28.416238699615178
1973-11-15,28.494512671743784
1973-11-16,28.835898632179013
1973-11-19,27.97606431500029
1973-11-20,27.3974192175344
1973-11-21,27.800144151594942
1973-11-23,27.870651065138752
1973-11-26,27.131266753846884
1973-11-27,26.975729857519877
1973-11-28,27.429918520070085
1973-11-29,27.345731664593252
1973-11-30,27.034071281614963
1973-12-03,26.552718822302555
1973-12-04,26.57830394904234
1973-12-05,26.112046441069644
1973-12-06,26.708689929265496
1973-12-07,27.311203520766565
1973-12-10,27.75335235590041
1973-12-11,27.23853092604152
1973-12-12,26.365322370591446
1973-12-13,25.8409098909754
1973-12-14,26.166102112171878
1973-12-17,26.03374865675757
1973-12-18,26.639616660026164
1973-12-19,26.625827871710268
1973-12-20,26.520791110844577
1973-12-21,26.234897614296674
1973-12-24,25.989815420899856
1973-12-26,26.812939876800726
1973-12-27,27.39417975096815
1973-12-28,27.437860425962953
1973-12-31,27.55148353402785
1974-01-02,27.596981786901175
1974-01-03,28.267315692244836
1974-01-04,28.033690009354014
1974-01-07,27.791850331676166
1974-01-08,27.23317983433634
1974-01-09,26.513199339468276
1974-01-10,26.181494859605426
1974-01-11,26.394813639167513
1974-01-14,26.27473720681644
1974-01-15,26.559359752418132
1974-01-16,26.929933519465127
1974-01-17,27.23009824920966
1974-01-18,26.778466511549002
1974-01-21,26.68224921405568
1974-01-22,26.974865253666763
1974-01-23,27.069962646564328
1974-01-24,27.064292370009564
1974-01-25,27.076620389106942
1974-01-28,26.950261871685633
1974-01-29,26.884179418567875
1974-01-30,27.176872878734876
1974-01-31,27.04465875425925
1974-02-01,26.782140986878602
1974-02-04,26.261238730751394
1974-02-05,26.197075069488573
1974-02-06,26.271031513400327
1974-02-07,26.291386017336997
1974-02-08,26.107685745445597
1974-02-11,25.708528024261312
1974-02-12,25.718250587693237
1974-02-13,25.7387329940294
1974-02-14,25.74324628291336
1974-02-15,26.063442138453784
1974-02-19,26.04468780933538
1974-02-20,26.367584952898014
1974-02-21,26.707727376986306
1974-02-22,27.01370209920316
1974-02-25,26.90602015808058
1974-02-26,27.12046112048457
1974-02-27,27.247883294981705
1974-02-28,27.20091098003149
1974-03-01,27.043954647927364
1974-03-04,27.033413931146995
1974-03-05,27.496859979679325
1974-03-06,27.600850771153866
1974-03-07,27.36778217138929
1974-03-08,27.52749558491864
1974-03-11,27.742016626171154
1974-03-12,27.735608804885636
1974-03-13,27.843906155795317
1974-03-14,27.87112390352612
1974-03-15,27.809304589379554
1974-03-18,27.466657177542814
1974-03-19,27.204373892972523
1974-03-20,27.219505794870006
1974-03-21,27.136943819878613
1974-03-22,27.05975634812656
1974-03-25,27.080779699809472
1974-03-26,27.141345898549687
1974-03-27,26.817897407593357
1974-03-28,26.413945125537396
1974-03-29,26.27006980433593
1974-04-01,26.029602386154224
1974-04-02,25.982267010035645
1974-04-03,26.218489985146896
1974-04-04,26.219997350256957
1974-04-05,25.88076048964086
1974-04-08,25.620777067530682
1974-04-09,25.766769349822862
1974-04-10,25.7695474340627
1974-04-11,25.70236263022336
1974-04-15,25.616204311585438
1974-04-16,26.028208241964855
1974-04-17,26.29849961518018
1974-04-18,26.47934912366908
1974-04-19,26.208239434155267
1974-04-22,26.09482492661004
1974-04-23,25.652071403934176
1974-04-24,25.243324383278328
1974-04-25,25.010280184396155
1974-04-26,25.189071519249758
1974-04-29,25.15725179605896
1974-04-30,25.251335986459136
1974-05-01,25.882004609288536
1974-05-02,25.886290237343236
1974-05-03,25.709425493563792
1974-05-06,25.676047570365178
1974-05-07,25.766953590948745
1974-05-08,25.818996524669448
1974-05-09,26.16121701344896
1974-05-10,25.76084669040575
1974-05-13,25.542041215512278
1974-05-14,25.576064113575182
1974-05-15,25.494650487820696
1974-05-16,25.278698990060963
1974-05-17,24.831976184834257
1974-05-20,24.67864625298814
1974-05-21,24.756336228542146
1974-05-22,24.47433189703709
1974-05-23,24.495233317722867
1974-05-24,24.809942085163122
1974-05-28,24.74982568345975
1974-05-29,24.385271795915877
1974-05-30,24.503049902415544
1974-05-31,24.487921112464875
1974-06-03,24.957275591727928
1974-06-04,25.26009909896871
1974-06-05,25.297090977099298
1974-06-06,25.77725532679536
1974-06-07,25.99766549645061
1974-06-10,26.180421730801807
1974-06-11,25.977993658995043
1974-06-12,25.86033380672904
1974-06-13,25.900147674309977
1974-06-14,25.729598727529595
1974-06-17,25.387178788961645
1974-06-18,25.27182688016857
1974-06-19,25.07967084541891
1974-06-20,24.93752067952066
1974-06-21,24.780416953743114
1974-06-24,24.863006482645154
1974-06-25,25.191430348360907
1974-06-26,24.872475444511515
1974-06-27,24.546403113931923
1974-06-28,24.476218046877563
1974-07-01,24.430226041353446
1974-07-02,23.931131609198204
1974-07-03,23.908875378421587
1974-07-05,23.775518067916124
1974-07-08,22.96170897919315
1974-07-09,23.124104852112858
1974-07-10,22.625000908077165
1974-07-11,22.484761363843912
1974-07-12,23.368971241569966
1974-07-15,23.511894389500046
1974-07-16,23.295181678108595
1974-07-17,23.497480036663408
1974-07-18,23.590637963265134
1974-07-19,23.510478803843487
1974-07-22,23.535083792452994
1974-07-23,23.72157432397996
1974-07-24,23.77697598723305
1974-07-25,23.53133676464616
1974-07-26,23.188562811085355
1974-07-29,22.766713350584592
1974-07-30,22.698926776359606
1974-07-31,22.37483905021711
1974-08-01,22.164387461658965
1974-08-02,22.04914316569873
1974-08-05,22.248636647090443
1974-08-06,22.652799179548122
1974-08-07,23.151841343016752
1974-08-08,22.996348635541274
1974-08-09,22.814546216962654
1974-08-12,22.570853017564822
1974-08-13,22.283633480617677
1974-08-14,21.779114140000548
1974-08-15,21.666280186558257
1974-08-16,21.491940624316403
1974-08-19,21.22130947783196
1974-08-20,21.274855933672853
1974-08-21,21.00272154514731
1974-08-22,20.9672206495871
1974-08-23,20.745418797949313
1974-08-26,20.815033097135586
1974-08-27,20.477094870866537
1974-08-28,20.369878505238688
1974-08-29,20.050896132940306
1974-08-30,20.59918227252191
1974-09-03,20.242019001009986
1974-09-04,19.77490232559872
1974-09-05,20.46751871937317
1974-09-06,20.628465812966006
1974-09-09,20.254803292982366
1974-09-10,20.08836476642891
1974-09-11,19.905759888916258
1974-09-12,19.466444603237633
1974-09-13,19.02590023011808
1974-09-16,19.231980644044707
1974-09-17,19.639003537277567
1974-09-18,19.682471740013366
1974-09-19,20.38699351766035
1974-09-20,20.327109510611127
1974-09-23,20.220903307923912
1974-09-24,19.92257442564217
1974-09-25,19.88314768741943
1974-09-26,19.608571340587826
1974-09-27,19.138291059415238
1974-09-30,18.60988234539238
1974-10-01,18.4981554018408
1974-10-02,18.50566970126329
1974-10-03,18.186676104136037
1974-10-04,18.299838579891954
1974-10-07,18.997637500696033
1974-10-08,19.06116068950762
1974-10-09,19.841536083017843
1974-10-10,20.478603437732144
1974-10-11,20.960137835160126
1974-10-14,21.47466735270632
1974-10-15,21.2177973275853
1974-10-16,20.98253259938993
1974-10-17,21.24173559172632
1974-10-18,21.58057668342847
1974-10-21,21.945132077687035
1974-10-22,21.979740096403933
1974-10-23,21.37468396655363
1974-10-24,21.160885907241756
1974-10-25,21.17450132046341
1974-10-28,21.200600438434595
1974-10-29,21.98580453907864
1974-10-30,22.472809888532026
1974-10-31,22.382922468736208
1974-11-01,22.37495249169085
1974-11-04,22.15166062612363
1974-11-05,22.751049841090104
1974-11-06,22.760228012101138
1974-11-07,22.930569144029853
1974-11-08,22.8691229127036
1974-11-11,22.952165053630324
1974-11-12,22.538520165058593
1974-11-13,22.405152022475267
1974-11-14,22.34399565128035
1974-11-15,22.024835244737798
1974-11-18,21.292904731258233
1974-11-19,20.955503449465077
1974-11-20,20.90106385811745
1974-11-21,20.80730265057259
1974-11-22,21.065746417984776
1974-11-25,21.087907819657275
1974-11-26,21.260005843933023
1974-11-27,21.49510915620006
1974-11-29,21.52544060959572
1974-12-02,20.933989305622248
1974-12-03,20.64292318559325
1974-12-04,20.719123999371888
1974-12-05,20.46651160830811
1974-12-06,20.12960525449054
1974-12-09,20.30720485455861
1974-12-10,20.852964914170787
1974-12-11,20.96551554877132
1974-12-12,20.813406950964453
1974-12-13,20.73600153447638
1974-12-16,20.54915961490961
1974-12-17,20.74401061341926
1974-12-18,20.84270737007079
1974-12-19,20.84700447473137
1974-12-20,20.646390605792046
1974-12-23,20.393728660292684
1974-12-24,20.653541951394182
1974-12-26,20.7920468032891
1974-12-27,20.691797082442857
1974-12-30,20.66062293741066
1974-12-31,21.15041770972939
1975-01-02,21.76085309146529
1975-01-03,21.95413770797983
1975-01-06,21.990645820817125
1975-01-07,21.882665862179913
1975-01-08,21.49756714596153
1975-01-09,21.67676918543502
1975-01-10,22.0618125914591
1975-01-13,21.845580696810618
1975-01-14,21.683760142648033
1975-01-15,21.78388739769221
1975-01-16,21.700579139652593
1975-01-17,21.420046598199292
1975-01-20,21.403066013367596
1975-01-21,21.34868119056751
1975-01-22,21.594946080747228
1975-01-23,21.723896971849072
1975-01-24,21.96986827825543
1975-01-27,22.6840329491694
1975-01-28,22.725354428142406
1975-01-29,22.946480411373837
1975-01-30,22.735198941574584
1975-01-31,22.882756435040505
1975-02-03,23.152106201286326
1975-02-04,23.299820987912796
1975-02-05,23.551378654852524
1975-02-06,23.457714317627506
1975-02-07,23.504641911421615
1975-02-10,23.45925555254969
1975-02-11,23.455006242825906
1975-02-12,23.719585862612977
1975-02-13,23.904335119691773
1975-02-14,24.003382680454038
1975-02-18,23.93416575432478
1975-02-19,23.992964925177684
1975-02-20,24.236339686891032
1975-02-21,24.28858838067338
1975-02-24,24.01863902144537
1975-02-25,23.62547381523674
1975-02-26,23.76350476216118
1975-02-27,23.86783566170149
1975-02-28,23.97804228567929
1975-03-03,24.26062374111753
1975-03-04,24.399309268593548
1975-03-05,24.291169433438895
1975-03-06,24.450894925546528
1975-03-07,24.573326136644322
1975-03-10,24.678697415389045
1975-03-11,24.543453330091886
1975-03-12,24.331801365579075
1975-03-13,24.33060630301358
1975-03-14,24.53563993603987
1975-03-17,24.7650209802559
1975-03-18,24.624747571482526
1975-03-19,24.36067327254618
1975-03-20,24.02162183446156
1975-03-21,23.93887814310567
1975-03-24,23.449236881861584
1975-03-25,23.673244168521958
1975-03-26,24.036648684844604
1975-03-27,24.142682545233736
1975-03-31,23.979798297933712
1975-04-01,23.745673568555258
1975-04-02,23.709298991257945
1975-04-03,23.519678843833095
1975-04-04,23.339162050312883
1975-04-07,23.179243858854363
1975-04-08,23.2789932445957
1975-04-09,23.684382877311734
1975-04-10,23.971646527861424
1975-04-11,24.137695880968508
1975-04-14,24.44013131974641
1975-04-15,24.589831301512213
1975-04-16,24.649380720502293
1975-04-17,24.898675392520598
1975-04-18,24.657883190663693
1975-04-21,24.91713977313069
1975-04-22,24.925886708683052
1975-04-23,24.68945239034224
1975-04-24,24.650095418190503
1975-04-25,24.78990236557686
1975-04-28,24.710660621263496
1975-04-29,24.564605088071
1975-04-30,24.879562884681253
1975-05-01,25.1109732522226
1975-05-02,25.509573118749394
1975-05-05,25.72975091950383
1975-05-06,25.48055041424197
1975-05-07,25.589123879613535
1975-05-08,25.77950090150941
1975-05-09,26.081601564984943
1975-05-12,26.13719009381289
1975-05-13,26.308992751285043
1975-05-14,26.4432254639781
1975-05-15,26.325850426034503
1975-05-16,26.011829228609994
1975-05-19,25.955393031410807
1975-05-20,25.905847612946364
1975-05-21,25.617946999249888
1975-05-22,25.73998544933851
1975-05-23,26.019772094586404
1975-05-27,25.98923725202621
1975-05-28,25.799439176228617
1975-05-29,25.80757176173918
1975-05-30,26.201885814624013
1975-06-02,26.58326562989269
1975-06-03,26.71418460366965
1975-06-04,26.757152805470916
1975-06-05,26.77677669830314
1975-06-06,26.747895568730417
1975-06-09,26.471271586795467
1975-06-10,26.300444591521074
1975-06-11,26.353373072443084
1975-06-12,26.273072146376457
1975-06-13,26.430978927099037
1975-06-16,26.693215581475318
1975-06-17,26.56189162452141
1975-06-18,26.540026703024505
1975-06-19,27.092723539777552
1975-06-20,27.346370813003418
1975-06-23,27.611258925170734
1975-06-24,27.77740900056645
1975-06-25,27.807272704274187
1975-06-26,27.799659356386275
1975-06-27,27.736122201456098
1975-06-30,27.807378061410464
1975-07-01,27.788722910502077
1975-07-02,27.57522609895553
1975-07-03,27.653104914230017
1975-07-07,27.43051344376361
1975-07-08,27.277637114086843
1975-07-09,27.62381837976745
1975-07-10,27.69852484751406
1975-07-11,27.82068020866616
1975-07-14,27.958747682480514
1975-07-15,28.14819125259761
1975-07-16,27.933532067899673
1975-07-17,27.761257661466267
1975-07-18,27.67093141468396
1975-07-21,27.57344453749845
1975-07-22,27.262058782279215
1975-07-23,26.93382643243111
1975-07-24,26.792905450162284
1975-07-25,26.669061138982048
1975-07-28,26.543404843972006
1975-07-29,26.37568809872628
1975-07-30,26.515961823442833
1975-07-31,26.548397977455014
1975-08-01,26.38190011116449
1975-08-04,26.15417633077818
1975-08-05,25.96001886967234
1975-08-06,25.913313191928957
1975-08-07,25.865325297597714
1975-08-08,25.8181153029248
1975-08-11,25.902123377324195
1975-08-12,26.095942562584973
1975-08-13,25.876867091137665
1975-08-14,25.716641802977293
1975-08-15,25.852961958483235
1975-08-18,25.859834288431657
1975-08-19,25.60739629643828
1975-08-20,25.021333057917452
1975-08-21,24.946760497861966
1975-08-22,25.15672662170392
1975-08-25,25.358956920113123
1975-08-26,25.170741456838343
1975-08-27,25.27489718454892
1975-08-28,25.68238073131122
1975-08-29,25.921917933016907
1975-09-02,25.705346455347282
1975-09-03,25.783176619087275
1975-09-04,25.791482235998107
1975-09-05,25.67029500584795
1975-09-08,25.703005089577513
1975-09-09,25.497215917416014
1975-09-10,25.255504681934834
1975-09-11,25.19742567981705
1975-09-12,25.167575109966794
1975-09-15,25.031061285298076
1975-09-16,24.82684767952881
1975-09-17,24.849148978956087
1975-09-18,25.182603736348504
1975-09-19,25.738139839898892
1975-09-22,25.644815882743593
1975-09-23,25.65687530037875
1975-09-24,25.9205656785184
1975-09-25,25.885962851503177
1975-09-26,25.956468178142405
1975-09-29,25.747032643460102
1975-09-30,25.445183617848144
1975-10-01,25.17896659394356
1975-10-02,25.30519727289594
1975-10-03,25.806113336597946
1975-10-06,26.013890117780957
1975-10-07,26.01210615802137
1975-10-08,26.334336079204288
1975-10-09,26.547846554147167
1975-10-10,26.531466670932982
1975-10-13,26.81971790590545
1975-10-14,26.85301208973251
1975-10-15,26.815811020451804
1975-10-16,26.97741081068321
1975-10-17,26.850621535969804
1975-10-20,27.091655449512885
1975-10-21,27.31801415411985
1975-10-22,27.374387341218643
1975-10-23,27.520549127505102
1975-10-24,27.24657089214176
1975-10-27,27.215875498004483
1975-10-28,27.377075259815904
1975-10-29,27.077848113055005
1975-10-30,27.041959454218016
1975-10-31,26.98804298193349
1975-11-03,26.760026540211886
1975-11-04,26.849934713071136
1975-11-05,27.168025218368523
1975-11-06,27.450679516664025
1975-11-07,27.50203282834681
1975-11-10,27.444872800647147
1975-11-11,27.663424758862206
1975-11-12,28.022069031965128
1975-11-13,27.984948386454683
1975-11-14,27.95120160141966
1975-11-17,28.12917573726899
1975-11-18,28.089090262033046
1975-11-19,27.74825324744727
1975-11-20,27.65344094517066
1975-11-21,27.616886377080455
1975-11-24,27.691666655851407
1975-11-25,27.909316955178618
1975-11-26,27.929611534787913
1975-11-28,27.996227006756946
1975-12-01,27.85814458897004
1975-12-02,27.465452018430188
1975-12-03,26.79731006039141
1975-12-04,26.80505599153629
1975-12-05,26.571212260259486
1975-12-08,26.64512312697849
1975-12-09,26.664506125117143
1975-12-10,26.934259091554065
1975-12-11,26.945774658791706
1975-12-12,26.989226943305226
1975-12-15,27.106568381371556
1975-12-16,27.283123664651942
1975-12-17,27.347401018141976
1975-12-18,27.470102687785733
1975-12-19,27.317861940305285
1975-12-22,27.187358033510048
1975-12-23,27.318897328801402
1975-12-24,27.498178807839803
1975-12-26,27.742569047482654
1975-12-29,27.66571497676503
1975-12-30,27.57045407158348
1975-12-31,27.738524260572202
1976-01-02,27.938444203987277
1976-01-05,28.502345999348325
1976-01-06,28.82281259741647
1976-01-07,28.97493405815002
1976-01-08,29.170642043443035
1976-01-09,29.305942237783686
1976-01-12,29.695458531226084
1976-01-13,29.421846079333466
1976-01-14,29.86935717083443
1976-01-15,29.743172669287876
1976-01-16,29.858214281853066
1976-01-19,30.229844452721544
1976-01-20,30.397506198565168
1976-01-21,30.265937659787273
1976-01-22,30.183805176544833
1976-01-23,30.489143537044924
1976-01-26,30.58835488505478
1976-01-27,30.33741368276042
1976-01-28,30.1159498713823
1976-01-29,30.555978087922263
1976-01-30,30.782555159985257
1976-02-02,30.790258530614633
1976-02-03,30.739997025519813
1976-02-04,30.918855269184142
1976-02-05,30.51768536935549
1976-02-06,30.29228062418516
1976-02-09,30.395140430600243
1976-02-10,30.66218725486895
1976-02-11,30.782024798519373
1976-02-12,30.695266459209922
1976-02-13,30.53175864458782
1976-02-17,30.40816742684552
1976-02-18,30.70777797877888
1976-02-19,31.20630160403149
1976-02-20,31.39820796366766
1976-02-23,31.277635302966345
1976-02-24,31.406509585830385
1976-02-25,31.432385769656893
1976-02-26,31.00283105506113
1976-02-27,30.809304645020482
1976-03-01,30.84320596239374
1976-03-02,31.04948167813495
1976-03-03,30.953192949581908
1976-03-04,30.644995190705327
1976-03-05,30.745616325205496
1976-03-08,31.14141341315993
1976-03-09,31.259796716995666
1976-03-10,31.37963003734134
1976-03-11,31.64117411116565
1976-03-12,31.313240214950085
1976-03-15,30.951627640479128
1976-03-16,31.25139431675826
1976-03-17,31.294318212028745
1976-03-18,31.083144269412117
1976-03-19,31.094527211276496
1976-03-22,31.138055631148763
1976-03-23,31.442813410397502
1976-03-24,31.82056461620743
1976-03-25,31.61536530530913
1976-03-26,31.646432232910197
1976-03-29,31.4547695913057
1976-03-30,31.31163705956814
1976-03-31,31.480475870063927
1976-04-01,31.317197349730204
1976-04-02,31.287136047527305
1976-04-05,31.665554089808385
1976-04-06,31.651403511112818
1976-04-07,31.294905604593
1976-04-08,30.99275538783989
1976-04-09,30.708788639461158
1976-04-12,30.721167023298303
1976-04-13,30.942072476568498
1976-04-14,30.8196151563597
1976-04-15,30.91442950876034
1976-04-19,31.04668241387631
1976-04-20,31.48429403410137
1976-04-21,31.56241278787817
1976-04-22,31.501211173153944
1976-04-23,31.31768213100487
1976-04-26,31.346472782122802
1976-04-27,31.15933739574393
1976-04-28,31.205217204545626
1976-04-29,31.227824002443626
1976-04-30,31.111833816779487
1976-05-03,30.84496181767926
1976-05-04,30.961701217902764
1976-05-05,30.89206448165105
1976-05-06,30.977705748185457
1976-05-07,31.15838194265113
1976-05-10,31.424200210554183
1976-05-11,31.352740332836234
1976-05-12,31.341395553066402
1976-05-13,31.1953586358606
1976-05-14,30.96838851350717
1976-05-17,30.962165369632455
1976-05-18,31.05305571375427
1976-05-19,31.029156155787486
1976-05-20,31.10248057436628
1976-05-21,30.95817199309822
1976-05-24,30.437892751200806
1976-05-25,30.467340980165527
1976-05-26,30.52774902750158
1976-05-27,30.601473005512467
1976-05-28,30.839421554508252
1976-06-01,30.838262079307306
1976-06-02,30.98890905465739
1976-06-03,31.042693816585388
1976-06-04,30.87401299345955
1976-06-07,30.73462517384124
1976-06-08,30.80370950751996
1976-06-09,30.777927328011582
1976-06-10,31.00603067871249
1976-06-11,31.259574255739007
1976-06-14,31.53100704135336
1976-06-15,31.363473289219247
1976-06-16,31.487138322130324
1976-06-17,31.978600664044347
1976-06-18,32.0080711489424
1976-06-21,32.03447489093155
1976-06-22,31.853822192026833
1976-06-23,31.786776863015174
1976-06-24,32.02580763933914
1976-06-25,32.05360521350103
1976-06-28,31.97818158849567
1976-06-29,32.07574717339063
1976-06-30,32.16556088149531
1976-07-01,32.105928624596004
1976-07-02,32.21068364117431
1976-07-06,32.02864666150139
1976-07-07,32.185813091976215
1976-07-08,32.24859810385826
1976-07-09,32.51306134994621
1976-07-12,32.75930627769811
1976-07-13,32.717301986454736
1976-07-14,32.79016681761334
1976-07-15,32.64133145053045
1976-07-16,32.49588968745442
1976-07-19,32.350665225052495
1976-07-20,32.224973316228706
1976-07-21,32.20623921197349
1976-07-22,32.29578899202434
1976-07-23,32.335965238622784
1976-07-26,32.4065765613097
1976-07-27,32.28474929912353
1976-07-28,32.143208170080015
1976-07-29,32.063486329560725
1976-07-30,32.197093678924524
1976-08-02,32.256076233405466
1976-08-03,32.67650307421383
1976-08-04,32.70487637633948
1976-08-05,32.60283136200478
1976-08-06,32.749394018001304
1976-08-09,32.694863778812824
1976-08-10,32.94599710256096
1976-08-11,32.80117827385586
1976-08-12,32.862077394751516
1976-08-13,32.89355519396092
1976-08-16,33.04497400119482
1976-08-17,33.04321764906605
1976-08-18,32.96285038142841
1976-08-19,32.662244399886056
1976-08-20,32.41873898206528
1976-08-23,32.31620628171902
1976-08-24,32.050280940834945
1976-08-25,32.406011270854236
1976-08-26,32.15094561747928
1976-08-27,32.2382895050532
1976-08-30,32.46129185327397
1976-08-31,32.62942749239079
1976-09-01,32.878118248852125
1976-09-02,32.856184925528225
1976-09-03,33.02174243881806
1976-09-07,33.23647995008502
1976-09-08,33.1615971108623
1976-09-09,33.15261610343919
1976-09-10,33.32567028300391
1976-09-13,33.230302878340204
1976-09-14,33.189721611922266
1976-09-15,33.27253393560269
1976-09-16,33.623895710384204
1976-09-17,33.87935556680593
1976-09-20,33.92607067938238
1976-09-21,34.348259262581465
1976-09-22,34.290802771950055
1976-09-23,34.160581356752964
1976-09-24,34.10341717893467
1976-09-27,34.25295344865163
1976-09-28,33.90507256778215
1976-09-29,33.75671988650736
1976-09-30,33.694542856276
1976-10-01,33.50371203768118
1976-10-04,33.425083181617225
1976-10-05,33.283716401523066
1976-10-06,33.22301738486686
1976-10-07,33.452873055161504
1976-10-08,33.2044821247123
1976-10-11,32.950275768222404
1976-10-12,32.655943687700436
1976-10-13,33.00513977747293
1976-10-14,32.589170692473786
1976-10-15,32.55117132405269
1976-10-18,32.674854572088634
1976-10-19,32.6836993768769
1976-10-20,32.73829286660119
1976-10-21,32.40963915175184
1976-10-22,32.21139260203212
1976-10-25,32.274602437698775
1976-10-26,32.576603705881425
1976-10-27,32.83181423925138
1976-10-28,32.84026864322944
1976-10-29,33.256815357327504
1976-11-01,33.35384654857032
1976-11-03,33.07571962137558
1976-11-04,33.23442790782424
1976-11-05,32.97101766201603
1976-11-08,32.64407175429113
1976-11-09,32.62369964064482
1976-11-10,32.39883538331399
1976-11-11,32.62686932619453
1976-11-12,32.583276987206354
1976-11-15,32.72375282102094
1976-11-16,32.66771483435357
1976-11-17,32.86460072430368
1976-11-18,33.29358590981494
1976-11-19,33.39998225984196
1976-11-22,33.64526144005542
1976-11-23,33.54165891488264
1976-11-24,33.73009779320598
1976-11-26,33.99284746975078
1976-11-29,33.818792968088026
1976-11-30,33.750644772359685
1976-12-01,33.99955082611029
1976-12-02,33.942360235718176
1976-12-03,34.201078371574255
1976-12-06,34.394535246480714
1976-12-07,34.460403388810484
1976-12-08,34.63162214608635
1976-12-09,34.86978654896301
1976-12-10,34.99700151712963
1976-12-13,35.105175677703464
1976-12-14,35.22184003183065
1976-12-15,35.29940667902506
1976-12-16,35.230380509977856
1976-12-17,35.071035219187316
1976-12-20,34.91591008930646
1976-12-21,35.00906275843821
1976-12-22,35.15215977844114
1976-12-23,35.147775762141876
1976-12-27,35.38541006219034
1976-12-28,35.55398170634747
1976-12-29,35.4778945168065
1976-12-30,35.59475583448698
1976-12-31,35.79297231423787
1977-01-03,35.72804657177615
1977-01-04,35.46973795374723
1977-01-05,35.26116131294265
1977-01-06,35.281733529940254
1977-01-07,35.344139183705984
1977-01-10,35.424066956559415
1977-01-11,35.17437915057883
1977-01-12,34.985021946096374
1977-01-13,35.288443303442136
1977-01-14,35.346590299416086
1977-01-17,35.32371855066062
1977-01-18,35.30263219550449
1977-01-19,35.43404265198149
1977-01-20,35.316999040373716
1977-01-21,35.507874317042464
1977-01-24,35.628048194927764
1977-01-25,35.79689380346573
1977-01-26,35.694828910560425
1977-01-27,35.560412106988025
1977-01-28,35.56716852394116
1977-01-31,35.56492151199245
1977-02-01,35.682362413355165
1977-02-02,35.71863914120687
1977-02-03,35.627259367055416
1977-02-04,35.683186967015956
1977-02-07,35.693046882161006
1977-02-08,35.56667547125377
1977-02-09,35.17994240006238
1977-02-10,35.11240948564289
1977-02-11,34.867949143237944
1977-02-14,35.006718928446645
1977-02-15,35.070306613075466
1977-02-16,35.268395721451796
1977-02-17,35.13889441649398
1977-02-18,35.03889278523931
1977-02-22,34.94151547621444
1977-02-23,34.84107281706977
1977-02-24,34.722110584655695
1977-02-25,34.633998091508715
1977-02-28,34.7720647558395
1977-03-01,35.04391604951456
1977-03-02,34.96608465880651
1977-03-03,35.06992127084615
1977-03-04,35.16377860164764
1977-03-07,35.1902988304212
1977-03-08,35.117208749345004
1977-03-09,34.95656133208237
1977-03-10,35.001234643497234
1977-03-11,35.003427051647655
1977-03-14,35.10988225875436
1977-03-15,35.185611584815426
1977-03-16,35.27650890162206
1977-03-17,35.24210474229124
1977-03-18,35.20529067148293
1977-03-21,35.07716234610334
1977-03-22,34.92935091203115
1977-03-23,34.67570452527957
1977-03-24,34.65338616454843
1977-03-25,34.51233465743649
1977-03-28,34.46176103735578
1977-03-29,34.68154221261864
1977-03-30,34.44805967074421
1977-03-31,34.45740847426464
1977-04-01,34.69597894018718
1977-04-04,34.530085058155585
1977-04-05,34.46689889577811
1977-04-06,34.47379391572827
1977-04-07,34.54629808556302
1977-04-11,34.6717667680263
1977-04-12,35.03658002332722
1977-04-13,35.064708412883505
1977-04-14,35.354685588560656
1977-04-15,35.35859019915009
1977-04-18,35.30593213407014
1977-04-19,35.24907313468922
1977-04-20,35.41525447769159
1977-04-21,35.34037368927435
1977-04-22,35.04227968326872
1977-04-25,34.74473000744031
1977-04-26,34.70801050961196
1977-04-27,34.92706487708255
1977-04-28,34.9629552656359
1977-04-29,35.09568270702343
1977-05-02,35.286696177567464
1977-05-03,35.464474092123424
1977-05-04,35.65761423360709
1977-05-05,35.780015214021454
1977-05-06,35.717620141950654
1977-05-09,35.65693096809122
1977-05-10,35.75146194479652
1977-05-11,35.67603400186566
1977-05-12,35.66663911314106
1977-05-13,35.785019302564436
1977-05-16,35.92229849919499
1977-05-17,35.978815883789885
1977-05-18,36.140489118931235
1977-05-19,36.11129689799989
1977-05-20,36.078915897405324
1977-05-23,35.78089707987865
1977-05-24,35.61612693722364
1977-05-25,35.38083872585568
1977-05-26,35.430084776912004
1977-05-27,35.3181981448721
1977-05-31,35.27683534178648
1977-06-01,35.443530853704964
1977-06-02,35.421973520096955
1977-06-03,35.625446063415495
1977-06-06,35.53271966003902
1977-06-07,35.58522125386802
1977-06-08,35.75001009894857
1977-06-09,35.797436638339924
1977-06-10,35.880903696249625
1977-06-13,35.99086076946393
1977-06-14,36.29795491583992
1977-06-15,36.279684114343674
1977-06-16,36.42025777563102
1977-06-17,36.42772429578729
1977-06-20,36.577049115201916
1977-06-21,36.731247646348265
1977-06-22,36.76102336461397
1977-06-23,36.860880570327964
1977-06-24,37.02497950321643
1977-06-27,37.06214629679442
1977-06-28,36.927697963686974
1977-06-29,36.89631993471063
1977-06-30,37.019426032761324
1977-07-01,36.975677780580384
1977-07-05,36.92985272910097
1977-07-06,36.92494509430277
1977-07-07,37.06057758658523
1977-07-08,37.13006593363096
1977-07-11,37.07736431178094
1977-07-12,37.15335375697376
1977-07-13,37.283493901908706
1977-07-15,37.442734592334126
1977-07-18,37.6049423556228
1977-07-19,37.81541569879626
1977-07-20,37.81503288044439
1977-07-21,37.745157096000675
1977-07-22,37.782715077370426
1977-07-25,37.58508206773915
1977-07-26,37.458093448802984
1977-07-27,36.92245473434273
1977-07-28,36.93973631666585
1977-07-29,36.894378948460854
1977-08-01,37.019203397371534
1977-08-02,36.902539171187314
1977-08-03,36.83134307824216
1977-08-04,36.9150238380526
1977-08-05,36.90760513039824
1977-08-08,36.762656631031504
1977-08-09,36.754438416258076
1977-08-10,36.89141629835111
1977-08-11,36.75026514020914
1977-08-12,36.62724676301759
1977-08-15,36.63384314543859
1977-08-16,36.53892449222415
1977-08-17,36.44249666973782
1977-08-18,36.345851700558
1977-08-19,36.11988674354989
1977-08-22,36.09374788476048
1977-08-23,36.06926960777775
1977-08-24,35.983122214748754
1977-08-25,35.7128095205856
1977-08-26,35.59729094281207
1977-08-29,35.82519883555327
1977-08-30,35.71709492627078
1977-08-31,35.73845994120567
1977-09-01,35.828597075910174
1977-09-02,36.07967638873508
1977-09-06,36.14638702048548
1977-09-07,36.2349204192386
1977-09-08,36.17251038416334
1977-09-09,35.95927999468448
1977-09-12,35.90764718562585
1977-09-13,35.92419259393213
1977-09-14,35.96991969474139
1977-09-15,36.11669227380014
1977-09-16,36.07580703038153
1977-09-19,35.9631838801681
1977-09-20,35.95262711790151
1977-09-21,35.83054797552153
1977-09-22,35.79860125838146
1977-09-23,35.82931093101722
1977-09-26,35.871723267732186
1977-09-27,35.87038107610761
1977-09-28,35.88745615560164
1977-09-29,36.05018337862782
1977-09-30,36.26018297497475
1977-10-03,36.34433197027866
1977-10-04,36.14124198158278
1977-10-05,36.03259866209524
1977-10-06,36.17217339060234
1977-10-07,36.22197583477205
1977-10-10,36.215639404460035
1977-10-11,36.04816445892612
1977-10-12,35.71514789971239
1977-10-13,35.36111842575746
1977-10-14,35.336986393945274
1977-10-17,35.27586592875964
1977-10-18,35.28469650125953
1977-10-19,34.86302476419136
1977-10-20,34.88602373381463
1977-10-21,34.82032190227631
1977-10-24,34.563951894523825
1977-10-25,34.262558686221446
1977-10-26,34.487852683276365
1977-10-27,34.59268566612645
1977-10-28,34.709303404743025
1977-10-31,34.719639885519136
1977-11-01,34.447074615249434
1977-11-02,34.327234984088946
1977-11-03,34.373514207274944
1977-11-04,34.61663580595325
1977-11-07,34.89457296882236
1977-11-08,35.01666539771293
1977-11-09,35.1953017648201
1977-11-10,35.744211725022694
1977-11-11,36.16406636396823
1977-11-14,36.126165559483866
1977-11-15,36.296682350770624
1977-11-16,36.27396236675023
1977-11-17,36.26666647550896
1977-11-18,36.372917584431825
1977-11-21,36.39323519830264
1977-11-22,36.59420791102548
1977-11-23,36.75374448462525
1977-11-25,36.87847944732311
1977-11-28,36.783476754053
1977-11-29,36.41543102556419
1977-11-30,36.42481436532828
1977-12-01,36.540559746523144
1977-12-02,36.63884680824083
1977-12-05,36.56342009508022
1977-12-06,36.131166514685425
1977-12-07,36.07052068296443
1977-12-08,36.113638637747975
1977-12-09,36.26689266481004
1977-12-12,36.375102192668685
1977-12-13,36.38905780057794
1977-12-14,36.448597024046485
1977-12-15,36.347655213296996
1977-12-16,36.35674644838954
1977-12-19,36.17776154906953
1977-12-20,36.01020285410663
1977-12-21,36.149235488496736
1977-12-22,36.28016267862564
1977-12-23,36.52274678210877
1977-12-27,36.51910643456138
1977-12-28,36.54420851735974
1977-12-29,36.639066886262775
1977-12-30,36.719575345643634
1978-01-03,36.43385395910395
1978-01-04,36.27407514456812
1978-01-05,36.185943500978006
1978-01-06,35.78743952958881
1978-01-09,35.336216192826605
1978-01-10,35.117054214119385
1978-01-11,34.99405288170163
1978-01-12,35.061447641834064
1978-01-13,35.11348031392816
1978-01-16,35.003128848586684
1978-01-17,35.11922237722112
1978-01-18,35.28179669815982
1978-01-19,35.19518512788352
1978-01-20,35.13184887311951
1978-01-23,34.92557512259973
1978-01-24,34.95595334718608
1978-01-25,35.01543704031716
1978-01-26,34.82104743655711
1978-01-27,34.788863596798606
1978-01-30,34.961970137025645
1978-01-31,34.959154323092996
1978-02-01,35.222435417767166
1978-02-02,35.39504506981403
1978-02-03,35.31006751815132
1978-02-06,35.28014063510757
1978-02-07,35.5073854927901
1978-02-08,35.64588414733048
1978-02-09,35.520241172622875
1978-02-10,35.4938036347928
1978-02-13,35.421679068040255
1978-02-14,35.217287770700686
1978-02-15,35.09054070858423
1978-02-16,34.8321013506538
1978-02-17,34.73528939431355
1978-02-21,34.575711733957306
1978-02-22,34.56963172416046
1978-02-23,34.63277669433087
1978-02-24,34.94571537271817
1978-02-27,34.709455806874246
1978-02-28,34.440172579147756
1978-03-01,34.481702430089086
1978-03-02,34.496014295619894
1978-03-03,34.51324505476055
1978-03-06,34.43119524504855
1978-03-07,34.59471456418337
1978-03-08,34.7260714769507
1978-03-09,34.84662758858732
1978-03-10,35.145438367554426
1978-03-13,35.183221551054764
1978-03-14,35.280042724528
1978-03-15,35.3188162060498
1978-03-16,35.47083443610429
1978-03-17,35.65940292373455
1978-03-20,35.84793634850366
1978-03-21,35.687521947757574
1978-03-22,35.64475930206639
1978-03-23,35.65818947580952
1978-03-27,35.566375245317666
1978-03-28,35.76346368366888
1978-03-29,35.85166193522831
1978-03-30,35.78613171321904
1978-03-31,35.76190800113803
1978-04-03,35.5623740653202
1978-04-04,35.69223914801812
1978-04-05,35.886564536666114
1978-04-06,35.97555532877556
1978-04-07,36.108821130049805
1978-04-10,36.18231030317992
1978-04-11,36.14243976781011
1978-04-12,36.21666640741611
1978-04-13,36.488127869393495
1978-04-14,36.93960766037891
1978-04-17,37.19878669560183
1978-04-18,36.902857775414596
1978-04-19,36.97938059382694
1978-04-20,37.303699149186905
1978-04-21,37.322098201041214
1978-04-24,37.58628785929946
1978-04-25,37.74034005970237
1978-04-26,37.750057142176466
1978-04-27,37.5154356623077
1978-04-28,37.70120453622074
1978-05-01,37.94658342257867
1978-05-02,37.90804612724103
1978-05-03,37.70533000747215
1978-05-04,37.69977319322415
1978-05-05,37.969533050796414
1978-05-08,37.88778940976817
1978-05-09,37.80434977162539
1978-05-10,37.902897351145526
1978-05-11,38.34904163707058
1978-05-12,38.85010831480351
1978-05-15,39.01353318209321
1978-05-16,39.377578873842474
1978-05-17,39.51910409755999
1978-05-18,39.326895967967936
1978-05-19,39.090879003497584
1978-05-22,39.44079678936659
1978-05-23,39.13777587768686
1978-05-24,38.71892797004516
1978-05-25,38.633786434866046
1978-05-26,38.60133688935142
1978-05-30,38.68488406360392
1978-05-31,38.89597645062948
1978-06-01,38.97310426115428
1978-06-02,39.38125481575918
1978-06-05,40.1617097486022
1978-06-06,40.41000841399413
1978-06-07,40.38163091208497
1978-06-08,40.502278596742734
1978-06-09,40.42388198535248
1978-06-12,40.278682418192794
1978-06-13,40.26242075822078
1978-06-14,40.41407971201164
1978-06-15,40.03718762046904
1978-06-16,39.745898993590146
1978-06-19,39.61750608913055
1978-06-20,39.27473018802998
1978-06-21,38.92515846842776
1978-06-22,39.027172642812495
1978-06-23,39.02443704846923
1978-06-26,38.448966039482556
1978-06-27,38.52257708291264
1978-06-28,38.71490776807262
1978-06-29,38.83103445185169
1978-06-30,38.91921829030672
1978-07-03,38.84043497388982
1978-07-05,38.50944996114735
1978-07-06,38.531525392569534
1978-07-07,38.76397678620977
1978-07-10,38.97517946063537
1978-07-11,39.185344233199295
1978-07-12,39.30395230154218
1978-07-13,39.31509706406533
1978-07-14,39.77264931058269
1978-07-17,39.994671177920914
1978-07-18,39.74282345032702
1978-07-19,40.1698760661916
1978-07-20,40.24664701767486
1978-07-21,40.07055000120104
1978-07-24,40.078234117999465
1978-07-25,40.296040525558965
1978-07-26,40.5765129199161
1978-07-27,40.804478431060474
1978-07-28,41.01696600460193
1978-07-31,41.44288019401361
1978-08-01,41.45807221167878
1978-08-02,42.2183201040499
1978-08-03,42.399520570839464
1978-08-04,42.5680367699801
1978-08-07,42.51696224593031
1978-08-08,42.77401757333954
1978-08-09,43.05929198540915
1978-08-10,42.76664197430093
1978-08-11,42.93381897103342
1978-08-14,42.96087321379505
1978-08-15,42.848173799044005
1978-08-16,43.18707349339888
1978-08-17,43.485459339787106
1978-08-18,43.38237393228058
1978-08-21,42.96289277591129
1978-08-22,43.10847632407974
1978-08-23,43.42255014416485
1978-08-24,43.61422807315953
1978-08-25,43.62052351062896
1978-08-28,43.33353910997791
1978-08-29,43.11396904177359
1978-08-30,43.20362678684422
1978-08-31,43.08131292602968
1978-09-01,43.257666665340224
1978-09-05,43.44085525367981
1978-09-06,43.84117299974097
1978-09-07,43.917117606988484
1978-09-08,44.496460524130946
1978-09-11,44.54287515195493
1978-09-12,44.566872058462764
1978-09-13,44.25330063438182
1978-09-14,43.78234375880861
1978-09-15,43.275858098778436
1978-09-18,42.72935040447925
1978-09-19,42.278771811254074
1978-09-20,41.74272978835751
1978-09-21,41.7469937931643
1978-09-22,41.727364792415685
1978-09-25,41.73505674764017
1978-09-26,42.03397613751987
1978-09-27,41.565217173415995
1978-09-28,41.68569687261402
1978-09-29,41.901740145347596
1978-10-02,42.05542122241459
1978-10-03,41.89146659935151
1978-10-04,41.97935102666741
1978-10-05,42.03586724878836
1978-10-06,42.08316446876398
1978-10-09,42.4050175745422
1978-10-10,42.448593198097356
1978-10-11,42.669584955804226
1978-10-12,42.580391984392975
1978-10-13,42.44439409525241
1978-10-16,41.67598446347872
1978-10-17,40.87563590816488
1978-10-18,40.41363800739374
1978-10-19,39.83320839953437
1978-10-20,38.92337261704431
1978-10-23,38.72716118462727
1978-10-24,38.57668430343626
1978-10-25,38.50058470705089
1978-10-26,37.62090954192033
1978-10-27,36.84918040290748
1978-10-30,36.84973015177488
1978-10-31,36.27942055143515
1978-11-01,37.84035575921358
1978-11-02,37.46306356220996
1978-11-03,37.577790722747956
1978-11-06,37.31917187283878
1978-11-07,36.69731053648121
1978-11-08,36.85598090278867
1978-11-09,36.91486345059158
1978-11-10,37.09293169411097
1978-11-13,36.53436129460673
1978-11-14,36.11190083057296
1978-11-15,36.27015631530489
1978-11-16,36.68424017119922
1978-11-17,37.065066394538945
1978-11-20,37.453275927698826
1978-11-21,37.38594136439125
1978-11-22,37.571606315160274
1978-11-24,37.84272843053305
1978-11-27,37.969174382250884
1978-11-28,37.690177438121566
1978-11-29,37.1858450563486
1978-11-30,37.56941997066701
1978-12-01,38.255657763492835
1978-12-04,38.266125106926715
1978-12-05,38.775849272516034
1978-12-06,38.85677602832881
1978-12-07,38.76447117464456
1978-12-08,38.60363208166224
1978-12-11,38.68457984189673
1978-12-12,38.48222282061175
1978-12-13,38.26966223364391
1978-12-14,38.28771430783008
1978-12-15,37.98223713670283
1978-12-18,37.073277536885925
1978-12-19,37.320946274033375
1978-12-20,37.59220409861562
1978-12-21,37.60109109520885
1978-12-22,38.23926672167388
1978-12-26,38.58220309863711
1978-12-27,38.289734735441534
1978-12-28,38.144979332098906
1978-12-29,38.161736717610275
1979-01-02,38.35204470821901
1979-01-03,38.80850206730396
1979-01-04,39.04313341616808
1979-01-05,39.26419018247298
1979-01-08,39.18670042057492
1979-01-09,39.39665614420198
1979-01-10,39.23585511644471
1979-01-11,39.53192146409921
1979-01-12,39.893762702310894
1979-01-15,40.21090669823001
1979-01-16,39.72421144621309
1979-01-17,39.676902367750934
1979-01-18,39.83041456139102
1979-01-19,39.73693853381399
1979-01-22,39.92171316175962
1979-01-23,40.17574990276338
1979-01-24,39.920201998222424
1979-01-25,40.288894606319936
1979-01-26,40.536126441234806
1979-01-29,40.372255094988596
1979-01-30,40.214723169487065
1979-01-31,39.69373519070005
1979-02-01,39.81544958321069
1979-02-02,39.707183919458025
1979-02-05,39.22772600912035
1979-02-06,39.13433371244863
1979-02-07,38.78723827829769
1979-02-08,38.941806478933394
1979-02-09,39.07440017767688
1979-02-12,39.24613624084283
1979-02-13,39.55797045870396
1979-02-14,39.47276381901375
1979-02-15,39.522371872932965
1979-02-16,39.43354782697496
1979-02-20,39.63442456905214
1979-02-21,39.490647450233624
1979-02-22,39.30028305232223
1979-02-23,39.086900691148635
1979-02-26,39.065417565933416
1979-02-27,38.42928019060371
1979-02-28,38.46675391055391
1979-03-01,38.703778186966105
1979-03-02,38.7549459181888
1979-03-05,39.2333213333634
1979-03-06,39.1193012852007
1979-03-07,39.33391790879012
1979-03-08,39.71438268593503
1979-03-09,39.74311751921914
1979-03-12,39.845427464204334
1979-03-13,39.93227722694245
1979-03-14,39.94070818213888
1979-03-15,40.05144917352019
1979-03-16,40.47788987203635
1979-03-19,40.61420287224931
1979-03-20,40.39394799198643
1979-03-21,40.68839842876973
1979-03-22,40.8283153275393
1979-03-23,40.76713393275068
1979-03-26,40.56605419909903
1979-03-27,41.19156190428432
1979-03-28,41.03541102933675
1979-03-29,40.98776808302479
1979-03-30,40.79526763430487
1979-04-02,40.6045648973195
1979-04-03,41.218443352578575
1979-04-04,41.31734030940605
1979-04-05,41.64210494748081
1979-04-06,41.643750776291164
1979-04-09,41.53998759247233
1979-04-10,41.72026420055407
1979-04-11,41.21230860473691
1979-04-12,41.12544611259633
1979-04-16,40.76747054250714
1979-04-17,40.72938904118458
1979-04-18,40.97929939143283
1979-04-19,40.82960852484658
1979-04-20,40.877722719445835
1979-04-23,41.10241299672574
1979-04-24,41.41141562686716
1979-04-25,41.64643815065431
1979-04-26,41.44456943059256
1979-04-27,41.384160659450096
1979-04-30,41.41389931452209
1979-05-01,41.45848216122333
1979-05-02,41.562492798624255
1979-05-03,41.569419382369844
1979-05-04,41.08924598694726
1979-05-07,40.213947867438925
1979-05-08,40.2697882307801
1979-05-09,40.38533339120573
1979-05-10,39.98877510900985
1979-05-11,40.057577541087994
1979-05-14,39.861833380551566
1979-05-15,39.876262942128804
1979-05-16,40.02854732071727
1979-05-17,40.68446462663274
1979-05-18,40.74281212786964
1979-05-21,40.9009328407818
1979-05-22,41.15202462174361
1979-05-23,40.92311589010307
1979-05-24,41.01645938674574
1979-05-25,41.193580128477784
1979-05-29,41.148653076915885
1979-05-30,40.67927387964685
1979-05-31,40.66210447193214
1979-06-01,40.68713525627658
1979-06-04,40.83415674660995
1979-06-05,41.44641712109494
1979-06-06,41.78355356575338
1979-06-07,42.086828266477134
1979-06-08,42.001456639713226
1979-06-11,42.11944842112389
1979-06-12,42.47513157076112
1979-06-13,42.14664272352543
1979-06-14,42.06524970932813
1979-06-15,42.100556984531664
1979-06-18,41.85769365640578
1979-06-19,41.870708505046345
1979-06-20,41.97547212212851
1979-06-21,42.22209509948509
1979-06-22,42.46539248116754
1979-06-25,42.304895728169924
1979-06-26,42.156620921887004
1979-06-27,42.53566947244106
1979-06-28,42.91294027796193
1979-06-29,42.94632300176318
1979-07-02,42.54279538430236
1979-07-03,42.603076341038964
1979-07-05,42.87668808707419
1979-07-06,43.323869252729835
1979-07-09,43.68223873067931
1979-07-10,43.570966566558184
1979-07-11,43.312509008709895
1979-07-12,43.0221980667768
1979-07-13,42.879221825805644
1979-07-16,43.11975013546009
1979-07-17,42.769255832397306
1979-07-18,42.680712945377934
1979-07-19,42.69348392464909
1979-07-20,42.818571014700076
1979-07-23,42.7252601227147
1979-07-24,42.83863877326998
1979-07-25,43.30604041681035
1979-07-26,43.367204423582734
1979-07-27,43.49953197551775
1979-07-30,43.54502108540549
1979-07-31,43.735176526431545
1979-08-01,43.82049444575289
1979-08-02,43.871841305312074
1979-08-03,43.82896379198881
1979-08-06,43.84539754261159
1979-08-07,44.22336292071622
1979-08-08,44.33741008857003
1979-08-09,44.201583562409134
1979-08-10,44.41134730884434
1979-08-13,44.71569271800185
1979-08-14,44.81081712527658
1979-08-15,45.01639006754812
1979-08-16,44.99819864300726
1979-08-17,45.246232596092916
1979-08-20,45.51100371112274
1979-08-21,45.59658480385866
1979-08-22,45.76900078559936
1979-08-23,45.76875638503918
1979-08-24,45.843710059135795
1979-08-27,46.09569602458132
1979-08-28,46.04894372464765
1979-08-29,46.04931638168455
1979-08-30,46.002283573308105
1979-08-31,46.10507033199476
1979-09-04,45.432495160664146
1979-09-05,44.82401685834618
1979-09-06,45.16104069693643
1979-09-07,45.63283691583588
1979-09-10,45.9506401010714
1979-09-11,45.67755432515972
1979-09-12,45.80940183395114
1979-09-13,45.837042918381556
1979-09-14,46.20882780101951
1979-09-17,46.148886038372744
1979-09-18,45.84930995645368
1979-09-19,45.96434879878505
1979-09-20,46.685116387098816
1979-09-21,46.6960012827061
1979-09-24,46.384492309534394
1979-09-25,46.35706032042242
1979-09-26,46.54001334322545
1979-09-27,46.64481282343176
1979-09-28,46.396076324071544
1979-10-01,46.1214082967869
1979-10-02,46.45680148584092
1979-10-03,46.55353878205102
1979-10-04,46.860806771646644
1979-10-05,47.35027462944749
1979-10-08,46.85023451414181
1979-10-09,45.123715734304355
1979-10-10,44.05454232468941
1979-10-11,44.112543081738856
1979-10-12,44.11606108328198
1979-10-15,43.5437803182714
1979-10-16,43.54248739885093
1979-10-17,43.770291615939996
1979-10-18,43.98755681061586
1979-10-19,43.07761439423172
1979-10-22,42.26810267555517
1979-10-23,42.07384047637774
1979-10-24,42.22711197719272
1979-10-25,42.120851157938155
1979-10-26,42.44716348052775
1979-10-29,42.543828458640036
1979-10-30,43.21899329739376
1979-10-31,43.07090587341471
1979-11-01,43.47393991520359
1979-11-02,43.60288205919223
1979-11-05,43.323154095272685
1979-11-06,43.064314759735666
1979-11-07,42.533595101570974
1979-11-08,42.82602924383569
1979-11-09,43.45305305341086
1979-11-12,44.40077751048047
1979-11-13,44.27885172813552
1979-11-14,44.558278579614
1979-11-15,44.986156389015925
1979-11-16,44.95355877751767
1979-11-19,45.285535526725354
1979-11-20,45.100713041048735
1979-11-21,45.115888129292166
1979-11-23,45.54436810928723
1979-11-26,46.50261568675085
1979-11-27,46.38177894873879
1979-11-28,46.608311709037935
1979-11-29,46.66907266316094
1979-11-30,46.480710948172
1979-12-03,46.36201395485589
1979-12-04,46.833654452677095
1979-12-05,47.0605336883497
1979-12-06,47.36068891863511
1979-12-07,47.18668646949391
1979-12-10,47.25806810495439
1979-12-11,47.22388458091862
1979-12-12,47.25784341758236
1979-12-13,47.30970227072317
1979-12-14,47.7759790194972
1979-12-17,48.08483467739557
1979-12-18,47.773648462669286
1979-12-19,47.71955970887969
1979-12-20,47.74899115423471
1979-12-21,47.47564212571286
1979-12-24,47.4510241783048
1979-12-26,47.53755954801421
1979-12-27,47.63092133317049
1979-12-28,47.71460985925776
1979-12-31,47.77143581640158
1980-01-02,46.91081610485021
1980-01-03,46.48547621231732
1980-01-04,47.09165284888839
1980-01-07,47.250473230840036
1980-01-08,47.86243218885346
1980-01-09,48.044810807243316
1980-01-10,48.3960499878835
1980-01-11,48.56142596476489
1980-01-14,48.791458809596435
1980-01-15,49.02255937914028
1980-01-16,49.1435005144588
1980-01-17,49.05529673389675
1980-01-18,49.20643052688302
1980-01-21,49.63801877691899
1980-01-22,49.46040021736066
1980-01-23,50.20719555986207
1980-01-24,50.443219171503884
1980-01-25,50.47257276691483
1980-01-28,51.00317642243679
1980-01-29,50.700512726417955
1980-01-30,51.25271817630936
1980-01-31,51.06991155213301
1980-02-01,51.479780333869826
1980-02-04,51.34307016328064
1980-02-05,51.44891649371957
1980-02-06,52.110004722052516
1980-02-07,52.59641793030481
1980-02-08,53.41732156430091
1980-02-11,53.03068133677225
1980-02-12,53.32672893925357
1980-02-13,53.45028704002031
1980-02-14,52.61943884224233
1980-02-15,52.124402159505436
1980-02-19,51.75048296303272
1980-02-20,52.673515551735655
1980-02-21,52.31640817265682
1980-02-22,52.12743686283245
1980-02-25,51.32814885376944
1980-02-26,51.75152877742712
1980-02-27,51.18647207311156
1980-02-28,51.1629895446362
1980-02-29,51.57450340107767
1980-03-03,51.18899125594387
1980-03-04,51.20916449948422
1980-03-05,50.504796313212054
1980-03-06,49.11577679411753
1980-03-07,48.13404249600756
1980-03-10,47.53581803106541
1980-03-11,48.09018518317821
1980-03-12,47.86801588211066
1980-03-13,47.41917821814761
1980-03-14,47.246075931647475
1980-03-17,45.48795724299857
1980-03-18,46.08255486635005
1980-03-19,46.37573125471841
1980-03-20,45.8916930820979
1980-03-21,45.628765576524806
1980-03-24,44.20448952230043
1980-03-25,43.888717831798395
1980-03-26,43.659180243688354
1980-03-27,42.40673744426031
1980-03-28,43.80877730184676
1980-03-31,44.510096271804194
1980-04-01,44.79581109818071
1980-04-02,45.324149409706074
1980-04-03,45.19179283949268
1980-04-07,44.21925444680256
1980-04-08,44.74776695560975
1980-04-09,45.61901423314259
1980-04-10,46.0189951012597
1980-04-11,45.98805024885706
1980-04-14,45.46629727928547
1980-04-15,45.450617149467156
1980-04-16,44.99887388292326
1980-04-17,44.695734267554606
1980-04-18,44.568801084058855
1980-04-21,44.230147044134135
1980-04-22,45.76259196685502
1980-04-23,45.94350366058601
1980-04-24,46.39625898698769
1980-04-25,46.58176218312213
1980-04-28,46.758298144361014
1980-04-29,46.9164253269692
1980-04-30,47.04550907646459
1980-05-01,46.78637755352945
1980-05-02,46.94423525342216
1980-05-05,47.2127462539458
1980-05-06,47.46263742164791
1980-05-07,47.82903885994438
1980-05-08,47.488746865077346
1980-05-09,46.98603581702392
1980-05-12,46.95715776378228
1980-05-13,47.48350766704435
1980-05-14,47.86192102931421
1980-05-15,48.03588821394708
1980-05-16,48.273389202285735
1980-05-19,48.32095675292901
1980-05-20,48.26440328629769
1980-05-21,48.39683797024219
1980-05-22,48.9742405822653
1980-05-23,49.590062828752295
1980-05-27,49.962303093005445
1980-05-28,50.29126354320499
1980-05-29,49.618184783822635
1980-05-30,49.89409291397579
1980-06-02,49.77349803184328
1980-06-03,49.74572986122976
1980-06-04,50.57741347217299
1980-06-05,50.67136006320728
1980-06-06,51.0097236392441
1980-06-09,51.356866954486094
1980-06-10,51.80093436075707
1980-06-11,52.386984926109804
1980-06-12,52.206199895108796
1980-06-13,52.37258000004848
1980-06-16,52.47478726743738
1980-06-17,52.57833312568195
1980-06-18,52.654261141648384
1980-06-19,52.022430312026074
1980-06-20,51.837191640383445
1980-06-23,52.02029769768134
1980-06-24,52.26007814046281
1980-06-25,52.9166994227493
1980-06-26,52.715887460273564
1980-06-27,52.66819396177561
1980-06-30,51.88876059338111
1980-07-01,52.307975288016536
1980-07-02,52.61475872178898
1980-07-03,53.29169990750466
1980-07-07,53.65302789266427
1980-07-08,53.500753787152505
1980-07-09,53.50231736382968
1980-07-10,53.05485284207774
1980-07-11,53.40718928601391
1980-07-14,54.187861816679586
1980-07-15,53.882737354363755
1980-07-16,53.974785797257475
1980-07-17,54.637514307880636
1980-07-18,54.78463597532745
1980-07-21,55.06500108920737
1980-07-22,55.01373188038434
1980-07-23,54.9896893971242
1980-07-24,54.91791625477029
1980-07-25,54.5136309355963
1980-07-28,54.64590409657392
1980-07-29,55.049958176493334
1980-07-30,54.96246853234574
1980-07-31,54.73591712299885
1980-08-01,54.65182502029214
1980-08-04,54.32639247567599
1980-08-05,54.392277262098716
1980-08-06,54.77831605937005
1980-08-07,55.592954639470044
1980-08-08,55.855454311330085
1980-08-11,56.307075639104845
1980-08-12,55.842829993901724
1980-08-13,55.6570125112311
1980-08-14,56.45525001170908
1980-08-15,56.69005292206675
1980-08-18,55.624045697429466
1980-08-19,55.30216512062903
1980-08-20,55.898167493281264
1980-08-21,56.83745242489647
1980-08-22,57.22182033434325
1980-08-25,56.95205731931493
1980-08-26,56.90086288306031
1980-08-27,56.354842167162225
1980-08-28,55.62190804243035
1980-08-29,55.75620468608138
1980-09-02,56.33106822773255
1980-09-03,57.42961519433884
1980-09-04,57.25668004314217
1980-09-05,57.08809329065045
1980-09-08,56.56326708718227
1980-09-09,56.79763286950722
1980-09-10,57.24670497919506
1980-09-11,57.70962930474441
1980-09-12,57.88064604274387
1980-09-15,57.933151240095185
1980-09-16,58.72685736252937
1980-09-17,59.55777339419569
1980-09-18,59.30066410536645
1980-09-19,59.68736751769474
1980-09-22,60.18793533892413
1980-09-23,59.828372332954736
1980-09-24,60.2458273656422
1980-09-25,59.619443196394734
1980-09-26,58.45669635942182
1980-09-29,56.86897126226414
1980-09-30,57.90186689514434
1980-10-01,58.87383595294308
1980-10-02,59.33148828492956
1980-10-03,59.95510651931657
1980-10-06,60.959267411620864
1980-10-07,60.62279629462741
1980-10-08,60.841211474563394
1980-10-09,60.57203537122025
1980-10-10,60.40681720210403
1980-10-13,61.0967403491429
1980-10-14,61.161986337200915
1980-10-15,61.83025738194992
1980-10-16,61.13366021628988
1980-10-17,60.84505547559647
1980-10-20,61.26088444882176
1980-10-21,60.97831509619869
1980-10-22,61.20738855022746
1980-10-23,60.16244101689608
1980-10-24,60.27478881284159
1980-10-27,59.503021056786295
1980-10-28,59.61444041316288
1980-10-29,59.64492297001253
1980-10-30,58.785338415633554
1980-10-31,59.35028170847442
1980-11-03,60.02829331312126
1980-11-05,60.921584260031835
1980-11-06,59.83106332211882
1980-11-07,59.890842767559164
1980-11-10,60.08933119358145
1980-11-11,60.84678208152465
1980-11-12,62.136052803921714
1980-11-13,63.13083716292577
1980-11-14,63.54916990757957
1980-11-17,63.80614675264627
1980-11-18,64.82313881979579
1980-11-19,64.69345802799317
1980-11-20,65.35577761133223
1980-11-21,64.83585569438313
1980-11-24,64.35575310025605
1980-11-25,64.88282970385721
1980-11-26,65.37825485449312
1980-11-28,65.67835259380705
1980-12-01,64.38030752904402
1980-12-02,64.12208448715708
1980-12-03,64.13623729359387
1980-12-04,64.01379796483435
1980-12-05,62.76154700602738
1980-12-08,60.922418433618084
1980-12-09,60.782747805445204
1980-12-10,59.8347998716546
1980-12-11,59.08476895103672
1980-12-12,59.972369812569774
1980-12-15,60.09779850606417
1980-12-16,60.49153892369963
1980-12-17,61.56359227871024
1980-12-18,62.03374516539281
1980-12-19,62.440253059174005
1980-12-22,62.96061309232801
1980-12-23,62.75852440775788
1980-12-24,62.911532820323025
1980-12-26,63.15476848297291
1980-12-29,62.50462428246154
1980-12-30,62.526286532681375
1980-12-31,62.81182134327862
1981-01-02,63.16949059281966
1981-01-05,63.76175469173931
1981-01-06,63.72090983658335
1981-01-07,62.03545217984154
1981-01-08,61.287948074140786
1981-01-09,61.64607684371003
1981-01-12,61.69650646257156
1981-01-13,61.529744064686234
1981-01-14,61.72339620235149
1981-01-15,62.114853658846954
1981-01-16,62.411060039513764
1981-01-19,62.24624480019665
1981-01-20,61.086238321555406
1981-01-21,60.896744761257885
1981-01-22,60.374698122219044
1981-01-23,60.42389389606455
1981-01-26,60.12250236525422
1981-01-27,60.79458574547744
1981-01-28,60.54779370289465
1981-01-29,60.50061001293358
1981-01-30,60.10593110014241
1981-02-02,58.744365666022986
1981-02-03,59.41111723079099
1981-02-04,59.627824733032725
1981-02-05,60.10261819227538
1981-02-06,60.426970667461205
1981-02-09,60.19670370590537
1981-02-10,60.21825806866135
1981-02-11,59.93289136177084
1981-02-12,59.61461438605048
1981-02-13,59.32301750730222
1981-02-17,59.35156716611232
1981-02-18,59.66662695468283
1981-02-19,59.08580967503539
1981-02-20,58.992420886266714
1981-02-23,59.35491142877088
1981-02-24,59.676890986487464
1981-02-25,59.84527907231766
1981-02-26,60.71014277587071
1981-02-27,61.24126666617618
1981-03-02,61.68068921124935
1981-03-03,61.411772646669014
1981-03-04,61.67566801904864
1981-03-05,61.590871726807194
1981-03-06,61.72332788778054
1981-03-09,61.92616339146867
1981-03-10,61.94907638659021
1981-03-11,61.89366571021156
1981-03-12,62.77859184160745
1981-03-13,63.0889250484487
1981-03-16,63.59464036353126
1981-03-17,63.61762689939226
1981-03-18,63.93304885696145
1981-03-19,64.03181954829468
1981-03-20,64.45904366772189
1981-03-23,64.68779686609824
1981-03-24,64.22536096418237
1981-03-25,64.92287677496574
1981-03-26,64.79337019770816
1981-03-27,64.2526171244162
1981-03-30,64.12655232494386
1981-03-31,64.66240340923335
1981-04-01,64.99707750014221
1981-04-02,65.17132919533661
1981-04-03,65.04592082120764
1981-04-06,64.44592166636536
1981-04-07,64.54753171801903
1981-04-08,64.90762311736201
1981-04-09,65.58399963662637
1981-04-10,66.03727631020928
1981-04-13,65.53656506326236
1981-04-14,65.17771587140034
1981-04-15,65.81359735929834
1981-04-16,66.19148615661082
1981-04-20,66.55050127320746
1981-04-21,66.26948202249827
1981-04-22,66.41172057865371
1981-04-23,66.6364155874538
1981-04-24,67.13265862176343
1981-04-27,67.18311760439545
1981-04-28,66.42037969242487
1981-04-29,65.71194528687693
1981-04-30,65.52057314816624
1981-05-01,65.2575178835472
1981-05-04,64.20729383059837
1981-05-05,63.720741516062944
1981-05-06,63.73990812840578
1981-05-07,64.14969762148102
1981-05-08,64.35207681785363
1981-05-11,63.73560685026341
1981-05-12,64.05386067326737
1981-05-13,64.44238166295246
1981-05-14,64.83928672075277
1981-05-15,65.29310156968131
1981-05-18,65.59894992686591
1981-05-19,65.49584895466198
1981-05-20,65.779113070197
1981-05-21,65.81519580205281
1981-05-22,65.98983730312828
1981-05-26,66.36535496729653
1981-05-27,67.00382962790513
1981-05-28,67.39971274477006
1981-05-29,67.50104077482507
1981-06-01,67.52892614216721
1981-06-02,66.74401161732011
1981-06-03,66.77883617256694
1981-06-04,66.80200861727005
1981-06-05,67.20483482389422
1981-06-08,67.38542163908953
1981-06-09,67.21611360999907
1981-06-10,67.30319278765226
1981-06-11,68.09619548686199
1981-06-12,68.3532273841623
1981-06-15,68.59393926900037
1981-06-16,67.98268592191286
1981-06-17,67.96831712983978
1981-06-18,67.249615618903
1981-06-19,67.08982499628196
1981-06-22,66.98906227399682
1981-06-23,67.50198469686642
1981-06-24,67.1666086635689
1981-06-25,67.1026073506717
1981-06-26,66.84867844072137
1981-06-29,66.35250562043949
1981-06-30,65.83041664626259
1981-07-01,65.23983466171033
1981-07-02,64.54007281517438
1981-07-06,63.58183820945457
1981-07-07,63.59803499555903
1981-07-08,63.60138798724903
1981-07-09,64.0298500393051
1981-07-10,64.11656560299056
1981-07-13,64.23994806697081
1981-07-14,64.00184240551292
1981-07-15,64.26883850571186
1981-07-16,64.41823471469124
1981-07-17,64.55664828096408
1981-07-20,63.591747509564975
1981-07-21,63.11355100114314
1981-07-22,62.66897792990865
1981-07-23,62.62900445377076
1981-07-24,63.0733355153965
1981-07-27,63.45141082930128
1981-07-28,63.1307861478238
1981-07-29,63.14320441800137
1981-07-30,63.526781423859845
1981-07-31,64.09253441892851
1981-08-03,63.91878082363211
1981-08-04,64.02844701229405
1981-08-05,64.67632531399842
1981-08-06,64.95598564863785
1981-08-07,64.80459373944652
1981-08-10,65.01856697172597
1981-08-11,65.49106700706406
1981-08-12,65.4987608967736
1981-08-13,65.64241215217841
1981-08-14,65.35225282298775
1981-08-17,64.68930955777833
1981-08-18,64.10182473714069
1981-08-19,64.12221183782086
1981-08-20,64.18465809013179
1981-08-21,63.89471285480039
1981-08-24,62.47505372186391
1981-08-25,61.99372296782154
1981-08-26,62.10862906624369
1981-08-27,61.66269847734054
1981-08-28,62.025300773692486
1981-08-31,61.495483654933174
1981-09-01,61.42076930661984
1981-09-02,61.66332156117552
1981-09-03,60.943277705745025
1981-09-04,60.364192809980324
1981-09-08,59.451480397246605
1981-09-09,59.65587676760726
1981-09-10,60.48297332661384
1981-09-11,61.216553024163225
1981-09-14,60.85603777121989
1981-09-15,60.74030955007329
1981-09-16,60.70698378713209
1981-09-17,60.3332192587117
1981-09-18,60.03409821117895
1981-09-21,60.45520901034076
1981-09-22,60.45529270413328
1981-09-23,59.91401587856428
1981-09-24,60.04091328134558
1981-09-25,59.170746842229164
1981-09-28,59.72172251239423
1981-09-29,60.18351076211567
1981-09-30,60.4102000590397
1981-10-01,60.518053778624605
1981-10-02,61.459658237627195
1981-10-05,61.751341729894975
1981-10-06,61.440604370001054
1981-10-07,62.56829101369742
1981-10-08,63.247903955336525
1981-10-09,63.329088681750264
1981-10-12,63.405684190611666
1981-10-13,63.38238636884066
1981-10-14,62.732487269877694
1981-10-15,63.14444684255977
1981-10-16,63.082492532704116
1981-10-19,63.03380469896673
1981-10-20,63.47901045363815
1981-10-21,63.394479430290154
1981-10-22,63.181746532946825
1981-10-23,62.818255565551894
1981-10-26,62.62695302855954
1981-10-27,63.19633654821365
1981-10-28,63.447471057049746
1981-10-29,63.22280745969641
1981-10-30,64.41522831249841
1981-11-02,65.20664063329562
1981-11-03,65.54129771063833
1981-11-04,65.68672215421964
1981-11-05,65.3026536643036
1981-11-06,65.10370111743053
1981-11-09,65.48682009788412
1981-11-10,65.30764806571545
1981-11-11,65.62950145536209
1981-11-12,65.74310082935928
1981-11-13,65.25079342425013
1981-11-16,64.55601212796763
1981-11-17,64.91361750776186
1981-11-18,64.82503277142337
1981-11-19,64.79689378220166
1981-11-20,65.38305453886157
1981-11-23,65.1038880666196
1981-11-24,65.69258981184485
1981-11-25,65.96557654068508
1981-11-27,66.21458370675096
1981-11-30,66.3733192409253
1981-12-01,66.16356807735544
1981-12-02,65.61578979679304
1981-12-03,65.82206692017726
1981-12-04,66.1496807320335
1981-12-07,65.754709560485
1981-12-08,65.52494380338669
1981-12-09,65.52299821529388
1981-12-10,65.65998855148817
1981-12-11,65.3055135321126
1981-12-14,64.56973069576328
1981-12-15,64.66536963482237
1981-12-16,64.45996332915134
1981-12-17,64.54453647501435
1981-12-18,65.00329627802199
1981-12-21,64.89713439504445
1981-12-22,64.74702113598482
1981-12-23,64.54184890808705
1981-12-24,64.64230882330395
1981-12-28,64.57595712002599
1981-12-29,64.42177849429218
1981-12-30,64.60937423610001
1981-12-31,64.86051097630207
1982-01-04,64.93887182578987
1982-01-05,64.0344668400642
1982-01-06,63.87565687363185
1982-01-07,63.86303958641561
1982-01-08,64.28156521086868
1982-01-11,63.525034506823424
1982-01-12,63.09679430449925
1982-01-13,62.39317082297685
1982-01-14,62.66187565531507
1982-01-15,62.79492672389842
1982-01-18,62.891983215871775
1982-01-19,62.53144061856176
1982-01-20,62.430243945064824
1982-01-21,62.68153469906728
1982-01-22,62.65709395339823
1982-01-25,62.372667166007545
1982-01-26,62.27997824004751
1982-01-27,62.41874323882921
1982-01-28,63.69897732970086
1982-01-29,64.49793467094632
1982-02-01,63.61591435929015
1982-02-02,63.800954888393356
1982-02-03,63.34165903218454
1982-02-04,63.172416791157836
1982-02-05,63.68347080594878
1982-02-08,62.78544110527188
1982-02-09,62.395222838713664
1982-02-10,62.69004976476984
1982-02-11,62.81331996144555
1982-02-12,62.85571665882499
1982-02-16,62.66263589826637
1982-02-17,62.57869860626071
1982-02-18,62.51035794870082
1982-02-19,62.5459492803513
1982-02-22,62.30688621380662
1982-02-23,62.3354895873599
1982-02-24,62.97736011983389
1982-02-25,62.99130483808167
1982-02-26,63.01993079890295
1982-03-01,63.260436004706285
1982-03-02,63.65374467909898
1982-03-03,63.42083197847714
1982-03-04,63.24828208992122
1982-03-05,63.28128866323632
1982-03-08,62.79067543741908
1982-03-09,62.88414200465305
1982-03-10,63.167470760585125
1982-03-11,63.11419428937115
1982-03-12,62.869427174032886
1982-03-15,62.83370410560294
1982-03-16,62.79501955856383
1982-03-17,62.73998785850051
1982-03-18,63.350173494354266
1982-03-19,63.57548562156558
1982-03-22,64.38434987575313
1982-03-23,64.80450980234507
1982-03-24,64.63691060108629
1982-03-25,64.99389399198644
1982-03-26,64.5901829412998
1982-03-29,64.60792085754503
1982-03-30,64.71293582940493
1982-03-31,64.67118582445414
1982-04-01,65.15859559195336
1982-04-02,65.58575550403725
1982-04-05,65.33778989673121
1982-04-06,65.6995962071637
1982-04-07,65.77527445323133
1982-04-08,66.01615189746222
1982-04-12,66.02740230677193
1982-04-13,66.21224716454749
1982-04-14,66.2679983728604
1982-04-15,66.46518286553821
1982-04-16,66.71347710823349
1982-04-19,66.94336593203131
1982-04-20,66.66333631346903
1982-04-21,66.85257444411228
1982-04-22,67.37111531913331
1982-04-23,67.82552181639393
1982-04-26,67.97031809423918
1982-04-27,67.54609437702086
1982-04-28,67.25408505489006
1982-04-29,66.89988571534798
1982-04-30,66.9927555394584
1982-05-03,67.16078917916909
1982-05-04,67.57825063221455
1982-05-05,67.8092122558054
1982-05-06,68.38720955412741
1982-05-07,68.69359829801415
1982-05-10,68.17490215536831
1982-05-11,68.56196787604017
1982-05-12,68.44571403857005
1982-05-13,68.03510707801186
1982-05-14,68.00749634104467
1982-05-17,67.48301589357717
1982-05-18,67.12530572297375
1982-05-19,66.84901522554384
1982-05-20,66.70989638145421
1982-05-21,66.96742821225075
1982-05-24,66.9498735107778
1982-05-25,66.99418733822607
1982-05-26,66.37691557093524
1982-05-27,66.10850530047334
1982-05-28,65.9045945769201
1982-06-01,65.56237485135291
1982-06-02,65.68693299308774
1982-06-03,65.72604974207657
1982-06-04,65.0650896090006
1982-06-07,65.05643852296613
1982-06-08,64.90518420639091
1982-06-09,64.56777738629489
1982-06-10,64.86144529607574
1982-06-11,65.83602857680151
1982-06-14,65.33397693148017
1982-06-15,65.2673305765731
1982-06-16,65.08727243576134
1982-06-17,64.63557090083457
1982-06-18,64.27379016430753
1982-06-21,64.29839479773973
1982-06-22,64.6728395972781
1982-06-23,65.31095562055108
1982-06-24,65.35962835276993
1982-06-25,64.94915346082249
1982-06-28,65.24362150585372
1982-06-29,65.57505919731564
1982-06-30,65.8446521675154
1982-07-01,65.39679886327605
1982-07-02,64.95793228717174
1982-07-06,64.7674014443551
1982-07-07,64.66870289448312
1982-07-08,64.82535632710639
1982-07-09,65.6133901368574
1982-07-12,66.6839228637061
1982-07-13,66.72613709166816
1982-07-14,66.64969736210698
1982-07-15,66.69250280777754
1982-07-16,67.1767182207498
1982-07-19,67.28287039270518
1982-07-20,67.70181022643649
1982-07-21,67.67922325550107
1982-07-22,67.73453192828643
1982-07-23,67.58710070455854
1982-07-26,67.13336069008166
1982-07-27,66.55742982837295
1982-07-28,65.84353494040907
1982-07-29,65.60720552312219
1982-07-30,65.57561382611401
1982-08-02,66.2494188644641
1982-08-03,65.88943671199944
1982-08-04,64.88981035985559
1982-08-05,64.14631571516298
1982-08-06,63.46931448476492
1982-08-09,62.979470232194345
1982-08-10,62.88094736519433
1982-08-11,62.76844104078139
1982-08-12,62.64553716614755
1982-08-13,63.378979752521
1982-08-16,63.8055553607566
1982-08-17,66.3971589342619
1982-08-18,66.5428169414632
1982-08-19,66.91681022133466
1982-08-20,68.9194043911587
1982-08-23,70.960841452715
1982-08-24,70.54342409561357
1982-08-25,71.5561355393674
1982-08-26,72.11484410097526
1982-08-27,71.30142971478449
1982-08-30,71.72489641124355
1982-08-31,72.98657126371012
1982-09-01,72.42659076938345
1982-09-02,73.24376504927193
1982-09-03,74.5596259062908
1982-09-07,73.81919274892216
1982-09-08,74.1200464724412
1982-09-09,74.22338044204015
1982-09-10,73.63867062404992
1982-09-13,74.1761967529202
1982-09-14,75.1787167191116
1982-09-15,75.91719712658902
1982-09-16,75.83552905773729
1982-09-17,75.15319049749813
1982-09-20,75.00612215652967
1982-09-21,76.32871167979631
1982-09-22,76.41694113551411
1982-09-23,76.36101033467494
1982-09-24,76.29527946568498
1982-09-27,76.56649696465642
1982-09-28,76.5292375440249
1982-09-29,75.63477748521947
1982-09-30,74.98242467941631
1982-10-01,75.73127341207368
1982-10-04,75.52032976300531
1982-10-05,75.73128464886929
1982-10-06,77.84772370657163
1982-10-07,79.47641843201284
1982-10-08,80.86536901572055
1982-10-11,82.4800971495386
1982-10-12,81.90097375339134
1982-10-13,82.90833370340542
1982-10-14,81.71841755750935
1982-10-15,81.33698828120868
1982-10-18,82.69734367893246
1982-10-19,82.77153661660343
1982-10-20,83.8332572779255
1982-10-21,83.82661000014475
1982-10-22,83.8805433869741
1982-10-25,81.36692195642897
1982-10-26,81.59732457992425
1982-10-27,82.6189847274751
1982-10-28,82.12894697448762
1982-10-29,82.52406592153
1982-11-01,83.56263373050005
1982-11-02,84.78741172324023
1982-11-03,87.54120696096662
1982-11-04,87.46555554945218
1982-11-05,87.7581248631209
1982-11-08,86.8286317675321
1982-11-09,87.98840082089649
1982-11-10,87.09914617487372
1982-11-11,87.52777471407104
1982-11-12,87.0578649400659
1982-11-15,85.58905996732096
1982-11-16,84.38256825370354
1982-11-17,85.81904562568387
1982-11-18,86.5370887317357
1982-11-19,86.22929907768365
1982-11-22,84.78441311151474
1982-11-23,84.35919590848209
1982-11-24,85.03099420493993
1982-11-26,85.6947811215102
1982-11-29,85.63354864054114
1982-11-30,87.65035874301475
1982-12-01,87.8658325679688
1982-12-02,87.93977423259687
1982-12-03,87.81885824554138
1982-12-06,90.11910613857984
1982-12-07,90.98075327663986
1982-12-08,90.39536011418525
1982-12-09,88.80395045209377
1982-12-10,87.56237289330731
1982-12-13,87.67343653266542
1982-12-14,86.06383465197223
1982-12-15,84.64008051578533
1982-12-16,84.67760641763233
1982-12-17,86.33959772330182
1982-12-20,85.60562805299145
1982-12-21,87.29643543008615
1982-12-22,87.81888596754132
1982-12-23,88.23963726083726
1982-12-27,89.43962536145216
1982-12-28,88.50487529846907
1982-12-29,88.73296607933864
1982-12-30,88.04467070275203
1982-12-31,88.37649999224317
1983-01-03,86.52636203608897
1983-01-04,87.61293231810777
1983-01-05,87.61861550141703
1983-01-06,88.98105792900566
1983-01-07,89.03902458800755
1983-01-10,89.7709364683968
1983-01-11,89.47710588748362
1983-01-12,89.81449427997676
1983-01-13,89.31020558616251
1983-01-14,89.49927462799899
1983-01-17,89.74407138037665
1983-01-18,89.51036743907129
1983-01-19,88.844939130508
1983-01-20,88.93859354713611
1983-01-21,87.97230101055699
1983-01-24,86.14322404449001
1983-01-25,87.18096964384208
1983-01-26,87.17125742983498
1983-01-27,88.6640221306254
1983-01-28,89.31296487428614
1983-01-31,90.00495059116331
1983-02-01,89.24990684721888
1983-02-02,89.44544872327427
1983-02-03,90.03509590914324
1983-02-04,90.92607596429005
1983-02-07,91.53038312304223
1983-02-08,91.0771581613182
1983-02-09,90.75513979441708
1983-02-10,91.70275002950154
1983-02-11,91.79461160742309
1983-02-14,92.47947964608537
1983-02-15,92.16091781616275
1983-02-16,91.77123764614889
1983-02-17,91.66369796139722
1983-02-18,92.04386127179694
1983-02-22,91.72417991080331
1983-02-23,92.505617711572
1983-02-24,93.74773487993647
1983-02-25,93.98823997354016
1983-02-28,93.7993937893481
1983-03-01,95.60379316715408
1983-03-02,96.14414091123699
1983-03-03,96.52861532173223
1983-03-04,96.7704030425452
1983-03-07,96.67259328545543
1983-03-08,95.17518138313594
1983-03-09,96.08912549530056
1983-03-10,95.41190614306015
1983-03-11,95.32650122042484
1983-03-14,94.77607713475832
1983-03-15,95.32370146936358
1983-03-16,94.84734155516207
1983-03-17,94.96605585993385
1983-03-18,95.5232270781557
1983-03-21,96.40210014476871
1983-03-22,96.47975401722876
1983-03-23,97.95037564971005
1983-03-24,98.27348109043822
1983-03-25,97.9987759468351
1983-03-28,97.3887804852117
1983-03-29,97.37076968879434
1983-03-30,98.38447015809365
1983-03-31,97.34795839174554
1983-04-04,97.07726681874801
1983-04-05,96.5619147994554
1983-04-06,95.9034284066157
1983-04-07,96.22290042609285
1983-04-08,96.72477570339457
1983-04-11,98.15112305983286
1983-04-12,98.77149032617584
1983-04-13,99.93744337987759
1983-04-14,101.051241216446
1983-04-15,101.69630318654374
1983-04-18,102.36399894120805
1983-04-19,101.56449437347467
1983-04-20,103.26023080802348
1983-04-21,103.09030257380607
1983-04-22,103.44602999255945
1983-04-25,102.22766198123081
1983-04-26,103.72348817048338
1983-04-27,103.4241971567154
1983-04-28,104.51528821546913
1983-04-29,105.43385747861016
1983-05-02,103.84053442503203
1983-05-03,103.72843953231944
1983-05-04,104.64537764602812
1983-05-05,105.74127509308042
1983-05-06,106.94437485286447
1983-05-09,106.89594915024729
1983-05-10,107.31258677010722
1983-05-11,106.33630373566346
1983-05-12,105.89001120946055
1983-05-13,106.61305475178924
1983-05-16,105.52110069851283
1983-05-17,105.70260267804363
1983-05-18,105.6463795468635
1983-05-19,104.92108554066276
1983-05-20,104.79383228638137
1983-05-23,105.36550790709029
1983-05-24,106.30907098491235
1983-05-25,106.94213788189838
1983-05-26,106.54190780171253
1983-05-27,106.1325035601687
1983-05-31,104.9668142444506
1983-06-01,105.29109775441397
1983-06-02,106.42303489907808
1983-06-03,107.00518385529918
1983-06-06,107.66192341663687
1983-06-07,106.70770054098521
1983-06-08,105.99137935176218
1983-06-09,106.40097503961141
1983-06-10,107.33180564867149
1983-06-13,108.38605424747975
1983-06-14,108.91732719243079
1983-06-15,110.23870074942356
1983-06-16,111.42072317670822
1983-06-17,111.05584849038442
1983-06-20,110.99893527760892
1983-06-21,111.56521004110377
1983-06-22,111.72145971484383
1983-06-23,111.39521948187188
1983-06-24,111.54334835904798
1983-06-27,110.21404423567064
1983-06-28,107.98967041084191
1983-06-29,108.48577319136132
1983-06-30,109.41348523547421
1983-07-01,110.09755844326186
1983-07-05,108.43412636892815
1983-07-06,109.19480723357577
1983-07-07,109.08313236458896
1983-07-08,108.79367711139369
1983-07-11,109.45712888924032
1983-07-12,108.08529254544165
1983-07-13,107.67739307345478
1983-07-14,108.06202455965766
1983-07-15,107.05185477998639
1983-07-18,106.48523080318037
1983-07-19,106.95214352376931
1983-07-20,109.29376961697679
1983-07-21,109.50777532992424
1983-07-22,109.68769143101038
1983-07-25,109.99197297574976
1983-07-26,110.61945334940675
1983-07-27,108.99454318958412
1983-07-28,107.26013412522067
1983-07-29,105.58782386923289
1983-08-01,104.88947206878707
1983-08-02,104.79180782356094
1983-08-03,105.1191601426657
1983-08-04,103.93483978043867
1983-08-05,104.08243606822727
1983-08-08,102.75767443127918
1983-08-09,102.80775370102687
1983-08-10,103.56056299803583
1983-08-11,103.83793605546894
1983-08-12,104.30564564266159
1983-08-15,105.23455307642669
1983-08-16,105.07164653280944
1983-08-17,105.76620909261578
1983-08-18,105.22770190159484
1983-08-19,105.16628991077485
1983-08-22,105.006817008685
1983-08-23,103.9855711692503
1983-08-24,103.5694235387987
1983-08-25,103.47060016027937
1983-08-26,103.96713243873992
1983-08-29,103.80100110231609
1983-08-30,104.02637777774792
1983-08-31,104.79118150710681
1983-09-01,104.8555694116611
1983-09-02,105.3020065282333
1983-09-06,106.73323254733373
1983-09-07,107.11790865771734
1983-09-08,107.184698388124
1983-09-09,107.06747321994061
1983-09-12,106.88197856892842
1983-09-13,106.2768923323596
1983-09-14,106.52711614311787
1983-09-15,106.29246309504745
1983-09-16,107.27746443391096
1983-09-19,108.32192480883009
1983-09-20,109.45281593609303
1983-09-21,109.40071961073575
1983-09-22,109.86035313537543
1983-09-23,109.70096567783006
1983-09-26,109.97257470406804
1983-09-27,109.16296769198361
1983-09-28,108.81241372867144
1983-09-29,108.59849293964733
1983-09-30,108.31823878659475
1983-10-03,108.2551581334599
1983-10-04,108.82065634131273
1983-10-05,109.81009240841223
1983-10-06,111.31949747487494
1983-10-07,111.78820985413167
1983-10-10,111.9472322548041
1983-10-11,110.98294054571473
1983-10-12,110.29218776646736
1983-10-13,109.97703238793655
1983-10-14,109.99892047193545
1983-10-17,110.12512468003644
1983-10-18,108.69500036047165
1983-10-19,108.15332845307093
1983-10-20,108.76728302623518
1983-10-21,108.38359189732464
1983-10-24,108.20455632650082
1983-10-25,108.66352320612225
1983-10-26,108.69631191010876
1983-10-27,108.39133548328668
1983-10-28,107.84527682967848
1983-10-31,107.79060496027752
1983-11-01,107.76926053853764
1983-11-02,108.56949109626215
1983-11-03,107.90712763980515
1983-11-04,107.21863425215535
1983-11-07,106.65303879835733
1983-11-08,106.51460931624028
1983-11-09,107.7925125633859
1983-11-10,108.34215602194844
1983-11-11,109.4899785566624
1983-11-14,109.9805945283414
1983-11-15,109.47680031749188
1983-11-16,109.86673877071506
1983-11-17,110.07169620508505
1983-11-18,109.97007316734732
1983-11-21,110.52540738336599
1983-11-22,110.86655441372264
1983-11-23,110.7603764463231
1983-11-25,110.65157992629737
1983-11-28,110.29868115037566
1983-11-29,111.00267987374012
1983-11-30,110.53852849693884
1983-12-01,110.64536880676425
1983-12-02,110.11878877086902
1983-12-05,109.9385578457847
1983-12-06,109.95849729649889
1983-12-07,110.16029306098453
1983-12-08,109.93388081283977
1983-12-09,109.64733764730646
1983-12-12,109.75498157149839
1983-12-13,109.51925910843875
1983-12-14,108.70926355554003
1983-12-15,108.05334614286838
1983-12-16,108.08855557586956
1983-12-19,108.15334589614741
1983-12-20,108.00757550108422
1983-12-21,108.46259047234216
1983-12-22,108.00750291873119
1983-12-23,107.83329079428574
1983-12-27,108.64224185366184
1983-12-28,108.61376357671045
1983-12-29,108.51706725824192
1983-12-30,108.75809356997863
1984-01-03,108.44780625679721
1984-01-04,109.80093044083479
1984-01-05,111.11253924435782
1984-01-06,111.5379676086247
1984-01-09,111.47035923441035
1984-01-10,111.20814977935373
1984-01-11,111.08806853002868
1984-01-12,111.13276507344042
1984-01-13,110.92152103061238
1984-01-16,110.21600720499225
1984-01-17,110.53802990939607
1984-01-18,110.47733386916217
1984-01-19,110.02725750009529
1984-01-20,109.57508241938072
1984-01-23,108.78442516502432
1984-01-24,108.98557049337727
1984-01-25,108.7744239777659
1984-01-26,108.60200379291256
1984-01-27,108.53376958265326
1984-01-30,107.76935411729461
1984-01-31,107.7838232436933
1984-02-01,107.32906253348071
1984-02-02,107.52002293539176
1984-02-03,106.47184782857036
1984-02-06,105.08672083991927
1984-02-07,104.91398761968624
1984-02-08,103.74801456513397
1984-02-09,103.24301598128343
1984-02-10,103.44478455284225
1984-02-13,102.51329647711083
1984-02-14,103.05640250244099
1984-02-15,103.18515959119694
1984-02-16,102.88691706029867
1984-02-17,103.03839848476711
1984-02-21,102.67286324904401
1984-02-22,102.55212862595057
1984-02-23,102.38337296369968
1984-02-24,103.79505379089652
1984-02-27,105.40778607483165
1984-02-28,104.70152583884048
1984-02-29,105.01520748729688
1984-03-01,105.73819658438441
1984-03-02,106.14398689713555
1984-03-05,105.36752530434497
1984-03-06,104.30443469285272
1984-03-07,103.32236540967239
1984-03-08,103.53254740389791
1984-03-09,103.11832378864497
1984-03-12,103.6731863794125
1984-03-13,103.62940898572674
1984-03-14,103.45744791203408
1984-03-15,104.02270131218198
1984-03-16,104.93284868433284
1984-03-19,104.22016024051172
1984-03-20,104.88669949571899
1984-03-21,105.10903784745955
1984-03-22,104.45527946379651
1984-03-23,104.4870660252951
1984-03-26,104.64407939871619
1984-03-27,105.0151360263482
1984-03-28,106.10849574221274
1984-03-29,106.13788053046329
1984-03-30,105.97237441638748
1984-04-02,105.57511433085084
1984-04-03,105.48572478817886
1984-04-04,105.59607970204705
1984-04-05,103.97571508295948
1984-04-06,104.14420961802601
1984-04-09,104.3511049950282
1984-04-10,104.59359494745365
1984-04-11,104.46327377478
1984-04-12,105.84983090568677
1984-04-13,105.91338962906293
1984-04-16,106.68177454909228
1984-04-17,107.20510959293807
1984-04-18,106.58828770374961
1984-04-19,106.61450602501048
1984-04-23,105.9542301892395
1984-04-24,106.65930366376502
1984-04-25,106.98418654822247
1984-04-26,107.88974083759437
1984-04-27,107.71857347773015
1984-04-30,107.8465283104178
1984-05-01,108.70018785112433
1984-05-02,108.9907741506279
1984-05-03,108.55678869082938
1984-05-04,107.79945679515939
1984-05-07,108.07972487586152
1984-05-08,108.8900354400227
1984-05-09,109.03032056387987
1984-05-10,109.08907925365271
1984-05-11,108.38476126647012
1984-05-14,107.70104625815526
1984-05-15,108.13252196412269
1984-05-16,108.23590315891873
1984-05-17,107.55684067657346
1984-05-18,106.95429366564446
1984-05-21,106.34327787282896
1984-05-22,105.83194717094091
1984-05-23,105.45408038325596
1984-05-24,104.24952601665272
1984-05-25,104.6290904715367
1984-05-29,103.89463159866575
1984-05-30,103.87435161608357
1984-05-31,104.02228533522367
1984-06-01,105.74441593944704
1984-06-04,106.42969172310288
1984-06-05,106.14459170494767
1984-06-06,107.08332667467432
1984-06-07,107.03948022894959
1984-06-08,107.0628960104327
1984-06-11,106.06586784825073
1984-06-12,105.72905819899829
1984-06-13,105.67438326137328
1984-06-14,104.70351643925098
1984-06-15,103.82524647195321
1984-06-18,105.1056267314748
1984-06-19,105.46059319486056
1984-06-20,106.3438171882171
1984-06-21,106.22258471352859
1984-06-22,106.11207456289374
1984-06-25,105.99440757288451
1984-06-26,105.45641664825024
1984-06-27,104.87088192935533
1984-06-28,105.34451117417804
1984-06-29,105.68190211425848
1984-07-02,105.77442468180433
1984-07-03,106.05508985486294
1984-07-05,105.8924209105404
1984-07-06,105.81330867731168
1984-07-09,106.57666285384704
1984-07-10,106.41117992889863
1984-07-11,105.28852867843727
1984-07-12,105.09627717096753
1984-07-13,105.64238513850859
1984-07-16,105.96349634385557
1984-07-17,106.36722049054947
1984-07-18,106.137667601296
1984-07-19,105.73398280727265
1984-07-20,105.48987520190038
1984-07-23,104.84892074985875
1984-07-24,104.39295991858081
1984-07-25,104.90217558556938
1984-07-26,105.02868052461339
1984-07-27,104.99805478804231
1984-07-30,104.42031110334729
1984-07-31,104.20353397066518
1984-08-01,105.918349334879
1984-08-02,108.05171976794661
1984-08-03,109.71374977978512
1984-08-06,109.63212086988274
1984-08-07,109.83563783050391
1984-08-08,110.05528520539093
1984-08-09,112.1144794840121
1984-08-10,112.45438085467671
1984-08-13,111.91351551311784
1984-08-14,111.56561608477585
1984-08-15,110.80914085801159
1984-08-16,111.30922006590986
1984-08-17,111.4831217483641
1984-08-20,112.2003338456
1984-08-21,113.72031027829266
1984-08-22,113.51474465819614
1984-08-23,113.54912926654443
1984-08-24,113.6954613918447
1984-08-27,113.4071803288082
1984-08-28,113.94783622205075
1984-08-29,114.08827134184975
1984-08-30,113.80772960101935
1984-08-31,113.97095861260195
1984-09-04,113.27372599437342
1984-09-05,113.11310382647491
1984-09-06,113.98246175909023
1984-09-07,113.57786360887157
1984-09-10,113.53834092700838
1984-09-11,113.71691579325598
1984-09-12,113.95293504794788
1984-09-13,115.4292840898664
1984-09-14,116.07968857225508
1984-09-17,115.8937226470725
1984-09-18,115.61960763763602
1984-09-19,116.1603554914263
1984-09-20,116.86727469612337
1984-09-21,115.80605088286725
1984-09-24,115.71323596807038
1984-09-25,116.19318558170343
1984-09-26,116.89588116462853
1984-09-27,117.45975953710268
1984-09-28,117.18440910906385
1984-10-01,116.70106455643898
1984-10-02,116.24054670900168
1984-10-03,115.45523637946681
1984-10-04,115.66924063705623
1984-10-05,115.58190295873418
1984-10-08,115.25761469987995
1984-10-09,115.18569900565677
1984-10-10,115.05445461571608
1984-10-11,115.49223102829562
1984-10-12,116.52933623162143
1984-10-15,117.32613083318219
1984-10-16,116.78315284386716
1984-10-17,116.28002129703826
1984-10-18,118.03529474741764
1984-10-19,117.85338617467954
1984-10-22,117.13280697115549
1984-10-23,116.9363545269974
1984-10-24,116.82860791440392
1984-10-25,116.82838599253562
1984-10-26,116.52925247772245
1984-10-29,116.0728419233868
1984-10-30,117.21138926570693
1984-10-31,117.0233784586863
1984-11-01,117.94049020329028
1984-11-02,117.93909042582116
1984-11-05,118.73348269604347
1984-11-06,119.96237099866889
1984-11-07,119.38029368985563
1984-11-08,119.15091260270293
1984-11-09,118.8079171493451
1984-11-12,118.5104817324563
1984-11-13,117.80282330582996
1984-11-14,117.79005732306405
1984-11-15,118.26468767675837
1984-11-16,117.59499243545802
1984-11-19,116.83072948966469
1984-11-20,117.4690967969327
1984-11-21,117.77104480996796
1984-11-23,119.0477592977514
1984-11-26,117.946285489237
1984-11-27,118.34181898855066
1984-11-28,117.91948126586327
1984-11-29,117.62446432636027
1984-11-30,117.66691586590615
1984-12-03,117.2433178841505
1984-12-04,117.47611421119048
1984-12-05,117.40808671166211
1984-12-06,117.82506177978586
1984-12-07,117.7845683497756
1984-12-10,117.9917314977042
1984-12-11,117.84535185227827
1984-12-12,117.53560306416611
1984-12-13,116.99702311831113
1984-12-14,117.5384664574515
1984-12-17,118.34413817247231
1984-12-18,120.53857674858892
1984-12-19,119.60160144981621
1984-12-20,119.5943386560467
1984-12-21,119.21627006144367
1984-12-24,119.94801366759559
1984-12-26,119.85567284616832
1984-12-27,119.47329654233569
1984-12-28,119.86958965410425
1984-12-31,120.50438446794475
1985-01-02,119.46875663426988
1985-01-03,119.28463520576608
1985-01-04,118.80617548576434
1985-01-07,119.04066261404739
1985-01-08,119.05887586192016
1985-01-09,119.78566325899868
1985-01-10,121.36582300449825
1985-01-11,121.01641793107618
1985-01-14,122.18709274258806
1985-01-15,122.2826110833244
1985-01-16,122.53644272614224
1985-01-17,122.3985519901554
1985-01-18,122.78079543965994
1985-01-21,124.38999186640595
1985-01-22,124.41455469818725
1985-01-23,125.06261943851011
1985-01-24,124.72874135417885
1985-01-25,124.91143861521505
1985-01-28,124.73212257951302
1985-01-29,125.47240569350959
1985-01-30,126.09920936375235
1985-01-31,126.45949513398581
1985-02-01,126.29176177859907
1985-02-04,127.14607832427933
1985-02-05,127.52329414125896
1985-02-06,127.9942561074924
1985-02-07,129.05665027324403
1985-02-08,129.3789342059981
1985-02-11,128.58617409478617
1985-02-12,128.8399261475869
1985-02-13,130.54764665217314
1985-02-14,130.53088988908277
1985-02-15,130.31179062768857
1985-02-19,130.33780196757317
1985-02-20,130.31819977543321
1985-02-21,129.74134981914526
1985-02-22,129.00392655567885
1985-02-25,128.68509951492072
1985-02-26,129.70651463821144
1985-02-27,129.68121373094067
1985-02-28,129.9237130202955
1985-03-01,131.40342738425704
1985-03-04,130.76968989011937
1985-03-05,130.9160492748125
1985-03-06,130.39204638617363
1985-03-07,130.16419340776744
1985-03-08,130.00137679196376
1985-03-11,129.86463659298266
1985-03-12,130.5692065575917
1985-03-13,129.84131916526815
1985-03-14,130.10146644487222
1985-03-15,129.8334388630407
1985-03-18,130.9097833505759
1985-03-19,132.50496453980188
1985-03-20,132.82568234334155
1985-03-21,133.34964955906472
1985-03-22,133.45421580963907
1985-03-25,133.02849439622227
1985-03-26,133.3481242046022
1985-03-27,134.09753443215837
1985-03-28,134.30001709506575
1985-03-29,135.2272050437077
1985-04-01,135.6662648791432
1985-04-02,135.52810829567034
1985-04-03,134.6153488231803
1985-04-04,134.56861851651703
1985-04-08,134.47248336655136
1985-04-09,134.46538203670994
1985-04-10,135.1314347133377
1985-04-11,135.87769167908561
1985-04-12,136.14628157552087
1985-04-15,136.39598318381286
1985-04-16,136.55353462119544
1985-04-17,136.51043378559942
1985-04-18,136.40819687809142
1985-04-19,136.72597855056856
1985-04-22,136.63734418586745
1985-04-23,137.38209671860244
1985-04-24,137.76179003030308
1985-04-25,138.33584258119893
1985-04-26,138.18375149969924
1985-04-29,137.00884628549048
1985-04-30,136.20698191670255
1985-05-01,135.12336137999011
1985-05-02,135.511663694948
1985-05-03,136.2796199448763
1985-05-06,136.4191572395804
1985-05-07,137.1555106286042
1985-05-08,137.34767426545903
1985-05-09,138.42957450766116
1985-05-10,139.88817251147617
1985-05-13,140.11858761533315
1985-05-14,140.15386976555527
1985-05-15,140.82483624818755
1985-05-16,141.95721902911427
1985-05-17,143.57432318092003
1985-05-20,144.83818537386193
1985-05-21,144.44478373720958
1985-05-22,143.46728572876944
1985-05-23,142.72026188735262
1985-05-24,143.25749326707822
1985-05-28,143.4181889819407
1985-05-29,143.3226088149153
1985-05-30,143.66606880475027
1985-05-31,145.17517267595886
1985-06-03,145.68063918266554
1985-06-04,146.50674684804608
1985-06-05,147.11754546477573
1985-06-06,147.62127481235183
1985-06-07,147.27765150870889
1985-06-10,146.84651546720744
1985-06-11,146.67767408072763
1985-06-12,146.1939841027773
1985-06-13,145.1575543263535
1985-06-14,146.25405584172492
1985-06-17,146.33540800674666
1985-06-18,147.22790244951915
1985-06-19,147.1226725136112
1985-06-20,147.1199437120039
1985-06-21,148.81087495198952
1985-06-24,148.49038935611432
1985-06-25,148.68195437386893
1985-06-26,148.4769518900359
1985-06-27,149.26605727591905
1985-06-28,150.06809851532827
1985-07-01,150.3729578417325
1985-07-02,150.2176023051843
1985-07-03,150.22473165453914
1985-07-05,151.06238005644582
1985-07-08,150.97940827902175
1985-07-09,150.6136814847916
1985-07-10,151.5024975885471
1985-07-11,152.2738868441234
1985-07-12,152.55218151505224
1985-07-15,152.0517786154877
1985-07-16,153.02701915421338
1985-07-17,153.22798677099706
1985-07-18,151.9466642463923
1985-07-19,151.72259718781243
1985-07-22,150.6635849171221
1985-07-23,147.77733286233925
1985-07-24,146.17946394936172
1985-07-25,146.10952271286794
1985-07-26,145.83092611652293
1985-07-29,143.93591670834408
1985-07-30,144.33451243021725
1985-07-31,145.06534065608957
1985-08-01,146.20671838514374
1985-08-02,145.71288747673435
1985-08-05,144.709798743286
1985-08-06,143.32782981867885
1985-08-07,143.02654210315464
1985-08-08,144.71452763394086
1985-08-09,144.55937137767404
1985-08-12,144.37898590769487
1985-08-13,144.17418511757666
1985-08-14,144.3106278571114
1985-08-15,144.4854864185494
1985-08-16,143.77650824488938
1985-08-19,144.09465556081426
1985-08-20,145.1511914428268
1985-08-21,145.86297430827918
1985-08-22,145.10732853563601
1985-08-23,144.9367183333991
1985-08-26,144.89919695740468
1985-08-27,145.57998690348896
1985-08-28,146.21105076807277
1985-08-29,146.14937397559257
1985-08-30,146.1432781723405
1985-09-03,145.8221658294351
1985-09-04,145.698959549175
1985-09-05,145.6362431102417
1985-09-06,145.8181221360989
1985-09-09,146.06233384367997
1985-09-10,145.0331200685349
1985-09-11,143.52819113524612
1985-09-12,142.0010648733078
1985-09-13,141.2017560208751
1985-09-16,141.37854885628096
1985-09-17,140.41942750791108
1985-09-18,140.57035876716913
1985-09-19,141.70804301130536
1985-09-20,141.40801143837743
1985-09-23,142.23767109315997
1985-09-24,141.74019146184844
1985-09-25,140.78279605671955
1985-09-26,140.38269526621494
1985-09-30,140.66810959157115
1985-10-01,142.51435296865694
1985-10-02,142.42284020264879
1985-10-03,142.47523606820866
1985-10-04,142.2796795047794
1985-10-07,141.62911343397096
1985-10-08,141.75313082241783
1985-10-09,142.51014149559532
1985-10-10,142.83789161215248
1985-10-11,143.70862509302654
1985-10-14,144.96610653081365
1985-10-15,144.5346030623534
1985-10-16,145.77264247001074
1985-10-17,145.75622028465577
1985-10-18,145.55424089669447
1985-10-21,145.71109301861208
1985-10-22,146.3861221804844
1985-10-23,146.92656148180257
1985-10-24,146.97080825217827
1985-10-25,146.24817226662142
1985-10-28,146.24649591870508
1985-10-29,147.71647923562952
1985-10-30,148.42249209606808
1985-10-31,148.29930063716475
1985-11-01,149.69252142314073
1985-11-04,149.61101147887894
1985-11-05,150.36170582841828
1985-11-06,150.75701674324333
1985-11-07,150.9005377101826
1985-11-08,152.32782517882575
1985-11-11,154.66704230080626
1985-11-12,155.76810359879886
1985-11-13,155.00450216468218
1985-11-14,156.3415098419567
1985-11-15,155.4336530598242
1985-11-18,155.7791133841808
1985-11-19,155.79040002256735
1985-11-20,156.16193627764477
1985-11-21,157.75722257049736
1985-11-22,157.90224278637234
1985-11-25,157.18319390733632
1985-11-26,157.5751988222147
1985-11-27,158.33236871250023
1985-11-29,158.56648229817614
1985-12-02,157.7315746593821
1985-12-03,158.20968312772717
1985-12-04,160.35287851070112
1985-12-05,160.47777715898852
1985-12-06,159.7580323006953
1985-12-09,161.40876569781736
1985-12-10,161.68778053009308
1985-12-11,163.10957720213847
1985-12-12,163.13711726910498
1985-12-13,165.5408812493593
1985-12-16,167.0321838500817
1985-12-17,166.39717813415447
1985-12-18,166.19154812219
1985-12-19,166.2167859924692
1985-12-20,167.11884429966895
1985-12-23,166.1081545418022
1985-12-24,164.9153663381704
1985-12-26,165.08756950247738
1985-12-27,166.25775838785182
1985-12-30,166.78504261498995
1985-12-31,167.50039059108494
1986-01-02,166.2390172806678
1986-01-03,167.17413037485167
1986-01-06,167.15307768217713
1986-01-07,169.13030028103012
1986-01-08,165.57132289569535
1986-01-09,163.13405550209845
1986-01-10,163.01005991408206
1986-01-13,163.64977281422748
1986-01-14,163.6895548007728
1986-01-15,164.75268275798302
1986-01-16,164.95275409277596
1986-01-17,164.93959100582643
1986-01-20,164.37742514171603
1986-01-21,163.4133916578066
1986-01-22,162.20494652082314
1986-01-23,162.6870974000883
1986-01-24,164.1227752721679
1986-01-27,165.09576870740815
1986-01-28,166.88024717068865
1986-01-29,167.49545684281986
1986-01-30,166.94854641554932
1986-01-31,168.183023078216
1986-02-03,169.7665369628523
1986-02-04,169.8041194946697
1986-02-05,169.74455051426816
1986-02-06,170.19432646430732
1986-02-07,170.76851365584034
1986-02-10,171.92581138827208
1986-02-11,172.36167498652432
1986-02-12,172.79589903834344
1986-02-13,173.93537536462762
1986-02-14,176.23502414775305
1986-02-18,178.28145043850574
1986-02-19,176.7537988341008
1986-02-20,178.59276292203685
1986-02-21,180.79783035424933
1986-02-24,180.37551915799986
1986-02-25,180.03392971340025
1986-02-26,180.05613676165672
1986-02-27,182.96278584806583
1986-02-28,184.089344414145
1986-03-03,183.41142879154853
1986-03-04,183.1953023755533
1986-03-05,182.65410383182038
1986-03-06,183.59607268971453
1986-03-07,184.51622382899296
1986-03-10,185.20042777242412
1986-03-11,188.34660223027478
1986-03-12,189.46770141022694
1986-03-13,190.08712616516567
1986-03-14,192.96101547825705
1986-03-17,190.85824396856057
1986-03-18,191.68199280028279
1986-03-19,191.2960568075803
1986-03-20,191.89973378452035
1986-03-21,190.4605787800412
1986-03-24,191.65831545287196
1986-03-25,191.12566041802617
1986-03-26,193.2468961172295
1986-03-27,194.88790731729537
1986-03-31,195.2594794801626
1986-04-01,192.84901996574516
1986-04-02,192.6947564785899
1986-04-03,190.37301287571924
1986-04-04,187.2277461293093
1986-04-07,186.58598245627738
1986-04-08,190.5499197297032
1986-04-09,191.63882631785046
1986-04-10,193.48586786282365
1986-04-11,193.2199739103924
1986-04-14,194.2167719338849
1986-04-15,194.05635700033338
1986-04-16,197.7724823598281
1986-04-17,199.17929170525872
1986-04-18,199.30945974507895
1986-04-21,200.80956489606083
1986-04-22,199.1005670327572
1986-04-23,198.32966250076493
1986-04-24,198.4978886418928
1986-04-25,198.26141578199392
1986-04-28,198.62034821508695
1986-04-29,197.1901798209762
1986-04-30,193.36213803990034
1986-05-01,192.86438399615312
1986-05-02,192.45757822798527
1986-05-05,194.14018194184663
1986-05-06,193.80924316074027
1986-05-07,193.02920947157227
1986-05-08,193.9986362575533
1986-05-09,194.58064095310476
1986-05-12,194.18166294025056
1986-05-13,193.64323115430474
1986-05-14,194.65748584915107
1986-05-15,192.49215913635015
1986-05-16,191.37020436812443
1986-05-19,191.31769231303008
1986-05-20,193.55814753634968
1986-05-21,193.52421010811645
1986-05-22,197.1821546901426
1986-05-23,198.27069532797333
1986-05-27,201.10482686834354
1986-05-28,202.7694602608745
1986-05-29,204.15393542846712
1986-05-30,204.11514537948656
1986-06-02,202.38808421805518
1986-06-03,202.8137193182717
1986-06-04,202.34155839943924
1986-06-05,203.41412529282542
1986-06-06,203.8366889870755
1986-06-09,199.64290302688875
1986-06-10,199.20282113388282
1986-06-11,200.88097730197563
1986-06-12,201.4849987057634
1986-06-13,204.64200540219593
1986-06-16,204.841958075689
1986-06-17,204.2803106336838
1986-06-18,204.3786762505214
1986-06-19,203.98786219003125
1986-06-20,205.46969028702893
1986-06-23,204.73425377218808
1986-06-24,206.47340253199022
1986-06-25,207.98272795004488
1986-06-26,208.10238015582198
1986-06-27,208.31118008322218
1986-06-30,209.44887343675848
1986-07-01,210.69747911175878
1986-07-02,211.33470335769624
1986-07-03,210.66322194665122
1986-07-07,202.48361320440648
1986-07-08,198.1257432597365
1986-07-09,200.51465537452202
1986-07-10,200.3408400823314
1986-07-11,200.241191185634
1986-07-14,195.66785096722623
1986-07-15,192.15672532944865
1986-07-16,193.418060157194
1986-07-17,195.27071879313368
1986-07-18,195.45502286007945
1986-07-21,194.53510386796748
1986-07-22,196.6204067862516
1986-07-23,197.209444867732
1986-07-24,196.57085420509014
1986-07-25,198.16691737308662
1986-07-28,194.26498423465964
1986-07-29,193.0030439567596
1986-07-30,194.3427914295804
1986-07-31,194.60308386706924
1986-08-01,193.7963067749141
1986-08-04,193.45086388670603
1986-08-05,193.22845826476708
1986-08-06,193.0258903182296
1986-08-07,192.8784271589122
1986-08-08,192.81348741678133
1986-08-11,195.48991860936565
1986-08-12,196.97040863664472
1986-08-13,198.44517352246322
1986-08-14,199.46240498654575
1986-08-15,199.9988798221212
1986-08-18,200.7723127663348
1986-08-19,200.89531757823596
1986-08-20,203.24838837022148
1986-08-21,203.55268880242866
1986-08-22,203.3281065812387
1986-08-25,200.96457965599146
1986-08-26,204.05160083853815
1986-08-27,204.2115661240093
1986-08-28,204.3736844379752
1986-08-29,204.66226099228334
1986-09-02,201.80756248758723
1986-09-03,202.08480544441673
1986-09-04,203.68955825782874
1986-09-05,200.2916634881314
1986-09-08,198.15819258348068
1986-09-09,198.0125987236609
1986-09-10,196.75192769295165
1986-09-11,187.8213236916542
1986-09-12,184.5419106471366
1986-09-15,185.19845357709832
1986-09-16,185.06291066948467
1986-09-17,185.40182466422073
1986-09-18,185.71149950535943
1986-09-19,185.44539712499034
1986-09-22,188.027370558684
1986-09-23,188.87227311909155
1986-09-24,189.8795770728393
1986-09-25,187.0766532824398
1986-09-26,187.18841659335118
1986-09-29,185.2939702422001
1986-09-30,186.1033552362924
1986-10-01,187.40513896260782
1986-10-02,187.75679640169986
1986-10-03,187.94826185359983
1986-10-06,188.69050704857708
1986-10-07,188.77594574621006
1986-10-08,190.33941911430006
1986-10-09,190.4056428830896
1986-10-10,190.66965569880853
1986-10-13,190.88908860206845
1986-10-14,190.6666737417136
1986-10-15,193.25825419889173
1986-10-16,193.69558507186534
1986-10-17,193.27942878578327
1986-10-20,191.31698601853336
1986-10-21,190.8824853746641
1986-10-22,191.16977262557018
1986-10-23,193.57796389129877
1986-10-24,192.97963848846024
1986-10-27,193.79427407702028
1986-10-28,195.08319248667766
1986-10-29,196.49520098762952
1986-10-30,198.9057437765109
1986-10-31,198.73121062163148
1986-11-03,199.709165886552
1986-11-04,200.21736674580188
1986-11-05,200.81683733514882
1986-11-06,200.76129936654624
1986-11-07,200.43474753549873
1986-11-10,200.82511707307782
1986-11-11,201.38169718155933
1986-11-12,201.2192649092474
1986-11-13,198.99463961298116
1986-11-14,199.54147636358783
1986-11-17,198.4048061012887
1986-11-18,193.9435221198025
1986-11-19,194.29337683059094
1986-11-20,197.67222992398527
1986-11-21,200.55444375633462
1986-11-24,201.8138329007506
1986-11-25,202.07703006391864
1986-11-26,202.65962678651996
1986-11-28,202.97154184448698
1986-12-01,202.4258893150757
1986-12-02,206.427527233405
1986-12-03,206.47243797986692
1986-12-04,206.41559858293346
1986-12-05,205.0265690108974
1986-12-08,205.0008771596146
1986-12-09,203.84187341546684
1986-12-10,204.83505127418192
1986-12-11,202.6940687086281
1986-12-12,201.5084396034084
1986-12-15,201.7142696287394
1986-12-16,203.39831005361103
1986-12-17,202.14568993016587
1986-12-18,200.88343669839347
1986-12-19,202.1729597711461
1986-12-22,201.75384981728902
1986-12-23,200.16064827159232
1986-12-24,200.4927009241706
1986-12-26,200.58877247724286
1986-12-29,198.9030111421252
1986-12-30,197.33600876242386
1986-12-31,196.51501303298812
1987-01-02,200.05609987317382
1987-01-05,204.82665781706737
1987-01-06,205.46654522521604
1987-01-07,207.63968554918168
1987-01-08,209.48639633876806
1987-01-09,210.3246253308332
1987-01-12,211.1813542906111
1987-01-13,211.21365513802257
1987-01-14,212.83553375488998
1987-01-15,215.18449456933766
1987-01-16,215.59153956657448
1987-01-19,217.32810834314625
1987-01-20,217.10430593987877
1987-01-21,216.47210919749529
1987-01-22,220.40648708430496
1987-01-23,218.0201641072178
1987-01-26,217.6875282715201
1987-01-27,220.76781577245217
1987-01-28,222.7659606950563
1987-01-29,221.84235711726114
1987-01-30,221.5422292152892
1987-02-02,222.99016663056483
1987-02-03,222.8983336179475
1987-02-04,226.1166192981284
1987-02-05,227.20223812325764
1987-02-06,226.89639719880668
1987-02-09,225.3953037243634
1987-02-10,223.2047749040297
1987-02-11,224.2970208365337
1987-02-12,222.34052274393432
1987-02-13,224.510929303458
1987-02-17,228.27184078571904
1987-02-18,228.06448078867004
1987-02-19,227.208924796137
1987-02-20,226.92379271887907
1987-02-23,224.73944617632824
1987-02-24,224.2132474362928
1987-02-25,224.71459437578724
1987-02-26,224.53027825397953
1987-02-27,225.36880205140903
1987-03-02,224.40620369191853
1987-03-03,225.55815962694882
1987-03-04,228.7986659399399
1987-03-05,230.26841647927225
1987-03-06,230.71966486493488
1987-03-09,229.00000843986376
1987-03-10,231.19772755392637
1987-03-11,231.85160101198875
1987-03-12,232.79170965225924
1987-03-13,232.12938433496006
1987-03-16,231.1438272108304
1987-03-17,234.91865491186277
1987-03-18,236.14746490724795
1987-03-19,236.6261645554353
1987-03-20,239.6779952776253
1987-03-23,242.27242051300928
1987-03-24,242.34507360004244
1987-03-25,241.0183833692649
1987-03-26,242.14615438494226
1987-03-27,238.54831301678303
1987-03-30,232.61892340322987
1987-03-31,234.92026113218262
1987-04-01,236.50970278896858
1987-04-02,238.24547698983483
1987-04-03,243.83880091124394
1987-04-06,245.3903232583064
1987-04-07,241.6541320354723
1987-04-08,241.84373523469384
1987-04-09,238.6105598777585
1987-04-10,238.760273187196
1987-04-13,233.14170300108782
1987-04-14,227.4659474041714
1987-04-15,231.2756690447246
1987-04-16,233.39273091026416
1987-04-20,232.12419243933093
1987-04-21,237.3034297648068
1987-04-22,233.26688838391618
1987-04-23,232.77081227896335
1987-04-24,228.6539981080474
1987-04-27,227.41974386087006
1987-04-28,227.45664323350687
1987-04-29,228.30907899898023
1987-04-30,231.20693615694088
1987-05-01,230.39059630682058
1987-05-04,231.1010200986993
1987-05-05,236.12567992252409
1987-05-06,236.9378563787206
1987-05-07,237.50818371376513
1987-05-08,237.61973009519718
1987-05-11,236.8895438144406
1987-05-12,237.78027216941777
1987-05-13,237.9083064745007
1987-05-14,237.67714270030913
1987-05-15,232.689454809447
1987-05-18,231.4248057170284
1987-05-19,226.05715936620297
1987-05-20,225.14454178717992
1987-05-21,226.46482929124303
1987-05-22,227.36402168721088
1987-05-26,231.9965953445942
1987-05-27,230.99120820009028
1987-05-28,232.4518269050987
1987-05-29,232.47160831750926
1987-06-01,231.97321187249807
1987-06-02,231.56194147213643
1987-06-03,234.72578513575888
1987-06-04,235.58885049742022
1987-06-05,234.43809862691398
1987-06-08,236.1123670695533
1987-06-09,236.48845611377303
1987-06-10,236.39663551715427
1987-06-11,237.2971242065886
1987-06-12,238.89140054453077
1987-06-15,239.591678414157
1987-06-16,240.18560237728855
1987-06-17,240.2265799474481
1987-06-18,240.48029073611016
1987-06-19,241.11839520825825
1987-06-22,243.39669999398527
1987-06-23,242.71693799355887
1987-06-24,242.0003395172617
1987-06-25,243.7093471191567
1987-06-26,243.27013263496792
1987-06-29,244.82750458910897
1987-06-30,242.39608289959875
1987-07-01,240.97272646674335
1987-07-02,243.0637275770743
1987-07-06,243.36619256471482
1987-07-07,246.00578178690594
1987-07-08,246.75065935640808
1987-07-09,246.52324250920543
1987-07-10,247.0551597421671
1987-07-13,246.3895217284568
1987-07-14,248.8124020210209
1987-07-15,248.99775656789748
1987-07-16,250.5375823859483
1987-07-17,251.65014809993784
1987-07-20,250.0414303572263
1987-07-21,248.52067000945326
1987-07-22,247.7439421183218
1987-07-23,247.398862009777
1987-07-24,248.19645348834962
1987-07-27,248.39274242503467
1987-07-28,249.6824889967894
1987-07-29,251.84560641080887
1987-07-30,254.03052047462023
1987-07-31,255.52744838091405
1987-08-03,256.7589169691786
1987-08-04,255.66323510144997
1987-08-05,256.11564546544696
1987-08-06,257.7838119510459
1987-08-07,258.16133131246846
1987-08-10,261.11858993930673
1987-08-11,263.5132905016022
1987-08-12,262.75919539597004
1987-08-13,262.66051983791664
1987-08-14,261.78095448612737
1987-08-17,261.48160700235866
1987-08-18,258.1158463390161
1987-08-19,258.8458228192213
1987-08-20,262.61189811159005
1987-08-21,263.51709385584104
1987-08-24,261.9137173981818
1987-08-25,263.7607296166301
1987-08-26,263.01905444693693
1987-08-27,261.97857028508514
1987-08-28,258.9805140296326
1987-08-31,261.3074152873867
1987-09-01,257.29392848465733
1987-09-02,255.1316680922014
1987-09-03,253.89457290337253
1987-09-04,251.32370542850913
1987-09-08,248.96002779312474
1987-09-09,249.78710890656592
1987-09-10,253.2395338508698
1987-09-11,256.94469069792984
1987-09-14,257.98427209537573
1987-09-15,254.18524615396706
1987-09-16,252.08288939614494
1987-09-17,252.40468990078327
1987-09-18,252.78844148012396
1987-09-21,249.90843262127916
1987-09-22,255.170771062283
1987-09-23,257.4809511676149
1987-09-24,257.0470737061479
1987-09-25,257.08325927309164
1987-09-28,259.0220399597518
1987-09-29,257.4955434077493
1987-09-30,258.3676575345624
1987-10-01,262.03263205675756
1987-10-02,262.8389395906356
1987-10-05,262.80381679322096
1987-10-06,256.56101611005613
1987-10-07,255.60349648718764
1987-10-08,251.4130823727313
1987-10-09,248.2998275299342
1987-10-12,246.5126830943573
1987-10-13,249.3158425898261
1987-10-14,242.23698982741675
1987-10-15,235.13287171476836
1987-10-16,222.82388920596097
1987-10-19,181.50578114685814
1987-10-20,180.57696610248834
1987-10-21,196.87034535180993
1987-10-22,186.82007180165215
1987-10-23,184.89005845437714
1987-10-26,167.8667663092361
1987-10-27,170.6496908306353
1987-10-28,170.86396850048914
1987-10-29,179.51603155392644
1987-10-30,187.86333104557184
1987-11-02,190.52790900023936
1987-11-03,186.36601137847717
1987-11-04,185.30441699743707
1987-11-05,188.39324264605025
1987-11-06,185.89093830356552
1987-11-09,180.34213986845842
1987-11-10,177.3848546237451
1987-11-11,179.76825061954594
1987-11-12,184.16188226113482
1987-11-13,182.2353826766466
1987-11-16,183.11073784589502
1987-11-17,180.04633631450778
1987-11-18,181.82385051523744
1987-11-19,177.80755251052662
1987-11-20,178.81348572538417
1987-11-23,179.59395195051977
1987-11-24,182.26581550971346
1987-11-25,180.9407979725958
1987-11-27,178.74164586293057
1987-11-30,171.18028390884598
1987-12-01,172.31976261210332
1987-12-02,173.5925593486174
1987-12-03,168.18545724419235
1987-12-04,167.06592192312584
1987-12-07,170.43761408922632
1987-12-08,174.73222623891448
1987-12-09,177.73202083926338
1987-12-10,173.96301608369478
1987-12-11,176.14600212506062
1987-12-14,180.7852922783383
1987-12-15,180.93329136881943
1987-12-16,184.8380264635766
1987-12-17,181.55357582379176
1987-12-18,186.01257941540595
1987-12-21,186.38544941477502
1987-12-22,186.83772106289743
1987-12-23,188.86669076030884
1987-12-24,188.2006756356461
1987-12-28,183.5896276413591
1987-12-29,182.78328018998985
1987-12-30,185.42318525960596
1987-12-31,184.65804046704355
1988-01-04,191.18796794117802
1988-01-05,192.52839248485176
1988-01-06,192.17461330894463
1988-01-07,194.27865032206972
1988-01-08,182.32824680138557
1988-01-11,184.41889701561476
1988-01-12,182.68534098434742
1988-01-13,182.90834902784798
1988-01-14,183.20239586034634
1988-01-15,187.94162684246513
1988-01-18,187.57529317801385
1988-01-19,185.4511288785352
1988-01-20,180.31875406094642
1988-01-21,180.62337352091177
1988-01-22,183.2271167390282
1988-01-25,187.69200557772584
1988-01-26,185.92617451928885
1988-01-27,186.05127394788624
1988-01-28,189.24103696681155
1988-01-29,191.55069373485958
1988-02-01,189.78823841931907
1988-02-02,190.30216915412265
1988-02-03,188.27487284530213
1988-02-04,188.23075067831675
1988-02-05,187.44741715085712
1988-02-08,186.44051145956007
1988-02-09,188.52293558966755
1988-02-10,192.59366920193537
1988-02-11,191.80495017921064
1988-02-12,192.55699756430448
1988-02-16,193.87040548701103
1988-02-17,193.14015994512204
1988-02-18,192.6908904964985
1988-02-19,195.21756774054182
1988-02-22,197.74242341417724
1988-02-23,197.23261365742158
1988-02-24,196.76652168495832
1988-02-25,194.40080367465086
1988-02-26,194.31633089633593
1988-02-29,198.29602663977138
1988-03-01,197.7402526442773
1988-03-02,198.009647096387
1988-03-03,198.17637079443404
1988-03-04,198.08340596393603
1988-03-07,198.39204232658156
1988-03-08,199.84246576818254
1988-03-09,199.49173140364942
1988-03-10,196.6443668314713
1988-03-11,197.29519917559838
1988-03-14,198.3359174501514
1988-03-15,198.54639797970154
1988-03-16,200.63636054136273
1988-03-17,202.90961740859865
1988-03-18,203.4127445299426
1988-03-21,201.86390014697432
1988-03-22,201.65047641314726
1988-03-23,202.10913290405372
1988-03-24,197.93887878113176
1988-03-25,194.9729932217514
1988-03-28,194.26528372308184
1988-03-29,195.69480475729443
1988-03-30,194.69480287977535
1988-03-31,195.8104910675114
1988-04-04,193.46295081408144
1988-04-05,195.011266762798
1988-04-06,200.36171213353367
1988-04-07,201.30613384009362
1988-04-08,203.28571871706782
1988-04-11,203.8358271009568
1988-04-12,205.21114629030478
1988-04-13,205.15892108950123
1988-04-14,197.0148249256204
1988-04-15,196.78294224174226
1988-04-18,196.42438113758496
1988-04-19,195.34642354783915
1988-04-20,193.91470676222397
1988-04-21,194.41385072043136
1988-04-22,197.2567846302558
1988-04-25,199.118590705506
1988-04-26,200.08729084767404
1988-04-27,199.98149651273476
1988-04-28,199.32116919388667
1988-04-29,198.90682177467173
1988-05-02,198.59978201436945
1988-05-03,199.7253009863703
1988-05-04,198.0211127829674
1988-05-05,197.1601046616312
1988-05-06,196.8552906518777
1988-05-09,196.31294314460425
1988-05-10,197.24955228656987
1988-05-11,194.14964773757026
1988-05-12,195.06824125604285
1988-05-13,196.990492093451
1988-05-16,197.8856708719799
1988-05-17,195.8170385785233
1988-05-18,193.3852184169544
1988-05-19,194.1209647957777
1988-05-20,194.32107982018118
1988-05-23,192.67060199235533
1988-05-24,194.45147569565933
1988-05-25,194.50787405152698
1988-05-26,195.02774265663624
1988-05-27,193.99904040682392
1988-05-31,199.71073730189573
1988-06-01,202.79844997659865
1988-06-02,201.63625761058907
1988-06-03,202.5426904683798
1988-06-06,202.3709409191729
1988-06-07,201.32883439962433
1988-06-08,205.49737001555064
1988-06-09,204.90927811497886
1988-06-10,205.7213146513808
1988-06-13,205.48434527734125
1988-06-14,207.5146501474003
1988-06-15,207.27376578745182
1988-06-16,204.6395977968717
1988-06-17,205.3642718658666
1988-06-20,204.39895113207035
1988-06-21,205.8359770130317
1988-06-22,208.38300255531365
1988-06-23,207.5804593144873
1988-06-24,206.9845161786963
1988-06-27,204.190549288197
1988-06-28,206.06402830179053
1988-06-29,205.19418478492346
1988-06-30,205.75807394960825
1988-07-01,205.06529082161768
1988-07-05,207.6648508208915
1988-07-06,205.1525362417569
1988-07-07,204.8196224540515
1988-07-08,203.76485169314614
1988-07-11,203.8055034880712
1988-07-12,202.51594425343458
1988-07-13,203.27979343221168
1988-07-14,203.65096065440235
1988-07-15,204.6004507382903
1988-07-18,203.82410528872578
1988-07-19,203.02054990387853
1988-07-20,204.22699620776493
1988-07-21,202.50832782023681
1988-07-22,200.27233215170335
1988-07-25,200.72082725348858
1988-07-26,201.1232608573517
1988-07-27,199.75971605394597
1988-07-28,201.92441289070015
1988-07-29,205.14990125297652
1988-08-01,205.4327063198277
1988-08-02,204.93877989429285
1988-08-03,205.46555501489397
1988-08-04,205.0593675453423
1988-08-05,204.54638812589025
1988-08-08,203.94338051083886
1988-08-09,201.62973973383637
1988-08-10,198.9576777863872
1988-08-11,199.3634796085264
1988-08-12,199.1898172444937
1988-08-15,196.93666834716336
1988-08-16,197.73950978196862
1988-08-17,198.2217585633108
1988-08-18,198.02322645574404
1988-08-19,198.05525740946925
1988-08-22,196.48673912444627
1988-08-23,196.5670993962671
1988-08-24,198.9797922006818
1988-08-25,197.95411328003553
1988-08-26,198.3319802588982
1988-08-29,199.84133838851113
1988-08-30,200.32245781348635
1988-08-31,200.30185424829452
1988-09-01,198.32455928330404
1988-09-02,201.74309713684553
1988-09-06,201.72665900089928
1988-09-07,201.33501867338956
1988-09-08,201.30813517186385
1988-09-09,201.46705892282205
1988-09-12,201.12801757354876
1988-09-13,201.58900112066075
1988-09-14,202.99784692350855
1988-09-15,202.70178303223716
1988-09-16,204.1882144036055
1988-09-19,203.07601867535686
1988-09-20,203.860224230446
1988-09-21,203.6155260524632
1988-09-22,202.97183010661405
1988-09-23,203.4715510038259
1988-09-26,203.24014598811812
1988-09-27,202.8984830658741
1988-09-28,203.64766427804435
1988-09-29,205.7655624685639
1988-09-30,205.78817957356222
1988-10-03,204.9573882878422
1988-10-04,204.15801322508614
1988-10-05,205.5302383432021
1988-10-06,205.84395342632976
1988-10-07,209.5271180218365
1988-10-10,209.53895556503468
1988-10-11,208.71518056697482
1988-10-12,206.151020885057
1988-10-13,207.18300058965113
1988-10-14,207.45465966851285
1988-10-17,207.71851475498048
1988-10-18,209.98426800317935
1988-10-19,208.7305423250097
1988-10-20,212.9793272919355
1988-10-21,213.7804335623941
1988-10-24,214.039061240144
1988-10-25,213.79118238999865
1988-10-26,213.02329496015122
1988-10-27,210.3211581700155
1988-10-28,211.5511862685273
1988-10-31,212.05321066940365
1988-11-01,212.12057397947817
1988-11-02,212.15423572748688
1988-11-03,213.0220375995313
1988-11-04,211.3331351071511
1988-11-07,209.28309872463925
1988-11-08,209.9586124141146
1988-11-09,208.76203566655866
1988-11-10,208.92470343648435
1988-11-11,205.54852300976285
1988-11-14,205.18629568208695
1988-11-15,205.71758744828512
1988-11-16,202.82249904936248
1988-11-17,202.9054016037791
1988-11-18,204.07441804907154
1988-11-21,203.76361358889096
1988-11-22,204.08912121849653
1988-11-23,205.31354861891293
1988-11-25,204.28523285933198
1988-11-28,205.00308860822892
1988-11-29,206.71711152169186
1988-11-30,208.847121905909
1988-12-01,208.3727173992637
1988-12-02,207.96660074169293
1988-12-05,209.2185968937919
1988-12-06,210.69397810041733
1988-12-07,211.32616948456533
1988-12-08,210.48051488027195
1988-12-09,210.8119862328156
1988-12-12,210.56874578997963
1988-12-13,210.06329511132296
1988-12-14,209.28093825288366
1988-12-15,208.5328225199753
1988-12-16,209.36253904490815
1988-12-19,210.21302935695545
1988-12-20,209.76366924877718
1988-12-21,209.83179337849114
1988-12-22,210.1407455583569
1988-12-23,211.22757811355143
1988-12-27,210.64186905667134
1988-12-28,210.86171368525004
1988-12-29,212.11858437369955
1988-12-30,211.99984433631556
1989-01-03,209.96454247750103
1989-01-04,212.3913175524376
1989-01-05,212.56606792175302
1989-01-06,213.1276966377998
1989-01-09,213.51576394720502
1989-01-10,213.33928113322366
1989-01-11,214.1342459371171
1989-01-12,214.76610614663716
1989-01-13,215.04525457590023
1989-01-16,215.35509932152232
1989-01-17,215.4351965618444
1989-01-18,217.2129397732519
1989-01-19,217.71540165956137
1989-01-20,217.53287722811677
1989-01-23,216.26949975377195
1989-01-24,218.79590576814977
1989-01-25,219.35448105011307
1989-01-26,220.88716349754222
1989-01-27,222.28504783583034
1989-01-30,222.90991503564746
1989-01-31,224.51556450195184
1989-02-01,224.83278743040765
1989-02-02,224.6006086394399
1989-02-03,224.7576394226328
1989-02-06,224.39861662840266
1989-02-07,226.80089844945465
1989-02-08,226.55704730159536
1989-02-09,225.10725775437206
1989-02-10,222.23182499617022
1989-02-13,222.51415759679222
1989-02-14,222.6245233486907
1989-02-15,224.11042465225353
1989-02-16,224.92402333004227
1989-02-17,226.46956828725772
1989-02-21,225.5754891694947
1989-02-22,222.39550831167213
1989-02-23,223.34005257038763
1989-02-24,220.4984713229223
1989-02-27,220.39241739907393
1989-02-28,221.2721889499334
1989-03-01,220.66522587541112
1989-03-02,222.74229464736905
1989-03-03,223.57735551000204
1989-03-06,226.3972861451894
1989-03-07,226.15925402963634
1989-03-08,226.29292140352285
1989-03-09,226.14546649230027
1989-03-10,226.07344520224976
1989-03-13,227.54317106273774
1989-03-14,227.57107542715167
1989-03-15,228.67174907284053
1989-03-16,230.10884839636077
1989-03-17,225.62669065106775
1989-03-20,223.7423746792773
1989-03-21,225.0263395193821
1989-03-22,225.20580242896762
1989-03-23,224.44005636387024
1989-03-27,225.1620800864841
1989-03-28,226.10157088343558
1989-03-29,226.59197006760388
1989-03-30,226.65231729267708
1989-03-31,228.6498961963672
1989-04-03,229.91642525926426
1989-04-04,229.83309314540634
1989-04-05,230.60129901004152
1989-04-06,230.2783107104309
1989-04-07,231.15888798988001
1989-04-10,231.12383121889042
1989-04-11,231.8691946661226
1989-04-12,232.19942057730884
1989-04-13,230.50395108750462
1989-04-14,233.38397482834924
1989-04-17,233.88125020287097
1989-04-18,236.62939686511558
1989-04-19,237.66661698041773
1989-04-20,237.25007832860993
1989-04-21,239.07394562496958
1989-04-24,238.96457290032433
1989-04-25,238.48909874073078
1989-04-26,238.9233629117509
1989-04-27,241.15746948612158
1989-04-28,241.9527778240864
1989-05-01,241.95748034351595
1989-05-02,241.72229489885953
1989-05-03,241.66557828877714
1989-05-04,241.3400105019395
1989-05-05,242.21409275416053
1989-05-08,241.26401130789603
1989-05-09,240.72869845230483
1989-05-10,241.08393782722976
1989-05-11,241.77107178350695
1989-05-12,246.8902007329197
1989-05-15,248.3027298190971
1989-05-16,248.07796112841217
1989-05-17,250.17044342208806
1989-05-18,250.89136786717486
1989-05-19,253.2451079146889
1989-05-22,254.5884694859383
1989-05-23,252.42965923208504
1989-05-24,253.08775015618872
1989-05-25,253.31959519574076
1989-05-26,255.02213940254876
1989-05-30,253.67379398163516
1989-05-31,254.8408335174107
1989-06-01,255.71695869812874
1989-06-02,259.19008720473647
1989-06-05,257.8220902345381
1989-06-06,259.3163820742726
1989-06-07,263.17787263392603
1989-06-08,263.6421053555294
1989-06-09,263.5859966491915
1989-06-12,262.85391578432603
1989-06-13,261.2731069264233
1989-06-14,261.32656341020385
1989-06-15,258.47511408892586
1989-06-16,258.9383154004377
1989-06-19,259.29473035973297
1989-06-20,259.14032299086966
1989-06-21,259.3499915712416
1989-06-22,261.06753720307313
1989-06-23,265.3325559284611
1989-06-26,264.69546251838847
1989-06-27,265.61552710808604
1989-06-28,263.78397708010266
1989-06-29,259.60029221490646
1989-06-30,258.46906735851485
1989-07-03,259.0735932526927
1989-07-05,260.36986433074355
1989-07-06,261.53351560272955
1989-07-07,264.3256896991271
1989-07-10,265.63335993231226
1989-07-11,267.66513692298383
1989-07-12,268.48206559061003
1989-07-13,268.60220538576095
1989-07-14,269.4160020512642
1989-07-17,269.5156477183276
1989-07-18,268.66035262825994
1989-07-19,271.30071700203627
1989-07-20,269.63631054022574
1989-07-21,270.3661224986218
1989-07-24,269.18291041991404
1989-07-25,270.7743768664984
1989-07-26,274.040790127861
1989-07-27,277.1072569633403
1989-07-28,277.799825886974
1989-07-31,281.0515880426322
1989-08-01,280.5015299784054
1989-08-02,280.8837085420797
1989-08-03,281.1698530179754
1989-08-04,279.3364438456772
1989-08-07,281.8926200775371
1989-08-08,281.86959107864743
1989-08-09,280.2349641843493
1989-08-10,281.0493806151057
1989-08-11,278.96926638270185
1989-08-14,277.0078994185937
1989-08-15,277.62323257960287
1989-08-16,278.5408365800163
1989-08-17,277.9442024853222
1989-08-18,278.846214988408
1989-08-21,275.2886162428782
1989-08-22,275.0072296593841
1989-08-23,277.27387137720274
1989-08-24,281.58967866367294
1989-08-25,280.89241185445684
1989-08-28,281.4958852798965
1989-08-29,280.15697296897747
1989-08-30,280.56560359962606
1989-08-31,281.04684288733927
1989-09-01,282.8140875346325
1989-09-05,282.0355080483046
1989-09-06,279.37630450788976
1989-09-07,278.5043498649282
1989-09-08,278.53363462306424
1989-09-11,277.95177113635253
1989-09-12,278.60721005761866
1989-09-13,276.73381332476424
1989-09-14,275.2259428430159
1989-09-15,276.02916089831274
1989-09-18,277.293594622385
1989-09-19,278.40171506694867
1989-09-20,278.40382976771184
1989-09-21,278.15056073448346
1989-09-22,279.1053618346973
1989-09-25,277.68935342863904
1989-09-26,278.441911948255
1989-09-27,279.19448614482667
1989-09-28,282.5700880525351
1989-09-29,283.6416176421701
1989-10-02,284.55934886888394
1989-10-03,287.2255150121426
1989-10-04,288.5018977415112
1989-10-05,289.0354711901007
1989-10-06,290.40344949718485
1989-10-09,290.8871511782485
1989-10-10,290.1422729236129
1989-10-11,288.3127608285768
1989-10-12,287.5337826052455
1989-10-13,273.49970172328506
1989-10-16,276.5108872286031
1989-10-17,275.20503628559123
1989-10-18,276.08913839762886
1989-10-19,280.25723278912784
1989-10-20,280.29538849022543
1989-10-23,278.8217764086034
1989-10-24,276.4691002938409
1989-10-25,276.8794364662324
1989-10-26,274.8857661544529
1989-10-27,272.37305388210086
1989-10-30,272.5208069522774
1989-10-31,275.366102612669
1989-11-01,276.6019172382107
1989-11-02,275.6354151816713
1989-11-03,274.98651102847674
1989-11-06,271.8044212163035
1989-11-07,273.20318264695624
1989-11-08,276.6211711198024
1989-11-09,276.1807444620587
1989-11-10,278.03030484927916
1989-11-13,277.43123635551484
1989-11-14,276.18729108515976
1989-11-15,277.94270032200086
1989-11-16,278.1016063581372
1989-11-17,277.9596588501712
1989-11-20,276.9746986486562
1989-11-21,276.93492478107953
1989-11-22,278.7437422011001
1989-11-24,280.43233852412385
1989-11-27,281.0004740243222
1989-11-28,280.8848831739759
1989-11-29,279.7161874070667
1989-11-30,281.3887030067504
1989-12-01,284.49408968778965
1989-12-04,285.121409693822
1989-12-05,283.78878251906286
1989-12-06,282.98354084555973
1989-12-07,282.52423595536465
1989-12-08,283.2418618309129
1989-12-11,283.1011237784434
1989-12-12,284.79914483102664
1989-12-13,287.04031138222985
1989-12-14,286.3674755532048
1989-12-15,286.0137923410083
1989-12-18,281.9564915405375
1989-12-19,280.6875231574242
1989-12-20,280.3688762303541
1989-12-21,281.182521992192
1989-12-22,284.11899274952765
1989-12-26,283.5367969315868
1989-12-27,285.0753331642597
1989-12-28,287.33371201517673
1989-12-29,289.85223423691775
1990-01-02,292.6759735144855
1990-01-03,292.0109439689259
1990-01-04,288.3904817091093
1990-01-05,284.3629335425124
1990-01-08,286.2222074982335
1990-01-09,283.0578153953737
1990-01-10,281.48862931008904
1990-01-11,282.39895787440076
1990-01-12,276.0591457785431
1990-01-15,273.8563465147521
1990-01-16,275.988787260537
1990-01-17,273.9597484310912
1990-01-18,274.95177693746683
1990-01-19,276.9061096655326
1990-01-22,270.4741477222076
1990-01-23,270.95327692215744
1990-01-24,270.2043545875848
1990-01-25,267.5320205916888
1990-01-26,266.57890110484254
1990-01-29,266.6947425252899
1990-01-30,264.7319627628742
1990-01-31,269.18472095031916
1990-02-01,269.80602928421246
1990-02-02,272.2633565594508
1990-02-05,272.8510157695264
1990-02-06,270.9933847686997
1990-02-07,273.5505262750551
1990-02-08,273.8708815838388
1990-02-09,274.4407811115145
1990-02-12,272.01000833094486
1990-02-13,272.5864204643241
1990-02-14,273.29582741693895
1990-02-15,275.8468189492196
1990-02-16,273.7828143853267
1990-02-20,270.00624626016827
1990-02-21,269.0875876888561
1990-02-22,267.0818798756761
1990-02-23,264.98190596583174
1990-02-26,267.7472280123443
1990-02-27,269.11517050768504
1990-02-28,269.81503848346676
1990-03-01,270.66391177104526
1990-03-02,272.77529792261555
1990-03-05,271.32781337234877
1990-03-06,274.5900897989278
1990-03-07,273.5190944128393
1990-03-08,275.08618986688344
1990-03-09,273.2997532226515
1990-03-12,273.4374390434247
1990-03-13,270.816917128224
1990-03-14,271.35705126069644
1990-03-15,272.47643016004764
1990-03-16,274.8441610481897
1990-03-19,275.13266099804144
1990-03-20,273.1406695969655
1990-03-21,272.1705876238639
1990-03-22,269.43188896483247
1990-03-23,270.6918495340776
1990-03-26,271.14772129073464
1990-03-27,274.04613883634335
1990-03-28,274.8027953226242
1990-03-29,274.2146794105761
1990-03-30,274.22814458312763
1990-04-02,273.53088318624924
1990-04-03,277.1110181726524
1990-04-04,275.16879390516124
1990-04-05,275.3069934831032
1990-04-06,274.9924625453718
1990-04-09,275.52225443784073
1990-04-10,275.1212247171231
1990-04-11,274.22485434157574
1990-04-12,276.0090822337658
1990-04-16,276.08050859256116
1990-04-17,276.11456198190604
1990-04-18,273.4215447255707
1990-04-19,272.03224573713567
1990-04-20,269.7195492385836
1990-04-23,266.4398327474801
1990-04-24,265.78141798822867
1990-04-25,266.95705746119745
1990-04-26,267.7057253020846
1990-04-27,264.93913635500826
1990-04-30,265.9442221334521
1990-05-01,267.5157197237039
1990-05-02,268.6648332351774
1990-05-03,269.77063944329524
1990-05-04,271.6591205630246
1990-05-07,273.20841926209965
1990-05-08,274.7110204239652
1990-05-09,275.46151417549345
1990-05-10,277.03064490070847
1990-05-11,283.19744612280743
1990-05-14,285.50462751538186
1990-05-15,284.7752305869401
1990-05-16,285.0196959601512
1990-05-17,285.2767357730432
1990-05-18,285.38084530773443
1990-05-21,287.4714612065693
1990-05-22,287.416485211045
1990-05-23,287.3495776152449
1990-05-24,286.3710496740843
1990-05-25,283.8260581833613
1990-05-29,287.79217792057506
1990-05-30,288.10894022697374
1990-05-31,288.1850753583995
1990-06-01,289.01656332800536
1990-06-04,291.8091284354244
1990-06-05,291.2949798087721
1990-06-06,290.02378062378864
1990-06-07,288.6751939082329
1990-06-08,285.66618492082847
1990-06-11,288.1155363596835
1990-06-12,291.8333637128314
1990-06-13,290.6292323763372
1990-06-14,289.7571153377795
1990-06-15,290.19147723846004
1990-06-18,286.49162620044757
1990-06-19,287.07120707859104
1990-06-20,287.93533314739136
1990-06-21,288.9439127880802
1990-06-22,286.503128188758
1990-06-25,284.1906150213752
1990-06-26,284.446828503677
1990-06-27,287.1167748133231
1990-06-28,289.62429307033614
1990-06-29,290.07462372067937
1990-07-02,290.7354298149379
1990-07-03,291.16997345502523
1990-07-05,288.5121969510492
1990-07-06,290.53222177332515
1990-07-09,291.67735119750256
1990-07-10,290.6238872005411
1990-07-11,295.45011037598937
1990-07-12,299.8839410454364
1990-07-13,301.47799305310406
1990-07-16,302.9163063818336
1990-07-17,301.80620584547916
1990-07-18,298.7043055531998
1990-07-19,300.19500387119217
1990-07-20,298.054272471613
1990-07-23,291.9696093332172
1990-07-24,294.0988300649284
1990-07-25,295.071653601768
1990-07-26,293.9296450138293
1990-07-27,291.9848203714374
1990-07-30,293.3692244850855
1990-07-31,294.2359572357614
1990-08-01,294.05422312567765
1990-08-02,292.21909956027974
1990-08-03,287.0265912384389
1990-08-06,280.77492514121496
1990-08-07,281.26507697797
1990-08-08,282.63148326370555
1990-08-09,283.6998464848496
1990-08-10,281.0099757120005
1990-08-13,283.98822257539507
1990-08-14,284.67775885603464
1990-08-15,285.1640797163254
1990-08-16,280.52838939346356
1990-08-17,278.27496208981324
1990-08-20,279.0273053155117
1990-08-21,274.5042816094529
1990-08-22,270.68350059085907
1990-08-23,262.0996973118494
1990-08-24,263.25931776139214
1990-08-27,269.950076014268
1990-08-28,271.4610677853962
1990-08-29,273.64225991862145
1990-08-30,270.2188625325633
1990-08-31,273.0208629091771
1990-09-04,273.9994051084003
1990-09-05,276.0365307399602
1990-09-06,274.0492493375332
1990-09-07,276.7895051890161
1990-09-10,275.948749298967
1990-09-11,275.7827092711957
1990-09-12,277.3097767954024
1990-09-13,274.66320219781625
1990-09-14,273.65829648035515
1990-09-17,274.988514858804
1990-09-18,275.45178788565033
1990-09-19,274.2692453536344
1990-09-20,270.69379942798264
1990-09-21,270.9180278780586
1990-09-24,266.5118136455582
1990-09-25,268.5930158620824
1990-09-26,266.4129683663887
1990-09-27,263.75779667359603
1990-09-28,266.3980236985787
1990-10-01,273.1829719642271
1990-10-02,273.53279058969434
1990-10-03,272.3060221901593
1990-10-04,274.0377649924625
1990-10-05,273.10516409491515
1990-10-08,275.3561997072918
1990-10-09,269.6043681976509
1990-10-10,266.77289356068917
1990-10-11,262.88209751195734
1990-10-12,265.8653567383063
1990-10-15,268.64397705609235
1990-10-16,266.5772283659599
1990-10-17,267.25135952425916
1990-10-18,271.19095346852225
1990-10-19,275.3520231652077
1990-10-22,277.23812022261313
1990-10-23,275.4094515372611
1990-10-24,275.9771556700064
1990-10-25,274.9068551811231
1990-10-26,271.5876062897164
1990-10-29,269.4070064696676
1990-10-30,271.4546463697419
1990-10-31,271.1549251380929
1990-11-01,273.39091290455724
1990-11-02,276.2519241349456
1990-11-05,278.0576263863073
1990-11-06,276.1237584543291
1990-11-07,272.03290688337705
1990-11-08,273.23171520471686
1990-11-09,277.9529040875061
1990-11-12,280.7315918325139
1990-11-13,278.9853367583488
1990-11-14,279.8299105681606
1990-11-15,277.81165226315306
1990-11-16,278.43637757215
1990-11-19,279.8610810566359
1990-11-20,277.7423811218829
1990-11-21,278.5207279521726
1990-11-23,278.24494665384304
1990-11-26,279.5904371014579
1990-11-27,280.94213917578526
1990-11-28,281.3406918731088
1990-11-29,280.259757383069
1990-11-30,284.813300498627
1990-12-03,285.7588898798161
1990-12-04,287.0721501660686
1990-12-05,288.03547531971634
1990-12-06,286.5046853627917
1990-12-07,285.9436165147164
1990-12-10,286.476397632392
1990-12-11,285.65097439591796
1990-12-12,287.7758091531838
1990-12-13,287.45866572174026
1990-12-14,286.14121097808084
1990-12-17,285.8697416652729
1990-12-18,287.94898785631136
1990-12-19,287.26945874765323
1990-12-20,287.2212431055729
1990-12-21,287.74538660225676
1990-12-24,287.24105403492257
1990-12-26,288.82443823424444
1990-12-27,287.7637374274659
1990-12-28,287.7201496624745
1990-12-31,289.1156071815577
1991-01-02,285.8113217655904
1991-01-03,281.3475113595208
1991-01-04,280.4178314004156
1991-01-07,276.3997705194719
1991-01-08,276.85933704153
1991-01-09,274.26985325252576
1991-01-10,276.23438341011166
1991-01-11,276.1198997776163
1991-01-14,274.20174242223857
1991-01-15,275.1733785518403
1991-01-16,277.26959664154737
1991-01-17,283.96883712710536
1991-01-18,285.9204746610908
1991-01-21,285.02605821031153
1991-01-22,284.8026217876678
1991-01-23,287.9414156010807
1991-01-24,291.31359204540286
1991-01-25,291.0560651463
1991-01-28,290.68504562049714
1991-01-29,290.1611861657528
1991-01-30,292.52974822054705
1991-01-31,293.9121457658716
1991-02-01,292.6182788365076
1991-02-04,295.83514042016253
1991-02-05,299.44245058014684
1991-02-06,304.59965931859676
1991-02-07,302.13495228608895
1991-02-08,304.6313965097877
1991-02-11,312.6984442139713
1991-02-12,310.2262154795295
1991-02-13,313.75910256964517
1991-02-14,310.58183401210914
1991-02-15,316.2297432607436
1991-02-19,318.9387877925252
1991-02-20,315.5423955782056
1991-02-21,315.94899041068027
1991-02-22,317.97965991484574
1991-02-25,320.00890892960626
1991-02-26,315.296872993745
1991-02-27,317.5311158452305
1991-02-28,316.1727453138927
1991-03-01,319.1165490431674
1991-03-04,319.94918105672707
1991-03-05,326.48892923362905
1991-03-06,325.3368154711959
1991-03-07,326.200875687727
1991-03-08,325.8821920672171
1991-03-11,323.78461692983365
1991-03-12,320.40109472958903
1991-03-13,324.38771227686067
1991-03-14,324.73750958623106
1991-03-15,323.6499240123118
1991-03-18,323.27232757111483
1991-03-19,317.69229413425086
1991-03-20,320.9304021835606
1991-03-21,320.2888543943485
1991-03-22,321.30486635967395
1991-03-25,323.3648261318804
1991-03-26,328.89844815006944
1991-03-27,328.7899746593781
1991-03-28,328.4590088292403
1991-04-01,325.67358920275035
1991-04-02,333.11265721126176
1991-04-03,333.29424687058207
1991-04-04,335.2064826486631
1991-04-05,331.90998136601723
1991-04-08,333.71507269721104
1991-04-09,329.9829318609871
1991-04-10,329.39390522512383
1991-04-11,333.40381148914304
1991-04-12,335.96586847394383
1991-04-15,336.834057922733
1991-04-16,341.51189919306125
1991-04-17,342.64111821795507
1991-04-18,339.6085441148548
1991-04-19,335.08294626317274
1991-04-22,332.2069831838908
1991-04-23,332.13957258235473
1991-04-24,333.0655080047982
1991-04-25,331.19457542904706
1991-04-26,331.17447436127003
1991-04-29,326.8203295590134
1991-04-30,327.57087977010326
1991-05-01,332.8434577019911
1991-05-02,333.1282865542713
1991-05-03,333.8844224181558
1991-05-06,333.39184399814167
1991-05-07,332.31633092590204
1991-05-08,332.62179446493104
1991-05-09,336.63070607320776
1991-05-10,331.42527166916415
1991-05-13,332.2541198453527
1991-05-14,328.22231815578346
1991-05-15,325.3072673846569
1991-05-16,329.2461983530611
1991-05-17,329.45226848665516
1991-05-20,330.08210756830516
1991-05-21,333.8256183940263
1991-05-22,334.7872298757149
1991-05-23,334.09375486758876
1991-05-24,335.60030815598947
1991-05-28,338.88099454644646
1991-05-29,338.6262811922988
1991-05-30,340.3055094118108
1991-05-31,340.57815455671346
1991-06-03,337.5251224035779
1991-06-04,337.3555966751576
1991-06-05,335.8428838125326
1991-06-06,334.0783554671551
1991-06-07,331.2068536659572
1991-06-10,330.6534648887456
1991-06-11,333.15533204738716
1991-06-12,330.1990674665216
1991-06-13,331.2242001713242
1991-06-14,335.18978198934394
1991-06-17,333.8404625975753
1991-06-18,331.9885433154239
1991-06-19,328.8901624415397
1991-06-20,330.0570368786781
1991-06-21,331.52539206532373
1991-06-24,326.71619946889007
1991-06-25,326.39403486339415
1991-06-26,327.06494762221695
1991-06-27,329.63600742769614
1991-06-28,327.0739011264828
1991-07-01,332.37982633306893
1991-07-02,332.8761114414972
1991-07-03,330.23749458034143
1991-07-05,331.1948820622669
1991-07-08,333.6613908384367
1991-07-09,333.05252832410673
1991-07-10,333.23612823766746
1991-07-11,334.40245674886313
1991-07-12,337.3556505282246
1991-07-15,339.7124169446251
1991-07-16,338.79355961237707
1991-07-17,338.23517751253485
1991-07-18,340.94249454260955
1991-07-19,339.86033722019056
1991-07-22,338.56313446574916
1991-07-23,336.1629579433201
1991-07-24,336.11430839092765
1991-07-25,338.41632009753647
1991-07-26,339.1565123817398
1991-07-29,341.6311325574851
1991-07-30,345.23319559785256
1991-07-31,346.3254572562887
1991-08-01,345.9672909858717
1991-08-02,347.2935583950994
1991-08-05,346.05848602306565
1991-08-06,350.5655986988233
1991-08-07,351.4347973728375
1991-08-08,351.4667763978744
1991-08-09,350.50179273244385
1991-08-12,351.1502047977257
1991-08-13,352.91727043901204
1991-08-14,354.09499250267595
1991-08-15,353.19980717382344
1991-08-16,350.5474067694068
1991-08-19,342.52872087241354
1991-08-20,345.69270235147854
1991-08-21,355.4155502815579
1991-08-22,356.0815940413665
1991-08-23,357.0310974541477
1991-08-26,356.74703278342355
1991-08-27,356.6938225557292
1991-08-28,360.2043396454653
1991-08-29,360.3658250264603
1991-08-30,359.74559185221125
1991-09-03,356.71981781023817
1991-09-04,354.8138245798374
1991-09-05,353.34857408375325
1991-09-06,353.4235529924269
1991-09-09,353.26771185780973
1991-09-10,350.2553984332699
1991-09-11,351.3478639708601
1991-09-12,354.0582677748269
1991-09-13,351.12533005793483
1991-09-16,352.8511096509577
1991-09-17,353.31527453921785
1991-09-18,354.92656598085057
1991-09-19,355.7735495579468
1991-09-20,356.86513931694594
1991-09-23,354.76471974722534
1991-09-24,355.99251683235343
1991-09-25,355.3684487768733
1991-09-26,354.9303425234995
1991-09-27,354.9077715760291
1991-09-30,356.9949782258171
1991-10-01,358.9095045712136
1991-10-02,358.44592470853433
1991-10-03,355.34119100261415
1991-10-04,353.1165099728069
1991-10-07,351.3878841982727
1991-10-08,352.3007941805205
1991-10-09,348.9245960807233
1991-10-10,349.94345032315573
1991-10-11,350.9382090209492
1991-10-14,354.4848556695886
1991-10-15,358.5191627085716
1991-10-16,360.1600453771063
1991-10-17,359.0477503797174
1991-10-18,359.04404708630153
1991-10-21,356.3728045507996
1991-10-22,354.090664695313
1991-10-23,354.9532922842637
1991-10-24,352.80315812633734
1991-10-25,352.57212672595597
1991-10-28,357.22114187811
1991-10-29,359.2293007185138
1991-10-30,360.83474073534177
1991-10-31,361.693911407252
1991-11-01,360.9253445425369
1991-11-04,359.8793340217039
1991-11-05,358.9212609547998
1991-11-06,360.0419346667873
1991-11-07,364.9897309623153
1991-11-08,365.5001307415601
1991-11-11,367.16262718875527
1991-11-12,371.79984962043017
1991-11-13,372.54458385058075
1991-11-14,372.5729948847284
1991-11-15,357.4936197448843
1991-11-18,360.73458487120956
1991-11-19,354.5473465160708
1991-11-20,354.6080551687406
1991-11-21,356.89722143562346
1991-11-22,354.42179980875113
1991-11-25,353.00816191283815
1991-11-26,355.1025791309621
1991-11-27,354.27537061042756
1991-11-29,353.9019929103468
1991-12-02,360.7909015146049
1991-12-03,361.9669780789813
1991-12-04,362.33758342763446
1991-12-05,361.13919332788873
1991-12-06,363.65806417362785
1991-12-09,363.6474452843426
1991-12-10,363.2206215314764
1991-12-11,362.309097094644
1991-12-12,365.0367471875817
1991-12-13,367.1811963915969
1991-12-16,368.45596532538633
1991-12-17,367.44433036176736
1991-12-18,367.7271830885993
1991-12-19,366.1726402067218
1991-12-20,370.1947972730081
1991-12-23,378.38416072465446
1991-12-24,380.15816531901265
1991-12-26,385.80891327521
1991-12-27,388.5835620823927
1991-12-30,396.7055901880226
1991-12-31,398.4293086064112
1992-01-02,397.42743291016404
1992-01-03,399.09663316072437
1992-01-06,397.6841600701546
1992-01-07,396.7649687923748
1992-01-08,398.51978901645185
1992-01-09,399.0761191502542
1992-01-10,395.99180967839993
1992-01-13,394.8447720416184
1992-01-14,398.17756472984934
1992-01-15,395.05316334621335
1992-01-16,388.50490663052517
1992-01-17,388.4735236870109
1992-01-20,386.1022407269769
1992-01-21,382.017383430679
1992-01-22,388.8362363850576
1992-01-23,387.370893811033
1992-01-24,389.0982754992356
1992-01-27,387.75105508312123
1992-01-28,386.9305414567768
1992-01-29,382.8376654123155
1992-01-30,386.245606028735
1992-01-31,385.6928165076264
1992-02-03,386.7864683676171
1992-02-04,389.81395827630735
1992-02-05,390.8129439649699
1992-02-06,390.62098157285413
1992-02-07,388.3047512256441
1992-02-10,389.3401691581945
1992-02-11,389.3836626157676
1992-02-12,391.9647139644248
1992-02-13,388.39885801003857
1992-02-14,386.10052626097126
1992-02-18,381.0646752074852
1992-02-19,380.3253689037645
1992-02-20,384.34787425837794
1992-02-21,382.2884839145372
1992-02-24,382.36546599613064
1992-02-25,382.12206391165245
1992-02-26,388.1603138224638
1992-02-27,388.3565631482178
1992-02-28,386.9455545613169
1992-03-02,387.33756069549906
1992-03-03,386.74321218944607
1992-03-04,384.1330153963496
1992-03-05,381.0497148146155
1992-03-06,379.0413494005753
1992-03-09,379.43674327269434
1992-03-10,381.6077623854533
1992-03-11,379.4235522021567
1992-03-12,378.7695881585434
1992-03-13,380.1835098382154
1992-03-16,380.9853789914566
1992-03-17,384.52779099681976
1992-03-18,385.258075464986
1992-03-19,386.24385571743875
1992-03-20,387.53364523129784
1992-03-23,386.50386169364884
1992-03-24,386.3519997128858
1992-03-25,385.4805087964142
1992-03-26,385.7885440713103
1992-03-27,383.1260475466207
1992-03-30,382.7623560950724
1992-03-31,383.52973422575064
1992-04-01,382.51155958835795
1992-04-02,378.7328114154045
1992-04-03,377.7190855929475
1992-04-06,380.15194939411197
1992-04-07,375.4712342586406
1992-04-08,371.6703597375072
1992-04-09,376.9350242742218
1992-04-10,380.81676522330986
1992-04-13,382.51468747024563
1992-04-14,388.15967367941715
1992-04-15,391.6851745986647
1992-04-16,394.2833655625528
1992-04-20,391.8836114186897
1992-04-21,392.1635418345811
1992-04-22,392.7422781625611
1992-04-23,394.90044334953734
1992-04-24,391.22809634985515
1992-04-27,390.97569112706697
1992-04-28,390.97631540161177
1992-04-29,395.9644509771916
1992-04-30,397.9896705860479
1992-05-01,395.7686024026143
1992-05-04,398.57283191280897
1992-05-05,399.4167876414819
1992-05-06,400.57327386510934
1992-05-07,399.3814368940501
1992-05-08,399.1959081461054
1992-05-11,400.92743459646186
1992-05-12,400.0105223272898
1992-05-13,400.9319050191654
1992-05-14,398.1051358857314
1992-05-15,396.1201555353128
1992-05-18,397.5929324294851
1992-05-19,400.33246310024214
1992-05-20,400.79067594534195
1992-05-21,398.5115965878048
1992-05-22,398.8044447522111
1992-05-26,395.5820504532717
1992-05-27,397.58510379970926
1992-05-28,400.04634310463604
1992-05-29,400.54619851902544
1992-06-01,404.1635766986304
1992-06-02,403.056800785262
1992-06-03,402.98493644853903
1992-06-04,400.2671640492488
1992-06-05,399.7701970603796
1992-06-08,400.92052789895155
1992-06-09,397.96062710407375
1992-06-10,395.1523537087437
1992-06-11,395.73925462578455
1992-06-12,397.68596396489613
1992-06-15,397.33897330628304
1992-06-16,395.6134169286941
1992-06-17,390.2585823650402
1992-06-18,388.41093900779595
1992-06-19,390.5272836990775
1992-06-22,389.63829224043076
1992-06-23,391.6933618278776
1992-06-24,391.78921858241847
1992-06-25,392.2372169901191
1992-06-26,392.4463408392171
1992-06-29,395.21166515968906
1992-06-30,396.279255304046
1992-07-01,400.784085509453
1992-07-02,402.3569923827168
1992-07-06,403.97133332262626
1992-07-07,401.7632262762135
1992-07-08,402.08547959297704
1992-07-09,405.6595158259379
1992-07-10,406.8000123217487
1992-07-13,406.84863398980355
1992-07-14,408.7466739544088
1992-07-15,407.91479764133334
1992-07-16,407.8352039197853
1992-07-17,406.3894967262758
1992-07-20,405.0513095806694
1992-07-21,405.9138463622672
1992-07-22,403.2337427526342
1992-07-23,403.77542764160984
1992-07-24,403.7176118640085
1992-07-27,403.3784493199888
1992-07-28,408.477465982217
1992-07-29,413.056794626959
1992-07-30,414.24624944392366
1992-07-31,416.10328288699696
1992-08-03,416.6980171667456
1992-08-04,416.30024317916593
1992-08-05,413.55217302662294
1992-08-06,410.3486093638329
1992-08-07,409.47396958717746
1992-08-10,409.61980265702374
1992-08-11,409.825935290135
1992-08-12,408.9780464866746
1992-08-13,408.5262706964272
1992-08-14,410.7663697981714
1992-08-17,412.61041606109796
1992-08-18,412.69427270379504
1992-08-19,409.7314907500585
1992-08-20,409.18061832617786
1992-08-21,407.8108267497598
1992-08-24,400.8498465788757
1992-08-25,401.0643425855938
1992-08-26,402.926921119367
1992-08-27,402.9485827955168
1992-08-28,402.3965821600408
1992-08-31,402.89894468703716
1992-09-01,404.0521446585468
1992-09-02,405.05646812721756
1992-09-03,405.400654734597
1992-09-04,405.5210377928692
1992-09-08,403.37525700322215
1992-09-09,404.6670863330651
1992-09-10,406.6401171059191
1992-09-11,406.3479240233721
1992-09-14,409.4674474068332
1992-09-15,405.86185594892754
1992-09-16,406.1299963872065
1992-09-17,405.60650155300095
1992-09-18,408.18507390602366
1992-09-21,407.8553906438491
1992-09-22,404.02930543744765
1992-09-23,403.9281894081943
1992-09-24,406.72566248149434
1992-09-25,405.4817957011537
1992-09-28,406.84757634126953
1992-09-29,407.1847686249495
1992-09-30,409.39192442112505
1992-10-01,409.1622502601394
1992-10-02,405.16314366488183
1992-10-05,401.8288840648645
1992-10-06,401.9682808354372
1992-10-07,399.6199879152648
1992-10-08,401.86355634378896
1992-10-09,399.38539059112514
1992-10-12,403.24046790645355
1992-10-13,405.26223356392256
1992-10-14,404.9128860092227
1992-10-15,404.53006744721785
1992-10-16,405.55180245468034
1992-10-19,407.5855698702075
1992-10-20,407.7139103604347
1992-10-21,406.5252426776853
1992-10-22,404.93910668295206
1992-10-23,404.1523073373307
1992-10-26,407.085507568392
1992-10-27,408.05890224600097
1992-10-28,410.31309248334037
1992-10-29,411.6589184394157
1992-10-30,410.42205302798226
1992-11-02,413.03618949494745
1992-11-03,410.4123333173461
1992-11-04,408.6361307130935
1992-11-05,410.0322462036723
1992-11-06,410.4968058621101
1992-11-09,411.52290600814337
1992-11-10,411.9851811685382
1992-11-11,415.510414374719
1992-11-12,415.547052266452
1992-11-13,416.12844404444337
1992-11-16,415.2933985369423
1992-11-17,415.27724675418784
1992-11-18,418.00658130007434
1992-11-19,418.99027029750084
1992-11-20,421.2179306862393
1992-11-23,420.498872518081
1992-11-24,422.49206654169456
1992-11-25,423.93310263595527
1992-11-27,425.0011655931271
1992-11-30,426.1853258133007
1992-12-01,425.40121233881626
1992-12-02,424.6374729988193
1992-12-03,425.2740045708445
1992-12-04,429.036709699819
1992-12-07,431.9108213498848
1992-12-08,434.6520587942045
1992-12-09,433.06431715627417
1992-12-10,430.99559636995286
1992-12-11,431.02244703558574
1992-12-14,430.34176021223027
1992-12-15,429.4226531977598
1992-12-16,428.4857977352698
1992-12-17,431.25260532591926
1992-12-18,435.8574333583078
1992-12-21,436.4787379849213
1992-12-22,437.12595071589794
1992-12-23,439.13444566692255
1992-12-24,439.84933023679736
1992-12-28,439.42215910347187
1992-12-29,439.93988482434287
1992-12-30,441.1061223082014
1992-12-31,440.20834425468456
1993-01-04,439.4540920262407
1993-01-05,440.016379406309
1993-01-06,443.381635676418
1993-01-07,440.8039327854945
1993-01-08,438.58507862649293
1993-01-11,441.29621828763396
1993-01-12,441.6158642007561
1993-01-13,444.2854649947049
1993-01-14,447.92551732884493
1993-01-15,451.4078402975463
1993-01-18,454.4958127795204
1993-01-19,457.00785836436893
1993-01-20,454.6212405362347
1993-01-21,458.27331775119757
1993-01-22,459.30653780645764
1993-01-25,460.677671763472
1993-01-26,460.7772890835911
1993-01-27,459.6040046144532
1993-01-28,458.8947156217645
1993-01-29,458.0304197892029
1993-02-01,462.86076397389587
1993-02-02,464.46352944696497
1993-02-03,469.672973419677
1993-02-04,473.3545098231764
1993-02-05,471.5827823963117
1993-02-08,471.85782975599153
1993-02-09,469.28976840464344
1993-02-10,471.7787961884178
1993-02-11,473.7143600639948
1993-02-12,471.5272876974709
1993-02-16,460.41938944110706
1993-02-17,460.5935067862589
1993-02-18,459.47853975817725
1993-02-19,464.17951396343494
1993-02-22,467.8877373633366
1993-02-23,464.6059612334149
1993-02-24,470.1921989102844
1993-02-25,471.52897413734075
1993-02-26,472.1906793894675
1993-03-01,472.06183107991706
1993-03-02,476.15616706275773
1993-03-03,477.7838411806506
1993-03-04,477.3586198694558
1993-03-05,473.270486021327
1993-03-08,479.59427670184374
1993-03-09,479.59589719877533
1993-03-10,480.9573280584199
1993-03-11,478.84784284056025
1993-03-12,474.60437172199676
1993-03-15,476.58277303106047
1993-03-16,479.5461350973876
1993-03-17,478.6289121568579
1993-03-18,482.02230546506337
1993-03-19,481.61264063774246
1993-03-22,480.7515219305473
1993-03-23,479.9269136354239
1993-03-24,481.586501386189
1993-03-25,484.6697403395249
1993-03-26,483.3875637092441
1993-03-29,485.7322292989445
1993-03-30,486.86895653888473
1993-03-31,487.17112593754143
1993-04-01,485.56466542074634
1993-04-02,480.8675026473229
1993-04-05,483.6196172578461
1993-04-06,485.76983895626995
1993-04-07,488.0921148508393
1993-04-08,488.8704574757798
1993-04-12,494.4379523184591
1993-04-13,496.66626258566055
1993-04-14,496.46781554646844
1993-04-15,495.95604148227574
1993-04-16,498.24742258165935
1993-04-19,495.18160419780884
1993-04-20,489.7727344494532
1993-04-21,486.0637538551258
1993-04-22,482.8803809903517
1993-04-23,478.3580898771789
1993-04-26,474.3126640439731
1993-04-27,477.09157408985965
1993-04-28,478.08902676633113
1993-04-29,478.9035463102037
1993-04-30,480.17456820927424
1993-05-03,482.10626661070734
1993-05-04,485.13662112891893
1993-05-05,484.4910077466679
1993-05-06,483.6550918710973
1993-05-07,481.06955620222993
1993-05-10,480.64076989150163
1993-05-11,482.46418994335716
1993-05-12,482.8569121062463
1993-05-13,475.9605956178894
1993-05-14,474.3025526327403
1993-05-17,473.8219386654275
1993-05-18,474.17886941592195
1993-05-19,480.3086078442158
1993-05-20,482.9048465035636
1993-05-21,479.49594454534787
1993-05-24,480.8307260185024
1993-05-25,483.4275028840384
1993-05-26,488.0273946973334
1993-05-27,488.6196611862367
1993-05-28,487.80163104793974
1993-06-01,491.7323875316402
1993-06-02,492.11534643325683
1993-06-03,491.82819554410827
1993-06-04,489.83902496098904
1993-06-07,487.2047225757439
1993-06-08,484.6232023900701
1993-06-09,485.98572564268375
1993-06-10,484.8573422149032
1993-06-11,487.60826175396306
1993-06-14,488.2692489331888
1993-06-15,488.6688048949612
1993-06-16,489.2638862785318
1993-06-17,490.8685529274724
1993-06-18,488.51240854098
1993-06-21,491.66546831468617
1993-06-22,493.01551697048103
1993-06-23,492.2842361623703
1993-06-24,495.44799364883704
1993-06-25,495.63725148490096
1993-06-28,501.44868224253986
1993-06-29,500.63497506447635
1993-06-30,502.0491330527626
1993-07-01,502.725771888383
1993-07-02,500.84456461852477
1993-07-06,499.25076326102607
1993-07-07,500.05327070514954
1993-07-08,504.729656764571
1993-07-09,504.8912866884608
1993-07-12,505.52038098687905
1993-07-13,504.47014001098194
1993-07-14,505.94792236175596
1993-07-15,507.45475290022557
1993-07-16,506.548273087806
1993-07-19,507.4377493031969
1993-07-20,507.7982893152965
1993-07-21,507.5151307679134
1993-07-22,505.0123894833028
1993-07-23,506.4226568086393
1993-07-26,510.22434960802076
1993-07-27,508.9147382702038
1993-07-28,508.8144756364207
1993-07-29,512.3505332151279
1993-07-30,510.3758895276972
1993-08-02,512.4146297615124
1993-08-03,511.8339692522618
1993-08-04,511.14282288718726
1993-08-05,510.8136848266402
1993-08-06,509.43124930950836
1993-08-09,512.9980146927562
1993-08-10,513.5500914826026
1993-08-11,514.3587687611706
1993-08-12,513.2615267861028
1993-08-13,512.7059395021192
1993-08-16,514.5765067435689
1993-08-17,513.8319610789786
1993-08-18,510.70888965516025
1993-08-19,510.5240584032832
1993-08-20,509.4958184679663
1993-08-23,509.3497654671082
1993-08-24,516.1914481231373
1993-08-25,518.4658462259495
1993-08-26,521.265341186958
1993-08-27,521.1815182830992
1993-08-30,523.2068916459808
1993-08-31,525.1883940148851
1993-09-01,526.6415767432801
1993-09-02,524.4183981101127
1993-09-03,525.4276183739707
1993-09-07,523.7737868745475
1993-09-08,521.5108300820649
1993-09-09,522.4619876007267
1993-09-10,527.0338099218908
1993-09-13,528.3168251619181
1993-09-14,525.5926026770771
1993-09-15,526.5601989803538
1993-09-16,525.2722383493776
1993-09-17,525.3499924514005
1993-09-20,522.440906012273
1993-09-21,517.5700543045407
1993-09-22,521.1234903985495
1993-09-23,521.6583057570185
1993-09-24,521.0081188018863
1993-09-27,525.8777328253278
1993-09-28,526.9128963064152
1993-09-29,525.0386321038297
1993-09-30,524.5989255395673
1993-10-01,525.7891967515629
1993-10-04,525.5745429195658
1993-10-05,524.5079500952722
1993-10-06,523.8898926994758
1993-10-07,522.2129505449022
1993-10-08,522.3232448267353
1993-10-11,520.9021700670042
1993-10-12,521.3366708512676
1993-10-13,522.9779356762002
1993-10-14,532.167974312644
1993-10-15,532.8354079613842
1993-10-18,529.5878536968667
1993-10-19,526.2770840586569
1993-10-20,526.2577877441651
1993-10-21,524.807448394238
1993-10-22,523.5262391623166
1993-10-25,521.3789692658447
1993-10-26,521.3729801590854
1993-10-27,523.9954601598685
1993-10-28,528.9816765629772
1993-10-29,528.8670099332123
1993-11-01,530.5467977331666
1993-11-02,529.3328209114821
1993-11-03,520.7410523806846
1993-11-04,512.2450855762753
1993-11-05,512.8423366851235
1993-11-08,513.6583727702526
1993-11-09,513.0624236679381
1993-11-10,515.7586941301684
1993-11-11,515.046031978602
1993-11-12,516.9613949325395
1993-11-15,515.3483292284886
1993-11-16,519.0312225857652
1993-11-17,517.539537602368
1993-11-18,516.4920988817256
1993-11-19,514.3649404970892
1993-11-22,508.05352707259465
1993-11-23,510.8230701221022
1993-11-24,514.2680098127255
1993-11-26,516.578452280919
1993-11-29,516.4905901626014
1993-11-30,514.1248421681557
1993-12-01,515.8331844618109
1993-12-02,517.321352861624
1993-12-03,520.0039453649116
1993-12-06,522.0530464669293
1993-12-07,521.9349589362582
1993-12-08,521.1638312453451
1993-12-09,520.3906131050487
1993-12-10,521.8095468885622
1993-12-13,523.3459420655563
1993-12-14,519.9025030989565
1993-12-15,518.9721658431544
1993-12-16,519.5429862121094
1993-12-17,523.3409676990145
1993-12-20,523.0033065224808
1993-12-21,523.6426647719808
1993-12-22,526.0311830216616
1993-12-23,525.83031924828
1993-12-27,528.7646678632527
1993-12-28,530.2902605831117
1993-12-29,530.2204764410654
1993-12-30,528.5624692941458
1993-12-31,526.6875239501938
1994-01-03,523.0067709181039
1994-01-04,523.3023731752546
1994-01-05,522.4725894034341
1994-01-06,522.9579563262796
1994-01-07,526.0346113082509
1994-01-10,531.9141259139898
1994-01-11,531.8599680737005
1994-01-12,531.6708070518783
1994-01-13,530.9626555210907
1994-01-14,533.2861709843453
1994-01-17,531.8175047515155
1994-01-18,534.1578954445449
1994-01-19,534.6063011799723
1994-01-20,535.632146860209
1994-01-21,534.8718407077704
1994-01-24,531.3477744000513
1994-01-25,528.4676514544985
1994-01-26,531.8130407740443
1994-01-27,538.4687148571148
1994-01-28,538.1195478893711
1994-01-31,542.8092612943557
1994-02-01,539.8612446288739
1994-02-02,542.7095321216941
1994-02-03,543.4957043108307
1994-02-04,532.1488004461851
1994-02-07,535.268857706465
1994-02-08,536.6555913423086
1994-02-09,538.629517972939
1994-02-10,532.8450077353623
1994-02-11,532.3082450922951
1994-02-14,533.5388204411182
1994-02-15,536.4125352344539
1994-02-16,536.1681791528566
1994-02-17,532.6736337017551
1994-02-18,529.7429163748434
1994-02-22,531.9112049384815
1994-02-23,530.0201666525803
1994-02-24,523.3837026312693
1994-02-25,524.3384765368689
1994-02-28,526.1280069447214
1994-03-01,523.3398788249043
1994-03-02,524.7411939263768
1994-03-03,524.11029804087
1994-03-04,529.6571993532493
1994-03-07,532.4589314288086
1994-03-08,531.8905668779747
1994-03-09,534.5981926615515
1994-03-10,532.4710813725586
1994-03-11,535.1047588773843
1994-03-14,536.9800693426685
1994-03-15,535.0085977238829
1994-03-16,537.667309895877
1994-03-17,538.4796785182739
1994-03-18,538.2852433796323
1994-03-21,535.1163920024773
1994-03-22,534.7304834163039
1994-03-23,536.5111727936688
1994-03-24,527.7073603192592
1994-03-25,521.0129403353833
1994-03-28,518.9229680099676
1994-03-29,506.38960336066606
1994-03-30,498.8066903836537
1994-03-31,500.3095917445535
1994-04-04,494.75709816952013
1994-04-05,508.4228206656734
1994-04-06,510.0854872903674
1994-04-07,513.3893035304775
1994-04-08,507.25617396473837
1994-04-11,507.75556365979776
1994-04-12,503.0082415546426
1994-04-13,498.22868177490653
1994-04-14,498.7654827564637
1994-04-15,497.23615138604964
1994-04-18,491.5528793413349
1994-04-19,486.349502608593
1994-04-20,479.74793159592986
1994-04-21,488.4470841724087
1994-04-22,489.6747263232385
1994-04-25,498.6857104445392
1994-04-26,500.193286250985
1994-04-28,498.14661715948995
1994-04-29,500.24580599366266
1994-05-02,505.36153939744605
1994-05-03,504.60510765001357
1994-05-04,502.758385790992
1994-05-05,501.2278337973299
1994-05-06,495.7844512010968
1994-05-09,490.43192396236054
1994-05-10,494.10641750323344
1994-05-11,488.6003017237212
1994-05-12,490.2524118753624
1994-05-13,489.87712573890366
1994-05-16,488.1952646532577
1994-05-17,492.55060279177405
1994-05-18,497.25501521972683
1994-05-19,502.4729053715786
1994-05-20,501.7499455528819
1994-05-23,500.3932371610182
1994-05-24,502.5652703779096
1994-05-25,503.818479555948
1994-05-26,504.2984801972913
1994-05-27,505.2114147656418
1994-05-31,504.8051656856169
1994-06-01,506.10408748625406
1994-06-02,505.59370870120597
1994-06-03,506.83207201177055
1994-06-06,507.54288288950687
1994-06-07,505.59633311673286
1994-06-08,501.8185015201704
1994-06-09,500.9849573121869
1994-06-10,503.07797169416733
1994-06-13,504.9490590581587
1994-06-14,508.02289652775664
1994-06-15,506.74449094201714
1994-06-16,507.539905730082
1994-06-17,503.55305481746825
1994-06-20,497.7002292056318
1994-06-21,491.7848312029353
1994-06-22,494.64844633622295
1994-06-23,489.8231434116443
1994-06-24,483.8514174140508
1994-06-27,489.5479852307721
1994-06-28,489.12483584672526
1994-06-29,490.22959037100173
1994-06-30,486.0817594005889
1994-07-01,487.462525096596
1994-07-05,487.0973811077649
1994-07-06,486.8382619352207
1994-07-07,492.85174502499507
1994-07-08,494.84697859059645
1994-07-11,493.49088983500417
1994-07-12,496.8504525362884
1994-07-13,500.8693843439332
1994-07-14,503.4044880594441
1994-07-15,502.5883928872907
1994-07-18,504.2659688720725
1994-07-19,502.8203043114569
1994-07-20,499.62789556523984
1994-07-21,499.55516293995555
1994-07-22,501.11462553897667
1994-07-25,501.5634395374258
1994-07-26,501.1875337985691
1994-07-27,498.2909903556501
1994-07-28,500.919412008663
1994-07-29,507.43436899989564
1994-08-01,511.02590513502486
1994-08-02,512.7510521298491
1994-08-03,512.712212213405
1994-08-04,510.5838702207312
1994-08-05,509.9216500319621
1994-08-08,511.55495012552615
1994-08-09,512.9921895543782
1994-08-10,516.0849756606087
1994-08-11,514.8126528521537
1994-08-12,517.4226953961138
1994-08-15,517.4110715651348
1994-08-16,521.5102902921777
1994-08-17,522.4358822926723
1994-08-18,522.1664188320758
1994-08-19,522.500204470334
1994-08-22,522.2185896171318
1994-08-23,525.3748041620731
1994-08-24,529.5674452641556
1994-08-25,531.3225263261514
1994-08-26,538.2952486598197
1994-08-29,538.9714619093463
1994-08-30,541.7497072397358
1994-08-31,541.2640553448874
1994-09-01,538.0080823060346
1994-09-02,535.7278507082455
1994-09-06,535.6839397694656
1994-09-07,536.0218690744249
1994-09-08,539.0695596081787
1994-09-09,534.5334076737689
1994-09-12,532.3619362855202
1994-09-13,535.3923755702407
1994-09-14,536.9815022681037
1994-09-15,544.8268183658637
1994-09-16,543.3467740435065
1994-09-19,543.8340291807106
1994-09-20,536.3887547871384
1994-09-21,533.5714010203089
1994-09-22,533.2585094762812
1994-09-23,531.8575628821912
1994-09-26,533.0853398468739
1994-09-27,534.9898810955966
1994-09-28,538.0312448982097
1994-09-29,536.8145716746535
1994-09-30,538.2933114477152
1994-10-03,537.1954615812775
1994-10-04,529.0349842044842
1994-10-05,526.6119865627405
1994-10-06,525.3746553262384
1994-10-07,526.8690397038388
1994-10-10,529.9112835208261
1994-10-11,538.2574652276584
1994-10-12,538.3196098961688
1994-10-13,540.7262188456518
1994-10-14,542.2563864677965
1994-10-17,542.9113483117355
1994-10-18,541.60117126038
1994-10-19,544.1523787731733
1994-10-20,540.8776984045601
1994-10-21,538.3536418230518
1994-10-24,534.9233051399907
1994-10-25,534.1559262475811
1994-10-26,534.9131906937334
1994-10-27,538.4999598167052
1994-10-28,544.8372095299019
1994-10-31,542.423409925087
1994-11-01,538.5145100746456
1994-11-02,535.5524325443038
1994-11-03,535.055116798858
1994-11-04,529.7044786256844
1994-11-07,529.8272996429697
1994-11-08,534.2447120226851
1994-11-09,535.9297903941609
1994-11-10,534.4347929732685
1994-11-11,532.2111862251081
1994-11-14,537.079681543684
1994-11-15,536.2132933032891
1994-11-16,538.1829617288412
1994-11-17,536.1990047301241
1994-11-18,535.3592521095928
1994-11-21,530.4139346414937
1994-11-22,517.4348281651795
1994-11-23,513.8274911689174
1994-11-25,517.7100861207102
1994-11-28,521.759722218274
1994-11-29,524.0627440278971
1994-11-30,524.4491072549644
1994-12-01,518.9332674630722
1994-12-02,523.9167015794368
1994-12-05,523.391052397981
1994-12-06,523.7583715645816
1994-12-07,521.3099972177803
1994-12-08,514.2583419182072
1994-12-09,516.6312541348883
1994-12-12,519.1978413509142
1994-12-13,518.461500098383
1994-12-14,522.9557890046535
1994-12-15,524.1073720520583
1994-12-16,527.2674987553225
1994-12-19,525.9229093964742
1994-12-20,526.0741686531306
1994-12-21,530.4176185547389
1994-12-22,530.3869763609413
1994-12-23,531.8847868122504
1994-12-27,534.3541545135852
1994-12-28,531.7958422600736
1994-12-29,533.0821855428896
1994-12-30,532.1018312183003
1995-01-03,529.8006582659523
1995-01-04,531.0023654478906
1995-01-05,529.4491157509385
1995-01-06,530.5207508615015
1995-01-09,530.6374248063855
1995-01-10,533.0866704715261
1995-01-11,532.8696291971792
1995-01-12,533.4236635055925
1995-01-13,537.2940340622745
1995-01-16,541.1510990108638
1995-01-17,543.2556188029407
1995-01-18,543.0631166182229
1995-01-19,540.977355375452
1995-01-20,537.3473319175022
1995-01-23,537.2015622046424
1995-01-24,538.4899509722169
1995-01-25,537.600173215506
1995-01-26,537.9640149637496
1995-01-27,540.3998771260063
1995-01-30,537.6509081465333
1995-01-31,540.7541254821815
1995-02-01,540.8968438954398
1995-02-02,543.7428080369489
1995-02-03,548.7951720994953
1995-02-06,553.362073102259
1995-02-07,554.0553787695056
1995-02-08,554.3381091404405
1995-02-09,555.031028735391
1995-02-10,556.9074693050791
1995-02-13,557.0394413826066
1995-02-14,557.5332892912577
1995-02-15,558.5991442482498
1995-02-16,560.0999802686944
1995-02-17,556.5760057757868
1995-02-21,555.8585479036914
1995-02-22,557.0875144243249
1995-02-23,559.9082267214116
1995-02-24,561.6663236019953
1995-02-27,557.7948271385211
1995-02-28,563.3520553998062
1995-03-01,562.6809941269389
1995-03-02,562.7665749469281
1995-03-03,562.7918581190626
1995-03-06,563.3160652869589
1995-03-07,558.2508614947944
1995-03-08,558.3774655724459
1995-03-09,558.3092712210224
1995-03-10,564.7021734736392
1995-03-13,566.680089525838
1995-03-14,570.8151608279995
1995-03-15,571.5824035755712
1995-03-16,575.2824952064046
1995-03-17,576.7500102910966
1995-03-20,578.9465089612086
1995-03-21,578.6008001592172
1995-03-22,578.2422894042115
1995-03-23,578.6579930660236
1995-03-24,583.061333626669
1995-03-27,585.4368051611622
1995-03-28,586.2698102254076
1995-03-29,584.526382518427
1995-03-30,582.2762654317025
1995-03-31,579.985661040308
1995-04-03,581.8878053960012
1995-04-04,586.6074641383713
1995-04-05,586.7831769686754
1995-04-06,587.0873931541203
1995-04-07,584.7681456448784
1995-04-10,586.156698339024
1995-04-11,585.4354999671173
1995-04-12,586.9329289473848
1995-04-13,588.2211122377381
1995-04-17,585.4592015467761
1995-04-18,585.4265680342417
1995-04-19,583.4172931327004
1995-04-20,587.4553413421279
1995-04-21,591.6225895012133
1995-04-24,596.3956393363994
1995-04-25,595.1141079877722
1995-04-26,595.0371931282783
1995-04-27,595.135422472352
1995-04-28,596.9872195512038
1995-05-01,600.0693437377356
1995-05-02,601.1609604816276
1995-05-03,608.3994255425442
1995-05-04,607.1702534590445
1995-05-05,606.1832602833753
1995-05-08,610.1258818512979
1995-05-09,609.8846819014921
1995-05-10,609.9350921195562
1995-05-11,612.4713808145785
1995-05-12,609.3173807469254
1995-05-15,610.6406335090683
1995-05-16,612.2218176029384
1995-05-17,611.7171809217944
1995-05-18,603.4759438683526
1995-05-19,605.386401524709
1995-05-22,610.0317732626116
1995-05-23,617.0873393999175
1995-05-24,617.2588068447994
1995-05-25,618.8972249040755
1995-05-26,613.413263627076
1995-05-30,609.3870937278191
1995-05-31,619.938222426267
1995-06-01,620.906145756682
1995-06-02,620.1094345750241
1995-06-05,622.6638103247452
1995-06-06,623.0555327553606
1995-06-07,622.1029142642893
1995-06-08,623.0165117703943
1995-06-09,619.2342096861223
1995-06-12,622.0492184303722
1995-06-13,625.8988077080159
1995-06-14,626.5438267974984
1995-06-15,629.6147560375996
1995-06-16,634.9384974466084
1995-06-19,642.3511384649732
1995-06-20,643.8036253531169
1995-06-21,644.7061004345081
1995-06-22,653.4681441645279
1995-06-23,651.6190669715095
1995-06-26,645.7621102667347
1995-06-27,640.4726022643215
1995-06-28,642.0831233151803
1995-06-29,644.7527051756258
1995-06-30,645.6099964387381
1995-07-03,647.9364890674615
1995-07-05,647.2957569047761
1995-07-06,652.3533059928094
1995-07-07,653.7159594694151
1995-07-10,655.6423782768784
1995-07-11,654.3103676626911
1995-07-12,662.4792777713158
1995-07-13,664.4856910279908
1995-07-14,664.0836031191648
1995-07-17,668.7182594332994
1995-07-18,663.5399004166964
1995-07-19,651.0942389928776
1995-07-20,652.0109184563823
1995-07-21,654.788312643415
1995-07-24,661.4628383257557
1995-07-25,666.574173901924
1995-07-26,669.900250827941
1995-07-27,674.8714159348153
1995-07-28,672.7243998907941
1995-07-31,670.8906559372632
1995-08-01,668.5460586737449
1995-08-02,665.3078021138269
1995-08-03,664.9736057217139
1995-08-04,668.117023588141
1995-08-07,670.3913990186937
1995-08-08,671.5885138041548
1995-08-09,673.6190586774227
1995-08-10,671.3127302677814
1995-08-11,669.597367255506
1995-08-14,676.7089603542546
1995-08-15,675.2771215916905
1995-08-16,678.4232542574741
1995-08-17,677.789241313783
1995-08-18,676.9881240079935
1995-08-21,673.6726124942154
1995-08-22,676.2011779165524
1995-08-23,675.485431438378
1995-08-24,674.8203742963121
1995-08-25,674.8373302538218
1995-08-28,670.2136754838474
1995-08-29,669.7568087893271
1995-08-30,672.3777960180935
1995-08-31,674.6724481437958
1995-09-01,674.35822463423
1995-09-05,682.2498340705563
1995-09-06,686.0816639855977
1995-09-07,686.837363537163
1995-09-08,689.6773117703594
1995-09-11,692.0443022131827
1995-09-12,693.1925654477154
1995-09-13,697.4023288317619
1995-09-14,699.9623186747335
1995-09-15,696.2843749249585
1995-09-18,699.0712353221336
1995-09-19,702.7603643968714
1995-09-20,705.4151431922288
1995-09-21,703.8959704350492
1995-09-22,703.1229056324431
1995-09-25,701.7249433091927
1995-09-26,701.503255745512
1995-09-27,698.7565439781771
1995-09-28,704.6884960104804
1995-09-29,703.3736502188029
1995-10-02,698.6953650415645
1995-10-03,698.6667222315899
1995-10-04,701.2328639690083
1995-10-05,699.9677764751893
1995-10-06,701.4971290040855
1995-10-09,698.3353058130265
1995-10-10,697.2464983761358
1995-10-11,699.8061122260287
1995-10-12,702.9136914548812
1995-10-13,704.9450644003851
1995-10-16,705.1410121626421
1995-10-17,705.516461857687
1995-10-18,707.0707908566806
1995-10-19,711.4268487210351
1995-10-20,709.4451644762493
1995-10-23,706.842708740622
1995-10-24,707.6186714865295
1995-10-25,704.6366414157764
1995-10-26,698.6808339997041
1995-10-27,698.5700668415964
1995-10-30,698.9458957579188
1995-10-31,696.8984210133796
1995-11-01,701.9953850382467
1995-11-02,704.7506634800907
1995-11-03,705.9829040229605
1995-11-06,703.3883454947799
1995-11-07,703.4801043559429
1995-11-08,710.3604259006838
1995-11-09,710.3243140292249
1995-11-10,708.067396890422
1995-11-13,708.6660202528742
1995-11-14,707.5257010692818
1995-11-15,711.7923110770975
1995-11-16,715.6866473221339
1995-11-17,718.1858302811775
1995-11-20,715.6110023074807
1995-11-21,718.6198954155923
1995-11-22,715.5548889975165
1995-11-24,716.653469987129
1995-11-27,719.025555809768
1995-11-28,722.6739284377935
1995-11-29,725.9092935437185
1995-11-30,727.886369069963
1995-12-01,729.3517815688472
1995-12-04,737.6087761608964
1995-12-05,741.941098257403
1995-12-06,746.0095754551123
1995-12-07,741.3602859850681
1995-12-08,740.5363989731991
1995-12-11,742.6752135896506
1995-12-12,743.962524387212
1995-12-13,750.0155842164792
1995-12-14,747.1817743357966
1995-12-15,748.5894792909075
1995-12-18,737.2089980960028
1995-12-19,739.0886407275548
1995-12-20,732.8884203831732
1995-12-21,737.3319591589387
1995-12-22,740.2515615398593
1995-12-26,744.0082487943988
1995-12-27,745.9382358984918
1995-12-28,747.6066767186101
1995-12-29,749.53605779256
1996-01-02,752.2854724370793
1996-01-03,755.7160315302117
1996-01-04,749.8338366556137
1996-01-05,746.8332336063421
1996-01-08,748.817876507957
1996-01-09,740.7339196042298
1996-01-10,726.5888410138111
1996-01-11,730.8872694896719
1996-01-12,733.639472453051
1996-01-15,735.0790889017164
1996-01-16,745.8327467639039
1996-01-17,746.2013158491812
1996-01-18,748.2733325351902
1996-01-19,747.6022953713093
1996-01-22,745.8594366282596
1996-01-23,746.5791512882871
1996-01-24,756.3120738149803
1996-01-25,752.7031303099893
1996-01-26,758.457195487702
1996-01-29,762.4178048437874
1996-01-30,771.4536551248466
1996-01-31,777.6261222997598
1996-02-01,777.6142552255675
1996-02-02,774.3275739866059
1996-02-05,778.1953765645441
1996-02-06,782.6537954787009
1996-02-07,787.399835220954
1996-02-08,796.5444112620788
1996-02-09,797.5982631611881
1996-02-12,801.0827711635849
1996-02-13,801.3064281839597
1996-02-14,798.2456334447278
1996-02-15,795.9614251786712
1996-02-16,790.8978258562507
1996-02-20,781.9829353713875
1996-02-21,788.643586447184
1996-02-22,800.5664313205237
1996-02-23,802.8276494500582
1996-02-26,794.4974717256857
1996-02-27,790.7924213858595
1996-02-28,790.3551670360372
1996-02-29,785.9015475547723
1996-03-01,793.7509972249325
1996-03-04,805.2215226348873
1996-03-05,808.23634433859
1996-03-06,803.6069452718325
1996-03-07,807.3814695264514
1996-03-08,780.9380885526958
1996-03-11,781.9989228830907
1996-03-12,776.9314970574139
1996-03-13,775.4436751798687
1996-03-14,775.6920283113617
1996-03-15,775.7551188662925
1996-03-18,783.2147953801962
1996-03-19,779.8490873072166
1996-03-20,784.44339836569
1996-03-21,787.0407457374921
1996-03-22,787.7620437905257
1996-03-25,788.5043353755302
1996-03-26,791.256546011237
1996-03-27,787.7661765961899
1996-03-28,787.7766988196583
1996-03-29,786.0647945735469
1996-04-01,795.4398253561263
1996-04-02,796.7238061666762
1996-04-03,797.2386977547851
1996-04-04,798.1150191222438
1996-04-08,782.894509584097
1996-04-09,778.4164213739019
1996-04-10,762.4953126683342
1996-04-11,759.4238113068351
1996-04-12,770.2228862083053
1996-04-15,774.3473777833607
1996-04-16,774.945489082161
1996-04-17,770.4983409778615
1996-04-18,774.6648438365821
1996-04-19,776.2493229278003
1996-04-22,778.0638603750918
1996-04-23,779.3614160120917
1996-04-24,774.0324457306338
1996-04-25,776.7541153970944
1996-04-26,778.2529961865191
1996-04-29,779.4406353961372
1996-04-30,781.3001972736628
1996-05-01,782.789334396026
1996-05-02,769.164433008817
1996-05-03,766.2175444354754
1996-05-06,765.0314749722562
1996-05-07,763.5876138794727
1996-05-08,769.042583960136
1996-05-09,770.1772728867761
1996-05-10,778.9360225917181
1996-05-13,788.4674195855972
1996-05-14,793.2238317326094
1996-05-15,794.8649449651518
1996-05-16,797.1804810728885
1996-05-17,803.7261311832946
1996-05-20,807.154753078046
1996-05-21,807.3373368659645
1996-05-22,813.1155221567283
1996-05-23,813.088565892697
1996-05-24,818.5696959404448
1996-05-28,809.5037529288531
1996-05-29,805.7487090945962
1996-05-30,811.2074346929551
1996-05-31,808.633007925355
1996-06-03,809.4078409006537
1996-06-04,815.6596765897366
1996-06-05,821.3825198316914
1996-06-06,817.0505756173606
1996-06-07,816.8490755080774
1996-06-10,815.7881654070122
1996-06-11,813.9636175448383
1996-06-12,813.7092403487859
1996-06-13,812.4943598677644
1996-06-14,809.6980382138225
1996-06-17,807.7872147143969
1996-06-18,803.7404115517053
1996-06-19,803.7922146785173
1996-06-20,803.8815237908901
1996-06-21,808.0274124872999
1996-06-24,810.5624674185466
1996-06-25,811.1247872454204
1996-06-26,805.0751872677187
1996-06-27,804.8855962972607
1996-06-28,808.4084543282657
1996-07-01,813.7613210586595
1996-07-02,810.3878917127818
1996-07-03,808.7457601057322
1996-07-05,791.3572239494804
1996-07-08,784.9904001298546
1996-07-09,787.4016574846149
1996-07-10,787.4805291268037
1996-07-11,776.6274831181362
1996-07-12,775.6697459700268
1996-07-15,757.8508709165466
1996-07-16,754.5776324593205
1996-07-17,759.5474088170529
1996-07-18,773.1402220910479
1996-07-19,769.2829626805211
1996-07-22,766.2626316224924
1996-07-23,759.5420914831269
1996-07-24,757.3213506908528
1996-07-25,761.8515234634226
1996-07-26,769.8843323386161
1996-07-29,764.6446272373414
1996-07-30,770.0528772223246
1996-07-31,774.7358511301373
1996-08-01,786.4547203871022
1996-08-02,799.1680290974681
1996-08-05,797.1461673166767
1996-08-06,798.9015171815387
1996-08-07,800.0396183243408
1996-08-08,798.0966001382817
1996-08-09,793.7465624031344
1996-08-12,800.9579983118543
1996-08-13,796.7460746117745
1996-08-14,799.2689661776774
1996-08-15,801.0219787818198
1996-08-16,804.9772620819662
1996-08-19,806.145292565834
1996-08-20,805.5377839828858
1996-08-21,804.404609766848
1996-08-22,810.6389079323861
1996-08-23,806.7627804750421
1996-08-26,803.9925596612445
1996-08-27,808.2802388621108
1996-08-28,807.6124558285301
1996-08-29,799.7179236034711
1996-08-30,794.3513834319385
1996-09-03,795.5412979715888
1996-09-04,797.3179375441402
1996-09-05,793.7846951008555
1996-09-06,801.2840284677966
1996-09-09,809.4168217533536
1996-09-10,811.0793030924832
1996-09-11,815.0815873332556
1996-09-12,817.133252873489
1996-09-13,823.7823112633841
1996-09-16,826.1917928802186
1996-09-17,825.528109404327
1996-09-18,824.7313087570858
1996-09-19,825.3458394735798
1996-09-20,828.6717238665036
1996-09-23,828.3124462334057
1996-09-24,829.8638398232905
1996-09-25,830.1182279514157
1996-09-26,833.8375320922297
1996-09-27,832.9581645263305
1996-09-30,834.8017301790132
1996-10-01,837.4079040770811
1996-10-02,840.8885196899259
1996-10-03,842.2727728588111
1996-10-04,851.7519186276802
1996-10-07,850.8944880917684
1996-10-08,849.4670013246454
1996-10-09,844.5782116907927
1996-10-10,841.9789254951313
1996-10-11,846.8772849719019
1996-10-14,853.7386879482016
1996-10-15,853.3507033166053
1996-10-16,852.3173896581192
1996-10-17,858.5858245353418
1996-10-18,864.6702258213181
1996-10-21,862.6588292456073
1996-10-22,859.2068795761811
1996-10-23,856.791477077212
1996-10-24,851.8488767122502
1996-10-25,849.8119555854626
1996-10-28,844.5955979658823
1996-10-29,850.7035631783343
1996-10-30,848.6481546796547
1996-10-31,852.0378879797482
1996-11-01,849.4097557971353
1996-11-04,851.8205841962882
1996-11-05,855.9070621567425
1996-11-06,866.2259711193317
1996-11-07,869.2634303435646
1996-11-08,871.9038261567641
1996-11-11,872.291629480205
1996-11-12,874.4917785415112
1996-11-13,877.1510538731247
1996-11-14,881.6584816350992
1996-11-15,882.3203577441633
1996-11-18,884.3818906747579
1996-11-19,890.6176699759142
1996-11-20,892.2445738878581
1996-11-21,891.4798973466568
1996-11-22,898.7831708163133
1996-11-25,909.9255385942613
1996-11-26,905.9798580097287
1996-11-27,904.514934959314
1996-11-29,906.9697117361197
1996-12-02,906.5452739545369
1996-12-03,898.5821616988328
1996-12-04,892.984297739012
1996-12-05,895.0376539272726
1996-12-06,890.387516651637
1996-12-09,897.3457412786049
1996-12-10,896.1163568251834
1996-12-11,885.1397454981595
1996-12-12,875.7981584211767
1996-12-13,875.3337097134489
1996-12-16,872.9117218577802
1996-12-17,879.1216049613776
1996-12-18,883.956868346261
1996-12-19,901.9463090907451
1996-12-20,907.3248780469942
1996-12-23,904.3538654809779
1996-12-24,907.9175442555817
1996-12-26,912.9774398383197
1996-12-27,913.5376763972774
1996-12-30,913.5795545551786
1996-12-31,901.834063035868
1997-01-02,896.7185709964722
1997-01-03,906.4625206749133
1997-01-06,906.2328087595621
1997-01-07,912.3763014362286
1997-01-08,909.1736101169066
1997-01-09,915.9056704720953
1997-01-10,918.1805626451686
1997-01-13,919.2707223130335
1997-01-14,929.9080887845706
1997-01-15,928.6165810591527
1997-01-16,932.8775312591874
1997-01-17,943.2090550801888
1997-01-20,945.3648806315399
1997-01-21,949.958515858328
1997-01-22,951.1645063890111
1997-01-23,944.0406064452756
1997-01-24,932.8723785155386
1997-01-27,927.2940460527138
1997-01-28,928.4113050379791
1997-01-29,936.1944122309
1997-01-30,948.005652589866
1997-01-31,949.5701313717625
1997-02-03,953.3093836662518
1997-02-04,956.0199515307496
1997-02-05,947.889030976559
1997-02-06,949.947111439392
1997-02-07,957.7832762723361
1997-02-10,950.6814493698093
1997-02-11,956.9611250011619
1997-02-12,971.6339875732887
1997-02-13,980.8137522098975
1997-02-14,977.9699967673987
1997-02-18,984.6242926596256
1997-02-19,979.1721061530163
1997-02-20,968.3293001177165
1997-02-21,969.2269167088928
1997-02-24,972.9519572650695
1997-02-25,975.3410388377183
1997-02-26,968.3267404922968
1997-02-27,958.3051829836369
1997-02-28,952.2652460172028
1997-03-03,956.6910092375109
1997-03-04,956.2880071582048
1997-03-05,966.4220661028623
1997-03-06,967.8711040615545
1997-03-07,978.3348364973332
1997-03-10,987.5551979082421
1997-03-11,989.0448947515389
1997-03-12,981.6218985614472
1997-03-13,961.5324544641893
1997-03-14,968.315049720713
1997-03-17,968.3878170495732
1997-03-18,959.5255741764474
1997-03-19,955.9895658984753
1997-03-20,949.0378837269005
1997-03-21,950.0237382370856
1997-03-24,959.5357885327616
1997-03-25,955.2804678185788
1997-03-26,951.4588409668445
1997-03-27,932.7064998219481
1997-03-31,911.7209496181955
1997-04-01,915.236398109672
1997-04-02,906.1741175413687
1997-04-03,898.6262073510487
1997-04-04,905.4765397697876
1997-04-07,912.7587762567628
1997-04-08,917.6222849994507
1997-04-09,915.9143024074225
1997-04-10,911.5576883347652
1997-04-11,888.840975665871
1997-04-14,895.6702882985836
1997-04-15,908.1716056206781
1997-04-16,917.6564895753306
1997-04-17,913.5973841488906
1997-04-18,922.9044299918946
1997-04-21,915.4767854317241
1997-04-22,931.8650164756416
1997-04-23,927.7577921071518
1997-04-24,925.6619235214516
1997-04-25,915.7594299543645
1997-04-28,921.720551937571
1997-04-29,943.256556821022
1997-04-30,952.2449448791648
1997-05-01,947.7555005177065
1997-05-02,964.5136630211753
1997-05-05,985.2454622330878
1997-05-06,985.6836999932525
1997-05-07,971.8187379782703
1997-05-08,974.0424642860538
1997-05-09,981.5145233785895
1997-05-12,993.9580301446395
1997-05-13,990.3878498757202
1997-05-14,994.8527458830406
1997-05-15,1000.6692209169966
1997-05-16,988.7850355053415
1997-05-19,993.2475311733801
1997-05-20,1001.1008465919332
1997-05-21,998.2561932125224
1997-05-22,997.5900434134106
1997-05-23,1010.6342925779031
1997-05-27,1008.8296969080432
1997-05-28,1005.8351398550722
1997-05-29,1005.4318592802819
1997-05-30,1013.1963765116943
1997-06-02,1008.8544704130633
1997-06-03,1011.8750535506224
1997-06-04,1008.9383200167264
1997-06-05,1011.9845378313189
1997-06-06,1025.3021527211138
1997-06-09,1028.0679569810661
1997-06-10,1033.1654764381867
1997-06-11,1037.2211900415975
1997-06-12,1054.632715470603
1997-06-13,1061.5595208572825
1997-06-16,1063.1329067774316
1997-06-17,1059.89307117569
1997-06-18,1058.5162731709283
1997-06-19,1065.5565710341168
1997-06-20,1064.3310975433462
1997-06-23,1043.7362796712569
1997-06-24,1059.1996791692086
1997-06-25,1049.9168342082705
1997-06-26,1046.4803384981205
1997-06-27,1050.5855315844474
1997-06-30,1051.9269970049295
1997-07-01,1061.2047452266831
1997-07-02,1074.8739095244391
1997-07-03,1089.058630866641
1997-07-07,1083.6863678810912
1997-07-08,1094.7136357259565
1997-07-09,1082.1699613389137
1997-07-10,1089.9690872373912
1997-07-11,1094.078809145815
1997-07-14,1093.5324263744315
1997-07-15,1100.8218845313675
1997-07-16,1108.7413688155118
1997-07-17,1107.5998006670554
1997-07-18,1088.707940975074
1997-07-21,1087.4170474890482
1997-07-22,1107.4630174020324
1997-07-23,1115.5024895598938
1997-07-24,1117.497823327745
1997-07-25,1113.6497439594352
1997-07-28,1107.4903467527129
1997-07-29,1113.3906106674347
1997-07-30,1124.873934409245
1997-07-31,1126.088829761559
1997-08-01,1117.9242552470562
1997-08-04,1115.5585135841243
1997-08-05,1116.8410154292665
1997-08-06,1126.694957018765
1997-08-07,1120.371297338773
1997-08-08,1099.3409966272338
1997-08-11,1104.357668473722
1997-08-12,1093.3275933660573
1997-08-13,1092.7567503787889
1997-08-14,1094.0406028182467
1997-08-15,1068.706769604247
1997-08-18,1076.3570641599333
1997-08-19,1091.6356921580218
1997-08-20,1106.9687252006697
1997-08-21,1094.3306502605171
1997-08-22,1092.7106547670637
1997-08-25,1094.2598981048345
1997-08-26,1090.0374506425028
1997-08-27,1086.9692767709291
1997-08-28,1080.7433508414972
1997-08-29,1075.8003396675042
1997-09-02,1103.3353190456492
1997-09-03,1104.8576117721982
1997-09-04,1107.0841761244578
1997-09-05,1103.1467090698188
1997-09-08,1106.8920226479622
1997-09-09,1111.4227972977314
1997-09-10,1098.8151539496466
1997-09-11,1090.00485402165
1997-09-12,1100.708039098447
1997-09-15,1101.2613344265192
1997-09-16,1125.5475039418923
1997-09-17,1130.410761108432
1997-09-18,1136.3607946022132
1997-09-19,1135.088266245726
1997-09-22,1134.794713170344
1997-09-23,1127.4821041026657
1997-09-24,1121.114020890829
1997-09-25,1114.4195146841646
1997-09-26,1123.7588147203478
1997-09-29,1130.7929752983628
1997-09-30,1127.8337291036144
1997-10-01,1136.4531696202469
1997-10-02,1142.2547208596923
1997-10-03,1146.8449752402275
1997-10-06,1159.9706732227517
1997-10-07,1169.416312291287
1997-10-08,1159.3454044412722
1997-10-09,1162.068033763778
1997-10-10,1158.4923790861042
1997-10-13,1160.5155715700744
1997-10-14,1160.5121653712724
1997-10-15,1158.0651022336908
1997-10-16,1149.2792587712202
1997-10-17,1136.228652450587
1997-10-20,1149.5818756760484
1997-10-21,1164.5723278910493
1997-10-22,1158.8140737196363
1997-10-23,1137.3433929943062
1997-10-24,1128.8886081220658
1997-10-27,1057.211058236441
1997-10-28,1093.4027091747867
1997-10-29,1097.294305202874
1997-10-30,1080.510355304967
1997-10-31,1089.0280474074539
1997-11-03,1116.175391062512
1997-11-04,1120.2047064807425
1997-11-05,1121.716534752609
1997-11-06,1119.6636960605667
1997-11-07,1103.440560508814
1997-11-10,1099.3528839191663
1997-11-11,1097.8826165650328
1997-11-12,1077.9455856771056
1997-11-13,1078.5186473712479
1997-11-14,1089.006586007793
1997-11-17,1108.9164063719386
1997-11-18,1099.2185585371692
1997-11-19,1100.5428616849435
1997-11-20,1112.6780287279748
1997-11-21,1116.6382610223689
1997-11-24,1101.1143677710027
1997-11-25,1095.0915415118395
1997-11-26,1094.9146661891978
1997-11-28,1100.4439483390645
1997-12-01,1115.8611057438604
1997-12-02,1119.328487081922
1997-12-03,1126.4883277159659
1997-12-04,1123.7134621862122
1997-12-05,1128.4181202268412
1997-12-08,1127.3889221874533
1997-12-09,1126.6968558897074
1997-12-10,1122.8210189579756
1997-12-11,1109.52794289104
1997-12-12,1114.827954313464
1997-12-15,1124.469184282017
1997-12-16,1123.3940475797071
1997-12-17,1126.882303465357
1997-12-18,1125.0444365345393
1997-12-19,1121.1951291694986
1997-12-22,1129.2853188762779
1997-12-23,1119.4820901891558
1997-12-24,1113.739840460267
1997-12-26,1115.8132704597667
1997-12-29,1131.5568181626513
1997-12-30,1149.954360667102
1997-12-31,1151.6647053688396
1998-01-02,1147.0412260459843
1998-01-05,1144.5932801389833
1998-01-06,1136.7399385088813
1998-01-07,1131.7151565342049
1998-01-08,1129.0216026178352
1998-01-09,1105.3274757319125
1998-01-12,1112.351811130725
1998-01-13,1126.616592781513
1998-01-14,1134.1751191505743
1998-01-15,1128.2363480013182
1998-01-16,1138.5531743012045
1998-01-20,1150.9120264789287
1998-01-21,1145.4955853478875
1998-01-22,1145.3001303320302
1998-01-23,1138.859404856283
1998-01-26,1132.8065628235652
1998-01-27,1142.62496901121
1998-01-28,1146.559042643296
1998-01-29,1153.0166658315047
1998-01-30,1148.5504708581468
1998-02-02,1165.7155274742693
1998-02-03,1170.9160573828783
1998-02-04,1171.6935905371038
1998-02-05,1167.5395494328093
1998-02-06,1178.1725650654512
1998-02-09,1178.8755556599704
1998-02-10,1186.3142662780867
1998-02-11,1187.0467294327084
1998-02-12,1195.634485090636
1998-02-13,1194.2694934031329
1998-02-17,1204.2402988390413
1998-02-18,1210.3275109733638
1998-02-19,1207.239119664342
1998-02-20,1215.1621566859499
1998-02-23,1217.9196878782943
1998-02-24,1213.1530777700661
1998-02-25,1225.589652258231
1998-02-26,1229.3191794496572
1998-02-27,1228.6550300762146
1998-03-02,1236.7852498265945
1998-03-03,1244.8773005586563
1998-03-04,1245.6033641840017
1998-03-05,1237.7584437776038
1998-03-06,1260.7693489569833
1998-03-09,1262.963309250774
1998-03-10,1272.6895729241555
1998-03-11,1278.2964541585386
1998-03-12,1276.9253543489046
1998-03-13,1281.442002498327
1998-03-16,1293.0041041854142
1998-03-17,1296.0373445968526
1998-03-18,1299.9020075706992
1998-03-19,1305.4099379528848
1998-03-20,1317.1486013474862
1998-03-23,1311.484518792291
1998-03-24,1323.9473829848716
1998-03-25,1317.3800043292651
1998-03-26,1314.499943097605
1998-03-27,1308.5635727919125
1998-03-30,1308.8752180655194
1998-03-31,1320.4739465528037
1998-04-01,1322.6874136807535
1998-04-02,1330.803570725517
1998-04-03,1333.6545641458501
1998-04-06,1325.0447303548463
1998-04-07,1316.0731233902936
1998-04-08,1312.8121759642836
1998-04-09,1326.5568509692816
1998-04-13,1320.3492866993424
1998-04-14,1334.1759434741152
1998-04-15,1340.0886758653485
1998-04-16,1330.3385380417853
1998-04-17,1337.3647006179567
1998-04-20,1330.1726630465516
1998-04-21,1329.1106288349424
1998-04-22,1325.4797440799105
1998-04-23,1307.577540736937
1998-04-24,1294.2408982187283
1998-04-27,1273.3786817319208
1998-04-28,1274.4399410549024
1998-04-29,1285.5677714399158
1998-04-30,1305.6557497144547
1998-05-01,1312.4466263777188
1998-05-04,1319.6928784974684
1998-05-05,1311.3321189358544
1998-05-06,1306.2274583534238
1998-05-07,1301.8417736211952
1998-05-08,1311.0185427458593
1998-05-11,1309.4051663955913
1998-05-12,1315.792819603571
1998-05-13,1321.4524111226506
1998-05-14,1320.7613662910292
1998-05-15,1313.8639670738764
1998-05-18,1309.7608878663093
1998-05-19,1309.4469511351642
1998-05-20,1322.7494723783025
1998-05-21,1326.3261987829133
1998-05-22,1324.603782379584
1998-05-26,1312.6653931983988
1998-05-27,1306.8395653764653
1998-05-28,1321.1132121452108
1998-05-29,1323.2836996570318
1998-06-01,1335.224511830631
1998-06-02,1342.68942833712
1998-06-03,1336.9632134164171
1998-06-04,1340.951989289029
1998-06-05,1356.2203512709086
1998-06-08,1358.0411388764492
1998-06-09,1357.555612142843
1998-06-10,1357.9913935574982
1998-06-11,1341.4797776554085
1998-06-12,1340.8663184838767
1998-06-15,1319.7298370957726
1998-06-16,1327.2966449970113
1998-06-17,1346.2598049415167
1998-06-18,1345.459196630564
1998-06-19,1340.7432007140153
1998-06-22,1346.9309839139062
1998-06-23,1363.8791871556584
1998-06-24,1360.56419459836
1998-06-25,1355.6546460655484
1998-06-26,1358.0512592358373
1998-06-29,1366.571976587765
1998-06-30,1364.7343426541242
1998-07-01,1377.6260284640693
1998-07-02,1375.3464532539647
1998-07-06,1390.6998489120883
1998-07-07,1384.7210842358963
1998-07-08,1394.925204460444
1998-07-09,1384.8654650479107
1998-07-10,1385.6393343549846
1998-07-13,1383.1823803588366
1998-07-14,1394.5546618768985
1998-07-15,1394.2412620518414
1998-07-16,1402.6636218319593
1998-07-17,1401.3299609056246
1998-07-20,1399.155538390021
1998-07-21,1390.3041992746248
1998-07-22,1396.4576441571362
1998-07-23,1370.8408509266474
1998-07-24,1372.4091133411187
1998-07-27,1372.9540057463932
1998-07-28,1357.0658580188315
1998-07-29,1354.2117951127673
1998-07-30,1372.1444208319874
1998-07-31,1345.8032810512173
1998-08-03,1338.4246893512754
1998-08-04,1293.8688063097225
1998-08-05,1296.4099214556861
1998-08-06,1314.4195811922677
1998-08-07,1319.669704497457
1998-08-10,1315.9316247087465
1998-08-11,1295.8702577073113
1998-08-12,1322.6346526010425
1998-08-13,1316.2379786139006
1998-08-14,1298.8050882500772
1998-08-17,1311.2507453332714
1998-08-18,1328.8650713939035
1998-08-19,1324.0600700051984
1998-08-20,1318.2493610671593
1998-08-21,1309.2522889551833
1998-08-24,1319.4310565206958
1998-08-25,1321.1151660646808
1998-08-26,1307.6191998142206
1998-08-27,1266.5809864728699
1998-08-28,1265.1730972624514
1998-08-31,1197.1777231437472
1998-09-01,1225.1327974910207
1998-09-02,1213.8204937446499
1998-09-03,1213.879188426159
1998-09-04,1208.6965656343277
1998-09-08,1260.9933481328967
1998-09-09,1244.2603736565516
1998-09-10,1218.9733270114991
1998-09-11,1247.7094761721871
1998-09-14,1271.2087324873512
1998-09-15,1279.5781948147965
1998-09-16,1286.4662178207454
1998-09-17,1264.1544917588253
1998-09-18,1277.116794389678
1998-09-21,1276.9470495118346
1998-09-22,1290.0965006690215
1998-09-23,1320.326429031165
1998-09-24,1297.2839346616665
1998-09-25,1294.3237488700634
1998-09-28,1297.3989058772117
1998-09-29,1303.4840536386548
1998-09-30,1283.940819128944
1998-10-01,1255.5025665412977
1998-10-02,1276.9230749739922
1998-10-05,1275.9620205871274
1998-10-06,1272.0016701887064
1998-10-07,1256.3452681675733
1998-10-08,1241.5114240614598
1998-10-09,1244.6766573754876
1998-10-12,1245.7648101508792
1998-10-13,1247.8356040569004
1998-10-14,1270.017545116001
1998-10-15,1308.6619224616447
1998-10-16,1304.7886074120436
1998-10-19,1309.4669938743623
1998-10-20,1303.643369699258
1998-10-21,1311.8813516008768
1998-10-22,1327.902354931525
1998-10-23,1320.068811638617
1998-10-26,1318.438991613596
1998-10-27,1313.4005403382444
1998-10-28,1318.1307977340048
1998-10-29,1337.7863416222378
1998-10-30,1349.0450169268224
1998-11-02,1362.4378692436378
1998-11-03,1362.1199336592001
1998-11-04,1362.8733294790145
1998-11-05,1378.1100850844591
1998-11-06,1389.736101457932
1998-11-09,1381.0709361279912
1998-11-10,1387.3845079340836
1998-11-11,1375.3713416522942
1998-11-12,1368.416995603454
1998-11-13,1375.1219744565553
1998-11-16,1388.4794827815076
1998-11-17,1391.4847658748185
1998-11-18,1399.1367018046035
1998-11-19,1409.3400002808141
1998-11-20,1419.8499369460908
1998-11-23,1438.7787770322434
1998-11-24,1431.4569023282372
1998-11-25,1440.6960069840031
1998-11-27,1446.7074862539469
1998-11-30,1418.5798485319174
1998-12-01,1430.450942232147
1998-12-02,1432.5024466171972
1998-12-03,1416.3716617869939
1998-12-04,1445.778412476704
1998-12-07,1459.5424782713485
1998-12-08,1461.3239346475086
1998-12-09,1462.7762395830414
1998-12-10,1443.811767976113
1998-12-11,1449.608807225586
1998-12-14,1417.8755367360975
1998-12-15,1437.7189321604562
1998-12-16,1438.6998900695983
1998-12-17,1460.0513088975456
1998-12-18,1470.7091241893265
1998-12-21,1492.3936021579816
1998-12-22,1489.5336185006317
1998-12-23,1515.8409167810373
1998-12-24,1511.5770031263464
1998-12-28,1518.1538198369078
1998-12-29,1538.0401245909848
1998-12-30,1529.5572598686863
1998-12-31,1537.1371039520182
1999-01-04,1531.6314255059935
1999-01-05,1550.107065661467
1999-01-06,1584.2169446804776
1999-01-07,1581.2570845688033
1999-01-08,1587.0236771961424
1999-01-11,1575.2090875489168
1999-01-12,1545.356185363736
1999-01-13,1549.0811393443519
1999-01-14,1526.241271114175
1999-01-15,1560.6398543134674
1999-01-19,1590.1993156577823
1999-01-20,1600.7917428668427
1999-01-21,1564.3538641125213
1999-01-22,1558.9999333525404
1999-01-25,1561.1931709694577
1999-01-26,1593.8177388696588
1999-01-27,1591.4290412099322
1999-01-28,1620.941467009955
1999-01-29,1639.528560567139
1999-02-01,1637.0500916797691
1999-02-02,1620.119070908622
1999-02-03,1637.630828204867
1999-02-04,1604.2691416080868
1999-02-05,1582.294558957797
1999-02-08,1590.5475304850936
1999-02-09,1547.0211873155854
1999-02-10,1546.0384691221286
1999-02-11,1596.1659445839884
1999-02-12,1564.2026472712182
1999-02-16,1579.1930012725893
1999-02-17,1547.2395525407446
1999-02-18,1563.161883802109
1999-02-19,1565.5980087073892
1999-02-22,1610.7659929021625
1999-02-23,1613.698026677507
1999-02-24,1596.9386065069064
1999-02-25,1582.2282437789218
1999-02-26,1574.5666922897485
1999-03-01,1570.4631422977645
1999-03-02,1556.4884430044638
1999-03-03,1558.3262917884604
1999-03-04,1579.7299158578433
1999-03-05,1614.1266529273855
1999-03-08,1629.033473350586
1999-03-09,1625.4281583704328
1999-03-10,1624.2060836993128
1999-03-11,1637.6580007081236
1999-03-12,1629.3056870831429
1999-03-15,1648.2938260214848
1999-03-16,1650.8221254942623
1999-03-17,1638.1260294692806
1999-03-18,1656.5486581223493
1999-03-19,1628.656593604736
1999-03-22,1619.9263619100302
1999-03-23,1574.5030436578131
1999-03-24,1586.9468566322812
1999-03-25,1617.40993131792
1999-03-26,1610.6747238529913
1999-03-29,1644.624144638123
1999-03-30,1641.1669212111653
1999-03-31,1626.3591684920648
1999-04-01,1639.850103288763
1999-04-05,1668.83801877647
1999-04-06,1671.8467718074967
1999-04-07,1680.4445858314646
1999-04-08,1708.8252431708343
1999-04-09,1720.0301322811606
1999-04-12,1733.6439148428237
1999-04-13,1718.0869565047494
1999-04-14,1673.9312482044513
1999-04-15,1649.6276076758606
1999-04-16,1636.289417244323
1999-04-19,1566.2770011018351
1999-04-20,1604.9255470122832
1999-04-21,1661.277326094714
1999-04-22,1696.792545834415
1999-04-23,1699.6620673147088
1999-04-26,1707.1892079103052
1999-04-27,1703.8785409380157
1999-04-28,1672.7263752809636
1999-04-29,1651.7551497754303
1999-04-30,1646.448194080376
1999-05-03,1663.9029387741582
1999-05-04,1638.0833813965116
1999-05-05,1653.792456793709
1999-05-06,1628.4566298450984
1999-05-07,1651.5493205781943
1999-05-10,1650.7869417690276
1999-05-11,1674.1746351495317
1999-05-12,1691.2104115203229
1999-05-13,1689.2982762584725
1999-05-14,1652.6258119498711
1999-05-17,1649.250876620455
1999-05-18,1647.4402393499856
1999-05-19,1653.344720759022
1999-05-20,1650.029792300575
1999-05-21,1643.9807443977566
1999-05-24,1617.7356480948415
1999-05-25,1597.2100466686215
1999-05-26,1616.5166692567354
1999-05-27,1590.2026458459552
1999-05-28,1613.7048584918532
1999-06-01,1608.3718858426673
1999-06-02,1613.9674220664572
1999-06-03,1620.259143979063
1999-06-04,1663.1662612293119
1999-06-07,1666.4485219713035
1999-06-08,1645.7077922871954
1999-06-09,1651.9057885073023
1999-06-10,1628.7079830458022
1999-06-11,1613.4995073445107
1999-06-14,1606.044513537157
1999-06-15,1613.4192841972338
1999-06-16,1656.8181938295313
1999-06-17,1668.7741513468545
1999-06-18,1674.645215944105
1999-06-21,1692.737992078615
1999-06-22,1677.413914647598
1999-06-23,1673.7091630274256
1999-06-24,1655.8209182011092
1999-06-25,1656.155425333182
1999-06-28,1681.3684910881655
1999-06-29,1712.0867946622786
1999-06-30,1744.296255582673
1999-07-01,1754.684612621336
1999-07-02,1768.5986944846686
1999-07-06,1767.4745394783627
1999-07-07,1782.4788666693455
1999-07-08,1788.1410599110834
1999-07-09,1798.8494575524858
1999-07-12,1795.24945511191
1999-07-13,1788.9517298482606
1999-07-14,1800.6485405638077
1999-07-15,1815.791355007891
1999-07-16,1830.2383178115156
1999-07-19,1819.5386292738365
1999-07-20,1774.366987220168
1999-07-21,1781.0769207303251
1999-07-22,1748.4481527507128
1999-07-23,1748.3613122215056
1999-07-26,1728.643661730541
1999-07-27,1751.0349874862522
1999-07-28,1754.9499720057868
1999-07-29,1721.8623408381673
1999-07-30,1708.342442303188
1999-08-02,1704.851918318661
1999-08-03,1691.7219006310195
1999-08-04,1680.0024868256746
1999-08-05,1703.9243091637231
1999-08-06,1694.2230467252964
1999-08-09,1687.984630581536
1999-08-10,1667.8765220504517
1999-08-11,1695.9316609034486
1999-08-12,1688.5099315454313
1999-08-13,1719.1155515795315
1999-08-16,1722.2035547613307
1999-08-17,1738.4539566550372
1999-08-18,1723.9597737216566
1999-08-19,1708.1964074590046
1999-08-20,1712.83900992506
1999-08-23,1739.5572477314072
1999-08-24,1738.6279406515798
1999-08-25,1757.8477831449293
1999-08-26,1740.7701610643117
1999-08-27,1723.0990065717608
1999-08-30,1695.3435406703254
1999-08-31,1698.0142505220902
1999-09-01,1710.1925070197685
1999-09-02,1697.8682880448735
1999-09-03,1743.8464439473244
1999-09-07,1753.6956533477687
1999-09-08,1749.2118594386066
1999-09-09,1764.9610092451364
1999-09-10,1767.63620232041
1999-09-13,1752.8855827452655
1999-09-14,1751.7353756286009
1999-09-15,1724.2906570100167
1999-09-16,1727.2653851888385
1999-09-17,1752.6017278889103
1999-09-20,1749.0340023186634
1999-09-21,1715.1912572139245
1999-09-22,1720.162537097176
1999-09-23,1677.1429969704686
1999-09-24,1672.7442618109426
1999-09-27,1690.6445934205751
1999-09-28,1685.0506692967263
1999-09-29,1676.3734659291629
1999-09-30,1693.8496640755056
1999-10-01,1682.9308421705448
1999-10-04,1702.0090591046887
1999-10-05,1699.1524031337817
1999-10-06,1728.1770638875723
1999-10-07,1722.5815362156945
1999-10-08,1747.0232015590557
1999-10-11,1752.5368385177428
1999-10-12,1717.4372058891388
1999-10-13,1681.3267498450134
1999-10-14,1681.4163256743338
1999-10-15,1639.8279878402818
1999-10-18,1636.4442418685362
1999-10-19,1637.5077280048763
1999-10-20,1673.2485471247214
1999-10-21,1665.5660107673384
1999-10-22,1679.9244344200051
1999-10-25,1674.565810801878
1999-10-26,1660.1048354872855
1999-10-27,1663.7305079438565
1999-10-28,1719.9802239436951
1999-10-29,1756.5908611008417
1999-11-01,1745.2239593233035
1999-11-02,1738.1372994101755
1999-11-03,1749.466940944418
1999-11-04,1758.9857688000725
1999-11-05,1778.7281590071805
1999-11-08,1789.7013250217233
1999-11-09,1775.8681884505077
1999-11-10,1790.0950242513484
1999-11-11,1804.6075974319845
1999-11-12,1821.3238723051245
1999-11-15,1822.0685725251988
1999-11-16,1853.5949724583982
1999-11-17,1849.042203427237
1999-11-18,1874.0473890799722
1999-11-19,1869.716640353736
1999-11-22,1870.9407368787272
1999-11-23,1849.5581154958852
1999-11-24,1871.674712012448
1999-11-26,1884.054872115017
1999-11-29,1880.6728916392049
1999-11-30,1843.4867346309259
1999-12-01,1859.756268999448
1999-12-02,1879.5418604359468
1999-12-03,1910.2336579771772
1999-12-06,1912.0379512715533
1999-12-07,1908.0006737488686
1999-12-08,1917.943673348709
1999-12-09,1926.4348421475
1999-12-10,1920.8547011257265
1999-12-13,1927.3328649256227
1999-12-14,1911.2471137551245
1999-12-15,1923.4847785197474
1999-12-16,1939.9704728045226
1999-12-17,1950.0718047206944
1999-12-20,1946.3537979610671
1999-12-21,1974.9924825582382
1999-12-22,1973.9022933800438
1999-12-23,2003.4988613908558
1999-12-27,1984.9953056166742
1999-12-28,1995.6465996015115
1999-12-29,2006.295991887366
1999-12-30,1996.4004512128483
1999-12-31,2013.0699773146398
