date,equity
1950-01-03,0.99180385
1950-01-04,1.0034305001786692
1950-01-05,1.005911666592428
1950-01-06,1.0055332021716596
1950-01-07,1.0100569774702524
1950-01-09,1.0115971129477905
1950-01-10,1.0103315384077989
1950-01-11,1.0153824971502035
1950-01-12,0.9976120874537597
1950-01-13,0.9879856898381373
1950-01-14,0.9899611865239017
1950-01-16,0.9925834197092223
1950-01-17,1.0035734784957697
1950-01-18,1.0031953896739758
1950-01-19,1.0068043058713936
1950-01-20,1.0124411237506417
1950-01-21,1.0133265814682322
1950-01-23,1.0117044123754708
1950-01-24,1.0096292048320021
1950-01-25,1.00220784016952
1950-01-26,1.0020071967161492
1950-01-27,1.0080676514023663
1950-01-28,1.0112422101167235
1950-01-30,1.0142996000164037
1950-01-31,1.016885854896223
1950-02-01,1.0189951434471365
1950-02-02,1.029285909462801
1950-02-03,1.0340179374825442
1950-02-04,1.038539775920309
1950-02-06,1.0365910624819294
1950-02-07,1.03226321283511
1950-02-08,1.037268322636277
1950-02-09,1.0417012970383435
1950-02-10,1.0409448068235991
1950-02-11,1.0399810872789081
1950-02-14,1.037718258519654
1950-02-15,1.0379767713725985
1950-02-16,1.0362636952977902
1950-02-17,1.040952058647773
1950-02-18,1.0453750252049239
1950-02-20,1.0472555270725106
1950-02-21,1.0453423553234167
1950-02-23,1.0474846906290578
1950-02-24,1.050729848434524
1950-02-25,1.049336193005084
1950-02-27,1.0504639532998548
1950-02-28,1.0467857936454195
1950-03-01,1.0496368366113353
1950-03-02,1.0507116206678018
1950-03-03,1.0554656228678263
1950-03-04,1.0584469312936406
1950-03-06,1.0564352368800196
1950-03-07,1.0459749036850243
1950-03-08,1.042705073665543
1950-03-09,1.0363700815475698
1950-03-10,1.0335183415931601
1950-03-11,1.0375994774822666
1950-03-13,1.034641069403424
1950-03-14,1.0398136490787118
1950-03-15,1.0563966533313154
1950-03-16,1.0581383277855778
1950-03-17,1.0589313765079418
1950-03-18,1.0603863343130187
1950-03-20,1.0587143690192278
1950-03-21,1.0585798959660984
1950-03-22,1.064190096681845
1950-03-23,1.0632571323365236
1950-03-24,1.0622461476498
1950-03-25,1.067051876908874
1950-03-27,1.0599819261739116
1950-03-28,1.0660756082069751
1950-03-29,1.0619143894462921
1950-03-30,1.0534475143371231
1950-03-31,1.0531826864228022
1950-04-01,1.056551100850754
1950-04-03,1.0672214159149072
1950-04-04,1.0658561976161205
1950-04-05,1.0744879786799761
1950-04-06,1.0853655544946097
1950-04-08,1.0878860811635747
1950-04-10,1.0878575951756642
1950-04-11,1.0807308175067978
1950-04-12,1.0918065911881132
1950-04-13,1.09554440211701
1950-04-14,1.0995416393220947
1950-04-15,1.0948385762014874
1950-04-17,1.0967533527526476
1950-04-18,1.102646572073138
1950-04-19,1.1052918931738607
1950-04-20,1.0943745428060858
1950-04-21,1.0997349093774158
1950-04-22,1.0998434326798077
1950-04-24,1.091950582062453
1950-04-25,1.0887282207953315
1950-04-26,1.0840174875488895
1950-04-27,1.092932008351589
1950-04-28,1.1008270841259888
1950-04-29,1.1113367692196612
1950-05-01,1.116586231717548
1950-05-02,1.108349822496209
1950-05-03,1.1198477532248325
1950-05-04,1.1098519449171373
1950-05-05,1.1137341370510438
1950-05-06,1.1199690393018515
1950-05-08,1.1151230662679004
1950-05-09,1.11921935202947
1950-05-10,1.1205891466655338
1950-05-11,1.119353130668471
1950-05-12,1.1145661665521935
1950-05-13,1.1181309956285181
1950-05-15,1.1228540357752956
1950-05-16,1.1336858588406373
1950-05-17,1.1366014131231086
1950-05-18,1.1406061910343004
1950-05-19,1.1485301346387005
1950-05-20,1.1516301941133338
1950-05-22,1.14538237185059
1950-05-23,1.1522535003010759
1950-05-24,1.1536620578693593
1950-05-25,1.1501696310635077
1950-05-26,1.1517204683977842
1950-05-27,1.1504527716507564
1950-05-29,1.1558592632545046
1950-05-31,1.161406116146387
1950-06-01,1.1606210696940844
1950-06-02,1.1621873993375211
1950-06-05,1.1490245943111432
1950-06-06,1.1691012715124678
1950-06-07,1.1751402468041094
1950-06-08,1.1844805054039582
1950-06-09,1.195197993697003
1950-06-12,1.2040698627582798
1950-06-13,1.1943141183204407
1950-06-14,1.176637083122429
1950-06-15,1.1762232305219982
1950-06-16,1.1764281059048463
1950-06-19,1.1695446205459878
1950-06-20,1.1639587424575577
1950-06-21,1.1734431344268819
1950-06-22,1.185997799554025
1950-06-23,1.187004987493114
1950-06-26,1.1141802972628945
1950-06-27,1.1034521679892058
1950-06-28,1.1135994723945684
1950-06-29,1.0636237977618905
1950-06-30,1.0811985537718907
1950-07-03,1.0710603285645095
1950-07-05,1.0781277078385256
1950-07-06,1.0868325903498661
1950-07-07,1.0677569439400671
1950-07-10,1.0559548977633622
1950-07-11,1.0247501611876704
1950-07-12,0.9898283187908489
1950-07-13,0.9765111472334781
1950-07-14,0.9945263791798591
1950-07-17,0.9806252131216455
1950-07-18,1.012216859507443
1950-07-19,1.0305362192328607
1950-07-20,1.0465856900689987
1950-07-21,1.0461654784172931
1950-07-24,1.0347596091234557
1950-07-25,1.0132084098070508
1950-07-26,1.0180686520122806
1950-07-27,1.0314292119893838
1950-07-28,1.0435460009713537
1950-07-31,1.0522830725655261
1950-08-01,1.063197181587578
1950-08-02,1.065163213458824
1950-08-03,1.0691817366668153
1950-08-04,1.0762105210191606
1950-08-07,1.094773691011958
1950-08-08,1.1053624209393478
1950-08-09,1.1135638570835302
1950-08-10,1.116986582983506
1950-08-11,1.1046142634363378
1950-08-14,1.106296912401618
1950-08-15,1.10850746552409
1950-08-16,1.110778242984244
1950-08-17,1.1261886614704806
1950-08-18,1.1335633314534659
1950-08-21,1.1374159777598118
1950-08-22,1.1354811823810673
1950-08-23,1.143996088006257
1950-08-24,1.1419921962516415
1950-08-25,1.1249176662358962
1950-08-28,1.1268577202250194
1950-08-29,1.1298433715306664
1950-08-30,1.1268201695336078
1950-08-31,1.1249588153943715
1950-09-01,1.1338168723353146
1950-09-05,1.1380383782895969
1950-09-06,1.1288756158694695
1950-09-07,1.1298061694439694
1950-09-08,1.1381659034994984
1950-09-11,1.1265548220336763
1950-09-12,1.1390023609930215
1950-09-13,1.153778876783784
1950-09-14,1.1601225848135557
1950-09-15,1.1655724498736724
1950-09-18,1.1684843752876173
1950-09-19,1.1626410836042316
1950-09-20,1.1549666657966602
1950-09-21,1.1657072983985637
1950-09-22,1.1733710100935233
1950-09-25,1.1684421698749483
1950-09-26,1.1511480986564657
1950-09-27,1.169824111048338
1950-09-28,1.171283257594808
1950-09-29,1.1728625278971596
1950-10-02,1.1878444973380216
1950-10-03,1.1853479976417503
1950-10-04,1.2100901968706363
1950-10-05,1.2061787576379541
1950-10-06,1.2194456611500293
1950-10-07,1.2236206891379435
1950-10-09,1.2114445842471504
1950-10-10,1.1991778751107132
1950-10-11,1.2041817436265516
1950-10-13,1.2056550427841506
1950-10-14,1.196399832987297
1950-10-16,1.195080353312009
1950-10-17,1.206611912368178
1950-10-18,1.2157194241020663
1950-10-19,1.2138339747293585
1950-10-20,1.2109491178682144
1950-10-21,1.2165184930352364
1950-10-23,1.2152399086989976
1950-10-24,1.219978077283942
1950-10-25,1.217351880643543
1950-10-26,1.186824537274186
1950-10-27,1.196316111867257
1950-10-28,1.1987074954360495
1950-10-30,1.1849815259122174
1950-10-31,1.176626662244639
1950-11-01,1.1814790573575757
1950-11-02,1.194828357674119
1950-11-03,1.201518267787856
1950-11-04,1.197191313866498
1950-11-06,1.170492860948546
1950-11-08,1.190916134250341
1950-11-09,1.2085389907596384
1950-11-10,1.2191727522757867
1950-11-13,1.2249915092586103
1950-11-14,1.2285112354497663
1950-11-15,1.2238416495393551
1950-11-16,1.2191878386867756
1950-11-17,1.2305525345488209
1950-11-18,1.2373484104190706
1950-11-20,1.2363259919011385
1950-11-21,1.2353648487442805
1950-11-22,1.255034572078994
1950-11-24,1.2681787030517753
1950-11-25,1.2665280182941643
1950-11-27,1.2608598950992917
1950-11-28,1.2195625530556675
1950-11-29,1.207914575520664
1950-11-30,1.2204458266916556
1950-12-01,1.2312760495366635
1950-12-02,1.221639944624495
1950-12-04,1.1837379538919042
1950-12-05,1.205636009552721
1950-12-06,1.2175108070088039
1950-12-07,1.2148008229533627
1950-12-08,1.2139488959307312
1950-12-09,1.2188615468437947
1950-12-11,1.2344007406720408
1950-12-12,1.2328857693860509
1950-12-13,1.2309395220601678
1950-12-14,1.215456676090384
1950-12-15,1.2091052873994843
1950-12-16,1.2346455421846132
1950-12-18,1.2498291579046215
1950-12-19,1.2599808147756992
1950-12-20,1.2621193471211318
1950-12-21,1.2583634742688368
1950-12-22,1.2672966076895669
1950-12-26,1.2578498460916139
1950-12-27,1.2859614945366387
1950-12-28,1.2906848149631576
1950-12-29,1.2897790385501773
1950-12-30,1.2906788486500762
1951-01-02,1.3141007958560271
1951-01-03,1.306249304259066
1951-01-04,1.316175326293666
1951-01-05,1.3144937782239028
1951-01-06,1.3117657931838254
1951-01-08,1.3181598093508762
1951-01-09,1.3274837588942818
1951-01-10,1.306375323993882
1951-01-11,1.3330228069337877
1951-01-12,1.3279551404080592
1951-01-13,1.3301784972095072
1951-01-15,1.3395553362099117
1951-01-16,1.3512400716840685
1951-01-17,1.3621494869448525
1951-01-18,1.3560516316099935
1951-01-19,1.3533384153192365
1951-01-20,1.3547918626697273
1951-01-22,1.337787804918536
1951-01-23,1.340561542451158
1951-01-24,1.3365717879680674
1951-01-25,1.3268135995847476
1951-01-26,1.3429330320098054
1951-01-27,1.361760049111218
1951-01-29,1.3730274121048855
1951-01-30,1.3770075698217894
1951-01-31,1.3720478116170618
1951-02-01,1.3807587562531922
1951-02-02,1.3930456577394739
1951-02-03,1.4006711249832038
1951-02-05,1.408058072221003
1951-02-06,1.4004525212135943
1951-02-07,1.395409980195661
1951-02-08,1.406153578616855
1951-02-09,1.4127249983600072
1951-02-10,1.415407634956813
1951-02-13,1.416928703179643
1951-02-14,1.411294208801852
1951-02-15,1.4066712493213616
1951-02-16,1.4138447584899747
1951-02-17,1.4158937768569775
1951-02-19,1.3970617967329573
1951-02-20,1.3932175822928032
1951-02-21,1.3995216988877643
1951-02-23,1.402213298038295
1951-02-24,1.4061728580884258
1951-02-26,1.403393786193188
1951-02-27,1.3880598227949235
1951-02-28,1.3912511735519963
1951-03-01,1.3967103363884112
1951-03-02,1.4042854092524673
1951-03-03,1.4040383413930964
1951-03-05,1.3934710539349007
1951-03-06,1.3930154651782725
1951-03-07,1.4016497336631693
1951-03-08,1.4073591135227987
1951-03-09,1.4088706828036595
1951-03-10,1.4072142318302217
1951-03-12,1.3907495642454557
1951-03-13,1.364497543953278
1951-03-14,1.353238835809359
1951-03-15,1.3538466329420153
1951-03-16,1.3812596801698351
1951-03-17,1.3827781509678683
1951-03-19,1.3733048174264517
1951-03-20,1.370453881769249
1951-03-21,1.3816904786410398
1951-03-22,1.3852129306444367
1951-03-24,1.365471603381936
1951-03-26,1.3676201920956361
1951-03-27,1.3687804314019214
1951-03-28,1.3498212208737232
1951-03-29,1.3547464198000922
1951-03-30,1.3653130507744338
1951-03-31,1.3607042416151236
1951-04-02,1.3514844024792143
1951-04-03,1.3491173436975807
1951-04-04,1.3585253958063293
1951-04-05,1.3817201501365848
1951-04-06,1.3863130917853632
1951-04-07,1.3844752092712747
1951-04-09,1.3858937672875553
1951-04-10,1.383087073345463
1951-04-11,1.3789010069554404
1951-04-12,1.3979625080363918
1951-04-13,1.4185102220411832
1951-04-14,1.4254593417176962
1951-04-16,1.4150883505027503
1951-04-17,1.417668334085126
1951-04-18,1.4234448796498596
1951-04-19,1.4151525468592292
1951-04-20,1.4145505823548794
1951-04-21,1.4157515516994161
1951-04-23,1.4136983411687039
1951-04-24,1.4063466168583807
1951-04-25,1.4107745169287687
1951-04-26,1.4263625089273524
1951-04-27,1.442798001153976
1951-04-28,1.444345840868627
1951-04-30,1.4423947312528622
1951-05-01,1.4459266437020568
1951-05-02,1.4525404540044382
1951-05-03,1.4642689711499128
1951-05-04,1.462802035806082
1951-05-05,1.4581558878016898
1951-05-07,1.4524685880695802
1951-05-08,1.4552275844471152
1951-05-09,1.4582443704432169
1951-05-10,1.4512065858472718
1951-05-11,1.4422797994035026
1951-05-12,1.4324696122782972
1951-05-14,1.4305710138955965
1951-05-15,1.4024955047823933
1951-05-16,1.3966381094204539
1951-05-17,1.4122787366767082
1951-05-18,1.384950389835692
1951-05-19,1.3861258661560065
1951-05-21,1.3795756288556724
1951-05-22,1.3746416001249357
1951-05-23,1.364502052073656
1951-05-24,1.358600349731206
1951-05-25,1.3584641997685918
1951-05-26,1.3606694587603707
1951-05-28,1.367266786033095
1951-05-29,1.3806303762000913
1951-05-31,1.3900519223729464
1951-06-01,1.3879304820417893
1951-06-04,1.3722805178939308
1951-06-05,1.3750242635515442
1951-06-06,1.3888073921757407
1951-06-07,1.400958321206621
1951-06-08,1.3993439071754137
1951-06-11,1.4126714910945006
1951-06-12,1.4088540508255791
1951-06-13,1.4110357938033116
1951-06-14,1.428531033034404
1951-06-15,1.4405259270407906
1951-06-18,1.44041499504745
1951-06-19,1.4385407831228516
1951-06-20,1.430772089839953
1951-06-21,1.4206127867143106
1951-06-22,1.4087500314743011
1951-06-25,1.3828619835698195
1951-06-26,1.3906052492355787
1951-06-27,1.4021446584186568
1951-06-28,1.3831783198624603
1951-06-29,1.3707622274740696
1951-07-02,1.3777524370968515
1951-07-03,1.3881195753361317
1951-07-05,1.405395216217106
1951-07-06,1.4045127875151868
1951-07-09,1.4057399603454088
1951-07-10,1.40278518214344
1951-07-11,1.409831917202015
1951-07-12,1.4186397407646272
1951-07-13,1.4301988475479903
1951-07-16,1.4220448804010235
1951-07-17,1.4292597457317042
1951-07-18,1.4305069499111116
1951-07-19,1.4348320293055716
1951-07-20,1.4415391324814897
1951-07-23,1.4574642411762961
1951-07-24,1.4762247129963115
1951-07-25,1.4731931707827697
1951-07-26,1.480520266907447
1951-07-27,1.4885481457051424
1951-07-30,1.511357120837493
1951-07-31,1.5060642651813652
1951-08-01,1.5170151358426898
1951-08-02,1.529110504146821
1951-08-03,1.5263160729392475
1951-08-06,1.5363475319630684
1951-08-07,1.5321586446284927
1951-08-08,1.5282117845746142
1951-08-09,1.5221723530443472
1951-08-10,1.5182890034237677
1951-08-13,1.5219321722657047
1951-08-14,1.5196093686362082
1951-08-15,1.5244713743006058
1951-08-16,1.527404002402099
1951-08-17,1.5312974879826482
1951-08-20,1.5305689385011079
1951-08-21,1.5250969447454523
1951-08-22,1.5179272943503999
1951-08-23,1.5268440433660848
1951-08-24,1.5293985707334437
1951-08-27,1.526988834267282
1951-08-28,1.5243531181772967
1951-08-29,1.5362405140817015
1951-08-30,1.5450724789057455
1951-08-31,1.5462294576127757
1951-09-04,1.5455708329405617
1951-09-05,1.5571990145898358
1951-09-06,1.5630349621482698
1951-09-07,1.5688548252009717
1951-09-10,1.5742661098052657
1951-09-11,1.5677701528865593
1951-09-12,1.5818388449527143
1951-09-13,1.5851187058352962
1951-09-14,1.5845219737524183
1951-09-17,1.5750918522016306
1951-09-18,1.575011156669385
1951-09-19,1.5720179083767394
1951-09-20,1.5675363616575055
1951-09-21,1.5520554225055163
1951-09-24,1.541615261288043
1951-09-25,1.5454303895348709
1951-09-26,1.5483269227893424
1951-09-27,1.5371784415288943
1951-09-28,1.5369850557174225
1951-10-01,1.5484722961162025
1951-10-02,1.5587281208398507
1951-10-03,1.5710785245024326
1951-10-04,1.5702125813453205
1951-10-05,1.5685625437397595
1951-10-06,1.5697374335433634
1951-10-08,1.5656165794471482
1951-10-09,1.5545387705885756
1951-10-10,1.5502243107497686
1951-10-11,1.5564236374817342
1951-10-13,1.5605461006327022
1951-10-15,1.5647964818621027
1951-10-16,1.5602181587447732
1951-10-17,1.5569004115075729
1951-10-18,1.5520341450757418
1951-10-19,1.5298776490984465
1951-10-20,1.5100251696097653
1951-10-22,1.476689774380869
1951-10-23,1.4889087161618129
1951-10-24,1.4983609273795233
1951-10-25,1.4868186357447397
1951-10-26,1.4710192235123254
1951-10-27,1.4449063960181976
1951-10-29,1.4578697995933918
1951-10-30,1.457936959763187
1951-10-31,1.4766342445345488
1951-11-01,1.4880027580502337
1951-11-02,1.4750907843536207
1951-11-03,1.4579789407332358
1951-11-05,1.4599098027507962
1951-11-07,1.4462223630067503
1951-11-08,1.4518953690102767
1951-11-09,1.467864116261298
1951-11-10,1.473146314255685
1951-11-13,1.4734766343273757
1951-11-14,1.4762012470416261
1951-11-15,1.4754247502764144
1951-11-16,1.4726936120910985
1951-11-17,1.4728397747742923
1951-11-19,1.4647016759685187
1951-11-20,1.463272681403785
1951-11-21,1.4642957538959842
1951-11-23,1.4458066360869057
1951-11-24,1.437345228110232
1951-11-26,1.4484770481883096
1951-11-27,1.4551379499215928
1951-11-28,1.455025773006057
1951-11-29,1.4614261965045472
1951-11-30,1.475855943454463
1951-12-01,1.4807237479556972
1951-12-03,1.48490575652777
1951-12-04,1.4893595919807037
1951-12-05,1.4927094604659297
1951-12-06,1.5031948445330148
1951-12-07,1.5108590096591747
1951-12-08,1.513990841191533
1951-12-10,1.514859666338534
1951-12-11,1.5084204386238937
1951-12-12,1.5130950224289788
1951-12-13,1.515628436703318
1951-12-14,1.517558533611946
1951-12-15,1.518391617478489
1951-12-17,1.5229838768865083
1951-12-18,1.5222210759908537
1951-12-19,1.5245414716834145
1951-12-20,1.5279689345384995
1951-12-21,1.5248357996798385
1951-12-22,1.525633491139954
1951-12-24,1.5248317905913027
1951-12-26,1.513164764620521
1951-12-27,1.5249276613917355
1951-12-28,1.534074620521008
1951-12-29,1.5360298022274974
1951-12-31,1.5475098283076654
1952-01-02,1.5487077457127767
1952-01-03,1.549015571837233
1952-01-04,1.556720562447811
1952-01-05,1.5574953775873293
1952-01-07,1.5575729020773665
1952-01-08,1.5497839527716932
1952-01-09,1.5441235556132242
1952-01-10,1.5552783068373317
1952-01-11,1.5608374388873336
1952-01-12,1.570588241980342
1952-01-14,1.5753363555669733
1952-01-15,1.5691118801498873
1952-01-16,1.5756212564097758
1952-01-17,1.5817252139806848
1952-01-18,1.5819613204180596
1952-01-19,1.5872998447260775
1952-01-21,1.5926158409105133
1952-01-22,1.6016115264783883
1952-01-23,1.5986437562827855
1952-01-24,1.602758036003637
1952-01-25,1.6057613554260652
1952-01-26,1.60664282030649
1952-01-28,1.6109394225608917
1952-01-29,1.6112605860065012
1952-01-30,1.5982083765787254
1952-01-31,1.5840999155728475
1952-02-01,1.5976409576713413
1952-02-02,1.6034297431621054
1952-02-04,1.583625068282455
1952-02-05,1.5823115683936326
1952-02-06,1.588638648356891
1952-02-07,1.5902664089972276
1952-02-08,1.5989715701673841
1952-02-09,1.5994502475404415
1952-02-11,1.5970908189335082
1952-02-13,1.5874663396101156
1952-02-14,1.5840113891804686
1952-02-15,1.5876938775398801
1952-02-16,1.5863827045761063
1952-02-18,1.5772197462020074
1952-02-19,1.552850070919799
1952-02-20,1.535879879939259
1952-02-21,1.5421750871581508
1952-02-23,1.5526601381386236
1952-02-25,1.5506005532606204
1952-02-26,1.5408287033088683
1952-02-27,1.5441388821861357
1952-02-28,1.5551779233507539
1952-02-29,1.5552903149988384
1952-03-01,1.55661076499911
1952-03-03,1.56166922336944
1952-03-04,1.579119499685904
1952-03-05,1.5844067883495734
1952-03-06,1.5865441760308974
1952-03-07,1.5905086701406401
1952-03-08,1.5966307349514919
1952-03-10,1.5925164759472994
1952-03-11,1.5979287690609585
1952-03-12,1.5960078347411975
1952-03-13,1.5993560885040783
1952-03-14,1.6057904922070625
1952-03-15,1.609481055128562
1952-03-17,1.6126565220701135
1952-03-18,1.6078568831135664
1952-03-19,1.6026686713420015
1952-03-20,1.6041090313454778
1952-03-21,1.606473567387676
1952-03-22,1.6066317481824883
1952-03-24,1.6044218273976358
1952-03-25,1.5978828984032587
1952-03-26,1.5953247039351461
1952-03-27,1.603739158277828
1952-03-28,1.6110311132968236
1952-03-29,1.612720608922328
1952-03-31,1.6144919606302428
1952-04-01,1.6037173393638702
1952-04-02,1.6021904013701558
1952-04-03,1.608116433433849
1952-04-04,1.5984248644260306
1952-04-05,1.595265908961468
1952-04-07,1.584137480859124
1952-04-08,1.5927692858247833
1952-04-09,1.5926475907044244
1952-04-10,1.5999715194897914
1952-04-12,1.6037696957779077
1952-04-14,1.592020047811036
1952-04-15,1.5761365715296227
1952-04-16,1.5715631761045372
1952-04-17,1.5582408182181584
1952-04-18,1.562639844280685
1952-04-19,1.5638888352766878
1952-04-21,1.5782369633987743
1952-04-22,1.5709749815590368
1952-04-23,1.5619405808580626
1952-04-24,1.556901756577506
1952-04-25,1.5660868190203874
1952-04-26,1.5701163178089128
1952-04-28,1.5697213820779259
1952-04-29,1.5651283815140205
1952-04-30,1.5533496804339122
1952-05-01,1.5427848331996072
1952-05-02,1.5651539131873136
1952-05-03,1.5687881022868513
1952-05-05,1.5754143950223092
1952-05-06,1.5788786754948452
1952-05-07,1.5897716296721893
1952-05-08,1.5972419700335492
1952-05-09,1.5987177480532129
1952-05-10,1.5978760765204152
1952-05-12,1.596596308014479
1952-05-13,1.5972336277638348
1952-05-14,1.5917624263599164
1952-05-15,1.585434067039397
1952-05-16,1.587651871532309
1952-05-17,1.5865788202021873
1952-05-19,1.5891169288894456
1952-05-20,1.5963463351026914
1952-05-21,1.600137000581432
1952-05-22,1.605256498129076
1952-05-23,1.6055352174441297
1952-05-24,1.6059352464765686
1952-05-26,1.61051091409406
1952-05-27,1.6059200372085651
1952-05-28,1.604312749606798
1952-05-29,1.6045529146713722
1952-06-02,1.6035894814570841
1952-06-03,1.6008622180158634
1952-06-04,1.6078244386285017
1952-06-05,1.6153803489832579
1952-06-06,1.624344012335766
1952-06-09,1.6281987933365916
1952-06-10,1.62396286403413
1952-06-11,1.6292390690172338
1952-06-12,1.6292770594909316
1952-06-13,1.6330643325549004
1952-06-16,1.6312669344397763
1952-06-17,1.6332639283834198
1952-06-18,1.6371008825101638
1952-06-19,1.6467994319606938
1952-06-20,1.6502947075321692
1952-06-23,1.6491792466327033
1952-06-24,1.6495478669163894
1952-06-25,1.6535879986121547
1952-06-26,1.655983471093232
1952-06-27,1.6595016074194842
1952-06-30,1.6624883474145926
1952-07-01,1.669717671645733
1952-07-02,1.667460481342232
1952-07-03,1.6692931416867727
1952-07-07,1.6640326243117638
1952-07-08,1.6640302455722447
1952-07-09,1.6608259908533258
1952-07-10,1.6565475174612647
1952-07-11,1.6658217514398737
1952-07-14,1.6686102191047378
1952-07-15,1.6767852060034372
1952-07-16,1.675272723425805
1952-07-17,1.6694495633046404
1952-07-18,1.6564680242053813
1952-07-21,1.6604393429086475
1952-07-22,1.662844989317022
1952-07-23,1.670989363188823
1952-07-24,1.6766276175267611
1952-07-25,1.6739010018807292
1952-07-28,1.6757829865310363
1952-07-29,1.680516339067967
1952-07-30,1.6854306833852732
1952-07-31,1.6875770940364507
1952-08-01,1.6886304067514026
1952-08-04,1.6861393188205636
1952-08-05,1.6872336830149266
1952-08-06,1.6927995664190874
1952-08-07,1.6963526701949345
1952-08-08,1.6992774795837773
1952-08-11,1.703989583103942
1952-08-12,1.6932084191719885
1952-08-13,1.6939262960764925
1952-08-14,1.6921026402321635
1952-08-15,1.688167762225083
1952-08-18,1.669849112592046
1952-08-19,1.6683853591676443
1952-08-20,1.6732213949454275
1952-08-21,1.6765664585664422
1952-08-22,1.6779483699444409
1952-08-25,1.6731236205796327
1952-08-26,1.6716994851111597
1952-08-27,1.680098303685903
1952-08-28,1.6842134762114618
1952-08-29,1.6873280928986605
1952-09-02,1.6932318821060584
1952-09-03,1.6997922663702891
1952-09-04,1.7010232390158044
1952-09-05,1.6987256057397055
1952-09-08,1.6940093309727806
1952-09-09,1.676898438928066
1952-09-10,1.666918030537872
1952-09-11,1.668833244493102
1952-09-12,1.6699589146134417
1952-09-15,1.6540083792892013
1952-09-16,1.6593801369082917
1952-09-17,1.6619489458122576
1952-09-18,1.6622804845827115
1952-09-19,1.6696764853520563
1952-09-22,1.678482524869209
1952-09-23,1.6877937586206218
1952-09-24,1.6939107054595381
1952-09-25,1.6953496215996227
1952-09-26,1.6936538700767494
1952-09-29,1.6933558279732661
1952-09-30,1.6834060365685901
1952-10-01,1.6817208331420606
1952-10-02,1.6851675595937745
1952-10-03,1.6834813420102348
1952-10-06,1.679944559767812
1952-10-07,1.6812870833129723
1952-10-08,1.6907854261445463
1952-10-09,1.6883299259255597
1952-10-10,1.6884979979903654
1952-10-14,1.6840654381610456
1952-10-15,1.6542553444435015
1952-10-16,1.6449048665588746
1952-10-17,1.660364801562773
1952-10-20,1.656542352056411
1952-10-21,1.6532693966725736
1952-10-22,1.635577017359666
1952-10-23,1.6401951184244001
1952-10-24,1.648353414607365
1952-10-27,1.647486041374221
1952-10-28,1.6508606830502686
1952-10-29,1.654904754979847
1952-10-30,1.6562267374713489
1952-10-31,1.674319341595595
1952-11-03,1.6795492843444908
1952-11-05,1.6914728406873747
1952-11-06,1.703395863686471
1952-11-07,1.7133125727569611
1952-11-10,1.7178509937288315
1952-11-12,1.7200404603293096
1952-11-13,1.7267468289041585
1952-11-14,1.7325273320040693
1952-11-17,1.7377671880036971
1952-11-18,1.7601405786150266
1952-11-19,1.7673982575471783
1952-11-20,1.766778315524775
1952-11-21,1.7682343156655769
1952-11-24,1.7778257211705022
1952-11-25,1.7788908021224323
1952-11-26,1.7884477823650642
1952-11-28,1.7961799828281193
1952-12-01,1.802824345399987
1952-12-02,1.8049855316554406
1952-12-03,1.8062467664224486
1952-12-04,1.8029491949757583
1952-12-05,1.8032639207141414
1952-12-08,1.8137674116852598
1952-12-09,1.8255982282933034
1952-12-10,1.8306602279218267
1952-12-11,1.8318478964286862
1952-12-12,1.8368394065994778
1952-12-15,1.838996111077195
1952-12-16,1.8411093245366401
1952-12-17,1.8391291905412628
1952-12-18,1.83719665654071
1952-12-19,1.8402272941590816
1952-12-22,1.842802186194751
1952-12-23,1.8369942644816577
1952-12-24,1.8365346935063205
1952-12-26,1.840757480478541
1952-12-29,1.848162887584603
1952-12-30,1.8551369886718956
1952-12-31,1.860932472587105
1953-01-02,1.8597657861264407
1953-01-05,1.8678060842087758
1953-01-06,1.8572488883564144
1953-01-07,1.8568293733975345
1953-01-08,1.855944850147774
1953-01-09,1.837520116415331
1953-01-12,1.8229088165484115
1953-01-13,1.8347080361871866
1953-01-14,1.8412640874370103
1953-01-15,1.8460479940285743
1953-01-16,1.8361685696488195
1953-01-19,1.834192659969994
1953-01-20,1.8486823424490966
1953-01-21,1.8454891082677087
1953-01-22,1.847517748255203
1953-01-23,1.8437293932333934
1953-01-26,1.8366291946655817
1953-01-27,1.8415400980193555
1953-01-28,1.8462343450734557
1953-01-29,1.850294630300517
1953-01-30,1.855378960217218
1953-02-02,1.858207625558799
1953-02-03,1.8610850716114875
1953-02-04,1.8619210261848496
1953-02-05,1.8457681694307064
1953-02-06,1.8262012997872665
1953-02-09,1.8184827044959695
1953-02-10,1.8122982935598964
1953-02-11,1.8105273513835358
1953-02-13,1.8171334798432046
1953-02-16,1.816814508497313
1953-02-17,1.805410995430367
1953-02-18,1.8073475154191818
1953-02-19,1.816201046324756
1953-02-20,1.8201947414563646
1953-02-24,1.8327029602006153
1953-02-25,1.8437875406500268
1953-02-26,1.8460895684647307
1953-02-27,1.851026933701893
1953-03-02,1.8532897977160387
1953-03-03,1.860284027404579
1953-03-04,1.8458642402040744
1953-03-05,1.8479381603113372
1953-03-06,1.852417490624645
1953-03-09,1.8561673630143174
1953-03-10,1.8656321641617963
1953-03-11,1.8800425359384219
1953-03-12,1.8795236358095784
1953-03-13,1.8874156291471098
1953-03-16,1.892699921712647
1953-03-17,1.9008369201746236
1953-03-18,1.8983640364524774
1953-03-19,1.899834555215127
1953-03-20,1.8975534975923658
1953-03-23,1.8853607253662288
1953-03-24,1.8948787217739145
1953-03-25,1.8894774805867185
1953-03-26,1.8762010326161067
1953-03-27,1.8779793219061631
1953-03-30,1.848209610574043
1953-03-31,1.8215896542904844
1953-04-01,1.8212672727342947
1953-04-02,1.8229011145307108
1953-04-06,1.779970326127224
1953-04-07,1.7852592930097997
1953-04-08,1.805829522565205
1953-04-09,1.79941594813851
1953-04-10,1.7961759178861738
1953-04-13,1.7933904079128329
1953-04-14,1.8003380376872071
1953-04-15,1.8078516351257166
1953-04-16,1.8002112882836172
1953-04-17,1.7851772606746386
1953-04-20,1.7826308439064396
1953-04-21,1.7832082569222554
1953-04-22,1.7726408984052413
1953-04-23,1.7527425414832924
1953-04-24,1.7498054810773185
1953-04-27,1.7591644954616787
1953-04-28,1.7664172714103366
1953-04-29,1.777675371044657
1953-04-30,1.7758065951768822
1953-05-01,1.7830862866161
1953-05-04,1.8003358534527085
1953-05-05,1.8047441850309545
1953-05-06,1.8064568674375026
1953-05-07,1.7990942750637184
1953-05-08,1.8048952554051998
1953-05-11,1.8033592182307319
1953-05-12,1.7933490713607174
1953-05-13,1.7915538306572905
1953-05-14,1.7984950665806587
1953-05-15,1.8029442540356833
1953-05-18,1.7981657118501104
1953-05-19,1.793757305732418
1953-05-20,1.8111112495248685
1953-05-21,1.816767890771963
1953-05-22,1.8172667999445102
1953-05-25,1.813629638251786
1953-05-26,1.809367200780495
1953-05-27,1.7943929785036612
1953-05-28,1.7798116848056735
1953-05-29,1.78528264833556
1953-06-01,1.754261066908459
1953-06-02,1.7561436582563126
1953-06-03,1.7549114432834065
1953-06-04,1.7384576697772405
1953-06-05,1.7432788321934252
1953-06-08,1.7395708301006896
1953-06-09,1.696820218032674
1953-06-10,1.6924893573570918
1953-06-11,1.7055584941297248
1953-06-12,1.7108024392554546
1953-06-15,1.6976264468165363
1953-06-16,1.691682282275561
1953-06-17,1.7148996750916727
1953-06-18,1.714339235812613
1953-06-19,1.7150226340257329
1953-06-22,1.721495295741511
1953-06-23,1.7282899614105665
1953-06-24,1.7274678628032023
1953-06-25,1.736838517986931
1953-06-26,1.735446350164673
1953-06-29,1.7350542251131067
1953-06-30,1.7326241743769673
1953-07-01,1.7368684513651425
1953-07-02,1.7414257115879208
1953-07-03,1.7417286479158554
1953-07-06,1.7444260381585486
1953-07-07,1.7522750149395414
1953-07-08,1.751221732214286
1953-07-09,1.7478482693648136
1953-07-10,1.7458368772882753
1953-07-13,1.7275478739873442
1953-07-14,1.7235690924621767
1953-07-15,1.7285211051483966
1953-07-16,1.7322793754532866
1953-07-17,1.741718896835158
1953-07-20,1.7313966724004133
1953-07-21,1.7281454142472836
1953-07-22,1.729353514140061
1953-07-23,1.732249315973193
1953-07-24,1.732551454241353
1953-07-27,1.7283054719753963
1953-07-28,1.7299465817855089
1953-07-29,1.7377735917960573
1953-07-30,1.7456788867422177
1953-07-31,1.7543618491258843
1953-08-03,1.760938964788108
1953-08-04,1.7612891346634312
1953-08-05,1.7639740865109266
1953-08-06,1.7688241542596455
1953-08-07,1.770017227981816
1953-08-10,1.7713879845356015
1953-08-11,1.7727593266861796
1953-08-12,1.781267036299875
1953-08-13,1.781308642852288
1953-08-14,1.7809516019765297
1953-08-17,1.7813959935442585
1953-08-18,1.7742680814222058
1953-08-19,1.7634862157985245
1953-08-20,1.7658205920570407
1953-08-21,1.7674534245061941
1953-08-24,1.7570245057731924
1953-08-25,1.7497737874119301
1953-08-26,1.7465350179006196
1953-08-27,1.739546285454168
1953-08-28,1.7368923438540307
1953-08-31,1.7115757023071616
1953-09-01,1.717603548847
1953-09-02,1.7270046425035142
1953-09-03,1.7267438529972112
1953-09-04,1.7339088428394196
1953-09-08,1.739456701535842
1953-09-09,1.740108217247633
1953-09-10,1.73136392466566
1953-09-11,1.7133993664699447
1953-09-14,1.688636831697754
1953-09-15,1.6916717864121291
1953-09-16,1.7041025121636066
1953-09-17,1.7071244131812169
1953-09-18,1.7012343775589844
1953-09-21,1.6982973198023832
1953-09-22,1.7146426371125663
1953-09-23,1.7222266151106955
1953-09-24,1.7245504406351517
1953-09-25,1.7295942972674865
1953-09-28,1.737979417934686
1953-09-29,1.7412793477494637
1953-09-30,1.742714642138366
1953-10-01,1.7537787116011303
1953-10-02,1.7587729831129826
1953-10-05,1.7560448274979175
1953-10-06,1.748667425130729
1953-10-07,1.7599439882585248
1953-10-08,1.7640331193894372
1953-10-09,1.768662989474887
1953-10-13,1.7667155439114488
1953-10-14,1.7705556687083839
1953-10-15,1.7872408598043747
1953-10-16,1.7889318822854086
1953-10-19,1.7920622445251573
1953-10-20,1.7974377808255593
1953-10-21,1.7951899559866065
1953-10-22,1.8008885574141285
1953-10-23,1.7995804690385282
1953-10-26,1.7953502646529935
1953-10-27,1.7899632270597385
1953-10-28,1.7908125165865074
1953-10-29,1.8039741546411083
1953-10-30,1.8030234660935025
1953-11-02,1.8092428901309738
1953-11-04,1.816975275878083
1953-11-05,1.8280566179749067
1953-11-06,1.8269573779592814
1953-11-09,1.8254029116627062
1953-11-10,1.813535614640165
1953-11-12,1.81688951254118
1953-11-13,1.8197031711063036
1953-11-16,1.809602598914454
1953-11-17,1.800506765809841
1953-11-18,1.8034755854716737
1953-11-19,1.8131689047070907
1953-11-20,1.816927649634812
1953-11-23,1.8178792112756816
1953-11-24,1.835329625276902
1953-11-25,1.8401882363716096
1953-11-27,1.857393533260456
1953-11-30,1.8643519709600125
1953-12-01,1.8655149606846977
1953-12-02,1.877033835566914
1953-12-03,1.881533515858362
1953-12-04,1.877110414001991
1953-12-07,1.8710070389163576
1953-12-08,1.8649705152929974
1953-12-09,1.8669725256604872
1953-12-10,1.8658982941987925
1953-12-11,1.8668306012534488
1953-12-14,1.8633277330773441
1953-12-15,1.8666793618841215
1953-12-16,1.8833837451702582
1953-12-17,1.8809278426940548
1953-12-18,1.8860525684493126
1953-12-21,1.8880779801795897
1953-12-22,1.8727365866080645
1953-12-23,1.8725928038775594
1953-12-24,1.8783034722916299
1953-12-28,1.8735124442699926
1953-12-29,1.8637670731204448
1953-12-30,1.871778261030204
1953-12-31,1.876595567491945
1954-01-04,1.881800891289952
1954-01-05,1.8874438706015484
1954-01-06,1.8877261402458034
1954-01-07,1.8816835822288909
1954-01-08,1.8785761187495973
1954-01-11,1.871859013841967
1954-01-12,1.880748716190562
1954-01-13,1.8864359392542973
1954-01-14,1.8933201326997338
1954-01-15,1.9089851456706362
1954-01-18,1.9098891433220786
1954-01-19,1.9191493002398143
1954-01-20,1.9213048059378832
1954-01-21,1.917172492527179
1954-01-22,1.9168826594605584
1954-01-25,1.9242595860021416
1954-01-26,1.9396989198021475
1954-01-27,1.9361541313970632
1954-01-28,1.9395896512426816
1954-01-29,1.938860454371471
1954-02-01,1.9393441266959894
1954-02-02,1.9393422605438055
1954-02-03,1.947583393979661
1954-02-04,1.9547862651161971
1954-02-05,1.9573748455428857
1954-02-08,1.9577162008452071
1954-02-09,1.9625108027943017
1954-02-10,1.959809760035587
1954-02-11,1.967892078589812
1954-02-12,1.9734957189490254
1954-02-15,1.9709747704324962
1954-02-16,1.9555499715188651
1954-02-17,1.9559367075425742
1954-02-18,1.9701629954544382
1954-02-19,1.9659211800445286
1954-02-23,1.9600202246037568
1954-02-24,1.9578132735681413
1954-02-25,1.9669646479314067
1954-02-26,1.9829437932184644
1954-03-01,1.9988492587983802
1954-03-02,2.0058886481167306
1954-03-03,2.012204753595042
1954-03-04,2.0209543438851485
1954-03-05,2.0206491133878983
1954-03-08,2.0160979647408865
1954-03-09,2.0198763264349653
1954-03-10,2.0241173848591214
1954-03-11,2.0338823812465234
1954-03-12,2.035303491039784
1954-03-15,2.026958341618347
1954-03-16,2.0256894586238157
1954-03-17,2.0260428645994
1954-03-18,2.0351585059520723
1954-03-19,2.037852910092197
1954-03-22,2.0385633974638964
1954-03-23,2.025106677505266
1954-03-24,2.0194332787071065
1954-03-25,2.020088443065251
1954-03-26,2.0362969435547646
1954-03-29,2.050395159785833
1954-03-30,2.0578739544834392
1954-03-31,2.07443601606004
1954-04-01,2.0867761674538996
1954-04-02,2.0871911625475903
1954-04-05,2.0872421945723665
1954-04-06,2.0665764561508517
1954-04-07,2.0793341005549952
1954-04-08,2.0963829603424244
1954-04-09,2.1021449901599984
1954-04-12,2.1017220460091632
1954-04-13,2.1051894136226013
1954-04-14,2.125133059986252
1954-04-15,2.135063694796097
1954-04-19,2.128069176833939
1954-04-20,2.1285439615634054
1954-04-21,2.1311497633288
1954-04-22,2.139086026196636
1954-04-23,2.145446186754837
1954-04-26,2.1474291974595103
1954-04-27,2.1430245327724706
1954-04-28,2.1505723100735494
1954-04-29,2.187182289203875
1954-04-30,2.194723226115342
1954-05-03,2.187972053697955
1954-05-04,2.1826646615212195
1954-05-05,2.1784575317056993
1954-05-06,2.1917442148972377
1954-05-07,2.2011119524242435
1954-05-10,2.199019390678122
1954-05-11,2.1908250556061875
1954-05-12,2.211964935473996
1954-05-13,2.2074289042528177
1954-05-14,2.215430584282782
1954-05-17,2.221462417197767
1954-05-18,2.2257368039951184
1954-05-19,2.22184003210927
1954-05-20,2.2288913041087732
1954-05-21,2.246831219436072
1954-05-24,2.2471067512016276
1954-05-25,2.2391279130616644
1954-05-26,2.2493136877366307
1954-05-27,2.2455428739579215
1954-05-28,2.2525583621631444
1954-06-01,2.2564973306298106
1954-06-02,2.249838866776196
1954-06-03,2.2516922173537934
1954-06-04,2.2444283514692107
1954-06-07,2.2415641472893073
1954-06-08,2.187092851952009
1954-06-09,2.1783408525747627
1954-06-10,2.1918986036078167
1954-06-11,2.208884198810607
1954-06-14,2.2141831040144475
1954-06-15,2.2387023902099656
1954-06-16,2.264162297406782
1954-06-17,2.262344075101751
1954-06-18,2.2622840071467407
1954-06-21,2.273536852266103
1954-06-22,2.285069111585306
1954-06-23,2.2922032674455375
1954-06-24,2.3124816016274496
1954-06-25,2.326522780154111
1954-06-28,2.3650818098052273
1954-06-29,2.3597390054024383
1954-06-30,2.3401438485717976
1954-07-01,2.3427683601756057
1954-07-02,2.3662535789133052
1954-07-06,2.393400903345291
1954-07-07,2.3881303746296756
1954-07-08,2.3795279780048246
1954-07-09,2.3909444931948474
1954-07-12,2.3907040306567495
1954-07-13,2.3801221898670915
1954-07-14,2.3875524275372313
1954-07-15,2.3935188927154076
1954-07-16,2.3848988941648592
1954-07-19,2.380839189789988
1954-07-20,2.3759541854428603
1954-07-21,2.3842672178197226
1954-07-22,2.4033385414854567
1954-07-23,2.4046532209559595
1954-07-26,2.3991825630592323
1954-07-27,2.407997115931752
1954-07-28,2.4039018292942176
1954-07-29,2.415617100123708
1954-07-30,2.422678756902969
1954-08-02,2.432609041418495
1954-08-03,2.4460454304772323
1954-08-04,2.4481784312445387
1954-08-05,2.4444425015645264
1954-08-06,2.4078352568994914
1954-08-09,2.4031968651390834
1954-08-10,2.4201973308901668
1954-08-11,2.439191747298109
1954-08-12,2.4351037151837205
1954-08-13,2.438022008571863
1954-08-16,2.446307679416646
1954-08-17,2.437315737627233
1954-08-18,2.44029952058
1954-08-19,2.456827488814542
1954-08-20,2.462105724480426
1954-08-23,2.4355731024279668
1954-08-24,2.4254649517209748
1954-08-25,2.4106064378421626
1954-08-26,2.399454757576106
1954-08-27,2.4087515406618576
1954-08-30,2.376410544752752
1954-08-31,2.339631530425856
1954-09-01,2.3660662124411647
1954-09-02,2.382860452257962
1954-09-03,2.399716330596126
1954-09-07,2.418792799467408
1954-09-08,2.41927307774454
1954-09-09,2.4175768673569307
1954-09-10,2.4207779159159806
1954-09-13,2.440323153867484
1954-09-14,2.451544050143338
1954-09-15,2.451049593621424
1954-09-16,2.458890677390045
1954-09-17,2.472102779181947
1954-09-20,2.466291528483806
1954-09-21,2.4847828619393857
1954-09-22,2.4934138319719334
1954-09-23,2.50388189701002
1954-09-24,2.517519905603083
1954-09-27,2.528907061488913
1954-09-28,2.5385101167900643
1954-09-29,2.5332936155632955
1954-09-30,2.5168880803932785
1954-10-01,2.513987696898004
1954-10-04,2.5286931008965543
1954-10-05,2.5324843151738854
1954-10-06,2.5459016520669575
1954-10-07,2.5371780270096873
1954-10-08,2.5371727124481827
1954-10-11,2.520488785471194
1954-10-12,2.5150667914628535
1954-10-13,2.5155047223403035
1954-10-14,2.4829894343425805
1954-10-15,2.4768389855737603
1954-10-18,2.485442543935948
1954-10-19,2.4975564163149517
1954-10-20,2.52502655296848
1954-10-21,2.53209205651922
1954-10-22,2.541140167791735
1954-10-25,2.5321772081314666
1954-10-26,2.5226152804311464
1954-10-27,2.522231539723386
1954-10-28,2.517874174323678
1954-10-29,2.497917613089648
1954-11-01,2.5124656564162864
1954-11-03,2.5745827702264448
1954-11-04,2.614485151466109
1954-11-05,2.601995475953907
1954-11-08,2.6288550368710855
1954-11-09,2.638905934436262
1954-11-10,2.642070170502742
1954-11-11,2.6619466968894283
1954-11-12,2.678381210450449
1954-11-15,2.68172307349784
1954-11-16,2.7094753217309626
1954-11-17,2.716234761389025
1954-11-18,2.699321286014027
1954-11-19,2.7051195527688927
1954-11-22,2.7229714058609673
1954-11-23,2.7536696941110983
1954-11-24,2.7501512696390362
1954-11-26,2.7628000463386075
1954-11-29,2.7659749260766704
1954-11-30,2.753594781652562
1954-12-01,2.7430572702423337
1954-12-02,2.757453044323233
1954-12-03,2.7752376501984704
1954-12-06,2.7952160285130128
1954-12-07,2.800800342843457
1954-12-08,2.7956178159446523
1954-12-09,2.782547849652958
1954-12-10,2.7753103323320265
1954-12-13,2.7747491498909915
1954-12-14,2.75886171043156
1954-12-15,2.7753428735840897
1954-12-16,2.8057287467425707
1954-12-17,2.8264168724346033
1954-12-20,2.858420545859673
1954-12-21,2.8609083857604607
1954-12-22,2.8554699851622294
1954-12-23,2.855465299642387
1954-12-27,2.8293294476902875
1954-12-28,2.8610820655629006
1954-12-29,2.8933379403938844
1954-12-30,2.8916690347393685
1954-12-31,2.9140771007068245
1955-01-03,2.9724997746268644
1955-01-04,2.952482035220719
1955-01-05,2.8670619002796442
1955-01-06,2.83265303716814
1955-01-07,2.8775457821812735
1955-01-10,2.9329308513800694
1955-01-11,2.9235376206019557
1955-01-12,2.9095729852213976
1955-01-13,2.8905843546161143
1955-01-14,2.8754069416419195
1955-01-17,2.8030165994176244
1955-01-18,2.8302711089972763
1955-01-19,2.85170958302607
1955-01-20,2.8598336557714483
1955-01-21,2.879560693445562
1955-01-24,2.883582153730478
1955-01-25,2.884084693088871
1955-01-26,2.91371671510194
1955-01-27,2.9120306990507183
1955-01-28,2.9281882027968518
1955-01-31,2.947874295305624
1955-02-01,2.953543489086162
1955-02-02,2.949034883413127
1955-02-03,2.947557875168888
1955-02-04,2.9809362093572562
1955-02-07,2.990462139039463
1955-02-08,2.9656381253902993
1955-02-09,2.992914149418883
1955-02-10,3.0181235446615595
1955-02-11,3.01729040029674
1955-02-14,3.0008363183800957
1955-02-15,3.03188655276825
1955-02-16,3.0223206671516563
1955-02-17,3.0270008232014414
1955-02-18,3.038124254953105
1955-02-21,3.0384259104254054
1955-02-23,3.041230695147911
1955-02-24,3.0195574401180507
1955-02-25,3.0172889353695753
1955-02-28,3.0341039068154307
1955-03-01,3.0375911250597825
1955-03-02,3.0684157789585447
1955-03-03,3.079765449304119
1955-03-04,3.097545925502072
1955-03-07,3.082438148651695
1955-03-08,3.0018281302045087
1955-03-09,2.978484864022266
1955-03-10,3.007740691115825
1955-03-11,2.9507414299758263
1955-03-14,2.8712896438812723
1955-03-15,2.9415617939338894
1955-03-16,2.9746527308468202
1955-03-17,2.9885550210439678
1955-03-18,2.9922101560457475
1955-03-21,2.968418916685639
1955-03-22,2.9901599478910934
1955-03-23,3.0373274973273148
1955-03-24,3.0674678012707233
1955-03-25,3.0716062595753066
1955-03-28,3.058317210269931
1955-03-29,3.058540958767878
1955-03-30,3.027031971105754
1955-03-31,3.0409527846780784
1955-04-01,3.081165551429315
1955-04-04,3.068985955343701
1955-04-05,3.0847120308068767
1955-04-06,3.0905676411751135
1955-04-07,3.098443331286519
1955-04-11,3.1068822507864238
1955-04-12,3.120778799048267
1955-04-13,3.1342726960061964
1955-04-14,3.1467254377652587
1955-04-15,3.1696049608074337
1955-04-18,3.19923858359859
1955-04-19,3.1956354826457987
1955-04-20,3.1977060630073506
1955-04-21,3.1965034093601252
1955-04-22,3.163250300341246
1955-04-25,3.179220698562807
1955-04-26,3.2028249383854344
1955-04-27,3.184806795655026
1955-04-28,3.154708190303837
1955-04-29,3.181122930164567
1955-05-02,3.1756342924544914
1955-05-03,3.1311723149814306
1955-05-04,3.1301498427154786
1955-05-05,3.1501000182153343
1955-05-06,3.165060752479716
1955-05-09,3.163077788612726
1955-05-10,3.1489210068148283
1955-05-11,3.1085298693994634
1955-05-12,3.082413886077962
1955-05-13,3.109458853730414
1955-05-16,3.0702757725963696
1955-05-17,3.06167698494662
1955-05-18,3.1003287137340982
1955-05-19,3.12784216192825
1955-05-20,3.1575513027185482
1955-05-23,3.132050740676058
1955-05-24,3.13087631952489
1955-05-25,3.1538035421604453
1955-05-26,3.183128266625757
1955-05-27,3.1856715340100488
1955-05-31,3.1889336609446723
1955-06-01,3.1928362173899236
1955-06-02,3.204407348234218
1955-06-03,3.232683485092503
1955-06-06,3.2490852876872998
1955-06-07,3.2771829873193234
1955-06-08,3.2917613115423436
1955-06-09,3.2727483760849316
1955-06-10,3.2938533376358987
1955-06-13,3.321268149191995
1955-06-14,3.3084778626083335
1955-06-15,3.3383327700504206
1955-06-16,3.347423465087594
1955-06-17,3.355451383482182
1955-06-20,3.3598962672131
1955-06-21,3.3850917494105572
1955-06-22,3.404036437729419
1955-06-23,3.4243694258943354
1955-06-24,3.412200067436796
1955-06-27,3.415268905348455
1955-06-28,3.4051027819269244
1955-06-29,3.415052967001312
1955-06-30,3.438869146857648
1955-07-01,3.454769478007723
1955-07-05,3.5073648739090806
1955-07-06,3.5881049412541004
1955-07-07,3.511077218196041
1955-07-08,3.501412989320733
1955-07-11,3.518918554602234
1955-07-12,3.5113492111322038
1955-07-13,3.4699092050053992
1955-07-14,3.4821325303958073
1955-07-15,3.504672113692292
1955-07-18,3.5016020900028
1955-07-19,3.4721831155200116
1955-07-20,3.4831999202121873
1955-07-21,3.515937399393526
1955-07-22,3.553992756548199
1955-07-25,3.5850780726269846
1955-07-26,3.5884706489243094
1955-07-27,3.5936660327862504
1955-07-28,3.5786539007451363
1955-07-29,3.575425235743727
1955-08-01,3.5275935074098554
1955-08-02,3.533676860188781
1955-08-03,3.5450672614765906
1955-08-04,3.4887863192929522
1955-08-05,3.5118073577597633
1955-08-08,3.489679417933747
1955-08-09,3.442912429996378
1955-08-10,3.450309358526156
1955-08-11,3.48653221425135
1955-08-12,3.4935825022739064
1955-08-15,3.4816978719134797
1955-08-16,3.4558432310328224
1955-08-17,3.4572222158535233
1955-08-18,3.4581701001109386
1955-08-19,3.4668142689860906
1955-08-22,3.4615215073041496
1955-08-23,3.5060749994954605
1955-08-24,3.517199692451557
1955-08-25,3.528001233912571
1955-08-26,3.545459869494873
1955-08-29,3.548646104575201
1955-08-30,3.5503263020874627
1955-08-31,3.5701169848378034
1955-09-01,3.584575290244633
1955-09-02,3.607152096954687
1955-09-06,3.6359163347318066
1955-09-07,3.6329111623390187
1955-09-08,3.641079154152017
1955-09-09,3.6479947476747507
1955-09-12,3.6794533772760127
1955-09-13,3.7066678496681407
1955-09-14,3.7187892831485287
1955-09-15,3.712556633785648
1955-09-16,3.7428972941380825
1955-09-19,3.746536840835569
1955-09-20,3.7471825409978674
1955-09-21,3.767976931796575
1955-09-22,3.7620340437848365
1955-09-23,3.7767003498433853
1955-09-26,3.5028829448451235
1955-09-27,3.5903565107721063
1955-09-28,3.6521019353787842
1955-09-29,3.631361530758015
1955-09-30,3.609565602075254
1955-10-03,3.511561303387699
1955-10-04,3.534377641778878
1955-10-05,3.5498329610931365
1955-10-06,3.5281749622535346
1955-10-07,3.500652467889261
1955-10-10,3.3989553449441803
1955-10-11,3.3717581459542094
1955-10-12,3.4251093994561406
1955-10-13,3.422109944240768
1955-10-14,3.4198788339808432
1955-10-17,3.4261947245454656
1955-10-18,3.4491454093064022
1955-10-19,3.479839519600353
1955-10-20,3.521681099205458
1955-10-21,3.521408556900786
1955-10-24,3.546140223626179
1955-10-25,3.523085895299623
1955-10-26,3.490846145668996
1955-10-27,3.489357033580463
1955-10-28,3.492228984049535
1955-10-31,3.4844548142554204
1955-11-01,3.4813145962174126
1955-11-02,3.4894070810052407
1955-11-03,3.540611878013166
1955-11-04,3.590263054991143
1955-11-07,3.611620712598422
1955-11-09,3.6835762133358925
1955-11-10,3.6851199188350954
1955-11-11,3.728588447453107
1955-11-14,3.822636518400179
1955-11-15,3.8234647483680924
1955-11-16,3.803574484512141
1955-11-17,3.7770330671994246
1955-11-18,3.769373258828623
1955-11-21,3.735249459637408
1955-11-22,3.7708970008806673
1955-11-23,3.7789063212153904
1955-11-25,3.784567103994753
1955-11-28,3.7578784952029887
1955-11-29,3.7698939774201703
1955-11-30,3.773944074157655
1955-12-01,3.762049503332758
1955-12-02,3.7705061716148496
1955-12-05,3.793974922710951
1955-12-06,3.7952992778496366
1955-12-07,3.7846657717203356
1955-12-08,3.816540099043286
1955-12-09,3.8217796224243132
1955-12-12,3.7853743127600317
1955-12-13,3.786215151357469
1955-12-14,3.758950409277066
1955-12-15,3.761392306291034
1955-12-16,3.7690060182985627
1955-12-19,3.7582556777237808
1955-12-20,3.749885238488342
1955-12-21,3.7914097551915784
1955-12-22,3.8055253699776954
1955-12-23,3.817889190879779
1955-12-27,3.7906795986517214
1955-12-28,3.779572565540514
1955-12-29,3.7860884598194517
1955-12-30,3.819211729752964
1956-01-03,3.787126925442176
1956-01-04,3.7648655949283603
1956-01-05,3.7652404244594004
1956-01-06,3.780577352839283
1956-01-09,3.721973167912308
1956-01-10,3.6907033449605233
1956-01-11,3.7133076858998044
1956-01-12,3.7432883203769003
1956-01-13,3.7393519094096437
1956-01-16,3.693258296834608
1956-01-17,3.7276021551091665
1956-01-18,3.6956249680015603
1956-01-19,3.6532092424795217
1956-01-20,3.6226105459162707
1956-01-23,3.607030910726829
1956-01-24,3.6572521128370776
1956-01-25,3.6716003545173708
1956-01-26,3.6456187661784467
1956-01-27,3.6316677365245957
1956-01-30,3.6382885451860885
1956-01-31,3.672028127609257
1956-02-01,3.6917571858267593
1956-02-02,3.710118672872635
1956-02-03,3.760008802025635
1956-02-06,3.749279828570707
1956-02-07,3.738588944603529
1956-02-08,3.6941894035158254
1956-02-09,3.655396276153519
1956-02-10,3.6645309708377014
1956-02-13,3.662145920642645
1956-02-14,3.6503329888106113
1956-02-15,3.7046266048985768
1956-02-16,3.69350267130494
1956-02-17,3.7635805615159885
1956-02-20,3.755198256824153
1956-02-21,3.763918766038397
1956-02-23,3.8145398104599524
1956-02-24,3.846959792735853
1956-02-27,3.8445540133083367
1956-02-28,3.862425537131895
1956-02-29,3.8513180927537753
1956-03-01,3.8720111125963803
1956-03-02,3.8955269204526966
1956-03-05,3.9169424392651226
1956-03-06,3.910279942668392
1956-03-07,3.9066569659151793
1956-03-08,3.9178867909910324
1956-03-09,3.9797863763987054
1956-03-12,4.018781161585081
1956-03-13,4.0141508178035865
1956-03-14,4.049470885448893
1956-03-15,4.086620831121101
1956-03-16,4.090498738264941
1956-03-19,4.12904586212299
1956-03-20,4.136262651938461
1956-03-21,4.083098073282094
1956-03-22,4.123309018507874
1956-03-23,4.142880377647389
1956-03-26,4.131684371625184
1956-03-27,4.102954663120351
1956-03-28,4.133313301888245
1956-03-29,4.1364044589030105
1956-04-02,4.171856357851602
1956-04-03,4.159636072450874
1956-04-04,4.1796973299694296
1956-04-05,4.155345785622996
1956-04-06,4.181416952821724
1956-04-09,4.156945387702063
1956-04-10,4.096036661429506
1956-04-11,4.135348645878639
1956-04-12,4.108569516480689
1956-04-13,4.104970541366095
1956-04-16,4.1015772184438175
1956-04-17,4.098905193644533
1956-04-18,4.085373236556415
1956-04-19,4.069641385178571
1956-04-20,4.088868183153152
1956-04-23,4.0863084971850245
1956-04-24,4.045747280429618
1956-04-25,4.028854098315428
1956-04-26,4.063999983822178
1956-04-27,4.108496048824182
1956-04-30,4.134269602673608
1956-05-01,4.1165801057435685
1956-05-02,4.122648567977484
1956-05-03,4.1489246008653815
1956-05-04,4.17516203723452
1956-05-07,4.161588702716808
1956-05-08,4.142643707141103
1956-05-09,4.141809665410462
1956-05-10,4.079464107137155
1956-05-11,4.077927062668237
1956-05-14,4.031227589265284
1956-05-15,4.008141107626749
1956-05-16,3.98709571014965
1956-05-17,4.031941518452096
1956-05-18,4.013582045174627
1956-05-21,3.9675222055452997
1956-05-22,3.9088973692539577
1956-05-23,3.896288618650466
1956-05-24,3.8448521377158213
1956-05-25,3.8542614797150123
1956-05-28,3.7991405189900807
1956-05-29,3.9003851407134675
1956-05-31,3.904764373691499
1956-06-01,3.9473213028223464
1956-06-04,3.958067671217809
1956-06-05,3.9681559454599333
1956-06-06,3.951384673113762
1956-06-07,3.980128548436895
1956-06-08,3.901712123694913
1956-06-11,3.9511558453845814
1956-06-12,3.998463977534609
1956-06-13,4.00964558605462
1956-06-14,3.9955076010083874
1956-06-15,4.0015991939943625
1956-06-18,3.9747852547964735
1956-06-19,4.003190964397697
1956-06-20,4.029803581723248
1956-06-21,4.047421156423698
1956-06-22,4.034566426618458
1956-06-25,4.017921043795699
1956-06-26,4.045335687706769
1956-06-27,4.079410879493941
1956-06-28,4.084913375137677
1956-06-29,4.0847067839276505
1956-07-02,4.089903434996126
1956-07-03,4.107896061317406
1956-07-05,4.147118520456818
1956-07-06,4.167435943992952
1956-07-09,4.186706898040143
1956-07-10,4.210774332788307
1956-07-11,4.216659669147132
1956-07-12,4.211386216122484
1956-07-13,4.230755521577744
1956-07-16,4.266076066524311
1956-07-17,4.281103848139111
1956-07-18,4.275103539853328
1956-07-19,4.2810836474776535
1956-07-20,4.284078373937626
1956-07-23,4.278718572666913
1956-07-24,4.2819242905289565
1956-07-25,4.2895209565601125
1956-07-26,4.306140432353226
1956-07-27,4.283099007788077
1956-07-30,4.275595094787274
1956-07-31,4.300489504564165
1956-08-01,4.310261172882133
1956-08-02,4.3381670300462805
1956-08-03,4.323302633193627
1956-08-06,4.260611137763803
1956-08-07,4.298733247714605
1956-08-08,4.318826508245307
1956-08-09,4.315902091170317
1956-08-10,4.285469460151667
1956-08-13,4.250323099426717
1956-08-14,4.26179209653972
1956-08-15,4.264770672386687
1956-08-16,4.2668990070004815
1956-08-17,4.262414822276158
1956-08-20,4.225435359903591
1956-08-21,4.16722562648522
1956-08-22,4.160137098308442
1956-08-23,4.197151807709274
1956-08-24,4.199247470068409
1956-08-27,4.1762539813138435
1956-08-28,4.160379562277266
1956-08-29,4.131670869580959
1956-08-30,4.09262163458913
1956-08-31,4.1401947561030035
1956-09-04,4.171448097886892
1956-09-05,4.186251077600391
1956-09-06,4.189808295081954
1956-09-07,4.171995305034495
1956-09-10,4.15676256494146
1956-09-11,4.138154199484236
1956-09-12,4.120358739553904
1956-09-13,4.102733286717498
1956-09-14,4.109390168640277
1956-09-17,4.107126159859951
1956-09-18,4.0721085294168065
1956-09-19,4.035864041312407
1956-09-20,4.021832819591622
1956-09-21,4.054407987154318
1956-09-24,4.032207503547088
1956-09-25,3.9792800286483607
1956-09-26,3.9591777942275748
1956-09-27,3.9489722446487328
1956-09-28,3.91134960779698
1956-10-01,3.842020305666461
1956-10-02,3.9209692823582314
1956-10-03,3.982230720450092
1956-10-04,3.9804302168582915
1956-10-05,3.990975561990392
1956-10-08,3.9971541989068573
1956-10-09,3.980358351891915
1956-10-10,4.0177710978319965
1956-10-11,4.025798862810554
1956-10-12,4.041294558523822
1956-10-15,4.04906895819854
1956-10-16,4.03114430931711
1956-10-17,4.005744403529719
1956-10-18,4.014851714603956
1956-10-19,4.0193649388824415
1956-10-22,4.015645146094679
1956-10-23,4.018148564720893
1956-10-24,4.007195981213143
1956-10-25,3.9889590896409
1956-10-26,4.033830624513004
1956-10-29,4.046128606460216
1956-10-30,4.034081168475546
1956-10-31,3.96791641691058
1956-11-01,4.051831464064528
1956-11-02,4.098623143602046
1956-11-05,4.175661469106079
1956-11-07,4.145588670060617
1956-11-08,4.116356672546415
1956-11-09,4.090624911702546
1956-11-12,4.1218103272062265
1956-11-13,4.125722285190197
1956-11-14,4.095598784103975
1956-11-15,4.069483807644966
1956-11-16,4.060018937859536
1956-11-19,4.017586756602823
1956-11-20,3.9812223662035584
1956-11-21,3.9772361268824836
1956-11-23,4.008651577398826
1956-11-26,3.994007615658339
1956-11-27,4.000394564860205
1956-11-28,3.960087228919357
1956-11-29,3.946614211238256
1956-11-30,4.01685709223291
1956-12-03,4.088447929208143
1956-12-04,4.092834893003721
1956-12-05,4.131911921424184
1956-12-06,4.155874180430814
1956-12-07,4.158261017442217
1956-12-10,4.156489654330972
1956-12-11,4.153885770647186
1956-12-12,4.140689595931543
1956-12-13,4.162836882438581
1956-12-14,4.180006193864028
1956-12-17,4.1785392904047605
1956-12-18,4.182612267892484
1956-12-19,4.1736149086484575
1956-12-20,4.1450227906790165
1956-12-21,4.1661588936848615
1956-12-26,4.171048113044886
1956-12-27,4.179699124006657
1956-12-28,4.2002780905892365
1956-12-31,4.2131876306959
1957-01-02,4.173368690984877
1957-01-03,4.199343353720145
1957-01-04,4.210455634339969
1957-01-07,4.180864830395825
1957-01-08,4.1687326081347065
1957-01-09,4.162891998729229
1957-01-10,4.185262932973752
1957-01-11,4.189028706079313
1957-01-14,4.147135622217208
1957-01-15,4.095810681705585
1957-01-16,4.09181555726713
1957-01-17,4.073803668102045
1957-01-18,4.019210863820948
1957-01-21,4.006140916477657
1957-01-22,4.032980543318561
1957-01-23,4.055054767578219
1957-01-24,4.062653197130857
1957-01-25,4.040000629196854
1957-01-28,4.011210733848306
1957-01-29,4.013714430743137
1957-01-30,4.0244460391494
1957-01-31,4.016893642700249
1957-02-01,3.9941959676725984
1957-02-04,3.989399522250927
1957-02-05,3.9317451214371943
1957-02-06,3.9400964317645197
1957-02-07,3.922065451631226
1957-02-08,3.901471496981737
1957-02-11,3.829583949178625
1957-02-12,3.8042977946548806
1957-02-13,3.885131887531203
1957-02-14,3.8902752113177925
1957-02-15,3.9396730998516065
1957-02-18,3.937006045227642
1957-02-19,3.9524529107015076
1957-02-20,3.9738849234075957
1957-02-21,3.9573877167183036
1957-02-25,3.971233040671116
1957-02-26,3.9736085539396644
1957-02-27,3.9639692848799943
1957-02-28,3.9588101473475166
1957-03-01,3.998099236324482
1957-03-04,4.0267789696043055
1957-03-05,4.053252677006136
1957-03-06,4.061150417350184
1957-03-07,4.054038953351077
1957-03-08,4.040856242845026
1957-03-11,4.020140502223925
1957-03-12,4.02586186796247
1957-03-13,4.063396689848533
1957-03-14,4.072839093573001
1957-03-15,4.085358845053351
1957-03-18,4.078201615177059
1957-03-19,4.101133950204073
1957-03-20,4.1103572864916735
1957-03-21,4.1092258619873805
1957-03-22,4.103468584641281
1957-03-25,4.087462908233525
1957-03-26,4.09379253854343
1957-03-27,4.108423951847063
1957-03-28,4.119614429870966
1957-03-29,4.114359408274669
1957-04-01,4.123100306229632
1957-04-02,4.14226737495213
1957-04-03,4.157794048989827
1957-04-04,4.147394450635014
1957-04-05,4.147804408144671
1957-04-08,4.149149021868821
1957-04-09,4.168960296784271
1957-04-10,4.193965553952358
1957-04-11,4.202763377333048
1957-04-12,4.206330479302617
1957-04-15,4.20958886074354
1957-04-16,4.216846451292504
1957-04-17,4.236136356524736
1957-04-18,4.26027697964554
1957-04-22,4.266550176182719
1957-04-23,4.290013016151524
1957-04-24,4.28400167221161
1957-04-25,4.268793793688645
1957-04-26,4.25885912711237
1957-04-29,4.264390354489947
1957-04-30,4.265453470135579
1957-05-01,4.285284829819968
1957-05-02,4.300276210593317
1957-05-03,4.302209191285028
1957-05-06,4.3011297697081075
1957-05-07,4.308008560977446
1957-05-08,4.323513506847232
1957-05-09,4.32286228772215
1957-05-10,4.336363425732068
1957-05-13,4.3914289482164
1957-05-14,4.390641696687602
1957-05-15,4.389981838092049
1957-05-16,4.39809945557479
1957-05-17,4.407442722342532
1957-05-20,4.420991252238082
1957-05-21,4.419549335636711
1957-05-22,4.405957045280014
1957-05-23,4.384575371596391
1957-05-24,4.38752711050863
1957-05-27,4.355053563187985
1957-05-28,4.348513644768806
1957-05-29,4.387539577370867
1957-05-31,4.424823741643517
1957-06-03,4.431342337609986
1957-06-04,4.4379842272489185
1957-06-05,4.442637013103329
1957-06-06,4.480951400150328
1957-06-07,4.485531311722541
1957-06-10,4.457264505242356
1957-06-11,4.515647172192996
1957-06-12,4.509088801887521
1957-06-13,4.511220002282123
1957-06-14,4.519111785949386
1957-06-17,4.540566065344849
1957-06-18,4.524775664267143
1957-06-19,4.492304482158032
1957-06-20,4.470504591507914
1957-06-21,4.445229489650552
1957-06-24,4.406330241911466
1957-06-25,4.443770038101655
1957-06-26,4.4415412183234055
1957-06-27,4.453528144093397
1957-06-28,4.460979461905561
1957-07-01,4.4756975943047
1957-07-02,4.534773977636235
1957-07-03,4.582042212822205
1957-07-05,4.619033575200595
1957-07-08,4.646510055068431
1957-07-09,4.631396236348186
1957-07-10,4.657786666702513
1957-07-11,4.637048911246102
1957-07-12,4.6618457673856115
1957-07-15,4.6644006193714
1957-07-16,4.633497228661086
1957-07-17,4.601055279366681
1957-07-18,4.599437614826825
1957-07-19,4.600466390529897
1957-07-22,4.583897321640366
1957-07-23,4.568649558447546
1957-07-24,4.572414708792603
1957-07-25,4.574585948724525
1957-07-26,4.561659152815505
1957-07-29,4.491177521688773
1957-07-30,4.492059560078755
1957-07-31,4.50934361994477
1957-08-01,4.502570241427814
1957-08-02,4.498513535566583
1957-08-05,4.440255563152188
1957-08-06,4.38629979227833
1957-08-07,4.432785034531143
1957-08-08,4.420923616190297
1957-08-09,4.4297620766669406
1957-08-12,4.379700082947616
1957-08-13,4.386146277163025
1957-08-14,4.31859439590484
1957-08-15,4.317183508327757
1957-08-16,4.330024719904398
1957-08-19,4.245690450948853
1957-08-20,4.277095092426636
1957-08-21,4.326274492698076
1957-08-22,4.2967406602556
1957-08-23,4.232087680970105
1957-08-26,4.160238174704412
1957-08-27,4.221795795558501
1957-08-28,4.2458462245986
1957-08-29,4.230665957171673
1957-08-30,4.303429902550402
1957-09-03,4.32988439699514
1957-09-04,4.293935047095077
1957-09-05,4.289634948149035
1957-09-06,4.281261910305392
1957-09-09,4.251070654795041
1957-09-10,4.214079231387291
1957-09-11,4.252317925252339
1957-09-12,4.3053583914051075
1957-09-13,4.311158835753598
1957-09-16,4.291319309010011
1957-09-17,4.298180885953562
1957-09-18,4.3022612584059345
1957-09-19,4.279993742544122
1957-09-20,4.212684859563164
1957-09-23,4.109880290891119
1957-09-24,4.144271918530756
1957-09-25,4.08738183264441
1957-09-26,4.100659327146322
1957-09-27,4.101676468498602
1957-09-30,4.087101215706454
1957-10-01,4.112641780554428
1957-10-02,4.140493304342978
1957-10-03,4.1431787092420995
1957-10-04,4.11986941766532
1957-10-07,4.043232781627624
1957-10-08,4.005922121833288
1957-10-09,4.008322312162513
1957-10-10,3.898787793948591
1957-10-11,3.8818126522754297
1957-10-14,3.915283209628297
1957-10-15,3.9704795012309706
1957-10-16,3.938114753669542
1957-10-17,3.8653526763420403
1957-10-18,3.828527634689796
1957-10-21,3.712897314313666
1957-10-22,3.697670241221166
1957-10-23,3.839588473065403
1957-10-24,3.8424476372296037
1957-10-25,3.8421495195198276
1957-10-28,3.8294679128269498
1957-10-29,3.8573243893188027
1957-10-30,3.889337792601964
1957-10-31,3.89438369654052
1957-11-01,3.8628337876449175
1957-11-04,3.855774883713814
1957-11-06,3.8793883471080357
1957-11-07,3.908281778518423
1957-11-08,3.8870725013257688
1957-11-11,3.8963896489086665
1957-11-12,3.8687190107747353
1957-11-13,3.8731599433439667
1957-11-14,3.8582450499908667
1957-11-15,3.9435085047798717
1957-11-18,3.924563825104454
1957-11-19,3.9142559453521724
1957-11-20,3.924331957497242
1957-11-21,3.980728893252224
1957-11-22,4.007190737215526
1957-11-25,4.031428235463731
1957-11-26,3.9379976843028377
1957-11-27,4.036121132317933
1957-11-29,4.0932920632746566
1957-12-02,4.0987051170267295
1957-12-03,4.112322787630913
1957-12-04,4.126814843679053
1957-12-05,4.122167119383449
1957-12-06,4.103406996906228
1957-12-09,4.090062449836803
1957-12-10,4.0677685997219
1957-12-11,4.066640047690432
1957-12-12,4.071009395167717
1957-12-13,4.084337309986943
1957-12-16,4.037262430177216
1957-12-17,3.986075157975503
1957-12-18,3.9818774279721465
1957-12-19,4.010240978250576
1957-12-20,3.992087453341896
1957-12-23,4.0014589353270305
1957-12-24,4.003249803258797
1957-12-26,4.0214622791389925
1957-12-27,4.030408026632712
1957-12-30,4.029899651790117
1957-12-31,4.0593154579790385
1958-01-02,4.083566624659788
1958-01-03,4.10591083591544
1958-01-06,4.083630558286702
1958-01-07,4.086784611297348
1958-01-08,4.09413473827933
1958-01-09,4.08777995446923
1958-01-10,4.062123846289163
1958-01-13,4.07480463089637
1958-01-14,4.106987245545489
1958-01-15,4.124439792979082
1958-01-16,4.128455571941523
1958-01-17,4.132368883590294
1958-01-20,4.160879786688845
1958-01-21,4.149325824639851
1958-01-22,4.153463852812159
1958-01-23,4.169659758402585
1958-01-24,4.202171782250225
1958-01-27,4.203532796864066
1958-01-28,4.209516466264887
1958-01-29,4.238137316434729
1958-01-30,4.229972705021847
1958-01-31,4.236205707352566
1958-02-03,4.279516984691287
1958-02-04,4.320161865298224
1958-02-05,4.305893814605449
1958-02-06,4.3172955534368
1958-02-07,4.290417446748589
1958-02-10,4.280007531734827
1958-02-11,4.265877012320219
1958-02-12,4.272154821761434
1958-02-13,4.272890022355946
1958-02-14,4.3108076651224145
1958-02-17,4.313710244934495
1958-02-18,4.307557450355972
1958-02-19,4.30948767845469
1958-02-20,4.292891538105031
1958-02-21,4.29191421994841
1958-02-24,4.275708662053215
1958-02-25,4.273671667806286
1958-02-26,4.3091414990075245
1958-02-27,4.286190006884378
1958-02-28,4.304290423841283
1958-03-03,4.322689597407621
1958-03-04,4.341163962242641
1958-03-05,4.362755659810377
1958-03-06,4.387724631717184
1958-03-07,4.385309720786916
1958-03-10,4.4037246068468825
1958-03-11,4.432454385638103
1958-03-12,4.431116312279313
1958-03-13,4.435986102901084
1958-03-14,4.43953267445502
1958-03-17,4.437307144222128
1958-03-18,4.435085495467695
1958-03-19,4.4634680330723855
1958-03-20,4.4694866092036545
1958-03-21,4.498865396604422
1958-03-24,4.505608043518553
1958-03-25,4.494566498913466
1958-03-26,4.485230775087207
1958-03-27,4.478386703126411
1958-03-28,4.489801108910131
1958-03-31,4.486768255482453
1958-04-01,4.476667259297959
1958-04-02,4.442078549171642
1958-04-03,4.425744711322322
1958-04-07,4.409913130009489
1958-04-08,4.437245545904457
1958-04-09,4.449220360524253
1958-04-10,4.461336810910204
1958-04-11,4.486202667782774
1958-04-14,4.515804588553372
1958-04-15,4.539280233604174
1958-04-16,4.522708486264953
1958-04-17,4.530503849292661
1958-04-18,4.5591540236892385
1958-04-21,4.577274073969847
1958-04-22,4.567887079146625
1958-04-23,4.579758652193165
1958-04-24,4.599789800950569
1958-04-25,4.624053519546862
1958-04-28,4.619193496080493
1958-04-29,4.618264687523045
1958-04-30,4.64400895843871
1958-05-01,4.644696985847468
1958-05-02,4.663382449263218
1958-05-05,4.683549071039259
1958-05-06,4.714336629158672
1958-05-07,4.709025924562422
1958-05-08,4.711967739031398
1958-05-09,4.7127909498676805
1958-05-12,4.701711366525753
1958-05-13,4.702408080024067
1958-05-14,4.666312840634137
1958-05-15,4.684149774780674
1958-05-16,4.696556484725235
1958-05-19,4.690913774604361
1958-05-20,4.717296976583296
1958-05-21,4.720477015387161
1958-05-22,4.722950959030643
1958-05-23,4.7374680553071045
1958-05-26,4.72491173358795
1958-05-27,4.731520739193116
1958-05-28,4.737664974410313
1958-05-29,4.7515190854452
1958-06-02,4.759473786835902
1958-06-03,4.767441562409022
1958-06-04,4.768155399344104
1958-06-05,4.781622031950086
1958-06-06,4.803377005177874
1958-06-09,4.78786937305901
1958-06-10,4.776604012973065
1958-06-11,4.772062173349782
1958-06-12,4.789119119808967
1958-06-13,4.799413155420129
1958-06-16,4.809726014423168
1958-06-17,4.820422724467139
1958-06-18,4.8182483961648845
1958-06-19,4.792707843769715
1958-06-20,4.81235419647968
1958-06-23,4.8141499594758175
1958-06-24,4.812102442524265
1958-06-25,4.825932831506439
1958-06-26,4.844391330201955
1958-06-27,4.86424924608083
1958-06-30,4.877618280615368
1958-07-01,4.884689000386723
1958-07-02,4.894942326017543
1958-07-03,4.909011856095274
1958-07-07,4.910235008523086
1958-07-08,4.901761177728595
1958-07-09,4.902492421050319
1958-07-10,4.920751683810428
1958-07-11,4.9405539561431615
1958-07-14,4.9114030062747025
1958-07-15,4.898627691595535
1958-07-16,4.89262527842455
1958-07-17,4.896782845498603
1958-07-18,4.898004716632523
1958-07-21,4.915020123536145
1958-07-22,4.9185766203201435
1958-07-23,4.932338684891958
1958-07-24,4.942196708916569
1958-07-25,4.9812317359937515
1958-07-28,4.990936719775224
1958-07-29,5.0020366864778305
1958-07-30,5.013534054830632
1958-07-31,5.006384649028465
1958-08-01,5.032410352799488
1958-08-04,5.05416723132622
1958-08-05,5.030028136191683
1958-08-06,5.008646679193171
1958-08-07,5.0320542694319474
1958-08-08,5.051548985908671
1958-08-11,5.06316417565304
1958-08-12,5.047842438223907
1958-08-13,5.056419903147418
1958-08-14,5.066404435778113
1958-08-15,5.04258953551681
1958-08-18,5.024179162000648
1958-08-19,5.034474686945234
1958-08-20,5.055111745103601
1958-08-21,5.073808710550794
1958-08-22,5.083691241371244
1958-08-25,5.095128656751988
1958-08-26,5.114989260097952
1958-08-27,5.120733166272433
1958-08-28,5.100748391122196
1958-08-29,5.125992850153177
1958-09-02,5.153924254429709
1958-09-03,5.181105150064858
1958-09-04,5.188612913728003
1958-09-05,5.188869753694003
1958-09-08,5.207807110369845
1958-09-09,5.214832389147721
1958-09-10,5.220434358748369
1958-09-11,5.248487574318263
1958-09-12,5.254902826507603
1958-09-15,5.280648619915523
1958-09-16,5.291734954104777
1958-09-17,5.2828687939514065
1958-09-18,5.270316899369862
1958-09-19,5.294161733441794
1958-09-22,5.278008300745856
1958-09-23,5.296871535271312
1958-09-24,5.299514888421333
1958-09-25,5.32190108342834
1958-09-26,5.371782037562261
1958-09-29,5.412718113159109
1958-09-30,5.424751922170923
1958-10-01,5.408882566430852
1958-10-02,5.417795302484338
1958-10-03,5.438376205721116
1958-10-06,5.460532692879942
1958-10-07,5.464622888056685
1958-10-08,5.4629771552314175
1958-10-09,5.475396391129474
1958-10-10,5.499073571321832
1958-10-13,5.524768847322545
1958-10-14,5.4869084450821894
1958-10-15,5.446023985584496
1958-10-16,5.472696201102196
1958-10-17,5.514281284239993
1958-10-20,5.518272703099623
1958-10-21,5.513163790212921
1958-10-22,5.501719364498888
1958-10-23,5.499507588736121
1958-10-24,5.490429144426105
1958-10-27,5.433598848714523
1958-10-28,5.463339659696125
1958-10-29,5.527119237254372
1958-10-30,5.524759767391394
1958-10-31,5.536910707596032
1958-11-03,5.54922133621609
1958-11-05,5.615528893096993
1958-11-06,5.651312671777244
1958-11-07,5.669107617265208
1958-11-10,5.718705182972616
1958-11-11,5.7618735532384475
1958-11-12,5.779298918739658
1958-11-13,5.790124641242902
1958-11-14,5.818915337827447
1958-11-17,5.85207795084567
1958-11-18,5.850455249596274
1958-11-19,5.885990656836117
1958-11-20,5.895552095428136
1958-11-21,5.875510907590899
1958-11-24,5.73243718525415
1958-11-25,5.704047882095449
1958-11-26,5.789742546426288
1958-11-28,5.851386802841869
1958-12-01,5.875810601519138
1958-12-02,5.858326163510023
1958-12-03,5.85758487653526
1958-12-04,5.886723748734629
1958-12-05,5.942926548417843
1958-12-08,5.983008484937316
1958-12-09,6.015293129562944
1958-12-10,6.067162360170086
1958-12-11,6.0386413836070245
1958-12-12,6.028065433443904
1958-12-15,6.006807928071738
1958-12-16,6.01926624047863
1958-12-17,6.027989589699432
1958-12-18,6.024813539773168
1958-12-19,6.005675480638568
1958-12-22,5.981187127412579
1958-12-23,5.941705048161011
1958-12-24,6.007051788354083
1958-12-29,6.049385198200755
1958-12-30,6.072666662854969
1958-12-31,6.087842265012101
1959-01-02,6.112949888629763
1959-01-05,6.139986774422143
1959-01-06,6.126469730529171
1959-01-07,6.059522714654615
1959-01-08,6.11571485594421
1959-01-09,6.158969731906379
1959-01-12,6.173284355972937
1959-01-13,6.167725131047287
1959-01-14,6.182831725734417
1959-01-15,6.233523561658796
1959-01-16,6.262344135716023
1959-01-19,6.25841603718494
1959-01-20,6.272962735262391
1959-01-21,6.295537314396239
1959-01-22,6.2725575094384745
1959-01-23,6.283520768326335
1959-01-26,6.268117460612119
1959-01-27,6.260584109111462
1959-01-28,6.182944354384159
1959-01-29,6.201492088559799
1959-01-30,6.214514292556658
1959-02-02,6.19523090600678
1959-02-03,6.187019432238585
1959-02-04,6.162567669757168
1959-02-05,6.129287496741789
1959-02-06,6.089590717006572
1959-02-09,6.029597096832213
1959-02-10,6.133145593728635
1959-02-11,6.1371218059844015
1959-02-12,6.126221068080036
1959-02-13,6.178745405762435
1959-02-16,6.2198323282553805
1959-02-17,6.210805550659555
1959-02-18,6.245273097907291
1959-02-19,6.310059334723778
1959-02-20,6.3682594686969916
1959-02-24,6.384321690180241
1959-02-25,6.36787709945017
1959-02-26,6.38951883308026
1959-02-27,6.3880718008507325
1959-03-02,6.3796005068038895
1959-03-03,6.418346216551325
1959-03-04,6.431813955439937
1959-03-05,6.456251788176174
1959-03-06,6.448977422522395
1959-03-09,6.454286601923155
1959-03-10,6.481389384334417
1959-03-11,6.498552123432407
1959-03-12,6.517553969313126
1959-03-13,6.535631302738827
1959-03-16,6.472393018802455
1959-03-17,6.527398390305541
1959-03-18,6.529508302568571
1959-03-19,6.512851138733576
1959-03-20,6.513659122953209
1959-03-23,6.45404514648686
1959-03-24,6.477431417688857
1959-03-25,6.4730495172738145
1959-03-26,6.4596230370519665
1959-03-30,6.433455522867297
1959-03-31,6.45017756896262
1959-04-01,6.490632849900848
1959-04-02,6.546592031930871
1959-04-03,6.58929507070561
1959-04-06,6.6364007008144705
1959-04-07,6.616137671890586
1959-04-08,6.6062083299041054
1959-04-09,6.620240389677726
1959-04-10,6.640581600989728
1959-04-13,6.699844533718492
1959-04-14,6.772175711837253
1959-04-15,6.792648775204765
1959-04-16,6.845617145837232
1959-04-17,6.896581921970135
1959-04-20,6.899323005917472
1959-04-21,6.878271476337099
1959-04-22,6.830452330933373
1959-04-23,6.806527584191973
1959-04-24,6.847353694005379
1959-04-27,6.881569672444488
1959-04-28,6.858679924698118
1959-04-29,6.854726082260221
1959-04-30,6.866369798715603
1959-05-01,6.881462244423392
1959-05-04,6.881109245494345
1959-05-05,6.889871635418876
1959-05-06,6.892791527011544
1959-05-07,6.786626214074414
1959-05-08,6.832259683191648
1959-05-11,6.8373710586021135
1959-05-12,6.842999068693941
1959-05-13,6.865574019950082
1959-05-14,6.924434756872559
1959-05-15,6.9105748387806285
1959-05-18,6.8836122161689675
1959-05-19,6.873092972461176
1959-05-20,6.84902587175792
1959-05-21,6.881383720945644
1959-05-22,6.900977677556489
1959-05-25,6.888894097297371
1959-05-26,6.888026472334274
1959-05-27,6.91469964210746
1959-05-28,6.968790419455647
1959-05-29,7.028533587825501
1959-06-01,7.034835814454871
1959-06-02,6.9890856400564605
1959-06-03,6.9789388215777866
1959-06-04,6.888727758821843
1959-06-05,6.884762773376164
1959-06-08,6.759619105647659
1959-06-09,6.71195447661407
1959-06-10,6.842325923224126
1959-06-11,6.866950802626057
1959-06-12,6.856468796420367
1959-06-15,6.831095329357867
1959-06-16,6.793511349414381
1959-06-17,6.878251412308255
1959-06-18,6.901109925698574
1959-06-19,6.949400292629978
1959-06-22,6.954229307329262
1959-06-23,6.952477723201035
1959-06-24,6.994690085090945
1959-06-25,7.0084987652784205
1959-06-26,7.035478413568705
1959-06-29,7.078388838331073
1959-06-30,7.109526152809054
1959-07-01,7.18772020612475
1959-07-02,7.21753550236662
1959-07-06,7.255055849355036
1959-07-07,7.288062003250927
1959-07-08,7.313377371327845
1959-07-09,7.283015514914992
1959-07-10,7.290295053107215
1959-07-13,7.212826120708151
1959-07-14,7.24509422665698
1959-07-15,7.266276271061636
1959-07-16,7.253011022948814
1959-07-17,7.230876390482482
1959-07-20,7.210261793271228
1959-07-21,7.265413829499744
1959-07-22,7.303369456019264
1959-07-23,7.316689825792707
1959-07-24,7.3289372798196215
1959-07-27,7.365577508301663
1959-07-28,7.385636397597274
1959-07-29,7.368453862167924
1959-07-30,7.345968757123163
1959-07-31,7.339163521765782
1959-08-03,7.33951730246991
1959-08-04,7.320609993138814
1959-08-05,7.280154590465651
1959-08-06,7.256123969546163
1959-08-07,7.198250783769844
1959-08-10,7.015578108945376
1959-08-11,7.131495308306325
1959-08-12,7.113113776798675
1959-08-13,7.090517822119334
1959-08-14,7.127383465043256
1959-08-17,7.108843251135375
1959-08-18,7.030464553674168
1959-08-19,6.984581679551492
1959-08-20,7.097021211098953
1959-08-21,7.109429628430341
1959-08-24,7.075480341953805
1959-08-25,7.081489253902574
1959-08-26,7.0942297323750125
1959-08-27,7.133951721964818
1959-08-28,7.126275105771096
1959-08-31,7.133751311974859
1959-09-01,7.054200823992256
1959-09-02,7.050666236896324
1959-09-03,6.957937619341661
1959-09-04,7.002452277210726
1959-09-08,6.882350475661218
1959-09-09,6.8166063429176065
1959-09-10,6.775691569062146
1959-09-11,6.842750607573526
1959-09-14,6.7878234192246865
1959-09-15,6.736058711154526
1959-09-16,6.751375165853424
1959-09-17,6.728919038805021
1959-09-18,6.677100918958504
1959-09-21,6.547220254374152
1959-09-22,6.528051826159353
1959-09-23,6.612720023179053
1959-09-24,6.740001371665683
1959-09-25,6.761375170425042
1959-09-28,6.825428228977628
1959-09-29,6.8622767466624595
1959-09-30,6.818690437996244
1959-10-01,6.838621428880701
1959-10-02,6.863062229744532
1959-10-05,6.834404603520205
1959-10-06,6.841060161925015
1959-10-07,6.833703419438267
1959-10-08,6.839337373489751
1959-10-09,6.846852007564581
1959-10-12,6.875258202141622
1959-10-13,6.837609779712399
1959-10-14,6.804949373433764
1959-10-15,6.82586044684399
1959-10-16,6.889331204710857
1959-10-19,6.87933247292706
1959-10-20,6.846650672647315
1959-10-21,6.832606972129181
1959-10-22,6.784255655609815
1959-10-23,6.847683532247019
1959-10-26,6.8755677475459285
1959-10-27,6.912170766178127
1959-10-28,6.928744382731751
1959-10-29,6.945878993321854
1959-10-30,6.96462426914935
1959-11-02,6.955562453653569
1959-11-04,6.97276821976997
1959-11-05,6.98094150637896
1959-11-06,7.024391991227288
1959-11-09,7.023848670604369
1959-11-10,7.047899801659425
1959-11-11,7.075030381977131
1959-11-12,7.058213034616011
1959-11-13,7.0204487360325905
1959-11-16,6.981476998179025
1959-11-17,6.981811854926218
1959-11-18,7.01828348806336
1959-11-19,7.043894003827447
1959-11-20,7.057617906496534
1959-11-23,7.097472143815919
1959-11-24,7.143044465045857
1959-11-25,7.16248920077842
1959-11-27,7.180202845722595
1959-11-30,7.238713826762221
1959-12-01,7.28864314893562
1959-12-02,7.284809557258995
1959-12-03,7.283519867589293
1959-12-04,7.321202289068985
1959-12-07,7.3349137632379895
1959-12-08,7.339491216437876
1959-12-09,7.284202852358397
1959-12-10,7.321691506680896
1959-12-11,7.309777031597777
1959-12-14,7.3238438592251045
1959-12-15,7.308627142193056
1959-12-16,7.299663375972245
1959-12-17,7.296370993834018
1959-12-18,7.31789107858168
1959-12-21,7.341847655522918
1959-12-22,7.313381503307903
1959-12-23,7.284496342464584
1959-12-24,7.292493734308767
1959-12-28,7.283180163132374
1959-12-29,7.300275215277723
1959-12-30,7.343702786271569
1959-12-31,7.3490184780794
1960-01-04,7.315024973152076
1960-01-05,7.401148564192994
1960-01-06,7.36800994558379
1960-01-07,7.320658256360417
1960-01-08,7.270872886374713
1960-01-11,7.155807540425738
1960-01-12,7.088513329170417
1960-01-13,7.04349220384866
1960-01-14,7.0867930987733025
1960-01-15,7.0844708798123985
1960-01-18,6.999093685125592
1960-01-19,6.914919872073727
1960-01-20,6.906090155309789
1960-01-21,6.924210278965914
1960-01-22,6.946183475187724
1960-01-25,6.865104099024459
1960-01-26,6.880190885698725
1960-01-27,6.886717790367278
1960-01-28,6.811123729150678
1960-01-29,6.736877158909004
1960-02-01,6.777621218452894
1960-02-02,6.9021431997419755
1960-02-03,6.85071428650337
1960-02-04,6.850537151977963
1960-02-05,6.823971103934347
1960-02-08,6.73797934448678
1960-02-09,6.811752802224005
1960-02-10,6.797089548375861
1960-02-11,6.7595197094862165
1960-02-12,6.798202493402919
1960-02-15,6.763010658006856
1960-02-16,6.738138517839978
1960-02-17,6.773993821645957
1960-02-18,6.874243203517456
1960-02-19,6.937297123657441
1960-02-23,6.914743285283643
1960-02-24,6.8965934214632325
1960-02-25,6.9450285457058785
1960-02-26,6.969142147545841
1960-02-29,6.979417241710562
1960-03-01,6.99073903129357
1960-03-02,6.94616344778998
1960-03-03,6.82112624151196
1960-03-04,6.78529459967479
1960-03-07,6.700640050529462
1960-03-08,6.648867086029495
1960-03-09,6.739785164332275
1960-03-10,6.714326661103898
1960-03-11,6.752090215998778
1960-03-14,6.766933248844242
1960-03-15,6.813955956017525
1960-03-16,6.857045119429971
1960-03-17,6.843830388254131
1960-03-18,6.857514699542826
1960-03-21,6.872593344165836
1960-03-22,6.906601827183363
1960-03-23,6.960292431744678
1960-03-24,6.986367542305052
1960-03-25,7.008719729959999
1960-03-28,7.000302637203303
1960-03-29,7.004322025706635
1960-03-30,7.015697124971975
1960-03-31,6.9972722312699975
1960-04-01,7.035222822392275
1960-04-04,7.047339744178598
1960-04-05,7.096664967771523
1960-04-06,7.160880007950853
1960-04-07,7.179125488861249
1960-04-08,7.185939923941183
1960-04-11,7.177659689677771
1960-04-12,7.210845988202335
1960-04-13,7.231376069750456
1960-04-14,7.250888312880862
1960-04-18,7.307068851232959
1960-04-19,7.250410019114211
1960-04-20,7.130949183231162
1960-04-21,7.146762953641004
1960-04-22,7.1394158391939495
1960-04-25,7.073207181726612
1960-04-26,7.1021943411862845
1960-04-27,7.106090817082747
1960-04-28,7.052965827242966
1960-04-29,7.038313992580338
1960-05-02,7.021585595548794
1960-05-03,7.096179361789771
1960-05-04,7.118512472369518
1960-05-05,7.110138563057577
1960-05-06,7.11030523807471
1960-05-09,7.10958047749034
1960-05-10,7.098555835742605
1960-05-11,7.123391149647794
1960-05-12,7.150448991459349
1960-05-13,7.20210022315279
1960-05-16,7.19452806245931
1960-05-17,7.195784223529991
1960-05-18,7.209088946214653
1960-05-19,7.233771862625078
1960-05-20,7.24496985875566
1960-05-23,7.258544302766197
1960-05-24,7.313865551069775
1960-05-25,7.352978225603464
1960-05-26,7.409766162992594
1960-05-27,7.45643723832488
1960-05-31,7.528921911386547
1960-06-01,7.582932069346404
1960-06-02,7.584238515518715
1960-06-03,7.5686796174002176
1960-06-06,7.613514984501266
1960-06-07,7.655748920604043
1960-06-08,7.719848448020046
1960-06-09,7.704775546028823
1960-06-10,7.7324952090029235
1960-06-13,7.7854564012176635
1960-06-14,7.803149229957782
1960-06-15,7.7559203476319105
1960-06-16,7.76133094647051
1960-06-17,7.759963795828665
1960-06-20,7.7271646653795925
1960-06-21,7.705715689430097
1960-06-22,7.70435666277336
1960-06-23,7.726877898569091
1960-06-24,7.721843590207653
1960-06-27,7.700392743244027
1960-06-28,7.627230120844393
1960-06-29,7.62035541990985
1960-06-30,7.620339402748022
1960-07-01,7.640135476860139
1960-07-05,7.641462973498347
1960-07-06,7.613751870083651
1960-07-07,7.646484959605587
1960-07-08,7.663096797870712
1960-07-11,7.5927821551662555
1960-07-12,7.489881531276931
1960-07-13,7.459716230717164
1960-07-14,7.481146108131288
1960-07-15,7.4854437552494835
1960-07-18,7.421812151964082
1960-07-19,7.4279143577609785
1960-07-20,7.417880651313283
1960-07-21,7.370764561917557
1960-07-22,7.341997798737002
1960-07-25,7.251912356705821
1960-07-26,7.2698562879645445
1960-07-27,7.2451309621199655
1960-07-28,7.271748974598232
1960-07-29,7.339186996909935
1960-08-01,7.33367343297392
1960-08-02,7.295899173689263
1960-08-03,7.284037297087978
1960-08-04,7.289675626427167
1960-08-05,7.327756584907329
1960-08-08,7.3403835471452465
1960-08-09,7.375608644708368
1960-08-10,7.396992204490025
1960-08-11,7.44266287996359
1960-08-12,7.481914328773931
1960-08-15,7.4880804835099
1960-08-16,7.518210711328072
1960-08-17,7.527598306326013
1960-08-18,7.5514919259124955
1960-08-19,7.572628696173516
1960-08-22,7.590976045698424
1960-08-23,7.646370072839312
1960-08-24,7.695681617262308
1960-08-25,7.69240560239596
1960-08-26,7.695095346157007
1960-08-29,7.718172916715263
1960-08-30,7.650814885832592
1960-08-31,7.68618507543711
1960-09-01,7.726894600117613
1960-09-02,7.716650323993414
1960-09-06,7.659346382018027
1960-09-07,7.574313996787076
1960-09-08,7.60516029222667
1960-09-09,7.652496222621696
1960-09-12,7.603127185121427
1960-09-13,7.619466431354341
1960-09-14,7.579458654727262
1960-09-15,7.538132796912308
1960-09-16,7.530392203202601
1960-09-19,7.350032918037552
1960-09-20,7.371131411322427
1960-09-21,7.441509299124291
1960-09-22,7.421583412976109
1960-09-23,7.364058665409967
1960-09-26,7.241248300299291
1960-09-27,7.213175717690377
1960-09-28,7.123542980928343
1960-09-29,7.138316607545667
1960-09-30,7.256983607608416
1960-10-03,7.239541477756115
1960-10-04,7.206043609877395
1960-10-05,7.244044118489932
1960-10-06,7.297641605964318
1960-10-07,7.330288547028407
1960-10-10,7.348606861071807
1960-10-11,7.371562433686713
1960-10-12,7.3429797407074355
1960-10-13,7.428508442440529
1960-10-14,7.4541206784191285
1960-10-17,7.410510841497258
1960-10-18,7.3956701989000155
1960-10-19,7.396587802113697
1960-10-20,7.330749283241532
1960-10-21,7.2479030407439105
1960-10-24,7.164540561476327
1960-10-25,7.122254101008579
1960-10-26,7.2075322183881845
1960-10-27,7.278153133404237
1960-10-28,7.246479532557135
1960-10-31,7.2413937235776915
1960-11-01,7.304381605542718
1960-11-02,7.322624955305353
1960-11-03,7.335797265086217
1960-11-04,7.387868704471026
1960-11-07,7.4205489711200885
1960-11-09,7.455040096912701
1960-11-10,7.539825323822589
1960-11-11,7.522083771014568
1960-11-14,7.516619052955857
1960-11-15,7.556443758755962
1960-11-16,7.5379199740809195
1960-11-17,7.539040175953235
1960-11-18,7.59312813911938
1960-11-21,7.624440046145618
1960-11-22,7.605372081969833
1960-11-23,7.6293150456065515
1960-11-25,7.681563027432048
1960-11-28,7.692107796066608
1960-11-29,7.689214521161542
1960-11-30,7.664600121243278
1960-12-01,7.655205226255028
1960-12-02,7.670506324800241
1960-12-05,7.686979693218878
1960-12-06,7.728286509062567
1960-12-07,7.786045673376014
1960-12-08,7.821653003359233
1960-12-09,7.874627212174044
1960-12-12,7.906511746319718
1960-12-13,7.9124282332361044
1960-12-14,7.912414891020123
1960-12-15,7.895790726555191
1960-12-16,7.954015009478832
1960-12-19,7.938290808224005
1960-12-20,7.925977473455647
1960-12-21,8.048025032723272
1960-12-22,8.010755099475219
1960-12-23,8.014937350065994
1960-12-27,8.050184468079994
1960-12-28,8.109543880443857
1960-12-29,8.172976468272502
1960-12-30,8.184187157425837
1961-01-03,8.084741310735696
1961-01-04,8.134826046939834
1961-01-05,8.16593404672574
1961-01-06,8.149796685965338
1961-01-09,8.194613229302604
1961-01-10,8.210174420900593
1961-01-11,8.241780096305652
1961-01-12,8.280710030702652
1961-01-13,8.274701677402359
1961-01-16,8.285032307000403
1961-01-17,8.288960867485205
1961-01-18,8.326048870080356
1961-01-19,8.343108652842814
1961-01-20,8.38398204133124
1961-01-23,8.435117826438194
1961-01-24,8.46442186843067
1961-01-25,8.525142785526858
1961-01-26,8.547284341758415
1961-01-27,8.636809392260645
1961-01-30,8.751013118066977
1961-01-31,8.708977849102869
1961-02-01,8.732900554916016
1961-02-02,8.774367285147433
1961-02-03,8.754396233078554
1961-02-06,8.705801808103034
1961-02-07,8.704912517287704
1961-02-08,8.787166470731238
1961-02-09,8.82076405672468
1961-02-10,8.786138509695114
1961-02-13,8.752077834946038
1961-02-14,8.790358578761275
1961-02-15,8.846819786755455
1961-02-16,8.930851208492939
1961-02-17,8.892191804548597
1961-02-20,8.942843223421942
1961-02-21,8.958260275110604
1961-02-23,9.031487178204198
1961-02-24,9.058789624689274
1961-02-27,9.09659454040877
1961-02-28,9.10044801869745
1961-03-01,9.091339959909739
1961-03-02,9.135883410448644
1961-03-03,9.137244472943157
1961-03-06,9.153685678391305
1961-03-07,9.105614740214126
1961-03-08,9.121996593613199
1961-03-09,9.137949825918044
1961-03-10,9.156218299132743
1961-03-13,9.185501467579478
1961-03-14,9.14943514993711
1961-03-15,9.164046933127873
1961-03-16,9.235741999401652
1961-03-17,9.267137947614984
1961-03-20,9.321104162904467
1961-03-21,9.31037129768272
1961-03-22,9.32967128699559
1961-03-23,9.345526249052789
1961-03-24,9.34384484139606
1961-03-27,9.37793715399645
1961-03-28,9.420128485310023
1961-03-29,9.496643157591397
1961-03-30,9.533643006901654
1961-04-03,9.71119283952141
1961-04-04,9.708906846974603
1961-04-05,9.678799675773867
1961-04-06,9.663782995503718
1961-04-07,9.703870200821331
1961-04-10,9.790465054845312
1961-04-11,9.75836845717603
1961-04-12,9.738832361762624
1961-04-13,9.774602002849019
1961-04-14,9.815883498255038
1961-04-17,9.83697509716221
1961-04-18,9.761952089355166
1961-04-19,9.721666219817822
1961-04-20,9.718011507593218
1961-04-21,9.696868163461842
1961-04-24,9.455642399010973
1961-04-25,9.605238415629485
1961-04-26,9.653942769007728
1961-04-27,9.643310599143284
1961-04-28,9.605446902187145
1961-05-01,9.605435932936988
1961-05-02,9.66714143333402
1961-05-03,9.74470511441447
1961-05-04,9.782944711365763
1961-05-05,9.78464320355734
1961-05-08,9.801748995322793
1961-05-09,9.838744950381491
1961-05-10,9.835782119515622
1961-05-11,9.835031154562282
1961-05-12,9.84902772873333
1961-05-15,9.910826109767378
1961-05-16,9.96035914463125
1961-05-17,9.97479347712094
1961-05-18,9.916430661868757
1961-05-19,9.938982793580783
1961-05-22,9.886051915329404
1961-05-23,9.870464575934296
1961-05-24,9.820849384404402
1961-05-25,9.78790754564059
1961-05-26,9.829228169757878
1961-05-31,9.821345288259145
1961-06-01,9.826734734899288
1961-06-02,9.827712497215211
1961-06-05,9.873154067705153
1961-06-06,9.859573205736083
1961-06-07,9.820622605717883
1961-06-08,9.788202513005643
1961-06-09,9.785261879744395
1961-06-12,9.736810223819523
1961-06-13,9.684218918137061
1961-06-14,9.681059623288037
1961-06-15,9.63482720246886
1961-06-16,9.581337244189816
1961-06-19,9.508030692195225
1961-06-20,9.58670119313647
1961-06-21,9.596035021556252
1961-06-22,9.582354808171514
1961-06-23,9.619238987185623
1961-06-26,9.532920887590516
1961-06-27,9.526467305706305
1961-06-28,9.550510525672577
1961-06-29,9.541195090007474
1961-06-30,9.554307419163603
1961-07-03,9.647213846325092
1961-07-05,9.715217864045144
1961-07-06,9.740707132117526
1961-07-07,9.766754452210058
1961-07-10,9.76356924142961
1961-07-11,9.762337686992483
1961-07-12,9.703025602345766
1961-07-13,9.629028709401782
1961-07-14,9.689681765101936
1961-07-17,9.626933661502838
1961-07-18,9.590345582207336
1961-07-19,9.63780473215464
1961-07-20,9.654174950493932
1961-07-21,9.680470255565579
1961-07-24,9.653354710023299
1961-07-25,9.70571831953928
1961-07-26,9.793784441240577
1961-07-27,9.904683774475457
1961-07-28,9.921250943261864
1961-07-31,9.916281284306404
1961-08-01,10.00304324111506
1961-08-02,9.932014126627063
1961-08-03,9.984583409135803
1961-08-04,10.059700888264276
1961-08-07,10.054151961516471
1961-08-08,10.062692830713056
1961-08-09,10.065451020020975
1961-08-10,10.113757980840502
1961-08-11,10.141562993116853
1961-08-14,10.092364209153313
1961-08-15,10.08604710645125
1961-08-16,10.115782535796301
1961-08-17,10.198216376541778
1961-08-18,10.263212699498736
1961-08-21,10.2819270989083
1961-08-22,10.286279078042226
1961-08-23,10.239201632142306
1961-08-24,10.211283779208443
1961-08-25,10.2099855491996
1961-08-28,10.207679752443324
1961-08-29,10.19235408772109
1961-08-30,10.2320924840664
1961-08-31,10.264051158764802
1961-09-01,10.283024661313322
1961-09-05,10.232879084390943
1961-09-06,10.286839237547296
1961-09-07,10.264964515132359
1961-09-08,10.214130869613943
1961-09-11,10.1329254741997
1961-09-12,10.241083356235908
1961-09-13,10.205223282352097
1961-09-14,10.127135031340966
1961-09-15,10.125598997478129
1961-09-18,10.058002702298316
1961-09-19,9.984820806360839
1961-09-20,10.029484567777779
1961-09-21,10.04100135639249
1961-09-22,9.999820016271967
1961-09-25,9.884596058272333
1961-09-26,9.896684293960112
1961-09-27,9.969406129254152
1961-09-28,10.00802342060833
1961-09-29,10.067565205414441
1961-10-02,10.069314266870037
1961-10-03,10.077359264841801
1961-10-04,10.130255531868745
1961-10-05,10.193802604161592
1961-10-06,10.233296152813127
1961-10-09,10.260909378900012
1961-10-10,10.30604453228473
1961-10-11,10.325611367337055
1961-10-12,10.339283514681917
1961-10-13,10.337961809009006
1961-10-16,10.293492744982306
1961-10-17,10.307632580893877
1961-10-18,10.376415174467953
1961-10-19,10.430627604889347
1961-10-20,10.448852423233385
1961-10-23,10.387195898689633
1961-10-24,10.351877457018894
1961-10-25,10.385260178201937
1961-10-26,10.420815801257664
1961-10-27,10.402569330504317
1961-10-30,10.434549914200815
1961-10-31,10.44210416240582
1961-11-01,10.462976281664902
1961-11-02,10.49514574405041
1961-11-03,10.562830680656095
1961-11-06,10.650496884182198
1961-11-08,10.710396634694563
1961-11-09,10.707976014259334
1961-11-10,10.770343376218412
1961-11-13,10.833881468212558
1961-11-14,10.93950474355191
1961-11-15,10.975306214468779
1961-11-16,10.9994344835109
1961-11-17,11.009870763411788
1961-11-20,11.044821861771995
1961-11-21,11.048386029122431
1961-11-22,11.053050792730014
1961-11-24,11.108021261153002
1961-11-27,11.11467404652483
1961-11-28,11.092147431928451
1961-11-29,11.052756879868035
1961-11-30,11.000795122531498
1961-12-01,11.052215233808028
1961-12-04,10.97897320336492
1961-12-05,10.938880818077216
1961-12-06,10.955010444588599
1961-12-07,10.921296660690569
1961-12-08,10.949950030430669
1961-12-11,10.95486152838236
1961-12-12,10.945811732631045
1961-12-13,10.906381841388564
1961-12-14,10.825120876883783
1961-12-15,10.795074504834176
1961-12-18,10.765923080470827
1961-12-19,10.719623162034221
1961-12-20,10.68289262736533
1961-12-21,10.639604091862235
1961-12-22,10.618306492584153
1961-12-26,10.618303838007531
1961-12-27,10.711706101112027
1961-12-28,10.716776367467409
1961-12-29,10.687298155478722
1962-01-02,10.55315285414248
1962-01-03,10.56104044578427
1962-01-04,10.411578575023928
1962-01-05,10.282949685033397
1962-01-08,10.210672548379994
1962-01-09,10.238717742077812
1962-01-10,10.227432713866603
1962-01-11,10.304130464719345
1962-01-12,10.350996792602563
1962-01-15,10.321227530766187
1962-01-16,10.257223125854876
1962-01-17,10.135405597956304
1962-01-18,10.124237056463096
1962-01-19,10.196862634776787
1962-01-22,10.1948110523503
1962-01-23,10.118329475700234
1962-01-24,10.159048842658432
1962-01-25,10.135662929772893
1962-01-26,10.076096473692797
1962-01-29,10.031502052566923
1962-01-30,10.112726619106208
1962-01-31,10.216610815572983
1962-02-01,10.280456047248625
1962-02-02,10.342112446408509
1962-02-05,10.383470058564976
1962-02-06,10.403444249713948
1962-02-07,10.442446026716725
1962-02-08,10.431996955133563
1962-02-09,10.430157260840257
1962-02-12,10.422578587449431
1962-02-13,10.433775942034682
1962-02-14,10.432720514547086
1962-02-15,10.506510997021964
1962-02-16,10.477599754713017
1962-02-19,10.403987443965567
1962-02-20,10.417491710786003
1962-02-21,10.372950718028635
1962-02-23,10.363340777331098
1962-02-26,10.30323604622914
1962-02-27,10.326144262164126
1962-02-28,10.35219853822548
1962-03-01,10.359952934539653
1962-03-02,10.309166888246525
1962-03-05,10.329768872498622
1962-03-06,10.29925416846505
1962-03-07,10.277352791692772
1962-03-08,10.328725517467072
1962-03-09,10.363046875639602
1962-03-12,10.343089376766258
1962-03-13,10.346443494749279
1962-03-14,10.399438804022468
1962-03-15,10.467800924482912
1962-03-16,10.451834023619691
1962-03-19,10.430137980583334
1962-03-20,10.425167080650876
1962-03-21,10.414728954079212
1962-03-22,10.397791488851633
1962-03-23,10.424548703924657
1962-03-26,10.342447259116332
1962-03-27,10.313740433880062
1962-03-28,10.355762891620252
1962-03-29,10.352649267512064
1962-03-30,10.274996175535463
1962-04-02,10.262643173140185
1962-04-03,10.199262161173381
1962-04-04,10.138049883973666
1962-04-05,10.208990813327299
1962-04-06,10.238331494744152
1962-04-09,10.170739871686262
1962-04-10,10.202767945246823
1962-04-11,10.17572439712807
1962-04-12,10.08387420310596
1962-04-13,10.086640079940322
1962-04-16,10.050573747774502
1962-04-17,10.104583729551383
1962-04-18,10.16620386813009
1962-04-19,10.215240825646013
1962-04-23,10.218046012835353
1962-04-24,10.20883994810731
1962-04-25,10.111596446300098
1962-04-26,10.036018428187193
1962-04-27,9.921349110176097
1962-04-30,9.779439750618927
1962-05-01,9.83467038782473
1962-05-02,9.88159789862029
1962-05-03,9.956680081897197
1962-05-04,9.928781423496796
1962-05-07,9.915371602643928
1962-05-08,9.812247193675196
1962-05-09,9.711146701244784
1962-05-10,9.600428958462
1962-05-11,9.461202162366762
1962-05-14,9.489579509867813
1962-05-15,9.661323801409086
1962-05-16,9.671207897208733
1962-05-17,9.663942544387714
1962-05-18,9.654024564377897
1962-05-21,9.638092710351001
1962-05-22,9.48724883829818
1962-05-23,9.299149723388922
1962-05-24,9.212639492696585
1962-05-25,9.023989293587364
1962-05-28,8.437617795189515
1962-05-29,8.836239538127087
1962-05-31,9.071471499413603
1962-06-01,9.069614247648083
1962-06-04,8.810892705718029
1962-06-05,8.841280103928415
1962-06-06,8.997105312139382
1962-06-07,9.019146336779603
1962-06-08,9.022748032349057
1962-06-11,8.950558219476417
1962-06-12,8.77936817331265
1962-06-13,8.680591320885977
1962-06-14,8.494166601906457
1962-06-15,8.67252249729032
1962-06-18,8.672926817148166
1962-06-19,8.600270737882791
1962-06-20,8.507134576877899
1962-06-21,8.33825878842661
1962-06-22,8.201486764446827
1962-06-25,8.10345531165996
1962-06-26,8.115190948490769
1962-06-27,8.134245605313733
1962-06-28,8.399209019451046
1962-06-29,8.473104518887197
1962-07-02,8.619036870086306
1962-07-03,8.699611501835204
1962-07-05,8.74374416325384
1962-07-06,8.678582653696168
1962-07-09,8.696790262624571
1962-07-10,8.791785807489937
1962-07-11,8.830239770759837
1962-07-12,8.893366078995683
1962-07-13,8.878892650010817
1962-07-16,8.888874337208534
1962-07-17,8.783296691827791
1962-07-18,8.707521976890515
1962-07-19,8.719267346971439
1962-07-20,8.770706097444897
1962-07-23,8.765421670858428
1962-07-24,8.74525595070855
1962-07-25,8.752457847212268
1962-07-26,8.768202637339776
1962-07-27,8.833520016942813
1962-07-30,8.923166959323561
1962-07-31,8.969771748400184
1962-08-01,8.920202999949689
1962-08-02,8.941602383470109
1962-08-03,8.961717412727173
1962-08-06,8.926087127189717
1962-08-07,8.886801358274802
1962-08-08,8.90144915762885
1962-08-09,8.897433623407483
1962-08-10,8.925005622477098
1962-08-13,8.946642517811702
1962-08-14,9.028044412309
1962-08-15,9.05939532011469
1962-08-16,9.063239297272967
1962-08-17,9.141403454162624
1962-08-20,9.183663665765177
1962-08-21,9.151972624367614
1962-08-22,9.229060629299394
1962-08-23,9.220734930034421
1962-08-24,9.211048086261494
1962-08-27,9.214494851790056
1962-08-28,9.135015382040567
1962-08-29,9.12997281985344
1962-08-30,9.161007394596098
1962-08-31,9.203593008282681
1962-09-04,9.146525724323409
1962-09-05,9.109929079636455
1962-09-06,9.146811894604971
1962-09-07,9.15457403396191
1962-09-10,9.16577361987193
1962-09-11,9.185240224024366
1962-09-12,9.217841962902485
1962-09-13,9.214143349166966
1962-09-14,9.240168913289708
1962-09-17,9.265803567739285
1962-09-18,9.266258887879365
1962-09-19,9.266481162498977
1962-09-20,9.225241516007294
1962-09-21,9.084774666507652
1962-09-24,8.937807901802683
1962-09-25,8.97354131191935
1962-09-26,8.882881455888862
1962-09-27,8.83934305863238
1962-09-28,8.901422000340292
1962-10-01,8.818176081822552
1962-10-02,8.906786950936755
1962-10-03,8.931699646904981
1962-10-04,9.024354106843544
1962-10-05,9.06448483938843
1962-10-08,9.054956087114544
1962-10-09,9.081423197145245
1962-10-10,9.083460913361403
1962-10-11,9.06368207152352
1962-10-12,9.046221677877321
1962-10-15,9.06928783938436
1962-10-16,9.06927540083189
1962-10-17,9.037969454474517
1962-10-18,8.978755437794627
1962-10-19,8.845412127099712
1962-10-22,8.726405791335953
1962-10-23,8.453698755190226
1962-10-24,8.72188244463055
1962-10-25,8.644404624035086
1962-10-26,8.650870143485806
1962-10-29,8.84874465061452
1962-10-30,8.973721709008336
1962-10-31,8.988283732415534
1962-11-01,9.03995457457847
1962-11-02,9.114752155581266
1962-11-05,9.217037024393422
1962-11-07,9.261499267946837
1962-11-08,9.21633535692091
1962-11-09,9.250877034355115
1962-11-12,9.339210465489604
1962-11-13,9.330785535675439
1962-11-14,9.434806796417208
1962-11-15,9.42229041852302
1962-11-16,9.430046221321954
1962-11-19,9.39608455916824
1962-11-20,9.505299017209103
1962-11-21,9.534039764767778
1962-11-23,9.621967718858961
1962-11-26,9.579631957814534
1962-11-27,9.640213210031328
1962-11-28,9.682130939432911
1962-11-29,9.75086411774537
1962-11-30,9.73744096777024
1962-12-03,9.721118160119522
1962-12-04,9.840920899173797
1962-12-05,9.899217476691192
1962-12-06,9.89202634650732
1962-12-07,9.929115110899355
1962-12-10,9.789095082750567
1962-12-11,9.797154192806225
1962-12-12,9.8348563466942
1962-12-13,9.808538335036769
1962-12-14,9.840653774454063
1962-12-17,9.828579503006027
1962-12-18,9.802029764077684
1962-12-19,9.923805306633263
1962-12-20,9.977364844791355
1962-12-21,9.932957914529908
1962-12-24,9.937901434091756
1962-12-26,10.003469064363992
1962-12-27,9.983700066120278
1962-12-28,9.966712484254755
1962-12-31,10.011300736460578
1963-01-02,9.982765858444974
1963-01-03,10.143957898253092
1963-01-04,10.19414415545242
1963-01-07,10.199995004217074
1963-01-08,10.287958265287726
1963-01-09,10.255292027823234
1963-01-10,10.27937817161075
1963-01-11,10.289390556682836
1963-01-14,10.32050887467331
1963-01-15,10.327725057970397
1963-01-16,10.281762314768276
1963-01-17,10.341132740349947
1963-01-18,10.339820501610737
1963-01-21,10.358424473466574
1963-01-22,10.38664158976713
1963-01-23,10.412338013849167
1963-01-24,10.453979153714682
1963-01-25,10.500733715525351
1963-01-28,10.555324727026516
1963-01-29,10.56217124022272
1963-01-30,10.508031055319224
1963-01-31,10.567121602716838
1963-02-01,10.58270133256913
1963-02-04,10.575019238601536
1963-02-05,10.558094849444027
1963-02-06,10.606378214513548
1963-02-07,10.614054499485418
1963-02-08,10.605539741840039
1963-02-11,10.530764099658786
1963-02-12,10.542588381722586
1963-02-13,10.588698522140428
1963-02-14,10.623370031325651
1963-02-15,10.634251698420247
1963-02-18,10.640360945542856
1963-02-19,10.597787718484122
1963-02-20,10.546381830084835
1963-02-21,10.557969986153594
1963-02-25,10.496457229060592
1963-02-26,10.496194227204146
1963-02-27,10.43111091393446
1963-02-28,10.324178002454802
1963-03-01,10.29215485281659
1963-03-04,10.413074354364687
1963-03-05,10.421121697978025
1963-03-06,10.439607323121159
1963-03-07,10.509536037832648
1963-03-08,10.525803338781175
1963-03-11,10.555255432406572
1963-03-12,10.590074838698566
1963-03-13,10.631893977682104
1963-03-14,10.595473672377992
1963-03-15,10.644202303986289
1963-03-18,10.607454728629076
1963-03-19,10.583576538744838
1963-03-20,10.674587540444252
1963-03-21,10.669770752543249
1963-03-22,10.735382458768118
1963-03-25,10.767307513544626
1963-03-26,10.794207890157333
1963-03-27,10.818757968241659
1963-03-28,10.809825010618798
1963-03-29,10.817927371951912
1963-04-01,10.895810733013345
1963-04-02,10.92956007506969
1963-04-03,11.014519561344333
1963-04-04,11.069018298873646
1963-04-05,11.109132850323874
1963-04-08,11.126620726829511
1963-04-09,11.123828659447888
1963-04-10,11.083777332996616
1963-04-11,11.182101808329884
1963-04-15,11.248893263589132
1963-04-16,11.240997946902313
1963-04-17,11.211760132615277
1963-04-18,11.24228991753034
1963-04-19,11.30636427514614
1963-04-22,11.326126199419546
1963-04-23,11.363487101948746
1963-04-24,11.371702678094866
1963-04-25,11.372260041246836
1963-04-26,11.332744372228397
1963-04-29,11.34150285705343
1963-04-30,11.408689220372622
1963-05-01,11.440049113116412
1963-05-02,11.493235169210937
1963-05-03,11.459887249168556
1963-05-06,11.373074896255256
1963-05-07,11.413145650419473
1963-05-08,11.542062511083822
1963-05-09,11.582999895102603
1963-05-10,11.622649664784761
1963-05-13,11.608978734335782
1963-05-14,11.574718848041474
1963-05-15,11.609701370187368
1963-05-16,11.60300374033757
1963-05-17,11.600090367032623
1963-05-20,11.553675993212273
1963-05-21,11.598432804779724
1963-05-22,11.626832895169677
1963-05-23,11.629717125842987
1963-05-24,11.627088524690421
1963-05-27,11.648584729817028
1963-05-28,11.688760388267147
1963-05-29,11.746884460866289
1963-05-31,11.817346512489374
1963-06-03,11.816147159302174
1963-06-04,11.79574336587678
1963-06-05,11.755922575004117
1963-06-06,11.76970958149492
1963-06-07,11.731154335465126
1963-06-10,11.64139771918341
1963-06-11,11.666418347871089
1963-06-12,11.722991557247562
1963-06-13,11.698368472689463
1963-06-14,11.713568134945321
1963-06-17,11.667284101711227
1963-06-18,11.69644174341264
1963-06-19,11.707252193475957
1963-06-20,11.692608928806807
1963-06-21,11.741707011625397
1963-06-24,11.76546610100363
1963-06-25,11.743679991522985
1963-06-26,11.62887153907925
1963-06-27,11.559082405104492
1963-06-28,11.62582294798027
1963-07-01,11.547041206901136
1963-07-02,11.644315503519591
1963-07-03,11.724945630190648
1963-07-05,11.774180828017757
1963-07-08,11.675852465664354
1963-07-09,11.748526057853928
1963-07-10,11.746745246323322
1963-07-11,11.715017903211024
1963-07-12,11.700948149089166
1963-07-15,11.613173015898402
1963-07-16,11.600100599207329
1963-07-17,11.55281818970473
1963-07-18,11.475691749663715
1963-07-19,11.427483059047992
1963-07-22,11.334339966393456
1963-07-23,11.312799587864554
1963-07-24,11.386028575712272
1963-07-25,11.369216815821666
1963-07-26,11.437705322073038
1963-07-29,11.463134418466835
1963-07-30,11.592083837212526
1963-07-31,11.590607175403806
1963-08-01,11.598993182423971
1963-08-02,11.651750408705269
1963-08-05,11.729516793474748
1963-08-06,11.792552842595954
1963-08-07,11.762475617436692
1963-08-08,11.776866791991925
1963-08-09,11.847523407443772
1963-08-12,11.87179991449959
1963-08-13,11.908589421570756
1963-08-14,11.915727150904976
1963-08-15,11.994657754864091
1963-08-16,12.028221437596958
1963-08-19,12.003250309878979
1963-08-20,11.997840957279562
1963-08-21,11.97984015082597
1963-08-22,12.034938074423879
1963-08-23,12.086671765045729
1963-08-26,12.108393239759533
1963-08-27,12.075087325595486
1963-08-28,12.21965096150792
1963-08-29,12.253246979930742
1963-08-30,12.3291914445489
1963-09-03,12.33626203272223
1963-09-04,12.302628351182296
1963-09-05,12.36474647304897
1963-09-06,12.296727520745657
1963-09-09,12.236759441284935
1963-09-10,12.33464251618213
1963-09-11,12.404916750979785
1963-09-12,12.394965703147065
1963-09-13,12.402084120010677
1963-09-16,12.396175011039654
1963-09-17,12.402050941312385
1963-09-18,12.32390516339975
1963-09-19,12.39506885520551
1963-09-20,12.422940004665747
1963-09-23,12.344350898944084
1963-09-24,12.345577103022547
1963-09-25,12.271185185002434
1963-09-26,12.135879953897879
1963-09-27,12.104296450333367
1963-09-30,11.987481876939018
1963-10-01,12.089952872982986
1963-10-02,12.12227742080146
1963-10-03,12.175908631847722
1963-10-04,12.19324518943073
1963-10-07,12.137753954830778
1963-10-08,12.14593809268918
1963-10-09,12.042063997693015
1963-10-10,12.038735734057953
1963-10-11,12.070024901819234
1963-10-14,12.066387947824493
1963-10-15,12.147828168009326
1963-10-16,12.313599391486552
1963-10-17,12.341582087170801
1963-10-18,12.350513868970328
1963-10-21,12.32549491793333
1963-10-22,12.274032440705325
1963-10-23,12.230453331151185
1963-10-24,12.306861590599514
1963-10-25,12.463435756471688
1963-10-28,12.560275794157585
1963-10-29,12.525679027097217
1963-10-30,12.371875452263565
1963-10-31,12.446389775835657
1963-11-01,12.422092536645751
1963-11-04,12.298455440278186
1963-11-06,12.196970083696641
1963-11-07,12.240259145268206
1963-11-08,12.329604743980187
1963-11-11,12.397710425342805
1963-11-12,12.358627371528053
1963-11-13,12.35830786807916
1963-11-14,12.302985831610071
1963-11-15,12.192238368748267
1963-11-18,12.095273458247272
1963-11-19,12.119451483163257
1963-11-20,12.137593714506252
1963-11-21,11.905151662476776
1963-11-22,11.510476815124312
1963-11-26,12.112008589959695
1963-11-27,12.09440495394599
1963-11-29,12.269452113175705
1963-12-02,12.329863212772764
1963-12-03,12.304892255147934
1963-12-04,12.3467148159137
1963-12-05,12.400414992400032
1963-12-06,12.339028484661053
1963-12-09,12.328204267965626
1963-12-10,12.34635824858363
1963-12-11,12.337695624555552
1963-12-12,12.351858944437682
1963-12-13,12.366980861466217
1963-12-16,12.390161757607158
1963-12-17,12.462940118845113
1963-12-18,12.399330278666959
1963-12-19,12.32055552257968
1963-12-20,12.235521678670935
1963-12-23,12.157809588909112
1963-12-24,12.240168586193484
1963-12-26,12.29949973137848
1963-12-27,12.308094495411373
1963-12-30,12.35607570082072
1963-12-31,12.462322744791306
1964-01-02,12.589110340356367
1964-01-03,12.569881616540268
1964-01-06,12.570787374465585
1964-01-07,12.54876536146661
1964-01-08,12.611793849363716
1964-01-09,12.69247538943217
1964-01-10,12.698475609859283
1964-01-13,12.66924481833786
1964-01-14,12.698670901798879
1964-01-15,12.788493105812766
1964-01-16,12.73823779325942
1964-01-17,12.732491605198835
1964-01-20,12.68663099588807
1964-01-21,12.690110267434958
1964-01-22,12.757333177294022
1964-01-23,12.786981257351027
1964-01-24,12.817343464491955
1964-01-27,12.795533715789304
1964-01-28,12.7827109724986
1964-01-29,12.709499736832061
1964-01-30,12.725363413933783
1964-01-31,12.833505450782889
1964-02-03,12.832193152984189
1964-02-04,12.801382126540158
1964-02-05,12.774486738973438
1964-02-06,12.794914057542876
1964-02-07,12.84608473587209
1964-02-10,12.841889932675436
1964-02-11,12.870459436314508
1964-02-12,12.918390216403976
1964-02-13,12.955517600154236
1964-02-14,12.955823321172048
1964-02-17,12.959046564532144
1964-02-18,12.977165227922866
1964-02-19,13.012198701283772
1964-02-20,13.060327880638093
1964-02-24,13.094912308524862
1964-02-25,13.139411913326816
1964-02-26,13.204093250422227
1964-02-27,13.130463934562325
1964-02-28,13.185915531063511
1964-03-02,13.205684788323827
1964-03-03,13.22283270405343
1964-03-04,13.201323187758916
1964-03-05,13.217142104348792
1964-03-06,13.283211894102077
1964-03-09,13.30212690419149
1964-03-10,13.374598871446992
1964-03-11,13.436757179256782
1964-03-12,13.473686803346931
1964-03-13,13.4965659929798
1964-03-16,13.465847526262372
1964-03-17,13.506226878441186
1964-03-18,13.518365635195986
1964-03-19,13.499070944149327
1964-03-20,13.435608744491297
1964-03-23,13.460772785938914
1964-03-24,13.443251389838096
1964-03-25,13.488277840841628
1964-03-26,13.561096970594738
1964-03-30,13.525844067131219
1964-03-31,13.480507660680138
1964-04-01,13.56440102408876
1964-04-02,13.656962961683805
1964-04-03,13.685964722610201
1964-04-06,13.70784901483389
1964-04-07,13.62661708480188
1964-04-08,13.624899194911087
1964-04-09,13.62693006775518
1964-04-10,13.706291346814004
1964-04-13,13.646302664197865
1964-04-14,13.649018986853612
1964-04-15,13.628527063515936
1964-04-16,13.623402721984927
1964-04-17,13.680274184379781
1964-04-20,13.658030392595277
1964-04-21,13.66894201329392
1964-04-22,13.675080397850323
1964-04-23,13.603621304016942
1964-04-24,13.492037532442378
1964-04-27,13.387791294755406
1964-04-28,13.500869023947185
1964-04-29,13.411395518826103
1964-04-30,13.371477856343795
1964-05-01,13.55263903763772
1964-05-04,13.635952956295634
1964-05-05,13.684340188216204
1964-05-06,13.728108360504914
1964-05-07,13.75624035555612
1964-05-08,13.742811906421844
1964-05-11,13.756882280623865
1964-05-12,13.80605503202033
1964-05-13,13.751158664252376
1964-05-14,13.72432986738277
1964-05-15,13.784713638532464
1964-05-18,13.7216222751759
1964-05-19,13.673907871453354
1964-05-20,13.790762265784611
1964-05-21,13.792120829183851
1964-05-22,13.792801126009188
1964-05-25,13.764166267917863
1964-05-26,13.737992239439686
1964-05-27,13.687854415187076
1964-05-28,13.703227126397964
1964-06-01,13.646005333791704
1964-06-02,13.579456000880432
1964-06-03,13.516300155110523
1964-06-04,13.332806836493575
1964-06-05,13.41212972893779
1964-06-08,13.31890351119872
1964-06-09,13.471056892360982
1964-06-10,13.520196674418743
1964-06-11,13.560401188423898
1964-06-12,13.547836711586337
1964-06-15,13.631813941128465
1964-06-16,13.727900152001718
1964-06-17,13.804427712231826
1964-06-18,13.788544135996169
1964-06-19,13.825748290119288
1964-06-22,13.865485908220323
1964-06-23,13.788174997213481
1964-06-24,13.818138397217025
1964-06-25,13.81188595235132
1964-06-26,13.827419403248118
1964-06-29,13.854711434885262
1964-06-30,13.903186187225755
1964-07-01,13.99040288852961
1964-07-02,14.040756217075451
1964-07-06,14.10288375287635
1964-07-07,14.119443659058398
1964-07-08,14.118360903971041
1964-07-09,14.118700272712275
1964-07-10,14.132452050016877
1964-07-13,14.10275144630898
1964-07-14,14.03504417477281
1964-07-15,14.106601638072242
1964-07-16,14.144675741400393
1964-07-17,14.199477155085182
1964-07-20,14.162541761362062
1964-07-21,14.130309936771866
1964-07-22,14.131002820152307
1964-07-23,14.120739487040305
1964-07-24,14.082604770486242
1964-07-27,14.00653518022363
1964-07-28,13.947731189223548
1964-07-29,13.990608877503558
1964-07-30,13.988506625444717
1964-07-31,13.987100430448942
1964-08-03,13.944078242963363
1964-08-04,13.78300884475609
1964-08-05,13.78642530711483
1964-08-06,13.690590660257234
1964-08-07,13.767588448359671
1964-08-10,13.768606726879813
1964-08-11,13.766526810017444
1964-08-12,13.844642330038203
1964-08-13,13.93358047522857
1964-08-14,13.941929281422755
1964-08-17,13.936340322713939
1964-08-18,13.946769556539653
1964-08-19,13.925136235737536
1964-08-20,13.840527864179613
1964-08-21,13.864046910211759
1964-08-24,13.841498143293922
1964-08-25,13.765350428273564
1964-08-26,13.726785017650466
1964-08-27,13.809819257044696
1964-08-28,13.889539899654242
1964-08-31,13.841247773106657
1964-09-01,13.933277826758482
1964-09-02,13.962169613564296
1964-09-03,14.012766659277993
1964-09-04,14.036217239940852
1964-09-08,14.056215078215866
1964-09-09,14.112083424799083
1964-09-10,14.1801501281955
1964-09-11,14.265217275880744
1964-09-14,14.26411902643916
1964-09-15,14.2266527717595
1964-09-16,14.223794516953495
1964-09-17,14.308415003080894
1964-09-18,14.269415706557698
1964-09-21,14.367859637486712
1964-09-22,14.375753750869187
1964-09-23,14.413107662288892
1964-09-24,14.429654311381391
1964-09-25,14.445880277468529
1964-09-28,14.468267236944902
1964-09-29,14.464640782663638
1964-09-30,14.446540835206715
1964-10-01,14.449418388518195
1964-10-02,14.444349538903976
1964-10-05,14.527037627162327
1964-10-06,14.581864326456715
1964-10-07,14.589497549043005
1964-10-08,14.619767742711767
1964-10-09,14.669821873411163
1964-10-12,14.684094767105545
1964-10-13,14.655818550689231
1964-10-14,14.6217193254633
1964-10-15,14.491943395730134
1964-10-16,14.609309619925952
1964-10-19,14.65750580192333
1964-10-20,14.75972609035716
1964-10-21,14.749736451835462
1964-10-22,14.737547917935313
1964-10-23,14.786908899038107
1964-10-26,14.765088201411771
1964-10-27,14.773911106217575
1964-10-28,14.682673400809954
1964-10-29,14.682295346159838
1964-10-30,14.731103482004706
1964-11-02,14.830529007371917
1964-11-04,14.834957904743133
1964-11-05,14.848658716675912
1964-11-06,14.901341493824257
1964-11-09,14.875964743126179
1964-11-10,14.788171368396931
1964-11-11,14.866515028390182
1964-11-12,14.909227339321905
1964-11-13,14.894674691125454
1964-11-16,14.98550548771102
1964-11-17,15.09337674915194
1964-11-18,15.142421203076225
1964-11-19,15.165114995120591
1964-11-20,15.197323413719378
1964-11-23,15.19007683246734
1964-11-24,15.128906311762213
1964-11-25,15.088421053913883
1964-11-27,15.004654928752892
1964-11-30,14.824968036549881
1964-12-01,14.630004251710657
1964-12-02,14.670211863320198
1964-12-03,14.72519505388187
1964-12-04,14.737339852758693
1964-12-07,14.748015766829885
1964-12-08,14.691592678241022
1964-12-09,14.58357991835141
1964-12-10,14.571893236673693
1964-12-11,14.605391050595316
1964-12-14,14.566307823283804
1964-12-15,14.510208351477207
1964-12-16,14.566055837906303
1964-12-17,14.63852032518216
1964-12-18,14.743542356029744
1964-12-21,14.775223918238998
1964-12-22,14.76043212444122
1964-12-23,14.722779758746396
1964-12-24,14.715027801551903
1964-12-28,14.703610230901461
1964-12-29,14.640743231172731
1964-12-30,14.728936883024053
1964-12-31,14.81508735781341
1965-01-04,14.662469727774678
1965-01-05,14.73537494277253
1965-01-06,14.793564033428908
1965-01-07,14.873442797677416
1965-01-08,14.882718345571071
1965-01-11,14.89757519550255
1965-01-12,14.934436250442403
1965-01-13,14.979228912835278
1965-01-14,14.994196182260064
1965-01-15,15.057916627099113
1965-01-18,15.079740658152865
1965-01-19,15.096308776065326
1965-01-20,15.098560402696153
1965-01-21,15.091759637476326
1965-01-22,15.14569790446227
1965-01-25,15.178231473729737
1965-01-26,15.193005045192914
1965-01-27,15.230961975650663
1965-01-28,15.280823179495009
1965-01-29,15.30028240035934
1965-02-01,15.281900407860348
1965-02-02,15.29334805260392
1965-02-03,15.297928795945879
1965-02-04,15.280712515596125
1965-02-05,15.226436356389
1965-02-08,15.21765022989389
1965-02-09,15.25682594740732
1965-02-10,15.092037362051439
1965-02-11,14.916952386844942
1965-02-12,15.054147606236299
1965-02-15,15.047723500002073
1965-02-16,14.995423190947994
1965-02-17,15.036265915199618
1965-02-18,15.083240896175251
1965-02-19,15.100571381492252
1965-02-23,15.158683219640043
1965-02-24,15.25113181663905
1965-02-25,15.290775640516417
1965-02-26,15.346186827230225
1965-03-01,15.368023282156807
1965-03-02,15.414118693894446
1965-03-03,15.42065086052043
1965-03-04,15.382465337503803
1965-03-05,15.342837993459506
1965-03-08,15.352795541911657
1965-03-09,15.347021756234106
1965-03-10,15.358132406950945
1965-03-11,15.4840603892091
1965-03-12,15.556818885458403
1965-03-15,15.549004493613857
1965-03-16,15.481739946916672
1965-03-17,15.470123398108425
1965-03-18,15.461607093629592
1965-03-19,15.484780137618998
1965-03-22,15.466181800192466
1965-03-23,15.484337122979813
1965-03-24,15.525350650900451
1965-03-25,15.47371998610789
1965-03-26,15.31471618095922
1965-03-29,15.23430487793214
1965-03-30,15.299792394178818
1965-03-31,15.313169039193244
1965-04-01,15.343790873972127
1965-04-02,15.380991124177076
1965-04-05,15.406360345958404
1965-04-06,15.394778487050377
1965-04-07,15.411702718254002
1965-04-08,15.524974856253163
1965-04-09,15.6285869973895
1965-04-12,15.710227051932048
1965-04-13,15.74634353899307
1965-04-14,15.784513461183177
1965-04-15,15.768318899637872
1965-04-19,15.879870019446642
1965-04-20,15.879040746117843
1965-04-21,15.819465075791989
1965-04-22,15.875997154150344
1965-04-23,15.91250134402034
1965-04-26,15.923236722081551
1965-04-27,15.964237660712245
1965-04-28,15.965807609452343
1965-04-29,15.980532838250262
1965-04-30,16.02805750902092
1965-05-03,16.06248320050119
1965-05-04,16.15039467604882
1965-05-05,16.128964022564247
1965-05-06,16.17733086859919
1965-05-07,16.20239078904741
1965-05-10,16.193454413064874
1965-05-11,16.153361673439097
1965-05-12,16.17394251555632
1965-05-13,16.222453913189707
1965-05-14,16.16119884243567
1965-05-17,16.06299517208843
1965-05-18,16.033671635944284
1965-05-19,16.039661565330846
1965-05-20,15.908917848493463
1965-05-21,15.866326900309558
1965-05-24,15.756441329941085
1965-05-25,15.856472977257875
1965-05-26,15.800954713917655
1965-05-27,15.648900882469633
1965-05-28,15.776038945530972
1965-06-01,15.64033262447471
1965-06-02,15.476865390156378
1965-06-03,15.46640111792183
1965-06-04,15.4826229252003
1965-06-07,15.404812742369147
1965-06-08,15.215321216320516
1965-06-09,15.085225256166982
1965-06-10,14.989038236239688
1965-06-11,15.061720481754636
1965-06-14,14.802644158255946
1965-06-15,14.92512540822674
1965-06-16,15.10608787189038
1965-06-17,15.209551612716675
1965-06-18,15.150985057861918
1965-06-21,15.096783913877626
1965-06-22,15.10921999583957
1965-06-23,14.998528287243284
1965-06-24,14.736420005539472
1965-06-25,14.64578151975303
1965-06-28,14.324378319820386
1965-06-29,14.457550703343326
1965-06-30,14.779186545187674
1965-07-01,14.869321219169837
1965-07-02,14.986024537481649
1965-07-06,14.988623482630244
1965-07-07,14.92565690055821
1965-07-08,15.082732778435997
1965-07-09,15.13813317120553
1965-07-12,15.150598167525176
1965-07-13,15.130875365714333
1965-07-14,15.15772508075679
1965-07-15,15.125878570255571
1965-07-16,15.123590365289
1965-07-19,15.119790565100452
1965-07-20,14.918687651006444
1965-07-21,14.807137821111358
1965-07-22,14.79602445498267
1965-07-23,14.815249093638537
1965-07-26,14.823377124930925
1965-07-27,14.801855859668441
1965-07-28,14.802218498183928
1965-07-29,14.909512416000375
1965-07-30,15.011247855987891
1965-08-02,15.06715633642295
1965-08-03,15.108200226053675
1965-08-04,15.171255969056428
1965-08-05,15.179593640853607
1965-08-06,15.239538375728184
1965-08-09,15.255525455280981
1965-08-10,15.262380531587729
1965-08-11,15.32380318892192
1965-08-12,15.364784989242906
1965-08-13,15.436608334901502
1965-08-16,15.481750975827607
1965-08-17,15.494892503857523
1965-08-18,15.524314574015573
1965-08-19,15.497140449713775
1965-08-20,15.487825680763455
1965-08-23,15.48122941336522
1965-08-24,15.510244111073535
1965-08-25,15.533480987834118
1965-08-26,15.58121680074447
1965-08-27,15.599127232002346
1965-08-30,15.609650211296907
1965-08-31,15.62564522304164
1965-09-01,15.641258563376383
1965-09-02,15.730008562845988
1965-09-03,15.833411032225138
1965-09-07,15.891992383492443
1965-09-08,15.864566446906412
1965-09-09,15.87920587792312
1965-09-10,15.88949471909758
1965-09-13,15.916495328148356
1965-09-14,15.820169734376982
1965-09-15,15.893728526618116
1965-09-16,16.013307116605247
1965-09-17,16.05773228971747
1965-09-20,16.065343090869565
1965-09-21,15.991420734655689
1965-09-22,16.09613947611663
1965-09-23,16.04099346495436
1965-09-24,16.097120284858242
1965-09-27,16.223852409825923
1965-09-28,16.17070595960863
1965-09-29,16.048995835727077
1965-09-30,16.023306746455198
1965-10-01,15.99004437123326
1965-10-04,16.053580063869028
1965-10-05,16.155497567951237
1965-10-06,16.160334381467827
1965-10-07,16.17284611040708
1965-10-08,16.308683860524933
1965-10-11,16.452990015051004
1965-10-12,16.447204568677645
1965-10-13,16.462824472439863
1965-10-14,16.473510907692926
1965-10-15,16.54226735794893
1965-10-18,16.631580902509803
1965-10-19,16.626991506943174
1965-10-20,16.659812942451705
1965-10-21,16.69769464406458
1965-10-22,16.66971041314034
1965-10-25,16.531751378984403
1965-10-26,16.618912371263107
1965-10-27,16.716519076511403
1965-10-28,16.69434209645009
1965-10-29,16.75443396878706
1965-11-01,16.715042728347463
1965-11-03,16.695803066493784
1965-11-04,16.736273214481766
1965-11-05,16.75297554046775
1965-11-08,16.70520536179294
1965-11-09,16.666754557087206
1965-11-10,16.66964826549738
1965-11-11,16.752133085159556
1965-11-12,16.899108249537626
1965-11-15,16.97215420039241
1965-11-16,16.948370613654934
1965-11-17,16.91272356836111
1965-11-18,16.87422894425365
1965-11-19,16.913868336973092
1965-11-22,16.847880298482487
1965-11-23,16.882391759179043
1965-11-24,16.907278101590013
1965-11-26,17.001934132064694
1965-11-29,17.060574055470592
1965-11-30,17.06352585870591
1965-12-01,17.08143081942054
1965-12-02,17.071148067542797
1965-12-03,17.09711656005086
1965-12-06,16.920148416086295
1965-12-07,17.126986414150746
1965-12-08,17.18133542219523
1965-12-09,17.262074685542434
1965-12-10,17.312993497862944
1965-12-13,17.370541881776564
1965-12-14,17.399616078733896
1965-12-15,17.417850137339332
1965-12-16,17.540162787614722
1965-12-17,17.594953737631407
1965-12-20,17.503000256690854
1965-12-21,17.563351841172
1965-12-22,17.51064433519078
1965-12-23,17.4274399327496
1965-12-27,17.345505040446422
1965-12-28,17.32337777301395
1965-12-29,17.37271613186737
1965-12-30,17.41960835220284
1965-12-31,17.48013059555662
1966-01-03,17.45039274475135
1966-01-04,17.473497011868073
1966-01-05,17.584002612359665
1966-01-06,17.606824855036695
1966-01-07,17.606801116683002
1966-01-10,17.717261647085447
1966-01-11,17.819984797313076
1966-01-12,17.840448069350487
1966-01-13,17.934991471547505
1966-01-14,17.97353874108562
1966-01-17,18.03552585351731
1966-01-18,18.05715048945609
1966-01-19,17.96276599560398
1966-01-20,17.942534661478714
1966-01-21,17.98558886710543
1966-01-24,18.08404372946691
1966-01-25,18.233208302583524
1966-01-26,18.252299314866143
1966-01-27,18.295610145176635
1966-01-28,18.267224955196017
1966-01-31,18.163541171407388
1966-02-01,17.91103439936589
1966-02-02,17.98131606284454
1966-02-03,18.013651367497175
1966-02-04,18.136571455471007
1966-02-07,18.2517271276037
1966-02-08,18.306463663242614
1966-02-09,18.52061974369691
1966-02-10,18.580790177895736
1966-02-11,18.656960957075473
1966-02-14,18.65784967356493
1966-02-15,18.595302645140922
1966-02-16,18.63200920584323
1966-02-17,18.53371171560227
1966-02-18,18.505437340721272
1966-02-21,18.37912047411267
1966-02-23,18.28858408587211
1966-02-24,18.235983216885664
1966-02-25,18.351298434428447
1966-02-28,18.493935443457
1966-03-01,18.20907530926659
1966-03-02,17.964148650246255
1966-03-03,18.092120744349174
1966-03-04,17.98307978188085
1966-03-07,17.653518310214476
1966-03-08,17.643339454814875
1966-03-09,17.853704792499293
1966-03-10,17.813502380239125
1966-03-11,17.757812048056337
1966-03-14,17.505621483583333
1966-03-15,17.293338632268117
1966-03-16,17.419982029617174
1966-03-17,17.517953233552973
1966-03-18,17.690051072178285
1966-03-21,17.95580385969868
1966-03-22,18.03474565452849
1966-03-23,18.012639192449615
1966-03-24,18.10989860468069
1966-03-25,18.257030181479333
1966-03-28,18.37933234329444
1966-03-29,18.2901725961192
1966-03-30,18.117315673013316
1966-03-31,18.241392813170922
1966-04-01,18.4324508074374
1966-04-04,18.627803331736505
1966-04-05,18.742326303379606
1966-04-06,18.81352003043342
1966-04-07,18.983780022719206
1966-04-11,19.157449808944282
1966-04-12,19.131076087459025
1966-04-13,19.212339993691195
1966-04-14,19.337187710188307
1966-04-15,19.312958180966287
1966-04-18,19.145401255921662
1966-04-19,19.156374836810514
1966-04-20,19.233447168104703
1966-04-21,19.263721860037474
1966-04-22,19.186159758381223
1966-04-25,19.113242995933504
1966-04-26,19.138047947425022
1966-04-27,19.056180931634483
1966-04-28,18.882266850448016
1966-04-29,18.937472277176013
1966-05-02,18.90715229125051
1966-05-03,18.638186382365625
1966-05-04,18.5044219639004
1966-05-05,18.020982935910915
1966-05-06,17.952896347770704
1966-05-09,17.52469107435164
1966-05-10,17.72837065820763
1966-05-11,17.769125930587098
1966-05-12,17.463483461428105
1966-05-13,17.231608378764133
1966-05-16,16.869734558496877
1966-05-17,16.628042490673227
1966-05-18,17.143488001678413
1966-05-19,17.149427508965896
1966-05-20,17.309718419090075
1966-05-23,17.562821502932003
1966-05-24,17.746337027507447
1966-05-25,17.876730586415345
1966-05-26,17.885192516213902
1966-05-27,17.969681977427214
1966-05-31,17.65609641929983
1966-06-01,17.674578206940637
1966-06-02,17.672789122634583
1966-06-03,17.7014719984034
1966-06-06,17.527079907932936
1966-06-07,17.385956625498267
1966-06-08,17.505460150137246
1966-06-09,17.805646297177248
1966-06-10,18.06777981707661
1966-06-13,18.111999358108807
1966-06-14,18.22245574172206
1966-06-15,18.179600897527024
1966-06-16,18.241397370184245
1966-06-17,18.305214440076515
1966-06-20,18.321641662826696
1966-06-21,18.458571959658748
1966-06-22,18.519932694739964
1966-06-23,18.34906814165493
1966-06-24,18.28893191033733
1966-06-27,18.07448080995017
1966-06-28,18.04236140898433
1966-06-29,17.77936137503901
1966-06-30,17.774882939259733
1966-07-01,17.97083214955297
1966-07-05,17.94833299312061
1966-07-06,18.21798594742348
1966-07-07,18.281263168130085
1966-07-08,18.324217517046804
1966-07-11,18.300380058970077
1966-07-12,18.240433072739375
1966-07-13,18.11227551787531
1966-07-14,18.244480545135048
1966-07-15,18.312881439520037
1966-07-18,18.25655909813934
1966-07-19,18.06074187636019
1966-07-20,17.888698617834955
1966-07-21,17.901648720898
1966-07-22,17.916818236512427
1966-07-25,17.425438179453284
1966-07-26,17.41015444749512
1966-07-27,17.532015658226626
1966-07-28,17.457931189874536
1966-07-29,17.453549398551424
1966-08-01,17.079578487191686
1966-08-02,17.101760203189183
1966-08-03,17.335187543895124
1966-08-04,17.50200958703442
1966-08-05,17.511612060163046
1966-08-08,17.483572512087438
1966-08-09,17.490983321492404
1966-08-10,17.39739677883853
1966-08-11,17.454355046973184
1966-08-12,17.600508298003504
1966-08-15,17.555150320622353
1966-08-16,17.307608927709577
1966-08-17,17.20158324779677
1966-08-18,16.93020719178861
1966-08-19,16.77485688187012
1966-08-22,16.39867016533013
1966-08-23,16.404377501886707
1966-08-24,16.597076260086602
1966-08-25,16.2916616762697
1966-08-26,15.783328869570171
1966-08-29,15.239939794330688
1966-08-30,15.615192382926182
1966-08-31,15.907090329011059
1966-09-01,15.876028255496932
1966-09-02,15.794635322564465
1966-09-06,15.661929097355097
1966-09-07,15.456353808112635
1966-09-08,15.421960100137484
1966-09-09,15.564170940934051
1966-09-12,15.967251918941786
1966-09-13,16.023901691073437
1966-09-14,16.240989348240944
1966-09-15,16.40136042017519
1966-09-16,16.379188476986347
1966-09-19,16.284155959932114
1966-09-20,16.17585289985578
1966-09-21,15.790840775360701
1966-09-22,15.878447817101481
1966-09-23,15.82680548041024
1966-09-26,15.936390919412192
1966-09-27,15.985344023916443
1966-09-28,15.748338337389702
1966-09-29,15.512481482046043
1966-09-30,15.56288183984926
1966-10-03,15.11503562082924
1966-10-04,15.113845776553955
1966-10-05,14.943428385495478
1966-10-06,14.697594216247387
1966-10-07,14.395520600655328
1966-10-10,14.787024788042448
1966-10-11,14.809478043687008
1966-10-12,15.212625641377066
1966-10-13,15.255949971885363
1966-10-14,15.2452402129902
1966-10-17,15.377474975333767
1966-10-18,15.696927039576988
1966-10-19,15.529346654707782
1966-10-20,15.44661638762397
1966-10-21,15.470924102479996
1966-10-24,15.473228326625621
1966-10-25,15.508399990630062
1966-10-26,15.64795159237863
1966-10-27,15.754705922889213
1966-10-28,15.760201481566693
1966-10-31,15.757029751849878
1966-11-01,16.01423603285534
1966-11-02,16.041811165786523
1966-11-03,16.041371487247837
1966-11-04,16.157658706046018
1966-11-07,16.177843532603024
1966-11-09,16.392978153068196
1966-11-10,16.504817879573174
1966-11-11,16.522538199407762
1966-11-14,16.452294198116924
1966-11-15,16.60405827462701
1966-11-16,16.81737314021343
1966-11-17,16.645789917161366
1966-11-18,16.560454310572247
1966-11-21,16.325268988979442
1966-11-22,16.288102565626183
1966-11-23,16.494520168055303
1966-11-25,16.67715889560448
1966-11-28,16.70959651563411
1966-11-29,16.70328415540883
1966-11-30,16.824778877582453
1966-12-01,16.74861495272267
1966-12-02,16.73184091578764
1966-12-05,16.792887761033573
1966-12-06,16.962470576208045
1966-12-07,17.17024766687079
1966-12-08,17.241920463007162
1966-12-09,17.215603496983718
1966-12-12,17.395904820868697
1966-12-13,17.335866860657546
1966-12-14,17.326742710446567
1966-12-15,17.12917639048896
1966-12-16,17.120161059998413
1966-12-19,17.12100015216622
1966-12-20,17.036233953071072
1966-12-21,17.14736823811672
1966-12-22,17.212067275986623
1966-12-23,17.150075428973643
1966-12-27,17.034294469177688
1966-12-28,16.954230084650288
1966-12-29,16.870285882016166
1966-12-30,16.871942813873634
1967-01-03,16.803175365624025
1967-01-04,16.78088230337052
1967-01-05,16.966700631342526
1967-01-06,17.12870149308253
1967-01-09,17.3307839056743
1967-01-10,17.31383548326979
1967-01-11,17.505983025251314
1967-01-12,17.610106613515523
1967-01-13,17.785735380955757
1967-01-16,17.733703545165824
1967-01-17,17.938035116520712
1967-01-18,17.998552631062566
1967-01-19,18.012471664294946
1967-01-20,18.07550888070432
1967-01-23,18.115231223917128
1967-01-24,18.205306815105686
1967-01-25,18.06555108759987
1967-01-26,18.08717951640519
1967-01-27,18.1735213059467
1967-01-30,18.248911678736313
1967-01-31,18.20323456216415
1967-02-01,18.13539206070465
1967-02-02,18.155316960096762
1967-02-03,18.22834841079016
1967-02-06,18.19186849904738
1967-02-07,18.12909701587102
1967-02-08,18.30900648651295
1967-02-09,18.254948485694005
1967-02-10,18.296902982226065
1967-02-13,18.384715735326065
1967-02-14,18.577735374863373
1967-02-15,18.599034429817912
1967-02-16,18.51669208767215
1967-02-17,18.540716065509617
1967-02-20,18.50871623194614
1967-02-21,18.533228909728432
1967-02-23,18.523948998793507
1967-02-24,18.579971396751816
1967-02-27,18.379800129739763
1967-02-28,18.487730306860804
1967-03-01,18.79222353531379
1967-03-02,18.88045434545352
1967-03-03,18.891269710314607
1967-03-06,18.896440848372855
1967-03-07,18.881768617659276
1967-03-08,18.902973954365024
1967-03-09,18.96298272806998
1967-03-10,18.938303712835054
1967-03-13,18.82701337248857
1967-03-14,18.779910654700124
1967-03-15,18.940446611284916
1967-03-16,19.11087604904844
1967-03-17,19.09222449600382
1967-03-20,19.040647734819757
1967-03-21,18.993979578584185
1967-03-22,19.01200718280584
1967-03-23,19.175963473831494
1967-03-27,19.17976431926009
1967-03-28,19.15670933859504
1967-03-29,19.143766812545564
1967-03-30,19.167189889928245
1967-03-31,19.035859228206917
1967-04-03,18.7193609738188
1967-04-04,18.724010944135703
1967-04-05,18.895314864600252
1967-04-06,18.9524501857934
1967-04-07,18.831132092709616
1967-04-10,18.53967180981402
1967-04-11,18.69956805080764
1967-04-12,18.677076025979172
1967-04-13,18.86755717186224
1967-04-14,19.06610471040779
1967-04-17,19.159984538118106
1967-04-18,19.361143423691068
1967-04-19,19.35239643673513
1967-04-20,19.385719197617266
1967-04-21,19.42105099891808
1967-04-24,19.47686501348463
1967-04-25,19.58735300955904
1967-04-26,19.58095377661325
1967-04-27,19.788936418324706
1967-04-28,19.744837549000156
1967-05-01,19.751224309651736
1967-05-02,19.737355661059347
1967-05-03,19.751134750633373
1967-05-04,19.76344168550906
1967-05-05,19.733294671804032
1967-05-08,19.681957921582338
1967-05-09,19.48462382766428
1967-05-10,19.505501945751433
1967-05-11,19.56104548583686
1967-05-12,19.559529159845546
1967-05-15,19.384927647519717
1967-05-16,19.57146573556843
1967-05-17,19.538144775442046
1967-05-18,19.505897555478978
1967-05-19,19.439071602085182
1967-05-22,19.357898181398248
1967-05-23,19.30561319673409
1967-05-24,19.07248022756043
1967-05-25,19.211198855253127
1967-05-26,19.189112220209214
1967-05-29,19.117599538696965
1967-05-31,18.718029730970915
1967-06-01,18.994549820146695
1967-06-02,18.941327049528752
1967-06-05,18.619293214748414
1967-06-06,19.05403142020214
1967-06-07,19.2435753122935
1967-06-08,19.360946025152245
1967-06-09,19.465959809382074
1967-06-12,19.61193171015864
1967-06-13,19.741342047547754
1967-06-14,19.75415822015768
1967-06-15,19.803015128926827
1967-06-16,19.81141485924681
1967-06-19,19.83615905222163
1967-06-20,19.860438511396833
1967-06-21,19.807781394222776
1967-06-22,19.794388813900255
1967-06-23,19.82307964363824
1967-06-26,19.79183704775774
1967-06-27,19.687457875209812
1967-06-28,19.679066229746873
1967-06-29,19.572296770862373
1967-06-30,19.557099605449825
1967-07-03,19.634329271214117
1967-07-05,19.772736521359015
1967-07-06,19.782107208747178
1967-07-07,19.908206451677785
1967-07-10,20.02265613160294
1967-07-11,20.091716565787234
1967-07-12,20.16202576929584
1967-07-13,20.20232415267696
1967-07-14,20.241183830473158
1967-07-17,20.249764480586688
1967-07-18,20.328716336948847
1967-07-19,20.370869507589223
1967-07-20,20.361656008366918
1967-07-21,20.31582144923485
1967-07-24,20.221319439022594
1967-07-25,20.235962868808066
1967-07-26,20.367478182783884
1967-07-27,20.47333842913609
1967-07-28,20.54598736228524
1967-07-31,20.592197879399826
1967-08-01,20.758477806088166
1967-08-02,20.84771987245847
1967-08-03,20.802863096916788
1967-08-04,20.851219305538873
1967-08-07,20.817324391577852
1967-08-08,20.792850367890992
1967-08-09,20.80424972490343
1967-08-10,20.703330749615574
1967-08-11,20.56147238535072
1967-08-14,20.418554989713513
1967-08-15,20.41648486503821
1967-08-16,20.409317663386204
1967-08-17,20.421544868142263
1967-08-18,20.47613873523917
1967-08-21,20.433632660879855
1967-08-22,20.354430152825433
1967-08-23,20.40987522958375
1967-08-24,20.28534085214052
1967-08-25,20.210757655289886
1967-08-28,20.233462518500275
1967-08-29,20.33360165546741
1967-08-30,20.43881609536887
1967-08-31,20.621726830517414
1967-09-01,20.708314736424704
1967-09-05,20.842900102041273
1967-09-06,20.913212164241646
1967-09-07,20.905858942623535
1967-09-08,20.96280643807522
1967-09-11,21.02200317384545
1967-09-12,21.15858421604133
1967-09-13,21.279686982911766
1967-09-14,21.23498987496655
1967-09-15,21.275278791435813
1967-09-18,21.291223031285682
1967-09-19,21.18209254893395
1967-09-20,21.201132058489915
1967-09-21,21.43166653347585
1967-09-22,21.476042036942715
1967-09-25,21.532379849381844
1967-09-26,21.315390763639908
1967-09-27,21.361200107352584
1967-09-28,21.377731839003804
1967-09-29,21.386782514806214
1967-10-02,21.298529437364333
1967-10-03,21.374658533888375
1967-10-04,21.361801011947055
1967-10-05,21.398626566045944
1967-10-06,21.610977866239757
1967-10-09,21.607149010156505
1967-10-10,21.425081725811662
1967-10-11,21.38916276198117
1967-10-12,21.28433214587295
1967-10-13,21.314643577014674
1967-10-16,21.137711719208834
1967-10-17,21.095411832977494
1967-10-18,21.189248729278145
1967-10-19,21.200317152770147
1967-10-20,21.14993376640408
1967-10-23,21.010823195531273
1967-10-24,20.936735016812246
1967-10-25,21.042390659327367
1967-10-26,21.172307155759256
1967-10-27,21.172268095858982
1967-10-30,21.08968412370979
1967-10-31,20.8650575173516
1967-11-01,20.61358539209979
1967-11-02,20.46822672540267
1967-11-03,20.371499992817878
1967-11-06,20.309350720748533
1967-11-08,20.206262777903344
1967-11-09,20.28806067261561
1967-11-10,20.411791922627184
1967-11-13,20.30053252355003
1967-11-14,20.14064279437594
1967-11-15,20.315838358623896
1967-11-16,20.57125700188716
1967-11-17,20.691034382602528
1967-11-20,20.339797880967026
1967-11-21,20.783682652228407
1967-11-22,20.91091492031954
1967-11-24,20.96997236269359
1967-11-27,21.05016492711616
1967-11-28,21.160135438736088
1967-11-29,21.155349416835467
1967-11-30,21.05801045568566
1967-12-01,21.19433499031177
1967-12-04,21.423740518125168
1967-12-05,21.400679033708183
1967-12-06,21.453082509831408
1967-12-07,21.40262559897352
1967-12-08,21.45662555839316
1967-12-11,21.450696903198054
1967-12-12,21.520381665809044
1967-12-13,21.626309187840864
1967-12-14,21.673852829383843
1967-12-15,21.53513479930907
1967-12-18,21.390258273961262
1967-12-19,21.362908401636524
1967-12-20,21.481990215034408
1967-12-21,21.515261490937192
1967-12-22,21.49212051421931
1967-12-26,21.552790310158823
1967-12-27,21.649177199612794
1967-12-28,21.56037494518126
1967-12-29,21.745212582519578
1968-01-02,21.63591097945423
1968-01-03,21.50278218594203
1968-01-04,21.426922625460097
1968-01-05,21.573633313217723
1968-01-08,21.727864020598158
1968-01-09,21.796264861722
1968-01-10,21.87684152802454
1968-01-11,21.96703425559159
1968-01-12,22.041116884914807
1968-01-15,22.015194163026596
1968-01-16,21.86600701669077
1968-01-17,21.92392848219136
1968-01-18,21.92062978141856
1968-01-19,21.866350799233665
1968-01-22,21.545421333294495
1968-01-23,21.50604841957803
1968-01-24,21.392016267575077
1968-01-25,21.397865190786934
1968-01-26,21.42941259082361
1968-01-29,21.365654489538116
1968-01-30,21.252399201630784
1968-01-31,21.01485663325327
1968-02-01,21.085192299061376
1968-02-02,20.976053432268422
1968-02-05,20.88423727648632
1968-02-06,20.91502708419313
1968-02-07,20.96938809513695
1968-02-08,20.643297638433026
1968-02-09,20.33825598688152
1968-02-13,20.14400992425434
1968-02-14,20.41089126571237
1968-02-15,20.466425856646964
1968-02-16,20.383511802901914
1968-02-19,20.467557568260474
1968-02-20,20.655315138986612
1968-02-21,20.80607046235487
1968-02-23,20.67913546940609
1968-02-26,20.55242561901383
1968-02-27,20.709624977234267
1968-02-28,20.601400064029967
1968-02-29,20.432940098731656
1968-03-01,20.313869963467862
1968-03-04,19.960388172293793
1968-03-05,19.889475153684447
1968-03-06,20.30011921989671
1968-03-07,20.275696748714378
1968-03-08,20.248809150047165
1968-03-11,20.58693604705969
1968-03-12,20.6898132384735
1968-03-13,20.682042725492785
1968-03-14,20.218204811067867
1968-03-15,20.3955728762414
1968-03-18,20.568856616702273
1968-03-19,20.441323118239797
1968-03-20,20.458156331083412
1968-03-21,20.286282734290367
1968-03-22,20.327326070110523
1968-03-25,20.293257673252796
1968-03-26,20.445948309032275
1968-03-27,20.660085526654658
1968-03-28,20.65543087214807
1968-03-29,20.828919958919087
1968-04-01,21.35009963463446
1968-04-02,21.454633753897028
1968-04-03,21.692220077604308
1968-04-04,21.797373178834555
1968-04-05,21.61531241075165
1968-04-08,22.027068285728195
1968-04-10,22.232988375382394
1968-04-11,22.374648306918445
1968-04-15,22.371811878453233
1968-04-16,22.44673317465536
1968-04-17,22.535917948218753
1968-04-18,22.58093833461283
1968-04-19,22.2309060572255
1968-04-22,22.13192625828246
1968-04-23,22.524746738006467
1968-04-24,22.593957331818885
1968-04-25,22.70463914597536
1968-04-26,22.80280834572216
1968-04-29,22.929345382160953
1968-04-30,23.015268578196878
1968-05-01,23.168311460735868
1968-05-02,23.296865503449872
1968-05-03,23.275275106534508
1968-05-06,23.28047039098969
1968-05-07,23.391017838983046
1968-05-08,23.45180122448941
1968-05-09,23.338042530396844
1968-05-10,23.465222482899655
1968-05-13,23.43643417152399
1968-05-14,23.45981393934139
1968-05-15,23.45919756335855
1968-05-16,23.34011441861279
1968-05-17,23.24554650601529
1968-05-20,23.154263563897555
1968-05-21,23.36318578771864
1968-05-22,23.442561084979662
1968-05-23,23.473608441967702
1968-05-24,23.595627317080954
1968-05-27,23.62687095669224
1968-05-28,23.717200215333882
1968-05-29,23.850562838077945
1968-05-31,24.11762588726642
1968-06-03,24.45157944071221
1968-06-04,24.58900164382004
1968-06-05,24.440776047066603
1968-06-06,24.686973091131552
1968-06-07,24.85049261194513
1968-06-10,24.87717507289736
1968-06-11,24.958637536874583
1968-06-13,24.845015992995197
1968-06-14,24.785291161005425
1968-06-17,24.476058464678445
1968-06-18,24.472321849490232
1968-06-20,24.65583898730913
1968-06-21,24.713700487057668
1968-06-24,24.584527866706523
1968-06-25,24.56353116711592
1968-06-27,24.634736437026294
1968-06-28,24.549701922584845
1968-07-01,24.48950508266366
1968-07-02,24.663342246621475
1968-07-03,25.1214207998334
1968-07-08,25.49251126774137
1968-07-09,25.495654805971697
1968-07-11,25.412758672007694
1968-07-12,25.387286058544717
1968-07-15,25.3739209042962
1968-07-16,25.2679749880335
1968-07-18,25.195929948593275
1968-07-19,24.836824431743572
1968-07-22,24.41700376354694
1968-07-23,24.305267539744577
1968-07-25,23.819107900857446
1968-07-26,23.800597698004903
1968-07-29,23.59826796775033
1968-07-30,23.65721949653231
1968-08-01,23.5784904464088
1968-08-02,23.434637260112282
1968-08-05,23.562321065401296
1968-08-06,23.746667590939435
1968-08-08,23.76326402685338
1968-08-09,23.7703490615955
1968-08-12,24.033537176034958
1968-08-13,24.204744117054783
1968-08-15,24.13997740097665
1968-08-16,24.29984718875345
1968-08-19,24.474772961058562
1968-08-20,24.505335406268827
1968-08-22,24.348446239959245
1968-08-23,24.34780996105242
1968-08-26,24.40314342218574
1968-08-27,24.276227850857346
1968-08-29,24.198493447288847
1968-08-30,24.257753595406818
1968-09-03,24.380834333469615
1968-09-04,24.53014101206311
1968-09-05,24.64231527941109
1968-09-06,24.80862590318304
1968-09-09,24.858203648469367
1968-09-10,24.776745431394296
1968-09-12,24.76806130107464
1968-09-13,24.912923619110575
1968-09-16,25.003832174808075
1968-09-17,25.112562269267915
1968-09-19,25.20607645489367
1968-09-20,25.278483166538425
1968-09-23,25.378938407441336
1968-09-24,25.47409055511399
1968-09-26,25.498908105565583
1968-09-27,25.65187881031164
1968-09-30,25.823064030825577
1968-10-01,25.863665184744566
1968-10-03,25.930875924357668
1968-10-04,25.9756027990904
1968-10-07,25.974264314287957
1968-10-08,25.941776377997527
1968-10-10,25.85745492521503
1968-10-11,25.945982217767412
1968-10-14,26.018600014252947
1968-10-15,26.066718827908492
1968-10-17,26.253074903834175
1968-10-18,26.396799677549726
1968-10-21,26.450218012318675
1968-10-22,26.41648113233748
1968-10-24,26.389379632670842
1968-10-25,26.49756050586596
1968-10-28,26.458439713504085
1968-10-29,26.312898860636764
1968-10-31,26.27732690460996
1968-11-01,26.173498702194884
1968-11-04,26.119809594987792
1968-11-06,26.192926032959353
1968-11-07,26.194198456698338
1968-11-08,26.323838681024103
1968-11-12,26.500848366549818
1968-11-13,26.688984341220475
1968-11-14,26.746347067090436
1968-11-15,26.79580575003374
1968-11-18,26.795094733443285
1968-11-19,26.91696631794428
1968-11-21,26.85839050049845
1968-11-22,27.02825458387285
1968-11-25,27.13228808735191
1968-11-26,27.308633677865426
1968-11-27,27.495673232241828
1968-11-29,27.71972855511657
1968-12-02,27.70790266550687
1968-12-03,27.68225589294005
1968-12-05,27.683580777167762
1968-12-06,27.777623706085436
1968-12-09,27.814358371035866
1968-12-10,27.71558435708072
1968-12-12,27.786929329468183
1968-12-13,27.941796345794423
1968-12-16,27.823719947711258
1968-12-17,27.642821872310133
1968-12-19,27.599960913619793
1968-12-20,27.540578243423905
1968-12-23,27.252739599106686
1968-12-24,27.16210914300839
1968-12-26,27.198757182095783
1968-12-27,27.039618124470127
1968-12-30,26.700922735201203
1968-12-31,26.76095390999747
1969-01-02,26.749534798767197
1969-01-03,26.696638698953233
1969-01-06,26.323634058154344
1969-01-07,25.894521081577
1969-01-08,25.73266332141955
1969-01-09,25.851023167250602
1969-01-10,25.830984124571707
1969-01-13,25.5558333119307
1969-01-14,25.78134595115725
1969-01-15,25.984302091714095
1969-01-16,26.134330806290574
1969-01-17,26.187864849849685
1969-01-20,26.19175708953883
1969-01-21,26.1039915394504
1969-01-22,26.187510189269922
1969-01-23,26.334791964623772
1969-01-24,26.365060753241256
1969-01-27,26.38612315151982
1969-01-28,26.39995146571706
1969-01-29,26.446801632424265
1969-01-30,26.45138988581033
1969-01-31,26.58956948683488
1969-02-03,26.606147273378323
1969-02-04,26.6054540352088
1969-02-05,26.6546591315449
1969-02-06,26.71859764357776
1969-02-07,26.75393039160131
1969-02-11,26.731171864789292
1969-02-12,26.69372685101282
1969-02-13,26.66166834719535
1969-02-14,26.637644175780682
1969-02-17,26.281324912117274
1969-02-18,25.88837351377455
1969-02-19,25.70064497422761
1969-02-20,25.432675081082692
1969-02-24,24.993939493682042
1969-02-25,24.774581751114233
1969-02-26,24.87860581702365
1969-02-27,24.732422457471717
1969-02-28,24.73484500453327
1969-03-03,24.700187819118508
1969-03-04,24.90391636128455
1969-03-05,24.991695849975823
1969-03-06,24.681780221390923
1969-03-07,24.602791186595027
1969-03-10,24.65931670294186
1969-03-11,24.771503618737007
1969-03-12,24.697786268123146
1969-03-13,24.552047474161125
1969-03-14,24.38934599818994
1969-03-17,24.42894087539071
1969-03-18,24.59136924105548
1969-03-19,24.80834433061651
1969-03-20,24.958405434943952
1969-03-21,24.920335506617835
1969-03-24,24.889164678090328
1969-03-25,24.956344495606235
1969-03-26,25.227724614145355
1969-03-27,25.42195435978846
1969-03-28,25.557271738371412
1969-04-01,25.543185702210543
1969-04-02,25.362441652532087
1969-04-03,25.3364287232838
1969-04-07,25.095682250438998
1969-04-08,25.193520437829854
1969-04-09,25.43158590624667
1969-04-10,25.536461789847003
1969-04-11,25.56452739301693
1969-04-14,25.54597142042211
1969-04-15,25.529980757504568
1969-04-16,25.225522327524562
1969-04-17,25.252607976995595
1969-04-18,25.369372462183943
1969-04-21,25.20188960607841
1969-04-22,25.23775656890585
1969-04-23,25.352561304271823
1969-04-24,25.445698404181286
1969-04-25,25.567187285169023
1969-04-28,25.638746384057274
1969-04-29,25.799608935543425
1969-04-30,26.060136751368884
1969-05-01,25.994273786830608
1969-05-02,26.104705941418437
1969-05-05,26.302413730890063
1969-05-06,26.39441225551309
1969-05-07,26.363340367139386
1969-05-08,26.42586967507421
1969-05-09,26.472743579544343
1969-05-12,26.458164257309903
1969-05-13,26.615559376990422
1969-05-14,26.755274440570442
1969-05-15,26.713098344594425
1969-05-16,26.67567145228407
1969-05-19,26.45553954120867
1969-05-20,26.283535468080284
1969-05-21,26.42018525392939
1969-05-22,26.480266807824044
1969-05-23,26.380886515025125
1969-05-26,26.36437133572521
1969-05-27,26.2028446607827
1969-05-28,26.112397883055493
1969-05-29,26.236405445739184
1969-06-02,26.09797626340962
1969-06-03,26.019674650805587
1969-06-04,26.050216414159877
1969-06-05,26.062579366055484
1969-06-06,25.89183679824227
1969-06-09,25.537789833494422
1969-06-10,25.3391728389903
1969-06-11,25.111740792139987
1969-06-12,24.769564737058285
1969-06-13,24.81350650154216
1969-06-16,24.735916452711823
1969-06-17,24.61838334312717
1969-06-18,24.59189788700486
1969-06-19,24.32504398610611
1969-06-20,24.178434264320373
1969-06-23,23.99824985107325
1969-06-24,24.22738828509479
1969-06-25,24.182551447946462
1969-06-26,24.206678523860646
1969-06-27,24.23447323087012
1969-06-30,24.28654520556567
1969-07-01,24.34482805553826
1969-07-02,24.51700473373454
1969-07-03,24.705142233874035
1969-07-07,24.611204381539057
1969-07-08,24.293663756324527
1969-07-09,24.111471715432135
1969-07-10,23.752786058444123
1969-07-11,23.91603092847814
1969-07-14,23.657107146674285
1969-07-15,23.534663475612938
1969-07-16,23.72228296607186
1969-07-17,23.841454619638796
1969-07-18,23.6882376243324
1969-07-22,23.322817950448034
1969-07-23,23.130352724579215
1969-07-24,23.080009008444986
1969-07-25,22.897664029260053
1969-07-28,22.377824462673605
1969-07-29,22.033105640801036
1969-07-30,22.132206287576654
1969-07-31,22.637336148354134
1969-08-01,23.127942042443742
1969-08-04,23.04114643499853
1969-08-05,23.20181942198453
1969-08-06,23.325334075156686
1969-08-07,23.36960310300341
1969-08-08,23.412229403184394
1969-08-11,23.289280046669145
1969-08-12,23.152424396554036
1969-08-13,23.147181630302374
1969-08-14,23.362441948669982
1969-08-15,23.585498938147953
1969-08-18,23.70573978077511
1969-08-19,23.86928801188822
1969-08-20,23.899649552874756
1969-08-21,23.9617837058865
1969-08-22,24.157050558105418
1969-08-25,23.98791551315389
1969-08-26,23.7929885408337
1969-08-27,23.816746862225617
1969-08-28,23.89707049024194
1969-08-29,24.09297994503902
1969-09-02,24.068828475932044
1969-09-03,23.943040685878138
1969-09-04,23.720920994323002
1969-09-05,23.612354582640307
1969-09-08,23.338437495123873
1969-09-09,23.500576222412946
1969-09-10,23.771961853739555
1969-09-11,23.75762440079115
1969-09-12,23.769485969755774
1969-09-15,23.797985566803188
1969-09-16,23.82584408625711
1969-09-17,23.819242166021215
1969-09-18,23.91568886576236
1969-09-19,23.965883169290795
1969-09-22,24.047890726795643
1969-09-23,24.154864873242254
1969-09-24,24.166917644306118
1969-09-25,24.09738777888399
1969-09-26,23.934672502350956
1969-09-29,23.732412274181232
1969-09-30,23.647541771956902
1969-10-01,23.518655883424717
1969-10-02,23.677973945256298
1969-10-03,23.735954626992772
1969-10-06,23.719917477344868
1969-10-07,23.718075884689597
1969-10-08,23.584686943651253
1969-10-09,23.684296229848908
1969-10-10,23.85830468163099
1969-10-13,24.147541080241734
1969-10-14,24.47772529964388
1969-10-15,24.501568874657057
1969-10-16,24.695122942278374
1969-10-17,24.667255881830965
1969-10-20,24.836823063355403
1969-10-21,25.06460538593399
1969-10-22,25.251313707315333
1969-10-23,25.17422161139786
1969-10-24,25.434112921790472
1969-10-27,25.404144547587595
1969-10-28,25.312667135776795
1969-10-29,25.016502025892425
1969-10-30,25.049614040052525
1969-10-31,25.051465553657017
1969-11-03,24.985053874444326
1969-11-04,24.967552445627728
1969-11-05,25.12292769251142
1969-11-06,25.218985702425698
1969-11-07,25.3967425595803
1969-11-10,25.44623936018769
1969-11-11,25.350791293645855
1969-11-12,25.31207575821559
1969-11-13,25.158278756377147
1969-11-14,25.02742832312984
1969-11-17,24.804039201717682
1969-11-18,24.764935045639113
1969-11-19,24.63675907960673
1969-11-20,24.388506039435303
1969-11-21,24.211667511218252
1969-11-24,23.951981091491103
1969-11-25,23.99508359100618
1969-11-26,24.091636146826744
1969-11-28,24.310198435687195
1969-12-01,24.267002441344545
1969-12-02,24.123808095646204
1969-12-03,23.909659992989013
1969-12-04,23.991520017907447
1969-12-05,23.94408575997494
1969-12-08,23.674752464930293
1969-12-09,23.681241471669352
1969-12-10,23.712595114193125
1969-12-11,23.73687118864037
1969-12-12,23.816949967971745
1969-12-15,23.813932798318376
1969-12-16,23.660915412851026
1969-12-17,23.541381291209255
1969-12-18,23.901535897794794
1969-12-19,24.015608371331112
1969-12-22,23.80902719178409
1969-12-23,23.638158080321585
1969-12-24,23.857349581480577
1969-12-26,24.03566808766651
1969-12-29,23.936496455415533
1969-12-30,23.99750635808479
1969-12-31,24.1696562214698
1970-01-02,24.266915897224443
1970-01-05,24.324506668072473
1970-01-06,24.264860488563045
1970-01-07,24.305478850987566
1970-01-08,24.330370553066174
1970-01-09,24.33762803904491
1970-01-12,24.190972669338294
1970-01-13,24.281671563956913
1970-01-14,24.300436295450048
1970-01-15,24.317423213439756
1970-01-16,24.137402522905447
1970-01-19,23.73479895009826
1970-01-20,23.83613416554121
1970-01-21,23.860496411008693
1970-01-22,23.825863286478285
1970-01-23,23.70727827508252
1970-01-26,23.371197217828676
1970-01-27,23.16137581931174
1970-01-28,22.834786739310175
1970-01-29,22.628087163403766
1970-01-30,22.504125431204248
1970-02-02,22.819659888641585
1970-02-03,23.088876374455836
1970-02-04,22.89773897782968
1970-02-05,22.88450614734555
1970-02-06,23.125895168841488
1970-02-09,23.380249938647612
1970-02-10,23.204853880696508
1970-02-11,23.409598388073086
1970-02-12,23.401918502029528
1970-02-13,23.460976370231077
1970-02-16,23.428625947674814
1970-02-17,23.369453748607654
1970-02-18,23.536508473964012
1970-02-19,23.517059915540976
1970-02-20,23.592298716883317
1970-02-24,23.487222264569038
1970-02-25,23.76904087824982
1970-02-26,23.644243483987132
1970-02-27,23.74824473225619
1970-03-02,23.698897518748765
1970-03-03,23.83271837355574
1970-03-04,23.7516180477218
1970-03-05,23.669024175412527
1970-03-06,23.489108654677594
1970-03-09,23.222470415895863
1970-03-10,23.286847702674542
1970-03-11,23.241928244619224
1970-03-12,23.164616630264945
1970-03-13,22.969984156201452
1970-03-16,22.69542361009126
1970-03-17,22.77709918380309
1970-03-18,22.83343553298685
1970-03-19,22.79858355737812
1970-03-20,22.6663185725756
1970-03-23,22.64644454234202
1970-03-24,22.867776631100774
1970-03-25,23.32109883536659
1970-03-26,23.32688822376084
1970-03-30,23.335028430573065
1970-03-31,23.32273586576837
1970-04-01,23.385096984722704
1970-04-02,23.20557731035948
1970-04-03,23.076140231682896
1970-04-06,22.88395456061919
1970-04-07,22.75974957829543
1970-04-08,22.76484520094608
1970-04-09,22.757976194398985
1970-04-10,22.582158410586842
1970-04-13,22.51040915657782
1970-04-14,22.338126794082527
1970-04-15,22.261584499132557
1970-04-16,22.021686370882545
1970-04-17,21.92638300815622
1970-04-20,21.950475298871666
1970-04-21,21.893899790479416
1970-04-22,21.635510694849472
1970-04-23,21.27686873208268
1970-04-24,21.257160338982274
1970-04-27,20.97704659741402
1970-04-28,20.723722246708107
1970-04-29,20.950096440269288
1970-04-30,20.90393243313843
1970-05-01,20.869948378850026
1970-05-04,20.458258678130523
1970-05-05,20.17947707766498
1970-05-06,20.36811363121296
1970-05-07,20.500994245994562
1970-05-08,20.39284913700286
1970-05-11,20.22051457384016
1970-05-12,20.042041245355218
1970-05-13,19.811515046787427
1970-05-14,19.60050853155362
1970-05-15,19.943979977343655
1970-05-18,20.03118407465394
1970-05-19,19.732706907129014
1970-05-20,19.27533978866706
1970-05-21,18.89266796334273
1970-05-22,18.80380719597415
1970-05-25,18.37691738283571
1970-05-26,18.117718496972394
1970-05-27,18.903988651608685
1970-05-28,19.326802394721685
1970-05-29,19.789142791755598
1970-06-01,19.94984263056975
1970-06-02,19.95170328317968
1970-06-03,20.082839546248003
1970-06-04,19.894503384612463
1970-06-05,19.606996513682507
1970-06-08,19.657951267836303
1970-06-09,19.68593390515053
1970-06-10,19.493435041083337
1970-06-11,19.256060538613184
1970-06-12,19.18621677421383
1970-06-15,19.270102198982546
1970-06-16,19.630892107044296
1970-06-17,19.65780582962001
1970-06-18,19.732472731527523
1970-06-19,19.87941875538982
1970-06-22,19.80980490413432
1970-06-23,19.4556890222419
1970-06-24,19.236758411850662
1970-06-25,19.191038842449853
1970-06-26,19.081612384159808
1970-06-29,18.96038169409268
1970-06-30,18.990192216142773
1970-07-01,19.154436102988
1970-07-02,19.166373896931404
1970-07-06,18.979003269286387
1970-07-07,18.86175863739299
1970-07-08,19.291165214438294
1970-07-09,19.611323554337375
1970-07-10,19.71720385162272
1970-07-13,19.765991152258973
1970-07-14,19.74027198003501
1970-07-15,19.91989499161265
1970-07-16,20.092162759041646
1970-07-17,20.328222494458924
1970-07-20,20.351069367113038
1970-07-21,20.10987718096089
1970-07-22,20.12290074510543
1970-07-23,20.318584533065515
1970-07-24,20.31144448912183
1970-07-27,20.2398395608711
1970-07-28,20.268640778610372
1970-07-29,20.30459974801001
1970-07-30,20.2807036312323
1970-07-31,20.22744919091644
1970-08-03,20.008958258685727
1970-08-04,19.98841169411029
1970-08-05,19.978910073763423
1970-08-06,19.923454520672156
1970-08-07,19.910480690502915
1970-08-10,19.693932535553724
1970-08-11,19.587551758628216
1970-08-12,19.526817096004255
1970-08-13,19.39498481592074
1970-08-14,19.428875180846006
1970-08-17,19.43517695447547
1970-08-18,19.584809462214164
1970-08-19,19.684665619196092
1970-08-20,19.77864169509973
1970-08-21,20.08617233607014
1970-08-24,20.50242545137936
1970-08-25,20.622818861433863
1970-08-26,20.70424734903313
1970-08-27,20.7052660623458
1970-08-28,20.866746271908248
1970-08-31,20.832812486507216
1970-09-01,20.770818875791004
1970-09-02,20.792620154425617
1970-09-03,21.02287873434132
1970-09-04,21.144179673387434
1970-09-08,21.174289739657407
1970-09-09,21.153597015143493
1970-09-10,21.041450963022758
1970-09-11,21.128227300483662
1970-09-14,21.015707717329086
1970-09-15,20.83650769839765
1970-09-16,20.98860481081643
1970-09-17,21.096123240915382
1970-09-18,21.18365186704301
1970-09-21,21.112665082221543
1970-09-22,21.07676747164157
1970-09-23,21.220598341395572
1970-09-24,21.421621223732483
1970-09-25,21.47083857673888
1970-09-28,21.426788084526226
1970-09-29,21.52694699395229
1970-09-30,21.4800892706932
1970-10-01,21.47577536217372
1970-10-02,21.634682034488268
1970-10-05,21.835317158545514
1970-10-06,21.89859552577198
1970-10-07,21.881044203454422
1970-10-08,21.720170162379866
1970-10-09,21.513805247226784
1970-10-12,21.38360246856457
1970-10-13,21.316746541054975
1970-10-14,21.407326339586053
1970-10-15,21.482763633874214
1970-10-16,21.401616750356904
1970-10-19,21.122839754318132
1970-10-20,21.244214558275743
1970-10-21,21.275532322769518
1970-10-22,21.252649055874258
1970-10-23,21.339231971531238
1970-10-26,21.290657388181405
1970-10-27,21.234200832572313
1970-10-28,21.271866478166228
1970-10-29,21.240474307933685
1970-10-30,21.25905360194497
1970-11-02,21.305798108277564
1970-11-03,21.559323660759393
1970-11-04,21.681089915809547
1970-11-05,21.711971435438304
1970-11-06,21.72712737214885
1970-11-09,21.85310048924444
1970-11-10,21.889118931772124
1970-11-11,21.954208923242067
1970-11-12,21.639131235537555
1970-11-13,21.47622459703208
1970-11-16,21.481554963694293
1970-11-17,21.545950623687443
1970-11-18,21.405880069210255
1970-11-19,21.457760710792925
1970-11-20,21.677131444189538
1970-11-23,21.830999368928545
1970-11-24,22.044916895311026
1970-11-25,22.169980084450067
1970-11-27,22.324577680370805
1970-11-30,22.65494796417979
1970-12-01,22.716102333169964
1970-12-02,22.946061677525915
1970-12-03,23.071668810283775
1970-12-04,23.24524063745486
1970-12-07,23.32192779651008
1970-12-08,23.158030086649177
1970-12-09,23.217032939629036
1970-12-10,23.298250143682477
1970-12-11,23.411797617398697
1970-12-14,23.292373980409607
1970-12-15,23.226553763765445
1970-12-16,23.293879379811386
1970-12-17,23.37887406598857
1970-12-18,23.418603276825703
1970-12-21,23.34657242617408
1970-12-22,23.37515644357822
1970-12-23,23.410184982687596
1970-12-24,23.538918083999047
1970-12-28,23.635986150015924
1970-12-29,23.88533301826596
1970-12-30,23.979053882650405
1970-12-31,23.9934354894439
1971-01-04,23.74687920712652
1971-01-05,23.86260877631243
1971-01-06,23.98728046364109
1971-01-07,24.020844435585595
1971-01-08,23.98417253042949
1971-01-11,23.88877712664973
1971-01-12,24.046967544299978
1971-01-13,23.97054906739721
1971-01-14,24.037596522807068
1971-01-15,24.130079307798646
1971-01-18,24.149951138613076
1971-01-19,24.239864596988014
1971-01-20,24.262261241959656
1971-01-21,24.394442126484638
1971-01-22,24.563324777752765
1971-01-25,24.640643272850465
1971-01-26,24.641808980871833
1971-01-27,24.42922574371046
1971-01-28,24.5732969823284
1971-01-29,24.735437094456387
1971-02-01,24.90050903114175
1971-02-02,24.897368179935228
1971-02-03,24.885504130408
1971-02-04,24.936496648487815
1971-02-05,25.063008412196947
1971-02-08,25.18892026862635
1971-02-09,25.20210903172406
1971-02-10,25.209030950647474
1971-02-11,25.283351778392475
1971-02-12,25.39015938324757
1971-02-16,25.490410851551292
1971-02-17,25.44892777979052
1971-02-18,25.354082113833275
1971-02-19,25.16518362475961
1971-02-22,24.91792031885363
1971-02-23,24.98642488537711
1971-02-24,25.112570017630983
1971-02-25,25.245632100351585
1971-02-26,25.102943089152436
1971-03-01,25.07530179694021
1971-03-02,25.058973374019423
1971-03-03,25.07211208674047
1971-03-04,25.344757056730614
1971-03-05,25.55886115260999
1971-03-08,25.668082686157238
1971-03-09,25.689225129269303
1971-03-10,25.6306966698794
1971-03-11,25.66780635068477
1971-03-12,25.657516169793805
1971-03-15,25.930096799006275
1971-03-16,26.044802203257724
1971-03-17,26.023300829742695
1971-03-18,26.01027730233487
1971-03-19,25.97186277199519
1971-03-22,25.923796490127565
1971-03-23,25.857678180089838
1971-03-24,25.708969144912118
1971-03-25,25.71086240715154
1971-03-26,25.840053354193593
1971-03-29,25.822591245131484
1971-03-30,25.883883313606443
1971-03-31,25.90000938627344
1971-04-01,25.95826786932254
1971-04-02,25.98484916734822
1971-04-05,26.084855332370623
1971-04-06,26.32087607717112
1971-04-07,26.527423972526282
1971-04-08,26.613625887500916
1971-04-12,26.889721484042624
1971-04-13,26.9663254965454
1971-04-14,27.066063116028193
1971-04-15,27.181066126354377
1971-04-16,27.204141927681114
1971-04-19,27.366672320390517
1971-04-20,27.22914159660993
1971-04-21,27.154246105806333
1971-04-22,27.207155962378152
1971-04-23,27.324809867135933
1971-04-26,27.307021211399764
1971-04-27,27.420996813250373
1971-04-28,27.566287433504534
1971-04-29,27.48285362285483
1971-04-30,27.332341648800753
1971-05-03,27.174444435341368
1971-05-04,27.36055343235754
1971-05-05,27.411815673904144
1971-05-06,27.25896810369191
1971-05-07,27.202362489926315
1971-05-10,27.068377631384582
1971-05-11,27.17189727999075
1971-05-12,27.21873812889421
1971-05-13,27.198978579491012
1971-05-14,27.125515210050576
1971-05-17,26.69960513265776
1971-05-18,26.67621790905691
1971-05-19,26.755545848834597
1971-05-20,26.819704174321068
1971-05-21,26.78280103034674
1971-05-24,26.590590165156033
1971-05-25,26.451604043226872
1971-05-26,26.47076848387206
1971-05-27,26.436342285595874
1971-05-28,26.528201934353284
1971-06-01,26.752345579153076
1971-06-02,27.035868499116077
1971-06-03,27.141966825732098
1971-06-04,27.23556981740537
1971-06-07,27.204222499115655
1971-06-08,26.971598725927425
1971-06-09,26.923005042096143
1971-06-10,27.020581986845738
1971-06-11,27.082027163932803
1971-06-14,26.787491075746395
1971-06-15,26.80882857732111
1971-06-16,26.846330759315716
1971-06-17,26.81341321178424
1971-06-18,26.314676151294417
1971-06-21,25.90609526900085
1971-06-22,25.841299516547984
1971-06-23,26.097119878938027
1971-06-24,26.020763258299983
1971-06-25,25.98560639696181
1971-06-28,25.83552335097895
1971-06-29,26.155857203871992
1971-06-30,26.406906482697103
1971-07-01,26.43065306401833
1971-07-02,26.480848816339005
1971-07-06,26.534461279427216
1971-07-07,26.702948612860045
1971-07-08,26.83042653174284
1971-07-09,26.898814503966168
1971-07-12,26.91290651709347
1971-07-13,26.556286285824104
1971-07-14,26.533014579190848
1971-07-15,26.538970230274444
1971-07-16,26.450039227542575
1971-07-19,26.382535706953654
1971-07-20,26.495295812196883
1971-07-21,26.459495875913568
1971-07-22,26.395311775154376
1971-07-23,26.395275558746594
1971-07-26,26.295607097878932
1971-07-27,26.051044386673734
1971-07-28,25.78006993800261
1971-07-29,25.38816990277787
1971-07-30,25.272008760639586
1971-08-02,25.479854074698448
1971-08-03,25.007807222940027
1971-08-04,24.894610909336784
1971-08-05,24.96427474377493
1971-08-06,25.045393658873813
1971-08-09,24.86565980924497
1971-08-10,24.895485749866033
1971-08-11,25.217829396246884
1971-08-12,25.58535084412715
1971-08-13,25.567401093299836
1971-08-16,26.469281896124556
1971-08-17,26.562525498924018
1971-08-18,26.29421860831135
1971-08-19,26.21728749315852
1971-08-20,26.295263155167348
1971-08-23,26.51152220035204
1971-08-24,26.72889845617536
1971-08-25,26.839778793710995
1971-08-26,26.862555153482646
1971-08-27,26.940434356427026
1971-08-30,26.68716566769952
1971-08-31,26.578375892434238
1971-09-01,26.636166141324875
1971-09-02,26.730706860455285
1971-09-03,27.133544162225856
1971-09-07,27.25153783848706
1971-09-08,27.27465717676548
1971-09-09,27.14778458689713
1971-09-10,27.080559811160978
1971-09-13,27.02232018462864
1971-09-14,26.836517864610723
1971-09-15,26.96397333716064
1971-09-16,26.97877801379904
1971-09-17,27.09678240864642
1971-09-20,26.99243140977882
1971-09-21,26.891182121972538
1971-09-22,26.682751355635993
1971-09-23,26.65937506549964
1971-09-24,26.628675806666937
1971-09-27,26.42027732268254
1971-09-28,26.488297856756777
1971-09-29,26.447894793908265
1971-09-30,26.610523028838294
1971-10-01,26.80676231471514
1971-10-04,26.828171605190583
1971-10-05,26.74235767408564
1971-10-06,26.98701168614314
1971-10-07,27.10233013347993
1971-10-08,26.98916094077689
1971-10-11,26.855554143959342
1971-10-12,26.883056434113836
1971-10-13,26.74591377039662
1971-10-14,26.4596906053474
1971-10-15,26.341923015000457
1971-10-18,26.21281797095877
1971-10-19,26.109249790238575
1971-10-20,25.79981503186269
1971-10-21,25.79591569115353
1971-10-22,25.730110050469932
1971-10-25,25.60913263979784
1971-10-26,25.519494906556588
1971-10-27,25.27830714167895
1971-10-28,25.30231546683252
1971-10-29,25.423757056209467
1971-11-01,25.086231714870408
1971-11-02,25.137622664471266
1971-11-03,25.582422797706837
1971-11-04,25.599646294899497
1971-11-05,25.57659159711358
1971-11-08,25.587451404337905
1971-11-09,25.62390343745932
1971-11-10,25.3721159660287
1971-11-11,24.993382392875244
1971-11-12,24.913373536310154
1971-11-15,24.825502216199464
1971-11-16,25.076840608252848
1971-11-17,25.149504625728554
1971-11-18,25.00800125862124
1971-11-19,24.83729323775874
1971-11-22,24.594475575152025
1971-11-23,24.42533829757171
1971-11-24,24.482086688034546
1971-11-26,24.930699629179472
1971-11-29,25.30714527208637
1971-11-30,25.497517488605855
1971-12-01,26.02974118931144
1971-12-02,26.085658180515647
1971-12-03,26.314466831287373
1971-12-06,26.339451380793392
1971-12-07,26.494819733319776
1971-12-08,26.556364087805072
1971-12-09,26.515817684045032
1971-12-10,26.65833236124899
1971-12-13,26.684963819505473
1971-12-14,26.579530995588087
1971-12-15,26.741630225842883
1971-12-16,26.9642288367419
1971-12-17,27.10912560759566
1971-12-20,27.4730381219016
1971-12-21,27.538929595060658
1971-12-22,27.371569841707135
1971-12-23,27.240129095018474
1971-12-27,27.23261274783104
1971-12-28,27.337433354617602
1971-12-29,27.42968489616539
1971-12-30,27.369322029645616
1971-12-31,27.50681772428033
1972-01-03,27.434599873295873
1972-01-04,27.486005533181366
1972-01-05,27.679081774988823
1972-01-06,27.773161866978015
1972-01-07,27.789803607569787
1972-01-10,27.789785555028967
1972-01-11,27.839090153099203
1972-01-12,27.827903473773336
1972-01-13,27.672742149029716
1972-01-14,27.790342046000546
1972-01-17,27.88061276704548
1972-01-18,28.01856175535138
1972-01-19,27.95968312930965
1972-01-20,27.877889881529285
1972-01-21,27.86666710757604
1972-01-24,27.583801120033275
1972-01-25,27.654818232555677
1972-01-26,27.67622621709983
1972-01-27,28.047056470187087
1972-01-28,28.36114921959636
1972-01-31,28.41218032237427
1972-02-01,28.482481988311488
1972-02-02,28.699560094980228
1972-02-03,28.79131048840688
1972-02-04,28.973377259925897
1972-02-07,28.82483230915056
1972-02-08,28.865149719008716
1972-02-09,29.16748813275918
1972-02-10,29.300904380895446
1972-02-11,29.19612730921821
1972-02-14,29.10632931790002
1972-02-15,29.23438360428505
1972-02-16,29.406829138045406
1972-02-17,29.474431148239596
1972-02-18,29.40436556638675
1972-02-22,29.276423011509685
1972-02-23,29.281488301818413
1972-02-24,29.438848707323125
1972-02-25,29.588198258272907
1972-02-28,29.592575761386517
1972-02-29,29.753060821741805
1972-03-01,30.175511142103694
1972-03-02,30.18824420492439
1972-03-03,30.367752566305917
1972-03-06,30.60384359333671
1972-03-07,30.648961833398314
1972-03-08,30.74242946369684
1972-03-09,30.73934334546993
1972-03-10,30.55488207507757
1972-03-13,30.19278925683009
1972-03-14,30.312013196838326
1972-03-15,30.333978831281485
1972-03-16,30.23156502346512
1972-03-17,30.224709469791232
1972-03-20,30.072802857072162
1972-03-21,29.773529281157565
1972-03-22,29.88217474420397
1972-03-23,30.219069166166943
1972-03-24,30.188071858488573
1972-03-27,30.14200921330538
1972-03-28,30.15405676820358
1972-03-29,30.00025458513407
1972-03-30,30.1307435784953
1972-04-03,30.22412706598726
1972-04-04,30.379691290985505
1972-04-05,30.646244886517252
1972-04-06,30.897500257150213
1972-04-07,31.019526922813615
1972-04-10,30.98850006507701
1972-04-11,31.11165054572518
1972-04-12,31.196406682981788
1972-04-13,31.143342315234317
1972-04-14,31.08416062370446
1972-04-17,30.962906028679146
1972-04-18,31.106068092096578
1972-04-19,30.93341805999647
1972-04-20,30.880802136941618
1972-04-21,30.826715958281543
1972-04-24,30.555424022895025
1972-04-25,30.241456362575654
1972-04-26,30.136331714174432
1972-04-27,30.167197614652203
1972-04-28,30.32403561324357
1972-05-01,29.970725564879622
1972-05-02,29.812592659524064
1972-05-03,29.709763064922836
1972-05-04,29.706757816133496
1972-05-05,29.837445170185784
1972-05-08,29.709869386265776
1972-05-09,29.314715979186456
1972-05-10,29.518426330535277
1972-05-11,29.57302257034365
1972-05-12,29.776324097423
1972-05-15,29.949002795658235
1972-05-16,29.8583610485496
1972-05-17,29.880745265946413
1972-05-18,30.20642954284627
1972-05-19,30.510698956934565
1972-05-22,30.6807645897953
1972-05-23,30.779673707333274
1972-05-24,30.938124651068588
1972-05-25,30.972892293861054
1972-05-26,30.96898936142689
1972-05-30,30.917075720458378
1972-05-31,30.679007707182187
1972-06-01,30.751084006716408
1972-06-02,30.855593851604656
1972-06-05,30.60253681878703
1972-06-06,30.529051484010687
1972-06-07,30.409941696422745
1972-06-08,30.33386659525589
1972-06-09,30.204901484235894
1972-06-12,30.15427912685164
1972-06-13,30.259802811853856
1972-06-14,30.55856811876112
1972-06-15,30.4653105616627
1972-06-16,30.417298712662934
1972-06-19,30.351859340734325
1972-06-20,30.538480429628247
1972-06-21,30.55522876346089
1972-06-22,30.491821711578584
1972-06-23,30.39727764570228
1972-06-26,30.244517673171213
1972-06-27,30.19685505370288
1972-06-28,30.057174466621994
1972-06-29,29.97372327281008
1972-06-30,30.05313141360541
1972-07-03,30.15899859368869
1972-07-05,30.39194090308157
1972-07-06,30.746703884045633
1972-07-07,30.72514683458059
1972-07-10,30.533864462372428
1972-07-11,30.33000074977338
1972-07-12,30.158607781820372
1972-07-13,29.959544775695914
1972-07-14,30.14900323592232
1972-07-17,29.82940990696285
1972-07-18,29.774199167073103
1972-07-19,29.894746861581687
1972-07-20,29.833433288805026
1972-07-21,30.10936501546669
1972-07-24,30.432984904269976
1972-07-25,30.428382325542554
1972-07-26,30.47322304439431
1972-07-27,30.430490265104794
1972-07-28,30.454814071483316
1972-07-31,30.453276116305656
1972-08-01,30.862088586221844
1972-08-02,31.100440295997142
1972-08-03,31.416824534203716
1972-08-04,31.532217764472563
1972-08-07,31.644940122448965
1972-08-08,31.677348172551458
1972-08-09,31.73354237755355
1972-08-10,31.875489921196348
1972-08-11,32.08420211290545
1972-08-14,32.24137906809515
1972-08-15,32.02046507913749
1972-08-16,31.840302273875807
1972-08-17,31.70813193612437
1972-08-18,31.801634201008415
1972-08-21,31.652127860406267
1972-08-22,31.65763279008415
1972-08-23,31.576064267338804
1972-08-24,31.207391424331682
1972-08-25,31.12853803614279
1972-08-28,30.988431072262518
1972-08-29,31.074387290991147
1972-08-30,31.118615149633868
1972-08-31,31.229073369747724
1972-09-01,31.36569079863218
1972-09-05,31.287231597392363
1972-09-06,31.054892770025933
1972-09-07,30.966374236394067
1972-09-08,30.947015209232227
1972-09-11,30.705608135399338
1972-09-12,30.36091932431067
1972-09-13,30.51119854629023
1972-09-14,30.559989095423756
1972-09-15,30.512608165177312
1972-09-18,30.40960907709721
1972-09-19,30.38677919357157
1972-09-20,30.433855858780674
1972-09-21,30.377522894901045
1972-09-22,30.32282816416793
1972-09-25,30.11812946196112
1972-09-26,30.15196909899258
1972-09-27,30.64719854574668
1972-09-28,30.83178535389719
1972-09-29,30.867965526349895
1972-10-02,30.70975224958613
1972-10-03,30.727363642509047
1972-10-04,30.55833680103337
1972-10-05,30.065551120868452
1972-10-06,30.375924292932197
1972-10-09,30.44574032668496
1972-10-10,30.466273723487244
1972-10-11,30.33368348001597
1972-10-12,30.032590753546604
1972-10-13,29.84709164832561
1972-10-16,29.436667850770448
1972-10-17,29.66323582698718
1972-10-18,29.91311074099343
1972-10-19,29.893608116451837
1972-10-20,30.247820131862653
1972-10-23,30.554034016317203
1972-10-24,30.661695628356494
1972-10-25,30.573493936344537
1972-10-26,30.651394674091524
1972-10-27,30.571641203578697
1972-10-30,30.609809720609906
1972-10-31,30.948035754258104
1972-11-01,31.30699890764924
1972-11-02,31.429027075533153
1972-11-03,31.62385475484262
1972-11-06,31.476724841035946
1972-11-08,31.2232642726663
1972-11-09,31.17717892051865
1972-11-10,31.15062879368537
1972-11-13,31.142039773564267
1972-11-14,31.465059555019465
1972-11-15,31.313938746883554
1972-11-16,31.41017150838138
1972-11-17,31.476090702157094
1972-11-20,31.47293053029151
1972-11-21,31.549218467989263
1972-11-22,31.744739504289686
1972-11-24,31.747854817696776
1972-11-27,31.595398770729474
1972-11-28,31.549571969266527
1972-11-29,31.624461822902532
1972-11-30,31.73351773930089
1972-12-01,31.932545653785436
1972-12-04,32.04188696669145
1972-12-05,31.978560021068464
1972-12-06,32.142416727392195
1972-12-07,32.34087061098847
1972-12-08,32.425755325478214
1972-12-11,32.51571794621641
1972-12-12,32.45309646672612
1972-12-13,32.41247996279268
1972-12-14,32.32006070814935
1972-12-15,32.31439051956618
1972-12-18,31.932220553423328
1972-12-19,31.833210938532787
1972-12-20,31.747246142156435
1972-12-21,31.618623031480492
1972-12-22,31.81303683650741
1972-12-26,31.924358668499494
1972-12-27,31.985796324953437
1972-12-29,32.330408793580595
1973-01-02,32.56883730163359
1973-01-03,32.82527657144336
1973-01-04,32.70874511104618
1973-01-05,32.83056542301392
1973-01-08,32.867477296567934
1973-01-09,32.872394899640426
1973-01-10,32.931555332471916
1973-01-11,33.18342127972304
1973-01-12,32.97348828244348
1973-01-15,32.74508714772697
1973-01-16,32.659909222617564
1973-01-17,32.81335898012067
1973-01-18,32.924858858850754
1973-01-19,32.89023694984743
1973-01-22,32.79889882333819
1973-01-23,32.83002135790535
1973-01-24,32.51395972123506
1973-01-26,32.37734020144004
1973-01-29,32.20566752982886
1973-01-30,32.18789292971431
1973-01-31,32.28118735201943
1973-02-01,31.967988911449154
1973-02-02,31.81209356751337
1973-02-05,31.843072959786557
1973-02-06,31.986339226736575
1973-02-07,31.743179056510666
1973-02-08,31.543926242170297
1973-02-09,31.98703753074637
1973-02-12,32.342066936126734
1973-02-13,32.49078179920667
1973-02-14,32.026021755623646
1973-02-15,31.80418025024955
1973-02-16,31.965527318665934
1973-02-20,32.003045220317425
1973-02-21,31.82454897368917
1973-02-22,31.8117747677467
1973-02-23,31.632781319616768
1973-02-26,31.319545719928684
1973-02-27,31.05801339730789
1973-02-28,31.163557218628316
1973-03-01,30.994453992168552
1973-03-02,31.222219868026563
1973-03-05,31.327543546702962
1973-03-06,31.788777865573902
1973-03-07,31.857043877373876
1973-03-08,31.86166306920475
1973-03-09,31.73018691396882
1973-03-12,31.80710826383881
1973-03-13,32.00984884193379
1973-03-14,32.16743961299557
1973-03-15,32.08135679497512
1973-03-16,31.92571299700323
1973-03-19,31.544184877721182
1973-03-20,31.525208113991628
1973-03-21,31.253254722305478
1973-03-22,30.728908920429877
1973-03-23,30.773398937824712
1973-03-26,31.060331418300787
1973-03-27,31.518439689102816
1973-03-28,31.557768154420582
1973-03-29,31.855939350638
1973-03-30,31.501454646772157
1973-04-02,31.084796434980916
1973-04-03,30.86165394767245
1973-04-04,30.719597127650896
1973-04-05,30.59823089576239
1973-04-06,30.830713996834156
1973-04-09,31.231477633457278
1973-04-10,31.705342537452605
1973-04-11,31.8900098620689
1973-04-12,31.91942521440836
1973-04-13,31.857920045575042
1973-04-16,31.73922345552731
1973-04-17,31.67967802978709
1973-04-18,31.88081144565464
1973-04-19,32.1613154476972
1973-04-23,31.990832728002324
1973-04-24,31.64205789605273
1973-04-25,31.300257215735716
1973-04-26,31.384704455370017
1973-04-27,30.876973717238506
1973-04-30,30.79589935838809
1973-05-01,30.800476474125258
1973-05-02,31.18389018095838
1973-05-03,31.698375840564744
1973-05-04,31.82989670120463
1973-05-07,31.80275300546257
1973-05-08,31.961703608103075
1973-05-09,31.781840756402435
1973-05-10,31.626818605808968
1973-05-11,31.373749474977043
1973-05-14,30.850509789105452
1973-05-15,31.00545023987286
1973-05-16,31.042611028129315
1973-05-17,30.878825786827242
1973-05-18,30.454234852368504
1973-05-21,30.033136538716896
1973-05-22,30.162240985592508
1973-05-23,30.31754181073382
1973-05-24,30.95567640549233
1973-05-25,31.160612799532526
1973-05-29,31.13407021944132
1973-05-30,30.79080399804207
1973-05-31,30.61828764748653
1973-06-01,30.32660042418553
1973-06-04,30.086166622564033
1973-06-05,30.43739155380929
1973-06-06,30.38785607488506
1973-06-07,30.747924066198436
1973-06-08,31.142924088526264
1973-06-11,31.08210102139511
1973-06-12,31.414637796547435
1973-06-13,31.213503046421277
1973-06-14,31.047968361680354
1973-06-15,30.786342802593463
1973-06-18,30.481487689846254
1973-06-19,30.47917772069834
1973-06-20,30.53780012833037
1973-06-21,30.281241428274374
1973-06-22,30.399291518139457
1973-06-25,30.126421865458795
1973-06-26,30.31386612020931
1973-06-27,30.439626879925484
1973-06-28,30.63134695896641
1973-06-29,30.52560662610777
1973-07-02,30.31112127681842
1973-07-03,30.139081002303712
1973-07-05,30.05236824082184
1973-07-06,29.92458171500998
1973-07-09,30.00082424455617
1973-07-10,30.22130731760144
1973-07-11,30.663958148864797
1973-07-12,30.626237465009098
1973-07-13,30.249490449984524
1973-07-16,30.46415002398954
1973-07-17,30.607254790434716
1973-07-18,30.69366529497532
1973-07-19,30.700493877760046
1973-07-20,30.898441978041532
1973-07-23,30.96325563956948
1973-07-24,31.076207949800278
1973-07-25,31.3977458122729
1973-07-26,31.38340016834356
1973-07-27,31.291577895655845
1973-07-30,31.10381224583726
1973-07-31,30.858041682012946
1973-08-01,30.518581690376788
1973-08-02,30.4193616974353
1973-08-03,30.391908425345406
1973-08-06,30.31591691643026
1973-08-07,30.39535035174301
1973-08-08,30.173430814081502
1973-08-09,30.17338750075531
1973-08-10,29.913117355219118
1973-08-13,29.57729972557353
1973-08-14,29.263739099063862
1973-08-15,29.23588314224543
1973-08-16,28.977854356873497
1973-08-17,28.91109755026866
1973-08-20,28.728914442922125
1973-08-21,28.5148445737806
1973-08-22,28.38500837200143
1973-08-23,28.785205181557334
1973-08-24,28.746306177908462
1973-08-27,28.931659014011977
1973-08-28,29.074802838063167
1973-08-29,29.41200762650917
1973-08-30,29.310478251332153
1973-08-31,29.393981037694733
1973-09-04,29.433644568336017
1973-09-05,29.504932760684994
1973-09-06,29.64792779778848
1973-09-07,29.506231943497042
1973-09-10,29.201485838512063
1973-09-11,29.143774253662023
1973-09-12,29.105071446777558
1973-09-13,29.211236585540032
1973-09-14,29.44485606740031
1973-09-17,29.540500563939066
1973-09-18,29.57587177925167
1973-09-19,30.192455576721912
1973-09-20,30.531307570383042
1973-09-21,30.662554479668078
1973-09-24,30.755261240347053
1973-09-25,30.828981466931758
1973-09-26,31.02006854407985
1973-09-27,31.17587467486361
1973-09-28,31.064351763783723
1973-10-01,30.908985413820833
1973-10-02,31.013997260165706
1973-10-03,31.150423922590996
1973-10-04,30.994706479107986
1973-10-05,31.313119668891012
1973-10-08,31.366991008735337
1973-10-09,31.187306406399017
1973-10-10,30.90812367041811
1973-10-11,31.31529633223829
1973-10-12,31.43412420568813
1973-10-15,30.99322047499166
1973-10-16,30.969146154731426
1973-10-17,30.911041303594647
1973-10-18,30.911755430412043
1973-10-19,30.995905114558628
1973-10-22,30.889692732365287
1973-10-23,30.934447283915052
1973-10-24,31.09058397172619
1973-10-25,31.244429513652324
1973-10-26,31.50606869236885
1973-10-29,31.452408173600347
1973-10-30,31.006524475167012
1973-10-31,30.715750677755352
1973-11-01,30.590526479585577
1973-11-02,30.368038072791418
1973-11-05,29.936727914071987
1973-11-06,29.74208035003628
1973-11-07,29.969557491335102
1973-11-08,30.368872836751507
1973-11-09,29.867747196309242
1973-11-12,29.621982570852015
1973-11-13,29.60413811509499
1973-11-14,29.12891956081074
1973-11-15,29.248197274394624
1973-11-16,29.670041206002743
1973-11-19,28.736857150162127
1973-11-20,28.104573387046976
1973-11-21,28.38693074206785
1973-11-23,28.269092093767906
1973-11-26,27.44074294079071
1973-11-27,27.208830121481864
1973-11-28,27.789679088128906
1973-11-29,27.747216288138326
1973-11-30,27.40380280341699
1973-12-03,26.92347585103744
1973-12-04,26.889813351217285
1973-12-05,26.486405171097026
1973-12-06,27.022020016651297
1973-12-07,27.57592378784477
1973-12-10,27.928154900773777
1973-12-11,27.516856782109453
1973-12-12,26.68232854923028
1973-12-13,26.238674461017542
1973-12-14,26.745569747866508
1973-12-17,26.70329369557373
1973-12-18,27.334086801560346
1973-12-19,27.372305387215945
1973-12-20,27.376334686238078
1973-12-21,27.124357145406215
1973-12-24,26.846268132587028
1973-12-26,27.609296592180456
1973-12-27,28.08546376544215
1973-12-28,28.12046002028301
1973-12-31,28.16534550958524
1974-01-02,28.1976603484719
1974-01-03,28.878566419621084
1974-01-04,28.640316213612646
1974-01-07,28.388820007604203
1974-01-08,27.81736766566535
1974-01-09,27.082234647765958
1974-01-10,26.74082236029193
1974-01-11,26.958013730990064
1974-01-14,26.831827651281095
1974-01-15,27.12418931300328
1974-01-16,27.512684129920725
1974-01-17,27.820722823197737
1974-01-18,27.349719150064686
1974-01-21,27.245655973420508
1974-01-22,27.54528975431432
1974-01-23,27.636134539506113
1974-01-24,27.6353816609127
1974-01-25,27.649143706338325
1974-01-28,27.51915078512252
1974-01-29,27.45444561101661
1974-01-30,27.759162480528396
1974-01-31,27.622393966900948
1974-02-01,27.34821868926577
1974-02-04,26.88674797777512
1974-02-05,26.863161633605905
1974-02-06,26.929620668501645
1974-02-07,26.972018341470182
1974-02-08,26.7993455819037
1974-02-11,26.45223748342474
1974-02-12,26.46992245337711
1974-02-13,26.499664372603746
1974-02-14,26.505616703173015
1974-02-15,26.81969988183212
1974-02-19,26.793483151045425
1974-02-20,27.066083644135308
1974-02-21,27.384046083634495
1974-02-22,27.684512109113605
1974-02-25,27.575089755819246
1974-02-26,27.777712981270884
1974-02-27,27.874878595924063
1974-02-28,27.7974738692445
1974-03-01,27.656389556012307
1974-03-04,27.621067623960336
1974-03-05,28.01740925513081
1974-03-06,28.050930091358442
1974-03-07,27.876984400392
1974-03-08,27.99821758799714
1974-03-11,28.133979180383108
1974-03-12,28.107186866215716
1974-03-13,28.19992047131058
1974-03-14,28.225977264580596
1974-03-15,28.15186737452716
1974-03-18,27.86610880775216
1974-03-19,27.622215475347076
1974-03-20,27.595239273060272
1974-03-21,27.495179352680417
1974-03-22,27.380365338381413
1974-03-25,27.33515857017056
1974-03-26,27.369981768648593
1974-03-27,27.131840402619208
1974-03-28,26.79876394503588
1974-03-29,26.68682405530726
1974-04-01,26.424589854465903
1974-04-02,26.34198541015219
1974-04-03,26.428227244323917
1974-04-04,26.416324825857707
1974-04-05,26.0748586281368
1974-04-08,25.813432999603833
1974-04-09,25.960524168336878
1974-04-10,25.963097631780663
1974-04-11,25.89492055006862
1974-04-15,25.807481528393225
1974-04-16,26.221639972588275
1974-04-17,26.49364711513182
1974-04-18,26.67641994703581
1974-04-19,26.403617496841758
1974-04-22,26.289402096418097
1974-04-23,25.84444650338015
1974-04-24,25.432818555807938
1974-04-25,25.196896197672487
1974-04-26,25.376375736667462
1974-04-29,25.34399412008586
1974-04-30,25.438380439868435
1974-05-01,26.074960485815687
1974-05-02,26.078814643994615
1974-05-03,25.90081216701937
1974-05-06,25.867132321049326
1974-05-07,25.958282122153996
1974-05-08,26.010138749092842
1974-05-09,26.35408798453587
1974-05-10,25.950179891942216
1974-05-13,25.730227619821907
1974-05-14,25.763656453413997
1974-05-15,25.679884817735186
1974-05-16,25.462197980628535
1974-05-17,25.01144613021092
1974-05-20,24.85320255897033
1974-05-21,24.933904109959148
1974-05-22,24.64897467523068
1974-05-23,24.66558934187941
1974-05-24,24.984312968234015
1974-05-28,24.921158535172736
1974-05-29,24.55291103363008
1974-05-30,24.672538546836545
1974-05-31,24.65956245789334
1974-06-03,25.13791599857434
1974-06-04,25.44326118474836
1974-06-05,25.48075632354734
1974-06-06,25.964207818151497
1974-06-07,26.18681588502067
1974-06-10,26.37072368564511
1974-06-11,26.166990681627652
1974-06-12,26.04854583579899
1974-06-13,26.088228264814855
1974-06-14,25.916621502663883
1974-06-17,25.5712331315057
1974-06-18,25.454855964724338
1974-06-19,25.261367338312695
1974-06-20,25.11798503381829
1974-06-21,24.959100286388114
1974-06-24,25.042061888221383
1974-06-25,25.37257695960019
1974-06-26,25.05155452048361
1974-06-27,24.724584781355958
1974-06-28,24.6540385293711
1974-07-01,24.608381668442
1974-07-02,24.105086529978593
1974-07-03,24.0742843436133
1974-07-05,23.934067662320345
1974-07-08,23.11490167845609
1974-07-09,23.278397878858502
1974-07-10,22.77556271718012
1974-07-11,22.634316057151594
1974-07-12,23.524352541728167
1974-07-15,23.667818214682363
1974-07-16,23.450642091366316
1974-07-17,23.654008522346054
1974-07-18,23.74857187589171
1974-07-19,23.667789603199832
1974-07-22,23.692024720344325
1974-07-23,23.87914907528621
1974-07-24,23.935235984731385
1974-07-25,23.689232306234143
1974-07-26,23.34332440688756
1974-07-29,22.917858014831655
1974-07-30,22.849083058479906
1974-07-31,22.51945736598403
1974-08-01,22.305440055697407
1974-08-02,22.18993995461649
1974-08-05,22.390696907420665
1974-08-06,22.79762862426723
1974-08-07,23.29969862471588
1974-08-08,23.144673254116675
1974-08-09,22.962291348922903
1974-08-12,22.71713497187113
1974-08-13,22.428044977189327
1974-08-14,21.919993974479876
1974-08-15,21.8059545062987
1974-08-16,21.629836091391475
1974-08-19,21.355658138678443
1974-08-20,21.410049605422586
1974-08-21,21.131171853254067
1974-08-22,21.08985588790512
1974-08-23,20.85884594335989
1974-08-26,20.93436454102768
1974-08-27,20.59204023357524
1974-08-28,20.483359955651714
1974-08-29,20.163281991864533
1974-08-30,20.7197726567802
1974-09-03,20.357110270415266
1974-09-04,19.882752668706427
1974-09-05,20.503548060888548
1974-09-06,20.6505941835568
1974-09-09,20.29844751508992
1974-09-10,20.19283062027932
1974-09-11,20.037328703731205
1974-09-12,19.623536606980004
1974-09-13,19.247213038394147
1974-09-16,19.430955327676866
1974-09-17,19.74179585864134
1974-09-18,19.744250951458973
1974-09-19,20.416519475441447
1974-09-20,20.3486124097843
1974-09-23,20.213250280185896
1974-09-24,19.95145253595975
1974-09-25,19.89303457887431
1974-09-26,19.65280093228275
1974-09-27,19.28128163303902
1974-09-30,18.804922806386916
1974-10-01,18.6332925411087
1974-10-02,18.600647439153786
1974-10-03,18.348137129570098
1974-10-04,18.484758857666243
1974-10-07,19.13397238752749
1974-10-08,19.234328420688005
1974-10-09,19.968048526522004
1974-10-10,20.550045631848743
1974-10-11,20.922929341117268
1974-10-14,21.344427050252275
1974-10-15,21.099430721197574
1974-10-16,20.92900438717039
1974-10-17,21.189521092005638
1974-10-18,21.44106353333696
1974-10-21,21.663969102997736
1974-10-22,21.641687497196312
1974-10-23,21.177991287847192
1974-10-24,20.970877040842417
1974-10-25,21.005954734315925
1974-10-28,20.96601058483954
1974-10-29,21.561936491115475
1974-10-30,21.906802595315277
1974-10-31,21.85085475904418
1974-11-01,21.88851648688884
1974-11-04,21.761513940513435
1974-11-05,22.18854515299734
1974-11-06,22.211778589343
1974-11-07,22.369979410700687
1974-11-08,22.38222039455279
1974-11-11,22.431978237519655
1974-11-12,22.110047637132894
1974-11-13,21.983387321726887
1974-11-14,21.98170899781496
1974-11-15,21.77890989947557
1974-11-18,21.142901977681838
1974-11-19,20.78553126622643
1974-11-20,20.679443020202996
1974-11-21,20.527952172673114
1974-11-22,20.758151153341654
1974-11-25,20.731648248496512
1974-11-26,20.90369018742346
1974-11-27,21.07766532855426
1974-11-29,21.086066856480084
1974-12-02,20.62898202269308
1974-12-03,20.3999423277088
1974-12-04,20.46111060120645
1974-12-05,20.212998474976775
1974-12-06,19.864262670118784
1974-12-09,20.01071070229537
1974-12-10,20.52893130387186
1974-12-11,20.627920562391974
1974-12-12,20.56805379262386
1974-12-13,20.5196694756533
1974-12-16,20.39035212630173
1974-12-17,20.602359955840576
1974-12-18,20.678011721341864
1974-12-19,20.661944960930263
1974-12-20,20.48677577576913
1974-12-23,20.22399373989959
1974-12-24,20.5156986119978
1974-12-26,20.655664550259033
1974-12-27,20.59831004558373
1974-12-30,20.567880873836646
1974-12-31,21.00083029696135
1975-01-02,21.656018024956904
1975-01-03,21.840502271175414
1975-01-06,22.053899036980702
1975-01-07,21.94022829843638
1975-01-08,21.620347057187473
1975-01-09,21.80076440270206
1975-01-10,22.199108151701168
1975-01-13,22.065854046013396
1975-01-14,21.931192212929677
1975-01-15,22.015585770299094
1975-01-16,21.956634475841888
1975-01-17,21.698577390417288
1975-01-20,21.667024013689804
1975-01-21,21.626381558867465
1975-01-22,21.844731275371608
1975-01-23,21.941897970588847
1975-01-24,22.210097042956257
1975-01-27,22.925215030786806
1975-01-28,22.965212344259342
1975-01-29,23.144308943870605
1975-01-30,22.964867630514373
1975-01-31,23.11866234573332
1975-02-03,23.31623608484965
1975-02-04,23.385000436479192
1975-02-05,23.643328370924714
1975-02-06,23.549237832990375
1975-02-07,23.59682997907486
1975-02-10,23.550726407686135
1975-02-11,23.547167256374376
1975-02-12,23.812633583115044
1975-02-13,23.997130622990053
1975-02-14,24.09486662798634
1975-02-18,24.026140923008217
1975-02-19,24.086183931896187
1975-02-20,24.33001831992827
1975-02-21,24.381657153518937
1975-02-24,24.110385053213342
1975-02-25,23.716160171838315
1975-02-26,23.85482847032591
1975-02-27,23.957339923963275
1975-02-28,24.06629729492749
1975-03-03,24.34422970693619
1975-03-04,24.47803313291489
1975-03-05,24.369733688247393
1975-03-06,24.529929277588053
1975-03-07,24.652546166531874
1975-03-10,24.757888995346015
1975-03-11,24.622925707304535
1975-03-12,24.41111669503922
1975-03-13,24.409848127002057
1975-03-14,24.615471557393725
1975-03-17,24.844995123298173
1975-03-18,24.70453431566199
1975-03-19,24.440156779214703
1975-03-20,24.100400231247345
1975-03-21,24.01717104073137
1975-03-24,23.52720806183997
1975-03-25,23.751840162645305
1975-03-26,24.115187779576736
1975-03-27,24.221821143462602
1975-03-31,24.058878795692035
1975-04-01,23.824264251720635
1975-04-02,23.787307215735733
1975-04-03,23.642174155127048
1975-04-04,23.5080286011147
1975-04-07,23.340498988909392
1975-04-08,23.405234987088186
1975-04-09,23.770321244175683
1975-04-10,23.997842911917203
1975-04-11,24.129119068805654
1975-04-14,24.3902408264069
1975-04-15,24.48892712019887
1975-04-16,24.529879498648782
1975-04-17,24.71073462896773
1975-04-18,24.54576900270207
1975-04-21,24.766026452546225
1975-04-22,24.742454280548003
1975-04-23,24.54076735310794
1975-04-24,24.497779639215963
1975-04-25,24.573093080274504
1975-04-28,24.542299336593096
1975-04-29,24.420800284049452
1975-04-30,24.699749904279763
1975-05-01,24.900968081659922
1975-05-02,25.213450846679308
1975-05-05,25.437808792954762
1975-05-06,25.1916786415439
1975-05-07,25.298656739034698
1975-05-08,25.486467859254976
1975-05-09,25.785266140572727
1975-05-12,25.840006674755312
1975-05-13,26.009861568868498
1975-05-14,26.14375424127202
1975-05-15,26.027360157372097
1975-05-16,25.71629703969613
1975-05-19,25.660270599063928
1975-05-20,25.610817148920262
1975-05-21,25.325243692070824
1975-05-22,25.446141815976652
1975-05-23,25.724767147883156
1975-05-27,25.693203478206016
1975-05-28,25.503671735497875
1975-05-29,25.508677867987622
1975-05-30,25.898881015988543
1975-06-02,26.275042853411886
1975-06-03,26.39847212964324
1975-06-04,26.44128356468323
1975-06-05,26.460381690543542
1975-06-06,26.430577775520007
1975-06-09,26.155642322964084
1975-06-10,25.98620444780745
1975-06-11,26.03879194931964
1975-06-12,25.957396438575042
1975-06-13,26.113096449424916
1975-06-16,26.372872604794207
1975-06-17,26.241622093098467
1975-06-18,26.217914716940403
1975-06-19,26.762523589100027
1975-06-20,27.015368235302077
1975-06-23,27.280073577576747
1975-06-24,27.445065024127164
1975-06-25,27.475920580630007
1975-06-26,27.46971620441768
1975-06-27,27.407198784669532
1975-06-30,27.478437878466277
1975-07-01,27.460552928151294
1975-07-02,27.249749897244385
1975-07-03,27.317798108033767
1975-07-07,27.10400863929678
1975-07-08,27.02065104690217
1975-07-09,27.380682168149768
1975-07-10,27.496346895139038
1975-07-11,27.60217725242227
1975-07-14,27.744994335919916
1975-07-15,27.906569712779923
1975-07-16,27.683978006386027
1975-07-17,27.486694682121094
1975-07-18,27.41588296296848
1975-07-21,27.321271802107816
1975-07-22,26.976320443307717
1975-07-23,26.595931934489123
1975-07-24,26.446285556840127
1975-07-25,26.298831976886724
1975-07-28,26.11011192914109
1975-07-29,25.965191490982438
1975-07-30,26.076174657171652
1975-07-31,26.11005126015035
1975-08-01,25.90181584089217
1975-08-04,25.642830922771576
1975-08-05,25.39728414590035
1975-08-06,25.35409068340227
1975-08-07,25.31351589740394
1975-08-08,25.24513779744794
1975-08-11,25.2899346038702
1975-08-12,25.494759215152158
1975-08-13,25.267184025884013
1975-08-14,25.105460432405824
1975-08-15,25.29310592990836
1975-08-18,25.256416198249077
1975-08-19,24.917314499681865
1975-08-20,24.470009794660246
1975-08-21,24.408191641300796
1975-08-22,24.66262525018649
1975-08-25,24.87654413421316
1975-08-26,24.652629268832946
1975-08-27,24.74380841692814
1975-08-28,25.241761843364273
1975-08-29,25.47143784351342
1975-09-02,25.13266211633954
1975-09-03,25.167834286896788
1975-09-04,25.199900318561724
1975-09-05,25.090252091709466
1975-09-08,25.123489105752576
1975-09-09,24.880374312567167
1975-09-10,24.640820155530015
1975-09-11,24.556975968342517
1975-09-12,24.521961977933426
1975-09-15,24.401798560542744
1975-09-16,24.205356784764053
1975-09-17,24.236184408599744
1975-09-18,24.564577194011694
1975-09-19,25.125828512822252
1975-09-22,25.024001628477944
1975-09-23,25.004578213498284
1975-09-24,25.258947501736113
1975-09-25,25.26397506325684
1975-09-26,25.380162704677776
1975-09-29,25.222142319158625
1975-09-30,24.937099175945825
1975-10-01,24.69392686790469
1975-10-02,24.87354629961627
1975-10-03,25.37221083976451
1975-10-06,25.576405735880417
1975-10-07,25.57446372083435
1975-10-08,25.890294430702138
1975-10-09,26.099284437959547
1975-10-10,26.08359284737189
1975-10-13,26.365900252746442
1975-10-14,26.39882514610044
1975-10-15,26.361818740551936
1975-10-16,26.519308698406217
1975-10-17,26.39463203440285
1975-10-20,26.630177369352772
1975-10-21,26.8505051615177
1975-10-22,26.904155139836266
1975-10-23,27.045373613330334
1975-10-24,26.774876595182803
1975-10-27,26.742018619820087
1975-10-28,26.897755531630366
1975-10-29,26.60451676471268
1975-10-30,26.568586564850666
1975-10-31,26.555290300705998
1975-11-03,26.339487401207922
1975-11-04,26.4316359679263
1975-11-05,26.751451432145526
1975-11-06,27.028935649636807
1975-11-07,27.079559625785407
1975-11-10,27.024015340476392
1975-11-11,27.238762436521657
1975-11-12,27.591454452739878
1975-11-13,27.55552027402462
1975-11-14,27.5231163566819
1975-11-17,27.69854190614483
1975-11-18,27.659011362980745
1975-11-19,27.32363114278689
1975-11-20,27.230670326279437
1975-11-21,27.1952513532204
1975-11-24,27.268643719052296
1975-11-25,27.483374009822725
1975-11-26,27.503275237521937
1975-11-28,27.56927448893266
1975-12-01,27.433472549433564
1975-12-02,26.97885724681243
1975-12-03,26.36574629884081
1975-12-04,26.430939823125605
1975-12-05,26.079378731391483
1975-12-08,26.158231736845277
1975-12-09,26.19937316040888
1975-12-10,26.49409511182852
1975-12-11,26.425859750971032
1975-12-12,26.462813338924594
1975-12-15,26.576567608026888
1975-12-16,26.811738862414362
1975-12-17,26.859951735688323
1975-12-18,26.970719422080226
1975-12-19,26.771775872599413
1975-12-22,26.598406014657577
1975-12-23,26.81981361828086
1975-12-24,26.986021860037596
1975-12-26,27.259235690185704
1975-12-29,27.126996506632942
1975-12-30,27.028624817276068
1975-12-31,27.17250826927765
1976-01-02,27.35860984573687
1976-01-05,27.88659570220291
1976-01-06,28.180069637302655
1976-01-07,28.331488798264616
1976-01-08,28.553869329389798
1976-01-09,28.72802049692066
1976-01-12,29.21204771920411
1976-01-13,28.933019312931307
1976-01-14,29.495722612821297
1976-01-15,29.34374264424178
1976-01-16,29.51465881984798
1976-01-19,30.04145329191423
1976-01-20,30.25988892020167
1976-01-21,30.050270945751137
1976-01-22,30.054729495961592
1976-01-23,30.473171145390467
1976-01-26,30.55844497698295
1976-01-27,30.208497311536146
1976-01-28,30.01438039046162
1976-01-29,30.586094115815023
1976-01-30,30.81238207807774
1976-02-02,30.87701199230135
1976-02-03,30.9942866741815
1976-02-04,31.166231225460013
1976-02-05,30.698698832220433
1976-02-06,30.47610773999146
1976-02-09,30.58119640367323
1976-02-10,30.95884641206864
1976-02-11,31.06716171264182
1976-02-12,30.938161311024437
1976-02-13,30.85303063495867
1976-02-17,30.707973277378553
1976-02-18,31.028843540270795
1976-02-19,31.67108653384443
1976-02-20,31.924445843008918
1976-02-23,31.773564222647256
1976-02-24,32.01342769397532
1976-02-25,32.04622555430897
1976-02-26,31.553423030900152
1976-02-27,31.382208460227876
1976-03-01,31.53125215441985
1976-03-02,31.756633048281852
1976-03-03,31.650293580772203
1976-03-04,31.335323665372115
1976-03-05,31.437918271867886
1976-03-08,31.841832640840575
1976-03-09,31.96436452358543
1976-03-10,32.086534724450345
1976-03-11,32.35359912575666
1976-03-12,32.01871178818387
1976-03-15,31.648837303735654
1976-03-16,31.955033338962657
1976-03-17,31.998921396278387
1976-03-18,31.783689371531953
1976-03-19,31.794784253549647
1976-03-22,31.839268306163234
1976-03-23,32.150493140662306
1976-03-24,32.536259989980955
1976-03-25,32.32719295742102
1976-03-26,32.358660268916225
1976-03-29,32.16288214057649
1976-03-30,32.01653257133909
1976-03-31,32.189369704532346
1976-04-01,32.03729500793231
1976-04-02,32.10214271773997
1976-04-05,32.59722108147784
1976-04-06,32.54827196025696
1976-04-07,32.1462686069551
1976-04-08,31.82076951429743
1976-04-09,31.508891555553884
1976-04-12,31.418265417231495
1976-04-13,31.676593883900836
1976-04-14,31.36769906461111
1976-04-15,31.44679810516129
1976-04-19,31.673970219637013
1976-04-20,32.15536069394605
1976-04-21,32.22283775373315
1976-04-22,32.14788356533641
1976-04-23,31.897898201466326
1976-04-26,31.932977441395224
1976-04-27,31.67430054942189
1976-04-28,31.73128789830047
1976-04-29,31.68286052373971
1976-04-30,31.523607778524983
1976-05-03,31.24632476545097
1976-05-04,31.39390429362827
1976-05-05,31.26041894573814
1976-05-06,31.33616724223179
1976-05-07,31.494397803144842
1976-05-10,31.88331594477104
1976-05-11,31.804292424134655
1976-05-12,31.785186548076478
1976-05-13,31.611144464394833
1976-05-14,31.325821402974455
1976-05-17,31.299152408259445
1976-05-18,31.371871129899244
1976-05-19,31.300465382045235
1976-05-20,31.307441894958657
1976-05-21,31.118681360086136
1976-05-24,30.603592904699397
1976-05-25,30.624965984365375
1976-05-26,30.61800499470617
1976-05-27,30.711360151585417
1976-05-28,30.956247757317584
1976-06-01,30.910536309607753
1976-06-02,31.04341081102186
1976-06-03,31.019280356437715
1976-06-04,30.82148733271285
1976-06-07,30.704282633438535
1976-06-08,30.755659822698853
1976-06-09,30.697209895310582
1976-06-10,30.941209313764087
1976-06-11,31.196434055058642
1976-06-14,31.500556328182476
1976-06-15,31.363485811451383
1976-06-16,31.587709750981663
1976-06-17,32.12700131214665
1976-06-18,32.1244932804773
1976-06-21,32.23368311264162
1976-06-22,32.04342294821666
1976-06-23,32.05219378038399
1976-06-24,32.35182984130695
1976-06-25,32.367162087219874
1976-06-28,32.28782098921984
1976-06-29,32.408060634716726
1976-06-30,32.52713129428798
1976-07-01,32.38076653547705
1976-07-02,32.47054490050344
1976-07-06,32.24482899262686
1976-07-07,32.360058227729844
1976-07-08,32.427967294934064
1976-07-09,32.72300628468943
1976-07-12,33.02398921738552
1976-07-13,32.94553602360044
1976-07-14,33.0393947853489
1976-07-15,32.85931533909254
1976-07-16,32.66131620746403
1976-07-19,32.49716080802322
1976-07-20,32.30455871749286
1976-07-21,32.2714063708617
1976-07-22,32.360119130274796
1976-07-23,32.36331883326284
1976-07-26,32.43931424748877
1976-07-27,32.265714021583136
1976-07-28,32.10918576320974
1976-07-29,32.02486857865327
1976-07-30,32.189762965305945
1976-08-02,32.23959769703716
1976-08-03,32.66109212905183
1976-08-04,32.689621577989826
1976-08-05,32.58743598651729
1976-08-06,32.73403717121295
1976-08-09,32.67914421997164
1976-08-10,32.93074518001867
1976-08-11,32.78497457737965
1976-08-12,32.84553729059299
1976-08-13,32.87753707681343
1976-08-16,33.02875003105905
1976-08-17,33.026222740359046
1976-08-18,32.94442065170124
1976-08-19,32.642918254342135
1976-08-20,32.398043234360344
1976-08-23,32.29512657085286
1976-08-24,32.023831043161074
1976-08-25,32.382369772844825
1976-08-26,32.125675158314266
1976-08-27,32.21477986650369
1976-08-30,32.438641450755426
1976-08-31,32.60811311291624
1976-09-01,32.85916739014182
1976-09-02,32.83610813413315
1976-09-03,33.001902408919705
1976-09-07,33.216388334965906
1976-09-08,33.141631704639074
1976-09-09,33.132470020521374
1976-09-10,33.305547615114484
1976-09-13,33.20976649708703
1976-09-14,33.16903983365979
1976-09-15,33.25194786766754
1976-09-16,33.604364882077654
1976-09-17,33.85968099458029
1976-09-20,33.90620356419117
1976-09-21,34.32916352721543
1976-09-22,34.27155428337345
1976-09-23,34.14129052964569
1976-09-24,34.08407307530277
1976-09-27,34.233137315901445
1976-09-28,33.885596326671966
1976-09-29,33.73729358759862
1976-09-30,33.67484196653584
1976-10-01,33.48538911036444
1976-10-04,33.406590519851996
1976-10-05,33.26540057678019
1976-10-06,33.204664961086245
1976-10-07,33.43457397955314
1976-10-08,33.18628065816948
1976-10-11,32.93235729456831
1976-10-12,32.63756541853508
1976-10-13,32.98667253634911
1976-10-14,32.568479457766216
1976-10-15,32.530923977433396
1976-10-18,32.65531839073836
1976-10-19,32.66426158923493
1976-10-20,32.7180919980997
1976-10-21,32.385953652862725
1976-10-22,32.188307877406665
1976-10-25,32.25507671043523
1976-10-26,32.55820518537668
1976-10-27,32.81293738280835
1976-10-28,32.82108667920436
1976-10-29,33.2303779700864
1976-11-01,33.34996246234455
1976-11-03,32.988896525705826
1976-11-04,33.18262704074733
1976-11-05,32.8076515318709
1976-11-08,32.43846702420537
1976-11-09,32.38488418804255
1976-11-10,32.15816946399782
1976-11-11,32.46278393851572
1976-11-12,32.34019628259828
1976-11-15,32.5454709773592
1976-11-16,32.501502698793296
1976-11-17,32.7394405629472
1976-11-18,33.232126668133255
1976-11-19,33.291885459142556
1976-11-22,33.549006668939874
1976-11-23,33.35943202244704
1976-11-24,33.57789409128203
1976-11-26,33.8900910661764
1976-11-29,33.69856697771386
1976-11-30,33.634481351201934
1976-12-01,33.87405143844024
1976-12-02,33.81645233324251
1976-12-03,33.996501955185245
1976-12-06,34.175804182474245
1976-12-07,34.18858057332272
1976-12-08,34.4355607966982
1976-12-09,34.67397649304974
1976-12-10,34.8178575029776
1976-12-13,34.92662722102084
1976-12-14,35.12132544298802
1976-12-15,35.173065125709265
1976-12-16,35.137858290173796
1976-12-17,34.96037623551572
1976-12-20,34.8632911108326
1976-12-21,34.989621857845435
1976-12-22,35.175895592571166
1976-12-23,35.170581162775946
1976-12-27,35.447547273628594
1976-12-28,35.6309162998742
1976-12-29,35.49726990495238
1976-12-30,35.61260296645883
1976-12-31,35.80479334008543
1977-01-03,35.69735988052339
1977-01-04,35.3421569703055
1977-01-05,35.13446679228829
1977-01-06,35.173055663752855
1977-01-07,35.23543680223751
1977-01-10,35.32438115611887
1977-01-11,35.04703363677821
1977-01-12,34.86385885864504
1977-01-13,35.182837083553
1977-01-14,35.199511434744856
1977-01-17,35.159010471912026
1977-01-18,35.120315342949915
1977-01-19,35.28271236285051
1977-01-20,35.100957260634246
1977-01-21,35.26413727741201
1977-01-24,35.33993142849859
1977-01-25,35.42468275246288
1977-01-26,35.260796106565486
1977-01-27,35.08179976549005
1977-01-28,35.034402802167605
1977-01-31,35.022132429004984
1977-02-01,35.135897257763254
1977-02-02,35.170969614031634
1977-02-03,35.08127137533276
1977-02-04,35.136489591726736
1977-02-07,35.146121860477024
1977-02-08,35.02132117967335
1977-02-09,34.63952490180715
1977-02-10,34.57365300307987
1977-02-11,34.33244071718597
1977-02-14,34.468878542734664
1977-02-15,34.53086018461401
1977-02-16,34.724188807799706
1977-02-17,34.59564480348794
1977-02-18,34.49614770038571
1977-02-22,34.401227015314454
1977-02-23,34.301434220325326
1977-02-24,34.1822144533349
1977-02-25,34.097565997147136
1977-02-28,34.23391829585755
1977-03-01,34.5060418592759
1977-03-02,34.463684607433514
1977-03-03,34.574821770756316
1977-03-04,34.66729862028473
1977-03-07,34.69326124968826
1977-03-08,34.6212424616847
1977-03-09,34.46282308149635
1977-03-10,34.50674628156362
1977-03-11,34.50843930838144
1977-03-14,34.61365716691053
1977-03-15,34.688038488959826
1977-03-16,34.77820439788644
1977-03-17,34.74424366730639
1977-03-18,34.7077346352827
1977-03-21,34.58190135536731
1977-03-22,34.435748540761324
1977-03-23,34.18433796729822
1977-03-24,34.161988237277974
1977-03-25,34.02357898841399
1977-03-28,33.9750582901917
1977-03-29,34.19244858535863
1977-03-30,33.96161496808831
1977-03-31,33.97089712416161
1977-04-01,34.20696792857199
1977-04-04,34.04274194249753
1977-04-05,33.98057381865607
1977-04-06,33.987349290904184
1977-04-07,34.05871931922385
1977-04-11,34.182148918969766
1977-04-12,34.5410240548901
1977-04-13,34.56858674474599
1977-04-14,34.85376017243172
1977-04-15,34.85719066535716
1977-04-18,34.806625116833565
1977-04-19,34.7508875347613
1977-04-20,34.91506362146358
1977-04-21,34.84171012754802
1977-04-22,34.54814015750357
1977-04-25,34.255311634675564
1977-04-26,34.219288769926926
1977-04-27,34.43482892389958
1977-04-28,34.47006553484045
1977-04-29,34.601046166959264
1977-05-02,34.788740380311516
1977-05-03,34.96437526785816
1977-05-04,35.1549123122367
1977-05-05,35.27526701494735
1977-05-06,35.21349515966288
1977-05-09,35.15359920358621
1977-05-10,35.246743001434055
1977-05-11,35.171830956460326
1977-05-12,35.16300848696441
1977-05-13,35.279888436998505
1977-05-16,35.41569791707708
1977-05-17,35.47144848956161
1977-05-18,35.631055333060914
1977-05-19,35.60251504573773
1977-05-20,35.570442523087415
1977-05-23,35.27606709951579
1977-05-24,35.11373567156324
1977-05-25,34.881079138897725
1977-05-26,34.92987177285971
1977-05-27,34.81894769854899
1977-05-31,34.77800534340682
1977-06-01,34.943171569430525
1977-06-02,34.92129515869468
1977-06-03,35.1220620744571
1977-06-06,35.03071293026008
1977-06-07,35.08234805799701
1977-06-08,35.24456454593806
1977-06-09,35.291235051817175
1977-06-10,35.373276133787776
1977-06-13,35.481134979448676
1977-06-14,35.783557251073134
1977-06-15,35.76653368485965
1977-06-16,35.90419555062727
1977-06-17,35.9113285424834
1977-06-20,36.058544259978625
1977-06-21,36.20997842567653
1977-06-22,36.23982098283897
1977-06-23,36.33764626101742
1977-06-24,36.49841850562647
1977-06-27,36.53486827395773
1977-06-28,36.40331729128843
1977-06-29,36.37234618115505
1977-06-30,36.493275101124915
1977-07-01,36.449454335105656
1977-07-05,36.40295941279799
1977-07-06,36.39837328133656
1977-07-07,36.53211127074359
1977-07-08,36.600570461536066
1977-07-11,36.548396864621246
1977-07-12,36.623264689483655
1977-07-13,36.75142273478124
1977-07-15,36.90849185070068
1977-07-18,37.06808462900465
1977-07-19,37.27561904505915
1977-07-20,37.275583830423024
1977-07-21,37.206579352387934
1977-07-22,37.2437728722552
1977-07-25,37.049152877004516
1977-07-26,36.923112682887336
1977-07-27,36.39316376709717
1977-07-28,36.413100579038385
1977-07-29,36.36932625273862
1977-08-01,36.4920307125384
1977-08-02,36.377058609777215
1977-08-03,36.30701592688878
1977-08-04,36.38957405446926
1977-08-05,36.3822539412405
1977-08-08,36.2394173478182
1977-08-09,36.231243018522186
1977-08-10,36.36619030369059
1977-08-11,36.22705308197639
1977-08-12,36.10566549743356
1977-08-15,36.11196541929566
1977-08-16,36.0180520269214
1977-08-17,35.92257267483443
1977-08-18,35.826456892863206
1977-08-19,35.601601700655046
1977-08-22,35.573926108775126
1977-08-23,35.549851892769325
1977-08-24,35.46450341383102
1977-08-25,35.19583863215139
1977-08-26,35.08226731767537
1977-08-29,35.308525359848026
1977-08-30,35.20256218349547
1977-08-31,35.167330057735946
1977-09-01,35.256103309351445
1977-09-02,35.44823559178098
1977-09-06,35.52265392194072
1977-09-07,35.609671098401684
1977-09-08,35.54822003606914
1977-09-09,35.33845876694683
1977-09-12,35.28719049183238
1977-09-13,35.30302288306181
1977-09-14,35.34889472967419
1977-09-15,35.49289539477889
1977-09-16,35.45294536405621
1977-09-19,35.34124625185755
1977-09-20,35.33057742369371
1977-09-21,35.20954466141879
1977-09-22,35.177809741608485
1977-09-23,35.20770030806094
1977-09-26,35.249925774922154
1977-09-27,35.24813951463999
1977-09-28,35.26486827425115
1977-09-29,35.424431844798114
1977-09-30,35.63164304500604
1977-10-03,35.71445776583342
1977-10-04,35.51622702291982
1977-10-05,35.40961113307448
1977-10-06,35.5467823743627
1977-10-07,35.595645460052296
1977-10-10,35.58939800756595
1977-10-11,35.424777111844875
1977-10-12,35.097051644579
1977-10-13,34.74951980839589
1977-10-14,34.72603494706143
1977-10-17,34.66610608599741
1977-10-18,34.67475676481662
1977-10-19,34.26038657111096
1977-10-20,34.28341474348471
1977-10-21,34.21910619772519
1977-10-24,33.966706684351244
1977-10-25,33.670298407795805
1977-10-26,33.89248027981866
1977-10-27,33.995816883073694
1977-10-28,34.110518758222135
1977-10-31,34.12072662190069
1977-11-01,33.852866226896474
1977-11-02,33.73519861493531
1977-11-03,33.78070681079518
1977-11-04,34.01969511932936
1977-11-07,34.2926599694575
1977-11-08,34.41264779359249
1977-11-09,34.58814109539713
1977-11-10,35.12684440323524
1977-11-11,35.53863535424
1977-11-14,35.50216482817528
1977-11-15,35.668988850924144
1977-11-16,35.6466531569643
1977-11-17,35.63950911583527
1977-11-18,35.74374216718238
1977-11-21,35.763388298951185
1977-11-22,35.96006447189557
1977-11-23,36.114662219548556
1977-11-25,36.236480649881074
1977-11-28,36.14405916269176
1977-11-29,35.78349436941625
1977-11-30,35.79149707617968
1977-12-01,35.90510209897429
1977-12-02,36.00113949958249
1977-12-05,35.92731902391758
1977-12-06,35.50246913791514
1977-12-07,35.44290700587197
1977-12-08,35.48541494573221
1977-12-09,35.63621283200738
1977-12-12,35.7421891906812
1977-12-13,35.75555931299811
1977-12-14,35.813628534159534
1977-12-15,35.71511297564708
1977-12-16,35.72400593133722
1977-12-19,35.547164994319594
1977-12-20,35.3817960055434
1977-12-21,35.51798023621847
1977-12-22,35.647592455357554
1977-12-23,35.88638394821152
1977-12-27,35.88275877473654
1977-12-28,35.90787131915867
1977-12-29,36.001210198959356
1977-12-30,36.080387670604125
1978-01-03,35.79984122369967
1978-01-04,35.64228622521301
1978-01-05,35.55582243224988
1978-01-06,35.163781156321626
1978-01-09,34.71974670246797
1978-01-10,34.50445063770203
1978-01-11,34.38367208614738
1978-01-12,34.449854605012945
1978-01-13,34.5006367191818
1978-01-16,34.391934172169826
1978-01-17,34.5079926704675
1978-01-18,34.668377526637876
1978-01-19,34.583384063719215
1978-01-20,34.52109850133808
1978-01-23,34.318254386479936
1978-01-24,34.34826342397784
1978-01-25,34.40662152492983
1978-01-26,34.21563659544906
1978-01-27,34.18396865516097
1978-01-30,34.35402831152126
1978-01-31,34.281888658109516
1978-02-01,34.54324567578638
1978-02-02,34.5708050063614
1978-02-03,34.5050273874955
1978-02-06,34.47565321049151
1978-02-07,34.69800207355241
1978-02-08,34.83328707579337
1978-02-09,34.710479857849755
1978-02-10,34.68443546809052
1978-02-13,34.61416138207005
1978-02-14,34.41423722833827
1978-02-15,34.29031450262654
1978-02-16,34.037395250838955
1978-02-17,33.94204395443922
1978-02-21,33.785860578103126
1978-02-22,33.77992938767232
1978-02-23,33.841562738976215
1978-02-24,34.14863785179943
1978-02-27,33.91723188251491
1978-02-28,33.65347585061904
1978-03-01,33.694673554825464
1978-03-02,33.78893476679513
1978-03-03,33.82270347467642
1978-03-06,33.742351800574596
1978-03-07,33.90260120974834
1978-03-08,34.03140907849048
1978-03-09,34.14962655005958
1978-03-10,34.44243342629661
1978-03-13,34.47943297516742
1978-03-14,34.57423457900118
1978-03-15,34.612251135700284
1978-03-16,34.76107600293385
1978-03-17,34.94527404016895
1978-03-20,35.12954920802206
1978-03-21,34.973190098696044
1978-03-22,34.93117665700828
1978-03-23,34.944270600315754
1978-03-27,34.85427364272695
1978-03-28,35.04681868886928
1978-03-29,35.13264823664238
1978-03-30,35.06850229278134
1978-03-31,35.04482556796734
1978-04-03,34.84943104936908
1978-04-04,34.97661784327052
1978-04-05,35.167224642810275
1978-04-06,35.25422320115659
1978-04-07,35.38463250064446
1978-04-10,35.45626430296968
1978-04-11,35.41722839201229
1978-04-12,35.48981772220394
1978-04-13,35.75420615991315
1978-04-14,36.19298395860098
1978-04-17,36.443494816587254
1978-04-18,36.154609430167554
1978-04-19,36.2286857530769
1978-04-20,36.54294361838538
1978-04-21,36.56023378213715
1978-04-24,36.81704481473111
1978-04-25,36.96335379764708
1978-04-26,36.96882879819372
1978-04-27,36.74141815234168
1978-04-28,36.922338058521724
1978-05-01,37.15948966342932
1978-05-02,37.0034885518988
1978-05-03,36.80730263965858
1978-05-04,36.816458199478966
1978-05-05,37.07965787841627
1978-05-08,37.034203122609895
1978-05-09,36.9258413383783
1978-05-10,36.98398609245678
1978-05-11,37.42961299467616
1978-05-12,37.876852894512886
1978-05-15,38.06239399455872
1978-05-16,38.426782145881184
1978-05-17,38.56317597516384
1978-05-18,38.32693260220933
1978-05-19,38.11319715786896
1978-05-22,38.48379261142923
1978-05-23,38.168137861840556
1978-05-24,37.71773386953266
1978-05-25,37.65264791724112
1978-05-26,37.62814401270428
1978-05-30,37.71935640520556
1978-05-31,37.932445935930964
1978-06-01,37.96560397258698
1978-06-02,38.45627123091984
1978-06-05,39.30318184575969
1978-06-06,39.441590008270694
1978-06-07,39.404076814661714
1978-06-08,39.53113023192321
1978-06-09,39.45990487287316
1978-06-12,39.28718612097113
1978-06-13,39.42661157680602
1978-06-14,39.469857450542044
1978-06-15,39.10369054195185
1978-06-16,38.7214309592781
1978-06-19,38.70974880666918
1978-06-20,38.296459987634194
1978-06-21,38.05514949649306
1978-06-22,38.14261012707477
1978-06-23,38.049119923276315
1978-06-26,37.41837651992068
1978-06-27,37.51282978861252
1978-06-28,37.72379006833847
1978-06-29,37.80487131133594
1978-06-30,37.871010933695125
1978-07-03,37.796178909346295
1978-07-05,37.43047603161915
1978-07-06,37.45008874283899
1978-07-07,37.71873304678577
1978-07-10,37.91295393712312
1978-07-11,38.09202585114838
1978-07-12,38.19864574210707
1978-07-13,38.21580369265913
1978-07-14,38.65908866067781
1978-07-17,38.83396249408161
1978-07-18,38.57956907505805
1978-07-19,38.99810097005818
1978-07-20,39.08090524354117
1978-07-21,38.928431929752506
1978-07-24,38.926448383207486
1978-07-25,39.155111410170754
1978-07-26,39.39195406370416
1978-07-27,39.61252833493541
1978-07-28,39.85213261203066
1978-07-31,40.31638140426254
1978-08-01,40.24987161013934
1978-08-02,41.347629939780155
1978-08-03,41.38573498922087
1978-08-04,41.60295476508995
1978-08-07,41.530114477984284
1978-08-08,41.80726831224264
1978-08-09,42.10408057323472
1978-08-10,41.80510631730976
1978-08-11,41.995286771949225
1978-08-14,42.033038072177085
1978-08-15,41.9731231703796
1978-08-16,42.40645054591441
1978-08-17,42.611009213897674
1978-08-18,42.45862282974107
1978-08-21,42.010623751858404
1978-08-22,42.22065980227594
1978-08-23,42.552043290275265
1978-08-24,42.69882453817678
1978-08-25,42.7137276240247
1978-08-28,42.39972980442805
1978-08-29,42.16966082291909
1978-08-30,42.294020392267
1978-08-31,42.173415155050485
1978-09-01,42.41062253925867
1978-09-05,42.76366067319836
1978-09-06,43.14950990270031
1978-09-07,43.21631294319603
1978-09-08,43.818060178793004
1978-09-11,43.811451281566114
1978-09-12,43.81355585695849
1978-09-13,43.44766378931995
1978-09-14,42.919682701788226
1978-09-15,42.47648000425102
1978-09-18,41.92636881302309
1978-09-19,41.439958909631216
1978-09-20,40.874271421157005
1978-09-21,40.86603131204224
1978-09-22,40.84863771321299
1978-09-25,40.83837167521259
1978-09-26,41.12932913179187
1978-09-27,40.607973808303036
1978-09-28,40.722645706501716
1978-09-29,40.96077788664525
1978-10-02,41.10207418655371
1978-10-03,41.011623057423456
1978-10-04,41.200250716539486
1978-10-05,41.27642598414937
1978-10-06,41.35274867557069
1978-10-09,41.723831289353825
1978-10-10,41.73422450341215
1978-10-11,42.016943419730374
1978-10-12,41.891884238882206
1978-10-13,41.730548688852174
1978-10-16,40.9167824519488
1978-10-17,40.100447654228326
1978-10-18,39.6662813844362
1978-10-19,39.05041055131766
1978-10-20,38.15613798193993
1978-10-23,38.01681263460816
1978-10-24,37.83621568591534
1978-10-25,37.742543558132375
1978-10-26,36.842350884691605
1978-10-27,36.03542126233083
1978-10-30,36.07587259033625
1978-10-31,35.431716087215214
1978-11-01,37.06152031126337
1978-11-02,36.65834397792815
1978-11-03,36.84339760997481
1978-11-06,36.615851376229294
1978-11-07,35.96130074191281
1978-11-08,36.09521845676665
1978-11-09,36.1871986218065
1978-11-10,36.37443744206691
1978-11-13,35.73877681480273
1978-11-14,35.24551129506982
1978-11-15,35.412875406448194
1978-11-16,35.817424730200244
1978-11-17,36.231043894358244
1978-11-20,36.586090492445734
1978-11-21,36.53667575190647
1978-11-22,36.726638423876594
1978-11-24,37.004795772835934
1978-11-27,37.09634628510217
1978-11-28,36.831073883753575
1978-11-29,36.2593810601553
1978-11-30,36.73978941053789
1978-12-01,37.515879973687035
1978-12-04,37.5571285918228
1978-12-05,38.160813691222025
1978-12-06,38.204640816545314
1978-12-07,38.06037077658899
1978-12-08,37.86527693088889
1978-12-11,38.0555169554708
1978-12-12,37.794771324131595
1978-12-13,37.54340112762239
1978-12-14,37.565912041333775
1978-12-15,37.29917822318842
1978-12-18,36.23237428704034
1978-12-19,36.72147637244782
1978-12-20,36.99215034999262
1978-12-21,37.09383342598075
1978-12-22,37.931210639011454
1978-12-26,38.552237603826036
1978-12-27,38.111633688493896
1978-12-28,37.98865786230807
1978-12-29,37.908846263931764
1979-01-02,38.194982459237416
1979-01-03,38.74109380667118
1979-01-04,39.05582957650315
1979-01-05,39.359413007061946
1979-01-08,39.256045369461546
1979-01-09,39.503334938438336
1979-01-10,39.2880271222451
1979-01-11,39.65730915710392
1979-01-12,40.04487604282608
1979-01-15,40.366221931806464
1979-01-16,39.8343559586864
1979-01-17,39.84225772639417
1979-01-18,40.08129323976907
1979-01-19,40.023144531608274
1979-01-22,40.095107390700726
1979-01-23,40.30350237694748
1979-01-24,40.04348901566242
1979-01-25,40.43484391775408
1979-01-26,40.635987396443625
1979-01-29,40.50390078949234
1979-01-30,40.331768854052136
1979-01-31,39.90220546889239
1979-02-01,39.918132559737835
1979-02-02,39.79833440134693
1979-02-05,39.2610145542947
1979-02-06,39.22957890029558
1979-02-07,38.78427951247981
1979-02-08,38.995638058488545
1979-02-09,39.090183041622545
1979-02-12,39.25434492290599
1979-02-13,39.570264574972306
1979-02-14,39.45350685447218
1979-02-15,39.4869977809405
1979-02-16,39.49684535909874
1979-02-20,39.71799493392665
1979-02-21,39.596825517117544
1979-02-22,39.396831910213905
1979-02-23,39.18700439434922
1979-02-26,39.1683605414768
1979-02-27,38.412381639452
1979-02-28,38.45649803861073
1979-03-01,38.74772352206011
1979-03-02,38.80097517333089
1979-03-05,39.343201366797395
1979-03-06,39.241840860629516
1979-03-07,39.54592201003536
1979-03-08,40.08865796530969
1979-03-09,40.07360470597312
1979-03-12,40.210833923586826
1979-03-13,40.35555999734967
1979-03-14,40.33132054001275
1979-03-15,40.50469962313932
1979-03-16,40.911667976010506
1979-03-19,41.099753309131174
1979-03-20,40.88088491464823
1979-03-21,41.21810818645431
1979-03-22,41.408654663247
1979-03-23,41.44070254252291
1979-03-26,41.21685633797374
1979-03-27,41.94224243627863
1979-03-28,41.77335409762084
1979-03-29,41.81301202047812
1979-03-30,41.6551236834907
1979-04-02,41.346808843755795
1979-04-03,42.05899173637776
1979-04-04,42.17041852682108
1979-04-05,42.501395377889246
1979-04-06,42.50238832994335
1979-04-09,42.39713715409278
1979-04-10,42.58151934554655
1979-04-11,42.06198711766816
1979-04-12,41.9735730229024
1979-04-16,41.60940641021111
1979-04-17,41.5708624078944
1979-04-18,41.82545855996645
1979-04-19,41.671717641895796
1979-04-20,41.71959457972519
1979-04-23,41.95003353446366
1979-04-24,42.263544361092166
1979-04-25,42.50222976494879
1979-04-26,42.29500300609491
1979-04-27,42.23364421706703
1979-04-30,42.26527712353668
1979-05-01,42.31064147911437
1979-05-02,42.41533224677422
1979-05-03,42.42270573522167
1979-05-04,41.93269151587262
1979-05-07,41.03946809786266
1979-05-08,41.09585117717761
1979-05-09,41.21392406470003
1979-05-10,40.80892350650033
1979-05-11,40.878255844401515
1979-05-14,40.676886780878554
1979-05-15,40.692071349985795
1979-05-16,40.84767794569565
1979-05-17,41.51961035649558
1979-05-18,41.579724307678894
1979-05-21,41.74078634478812
1979-05-22,41.99746132721576
1979-05-23,41.76329019847321
1979-05-24,41.858266430812364
1979-05-25,42.039279839692504
1979-05-29,41.99405912859145
1979-05-30,41.51529204802228
1979-05-31,41.468556566523205
1979-06-01,41.55560986118815
1979-06-04,41.71661079040954
1979-06-05,42.352710791064865
1979-06-06,42.69673719834623
1979-06-07,43.006168296065034
1979-06-08,42.92013358858
1979-06-11,43.04024419461931
1979-06-12,43.40496914454391
1979-06-13,43.06959902709317
1979-06-14,42.9854059132344
1979-06-15,43.02082253532009
1979-06-18,42.77020113725704
1979-06-19,42.78295823342029
1979-06-20,42.889873823877636
1979-06-21,43.14289180293671
1979-06-22,43.39200964995074
1979-06-25,43.22707972054645
1979-06-26,43.072507240150095
1979-06-27,43.459008574525356
1979-06-28,43.84141010151583
1979-06-29,43.872002324688715
1979-07-02,43.45734567652559
1979-07-03,43.51923450064895
1979-07-05,43.771608634613024
1979-07-06,44.38327494427257
1979-07-09,44.784862424369535
1979-07-10,44.557466092819496
1979-07-11,44.2310020759201
1979-07-12,43.799600063416904
1979-07-13,43.693270208836616
1979-07-16,43.98817938874842
1979-07-17,43.463569082540666
1979-07-18,43.35157525645867
1979-07-19,43.3732002207296
1979-07-20,43.536905766698155
1979-07-23,43.388864617773955
1979-07-24,43.560210202317954
1979-07-25,44.05784226789454
1979-07-26,44.071012234681405
1979-07-27,44.19102732733293
1979-07-30,44.3235766501235
1979-07-31,44.53288713688009
1979-08-01,44.63637030255273
1979-08-02,44.6742226330747
1979-08-03,44.64178085451014
1979-08-06,44.65850308732507
1979-08-07,45.04364721785012
1979-08-08,45.159579482109166
1979-08-09,45.02066830880495
1979-08-10,45.233341623521525
1979-08-13,45.54311918706384
1979-08-14,45.639861485205365
1979-08-15,45.84865155580013
1979-08-16,45.829140217384484
1979-08-17,46.084597621044885
1979-08-20,46.35403088881831
1979-08-21,46.44081484123257
1979-08-22,46.61492689432653
1979-08-23,46.61487058488807
1979-08-24,46.68944153822393
1979-08-27,46.94262864953338
1979-08-28,46.8956011895648
1979-08-29,46.89675714929348
1979-08-30,46.848663963863096
1979-08-31,46.95170106214356
1979-09-04,46.274384681727064
1979-09-05,45.65648788319935
1979-09-06,45.9999818552646
1979-09-07,46.47709125851305
1979-09-10,46.79642297014727
1979-09-11,46.52022329502624
1979-09-12,46.65275548199912
1979-09-13,46.68300761992522
1979-09-14,47.056387034255906
1979-09-17,46.997455817109355
1979-09-18,46.69074599374535
1979-09-19,46.80277169030807
1979-09-20,47.51291369214192
1979-09-21,47.53393835019918
1979-09-24,47.2248644927721
1979-09-25,47.19525513181573
1979-09-26,47.38047309945748
1979-09-27,47.48350730051975
1979-09-28,47.087074459115286
1979-10-01,46.802141037368166
1979-10-02,47.22801201150261
1979-10-03,47.31767020866558
1979-10-04,47.66188247367344
1979-10-05,48.18968011303137
1979-10-08,47.50769247345741
1979-10-09,45.67380809713118
1979-10-10,44.755667957528985
1979-10-11,44.76445349081005
1979-10-12,44.59430955529242
1979-10-15,43.98885459352295
1979-10-16,43.959060176247725
1979-10-17,44.188709232596295
1979-10-18,44.30685149609777
1979-10-19,43.24999910060599
1979-10-22,42.547143028491014
1979-10-23,42.416206005047535
1979-10-24,42.55188210934849
1979-10-25,42.38587273063998
1979-10-26,42.68569278617864
1979-10-29,42.86278640151731
1979-10-30,43.69642082910302
1979-10-31,43.481123189199366
1979-11-01,43.90069452045152
1979-11-02,44.044370596831605
1979-11-05,43.77347453890087
1979-11-06,43.51189519264421
1979-11-07,42.97559000785213
1979-11-08,43.2710159738058
1979-11-09,43.90490338142666
1979-11-12,44.86307262851043
1979-11-13,44.740601282239744
1979-11-14,45.02241346005023
1979-11-15,45.453457899991456
1979-11-16,45.41929216947944
1979-11-19,45.75080550018005
1979-11-20,45.56425562065476
1979-11-21,45.579026819215066
1979-11-23,46.00973223700903
1979-11-26,46.98277640433795
1979-11-27,46.869903566586565
1979-11-28,47.09932530839014
1979-11-29,47.16048755519386
1979-11-30,46.970626719552804
1979-12-03,46.85080164121779
1979-12-04,47.326288644365
1979-12-05,47.577042615680156
1979-12-06,47.968345897892206
1979-12-07,47.72126690936523
1979-12-10,47.83686836582207
1979-12-11,47.78658185290512
1979-12-12,47.856994002399205
1979-12-13,47.91795006617751
1979-12-14,48.50369311402991
1979-12-17,48.77642308598256
1979-12-18,48.33978066430493
1979-12-19,48.342120826779144
1979-12-20,48.43996760574122
1979-12-21,48.190412499730236
1979-12-24,48.17587607947639
1979-12-26,48.25652964151532
1979-12-27,48.37472855914416
1979-12-28,48.47628889230703
1979-12-31,48.522336524688924
1980-01-02,47.419623197787665
1980-01-03,46.986733428937235
1980-01-04,47.625694725558404
1980-01-07,47.762565585911425
1980-01-08,48.57212563460687
1980-01-09,48.69220518537878
1980-01-10,49.05608093732091
1980-01-11,49.18845149180372
1980-01-14,49.41956081964178
1980-01-15,49.61715140431645
1980-01-16,49.68027966965193
1980-01-17,49.5981592219367
1980-01-18,49.70966483234604
1980-01-21,50.194190705737284
1980-01-22,49.9832222712296
1980-01-23,50.807863803122736
1980-01-24,50.9931218767985
1980-01-25,50.998106860288246
1980-01-28,51.52588960956594
1980-01-29,51.18706927327812
1980-01-30,51.741091843269835
1980-01-31,51.473188474574776
1980-02-01,51.86046459381703
1980-02-04,51.66067009258312
1980-02-05,51.78072527107265
1980-02-06,52.444775465401676
1980-02-07,52.92562608911243
1980-02-08,53.737809137758006
1980-02-11,53.356050641288334
1980-02-12,53.649408958498576
1980-02-13,53.77672869889932
1980-02-14,52.951205068543864
1980-02-15,52.45466299650909
1980-02-19,52.07430952297176
1980-02-20,52.977728752036
1980-02-21,52.60651040166607
1980-02-22,52.39464520162201
1980-02-25,51.600685965346614
1980-02-26,51.9966466549479
1980-02-27,51.43355677488903
1980-02-28,51.410356453007
1980-02-29,51.82415927110101
1980-03-03,51.447112356301886
1980-03-04,51.44189736561463
1980-03-05,50.73567846248832
1980-03-06,49.34163252459149
1980-03-07,48.35341934968153
1980-03-10,47.751206401905655
1980-03-11,48.31098901067054
1980-03-12,48.087452358274106
1980-03-13,47.63300589447839
1980-03-14,47.454227023124055
1980-03-17,45.67697337688311
1980-03-18,46.29340450762829
1980-03-19,46.59172113840274
1980-03-20,46.10007770996916
1980-03-21,45.83602331822614
1980-03-24,44.39674818536496
1980-03-25,44.07361737174669
1980-03-26,43.83000080938062
1980-03-27,42.57959429196487
1980-03-28,44.10436568386592
1980-03-31,45.000578976552774
1980-04-01,45.342474778104425
1980-04-02,45.88417959856662
1980-04-03,45.762476858840394
1980-04-07,44.77617819364489
1980-04-08,45.312276833514275
1980-04-09,46.20035694179732
1980-04-10,46.605475959147846
1980-04-11,46.57394281554789
1980-04-14,46.04529429524649
1980-04-15,46.029120245234054
1980-04-16,45.57335559258093
1980-04-17,45.26671818694084
1980-04-18,45.137649531840864
1980-04-21,44.79456464962799
1980-04-22,46.34660174393951
1980-04-23,46.53067489279541
1980-04-24,46.99358197111165
1980-04-25,47.18020977975787
1980-04-28,47.35818977420948
1980-04-29,47.48124296752328
1980-04-30,47.620050814652835
1980-05-01,47.37714987855503
1980-05-02,47.49672705473329
1980-05-05,47.78046101941499
1980-05-06,48.03244863883722
1980-05-07,48.40213539093539
1980-05-08,48.054728465984866
1980-05-09,47.54161943849152
1980-05-12,47.50704341980896
1980-05-13,48.04611674059293
1980-05-14,48.4279810153626
1980-05-15,48.60104474804544
1980-05-16,48.843982442085
1980-05-19,48.89764392291819
1980-05-20,48.84007698230353
1980-05-21,48.97558582452177
1980-05-22,49.55956964522596
1980-05-23,50.1839529627539
1980-05-27,50.56527110742211
1980-05-28,50.9013798704371
1980-05-29,50.099757171452715
1980-05-30,50.38142629553498
1980-06-02,50.31714025399259
1980-06-03,50.25417904373537
1980-06-04,51.201424179712745
1980-06-05,51.23072986297326
1980-06-06,51.52780822945521
1980-06-09,51.809877907247994
1980-06-10,52.19572879851385
1980-06-11,52.74627135439573
1980-06-12,52.46916975719324
1980-06-13,52.587139483903144
1980-06-16,52.65925305491144
1980-06-17,52.75794470095952
1980-06-18,52.792186318247886
1980-06-19,52.08862177096443
1980-06-20,51.89972523228578
1980-06-23,52.13580651846845
1980-06-24,52.374286123607234
1980-06-25,53.14020914359883
1980-06-26,52.91690976334854
1980-06-27,52.82294909490954
1980-06-30,51.94865024996476
1980-07-01,52.33422064103935
1980-07-02,52.71221569440758
1980-07-03,53.45144150116763
1980-07-07,53.93106647185931
1980-07-08,53.7557152511821
1980-07-09,53.79593691295887
1980-07-10,53.335921694342225
1980-07-11,53.70512331183497
1980-07-14,54.66364338344431
1980-07-15,54.41351979344906
1980-07-16,54.56707867196449
1980-07-17,55.35822644451446
1980-07-18,55.575362313181195
1980-07-21,55.936508492481735
1980-07-22,55.93787772744827
1980-07-23,55.97696357261848
1980-07-24,55.891528887542805
1980-07-25,55.46110370897339
1980-07-28,55.6509962979907
1980-07-29,56.16853586964417
1980-07-30,56.126310761334715
1980-07-31,56.02492106681896
1980-08-01,55.96030600342737
1980-08-04,55.78395564437025
1980-08-05,55.83263428383454
1980-08-06,56.273674494531996
1980-08-07,57.309057509808376
1980-08-08,57.58113135362744
1980-08-11,58.11372645316223
1980-08-12,57.61094995942717
1980-08-13,57.45389419666442
1980-08-14,58.317101678208594
1980-08-15,58.59835648954284
1980-08-18,57.424862251106916
1980-08-19,57.05732166287124
1980-08-20,57.67349430080711
1980-08-21,58.597597553030866
1980-08-22,58.99303444442169
1980-08-25,58.65671151483077
1980-08-26,58.55402251910953
1980-08-27,57.947916549687505
1980-08-28,57.18296215997924
1980-08-29,57.361599334543946
1980-09-02,57.979627940575355
1980-09-03,59.134849722455954
1980-09-04,58.920386962063176
1980-09-05,58.68015019333502
1980-09-08,58.16221537748474
1980-09-09,58.4834594662954
1980-09-10,58.97467140587151
1980-09-11,59.45520442773458
1980-09-12,59.57548598342952
1980-09-15,59.65436917770354
1980-09-16,60.43131075680402
1980-09-17,61.46910664237421
1980-09-18,61.23542997219223
1980-09-19,61.55684337426991
1980-09-22,62.08142092825966
1980-09-23,61.66067180217563
1980-09-24,62.15362277581913
1980-09-25,61.413601688332925
1980-09-26,60.07969049668567
1980-09-29,58.574624662270644
1980-09-30,59.737214544637546
1980-10-01,60.848235001773325
1980-10-02,61.25397752271836
1980-10-03,62.117552934653155
1980-10-06,63.36287709671429
1980-10-07,63.0078836119836
1980-10-08,63.480346982170715
1980-10-09,63.21829760113383
1980-10-10,62.96215838751429
1980-10-13,63.8340320584918
1980-10-14,63.878449680237765
1980-10-15,64.59861787456528
1980-10-16,63.67132982036054
1980-10-17,63.25097390821096
1980-10-20,63.66834861942706
1980-10-21,63.29401883041316
1980-10-22,63.528122826557414
1980-10-23,62.25268411885715
1980-10-24,62.380078521728194
1980-10-27,61.46019849131735
1980-10-28,61.598329238533935
1980-10-29,61.502756712803546
1980-10-30,60.51707351285106
1980-10-31,61.173539603876954
1980-11-03,62.05734684222162
1980-11-05,63.43020463446027
1980-11-06,62.24866672287597
1980-11-07,62.41668286938743
1980-11-10,62.70835578255406
1980-11-11,63.504680000472135
1980-11-12,65.33029601318147
1980-11-13,66.42760122910465
1980-11-14,66.83600608617502
1980-11-17,67.27038162388641
1980-11-18,68.43566930097133
1980-11-19,68.3071585424975
1980-11-20,69.09599632753948
1980-11-21,68.48091417814074
1980-11-24,68.00657749052041
1980-11-25,68.48256060679644
1980-11-26,68.94468609469128
1980-11-28,69.18745152642856
1980-12-01,67.60977298768881
1980-12-02,67.494613624073
1980-12-03,67.55689387947572
1980-12-04,67.52467238155978
1980-12-05,66.17053582249416
1980-12-08,64.167020680663
1980-12-09,63.98403002844655
1980-12-10,62.70421973051945
1980-12-11,61.956370756809484
1980-12-12,63.07603505997524
1980-12-15,63.1406267514755
1980-12-16,63.7956048022535
1980-12-17,64.72680362107614
1980-12-18,64.60998015579013
1980-12-19,64.8892460529247
1980-12-22,65.64835667702368
1980-12-23,65.45610878600857
1980-12-24,65.884610482249
1980-12-26,66.33744360578262
1980-12-29,65.6939027106955
1980-12-30,65.90068378399837
1980-12-31,66.21200511114148
1981-01-02,66.5925890959408
1981-01-05,67.12028781469868
1981-01-06,66.91201534924484
1981-01-07,64.79735354258783
1981-01-08,63.65358001313283
1981-01-09,63.981207070424155
1981-01-12,63.857940009167194
1981-01-13,63.704591993498795
1981-01-14,63.95450109466283
1981-01-15,64.2598142279831
1981-01-16,64.73821762219298
1981-01-19,64.66207640491041
1981-01-20,63.35093190079305
1981-01-21,63.14805704653489
1981-01-22,62.690205331778635
1981-01-23,62.671283848714125
1981-01-26,62.24193263278624
1981-01-27,62.96226413429188
1981-01-28,62.60345972808877
1981-01-29,62.60490524326397
1981-01-30,62.2071910850631
1981-02-02,60.71713255764598
1981-02-03,61.419720988254646
1981-02-04,61.54543938563613
1981-02-05,62.071524357200694
1981-02-06,62.599035332288324
1981-02-09,62.07307418043789
1981-02-10,62.05573185468554
1981-02-11,61.610407255369864
1981-02-12,61.311461691804254
1981-02-13,61.16886183307302
1981-02-17,61.35226618256101
1981-02-18,61.69571123722557
1981-02-19,60.870447868540374
1981-02-20,60.74546719874156
1981-02-23,61.02032362275135
1981-02-24,61.17432762253494
1981-02-25,61.507600017538074
1981-02-26,62.367011328916355
1981-02-27,62.80957585393415
1981-03-02,63.125176744108366
1981-03-03,62.71320930618487
1981-03-04,62.96552460575698
1981-03-05,62.82068160900586
1981-03-06,63.112739264567786
1981-03-09,63.5433311209334
1981-03-10,63.37964291291034
1981-03-11,63.252828930629015
1981-03-12,64.37069851981991
1981-03-13,64.78258385911045
1981-03-16,65.43360656549571
1981-03-17,65.23560693372463
1981-03-18,65.52421328978173
1981-03-19,65.4995593808062
1981-03-20,66.08404171897503
1981-03-23,66.73491082654894
1981-03-24,66.38950178232243
1981-03-25,67.23256439936371
1981-03-26,66.90466690979905
1981-03-27,66.30914124391408
1981-03-30,66.24284867995549
1981-03-31,67.05760049584876
1981-04-01,67.31070137967028
1981-04-02,67.50750027340646
1981-04-03,67.228927514734
1981-04-06,66.68935593941507
1981-04-07,66.74932841608185
1981-04-08,67.08801423003719
1981-04-09,67.78736040986341
1981-04-10,68.18547660981424
1981-04-13,67.79332545126113
1981-04-14,67.39667942083437
1981-04-15,68.1582044798476
1981-04-16,68.62330619032728
1981-04-20,69.18081128909981
1981-04-21,68.81409923487654
1981-04-22,68.73493192521671
1981-04-23,68.86201743730116
1981-04-24,69.36639796133827
1981-04-27,69.47896402895852
1981-04-28,68.75113670294353
1981-04-29,67.82832686206103
1981-04-30,67.55013788378363
1981-05-01,67.26462373040374
1981-05-04,66.0386787106842
1981-05-05,65.55984236437176
1981-05-06,65.68760382901259
1981-05-07,66.21632708278766
1981-05-08,66.39172460870054
1981-05-11,65.6646811940088
1981-05-12,66.0898299350398
1981-05-13,66.45651747977148
1981-05-14,66.92323308781728
1981-05-15,67.33811951948304
1981-05-18,67.5569214094341
1981-05-19,67.48087783390014
1981-05-20,67.7423183385763
1981-05-21,67.66602650198695
1981-05-22,67.71164302643287
1981-05-26,68.2244705163743
1981-05-27,68.95095805064409
1981-05-28,69.19395283845284
1981-05-29,69.2699741426385
1981-06-01,69.27677836998534
1981-06-02,68.40372509967423
1981-06-03,68.41725167340795
1981-06-04,68.23417753767889
1981-06-05,68.53089056095
1981-06-08,68.53768991030068
1981-06-09,68.1897742006263
1981-06-10,68.08225812047475
1981-06-11,68.93830577586789
1981-06-12,69.12775043132214
1981-06-15,69.19327774908804
1981-06-16,68.29197901895012
1981-06-17,68.1961655503861
1981-06-18,67.39309664934672
1981-06-19,67.26322838323496
1981-06-22,67.21602205913182
1981-06-23,67.79739655073745
1981-06-24,67.49560947123759
1981-06-25,67.40779916248326
1981-06-26,67.22909781218848
1981-06-29,66.52832291321884
1981-06-30,65.98930432861381
1981-07-01,65.41019542761198
1981-07-02,64.71352828949912
1981-07-06,63.69580263232293
1981-07-07,63.515791812852854
1981-07-08,63.46806944204635
1981-07-09,63.90752826293529
1981-07-10,64.03847430277608
1981-07-13,64.15687425165295
1981-07-14,63.95955036636379
1981-07-15,64.26488107223003
1981-07-16,64.41586868305725
1981-07-17,64.62834675221542
1981-07-20,63.54091465272908
1981-07-21,63.01823694870913
1981-07-22,62.40222188508263
1981-07-23,62.3490233718897
1981-07-24,62.81035271057734
1981-07-27,63.23111930702978
1981-07-28,62.9496751687897
1981-07-29,62.91497776341641
1981-07-30,63.28926173821008
1981-07-31,63.81609409123295
1981-08-03,63.516141519970766
1981-08-04,63.66534688310232
1981-08-05,64.08386022836056
1981-08-06,64.183071451372
1981-08-07,63.82037576556581
1981-08-10,63.887285965736616
1981-08-11,64.38873362324063
1981-08-12,64.37254622169822
1981-08-13,64.39182900198274
1981-08-14,64.13577690966105
1981-08-17,63.25225022227557
1981-08-18,62.75714824531604
1981-08-19,63.069319766509246
1981-08-20,63.269429107123166
1981-08-21,62.736330228020236
1981-08-24,61.14434227795865
1981-08-25,60.68718985922862
1981-08-26,60.649174053302154
1981-08-27,60.241394851651755
1981-08-28,60.60580610858047
1981-08-31,60.078519919658675
1981-09-01,60.07091617743613
1981-09-02,60.29761378118534
1981-09-03,59.352415055412386
1981-09-04,58.83002639374442
1981-09-08,57.80635477469507
1981-09-09,58.06345714232501
1981-09-10,58.98222914219826
1981-09-11,59.74012321972679
1981-09-14,59.37120597709992
1981-09-15,59.210815097492535
1981-09-16,59.03162839242327
1981-09-17,58.41304468060201
1981-09-18,58.01708889409816
1981-09-21,58.4854701587264
1981-09-22,58.34794067411863
1981-09-23,57.70461197075873
1981-09-24,57.643893169015584
1981-09-25,56.54858702347972
1981-09-28,57.0388676931374
1981-09-29,57.489283197033664
1981-09-30,57.70328764907582
1981-10-01,57.80567571005284
1981-10-02,58.69872139691683
1981-10-05,59.015584795160116
1981-10-06,58.828113768232555
1981-10-07,59.78685870532273
1981-10-08,60.21568869765625
1981-10-09,60.25473840911943
1981-10-12,60.257712003944015
1981-10-13,60.24707653811128
1981-10-14,59.68822408513689
1981-10-15,59.99554009318493
1981-10-16,59.98498044999665
1981-10-19,59.94894224363428
1981-10-20,60.34904708631117
1981-10-21,60.2811027605921
1981-10-22,60.107742312696715
1981-10-23,59.808657934887165
1981-10-26,59.59780621124803
1981-10-27,60.12510555312499
1981-10-28,60.36406396486559
1981-10-29,60.14816433337017
1981-10-30,61.28788247666254
1981-11-02,62.03849236461429
1981-11-03,62.35626176273527
1981-11-04,62.494985015047774
1981-11-05,62.12930023998836
1981-11-06,61.939724878684665
1981-11-09,62.301960563568535
1981-11-10,62.13355454783333
1981-11-11,62.43629128684158
1981-11-12,62.543834397847924
1981-11-13,62.07155951237173
1981-11-16,61.4072855451327
1981-11-17,61.74645313293849
1981-11-18,61.661498869014345
1981-11-19,61.63682269664769
1981-11-20,62.19304991344784
1981-11-23,61.93176621755092
1981-11-24,62.49054665970691
1981-11-25,62.75135684838429
1981-11-27,62.98975594132704
1981-11-30,63.14560840732398
1981-12-01,62.948145338666166
1981-12-02,62.427112056900604
1981-12-03,62.62374206797091
1981-12-04,62.93517519896228
1981-12-07,62.559123131963965
1981-12-08,62.3401105415393
1981-12-09,62.33851763214894
1981-12-10,62.46783374587842
1981-12-11,62.13200829864624
1981-12-14,61.43139694700553
1981-12-15,61.52197131225226
1981-12-16,61.326601163365645
1981-12-17,61.40782002272938
1981-12-18,61.84376999542984
1981-12-21,61.7416787297758
1981-12-22,61.59807533928663
1981-12-23,61.40400524302402
1981-12-24,61.49912284231048
1981-12-28,61.43606400528183
1981-12-29,61.28861246685956
1981-12-30,61.46630785341253
1981-12-31,61.70599876662245
1982-01-04,61.781559382862746
1982-01-05,60.91963589696017
1982-01-06,60.76879893989396
1982-01-07,60.75657703996234
1982-01-08,61.154468394469816
1982-01-11,60.43279463376665
1982-01-12,60.02755170226621
1982-01-13,59.35817428439885
1982-01-14,59.61190561227416
1982-01-15,59.742978187308566
1982-01-18,59.83694501065388
1982-01-19,59.49281946505594
1982-01-20,59.39458089352336
1982-01-21,59.63058102565703
1982-01-22,59.6066200705972
1982-01-25,59.33530458677832
1982-01-26,59.24773367772496
1982-01-27,59.382475067338085
1982-01-28,60.6027172844997
1982-01-29,61.36775292837969
1982-02-01,60.528382660915334
1982-02-02,60.705419717474385
1982-02-03,60.31076345491318
1982-02-04,60.182522818908595
1982-02-05,60.70455677683659
1982-02-08,59.81362178602169
1982-02-09,59.37988903463188
1982-02-10,59.636643227961514
1982-02-11,59.72310075083642
1982-02-12,59.739424684721484
1982-02-16,59.5407710081524
1982-02-17,59.43799086908404
1982-02-18,59.41552641530406
1982-02-19,59.31285328877176
1982-02-22,59.02068205877064
1982-02-23,58.937999056732664
1982-02-24,59.56269114742442
1982-02-25,59.519455190645544
1982-02-26,59.535656187651206
1982-03-01,59.76030809659326
1982-03-02,60.130708936705176
1982-03-03,59.911191658188265
1982-03-04,59.74790067917281
1982-03-05,59.777666360874925
1982-03-08,59.31122271798105
1982-03-09,59.402959038478144
1982-03-10,59.67165465364614
1982-03-11,59.620876620539896
1982-03-12,59.386819358797105
1982-03-15,59.352576226771234
1982-03-16,59.315451933696146
1982-03-17,59.26352793426632
1982-03-18,59.84427531869905
1982-03-19,60.05807734898322
1982-03-22,60.82376404633954
1982-03-23,61.222044843174906
1982-03-24,61.0642964604301
1982-03-25,61.40163283673561
1982-03-26,61.0209009917604
1982-03-29,61.0376326047521
1982-03-30,61.13677062572635
1982-03-31,61.09701075678802
1982-04-01,61.55669877620885
1982-04-02,61.95969951545058
1982-04-05,61.72571272979327
1982-04-06,62.06966496526068
1982-04-07,62.140885567679135
1982-04-08,62.36761180681736
1982-04-12,62.37686440089201
1982-04-13,62.551443788871815
1982-04-14,62.606141964934416
1982-04-15,62.792302307358334
1982-04-16,63.02616985735269
1982-04-19,63.243552647737495
1982-04-20,62.97945746690143
1982-04-21,63.15891919080254
1982-04-22,63.648352420548484
1982-04-23,64.07634864561275
1982-04-26,64.20922056690662
1982-04-27,63.807738227926485
1982-04-28,63.53013620879376
1982-04-29,63.19494016173332
1982-04-30,63.28181809531962
1982-05-03,63.44315901318113
1982-05-04,63.838037757730035
1982-05-05,64.0566281299578
1982-05-06,64.60266501244686
1982-05-07,64.89172293029083
1982-05-10,64.40166139097848
1982-05-11,64.76703069337083
1982-05-12,64.65689097872858
1982-05-13,64.26889973960172
1982-05-14,64.24311946985557
1982-05-17,63.74837729858495
1982-05-18,63.410469362238054
1982-05-19,63.14886149776029
1982-05-20,63.01619747583505
1982-05-21,63.25870840902438
1982-05-24,63.24284569416103
1982-05-25,63.283923476467464
1982-05-26,62.70009403648417
1982-05-27,62.44612950537689
1982-05-28,62.2540670274275
1982-06-01,61.93185680316782
1982-06-02,62.050995711005335
1982-06-03,62.08809578636026
1982-06-04,61.46406588894815
1982-06-07,61.456276568215756
1982-06-08,61.31331828969742
1982-06-09,60.99444394632511
1982-06-10,61.2719347905443
1982-06-11,62.19245584003794
1982-06-14,61.718134236297054
1982-06-15,61.65482228091052
1982-06-16,61.48524459223113
1982-06-17,61.057803516369624
1982-06-18,60.71582096864983
1982-06-21,60.73853595595221
1982-06-22,61.08926054460711
1982-06-23,61.687799597060014
1982-06-24,61.73240404160712
1982-06-25,61.34651904559788
1982-06-28,61.622521797048705
1982-06-29,61.93823856387725
1982-06-30,62.193663413302374
1982-07-01,61.772272891353715
1982-07-02,61.358351558066865
1982-07-06,61.17879985054384
1982-07-07,61.0854631245246
1982-07-08,61.2335532102071
1982-07-09,61.97741297584515
1982-07-12,62.98604869952638
1982-07-13,63.02680125256209
1982-07-14,62.955773416900314
1982-07-15,62.99654724899931
1982-07-16,63.45160535767662
1982-07-19,63.55142412041956
1982-07-20,63.945368730284734
1982-07-21,63.92454042569266
1982-07-22,63.97558806309477
1982-07-23,63.83796240967071
1982-07-26,63.41018292598023
1982-07-27,62.86480313948178
1982-07-28,62.07286783582105
1982-07-29,61.92999756117856
1982-07-30,61.83082899959763
1982-08-02,62.72575014576748
1982-08-03,62.099814019173095
1982-08-04,61.17286539125552
1982-08-05,60.47076173384498
1982-08-06,59.83118431748394
1982-08-09,59.37041706760364
1982-08-10,59.278312274337964
1982-08-11,59.170053054631055
1982-08-12,59.05012980061123
1982-08-13,59.733495516454965
1982-08-16,60.14396820826002
1982-08-17,62.58415782218913
1982-08-18,62.72952771348833
1982-08-19,63.0790898581613
1982-08-20,64.9682338962764
1982-08-23,66.88788853291835
1982-08-24,66.50476642735951
1982-08-25,67.45726783892641
1982-08-26,67.94951784373633
1982-08-27,67.29876595131357
1982-08-30,67.5140849366498
1982-08-31,68.69883043961785
1982-09-01,68.39298873762206
1982-09-02,69.15544118406436
1982-09-03,70.41568506525633
1982-09-07,69.71672166512539
1982-09-08,70.00072627639051
1982-09-09,70.09864395243528
1982-09-10,69.54654073698306
1982-09-13,70.05415855013368
1982-09-14,70.99979805960983
1982-09-15,71.6955005807867
1982-09-16,71.61834635577672
1982-09-17,70.97553173051033
1982-09-20,70.83704992363734
1982-09-21,72.08363935866885
1982-09-22,72.17000497426258
1982-09-23,72.11754486129222
1982-09-24,72.05441226551685
1982-09-27,72.50821665778442
1982-09-28,72.54801419049802
1982-09-29,71.6066088796486
1982-09-30,70.87977621665307
1982-10-01,71.76562569721813
1982-10-04,71.42997677313414
1982-10-05,71.67801500507136
1982-10-06,74.17407668012983
1982-10-07,75.82234595522263
1982-10-08,77.11881282527304
1982-10-11,78.8268414634653
1982-10-12,78.2177491542442
1982-10-13,79.08390213529869
1982-10-14,77.61477759790911
1982-10-15,77.10828470352187
1982-10-18,79.00497653648577
1982-10-19,79.00272190213667
1982-10-20,80.52536196673205
1982-10-21,80.75860523431591
1982-10-22,80.86150593809428
1982-10-25,78.17472869248266
1982-10-26,78.89167825471395
1982-10-27,79.87367045407782
1982-10-28,79.30842519398203
1982-10-29,80.01207946423796
1982-11-01,81.20601575918745
1982-11-02,82.38134195065987
1982-11-03,85.73219141452424
1982-11-04,85.6397952886865
1982-11-05,86.04839905091306
1982-11-08,85.08244279217946
1982-11-09,86.70105186909844
1982-11-10,85.59325799168977
1982-11-11,86.3077529691777
1982-11-12,85.71630896763924
1982-11-15,83.99758385103401
1982-11-16,82.72912641554299
1982-11-17,84.35467024277024
1982-11-18,85.10101711366667
1982-11-19,84.71998011959883
1982-11-22,82.82215169153017
1982-11-23,82.54452016762632
1982-11-24,83.43798506584531
1982-11-26,84.24305848724897
1982-11-29,84.18189889245527
1982-11-30,87.10075914713204
1982-12-01,87.45971536073206
1982-12-02,87.63663309372791
1982-12-03,87.5379506983122
1982-12-06,89.8313848641689
1982-12-07,90.6866952018684
1982-12-08,90.1037866213256
1982-12-09,88.51777400065212
1982-12-10,87.28045824913445
1982-12-13,87.39157963695308
1982-12-14,85.78784883305701
1982-12-15,84.36358791826243
1982-12-16,84.40342674010017
1982-12-17,86.06180461389222
1982-12-20,85.33005959931191
1982-12-21,87.00031873800971
1982-12-22,87.52190968203415
1982-12-23,87.94613742059863
1982-12-27,89.13332711652696
1982-12-28,88.20392506851901
1982-12-29,88.4353346993219
1982-12-30,87.75428743910147
1982-12-31,88.08764720581884
1983-01-03,86.24874238837369
1983-01-04,87.32883953902615
1983-01-05,87.19114484305742
1983-01-06,88.74087300662814
1983-01-07,88.73626049975914
1983-01-10,89.69652889899538
1983-01-11,89.33295416245568
1983-01-12,89.89121517693145
1983-01-13,89.44827204291558
1983-01-14,89.98926169738891
1983-01-17,90.42995627421628
1983-01-18,90.2286328960862
1983-01-19,89.26982114557607
1983-01-20,89.17137986673183
1983-01-21,87.77135185890542
1983-01-24,85.86870279676388
1983-01-25,87.43783547688258
1983-01-26,87.53154210650817
1983-01-27,89.55558489260942
1983-01-28,90.17781882633767
1983-01-31,91.09951496138562
1983-02-01,90.02424104117966
1983-02-02,90.09382520911397
1983-02-03,90.767142207641
1983-02-04,92.15575085074165
1983-02-07,92.61162992525367
1983-02-08,91.95625966937544
1983-02-09,91.65500311073502
1983-02-10,93.06412758894862
1983-02-11,93.37808279748876
1983-02-14,94.52649779092191
1983-02-15,94.11731273773202
1983-02-16,93.55716497228326
1983-02-17,93.48919377867607
1983-02-18,93.97526822922984
1983-02-22,93.479455693351
1983-02-23,94.46782880606416
1983-02-24,96.05684498351741
1983-02-25,95.85023264869834
1983-02-28,95.15275890570376
1983-03-01,97.0532262928561
1983-03-02,97.56010581900146
1983-03-03,97.97685240894083
1983-03-04,98.15302871110943
1983-03-07,97.92477893236237
1983-03-08,96.40439165522645
1983-03-09,97.38508005840339
1983-03-10,96.70090799046196
1983-03-11,96.48297021899968
1983-03-14,95.8629470362858
1983-03-15,96.35900444958517
1983-03-16,95.86019520672659
1983-03-17,95.92470919600082
1983-03-18,96.49777194125163
1983-03-21,97.12242968000133
1983-03-22,97.0081138398716
1983-03-23,98.38314598542446
1983-03-24,98.69295679806679
1983-03-25,98.38937765279877
1983-03-28,97.77187522854538
1983-03-29,97.75467538588497
1983-03-30,98.77373947435412
1983-03-31,97.72419535096097
1983-04-04,97.44304992779242
1983-04-05,96.91916170863952
1983-04-06,96.2599632141779
1983-04-07,96.57994979885048
1983-04-08,97.0844088872699
1983-04-11,98.51628998832201
1983-04-12,99.136771647375
1983-04-13,100.3039626031091
1983-04-14,101.41713486094977
1983-04-15,102.06598244350407
1983-04-18,102.73696164224646
1983-04-19,101.93803871833124
1983-04-20,103.63517780935192
1983-04-21,103.46908673286745
1983-04-22,103.82589389380921
1983-04-25,102.60587828865722
1983-04-26,104.13671443635992
1983-04-27,103.82151551125482
1983-04-28,104.8906943201491
1983-04-29,105.67190249913655
1983-05-02,103.99688671307634
1983-05-03,103.83297424179976
1983-05-04,104.85816076284809
1983-05-05,106.19759297474404
1983-05-06,107.7586005019795
1983-05-09,107.76116437180556
1983-05-10,107.96311871578368
1983-05-11,106.80505302699636
1983-05-12,106.37764597959534
1983-05-13,107.3616041722432
1983-05-16,106.29851364199216
1983-05-17,106.39941125924426
1983-05-18,106.27690328963776
1983-05-19,105.49817280555892
1983-05-20,105.37415804972811
1983-05-23,106.38040537384494
1983-05-24,107.77111833920614
1983-05-25,108.573740051844
1983-05-26,108.12856089204156
1983-05-27,107.50128030888574
1983-05-31,106.02567593453874
1983-06-01,106.43381475916334
1983-06-02,107.85180897633276
1983-06-03,108.94095770343776
1983-06-06,109.83945690651818
1983-06-07,108.99348769481767
1983-06-08,108.38295759689775
1983-06-09,108.91123415733595
1983-06-10,109.80686856162728
1983-06-13,111.28082296130083
1983-06-14,111.86488860606458
1983-06-15,113.59576045150327
1983-06-16,114.5270384503815
1983-06-17,113.99437465425166
1983-06-20,114.03983205251221
1983-06-21,115.01185204585794
1983-06-22,115.5665077838327
1983-06-23,115.23986753725639
1983-06-24,115.49041797568742
1983-06-27,113.71748474654703
1983-06-28,110.91698892130066
1983-06-29,111.78482983686284
1983-06-30,113.01982651970475
1983-07-01,113.57065495380368
1983-07-05,111.56310558387925
1983-07-06,112.48339957961115
1983-07-07,111.99952934275414
1983-07-08,111.95726809386532
1983-07-11,112.76042189889637
1983-07-12,110.8631356139324
1983-07-13,110.40851674558257
1983-07-14,110.88866574631986
1983-07-15,109.49690941957778
1983-07-18,108.90826702547955
1983-07-19,109.4989890997341
1983-07-20,112.72361240310664
1983-07-21,113.34890363750516
1983-07-22,113.46498611927132
1983-07-25,113.9301200062326
1983-07-26,114.58799797716436
1983-07-27,112.06103597162436
1983-07-28,109.62904665209294
1983-07-29,108.08582447432225
1983-08-01,107.39664186165247
1983-08-02,106.92660197462564
1983-08-03,107.18576643185854
1983-08-04,105.4144335704826
1983-08-05,105.64882357733558
1983-08-08,103.38788072617425
1983-08-09,103.53501272747857
1983-08-10,104.62448431876778
1983-08-11,104.68439153357699
1983-08-12,105.07682804381822
1983-08-15,106.2325355657746
1983-08-16,105.523287265446
1983-08-17,106.16427577296159
1983-08-18,105.09986791390126
1983-08-19,104.9893818123862
1983-08-22,104.46434601522209
1983-08-23,103.1923992625437
1983-08-24,102.0393601013166
1983-08-25,101.63607984372177
1983-08-26,102.56334174565326
1983-08-29,102.58111878983946
1983-08-30,102.81436105450328
1983-08-31,104.07123222303694
1983-09-01,104.2401349326274
1983-09-02,105.0322564069306
1983-09-06,106.75727348058733
1983-09-07,106.9039450933088
1983-09-08,106.9999703150653
1983-09-09,106.62542514388522
1983-09-12,105.91892009670408
1983-09-13,105.16671247956974
1983-09-14,105.44263173418618
1983-09-15,104.90745152215753
1983-09-16,106.13218601477051
1983-09-19,107.46397963818703
1983-09-20,108.35857981322478
1983-09-21,107.99811214824756
1983-09-22,108.67304106104275
1983-09-23,108.54261741212792
1983-09-26,108.95769476846817
1983-09-27,107.75360623994088
1983-09-28,107.67806575120626
1983-09-29,107.0776774912485
1983-09-30,106.3949355943706
1983-10-03,106.10483186353552
1983-10-04,106.87388359040123
1983-10-05,107.77679001722994
1983-10-06,109.14007036067501
1983-10-07,109.68835027661196
1983-10-10,110.26408863142707
1983-10-11,108.90774283610628
1983-10-12,107.91648570724004
1983-10-13,107.9919019158885
1983-10-14,107.73788408832073
1983-10-17,108.22526783742823
1983-10-18,105.84685491142773
1983-10-19,104.8621032255069
1983-10-20,105.11890661996512
1983-10-21,104.26725885395606
1983-10-24,104.1836939126953
1983-10-25,104.7540301990855
1983-10-26,104.54169404296816
1983-10-27,104.22269109908562
1983-10-28,103.19852071486808
1983-10-31,102.80101304303736
1983-11-01,102.71610424974827
1983-11-02,103.57364507591639
1983-11-03,102.82260613573911
1983-11-04,102.1232954002849
1983-11-07,101.6610569831475
1983-11-08,101.57208952863886
1983-11-09,103.10067659737172
1983-11-10,103.9355719290956
1983-11-11,105.51528533814306
1983-11-14,106.21412793343569
1983-11-15,105.45192764116688
1983-11-16,105.8340249841117
1983-11-17,106.00321815668737
1983-11-18,105.95810596035066
1983-11-21,106.776588932444
1983-11-22,107.12344963860794
1983-11-23,107.12324414519432
1983-11-25,107.10677132898442
1983-11-28,106.69700922774358
1983-11-29,107.71048822661061
1983-11-30,106.43133392780726
1983-12-01,106.8487964430949
1983-12-02,106.18894562727222
1983-12-05,106.48085138876596
1983-12-06,106.0493421876923
1983-12-07,106.28521393211591
1983-12-08,105.63392319511054
1983-12-09,105.96922693613632
1983-12-12,106.35313612253164
1983-12-13,105.82656090635493
1983-12-14,104.45867649730344
1983-12-15,103.28604872069394
1983-12-16,103.90044965790221
1983-12-19,103.7132278035493
1983-12-20,103.34740313569208
1983-12-21,104.6002292845651
1983-12-22,104.51916606812385
1983-12-23,104.40405795151715
1983-12-27,105.25752424455563
1983-12-28,105.20215317329239
1983-12-29,105.0337738996831
1983-12-30,105.20956847916106
1984-01-03,104.74661631354962
1984-01-04,106.07945840455824
1984-01-05,107.41333666386515
1984-01-06,107.60118912655837
1984-01-09,107.68178521197177
1984-01-10,107.19706319800359
1984-01-11,107.22645622138866
1984-01-12,107.1513508361853
1984-01-13,106.70660599182781
1984-01-16,106.7091330174017
1984-01-17,107.00782696661071
1984-01-18,106.62789601576695
1984-01-19,106.0892348304378
1984-01-20,105.54813729924119
1984-01-23,104.41866465225054
1984-01-24,104.4055927406694
1984-01-25,103.52853272313702
1984-01-26,103.25898886205563
1984-01-27,103.03949377771256
1984-01-30,101.94978855375275
1984-01-31,102.0439825275016
1984-02-01,101.60506524462284
1984-02-02,101.99110815516114
1984-02-03,100.41004091698662
1984-02-06,98.59993460155307
1984-02-07,98.6934776515957
1984-02-08,97.10927512961396
1984-02-09,96.71099564049968
1984-02-10,97.47012802055264
1984-02-13,96.5732830662556
1984-02-14,97.71996998402464
1984-02-15,97.69773075015507
1984-02-16,97.44122913020433
1984-02-17,96.77616666433663
1984-02-21,95.77674118897747
1984-02-22,95.35040522668976
1984-02-23,95.27643622026329
1984-02-24,97.06980025188916
1984-02-27,98.41393263148854
1984-02-28,97.16619940032221
1984-02-29,97.27520779662674
1984-03-01,97.90499936667332
1984-03-02,98.44587007992213
1984-03-05,97.52526965261934
1984-03-06,96.45714156988936
1984-03-07,95.23674809170431
1984-03-08,95.35321995794071
1984-03-09,94.95968993938129
1984-03-12,95.92817944096532
1984-03-13,96.04065262032718
1984-03-14,95.99471270365275
1984-03-15,96.63049519823375
1984-03-16,97.57256619366501
1984-03-19,96.66752320171528
1984-03-20,97.223225913159
1984-03-21,97.4175270739005
1984-03-22,96.41404956769279
1984-03-23,96.57282830606844
1984-03-26,96.45434608212376
1984-03-27,96.75074521906397
1984-03-28,97.9913433416717
1984-03-29,98.01069303274147
1984-03-30,97.91504205364758
1984-04-02,97.2516031516245
1984-04-03,97.04716409920792
1984-04-04,97.17317691136319
1984-04-05,95.68154236750414
1984-04-06,95.83664893264525
1984-04-09,96.02828028627894
1984-04-10,96.25148600080254
1984-04-11,96.13106974085485
1984-04-12,97.40950690287221
1984-04-13,97.4676832788117
1984-04-16,98.17662821551365
1984-04-17,98.65989528228556
1984-04-18,98.0924678882498
1984-04-19,98.11694166300863
1984-04-23,97.50854594861994
1984-04-24,98.08613355454771
1984-04-25,98.4096258512646
1984-04-26,99.06141683494641
1984-04-27,98.82847707893741
1984-04-30,98.80862843629987
1984-05-01,99.50272421813263
1984-05-02,99.80607558686361
1984-05-03,99.65128054690395
1984-05-04,99.07310714619926
1984-05-07,99.45927467767267
1984-05-08,100.10064989546666
1984-05-09,100.2782862038678
1984-05-10,100.32571183424409
1984-05-11,99.62587962464966
1984-05-14,99.03301401512753
1984-05-15,99.4241381596258
1984-05-16,99.60045603076351
1984-05-17,98.98787246600939
1984-05-18,98.58190811803745
1984-05-21,97.97058469821586
1984-05-22,97.45128421521304
1984-05-23,97.02487388307964
1984-05-24,95.88230186469309
1984-05-25,96.10266279851089
1984-05-29,95.55472746698037
1984-05-30,95.38738197928103
1984-05-31,95.45391050713373
1984-06-01,96.93084667306952
1984-06-04,97.68189359863717
1984-06-05,97.44481678063143
1984-06-06,98.30705682170041
1984-06-07,98.26500846359308
1984-06-08,98.28698227369337
1984-06-11,97.37040140543026
1984-06-12,97.0635333885105
1984-06-13,97.01242540531871
1984-06-14,96.1197602242739
1984-06-15,95.30980695196729
1984-06-18,96.48185547052117
1984-06-19,96.80482583281811
1984-06-20,97.61792799457899
1984-06-21,97.50073088503922
1984-06-22,97.43965813656278
1984-06-25,97.34701133715048
1984-06-26,96.58513320854951
1984-06-27,96.4182839432341
1984-06-28,96.97723494808221
1984-06-29,97.61462006426757
1984-07-02,97.58752579071668
1984-07-03,97.7582147318601
1984-07-05,97.63349016451615
1984-07-06,97.56016369889907
1984-07-09,98.26247641550346
1984-07-10,98.10497641688806
1984-07-11,97.07221249992973
1984-07-12,96.89000258782424
1984-07-13,97.40337932095419
1984-07-16,97.70019965699927
1984-07-17,98.07136019811259
1984-07-18,97.85552034329108
1984-07-19,97.48350816328617
1984-07-20,97.25189697074151
1984-07-23,96.66091789803933
1984-07-24,96.2379132165606
1984-07-25,96.69978842671652
1984-07-26,96.82049694445139
1984-07-27,96.78157059074135
1984-07-30,96.23929051940233
1984-07-31,96.02021336197437
1984-08-01,97.61624794228729
1984-08-02,99.5390756811648
1984-08-03,101.07142485640834
1984-08-06,100.99541987341395
1984-08-07,101.17946185865561
1984-08-08,101.37402867874125
1984-08-09,103.26428649591375
1984-08-10,103.5842456255677
1984-08-13,103.07650813317697
1984-08-14,102.75158480255189
1984-08-15,102.05530460530464
1984-08-16,102.52209730585996
1984-08-17,102.68598891680747
1984-08-20,103.3508084649954
1984-08-21,104.74329604899057
1984-08-22,103.99464313148601
1984-08-23,104.2596510432133
1984-08-24,104.33252613000073
1984-08-27,103.59948401863831
1984-08-28,103.92307083970191
1984-08-29,103.39819877472542
1984-08-30,103.18337916944867
1984-08-31,103.54186813351339
1984-09-04,102.70308816820672
1984-09-05,102.40259904418123
1984-09-06,103.3779462156234
1984-09-07,102.71110123262089
1984-09-10,102.67495858149006
1984-09-11,102.86992266082805
1984-09-12,102.93929821213652
1984-09-13,104.53478355648177
1984-09-14,105.01015313228623
1984-09-17,105.18855128244978
1984-09-18,104.6702886816641
1984-09-19,104.09187157639435
1984-09-20,104.57277202549439
1984-09-21,103.56933568249683
1984-09-24,103.48626872931824
1984-09-25,103.91827450053871
1984-09-26,104.54680957735746
1984-09-27,105.04846719626967
1984-09-28,104.80143641682452
1984-10-01,104.36903895350139
1984-10-02,103.95411852647216
1984-10-03,103.25231289966824
1984-10-04,103.44302114506756
1984-10-05,103.36282701068397
1984-10-08,103.07066585130244
1984-10-09,103.00613176604948
1984-10-10,102.88756018039658
1984-10-11,103.27591677726004
1984-10-12,104.20267863439625
1984-10-15,104.91632270632745
1984-10-16,104.42834253005044
1984-10-17,103.96073977437938
1984-10-18,105.49856060943642
1984-10-19,105.31869932945455
1984-10-22,104.678652302451
1984-10-23,104.5161578771599
1984-10-24,104.44276512778575
1984-10-25,104.46341063268281
1984-10-26,104.20722522870166
1984-10-29,103.79284933833617
1984-10-30,104.81250556371255
1984-10-31,104.64474726480675
1984-11-01,105.46880616289421
1984-11-02,105.46074820283819
1984-11-05,106.17246092766398
1984-11-06,107.27128995840278
1984-11-07,106.75093043110044
1984-11-08,106.54532247208698
1984-11-09,106.23891818430351
1984-11-12,105.97318405479423
1984-11-13,105.33993355776438
1984-11-14,105.32933466236163
1984-11-15,105.75319533509526
1984-11-16,105.1554835861239
1984-11-19,104.47184686410185
1984-11-20,105.04374828409404
1984-11-21,105.3140879895736
1984-11-23,106.45668014332888
1984-11-26,105.4690844563132
1984-11-27,105.82207944171302
1984-11-28,105.44108842900138
1984-11-29,105.17735640000033
1984-11-30,105.21668188010126
1984-12-03,104.83780554161699
1984-12-04,105.05006256172044
1984-12-05,104.98950226438016
1984-12-06,105.36207728884294
1984-12-07,105.3251152877891
1984-12-10,105.50929570992491
1984-12-11,105.38256883662727
1984-12-12,105.10571334416187
1984-12-13,104.62478258671261
1984-12-14,105.10847356168804
1984-12-17,105.82832571164599
1984-12-18,107.78603733183175
1984-12-19,106.9368915541664
1984-12-20,106.93382405024967
1984-12-21,106.6021732858897
1984-12-24,107.25218833662237
1984-12-26,107.16895870837881
1984-12-27,106.82597394060213
1984-12-28,107.18380331852752
1984-12-31,107.74375546818783
1985-01-02,106.81157474460888
1985-01-03,106.63786340742185
1985-01-04,106.21116434573374
1985-01-07,106.42080050611881
1985-01-08,106.43666470233325
1985-01-09,107.08588151395028
1985-01-10,108.49932887666922
1985-01-11,108.18715305581823
1985-01-14,109.23367889800525
1985-01-15,109.32093658960969
1985-01-16,109.54763523476096
1985-01-17,109.42430815184751
1985-01-18,109.76623026872716
1985-01-21,111.20133573833304
1985-01-22,111.05364967954458
1985-01-23,111.80594791549656
1985-01-24,111.74419519921966
1985-01-25,112.3699022602427
1985-01-28,112.50463146777125
1985-01-29,113.15149071774317
1985-01-30,113.3238580085217
1985-01-31,113.24722447414608
1985-02-01,113.00080080387413
1985-02-04,113.92734386021075
1985-02-05,114.2945554868626
1985-02-06,114.71725523749868
1985-02-07,115.66924711575686
1985-02-08,115.95830522965828
1985-02-11,115.24798301168181
1985-02-12,115.47553750599673
1985-02-13,117.00553947843758
1985-02-14,116.99077811926337
1985-02-15,116.79475213055613
1985-02-19,116.8180569619565
1985-02-20,116.80045250938703
1985-02-21,116.28351165113567
1985-02-22,115.62352215211708
1985-02-25,115.33720749030881
1985-02-26,116.25114487533651
1985-02-27,116.22769717108343
1985-02-28,116.4426077681389
1985-03-01,117.76409618752197
1985-03-04,117.19858227327762
1985-03-05,117.3303157294103
1985-03-06,116.86092005132575
1985-03-07,116.6562289694978
1985-03-08,116.5103619974222
1985-03-11,116.38796930714945
1985-03-12,117.01927446962323
1985-03-13,116.36677699881598
1985-03-14,116.59935739082486
1985-03-15,116.35733824288268
1985-03-18,117.32002034018309
1985-03-19,118.7479160760537
1985-03-20,119.03265382219176
1985-03-21,119.5027433922549
1985-03-22,119.59230195474156
1985-03-25,119.20948746822
1985-03-26,119.49547335592013
1985-03-27,120.16451614207561
1985-03-28,120.34464623356813
1985-03-29,121.17185838873506
1985-04-01,121.56558392276683
1985-04-02,121.4408944659438
1985-04-03,120.6241025695597
1985-04-04,120.58166941043913
1985-04-08,120.4972140260714
1985-04-09,120.49101433076157
1985-04-10,121.08737522293663
1985-04-11,121.75627393005159
1985-04-12,121.99657423066384
1985-04-15,122.21918290987044
1985-04-16,122.3596265737755
1985-04-17,122.31982151409107
1985-04-18,122.22797007857095
1985-04-19,122.51210413246493
1985-04-22,122.43239568540926
1985-04-23,123.09961374823254
1985-04-24,123.43803333235077
1985-04-25,123.95010648434312
1985-04-26,123.81671215369991
1985-04-29,122.7641694789793
1985-04-30,122.04282843471013
1985-05-01,121.06621636465746
1985-05-02,121.41099806150272
1985-05-03,122.09985632806526
1985-05-06,122.22486131925528
1985-05-07,122.88484027715309
1985-05-08,123.05682397536766
1985-05-09,124.0258004784839
1985-05-10,125.33109508578131
1985-05-13,125.53771281152059
1985-05-14,125.56900635209257
1985-05-15,126.16853213546517
1985-05-16,127.18406698612662
1985-05-17,128.63379946101796
1985-05-20,129.76570632955818
1985-05-21,129.4152940222219
1985-05-22,128.50617422695916
1985-05-23,127.75112167202184
1985-05-24,128.19494237435197
1985-05-28,128.44802978301297
1985-05-29,128.3290480558429
1985-05-30,128.54052884078988
1985-05-31,129.76475916260318
1985-06-03,130.2350515968914
1985-06-04,130.8731267394215
1985-06-05,131.3540560696314
1985-06-06,131.81698143729818
1985-06-07,131.34890844602185
1985-06-10,130.95141208260588
1985-06-11,130.80726220596154
1985-06-12,130.32972110574093
1985-06-13,129.1859562474121
1985-06-14,130.1029410982226
1985-06-17,130.11589325294398
1985-06-18,130.98106899122737
1985-06-19,130.9384090923473
1985-06-20,131.01362823481847
1985-06-21,132.49039050372505
1985-06-24,132.20534174904103
1985-06-25,132.3771091964901
1985-06-26,132.1949883531633
1985-06-27,132.89881271475477
1985-06-28,133.61301923426302
1985-07-01,133.8833517222485
1985-07-02,133.7460161745149
1985-07-03,133.75251770303095
1985-07-05,134.49811233777717
1985-07-08,134.42406318162216
1985-07-09,134.09800432527913
1985-07-10,134.88901521965687
1985-07-11,135.57692224092975
1985-07-12,135.82420147534253
1985-07-15,135.3758659059504
1985-07-16,136.24536536379145
1985-07-17,136.42572018199263
1985-07-18,135.28304922535764
1985-07-19,135.0833143108051
1985-07-22,134.14100156170073
1985-07-23,132.24657119341853
1985-07-24,130.5367373907671
1985-07-25,130.0667054851496
1985-07-26,129.58851200569595
1985-07-29,127.54078469552904
1985-07-30,127.73190768771254
1985-07-31,128.6960458592274
1985-08-01,129.91200913194845
1985-08-02,129.56107664572212
1985-08-05,128.74152860910385
1985-08-06,127.4283153244926
1985-08-07,127.07457336524634
1985-08-08,128.38652580057686
1985-08-09,128.21299539405288
1985-08-12,128.05262336349725
1985-08-13,127.93413946095556
1985-08-14,128.09394655186782
1985-08-15,128.07786605260378
1985-08-16,127.50136741632525
1985-08-19,127.67661766961069
1985-08-20,128.45534161240212
1985-08-21,129.05242461182843
1985-08-22,128.381240217915
1985-08-23,128.23028269508455
1985-08-26,128.19813688444907
1985-08-27,128.80062303629924
1985-08-28,129.3575891665197
1985-08-29,129.30575117846067
1985-08-30,129.30236654342542
1985-09-03,129.0177965073643
1985-09-04,128.908060324538
1985-09-05,128.85322764985142
1985-09-06,129.0142506235761
1985-09-09,129.230260758424
1985-09-10,128.3190737272338
1985-09-11,126.98762585622651
1985-09-12,125.63510766589141
1985-09-13,124.92816868773757
1985-09-16,125.08429666442072
1985-09-17,124.23674818707687
1985-09-18,124.37007886302482
1985-09-19,125.3774287529824
1985-09-20,125.1107814291846
1985-09-23,125.84570559083055
1985-09-24,125.4018828650796
1985-09-25,124.55204371615947
1985-09-26,124.19377059182422
1985-09-30,124.44200993186679
1985-10-01,126.07510999436018
1985-10-02,125.99927915493902
1985-10-03,126.04637123186936
1985-10-04,125.8729395096698
1985-10-07,125.29699082454849
1985-10-08,125.4065516765087
1985-10-09,126.0773586336761
1985-10-10,126.36722500433731
1985-10-11,127.13796994212487
1985-10-14,128.2503124535599
1985-10-15,127.86861724696053
1985-10-16,128.96477615789274
1985-10-17,128.94846218423612
1985-10-18,128.76775886893415
1985-10-21,128.90927754081366
1985-10-22,129.32475260395964
1985-10-23,129.68355690572344
1985-10-24,129.54726805638805
1985-10-25,128.76016689765356
1985-10-28,128.81475550627817
1985-10-29,130.13497829639252
1985-10-30,130.89597477138764
1985-10-31,130.84011959517997
1985-11-01,132.27605186219185
1985-11-04,132.1105744873756
1985-11-05,132.95260301682129
1985-11-06,133.40447782460492
1985-11-07,133.504431393858
1985-11-08,134.8460734509383
1985-11-11,137.12811414248736
1985-11-12,138.05363982303635
1985-11-13,137.37702859189653
1985-11-14,138.5549391459625
1985-11-15,137.86897771352272
1985-11-18,138.24096867145485
1985-11-19,138.1371329589645
1985-11-20,138.56184050983265
1985-11-21,140.03051836600153
1985-11-22,140.29644446711745
1985-11-25,139.6017854783053
1985-11-26,140.18452431528507
1985-11-27,141.54071268330614
1985-11-29,141.73851434244997
1985-12-02,140.90929478422527
1985-12-03,141.2791461554018
1985-12-04,143.27812639213326
1985-12-05,143.20277299622427
1985-12-06,142.4149101684309
1985-12-09,143.52200570008588
1985-12-10,144.10676671395586
1985-12-11,145.5260670895498
1985-12-12,145.93348227335434
1985-12-13,148.0856319555911
1985-12-16,149.31808800769306
1985-12-17,148.50792415727884
1985-12-18,147.7873802543525
1985-12-19,147.94593948682103
1985-12-20,148.61886525500552
1985-12-23,147.59696362779187
1985-12-24,146.56721377064557
1985-12-26,146.6110713585297
1985-12-27,147.71052149399964
1985-12-30,148.13877172924882
1985-12-31,148.85346709128532
1986-01-02,147.93413682596034
1986-01-03,148.743935911072
1986-01-06,148.88888906044673
1986-01-07,150.9844294689255
1986-01-08,147.63996602605027
1986-01-09,145.47679504939438
1986-01-10,145.56755554110939
1986-01-13,146.01860519234717
1986-01-14,146.04409293148652
1986-01-15,146.91285790455228
1986-01-16,147.11098004120547
1986-01-17,146.98571369166496
1986-01-20,146.48950128976597
1986-01-21,145.6837450801661
1986-01-22,144.5039236131064
1986-01-23,144.6664030405065
1986-01-24,145.88147878749942
1986-01-27,146.49036326887733
1986-01-28,148.24810460971574
1986-01-29,149.04839399645067
1986-01-30,148.8134873608228
1986-01-31,150.32382569068628
1986-02-03,151.92837836793282
1986-02-04,151.82191396150975
1986-02-05,151.9166658368387
1986-02-06,152.19001982534064
1986-02-07,152.84429578351418
1986-02-10,153.83374049451473
1986-02-11,154.1951367972736
1986-02-12,154.41469348342446
1986-02-13,155.49160204968618
1986-02-14,157.11629620621702
1986-02-18,158.90687942212287
1986-02-19,157.32162775135714
1986-02-20,159.03230166754744
1986-02-21,160.94798963577
1986-02-24,160.57350003896
1986-02-25,160.27234641149778
1986-02-26,160.29622465848308
1986-02-27,162.8807529248276
1986-02-28,163.88216211188305
1986-03-03,163.2837548769966
1986-03-04,163.0998785392281
1986-03-05,162.61843067902467
1986-03-06,163.45569632789062
1986-03-07,164.27281342111775
1986-03-10,164.88039314632618
1986-03-11,167.6791125241513
1986-03-12,168.67666848135758
1986-03-13,169.22062760699527
1986-03-14,171.76702779954798
1986-03-17,169.8899499848021
1986-03-18,170.61610122351655
1986-03-19,170.26187572636553
1986-03-20,170.78524594850697
1986-03-21,169.5340137396447
1986-03-24,170.64372948529476
1986-03-25,170.2978418658468
1986-03-26,172.41351828875315
1986-03-27,174.02093809559895
1986-03-31,174.09476870748438
1986-04-01,171.64421112181626
1986-04-02,171.56677872133497
1986-04-03,169.57224281802027
1986-04-04,166.47738305642318
1986-04-07,166.0859539686063
1986-04-08,169.6318231986441
1986-04-09,170.70869695853287
1986-04-10,172.79526951460247
1986-04-11,172.7647508564168
1986-04-14,173.73213463371016
1986-04-15,173.76238656174547
1986-04-16,177.72832978455708
1986-04-17,179.20759180366488
1986-04-18,179.39099159316405
1986-04-21,180.99647994413968
1986-04-22,179.42617320644703
1986-04-23,178.70850374144334
1986-04-24,179.15496254680414
1986-04-25,178.81872592042333
1986-04-28,178.92592864529706
1986-04-29,177.53910188042195
1986-04-30,173.9748378430229
1986-05-01,173.3309606940423
1986-05-02,173.2397445855151
1986-05-05,174.96329514189148
1986-05-06,174.82729611833204
1986-05-07,174.41613996123738
1986-05-08,175.66739308104098
1986-05-09,176.43568282131045
1986-05-12,176.2105858746627
1986-05-13,176.21038187106822
1986-05-14,177.84022119917887
1986-05-15,176.05727703758464
1986-05-16,175.09766980962343
1986-05-19,175.14575783054212
1986-05-20,177.62385943325023
1986-05-21,177.8413500209979
1986-05-22,181.6647281193434
1986-05-23,182.63196764487557
1986-05-27,185.72738782474434
1986-05-28,187.0920609847739
1986-05-29,188.13951738702232
1986-05-30,187.922666390827
1986-06-02,186.40017554739103
1986-06-03,186.63757704853606
1986-06-04,186.2921556639998
1986-06-05,187.58216306650834
1986-06-06,188.51989835976198
1986-06-09,184.66909002852742
1986-06-10,184.13345803065786
1986-06-11,185.68475913646182
1986-06-12,186.54340547173948
1986-06-13,189.65394360538002
1986-06-16,189.94287395092184
1986-06-17,189.38723667867728
1986-06-18,189.58574983273385
1986-06-19,189.46238424489067
1986-06-20,190.94954454004932
1986-06-23,190.54797621341538
1986-06-24,192.34373669029634
1986-06-25,194.10343791137996
1986-06-26,194.41856942210694
1986-06-27,194.80704553636767
1986-06-30,196.0389995602833
1986-07-01,197.69045869509765
1986-07-02,198.4611833393992
1986-07-03,197.88049712178108
1986-07-07,190.19766044534526
1986-07-08,186.10337747408497
1986-07-09,188.350274985195
1986-07-10,188.18503385927173
1986-07-11,188.090703669565
1986-07-14,183.79270696849332
1986-07-15,180.48881140915643
1986-07-16,181.6796421151757
1986-07-17,183.42343412596045
1986-07-18,183.59728631418236
1986-07-21,182.73431745418637
1986-07-22,184.68941228444578
1986-07-23,185.2432010157012
1986-07-24,184.64569044099443
1986-07-25,186.14557485119073
1986-07-28,182.47835656387315
1986-07-29,181.29663351199878
1986-07-30,182.55189450563304
1986-07-31,182.7935647295153
1986-08-01,182.03008119272212
1986-08-04,181.6976128684325
1986-08-05,181.52928115070964
1986-08-06,180.966492831444
1986-08-07,181.05672635036237
1986-08-08,180.6491591290514
1986-08-11,183.68389471150476
1986-08-12,185.72719994792635
1986-08-13,187.5842852673464
1986-08-14,188.45633294983082
1986-08-15,188.61161699221995
1986-08-18,188.6585978872481
1986-08-19,187.91328370573558
1986-08-20,188.78225944770497
1986-08-21,188.48970829979538
1986-08-22,188.17848359390203
1986-08-25,185.73670032981505
1986-08-26,188.10935207778476
1986-08-27,187.65306298887913
1986-08-28,187.26817475342273
1986-08-29,187.68942000344575
1986-09-02,184.57358226400075
1986-09-03,184.53638607001966
1986-09-04,185.88783156189982
1986-09-05,182.5414077509619
1986-09-08,179.3237684782317
1986-09-09,178.7672802006921
1986-09-10,177.79734731911452
1986-09-11,169.6496868635972
1986-09-12,166.31581232962407
1986-09-15,166.84779955168295
1986-09-16,166.83486189377078
1986-09-17,167.43115210471626
1986-09-18,167.37646387721887
1986-09-19,167.1544340237498
1986-09-22,169.3185079567989
1986-09-23,170.59243610350842
1986-09-24,171.71806602791793
1986-09-25,168.95733304301092
1986-09-26,168.8387089900523
1986-09-29,167.10374493685185
1986-09-30,168.23136906946323
1986-10-01,169.6444135717315
1986-10-02,170.05555253177613
1986-10-03,170.08934942368847
1986-10-06,170.52295366020877
1986-10-07,170.40769981419402
1986-10-08,171.8687932033815
1986-10-09,172.21220316636567
1986-10-10,172.25513587915395
1986-10-13,172.48324891500255
1986-10-14,172.52631588408295
1986-10-15,174.8465763288563
1986-10-16,175.7948024371911
1986-10-17,175.56168879595975
1986-10-20,173.84103846060222
1986-10-21,173.70180336532331
1986-10-22,174.0707106451291
1986-10-23,176.30749948438222
1986-10-24,175.87089966834242
1986-10-27,176.49065992029756
1986-10-28,177.75241536566273
1986-10-29,179.26314625489414
1986-10-30,181.12287118987567
1986-10-31,181.06849064626684
1986-11-03,182.0142776474529
1986-11-04,182.3780907542277
1986-11-05,182.7199721733728
1986-11-06,182.76092797080156
1986-11-07,182.50014925624964
1986-11-10,182.82847673414608
1986-11-11,183.24431091537593
1986-11-12,182.93275109816258
1986-11-13,180.67790133187435
1986-11-14,181.0931339068902
1986-11-17,179.77550647865007
1986-11-18,175.60897251743555
1986-11-19,175.66995683864747
1986-11-20,178.79237861524516
1986-11-21,181.59909444382743
1986-11-24,182.6203646028684
1986-11-25,182.86671456842694
1986-11-26,183.68490324510114
1986-11-28,183.76268462192334
1986-12-01,183.17914425877098
1986-12-02,186.61828471896652
1986-12-03,187.0891848448806
1986-12-04,187.10284093690274
1986-12-05,185.65740883596766
1986-12-08,185.5413191970166
1986-12-09,184.5532816636239
1986-12-10,185.5035643826527
1986-12-11,183.65299275134717
1986-12-12,182.33046329592872
1986-12-15,182.35301582540498
1986-12-16,184.00776595253038
1986-12-17,182.461917637116
1986-12-18,181.99196807894333
1986-12-19,183.56603986823836
1986-12-22,182.9874077218731
1986-12-23,181.38622696343268
1986-12-24,182.2612247431153
1986-12-26,182.93521919533293
1986-12-29,181.11000732113465
1986-12-30,179.89640446251218
1986-12-31,179.03723240454087
1987-01-02,182.38494688779983
1987-01-05,186.90796513666663
1987-01-06,187.53860566865106
1987-01-07,189.52170128772062
1987-01-08,191.20826231689102
1987-01-09,191.97283848868932
1987-01-12,192.75508460841542
1987-01-13,192.78394627067902
1987-01-14,194.26341738248558
1987-01-15,196.39998607247819
1987-01-16,196.76776894075923
1987-01-19,198.3466595325314
1987-01-20,198.14803521669873
1987-01-21,197.57306970356925
1987-01-22,201.15884943622206
1987-01-23,198.99618658334043
1987-01-26,198.68725795112007
1987-01-27,201.49348591476817
1987-01-28,203.30641357026295
1987-01-29,202.46241103445305
1987-01-30,202.19381079123409
1987-02-02,203.51290888706265
1987-02-03,203.4312788731088
1987-02-04,205.30266179224085
1987-02-05,206.22620703317568
1987-02-06,206.03007677381945
1987-02-09,204.76275866227488
1987-02-10,202.63814624617825
1987-02-11,204.3250391309956
1987-02-12,203.9313417999706
1987-02-13,206.52090514505275
1987-02-17,211.1877353977941
1987-02-18,211.21302367894774
1987-02-19,211.31846908047046
1987-02-20,210.92734557453358
1987-02-23,208.5805594942218
1987-02-24,208.86727195655976
1987-02-25,210.22386741565222
1987-02-26,210.38618473138553
1987-02-27,211.38521019694463
1987-03-02,210.56063236617717
1987-03-03,212.02375737206813
1987-03-04,215.12376094639242
1987-03-05,216.50564037317483
1987-03-06,216.9329776605485
1987-03-09,215.31641196600197
1987-03-10,217.38293209767323
1987-03-11,217.99692552066156
1987-03-12,218.87970666570078
1987-03-13,218.2499465777378
1987-03-16,217.3165384820837
1987-03-17,220.84204048953924
1987-03-18,221.96758269701178
1987-03-19,222.43858328020985
1987-03-20,225.30213577707858
1987-03-23,227.71274779003954
1987-03-24,227.78622480125875
1987-03-25,226.54448697087966
1987-03-26,227.57493259419522
1987-03-27,224.1607925801704
1987-03-30,218.57305226002987
1987-03-31,220.74218888699048
1987-04-01,222.17684949453312
1987-04-02,223.77566127683923
1987-04-03,229.03390041301552
1987-04-06,230.48761261178575
1987-04-07,226.97817651229033
1987-04-08,227.15363768376264
1987-04-09,224.11482794314065
1987-04-10,224.27153641799597
1987-04-13,218.99499047574747
1987-04-14,213.667799205094
1987-04-15,217.24096035621025
1987-04-16,219.22286097092487
1987-04-20,218.02753733223238
1987-04-21,222.90027909712194
1987-04-22,219.4181392187
1987-04-23,219.2864618882773
1987-04-24,215.66796551997837
1987-04-27,214.52475080354583
1987-04-28,214.7444065926062
1987-04-29,216.4028126178476
1987-04-30,219.4426855412517
1987-05-01,219.75492002257704
1987-05-04,220.32009729375318
1987-05-05,225.16690642331167
1987-05-06,225.94341721151076
1987-05-07,226.48511996667506
1987-05-08,226.58087320614658
1987-05-11,225.86083832402971
1987-05-12,226.71265843537077
1987-05-13,226.83710040242283
1987-05-14,226.62717415833578
1987-05-15,221.86772868515172
1987-05-18,220.63064707514562
1987-05-19,215.52229716314412
1987-05-20,214.6492752974998
1987-05-21,215.91521823588374
1987-05-22,216.7894162479975
1987-05-26,221.23320542115542
1987-05-27,220.25916418710042
1987-05-28,221.66288777112345
1987-05-29,221.67372586541376
1987-06-01,221.1913892139392
1987-06-02,220.8039682053091
1987-06-03,224.43604734301698
1987-06-04,225.63080857826074
1987-06-05,224.51361504649626
1987-06-08,226.4609406546705
1987-06-09,226.7436206311881
1987-06-10,226.44297048139128
1987-06-11,226.86134620563593
1987-06-12,228.534271846761
1987-06-15,229.56815869055356
1987-06-16,230.12456509247124
1987-06-17,229.77900289133288
1987-06-18,230.04271309062352
1987-06-19,230.78436455784978
1987-06-22,233.30494303387988
1987-06-23,232.62790145986693
1987-06-24,232.11595130302464
1987-06-25,233.83918960420604
1987-06-26,233.06720506447996
1987-06-29,234.31970619594426
1987-06-30,231.5303618069707
1987-07-01,230.56909078207389
1987-07-02,232.43058900831699
1987-07-06,232.38974219974537
1987-07-07,234.14360707973654
1987-07-08,235.09105161615435
1987-07-09,234.69097024427342
1987-07-10,234.97235226719687
1987-07-13,235.3187602091218
1987-07-14,237.77707851702814
1987-07-15,237.88947525508195
1987-07-16,239.22112728988347
1987-07-17,239.96850240678265
1987-07-20,238.2643801476
1987-07-21,236.3280417248371
1987-07-22,235.24673023451086
1987-07-23,234.98713575092404
1987-07-24,235.75059023087493
1987-07-27,236.06286564363467
1987-07-28,237.33728958051083
1987-07-29,239.3778426577168
1987-07-30,241.47203966080707
1987-07-31,242.91440766399376
1987-08-03,243.8312868464455
1987-08-04,242.8848904704319
1987-08-05,243.8560536445499
1987-08-06,245.66576726311152
1987-08-07,245.76962478219806
1987-08-10,249.0503163093066
1987-08-11,252.20040460537484
1987-08-12,251.88461620237254
1987-08-13,252.55800295151283
1987-08-14,252.06451712963596
1987-08-17,252.2532085131635
1987-08-18,248.50685105313082
1987-08-19,249.2955313354043
1987-08-20,253.5645324771663
1987-08-21,253.92549058068548
1987-08-24,251.9636048042938
1987-08-25,254.26853686931696
1987-08-26,253.1239992400264
1987-08-27,251.25657876318584
1987-08-28,248.81868651192008
1987-08-31,251.0950668888011
1987-09-01,246.2859038560551
1987-09-02,244.382946601316
1987-09-03,243.47845672004274
1987-09-04,240.7086114316096
1987-09-08,238.62635823953033
1987-09-09,239.00793137377437
1987-09-10,241.457515571507
1987-09-11,244.13705963508644
1987-09-14,244.72234718179118
1987-09-15,241.24049191851896
1987-09-16,239.11706922871278
1987-09-17,239.2184405735015
1987-09-18,239.67259924852357
1987-09-21,235.77362975784476
1987-09-22,241.39040611226656
1987-09-23,242.85014649805086
1987-09-24,241.8904436123227
1987-09-25,241.6539089829745
1987-09-28,244.1063571305579
1987-09-29,242.92832451247267
1987-09-30,243.29837765005675
1987-10-01,247.03892525059243
1987-10-02,247.50802650152954
1987-10-05,247.43928879903663
1987-10-06,240.64061451729236
1987-10-07,239.9064232093642
1987-10-08,236.12167438117578
1987-10-09,233.1225412592904
1987-10-12,231.11729530264097
1987-10-13,234.69333831505628
1987-10-14,227.33542931573984
1987-10-15,220.33899381548625
1987-10-16,208.84776985501003
1987-10-19,171.19227086711712
1987-10-20,175.94408243945796
1987-10-21,191.16556429310373
1987-10-22,182.61015948588187
1987-10-23,181.89670405497296
1987-10-26,165.51166471761832
1987-10-27,170.203250529911
1987-10-28,169.97315383092743
1987-10-29,177.9438456787899
1987-10-30,184.9671542325059
1987-11-02,187.41772787403045
1987-11-03,183.2939454210174
1987-11-04,181.74477243616826
1987-11-05,185.95175133699487
1987-11-06,182.78945720548168
1987-11-09,177.56128585386958
1987-11-10,174.6178884680412
1987-11-11,176.21102696650738
1987-11-12,181.84070574045063
1987-11-13,180.35814034040746
1987-11-16,180.9847434622656
1987-11-17,178.28757996946516
1987-11-18,179.9893304630842
1987-11-19,175.80438271757964
1987-11-20,177.36832216929682
1987-11-23,177.83778856722665
1987-11-24,179.83827535729904
1987-11-25,178.02607464703334
1987-11-27,176.08539254443014
1987-11-30,168.66735627766937
1987-12-01,170.07119020778126
1987-12-02,171.4272423056934
1987-12-03,165.72265760830433
1987-12-04,164.36751570354585
1987-12-07,167.8721642482901
1987-12-08,171.77061895022376
1987-12-09,174.2004762589665
1987-12-10,169.8622479272486
1987-12-11,171.64976203260827
1987-12-14,175.7255374470105
1987-12-15,175.4652646288468
1987-12-16,179.63185631574518
1987-12-17,176.47025376579987
1987-12-18,180.7791704152665
1987-12-21,181.1087146027675
1987-12-22,181.54722140603238
1987-12-23,183.5302654923629
1987-12-24,182.85962144011847
1987-12-28,178.37449242037013
1987-12-29,177.60285546545055
1987-12-30,180.16904369173562
1987-12-31,179.43903183050517
1988-01-04,185.80876531960837
1988-01-05,187.10877165833116
1988-01-06,186.98688171011085
1988-01-07,189.3238388367702
1988-01-08,177.96399984755183
1988-01-11,180.03199821512393
1988-01-12,178.93790363032892
1988-01-13,179.17038657916066
1988-01-14,179.43418353481556
1988-01-15,184.44021538879795
1988-01-18,184.79919961917014
1988-01-19,183.29274313659846
1988-01-20,177.86703136264452
1988-01-21,178.0266025964408
1988-01-22,180.7456384155063
1988-01-25,184.74856063069043
1988-01-26,183.57971392649543
1988-01-27,183.10658846018455
1988-01-28,186.64473265461683
1988-01-29,189.26197825138618
1988-02-01,187.69560979096184
1988-02-02,188.5210700874962
1988-02-03,186.9090102387893
1988-02-04,187.13747358405737
1988-02-05,185.79917388801633
1988-02-08,184.53993375175048
1988-02-09,186.83718081328533
1988-02-10,190.66231664000168
1988-02-11,189.96605247080527
1988-02-12,191.0960531985751
1988-02-16,192.64823464547246
1988-02-17,192.1805408208747
1988-02-18,191.12786619273098
1988-02-19,193.53546330848926
1988-02-22,195.94471865698773
1988-02-23,195.25875303397677
1988-02-24,194.59935929391375
1988-02-25,192.38050554601668
1988-02-26,192.5869882858655
1988-02-29,196.50572863880558
1988-03-01,195.97484145991288
1988-03-02,196.19513118456624
1988-03-03,196.17036063077606
1988-03-04,196.04253496317176
1988-03-07,196.20407863092774
1988-03-08,197.73888407498183
1988-03-09,197.43675803205213
1988-03-10,194.66746257583472
1988-03-11,195.2802219272011
1988-03-14,196.2414659479053
1988-03-15,196.42286469793586
1988-03-16,198.66172933469596
1988-03-17,200.95112198046735
1988-03-18,201.252268876585
1988-03-21,199.76807264371553
1988-03-22,199.46309862328843
1988-03-23,200.17591481534245
1988-03-24,196.32727731373066
1988-03-25,193.18578234985347
1988-03-28,192.3741234730055
1988-03-29,193.81664231332212
1988-03-30,192.94917877989405
1988-03-31,193.98598954629307
1988-04-04,191.76913930391004
1988-04-05,193.49002389440048
1988-04-06,198.84957191720386
1988-04-07,199.78366432700645
1988-04-08,201.74618742417908
1988-04-11,202.28570072532108
1988-04-12,203.6355642855857
1988-04-13,203.58421300602382
1988-04-14,195.51205495911242
1988-04-15,195.2722781898391
1988-04-18,194.91565136096165
1988-04-19,193.86779643747278
1988-04-20,192.44710413297958
1988-04-21,192.937782295777
1988-04-22,195.74965766142944
1988-04-25,197.5943084852952
1988-04-26,198.5524663113037
1988-04-27,198.45295061505112
1988-04-28,197.79294613522563
1988-04-29,197.3823995208498
1988-05-02,197.0911098869867
1988-05-03,198.20434589643267
1988-05-04,196.51447553550764
1988-05-05,195.65942172413983
1988-05-06,195.35599755797963
1988-05-09,194.81847344387046
1988-05-10,195.74855499489234
1988-05-11,192.67014890017742
1988-05-12,193.58035063992457
1988-05-13,195.4867632235701
1988-05-16,196.37612347356315
1988-05-17,194.32382613796656
1988-05-18,191.90913442022077
1988-05-19,192.40287016076545
1988-05-20,192.64789806331027
1988-05-23,191.37143611261394
1988-05-24,192.8017471489323
1988-05-25,193.09537450821495
1988-05-26,193.6937006192831
1988-05-27,193.054391121057
1988-05-31,198.2617249979279
1988-06-01,201.07172151341172
1988-06-02,200.00586266730124
1988-06-03,200.95551171503655
1988-06-06,200.784549653468
1988-06-07,199.75016435999086
1988-06-08,203.8847852600512
1988-06-09,203.2982380686367
1988-06-10,204.10107421236796
1988-06-13,203.87132850881025
1988-06-14,205.88417785065062
1988-06-15,205.6419559491778
1988-06-16,203.03007697170014
1988-06-17,203.75562056921947
1988-06-20,202.7976887727198
1988-06-21,204.22216299796804
1988-06-22,206.74417069837838
1988-06-23,205.94267086171928
1988-06-24,205.34517170550347
1988-06-27,202.5622976947467
1988-06-28,204.43542125533466
1988-06-29,203.56614966450024
1988-06-30,204.09520643877207
1988-07-01,203.39536381011453
1988-07-05,206.00366775644895
1988-07-06,203.5671731664715
1988-07-07,203.51597502008602
1988-07-08,202.82892854854538
1988-07-11,202.94032792043117
1988-07-12,201.38769100188333
1988-07-13,202.28864610869084
1988-07-14,203.11794488099002
1988-07-15,204.22972578978283
1988-07-18,203.73410144675557
1988-07-19,202.47061259157272
1988-07-20,203.31056106407772
1988-07-21,201.65856738718753
1988-07-22,199.7073470890028
1988-07-25,200.0915438018301
1988-07-26,200.40156818493892
1988-07-27,199.11392101238002
1988-07-28,200.84592154175925
1988-07-29,204.23498387041715
1988-08-01,204.67895090524112
1988-08-02,204.67875432930353
1988-08-03,205.19526039063277
1988-08-04,205.03093801412282
1988-08-05,204.62584831916962
1988-08-08,204.02724871735023
1988-08-09,201.75731151894698
1988-08-10,199.01320328298198
1988-08-11,199.29638290622265
1988-08-12,199.02724087014266
1988-08-15,196.9970397235993
1988-08-16,198.2674653112043
1988-08-17,198.6093928207876
1988-08-18,198.50012547606406
1988-08-19,198.67858678751526
1988-08-22,197.22300505344631
1988-08-23,197.43472517524745
1988-08-24,199.3645624854643
1988-08-25,198.17810660016804
1988-08-26,198.55948210336422
1988-08-29,199.85497924845507
1988-08-30,200.21952809644273
1988-08-31,200.29444797656623
1988-09-01,198.4766555797391
1988-09-02,201.7563372452086
1988-09-06,201.78129625437856
1988-09-07,201.6900232784569
1988-09-08,201.84066228206692
1988-09-09,201.820319401323
1988-09-12,201.40115953736486
1988-09-13,201.75852276141686
1988-09-14,203.03953990450165
1988-09-15,202.80567412893953
1988-09-16,204.352016247337
1988-09-19,203.47825739967476
1988-09-20,204.30711710966668
1988-09-21,204.03629587480725
1988-09-22,203.4187881846615
1988-09-23,203.8711457662127
1988-09-26,203.57023524669154
1988-09-27,203.23419425179807
1988-09-28,203.88416331084304
1988-09-29,205.74956496708919
1988-09-30,205.7853825152305
1988-10-03,204.90016862413992
1988-10-04,204.16230246845305
1988-10-05,205.02460526862103
1988-10-06,205.43963944866888
1988-10-07,208.88564184971682
1988-10-10,208.88006790250031
1988-10-11,208.59258923911568
1988-10-12,206.92355454777368
1988-10-13,207.1768218330808
1988-10-14,207.6013308580713
1988-10-17,208.18240423080164
1988-10-18,210.34624596891425
1988-10-19,209.0887704483585
1988-10-20,213.32258600819134
1988-10-21,214.12156192779213
1988-10-24,214.34625076318048
1988-10-25,214.11505586149568
1988-10-26,213.36538483692493
1988-10-27,210.6873426871348
1988-10-28,211.91921443674286
1988-10-31,212.41182102203632
1988-11-01,212.47518154799516
1988-11-02,212.50696784789946
1988-11-03,213.38348708412178
1988-11-04,211.82549360904608
1988-11-07,209.79177338579038
1988-11-08,210.61506255305
1988-11-09,209.3301308299614
1988-11-10,209.66494828956002
1988-11-11,206.08479584408968
1988-11-14,205.7805093538136
1988-11-15,206.38741846353182
1988-11-16,202.8341210952844
1988-11-17,203.1736745327276
1988-11-18,204.69224704165262
1988-11-21,204.3697426474533
1988-11-22,204.6760282000126
1988-11-23,206.14957724451554
1988-11-25,204.84042574090353
1988-11-28,205.6341203061583
1988-11-29,207.47447076368758
1988-11-30,209.75663796808297
1988-12-01,209.0799815157201
1988-12-02,208.77146025666306
1988-12-05,210.72856871058298
1988-12-06,212.1772054378585
1988-12-07,212.89847314020813
1988-12-08,211.9829040733504
1988-12-09,212.3326225526591
1988-12-12,211.97681197974322
1988-12-13,211.5209598686839
1988-12-14,210.8810270725825
1988-12-15,210.19550429181152
1988-12-16,211.44014454853064
1988-12-19,213.21604314860744
1988-12-20,212.5388187508284
1988-12-21,212.67678896526752
1988-12-22,212.19276107145834
1988-12-23,213.1367224562983
1988-12-27,212.48101501328327
1988-12-28,212.51277258753106
1988-12-29,213.73466493295962
1988-12-30,213.12529068897774
1989-01-03,210.96709298834108
1989-01-04,213.5091251314596
1989-01-05,214.21341685333232
1989-01-06,215.03220985205974
1989-01-09,215.29536425788007
1989-01-10,214.96149810302552
1989-01-11,216.01470126865425
1989-01-12,216.87317626271445
1989-01-13,217.28510814795774
1989-01-16,217.57837246506338
1989-01-17,217.67058785493504
1989-01-18,219.58001755836247
1989-01-19,219.61825089340755
1989-01-20,219.51388009879622
1989-01-23,217.81238330468935
1989-01-24,219.79424340601497
1989-01-25,219.83797350619517
1989-01-26,221.68441854839833
1989-01-27,223.09202611268023
1989-01-30,223.90061233897373
1989-01-31,225.85378793320137
1989-02-01,225.79714261273807
1989-02-02,225.67830001394782
1989-02-03,226.10696153192953
1989-02-06,225.94279719453473
1989-02-07,227.95361109937846
1989-02-08,227.5260458531893
1989-02-09,226.22326517296582
1989-02-10,223.13513526200506
1989-02-13,223.51993006367445
1989-02-14,223.48064954263282
1989-02-15,225.38555579638177
1989-02-16,226.1458946190491
1989-02-17,227.70039524254187
1989-02-21,226.80081255771196
1989-02-22,223.60286217211373
1989-02-23,224.55299212462043
1989-02-24,221.69521036649618
1989-02-27,221.5897438210238
1989-02-28,222.4759831585747
1989-03-01,221.86397532266074
1989-03-02,223.9548832820865
1989-03-03,224.92324583185814
1989-03-06,228.02129393364658
1989-03-07,227.98672388898143
1989-03-08,228.10624011002872
1989-03-09,228.12877997294154
1989-03-10,228.0544328907989
1989-03-13,229.71903923471135
1989-03-14,229.6324557552067
1989-03-15,230.8321612176297
1989-03-16,232.4823134047988
1989-03-17,227.51285147473294
1989-03-20,225.39165912263715
1989-03-21,226.4790724573792
1989-03-22,226.65435407440722
1989-03-23,225.98545557965724
1989-03-27,227.14923511162175
1989-03-28,228.09741013492703
1989-03-29,228.9811094513363
1989-03-30,229.6050172179369
1989-03-31,231.63683970188885
1989-04-03,232.98019769693965
1989-04-04,232.71787516722276
1989-04-05,233.44495931351804
1989-04-06,232.84367315887704
1989-04-07,234.03682980196265
1989-04-10,234.15368660091318
1989-04-11,235.0316043585102
1989-04-12,235.53683431152152
1989-04-13,233.65831147931706
1989-04-14,237.0695540504309
1989-04-17,237.6739115791288
1989-04-18,240.66833280150954
1989-04-19,241.8050190506073
1989-04-20,241.0793910415049
1989-04-21,243.17052914901248
1989-04-24,242.99388421532606
1989-04-25,242.2890488950773
1989-04-26,242.6401855064214
1989-04-27,245.07853888690698
1989-04-28,245.73387460713388
1989-05-01,245.56157619082902
1989-05-02,245.39565636868952
1989-05-03,245.51215942143946
1989-05-04,245.30310937025345
1989-05-05,246.12464076909782
1989-05-08,244.8629499786038
1989-05-09,244.2873701146006
1989-05-10,244.77577310806348
1989-05-11,245.57107379764577
1989-05-12,250.85074249257056
1989-05-15,252.5687610122349
1989-05-16,252.1202949582032
1989-05-17,254.19389684967842
1989-05-18,254.55595830853963
1989-05-19,256.71304615163217
1989-05-22,257.8230073097299
1989-05-23,254.4839190542676
1989-05-24,254.9481165139512
1989-05-25,255.43216416833386
1989-05-26,257.29642733321754
1989-05-30,255.4437979591684
1989-05-31,256.5801868863964
1989-06-01,257.42666443817666
1989-06-02,260.9403043337175
1989-06-05,258.42179062148404
1989-06-06,259.78474259814203
1989-06-07,263.27861331534035
1989-06-08,263.3365517885205
1989-06-09,263.5468620276382
1989-06-12,262.61075242477466
1989-06-13,259.76112597107215
1989-06-14,259.0458335296707
1989-06-15,255.82046278922041
1989-06-16,256.54286334704295
1989-06-19,257.0362900542731
1989-06-20,257.0038944548871
1989-06-21,256.70822604769705
1989-06-22,258.3696940079892
1989-06-23,262.70327465732646
1989-06-26,261.74378666439685
1989-06-27,262.6399428108329
1989-06-28,260.5714828447266
1989-06-29,255.64639032312272
1989-06-30,254.13134872496633
1989-07-03,254.77923469103214
1989-07-05,256.0084774671033
1989-07-06,257.3459120714878
1989-07-07,260.17018801734974
1989-07-10,261.3015907149637
1989-07-11,263.2873550076654
1989-07-12,264.17587117580933
1989-07-13,264.28803726889987
1989-07-14,265.2790013983487
1989-07-17,265.5109386676404
1989-07-18,264.97976125070113
1989-07-19,268.3365938190434
1989-07-20,266.5584774677086
1989-07-21,267.6374347836719
1989-07-24,266.6265524477533
1989-07-25,268.03928640865047
1989-07-26,272.6021468244861
1989-07-27,276.74503618083924
1989-07-28,276.771483855066
1989-07-31,279.6773537246081
1989-08-01,278.1525960289611
1989-08-02,278.47880931729395
1989-08-03,278.77096494799133
1989-08-04,276.38701073425506
1989-08-07,279.6274933136188
1989-08-08,280.2210958558926
1989-08-09,278.9736056710728
1989-08-10,280.10283330892673
1989-08-11,277.33648291551316
1989-08-14,275.92183346319223
1989-08-15,276.90796177371146
1989-08-16,278.3198630508761
1989-08-17,277.693457803206
1989-08-18,278.7277053438206
1989-08-21,275.2991231463074
1989-08-22,275.59466511439024
1989-08-23,278.43980801787035
1989-08-24,283.576834771711
1989-08-25,282.9241219031141
1989-08-28,284.14043219125114
1989-08-29,283.0747223596521
1989-08-30,283.9447923620357
1989-08-31,283.93025898844786
1989-09-01,285.74701972363545
1989-09-05,285.12524372622346
1989-09-06,282.2950450303525
1989-09-07,280.9609987509768
1989-09-08,280.6518253338197
1989-09-11,279.97097839181066
1989-09-12,280.5235238708781
1989-09-13,278.2229446229755
1989-09-14,276.2194957311557
1989-09-15,276.4676198730444
1989-09-18,277.9531126354245
1989-09-19,279.1966803171312
1989-09-20,279.27324740689363
1989-09-21,278.7980682875733
1989-09-22,279.6550361896423
1989-09-25,277.94872828699835
1989-09-26,278.44168106074557
1989-09-27,279.2906162848829
1989-09-28,282.80235040477163
1989-09-29,284.0037099573714
1989-10-02,285.57245722676544
1989-10-03,288.80610216313005
1989-10-04,290.56028858324044
1989-10-05,290.9450044291474
1989-10-06,292.195719600697
1989-10-09,292.68469571144385
1989-10-10,292.0988123558483
1989-10-11,290.23634798601285
1989-10-12,288.86483224864486
1989-10-13,271.3449194671018
1989-10-16,276.28960707262286
1989-10-17,275.40457317272603
1989-10-18,276.69837106574533
1989-10-19,281.71343791271937
1989-10-20,281.3187731503965
1989-10-23,280.2494460894308
1989-10-24,278.77779369158173
1989-10-25,278.1985816588829
1989-10-26,275.0613810053768
1989-10-27,271.787803525935
1989-10-30,271.9777522094734
1989-10-31,275.3094040168926
1989-11-01,276.41019107473966
1989-11-02,274.9725842038023
1989-11-03,274.28495284709686
1989-11-06,270.4996984678127
1989-11-07,271.8113050480045
1989-11-08,275.6232014514869
1989-11-09,275.1127999999823
1989-11-10,277.43708623241145
1989-11-13,277.6725119455004
1989-11-14,275.943135519621
1989-11-15,277.7916435482063
1989-11-16,277.7912503296784
1989-11-17,278.0964313694921
1989-11-20,276.76841723554907
1989-11-21,276.5327438177315
1989-11-22,278.8692152399753
1989-11-24,280.95342482188386
1989-11-27,281.38864951371164
1989-11-28,281.04385722013086
1989-11-29,279.44179182281067
1989-11-30,281.62127493839625
1989-12-01,285.11983930643623
1989-12-04,285.86777416619356
1989-12-05,284.80995155142335
1989-12-06,283.96210041286724
1989-12-07,283.3581871447125
1989-12-08,283.9460166645101
1989-12-11,283.7610305325526
1989-12-12,285.2574061230735
1989-12-13,286.925773063369
1989-12-14,285.79861978526657
1989-12-15,285.3913135321417
1989-12-18,281.1243932392919
1989-12-19,279.8797998205179
1989-12-20,279.80240779279126
1989-12-21,280.7813177514273
1989-12-22,283.64510346609757
1989-12-26,283.09809879369686
1989-12-27,284.54890883928954
1989-12-28,286.5758671945404
1989-12-29,289.20454569414466
1990-01-02,291.9950892613201
1990-01-03,290.7391252300739
1990-01-04,287.41665856239683
1990-01-05,283.93836768475734
1990-01-08,285.7266154088646
1990-01-09,282.2400775638381
1990-01-10,279.93958712894704
1990-01-11,280.7087488305483
1990-01-12,273.8869458191136
1990-01-15,271.3189150583285
1990-01-16,274.04521024205735
1990-01-17,271.5029234732488
1990-01-18,272.4393146635171
1990-01-19,274.25746444802115
1990-01-22,266.9410466330664
1990-01-23,267.16094018576786
1990-01-24,266.67981400998747
1990-01-25,263.2594607812523
1990-01-26,261.92938692198754
1990-01-29,262.0399925183267
1990-01-30,259.57645657882557
1990-01-31,264.4297354975391
1990-02-01,264.8190349745095
1990-02-02,267.51993369184174
1990-02-05,268.1817136849683
1990-02-06,266.12317181686075
1990-02-07,269.09657963323866
1990-02-08,269.23736441629535
1990-02-09,269.45208271260975
1990-02-12,266.74398933227377
1990-02-13,266.9239303011051
1990-02-14,267.53080460964736
1990-02-15,269.9445302382704
1990-02-16,267.9124577031793
1990-02-20,264.19474310776536
1990-02-21,263.2761040466753
1990-02-22,261.3406673631032
1990-02-23,259.2688961307732
1990-02-26,261.9711290653502
1990-02-27,263.33291959999264
1990-02-28,264.04337342607727
1990-03-01,264.8943585239682
1990-03-02,266.96664794604084
1990-03-05,265.5513854686598
1990-03-06,268.7444585097311
1990-03-07,267.695989759432
1990-03-08,269.228346588816
1990-03-09,267.47787364226946
1990-03-12,267.6112826100665
1990-03-13,265.04883834996355
1990-03-14,265.5850980075186
1990-03-15,266.6802140368515
1990-03-16,268.99325134055744
1990-03-19,269.26852394511104
1990-03-20,267.32264827125766
1990-03-21,266.3733610803679
1990-03-22,263.6960044703796
1990-03-23,264.9220437047383
1990-03-26,265.3587820869647
1990-03-27,268.18450505019075
1990-03-28,268.91489872608565
1990-03-29,268.3431902972644
1990-03-30,268.369866613148
1990-04-02,267.69187804320717
1990-04-03,271.18503785508614
1990-04-04,269.28633389520223
1990-04-05,269.4206107798547
1990-04-06,269.11035343980285
1990-04-09,269.62150452623854
1990-04-10,269.2165012680732
1990-04-11,268.3140683995924
1990-04-12,270.0573138820188
1990-04-16,270.1379955839689
1990-04-17,270.17820567119645
1990-04-18,267.54368728686757
1990-04-19,266.1987963817507
1990-04-20,263.94238688038695
1990-04-23,260.7350234055504
1990-04-24,260.08952979388346
1990-04-25,261.2402802876875
1990-04-26,261.95850034509255
1990-04-27,259.2533554652171
1990-04-30,260.23189554810506
1990-05-01,261.7668481092376
1990-05-02,262.88578378011726
1990-05-03,263.96982293866546
1990-05-04,265.8173833733901
1990-05-07,267.33222388955096
1990-05-08,268.8022237040944
1990-05-09,269.5346360470842
1990-05-10,271.0708094448325
1990-05-11,277.10878084450314
1990-05-14,279.36675795654145
1990-05-15,278.6539719412889
1990-05-16,278.8906740353393
1990-05-17,279.141442059363
1990-05-18,279.23890442423937
1990-05-21,281.277049673917
1990-05-22,281.2130085631367
1990-05-23,281.1280945788883
1990-05-24,280.15062098561776
1990-05-25,277.66385060249206
1990-05-29,281.54363833491334
1990-05-30,281.8528186203344
1990-05-31,281.9160313398344
1990-06-01,282.7122215424015
1990-06-04,285.46116913163144
1990-06-05,284.9541333768179
1990-06-06,283.6858210546732
1990-06-07,282.11787242313636
1990-06-08,279.2611376214472
1990-06-11,281.48785063411947
1990-06-12,284.815981770948
1990-06-13,284.1389997276992
1990-06-14,282.4125067557223
1990-06-15,282.25653914177803
1990-06-18,278.2222182021707
1990-06-19,278.9177030425013
1990-06-20,279.9425650355294
1990-06-21,281.4745950398076
1990-06-22,278.3918096775803
1990-06-25,275.9974482652276
1990-06-26,275.5556855802895
1990-06-27,278.4279562062261
1990-06-28,280.9541233697861
1990-06-29,281.24848936990946
1990-07-02,282.1761724698464
1990-07-03,282.94470066922855
1990-07-05,280.5039774258749
1990-07-06,282.4673165050546
1990-07-09,283.58282303523663
1990-07-10,282.5541915005628
1990-07-11,287.251283752219
1990-07-12,291.57394592743674
1990-07-13,293.1253101653563
1990-07-16,294.52469421851254
1990-07-17,293.44918624160687
1990-07-18,290.4335039501611
1990-07-19,291.863326815573
1990-07-20,289.7824687325891
1990-07-23,283.83423867430264
1990-07-24,285.8273388727284
1990-07-25,286.81905974938417
1990-07-26,285.7356237284502
1990-07-27,283.7992930531919
1990-07-30,285.0898640424452
1990-07-31,285.83041124475346
1990-08-01,285.600571863687
1990-08-02,283.5436731094573
1990-08-03,278.4514768093524
1990-08-06,270.4940648062773
1990-08-07,270.5654234297433
1990-08-08,273.30419819070903
1990-08-09,275.5159148190423
1990-08-10,272.31244128108017
1990-08-13,274.74207060225933
1990-08-14,275.57254739691706
1990-08-15,275.63408061947916
1990-08-16,270.70918936626686
1990-08-17,268.4810659497332
1990-08-20,269.043830079681
1990-08-21,264.4626001337692
1990-08-22,260.5613957369535
1990-08-23,252.56113551493533
1990-08-24,254.5812634624265
1990-08-27,261.1283199075619
1990-08-28,262.4450573583484
1990-08-29,265.17380656151033
1990-08-30,261.81206133474456
1990-08-31,264.81588871327386
1990-09-04,265.4974319898551
1990-09-05,267.8069841812576
1990-09-06,265.9449874157276
1990-09-07,268.6101189092512
1990-09-10,267.79713250504994
1990-09-11,267.6359324287537
1990-09-12,269.1211300877882
1990-09-13,266.55056271924474
1990-09-14,265.5705067642876
1990-09-17,266.8514442037004
1990-09-18,267.3045945310981
1990-09-19,266.154992139585
1990-09-20,262.66772861604426
1990-09-21,262.8574768749612
1990-09-24,258.5393420354906
1990-09-25,260.6391030267654
1990-09-26,258.5266408651135
1990-09-27,255.93442749372875
1990-09-28,258.5505114783301
1990-10-01,265.15503672769444
1990-10-02,265.4776901180079
1990-10-03,264.2891594208293
1990-10-04,265.9666842617978
1990-10-05,265.0621242683157
1990-10-08,267.2485717047856
1990-10-09,261.6491821345984
1990-10-10,258.9007815102966
1990-10-11,255.10071001374098
1990-10-12,257.9954042906751
1990-10-15,260.71002934368227
1990-10-16,258.68248728850284
1990-10-17,259.32229684265565
1990-10-18,263.166305255145
1990-10-19,267.2568986293314
1990-10-22,269.0597103309359
1990-10-23,267.26289720990275
1990-10-24,267.81042723029043
1990-10-25,266.7858260419137
1990-10-26,263.57064342703495
1990-10-29,261.4612313960208
1990-10-30,263.4539437571327
1990-10-31,263.13709882541946
1990-11-01,265.30067100785806
1990-11-02,268.0925982734479
1990-11-05,269.8482476287745
1990-11-06,267.97196368639715
1990-11-07,263.9991065242513
1990-11-08,265.16698126377975
1990-11-09,269.74741355838466
1990-11-12,272.43098857299884
1990-11-13,270.720438707764
1990-11-14,271.5118144287596
1990-11-15,269.54937223254217
1990-11-16,270.1691010717954
1990-11-19,271.5264299010587
1990-11-20,269.48260696896654
1990-11-21,270.23691661455587
1990-11-23,269.9665450914995
1990-11-26,271.282564110274
1990-11-27,272.56393006680685
1990-11-28,272.9585466834018
1990-11-29,271.9075001581431
1990-11-30,276.2915786904349
1990-12-03,277.16827596016185
1990-12-04,278.407904972808
1990-12-05,279.34703975737347
1990-12-06,277.85195502848205
1990-12-07,277.3023296686435
1990-12-10,277.81507105211205
1990-12-11,277.00919997264623
1990-12-12,279.03119223062686
1990-12-13,278.74411294885863
1990-12-14,276.1729333462831
1990-12-17,275.42682522568765
1990-12-18,278.6973650766211
1990-12-19,278.5159331010797
1990-12-20,278.9892008091981
1990-12-21,280.03481624689675
1990-12-24,278.9845154462498
1990-12-26,279.60495428606606
1990-12-27,278.45136505582997
1990-12-28,278.4441556287053
1990-12-31,279.7388405254283
1991-01-02,277.08769444835946
1991-01-03,273.25633981162156
1991-01-04,272.39422543874
1991-01-07,267.8311015990981
1991-01-08,267.7502280680609
1991-01-09,265.4203497331017
1991-01-10,268.0943515777221
1991-01-11,268.5697836546647
1991-01-14,265.43389691354696
1991-01-15,266.88698885072915
1991-01-16,268.85430693247673
1991-01-17,275.3257891782264
1991-01-18,277.20329401334186
1991-01-21,276.31592957812484
1991-01-22,276.1149010991131
1991-01-23,279.16560408508514
1991-01-24,282.3820450456058
1991-01-25,282.1339043451642
1991-01-28,281.76694343531176
1991-01-29,281.23844737330484
1991-01-30,283.4528291900839
1991-01-31,284.790995879857
1991-02-01,283.5090942598108
1991-02-04,286.5563204781421
1991-02-05,289.07009429990165
1991-02-06,295.37846714882863
1991-02-07,295.59089713485986
1991-02-08,297.6659173376433
1991-02-11,304.16169445338016
1991-02-12,301.7885428715297
1991-02-13,304.8285555190162
1991-02-14,301.591295311189
1991-02-15,307.0722711713766
1991-02-19,309.7126630427895
1991-02-20,306.4134181073292
1991-02-21,306.8037502216768
1991-02-22,308.7664577583025
1991-02-25,310.72666163839136
1991-02-26,306.14301748284635
1991-02-27,308.30873681495893
1991-02-28,306.99037783723185
1991-03-01,309.86805864083516
1991-03-04,310.6885895415876
1991-03-05,318.9522181107032
1991-03-06,318.4571131877016
1991-03-07,319.7704405224566
1991-03-08,319.53022088619707
1991-03-11,316.68577203367107
1991-03-12,312.4411738951754
1991-03-13,317.05684951194314
1991-03-14,317.1831154944212
1991-03-15,316.29396731908355
1991-03-18,315.78722403787816
1991-03-19,309.77863519550067
1991-03-20,313.13801961388765
1991-03-21,312.1114350883625
1991-03-22,312.5788162642932
1991-03-25,315.0635819096468
1991-03-26,322.23010753440053
1991-03-27,322.7449854046559
1991-03-28,322.1959650796768
1991-04-01,319.714791934478
1991-04-02,328.2668979671783
1991-04-03,328.9558739897878
1991-04-04,330.9617782294574
1991-04-05,326.9732581883965
1991-04-08,328.9758320370522
1991-04-09,324.7564446458124
1991-04-10,324.2854287203546
1991-04-11,329.0113451860332
1991-04-12,331.3138143528902
1991-04-15,331.1641722914351
1991-04-16,336.395758498409
1991-04-17,337.6060688330172
1991-04-18,335.0992561457153
1991-04-19,331.1445970006845
1991-04-22,328.3456775548786
1991-04-23,328.95266918713526
1991-04-24,329.93064885037757
1991-04-25,327.16657854692306
1991-04-26,327.0592723097007
1991-04-29,322.3656774974745
1991-04-30,323.00997053620927
1991-05-01,328.2985871335994
1991-05-02,328.338845099624
1991-05-03,329.26602990096734
1991-05-06,328.6894415172256
1991-05-07,327.4155936368546
1991-05-08,328.0701160616505
1991-05-09,332.8759113864584
1991-05-10,326.50924929211146
1991-05-13,326.7780072594405
1991-05-14,321.6389068878336
1991-05-15,318.7035005723113
1991-05-16,322.41484406489667
1991-05-17,322.30951775712794
1991-05-20,323.3406211556008
1991-05-21,327.2443964591303
1991-05-22,328.5690260938064
1991-05-23,327.94443465339833
1991-05-24,330.01031100639824
1991-05-28,334.2834462472206
1991-05-29,334.533824446363
1991-05-30,338.0209258003997
1991-05-31,339.12653049518343
1991-06-03,336.4205754798355
1991-06-04,336.2092408073397
1991-06-05,334.8387065186966
1991-06-06,332.74555114498236
1991-06-07,329.7921564402926
1991-06-10,328.9591926884982
1991-06-11,331.541335386912
1991-06-12,328.2919493535026
1991-06-13,329.5555987840887
1991-06-14,334.02065290407734
1991-06-17,332.8261350175207
1991-06-18,330.92048537300104
1991-06-19,327.99170300178315
1991-06-20,328.9591167260639
1991-06-21,330.68564103295495
1991-06-24,324.27021863061134
1991-06-25,323.37758513381937
1991-06-26,323.7731261008122
1991-06-27,326.47610590428974
1991-06-28,323.89647087581426
1991-07-01,329.9368490637993
1991-07-02,330.73681605012564
1991-07-03,327.9831253158868
1991-07-05,328.9505138258812
1991-07-08,331.61477740713724
1991-07-09,330.9842907153386
1991-07-10,331.0007736036867
1991-07-11,332.30780298761584
1991-07-12,335.4229130052538
1991-07-15,337.61976375284024
1991-07-16,336.80062174667563
1991-07-17,335.73977985650123
1991-07-18,338.7778426302211
1991-07-19,337.7105250850249
1991-07-22,335.7599562943449
1991-07-23,332.9980982943561
1991-07-24,332.5814692222128
1991-07-25,334.8509270433828
1991-07-26,335.09344850912964
1991-07-29,337.1036576027829
1991-07-30,340.83656393424474
1991-07-31,342.9408587332091
1991-08-01,343.0434362770929
1991-08-02,343.7892722096745
1991-08-05,342.1044124844275
1991-08-06,346.83372715353585
1991-08-07,347.7175550925003
1991-08-08,347.6739516822031
1991-08-09,346.7085886590654
1991-08-12,348.3639889865069
1991-08-13,351.2197588043424
1991-08-14,352.7818819302089
1991-08-15,351.4674938653687
1991-08-16,348.5583240965713
1991-08-19,339.47814441504084
1991-08-20,342.7708800508866
1991-08-21,353.413627111011
1991-08-22,353.7754857775932
1991-08-23,354.6949144898678
1991-08-26,354.36649475469676
1991-08-27,354.0207703836954
1991-08-28,357.5074410706225
1991-08-29,357.864585277973
1991-08-30,357.05923836245546
1991-09-03,353.7383747239082
1991-09-04,351.3856687145275
1991-09-05,349.7164195606923
1991-09-06,349.91679453715636
1991-09-09,349.53134896672117
1991-09-10,345.67743708885445
1991-09-11,346.5759662589198
1991-09-12,349.7121299479788
1991-09-13,346.50319492970624
1991-09-16,347.68093296034516
1991-09-17,348.19351075137325
1991-09-18,350.1344426553924
1991-09-19,351.5523429367245
1991-09-20,352.97579595089246
1991-09-23,350.41643350256044
1991-09-24,351.4936586580497
1991-09-25,350.4478274576709
1991-09-26,349.5801228439336
1991-09-27,349.08163434384176
1991-09-30,350.8001873332973
1991-10-01,352.66781668379315
1991-10-02,351.7857403568192
1991-10-03,347.83671876064767
1991-10-04,345.18429359231374
1991-10-07,342.88851786644136
1991-10-08,343.693916638857
1991-10-09,340.041990670974
1991-10-10,341.9370292291834
1991-10-11,343.2446802261301
1991-10-14,347.02022910816083
1991-10-15,352.20795508889853
1991-10-16,354.5409223415216
1991-10-17,353.30831131975407
1991-10-18,353.4758445667751
1991-10-21,350.62104743653373
1991-10-22,348.2891585165778
1991-10-23,348.8448057340163
1991-10-24,346.1227795365825
1991-10-25,345.23966191516075
1991-10-28,350.46957284111545
1991-10-29,352.922190613447
1991-10-30,355.2864341143596
1991-10-31,356.0496633225542
1991-11-01,354.9715194643578
1991-11-04,353.4891211363112
1991-11-05,352.6404949356577
1991-11-06,353.7423546449233
1991-11-07,358.5970015037276
1991-11-08,359.09750080226996
1991-11-11,360.7493132814597
1991-11-12,365.30312791648817
1991-11-13,366.0330790076322
1991-11-14,366.0510244738619
1991-11-15,351.23459999283716
1991-11-18,354.42963897999346
1991-11-19,348.35038531927836
1991-11-20,348.4198338340137
1991-11-21,350.66644056819837
1991-11-22,348.22887630921923
1991-11-25,346.83569012489306
1991-11-26,348.8644424827479
1991-11-27,348.06960796948476
1991-11-29,347.71217663867117
1991-12-02,354.46594233615406
1991-12-03,355.6263626114709
1991-12-04,356.1862921829012
1991-12-05,354.6273730221236
1991-12-06,356.6393773965814
1991-12-09,356.7815874693346
1991-12-10,356.4957434838548
1991-12-11,355.32816658203865
1991-12-12,358.85452635972115
1991-12-13,361.81459703030544
1991-12-16,363.61386279990427
1991-12-17,362.46770819114164
1991-12-18,362.5933624523315
1991-12-19,360.9341595614106
1991-12-20,364.52466482852157
1991-12-23,373.655549838712
1991-12-24,376.9524992607934
1991-12-26,384.2834087686273
1991-12-27,387.6449189577875
1991-12-30,396.81251477150727
1991-12-31,397.96236717668256
1992-01-02,397.026621177024
1992-01-03,398.9713567739617
1992-01-06,398.58177465883375
1992-01-07,398.4710927317194
1992-01-08,401.1104170570464
1992-01-09,402.694568178273
1992-01-10,399.65394553126634
1992-01-13,399.38381190753
1992-01-14,403.9261686797968
1992-01-15,402.5013588702624
1992-01-16,396.37092383420855
1992-01-17,396.121105348379
1992-01-20,392.6544342250086
1992-01-21,387.1076777771417
1992-01-22,394.4326653615444
1992-01-23,393.67233447517845
1992-01-24,395.16784887355243
1992-01-27,393.84377174148705
1992-01-28,393.0555222104257
1992-01-29,388.30871533089663
1992-01-30,391.9098274188442
1992-01-31,390.6349448266989
1992-02-03,392.3141535775957
1992-02-04,396.5502481450277
1992-02-05,398.5622280588326
1992-02-06,398.6214050851724
1992-02-07,395.3121112632111
1992-02-10,396.10227615514776
1992-02-11,395.5175318871087
1992-02-12,398.651706401392
1992-02-13,394.42572927777184
1992-02-14,392.09786450619004
1992-02-18,385.59816359908854
1992-02-19,385.3752053607097
1992-02-20,390.5485206811407
1992-02-21,388.6929885148353
1992-02-24,389.68378366875805
1992-02-25,389.1474541566447
1992-02-26,396.0735797985336
1992-02-27,395.6170262588318
1992-02-28,394.3699837526218
1992-03-02,394.79356514680336
1992-03-03,394.1615090865413
1992-03-04,390.4954648206351
1992-03-05,387.1855956240839
1992-03-06,384.8231570641811
1992-03-09,386.0831324298278
1992-03-10,388.83359202824875
1992-03-11,386.05337913843596
1992-03-12,385.01063753648157
1992-03-13,386.09792480112094
1992-03-16,386.4931352822005
1992-03-17,390.7829724731911
1992-03-18,390.9680530380363
1992-03-19,392.17948071143854
1992-03-20,393.198794575691
1992-03-23,392.1661099091492
1992-03-24,392.51835839332915
1992-03-25,391.9191707565595
1992-03-26,391.64466553679324
1992-03-27,387.89421176877687
1992-03-30,387.1471513945395
1992-03-31,387.8534277821291
1992-04-01,387.6399657149534
1992-04-02,382.6773509429616
1992-04-03,381.3756201778725
1992-04-06,384.9407579988824
1992-04-07,376.7892548164848
1992-04-08,373.5201524947468
1992-04-09,381.1486912399805
1992-04-10,384.3973316643328
1992-04-13,386.5203652046768
1992-04-14,392.9827624889254
1992-04-15,396.79427097352533
1992-04-16,397.63677946427777
1992-04-20,393.2508571602552
1992-04-21,393.22963149382593
1992-04-22,394.28037728448805
1992-04-23,396.1424581839608
1992-04-24,391.6651664293893
1992-04-27,390.6843735145655
1992-04-28,389.84369863288885
1992-04-29,395.1938776473882
1992-04-30,397.67242712593605
1992-05-01,394.6688285770779
1992-05-04,397.795957768225
1992-05-05,398.481607248617
1992-05-06,399.6563350392986
1992-05-07,398.57701952417995
1992-05-08,398.257858406286
1992-05-11,400.3881572751097
1992-05-12,398.6656901520694
1992-05-13,399.0235976095639
1992-05-14,395.85191055169906
1992-05-15,393.49605634138015
1992-05-18,395.15845792226924
1992-05-19,397.7166807149315
1992-05-20,398.3528270352435
1992-05-21,396.17144976824255
1992-05-22,396.0326926964035
1992-05-26,391.53731037575113
1992-05-27,394.1010974546219
1992-05-28,397.80478817377127
1992-05-29,398.73875049228093
1992-06-01,402.5963972835448
1992-06-02,401.4771718129662
1992-06-03,402.7714358747997
1992-06-04,402.1963089215057
1992-06-05,401.3698344476332
1992-06-08,401.9315659405602
1992-06-09,398.0424010564088
1992-06-10,394.8876807648907
1992-06-11,394.3539911074562
1992-06-12,396.2461909355334
1992-06-15,396.37470683267213
1992-06-16,396.2554157187725
1992-06-17,388.755601448643
1992-06-18,387.57792195143986
1992-06-19,389.3304770508636
1992-06-22,387.2958734924339
1992-06-23,388.82512787708663
1992-06-24,389.3979758708686
1992-06-25,388.77461641627957
1992-06-26,388.47237253107346
1992-06-29,392.453470562914
1992-06-30,393.7570239250526
1992-07-01,396.1192551582217
1992-07-02,393.761327913988
1992-07-06,393.65058334104236
1992-07-07,391.9864465425035
1992-07-08,391.62268413904945
1992-07-09,395.900604711802
1992-07-10,397.4139368106046
1992-07-13,398.6553812810743
1992-07-14,400.8971408954307
1992-07-15,399.85472071040385
1992-07-16,398.9546127032101
1992-07-17,397.0787748457497
1992-07-20,395.847114752946
1992-07-21,395.421142788269
1992-07-22,392.069188150126
1992-07-23,393.2538737366364
1992-07-24,393.37122485313466
1992-07-27,394.1476700370589
1992-07-28,400.955675664981
1992-07-29,403.4804842214938
1992-07-30,404.76094147333225
1992-07-31,406.2581570461748
1992-08-03,406.74538316225124
1992-08-04,405.016300639252
1992-08-05,402.6560646941391
1992-08-06,399.4741124027805
1992-08-07,398.7332867467992
1992-08-10,399.45042638547045
1992-08-11,399.2299814383249
1992-08-12,398.33143997633323
1992-08-13,397.05644123032897
1992-08-14,399.33899509003464
1992-08-17,400.57645309490266
1992-08-18,400.76618754706686
1992-08-19,397.9202255924624
1992-08-20,396.9045396515209
1992-08-21,394.9689073583559
1992-08-24,388.0267098004694
1992-08-25,387.50148089339746
1992-08-26,389.3319088277953
1992-08-27,390.39229915664276
1992-08-28,390.5285299545013
1992-08-31,390.74241736819454
1992-09-01,391.61049339102175
1992-09-02,393.17672204925384
1992-09-03,394.0019222463623
1992-09-04,393.7453003769911
1992-09-08,390.3978793452026
1992-09-09,391.56799681004213
1992-09-10,394.0541196453338
1992-09-11,393.25565204588935
1992-09-14,399.00510863199105
1992-09-15,394.72352784997304
1992-09-16,394.3477258111641
1992-09-17,394.51466708922817
1992-09-18,397.67053350290166
1992-09-21,398.0772276135428
1992-09-22,392.6630487991519
1992-09-23,390.6099290804116
1992-09-24,393.8219583996869
1992-09-25,390.4938384802989
1992-09-28,391.69306146845
1992-09-29,392.24114336325306
1992-09-30,394.3981644202611
1992-10-01,393.2634972490867
1992-10-02,388.8775928176273
1992-10-05,386.02845935841447
1992-10-06,385.53588954633193
1992-10-07,382.5761689816587
1992-10-08,384.92802810893266
1992-10-09,380.0004205996188
1992-10-12,384.83431792075777
1992-10-13,386.33342982509936
1992-10-14,386.4005138797309
1992-10-15,386.4004535152144
1992-10-16,388.2834956430363
1992-10-19,391.74825091658226
1992-10-20,392.54070948948834
1992-10-21,393.2172192415511
1992-10-22,391.7518813734056
1992-10-23,390.7331745065629
1992-10-26,393.54574313279556
1992-10-27,394.5684723794736
1992-10-28,396.4523588940906
1992-10-29,398.06774873832165
1992-10-30,396.7041247035991
1992-11-02,399.5798236422862
1992-11-03,398.1507031980933
1992-11-04,396.5278859011253
1992-11-05,397.8855719236598
1992-11-06,398.3322255690245
1992-11-09,399.3177139155394
1992-11-10,399.7563203842092
1992-11-11,402.4339026834035
1992-11-12,403.50938651431574
1992-11-13,404.2248547350445
1992-11-16,403.52722950509536
1992-11-17,402.66921480926464
1992-11-18,404.5310683887207
1992-11-19,405.5822612555953
1992-11-20,409.04960199957395
1992-11-23,408.6601742246973
1992-11-24,410.99926005344395
1992-11-25,414.30712952974176
1992-11-27,415.6730544481705
1992-11-30,417.5535588389693
1992-12-01,417.28161419506586
1992-12-02,417.31223174157776
1992-12-03,417.95858247184964
1992-12-04,421.75133553088364
1992-12-07,424.2175272076684
1992-12-08,426.179268457952
1992-12-09,423.9196031900467
1992-12-10,421.6405690464964
1992-12-11,420.96541702251767
1992-12-14,419.93382047486153
1992-12-15,419.36646840049417
1992-12-16,417.9502224543742
1992-12-17,420.41596530391774
1992-12-18,425.3969958243868
1992-12-21,424.67341696987774
1992-12-22,424.2052351360063
1992-12-23,424.6710637580665
1992-12-24,425.58355389372446
1992-12-28,426.2641685674656
1992-12-29,425.8802969556391
1992-12-30,428.10484663364974
1992-12-31,427.16271319938875
1993-01-04,426.8739612477959
1993-01-05,427.0540418900289
1993-01-06,428.1850101695445
1993-01-07,424.59731444351934
1993-01-08,422.33610482109805
1993-01-11,423.5392171543811
1993-01-12,423.4746939321134
1993-01-13,425.83386891435345
1993-01-14,429.3140926655567
1993-01-15,432.6510817126515
1993-01-18,435.5922175887634
1993-01-19,437.9871482289342
1993-01-20,435.719470560394
1993-01-21,439.2044481988636
1993-01-22,440.15871354100653
1993-01-25,441.46700459614897
1993-01-26,441.5323909734725
1993-01-27,440.4390038015311
1993-01-28,439.78890161287154
1993-01-29,438.963519857338
1993-02-01,443.6040535431166
1993-02-02,445.1671686505721
1993-02-03,450.16351686980425
1993-02-04,453.6852864884564
1993-02-05,451.98295479319
1993-02-08,452.24239672137105
1993-02-09,449.7997876638218
1993-02-10,452.1827604310413
1993-02-11,454.0130618836097
1993-02-12,451.9233921506533
1993-02-16,441.31358164438365
1993-02-17,441.44332552862824
1993-02-18,440.3717688864135
1993-02-19,444.8739040764818
1993-02-22,448.3320969298408
1993-02-23,445.124164903798
1993-02-24,450.6081927891142
1993-02-25,451.9357626019846
1993-02-26,452.5676717233799
1993-03-01,452.4543603722069
1993-03-02,456.412947977116
1993-03-03,460.3031667802341
1993-03-04,458.91047952570824
1993-03-05,458.0724108018767
1993-03-08,464.5178690621343
1993-03-09,465.5273375462063
1993-03-10,467.09720475128086
1993-03-11,464.2588315644687
1993-03-12,460.1489777114928
1993-03-15,461.93183362321315
1993-03-16,463.31652722310946
1993-03-17,461.93734306684905
1993-03-18,466.8793409608122
1993-03-19,466.0726944347696
1993-03-22,464.615885653577
1993-03-23,464.8478613538077
1993-03-24,464.64990625735413
1993-03-25,466.9605993813183
1993-03-26,465.9330484539736
1993-03-29,468.1459606565367
1993-03-30,468.6724557716294
1993-03-31,469.3864486733779
1993-04-01,468.22413866710605
1993-04-02,461.5046422776698
1993-04-05,463.0960463131637
1993-04-06,466.1980638923152
1993-04-07,468.92397173322985
1993-04-08,469.7434795289206
1993-04-12,474.7458447565445
1993-04-13,477.0594046918453
1993-04-14,476.74852441535927
1993-04-15,476.2834444550551
1993-04-16,478.48470477456215
1993-04-19,475.5414262323299
1993-04-20,470.3458107867848
1993-04-21,466.78255781974025
1993-04-22,463.72448373630266
1993-04-23,459.37683549836237
1993-04-26,455.459984181356
1993-04-27,458.16759411173007
1993-04-28,459.1288389363762
1993-04-29,459.9078319685403
1993-04-30,461.137625063575
1993-05-03,462.99321338604955
1993-05-04,465.9214511381755
1993-05-05,465.3034867827632
1993-05-06,464.50049815117006
1993-05-07,462.0148159355687
1993-05-10,461.6101991003672
1993-05-11,463.3634685779224
1993-05-12,463.74522370054586
1993-05-13,456.1985252651535
1993-05-14,453.59786521898326
1993-05-17,453.92536549767465
1993-05-18,452.8687162488096
1993-05-19,459.139193414653
1993-05-20,461.3186257745352
1993-05-21,457.48922585372804
1993-05-24,459.7188484250125
1993-05-25,461.75220253507274
1993-05-26,467.8698456910684
1993-05-27,467.21418812365783
1993-05-28,466.16276947377986
1993-06-01,470.0199837430573
1993-06-02,470.7365336995307
1993-06-03,472.442487807161
1993-06-04,471.16551110224606
1993-06-07,469.1502200940971
1993-06-08,465.5124679781868
1993-06-09,467.5594328927418
1993-06-10,467.10299275046634
1993-06-11,468.79607099469746
1993-06-14,468.3145109506319
1993-06-15,468.34817530500095
1993-06-16,468.570154582689
1993-06-17,470.4908954279248
1993-06-18,467.63243037660106
1993-06-21,471.7703425350356
1993-06-22,473.47982363603677
1993-06-23,472.0708037107669
1993-06-24,475.4336316520894
1993-06-25,476.12254357278414
1993-06-28,482.7164250608156
1993-06-29,482.03967115460546
1993-06-30,483.9675148191063
1993-07-01,483.6279427505487
1993-07-02,481.0757101361559
1993-07-06,479.7282219034967
1993-07-07,480.6389222925407
1993-07-08,487.1872021280158
1993-07-09,488.2453079568138
1993-07-12,487.5120613357144
1993-07-13,486.7186234221912
1993-07-14,487.9834333821703
1993-07-15,488.33643007857216
1993-07-16,484.2575566777985
1993-07-19,483.7472142248141
1993-07-20,487.6398355124856
1993-07-21,486.93140522708825
1993-07-22,483.10844940922175
1993-07-23,484.5935011469297
1993-07-26,488.34812099110644
1993-07-27,486.1745678124689
1993-07-28,486.01585320387676
1993-07-29,489.247509925255
1993-07-30,488.07254014292306
1993-08-02,492.06165764636575
1993-08-03,491.55616693841966
1993-08-04,491.99768713886624
1993-08-05,492.2424441847465
1993-08-06,491.97051840526365
1993-08-09,495.7328032531326
1993-08-10,495.6332324538784
1993-08-11,496.190360772067
1993-08-12,494.7386765705394
1993-08-13,494.2433895326557
1993-08-16,497.3931704621558
1993-08-17,497.7027986336118
1993-08-18,495.16346588606217
1993-08-19,494.2701968440877
1993-08-20,492.761068377167
1993-08-23,493.3262529093489
1993-08-24,499.8615650565721
1993-08-25,500.82216746293017
1993-08-26,501.8102425949273
1993-08-27,502.26020821727764
1993-08-30,504.3182909858786
1993-08-31,506.9523695337816
1993-09-01,508.1555409926285
1993-09-02,506.1732104717964
1993-09-03,505.3243937843345
1993-09-07,501.97551975929815
1993-09-08,499.5018352469486
1993-09-09,503.92143264644807
1993-09-10,509.28667513227356
1993-09-13,511.73050057472744
1993-09-14,506.89362604022097
1993-09-15,509.0338962213396
1993-09-16,507.3910271828909
1993-09-17,507.35246704258765
1993-09-20,505.46218418059493
1993-09-21,501.0260903149611
1993-09-22,505.25941033691544
1993-09-23,507.6838563103497
1993-09-24,507.606541811403
1993-09-27,510.7779843579456
1993-09-28,512.0663820229383
1993-09-29,509.46740692269725
1993-09-30,507.5308250085451
1993-10-01,509.58545524859284
1993-10-04,509.68642687603915
1993-10-05,508.78116120333704
1993-10-06,508.18297743266146
1993-10-07,506.55633229774594
1993-10-08,506.6693417084838
1993-10-11,505.287856314979
1993-10-12,507.85101333832176
1993-10-13,509.271897540093
1993-10-14,517.4953356548383
1993-10-15,518.7590895546505
1993-10-18,515.9432903093743
1993-10-19,509.9169414881807
1993-10-20,509.9281093042899
1993-10-21,511.03698895054777
1993-10-22,511.3036953859172
1993-10-25,509.9473453409745
1993-10-26,509.94697464680957
1993-10-27,513.4899507656162
1993-10-28,516.7619352713879
1993-10-29,516.9921118217384
1993-11-01,520.5063249811925
1993-11-02,521.5979376495418
1993-11-03,513.107523121729
1993-11-04,503.19025282400105
1993-11-05,506.1958661188771
1993-11-08,507.92795230535995
1993-11-09,508.3330503329378
1993-11-10,510.517130673641
1993-11-11,508.24372939649663
1993-11-12,509.27197018792083
1993-11-15,506.67414904636786
1993-11-16,507.33192030819015
1993-11-17,508.02868990674057
1993-11-18,507.07362636796546
1993-11-19,504.6766227083324
1993-11-22,497.219635310517
1993-11-23,499.5548246182723
1993-11-24,502.35133163149317
1993-11-26,500.84273366557574
1993-11-29,500.426363669248
1993-11-30,499.7621795937118
1993-12-01,501.57250853360364
1993-12-02,502.66150673601965
1993-12-03,505.1365791133171
1993-12-06,506.9541186099557
1993-12-07,506.8645051803628
1993-12-08,505.31833784761227
1993-12-09,504.192980429487
1993-12-10,504.8349139239226
1993-12-13,506.9920804806943
1993-12-14,502.6187201308548
1993-12-15,502.12735631720864
1993-12-16,502.77933551977895
1993-12-17,506.5245736420434
1993-12-20,505.80219875283063
1993-12-21,506.2826031030423
1993-12-22,508.1674460046505
1993-12-23,508.06500579061094
1993-12-27,510.82060701963496
1993-12-28,512.6337939206356
1993-12-29,512.902262247313
1993-12-30,511.68371983101775
1993-12-31,510.7110536296335
1994-01-03,507.0462319088107
1994-01-04,508.7824712996548
1994-01-05,510.03954128405627
1994-01-06,512.2058713035109
1994-01-07,515.8546960462595
1994-01-10,522.3281732969836
1994-01-11,522.5361292610725
1994-01-12,522.7835633164729
1994-01-13,523.0310817293196
1994-01-14,525.9985569265647
1994-01-17,526.4577914058536
1994-01-18,528.0626237216348
1994-01-19,525.9364310338136
1994-01-20,527.0386948654877
1994-01-21,527.4860460985909
1994-01-24,526.8790160000016
1994-01-25,524.2701185105564
1994-01-26,523.0766286136563
1994-01-27,526.3586508951738
1994-01-28,527.5155619851384
1994-01-31,532.4994283995496
1994-02-01,532.6844707593953
1994-02-02,537.3985000110664
1994-02-03,538.4322849582861
1994-02-04,525.8719643051026
1994-02-07,529.7228408462528
1994-02-08,532.9932279118308
1994-02-09,534.1651978127528
1994-02-10,528.9424930243111
1994-02-11,526.5083041123188
1994-02-14,528.8899173359679
1994-02-15,532.1157948927694
1994-02-16,533.0861909144795
1994-02-17,530.2995253134261
1994-02-18,527.5411921992496
1994-02-22,530.0991408583499
1994-02-23,529.3558957769225
1994-02-24,522.9635829323016
1994-02-25,522.976117727425
1994-02-28,525.4591738359936
1994-03-01,523.1073275252943
1994-03-02,524.689404373994
1994-03-03,524.3468565733593
1994-03-04,529.9698070871921
1994-03-07,532.2340095166733
1994-03-08,532.2329827029087
1994-03-09,534.4546545644017
1994-03-10,531.5943361826605
1994-03-11,534.0920240124456
1994-03-14,535.9741250622958
1994-03-15,534.003083179417
1994-03-16,536.6453279222814
1994-03-17,537.449674205653
1994-03-18,537.2601183861009
1994-03-21,534.0891483484013
1994-03-22,533.7283160354702
1994-03-23,535.5289457446593
1994-03-24,526.7451915556679
1994-03-25,520.0543247697944
1994-03-28,517.9855479945909
1994-03-29,505.46205162093526
1994-03-30,497.87901750764
1994-03-31,499.38361858999457
1994-04-04,493.87696942472223
1994-04-05,507.5439047518941
1994-04-06,509.2045688169574
1994-04-07,512.5007680644558
1994-04-08,506.40159697521545
1994-04-11,506.89295308208494
1994-04-12,502.12721247938526
1994-04-13,497.3173990206829
1994-04-14,497.83848587893306
1994-04-15,496.3062443310981
1994-04-18,490.623285613367
1994-04-19,485.3851332523621
1994-04-20,478.7215135663796
1994-04-21,487.6001939743522
1994-04-22,488.8529147550186
1994-04-25,497.85944312268043
1994-04-26,499.3522093613773
1994-04-28,497.3171135890463
1994-04-29,499.40516224151554
1994-05-02,504.5361860244364
1994-05-03,503.76585208385194
1994-05-04,501.92623329341666
1994-05-05,500.3940775992164
1994-05-06,494.96372822129115
1994-05-09,489.61773634022165
1994-05-10,493.3018105934181
1994-05-11,487.8006299725102
1994-05-12,489.44615277919996
1994-05-13,489.05419983668594
1994-05-16,487.35350493629903
1994-05-17,491.726546598812
1994-05-18,496.43366896282544
1994-05-19,501.65685380264017
1994-05-20,500.9538959460535
1994-05-23,499.5881462036386
1994-05-24,501.735828103079
1994-05-25,502.9764473410444
1994-05-26,503.4287840292921
1994-05-27,504.34637000650974
1994-05-31,503.92994157413403
1994-06-01,505.2393566912206
1994-06-02,504.6953937935394
1994-06-03,504.4042913475348
1994-06-06,503.7472237665754
1994-06-07,500.6483762590198
1994-06-08,497.08020624800497
1994-06-09,496.40746369076646
1994-06-10,499.1120972024149
1994-06-13,500.8321771775939
1994-06-14,503.9117930125435
1994-06-15,502.65096441285425
1994-06-16,503.4296822715469
1994-06-17,499.463964195072
1994-06-20,493.65731931937296
1994-06-21,487.7701072468315
1994-06-22,490.6350552398599
1994-06-23,485.80150909075417
1994-06-24,479.8975122104324
1994-06-27,485.60784403807247
1994-06-28,485.193626915942
1994-06-29,486.28486237992166
1994-06-30,482.1753583908427
1994-07-01,483.53715022609043
1994-07-05,483.14974838115637
1994-07-06,483.2576711508104
1994-07-07,486.313592195227
1994-07-08,487.6863891843529
1994-07-11,486.7103915308229
1994-07-12,487.8174621534563
1994-07-13,491.6085344465479
1994-07-14,494.13876812116985
1994-07-15,493.37165046032885
1994-07-18,495.01071061799615
1994-07-19,493.61188103078325
1994-07-20,490.4636604663406
1994-07-21,490.43802363047695
1994-07-22,491.96918491841717
1994-07-25,492.4115675504601
1994-07-26,492.04193933491484
1994-07-27,489.21190261642903
1994-07-28,491.79114133488434
1994-07-29,498.1964174064758
1994-08-01,501.7198384025543
1994-08-02,503.4252640718034
1994-08-03,503.41128620362326
1994-08-04,497.37007099136304
1994-08-05,496.34822675923414
1994-08-08,497.8616523266474
1994-08-09,499.1181620975019
1994-08-10,501.9749188385571
1994-08-11,500.98315874146385
1994-08-12,503.12421285248445
1994-08-15,504.24271651761865
1994-08-16,508.94394512841717
1994-08-17,510.8894978532522
1994-08-18,508.79295653728207
1994-08-19,509.83563654211576
1994-08-22,509.84790542803097
1994-08-23,512.5879855240341
1994-08-24,516.0474122647878
1994-08-25,517.6589934853534
1994-08-26,524.4131396658333
1994-08-29,525.8023543836608
1994-08-30,528.8119267792262
1994-08-31,527.7933406325931
1994-09-01,525.1663355274784
1994-09-02,522.8674420919004
1994-09-06,522.9587009629304
1994-09-07,523.2850727365154
1994-09-08,526.2534828852051
1994-09-09,521.8325968932888
1994-09-12,519.7186507540731
1994-09-13,522.6674243449413
1994-09-14,524.2083908306314
1994-09-15,531.8611572075023
1994-09-16,530.4111298021131
1994-09-19,530.9013408696491
1994-09-20,523.6272404801138
1994-09-21,520.8778938024167
1994-09-22,520.5648895432425
1994-09-23,519.2108623430603
1994-09-26,520.430394769071
1994-09-27,522.2770889849858
1994-09-28,525.252975803024
1994-09-29,524.0706745891518
1994-09-30,525.4980824884599
1994-10-03,524.4069058366811
1994-10-04,516.4479604151286
1994-10-05,514.8590170604973
1994-10-06,513.2491076668208
1994-10-07,516.6362699756663
1994-10-10,521.2977082391079
1994-10-11,529.1290821282198
1994-10-12,530.0016849631041
1994-10-13,531.3522940783026
1994-10-14,532.5069495685126
1994-10-17,532.7725451673383
1994-10-18,532.1859368510925
1994-10-19,535.8040234491683
1994-10-20,533.6464184239372
1994-10-21,531.4707620403392
1994-10-24,528.0154532125277
1994-10-25,526.127466986041
1994-10-26,527.679324564884
1994-10-27,531.266266058819
1994-10-28,539.3943050848131
1994-10-31,537.9777194479775
1994-11-01,534.170757190345
1994-11-02,532.1663640454785
1994-11-03,531.8062642923929
1994-11-04,526.4874574825715
1994-11-07,526.6051857633978
1994-11-08,531.0019475383906
1994-11-09,532.6741612523693
1994-11-10,531.167960186817
1994-11-11,528.9494023522408
1994-11-14,533.8019837788465
1994-11-15,532.9602521365774
1994-11-16,534.91809751022
1994-11-17,532.9386914730957
1994-11-18,532.0855089109216
1994-11-21,527.1628863400582
1994-11-22,514.2733904164043
1994-11-23,510.68526691643086
1994-11-25,514.5406524578909
1994-11-28,518.5535613120928
1994-11-29,520.8219101482949
1994-11-30,521.2116378924663
1994-12-01,515.724796749206
1994-12-02,520.7137664739441
1994-12-05,521.8194853867502
1994-12-06,522.2360224842441
1994-12-07,519.5459618806881
1994-12-08,510.4532918321515
1994-12-09,512.6846299017176
1994-12-12,515.2218867373525
1994-12-13,514.4868060295009
1994-12-14,518.9622533274653
1994-12-15,520.1157068268269
1994-12-16,523.2356212185782
1994-12-19,521.9001512311702
1994-12-20,522.055955816662
1994-12-21,526.4014269996926
1994-12-22,526.3735310526538
1994-12-23,527.8597774404147
1994-12-27,530.3003290901135
1994-12-28,527.7672289597779
1994-12-29,529.0334782748375
1994-12-30,528.0666619977359
1995-01-03,525.808419785054
1995-01-04,527.003400085785
1995-01-05,526.3971065520409
1995-01-06,527.2254892137984
1995-01-09,526.5520346891254
1995-01-10,529.012308123186
1995-01-11,529.0381726024458
1995-01-12,529.2891614842642
1995-01-13,533.1124031174645
1995-01-16,537.377068926266
1995-01-17,539.3650028991298
1995-01-18,539.5130595126832
1995-01-19,536.62618851906
1995-01-20,533.0972080725062
1995-01-23,531.7631904074022
1995-01-24,533.5302867654059
1995-01-25,532.3163395653837
1995-01-26,531.502889079046
1995-01-27,531.9001378486262
1995-01-30,528.601062888769
1995-01-31,531.2818555541071
1995-02-01,531.5994180769611
1995-02-02,534.4025635451646
1995-02-03,539.8528454067782
1995-02-06,544.3329774186765
1995-02-07,544.822282726475
1995-02-08,545.6113483295969
1995-02-09,546.1423886164739
1995-02-10,547.9841448478472
1995-02-13,548.1066969960092
1995-02-14,548.5855807820216
1995-02-15,549.6271726295588
1995-02-16,551.0830520926241
1995-02-17,547.6789398458667
1995-02-21,546.9653955620631
1995-02-22,548.1817074472407
1995-02-23,550.9764652133896
1995-02-24,552.725018104677
1995-02-27,548.9102921237339
1995-02-28,554.3714610846337
1995-03-01,553.7053312764064
1995-03-02,553.7878742063962
1995-03-03,556.23756522119
1995-03-06,557.8214295714598
1995-03-07,553.1769869845124
1995-03-08,553.8544961488267
1995-03-09,554.4354134704104
1995-03-10,560.214829037351
1995-03-13,562.5239678688957
1995-03-14,566.010834549466
1995-03-15,565.5011578403345
1995-03-16,568.8654057579037
1995-03-17,569.1635720955272
1995-03-20,571.5953823950886
1995-03-21,571.380340720367
1995-03-22,571.108385159963
1995-03-23,571.7076700278036
1995-03-24,576.151869811486
1995-03-27,580.0254767263127
1995-03-28,580.7500110209393
1995-03-29,577.0759963246513
1995-03-30,572.5875809836599
1995-03-31,570.6394963945863
1995-04-03,573.520894951615
1995-04-04,575.2982086974091
1995-04-05,575.4978275643439
1995-04-06,576.8065661773069
1995-04-07,577.1371142856812
1995-04-10,580.0654438113386
1995-04-11,580.0649096525926
1995-04-12,582.5144754779352
1995-04-13,585.0187852662323
1995-04-17,582.0335522519647
1995-04-18,580.5049702384295
1995-04-19,576.4266591355426
1995-04-20,578.5574349061276
1995-04-21,583.979912649612
1995-04-24,591.3084834337816
1995-04-25,590.1688813214909
1995-04-26,591.937912676296
1995-04-27,592.8246374399873
1995-04-28,595.105838718146
1995-05-01,593.4242435302885
1995-05-02,595.278089864136
1995-05-03,602.5995523183666
1995-05-04,601.3778773034464
1995-05-05,600.4152477957615
1995-05-08,604.3167363336236
1995-05-09,604.0743644521697
1995-05-10,604.1192771945841
1995-05-11,606.6260006641535
1995-05-12,603.4555009031939
1995-05-15,604.7052775248525
1995-05-16,606.2609037847315
1995-05-17,605.7597906926551
1995-05-18,597.5957009768973
1995-05-19,599.5377274767325
1995-05-22,604.1082693128202
1995-05-23,611.0245699446268
1995-05-24,611.2827822489102
1995-05-25,612.9165316043228
1995-05-26,607.5376550748214
1995-05-30,603.6939554591512
1995-05-31,614.1494341458489
1995-06-01,615.1158843438208
1995-06-02,614.3143399754093
1995-06-05,616.8468888233244
1995-06-06,617.2315537114728
1995-06-07,616.2887127322759
1995-06-08,617.1974411034872
1995-06-09,613.4471933113982
1995-06-12,616.2374984090021
1995-06-13,620.0424872062209
1995-06-14,620.6766967766857
1995-06-15,623.7167430667031
1995-06-16,628.9864453854583
1995-06-19,636.282041427
1995-06-20,637.6157912756262
1995-06-21,638.5858612575717
1995-06-22,647.2207357346708
1995-06-23,645.3589175259502
1995-06-26,639.6307397126429
1995-06-27,634.480423929596
1995-06-28,636.0965855442524
1995-06-29,638.687612047868
1995-06-30,639.532420118222
1995-07-03,641.8183439081705
1995-07-05,641.1440433450056
1995-07-06,646.1594430677538
1995-07-07,647.4660769531287
1995-07-10,649.338860239913
1995-07-11,648.1203966622946
1995-07-12,656.6395075235307
1995-07-13,659.000727306304
1995-07-14,658.9821675182918
1995-07-17,663.6596218485753
1995-07-18,657.7852871293435
1995-07-19,644.5767519357345
1995-07-20,647.3757679189144
1995-07-21,649.1055915245729
1995-07-24,655.6768946611413
1995-07-25,661.2961202377195
1995-07-26,663.9567797067336
1995-07-27,669.4661665561006
1995-07-28,667.556119034339
1995-07-31,666.3533569199668
1995-08-01,663.7030398078615
1995-08-02,659.2544051144679
1995-08-03,659.0876174957376
1995-08-04,662.201044765897
1995-08-07,664.4518876568387
1995-08-08,665.6307590567801
1995-08-09,667.626693319677
1995-08-10,665.3549714724012
1995-08-11,663.6238166517908
1995-08-14,670.640007967492
1995-08-15,669.1804513156608
1995-08-16,672.1907570714864
1995-08-17,671.5160928264155
1995-08-18,670.7430436213476
1995-08-21,667.7408584855341
1995-08-22,670.1740692677204
1995-08-23,669.4350685477347
1995-08-24,668.865010855421
1995-08-25,668.9470623531043
1995-08-28,664.4470064961165
1995-08-29,663.9959686671344
1995-08-30,666.5852152580613
1995-08-31,668.8339410046309
1995-09-01,668.548166580728
1995-09-05,676.3022173955043
1995-09-06,680.1032575224053
1995-09-07,680.8509902689901
1995-09-08,683.6586128230578
1995-09-11,685.7770532019493
1995-09-12,686.4795898257622
1995-09-13,689.2069261586432
1995-09-14,692.9109949723985
1995-09-15,689.132526574085
1995-09-18,689.6460908512049
1995-09-19,693.3849958568775
1995-09-20,695.4280736901732
1995-09-21,692.3848164838278
1995-09-22,689.8373965529119
1995-09-25,688.4224914237882
1995-09-26,687.9565739913845
1995-09-27,685.0998317289911
1995-09-28,692.9433028249844
1995-09-29,692.5075858367794
1995-10-02,687.2600399815622
1995-10-03,686.5714092865484
1995-10-04,682.3466728105437
1995-10-05,685.4130086790614
1995-10-06,685.4278410408776
1995-10-09,674.4250508126967
1995-10-10,671.674230074143
1995-10-11,677.7687934806654
1995-10-12,684.3068803182963
1995-10-13,686.6659792844096
1995-10-16,687.231776725899
1995-10-17,692.7981507756192
1995-10-18,696.829535314826
1995-10-19,700.398719410344
1995-10-20,693.9000963828449
1995-10-23,693.8981440282373
1995-10-24,694.2258191646566
1995-10-25,688.2021419107951
1995-10-26,682.8313841351778
1995-10-27,685.6296971458391
1995-10-30,689.8098227384014
1995-10-31,687.3581284549069
1995-11-01,691.6361345883986
1995-11-02,697.5827408159238
1995-11-03,700.4224564204271
1995-11-06,697.1293903690187
1995-11-07,693.0675845665301
1995-11-08,697.394556656192
1995-11-09,702.8852468473889
1995-11-10,701.0190493156545
1995-11-13,698.6698298943601
1995-11-14,693.0265238474839
1995-11-15,697.3718818448868
1995-11-16,699.8986464238684
1995-11-17,702.224453774947
1995-11-20,695.4815826912173
1995-11-21,695.8958854027419
1995-11-22,693.0766066063778
1995-11-24,696.2637627848272
1995-11-27,697.7765215632827
1995-11-28,708.0501018470441
1995-11-29,711.3036843449504
1995-11-30,711.8897481064163
1995-12-01,711.6736834800022
1995-12-04,721.6881082816764
1995-12-05,723.690070215358
1995-12-06,724.4472627114296
1995-12-07,719.9716432083226
1995-12-08,722.8860404753482
1995-12-11,722.93779145952
1995-12-12,720.5877527733503
1995-12-13,723.1616502170482
1995-12-14,717.0674860389618
1995-12-15,713.8188592718612
1995-12-18,700.3610388782339
1995-12-19,708.378449023033
1995-12-20,701.2356864032548
1995-12-21,708.0172360634024
1995-12-22,711.1116157067436
1995-12-26,715.2533023136943
1995-12-27,715.1811281594911
1995-12-28,714.3572052803762
1995-12-29,717.2662271571662
1996-01-02,719.1303449429516
1996-01-03,715.7840328694045
1996-01-04,708.4976649026802
1996-01-05,705.6792389664819
1996-01-08,708.341902432251
1996-01-09,693.536740511183
1996-01-10,682.9053921931047
1996-01-11,691.6951874962082
1996-01-12,691.9860793122239
1996-01-15,687.278899438179
1996-01-16,698.8375294853903
1996-01-17,699.6225950285659
1996-01-18,704.2038436921862
1996-01-19,707.1945407666966
1996-01-22,708.905163833148
1996-01-23,708.9907224190598
1996-01-24,720.0320515154215
1996-01-25,715.5298872370362
1996-01-26,720.84084694021
1996-01-29,724.3899140274254
1996-01-30,732.792171633757
1996-01-31,740.55810319887
1996-02-01,742.6673893828032
1996-02-02,741.4212682466599
1996-02-05,749.130984822101
1996-02-06,755.5333815026272
1996-02-07,759.3652946256123
1996-02-08,764.2228040911119
1996-02-09,764.4121318096913
1996-02-12,769.5141692788104
1996-02-13,766.2421879470902
1996-02-14,760.7808022833692
1996-02-15,757.012654735238
1996-02-16,753.9255456612049
1996-02-20,744.7822400360282
1996-02-21,753.7732108096523
1996-02-22,766.3593587812959
1996-02-23,767.3919625946093
1996-02-26,758.1435550164556
1996-02-27,754.1618509651779
1996-02-28,754.7647062280682
1996-02-29,749.0085401472792
1996-03-01,746.591130291851
1996-03-04,751.1397267581281
1996-03-05,758.6298383736608
1996-03-06,752.8058170338444
1996-03-07,754.8178753770957
1996-03-08,730.6050290116053
1996-03-11,734.7653805182428
1996-03-12,732.833981230645
1996-03-13,732.3187671642701
1996-03-14,733.5984346627297
1996-03-15,733.9816504998932
1996-03-18,739.7980021913177
1996-03-19,737.8540650390953
1996-03-20,741.0437514418666
1996-03-21,743.3766976885042
1996-03-22,743.8936594651391
1996-03-25,742.90714661977
1996-03-26,744.8182959693067
1996-03-27,739.175384996053
1996-03-28,740.4865679074509
1996-03-29,739.5418108081951
1996-04-01,749.0066991711401
1996-04-02,750.541458900635
1996-04-03,751.2161215655333
1996-04-04,752.0415200914683
1996-04-08,737.6959043864151
1996-04-09,733.471599910715
1996-04-10,722.3067048335339
1996-04-11,717.6084237996686
1996-04-12,724.2274138525825
1996-04-15,729.8187712481441
1996-04-16,733.8316912815424
1996-04-17,728.3428948863714
1996-04-18,735.3335929099259
1996-04-19,737.3907557964624
1996-04-22,741.3723886392813
1996-04-23,745.4289557556947
1996-04-24,744.793058738822
1996-04-25,747.5082147950947
1996-04-26,748.3290944547175
1996-04-29,748.5713667231944
1996-04-30,749.2062340338815
1996-05-01,751.1163628342216
1996-05-02,737.9897854674082
1996-05-03,737.7292458702359
1996-05-06,736.3261239616203
1996-05-07,733.8579976963325
1996-05-08,738.7183615855398
1996-05-09,738.6433014626926
1996-05-10,746.6382940211765
1996-05-13,756.4918754550496
1996-05-14,761.9551227568965
1996-05-15,763.4777728233119
1996-05-16,765.3661390715356
1996-05-17,770.1286515229098
1996-05-20,773.0546122112547
1996-05-21,770.7346421659929
1996-05-22,774.664456445386
1996-05-23,773.0944725563447
1996-05-24,773.7891817691426
1996-05-28,768.3701817231344
1996-05-29,762.8176316856731
1996-05-30,768.7665928622009
1996-05-31,769.5148995046412
1996-06-03,769.1474541244011
1996-06-04,775.2222987089044
1996-06-05,780.8611887162709
1996-06-06,773.6567169566919
1996-06-07,771.2370012289218
1996-06-10,770.2135274889218
1996-06-11,769.5965766110471
1996-06-12,768.9606974636914
1996-06-13,767.4219984116361
1996-06-14,763.7749837122559
1996-06-17,761.3862073936225
1996-06-18,753.9804501940163
1996-06-19,754.6183711769091
1996-06-20,751.6364645618776
1996-06-21,755.4493131140382
1996-06-24,759.0370459869899
1996-06-25,758.8270740923427
1996-06-26,752.7541891969926
1996-06-27,758.9807435243941
1996-06-28,763.5318781552681
1996-07-01,770.5169885122011
1996-07-02,767.7029659049707
1996-07-03,764.1322363812276
1996-07-05,746.7085491272888
1996-07-08,741.3690329673123
1996-07-09,742.2573207745421
1996-07-10,742.8135128044477
1996-07-11,734.6230948104015
1996-07-12,735.9798684637041
1996-07-15,721.1114916014826
1996-07-16,714.8546455823322
1996-07-17,718.2480089004591
1996-07-18,731.3894178917849
1996-07-19,727.8220004077561
1996-07-22,724.9465116010867
1996-07-23,717.768982658856
1996-07-24,713.962896125869
1996-07-25,716.5497509786327
1996-07-26,720.6152059849674
1996-07-29,716.0373458805112
1996-07-30,716.6627606303031
1996-07-31,720.8528655387619
1996-08-01,732.2059796938332
1996-08-02,744.5607277977941
1996-08-05,742.7909670955806
1996-08-06,744.3679895586077
1996-08-07,743.7907750092819
1996-08-08,743.473264183388
1996-08-09,738.0265564943353
1996-08-12,744.5355437966545
1996-08-13,741.1280907008904
1996-08-14,742.9246266272484
1996-08-15,744.260749420741
1996-08-16,749.4700135737224
1996-08-19,752.4099648597482
1996-08-20,751.7124927720098
1996-08-21,750.5279680928842
1996-08-22,756.4556095339952
1996-08-23,752.030213644444
1996-08-26,749.5102433235348
1996-08-27,753.8001211434996
1996-08-28,751.6321143635064
1996-08-29,743.4576397987067
1996-08-30,740.1116408231538
1996-09-03,744.920963445373
1996-09-04,745.9050934674557
1996-09-05,741.9881793615663
1996-09-06,749.8712949324325
1996-09-09,757.1067195015396
1996-09-10,757.8443168368188
1996-09-11,762.7500538489512
1996-09-12,764.9025902982895
1996-09-13,772.3204607287544
1996-09-16,774.7322357632481
1996-09-17,771.6519395319503
1996-09-18,770.2812229751646
1996-09-19,771.7824837076756
1996-09-20,773.9807505774911
1996-09-23,773.8439053375611
1996-09-24,774.3071565011687
1996-09-25,774.267667339185
1996-09-26,777.5766701559684
1996-09-27,777.2824570598416
1996-09-30,778.8943782633027
1996-10-01,781.8344168366864
1996-10-02,785.7810464892913
1996-10-03,785.2096559771189
1996-10-04,795.3969453389036
1996-10-07,795.8736580826165
1996-10-08,794.1419098082458
1996-10-09,789.5746150876629
1996-10-10,787.1461387494824
1996-10-11,791.7301829465114
1996-10-14,798.1424683810164
1996-10-15,797.781424758939
1996-10-16,796.8030264855971
1996-10-17,802.658780336798
1996-10-18,808.3166019554719
1996-10-21,806.4358244308934
1996-10-22,803.2093464959391
1996-10-23,800.9593752088414
1996-10-24,796.3729244537819
1996-10-25,794.4205423826198
1996-10-28,789.5124925599487
1996-10-29,795.1957372918768
1996-10-30,793.2467398479819
1996-10-31,796.5374761510598
1996-11-01,794.1258051160916
1996-11-04,796.3870766321153
1996-11-05,799.9702301751414
1996-11-06,809.40513163034
1996-11-07,812.2577229083598
1996-11-08,814.7341245669078
1996-11-11,815.099993089597
1996-11-12,817.157222102527
1996-11-13,819.6477427227974
1996-11-14,823.8679224272025
1996-11-15,824.4847672823716
1996-11-18,826.4218832614712
1996-11-19,832.246974365297
1996-11-20,833.7644383125623
1996-11-21,833.054855030679
1996-11-22,839.8645741228122
1996-11-25,850.2557581929484
1996-11-26,846.5769281832918
1996-11-27,845.2213758143798
1996-11-29,847.5018394703981
1996-12-02,847.1198088921036
1996-12-03,839.6851564789692
1996-12-04,834.4570745963177
1996-12-05,836.3759418808714
1996-12-06,830.8138047481502
1996-12-09,841.4883012194381
1996-12-10,837.9926394964589
1996-12-11,830.2181110390522
1996-12-12,819.7552166887479
1996-12-13,816.8847497340465
1996-12-16,809.6124646276687
1996-12-17,815.9840462082503
1996-12-18,824.8152577447124
1996-12-19,840.0493877442127
1996-12-20,841.4542862220962
1996-12-23,837.6439930039998
1996-12-24,841.872076057791
1996-12-26,847.0065054886134
1996-12-27,844.7823577166436
1996-12-30,842.732123405148
1996-12-31,832.238820574944
1997-01-02,827.2022470315221
1997-01-03,841.0972350118378
1997-01-06,844.3950537817269
1997-01-07,851.8873309461613
1997-01-08,847.4996475449051
1997-01-09,858.07080441465
1997-01-10,865.8541570652108
1997-01-13,864.3576783703804
1997-01-14,874.0574939603076
1997-01-15,870.9740403973336
1997-01-16,873.3004889769018
1997-01-17,878.4512205944941
1997-01-20,881.5455921136779
1997-01-21,886.1057086697018
1997-01-22,889.670746299863
1997-01-23,881.4174150660749
1997-01-24,870.8613757145972
1997-01-27,866.5713419122118
1997-01-28,864.2295528647031
1997-01-29,873.2149353592046
1997-01-30,883.9323583085815
1997-01-31,884.7704934573397
1997-02-03,883.9502262133328
1997-02-04,884.9426661767684
1997-02-05,872.6184340319737
1997-02-06,873.617768315091
1997-02-07,882.4170660995409
1997-02-10,870.5444680871559
1997-02-11,875.3932281016349
1997-02-12,890.9292318454077
1997-02-13,899.0793681324576
1997-02-14,895.7050578892756
1997-02-18,900.8083840310151
1997-02-19,897.5629972210896
1997-02-20,885.8025438682057
1997-02-21,883.2538031003527
1997-02-24,888.4616758952618
1997-02-25,891.5679458203183
1997-02-26,884.4337276874735
1997-02-27,869.1092706305274
1997-02-28,864.9991092858646
1997-03-03,869.8850049910058
1997-03-04,872.3183951853599
1997-03-05,882.6299075067167
1997-03-06,881.129072003118
1997-03-07,885.1567130039322
1997-03-10,894.1342674012735
1997-03-11,890.3328089220233
1997-03-12,883.209126423865
1997-03-13,870.3132861785228
1997-03-14,873.5740354851799
1997-03-17,871.0826355198227
1997-03-18,864.2857423701396
1997-03-19,859.0550603632817
1997-03-20,862.2509957283633
1997-03-21,863.8002774730426
1997-03-24,868.3966332757468
1997-03-25,869.6319088764819
1997-03-26,876.1949283778275
1997-03-27,859.6067751942289
1997-03-31,842.2413930419319
1997-04-01,842.6596971230899
1997-04-02,830.9864101258931
1997-04-03,829.1773855865302
1997-04-04,839.4740569832155
1997-04-07,848.1590634924258
1997-04-08,854.0737366712293
1997-04-09,848.8432255816988
1997-04-10,844.0233552697555
1997-04-11,822.9417770062876
1997-04-14,830.16208002937
1997-04-15,839.5619698547729
1997-04-16,848.1432150246885
1997-04-17,847.820618911486
1997-04-18,852.565631829483
1997-04-21,841.8849868536988
1997-04-22,856.2797134693665
1997-04-23,856.9639157470549
1997-04-24,858.0308338955324
1997-04-25,846.6174912234678
1997-04-28,853.2174758229929
1997-04-29,876.188313248456
1997-04-30,886.2177244995084
1997-05-01,886.171759896028
1997-05-02,905.4878140389136
1997-05-05,927.5119669714923
1997-05-06,922.152468222931
1997-05-07,911.5902122119095
1997-05-08,911.6563010352137
1997-05-09,918.7889441112264
1997-05-12,931.6744852762679
1997-05-13,928.6452667995051
1997-05-14,932.8919002271131
1997-05-15,938.5814605247795
1997-05-16,926.706539842382
1997-05-19,931.6173414547377
1997-05-20,937.8580114990724
1997-05-21,934.3156484970663
1997-05-22,932.8191692118111
1997-05-23,945.6441067632271
1997-05-27,944.9341745944688
1997-05-28,940.0882823196226
1997-05-29,938.6531734859069
1997-05-30,948.3439245606819
1997-06-02,943.1494369629563
1997-06-03,946.6852597575082
1997-06-04,940.625220707355
1997-06-05,946.3612486934749
1997-06-06,961.7862917771432
1997-06-09,963.876748238774
1997-06-10,968.6220178239445
1997-06-11,972.3982527195168
1997-06-12,988.6849878497922
1997-06-13,995.2089139580049
1997-06-16,996.7496063641224
1997-06-17,993.6827782548557
1997-06-18,992.3403733146791
1997-06-19,998.8135314420941
1997-06-20,997.6858703549628
1997-06-23,978.4295106700578
1997-06-24,992.8602829317281
1997-06-25,984.1212455417156
1997-06-26,980.9466875411093
1997-06-27,984.6977775162599
1997-06-30,986.1233912451878
1997-07-01,994.9452712378302
1997-07-02,1007.7520703056726
1997-07-03,1019.743652949234
1997-07-07,1016.2755955285296
1997-07-08,1024.506014348685
1997-07-09,1012.4948623102932
1997-07-10,1019.7834971047066
1997-07-11,1023.632722464209
1997-07-14,1023.1197721615977
1997-07-15,1029.8961631894895
1997-07-16,1037.232228457639
1997-07-17,1036.2429672526125
1997-07-18,1018.5979739835237
1997-07-21,1017.3998858061301
1997-07-22,1036.144220897795
1997-07-23,1043.6816897297206
1997-07-24,1045.5598172294979
1997-07-25,1041.898251811873
1997-07-28,1036.0357547116582
1997-07-29,1041.5759862431653
1997-07-30,1052.2499552149618
1997-07-31,1053.3791167318007
1997-08-01,1045.714125366433
1997-08-04,1043.5686900399203
1997-08-05,1046.5940036053817
1997-08-06,1053.499922084991
1997-08-07,1045.0212760763302
1997-08-08,1024.9024214682104
1997-08-11,1027.079475141075
1997-08-12,1015.9063046483308
1997-08-13,1016.5406101884241
1997-08-14,1019.6897906482125
1997-08-15,994.2475887544488
1997-08-18,1001.7516923196034
1997-08-19,1018.7308274007426
1997-08-20,1033.5761994001664
1997-08-21,1018.5112553370047
1997-08-22,1014.1058211069627
1997-08-25,1012.2545315329397
1997-08-26,1006.0790859461172
1997-08-27,1004.4429189050794
1997-08-28,996.0050309860674
1997-08-29,993.8868414294782
1997-09-02,1020.6203646572018
1997-09-03,1021.3343016221711
1997-09-04,1022.3019896953343
1997-09-05,1020.3062837506507
1997-09-08,1024.3092921968682
1997-09-09,1026.7400968476686
1997-09-10,1013.339843316732
1997-09-11,1005.2570066317578
1997-09-12,1016.0117267321981
1997-09-15,1010.853541922926
1997-09-16,1036.197146924148
1997-09-17,1037.7747786294526
1997-09-18,1043.480286816892
1997-09-19,1045.8264792928765
1997-09-22,1047.3406678933077
1997-09-23,1046.6037540304055
1997-09-24,1038.569537252818
1997-09-25,1032.4400912086244
1997-09-26,1038.8394432626264
1997-09-29,1048.498618106965
1997-09-30,1042.704087767698
1997-10-01,1048.4373590873236
1997-10-02,1052.6282819657483
1997-10-03,1059.6522010239698
1997-10-06,1069.9815314156046
1997-10-07,1078.456584635729
1997-10-08,1071.5802945856292
1997-10-09,1074.5241529696732
1997-10-10,1070.4385726452313
1997-10-13,1072.6047841304357
1997-10-14,1069.6528125194984
1997-10-15,1067.1359716686097
1997-10-16,1055.5556947990933
1997-10-17,1039.6927383509765
1997-10-20,1053.1021618938637
1997-10-21,1069.448141505383
1997-10-22,1064.7664094285954
1997-10-23,1043.7634857668265
1997-10-24,1033.8980025835094
1997-10-27,963.9516642965007
1997-10-28,1005.2294306951011
1997-10-29,1006.6805998516696
1997-10-30,989.059343775122
1997-10-31,999.7862619810445
1997-11-03,1025.901999084269
1997-11-04,1029.5415306427967
1997-11-05,1032.7579792503889
1997-11-06,1024.622112569706
1997-11-07,1012.043110127892
1997-11-10,1003.1363309708796
1997-11-11,1002.6330431937147
1997-11-12,978.7690058016948
1997-11-13,987.8451403632395
1997-11-14,1004.4366468766531
1997-11-17,1022.3886644303133
1997-11-18,1010.3714657913278
1997-11-19,1013.7550305208365
1997-11-20,1028.5521122722494
1997-11-21,1031.9702426538877
1997-11-24,1011.0441362605654
1997-11-25,1009.1468512680653
1997-11-26,1010.4786242025681
1997-11-28,1012.9018129964674
1997-12-01,1028.4238407561372
1997-12-02,1024.3275958263062
1997-12-03,1033.6182254178295
1997-12-04,1032.996019863117
1997-12-05,1037.357987593942
1997-12-08,1034.2170846169572
1997-12-09,1033.6722608687485
1997-12-10,1032.3004180513062
1997-12-11,1020.7362833911583
1997-12-12,1025.404466728898
1997-12-15,1035.4507119318803
1997-12-16,1037.7535620826352
1997-12-17,1038.2185117266583
1997-12-18,1033.2071193746604
1997-12-19,1026.5133576638964
1997-12-22,1035.749436783809
1997-12-23,1021.5320293360393
1997-12-24,1012.770088153604
1997-12-26,1016.8445518603505
1997-12-29,1032.6037011844855
1997-12-30,1049.3830463138836
1997-12-31,1047.8076313737724
1998-01-02,1046.9416435168423
1998-01-05,1050.8401667829444
1998-01-06,1042.8508074249312
1998-01-07,1039.459888572075
1998-01-08,1034.2604625110523
1998-01-09,1006.7982416915029
1998-01-12,1015.7567504201812
1998-01-13,1030.3551643688675
1998-01-14,1039.857153830223
1998-01-15,1034.4484744506815
1998-01-16,1046.7574116781377
1998-01-20,1068.084513402685
1998-01-21,1059.2409689962815
1998-01-22,1056.8023304367027
1998-01-23,1051.8840877790049
1998-01-26,1045.8606722696811
1998-01-27,1058.56512462205
1998-01-28,1066.2378519188132
1998-01-29,1074.5773624693297
1998-01-30,1070.707595809729
1998-02-02,1089.6586828171346
1998-02-03,1092.843357250812
1998-02-04,1092.7572672360202
1998-02-05,1088.821796189989
1998-02-06,1098.3457901863967
1998-02-09,1096.2854408998414
1998-02-10,1105.1088917591462
1998-02-11,1106.461031152088
1998-02-12,1113.5141224438032
1998-02-13,1110.4772447428127
1998-02-17,1116.6394837017485
1998-02-18,1126.0461355072403
1998-02-19,1121.682192288089
1998-02-20,1127.205748623148
1998-02-23,1135.7154315545242
1998-02-24,1127.8479156330764
1998-02-25,1140.507384010334
1998-02-26,1144.583672142508
1998-02-27,1143.4088432019898
1998-03-02,1146.494512066785
1998-03-03,1152.0525114778868
1998-03-04,1144.9946515609067
1998-03-05,1137.4927477273131
1998-03-06,1162.1184714013048
1998-03-09,1165.9525778916686
1998-03-10,1175.0709621553076
1998-03-11,1182.4725236083696
1998-03-12,1182.5295320035405
1998-03-13,1185.8086503075283
1998-03-16,1198.9976777130792
1998-03-17,1203.6712241115385
1998-03-18,1206.8282163613196
1998-03-19,1212.8302664074877
1998-03-20,1220.163928427943
1998-03-23,1210.1561483804985
1998-03-24,1223.6775767290492
1998-03-25,1215.9355764002116
1998-03-26,1215.083580808841
1998-03-27,1211.0413676866729
1998-03-30,1207.769594391384
1998-03-31,1217.3977117097195
1998-04-01,1219.9524465799543
1998-04-02,1227.544200611505
1998-04-03,1233.924288076946
1998-04-06,1234.9721715688358
1998-04-07,1224.4059263073323
1998-04-08,1217.2429316294415
1998-04-09,1229.683799502518
1998-04-13,1229.5878152784999
1998-04-14,1236.805722013391
1998-04-15,1237.6675409121
1998-04-16,1229.031555150257
1998-04-17,1243.8981160805713
1998-04-20,1242.5869586459853
1998-04-21,1240.3760741114959
1998-04-22,1242.97968871805
1998-04-23,1227.5645355882914
1998-04-24,1213.8443202733424
1998-04-27,1187.168965785354
1998-04-28,1189.3324633996378
1998-04-29,1199.1419276446761
1998-04-30,1217.5171625790963
1998-05-01,1223.6930641795743
1998-05-04,1230.357180016797
1998-05-05,1220.5105898385434
1998-05-06,1212.4540282683515
1998-05-07,1205.9623308520147
1998-05-08,1215.0315542379433
1998-05-11,1213.1173152781485
1998-05-12,1220.7590526337085
1998-05-13,1227.7158541947422
1998-05-14,1227.955872332944
1998-05-15,1222.7053830092257
1998-05-18,1218.6984679190275
1998-05-19,1220.6465561331015
1998-05-20,1235.1395759420197
1998-05-21,1239.2443177280263
1998-05-22,1236.8876423702277
1998-05-26,1223.9913718461744
1998-05-27,1214.4725301300393
1998-05-28,1226.0385120626227
1998-05-29,1223.36976517171
1998-06-01,1228.2923974725168
1998-06-02,1237.134970672075
1998-06-03,1229.0266420872665
1998-06-04,1235.6012039201971
1998-06-05,1251.6307796554179
1998-06-08,1256.5722247700635
1998-06-09,1255.7837556500942
1998-06-10,1252.9565026330913
1998-06-11,1232.311512311554
1998-06-12,1230.7986613766789
1998-06-15,1206.6716172287345
1998-06-16,1214.0313234513867
1998-06-17,1238.522805082242
1998-06-18,1236.6639450393884
1998-06-19,1233.4468584775473
1998-06-22,1238.1308221019833
1998-06-23,1255.6171058618356
1998-06-24,1259.6321383985996
1998-06-25,1258.8994735136196
1998-06-26,1259.9998601405346
1998-06-29,1265.7639326786755
1998-06-30,1263.7674138747934
1998-07-01,1279.7835749020528
1998-07-02,1279.3020295737392
1998-07-06,1296.7616645409207
1998-07-07,1294.715784319459
1998-07-08,1309.6028023944934
1998-07-09,1299.844141154488
1998-07-10,1303.2863646005533
1998-07-13,1302.6962315765782
1998-07-14,1316.1456484502344
1998-07-15,1312.8874813828832
1998-07-16,1321.0560425670853
1998-07-17,1321.5160645816343
1998-07-20,1319.6967537799803
1998-07-21,1306.4312258215184
1998-07-22,1310.0187838146976
1998-07-23,1283.5842905891682
1998-07-24,1282.778834697182
1998-07-27,1283.8971390652794
1998-07-28,1266.5621707737653
1998-07-29,1263.8662420782134
1998-07-30,1281.9674164215114
1998-07-31,1259.5629092771414
1998-08-03,1246.6485988420397
1998-08-04,1197.7162043183444
1998-08-05,1201.6651343926612
1998-08-06,1218.606305046778
1998-08-07,1222.076610648955
1998-08-10,1219.873102818269
1998-08-11,1199.8353949541697
1998-08-12,1218.580167039241
1998-08-13,1215.3173089986494
1998-08-14,1196.2938596495476
1998-08-17,1210.646434211874
1998-08-18,1229.8293166024876
1998-08-19,1229.6411805663226
1998-08-20,1221.3083613722395
1998-08-21,1208.5112778685202
1998-08-24,1218.235900187943
1998-08-25,1223.2899712561175
1998-08-26,1212.4317634831327
1998-08-27,1165.4455128362679
1998-08-28,1158.5067582024944
1998-08-31,1074.391169414204
1998-09-01,1113.0077910120294
1998-09-02,1107.6043306316167
1998-09-03,1102.7013669919002
1998-09-04,1094.012113062149
1998-09-08,1141.2049241514326
1998-09-09,1126.1616971735034
1998-09-10,1103.2966247489321
1998-09-11,1129.3830478338873
1998-09-14,1150.6401007691545
1998-09-15,1158.2312133526996
1998-09-16,1164.5120725508652
1998-09-17,1144.305390898604
1998-09-18,1156.0313300459281
1998-09-21,1155.8825784386631
1998-09-22,1167.7852345620024
1998-09-23,1195.1674027677504
1998-09-24,1174.2189102281868
1998-09-25,1171.5153523905744
1998-09-28,1174.2078075196855
1998-09-29,1179.3136406616347
1998-09-30,1161.4699156489564
1998-10-01,1135.0694827626332
1998-10-02,1154.2704204053732
1998-10-05,1153.43036304315
1998-10-06,1149.878580630169
1998-10-07,1135.5850884872207
1998-10-08,1122.0078736740807
1998-10-09,1125.7322834079923
1998-10-12,1126.8441591536198
1998-10-13,1128.8885261856487
1998-10-14,1148.9491151537918
1998-10-15,1183.7898703016247
1998-10-16,1179.8481149145105
1998-10-19,1183.7907626223896
1998-10-20,1178.4601071954287
1998-10-21,1185.937938224625
1998-10-22,1200.2835233244034
1998-10-23,1193.0505773684756
1998-10-26,1191.9137467759722
1998-10-27,1187.5297937605048
1998-10-28,1191.7432070045006
1998-10-29,1208.9909040179562
1998-10-30,1219.080097288759
1998-11-02,1231.054171348824
1998-11-03,1231.235712742164
1998-11-04,1231.9398548243714
1998-11-05,1245.7010790874137
1998-11-06,1256.1933542961795
1998-11-09,1248.371531269742
1998-11-10,1254.1440033756726
1998-11-11,1243.2606069936116
1998-11-12,1236.9803472059248
1998-11-13,1242.9767972938569
1998-11-16,1255.0003340944756
1998-11-17,1257.7911682343708
1998-11-18,1264.643141121208
1998-11-19,1273.870665004723
1998-11-20,1283.3253963075856
1998-11-23,1300.2634361835028
1998-11-24,1293.7586713538276
1998-11-25,1302.0690424653565
1998-11-27,1307.3066067141629
1998-11-30,1281.90908768365
1998-12-01,1292.6749900466623
1998-12-02,1294.6125582231714
1998-12-03,1281.306991815628
1998-12-04,1302.056353816295
1998-12-07,1314.3868114106333
1998-12-08,1311.3586822825755
1998-12-09,1313.9774815408323
1998-12-10,1296.9930281864054
1998-12-11,1302.1101319511506
1998-12-14,1266.2332140507751
1998-12-15,1287.0602191786484
1998-12-16,1290.3713524639907
1998-12-17,1310.175302025712
1998-12-18,1317.1168961536646
1998-12-21,1336.6026144654754
1998-12-22,1337.929658487781
1998-12-23,1363.9138325174597
1998-12-24,1362.9562684473383
1998-12-28,1370.518172784921
1998-12-29,1390.2515260380453
1998-12-30,1382.1095621201268
1998-12-31,1389.3284467886904
1999-01-04,1382.3457477502961
1999-01-05,1405.9097177143335
1999-01-06,1437.4323141115265
1999-01-07,1434.3378428943477
1999-01-08,1439.461995168216
1999-01-11,1428.4809554317646
1999-01-12,1401.6162534547614
1999-01-13,1405.0808860607576
1999-01-14,1384.4237284835037
1999-01-15,1415.4334552770044
1999-01-19,1441.3662333387913
1999-01-20,1450.8634533377478
1999-01-21,1418.2888917250973
1999-01-22,1413.3555304782647
1999-01-25,1415.7158864845794
1999-01-26,1445.297756319787
1999-01-27,1443.9536778157087
1999-01-28,1470.4050959394194
1999-01-29,1487.2355931917457
1999-02-01,1485.002537511079
1999-02-02,1470.076458457895
1999-02-03,1485.9851200972982
1999-02-04,1455.705203030113
1999-02-05,1435.6819195795904
1999-02-08,1443.288454488017
1999-02-09,1403.6301598397288
1999-02-10,1402.9231064537994
1999-02-11,1448.5828911111034
1999-02-12,1419.4618212422117
1999-02-16,1432.798036265443
1999-02-17,1403.5270878616013
1999-02-18,1417.909015685834
1999-02-19,1420.351446600834
1999-02-22,1461.4665176720127
1999-02-23,1464.5325016159643
1999-02-24,1449.2210144827347
1999-02-25,1435.8468539337405
1999-02-26,1428.3786662143496
1999-03-01,1424.7280297548916
1999-03-02,1411.6172945439703
1999-03-03,1413.30620711605
1999-03-04,1432.735876113431
1999-03-05,1463.9313351386782
1999-03-08,1477.4350262796265
1999-03-09,1474.1778860514999
1999-03-10,1473.0715513848868
1999-03-11,1485.3338872772335
1999-03-12,1477.830267208674
1999-03-15,1495.0427636598793
1999-03-16,1497.2802956597513
1999-03-17,1485.7851830167504
1999-03-18,1502.4960930292798
1999-03-19,1477.2523143812207
1999-03-22,1469.3089449129689
1999-03-23,1428.1287887479161
1999-03-24,1439.3023972064138
1999-03-25,1466.9649255015765
1999-03-26,1460.831908469612
1999-03-29,1491.2891961218172
1999-03-30,1488.1140294635618
1999-03-31,1474.6807523352888
1999-04-01,1486.734138968685
1999-04-05,1512.3386905254781
1999-04-06,1515.0909449137782
1999-04-07,1522.8903760217836
1999-04-08,1548.6211568992178
1999-04-09,1558.7598736130678
1999-04-12,1570.7596327070387
1999-04-13,1556.5332523965867
1999-04-14,1516.6449451065903
1999-04-15,1494.876535503401
1999-04-16,1482.5359638180819
1999-04-19,1418.412010613959
1999-04-20,1453.7562432705906
1999-04-21,1504.8880996704283
1999-04-22,1537.765940175135
1999-04-23,1540.4495118255766
1999-04-26,1547.6461694615043
1999-04-27,1544.5797577289466
1999-04-28,1515.9211104479607
1999-04-29,1496.8145565221707
1999-04-30,1492.1328175144997
1999-05-03,1508.0190966696518
1999-05-04,1484.6780573109945
1999-05-05,1505.7936834193868
1999-05-06,1487.0042613467836
1999-05-07,1500.0451477162442
1999-05-10,1495.3907551604416
1999-05-11,1519.7950816873795
1999-05-12,1536.5457388016143
1999-05-13,1541.6116033130083
1999-05-14,1508.11558175204
1999-05-17,1516.6321907959511
1999-05-18,1509.6122502374465
1999-05-19,1520.1349041697515
1999-05-20,1517.73739463492
1999-05-21,1502.4033846343139
1999-05-24,1472.7662089847074
1999-05-25,1446.2514563322093
1999-05-26,1463.0953690663582
1999-05-27,1445.6054134815265
1999-05-28,1473.6076797618123
1999-06-01,1461.1530968595387
1999-06-02,1465.9680272031785
1999-06-03,1472.0477596885676
1999-06-04,1511.0860013010438
1999-06-07,1514.2128938888995
1999-06-08,1495.5052943304559
1999-06-09,1501.1444811427805
1999-06-10,1480.047779700229
1999-06-11,1466.2780186869918
1999-06-14,1459.4567690926494
1999-06-15,1466.237829451692
1999-06-16,1505.6016693957547
1999-06-17,1516.5085864650375
1999-06-18,1521.6624873587402
1999-06-21,1537.635192943991
1999-06-22,1524.288250532391
1999-06-23,1520.6234203252434
1999-06-24,1504.9180053168752
1999-06-25,1505.1738280840104
1999-06-28,1527.9750536893027
1999-06-29,1555.9707515616349
1999-06-30,1585.3748039458965
1999-07-01,1594.684733381995
1999-07-02,1607.1187407248517
1999-07-06,1602.5353913031483
1999-07-07,1611.2666641834894
1999-07-08,1614.444419891237
1999-07-09,1621.583991022695
1999-07-12,1623.4033648556003
1999-07-13,1613.374316548699
1999-07-14,1622.5279199350612
1999-07-15,1638.0183686488251
1999-07-16,1646.6168641312063
1999-07-19,1634.3049889483275
1999-07-20,1591.320352757078
1999-07-21,1597.955622404229
1999-07-22,1567.430787233186
1999-07-23,1571.4997789599558
1999-07-26,1550.3607874190202
1999-07-27,1566.2441665340787
1999-07-28,1577.3180057998677
1999-07-29,1551.8390230175446
1999-07-30,1548.5369776778116
1999-08-02,1541.1759345358337
1999-08-03,1532.0408496361454
1999-08-04,1513.918936384516
1999-08-05,1529.5023083472856
1999-08-06,1520.8156464511042
1999-08-09,1514.6186247150852
1999-08-10,1496.286247533138
1999-08-11,1521.4548337452861
1999-08-12,1514.8287677198105
1999-08-13,1542.7742207107754
1999-08-16,1545.503426051935
1999-08-17,1560.2982531826347
1999-08-18,1547.1103807293982
1999-08-19,1532.719085331148
1999-08-20,1536.3925321996587
1999-08-23,1560.237282627775
1999-08-24,1559.373489818966
1999-08-25,1577.0280100031835
1999-08-26,1561.9980723906751
1999-08-27,1545.8257543234051
1999-08-30,1520.856480703191
1999-08-31,1522.6421328849087
1999-09-01,1534.0903422938766
1999-09-02,1522.7713061413983
1999-09-03,1564.0353950901977
1999-09-07,1572.9055531695244
1999-09-08,1568.9311390018474
1999-09-09,1583.0059280585638
1999-09-10,1585.4141392999284
1999-09-13,1572.4079539108966
1999-09-14,1571.299029990875
1999-09-15,1546.7818119381395
1999-09-16,1549.4461936028679
1999-09-17,1572.142539552445
1999-09-20,1568.8785076370023
1999-09-21,1538.476071398872
1999-09-22,1542.740209845195
1999-09-23,1504.4754328730785
1999-09-24,1500.4449220519741
1999-09-27,1516.4591210323924
1999-09-28,1511.036293941114
1999-09-29,1503.6998262619597
1999-09-30,1519.4068477856636
1999-10-01,1509.5666155811366
1999-10-04,1526.1326307099196
1999-10-05,1515.8586398491038
1999-10-06,1544.0074559649674
1999-10-07,1538.6391764273078
1999-10-08,1560.446392738014
1999-10-11,1565.4318139780014
1999-10-12,1534.079339641899
1999-10-13,1501.8609723846714
1999-10-14,1502.0058270327006
1999-10-15,1464.8658767509087
1999-10-18,1461.751968859874
1999-10-19,1462.5868424302882
1999-10-20,1494.721913070563
1999-10-21,1487.8790379588052
1999-10-22,1500.6347458157074
1999-10-25,1495.9430837459731
1999-10-26,1483.1867283278066
1999-10-27,1486.1814968016567
1999-10-28,1536.3316703590067
1999-10-29,1569.469865620385
1999-11-01,1559.3399447426286
1999-11-02,1553.213165000446
1999-11-03,1563.3437315147685
1999-11-04,1571.8203620365916
1999-11-05,1589.460943108283
1999-11-08,1599.1932877996464
1999-11-09,1586.7961292549005
1999-11-10,1599.368466335314
1999-11-11,1612.2384838159405
1999-11-12,1627.3095639304822
1999-11-15,1628.1198716517856
1999-11-16,1656.2021252964526
1999-11-17,1652.2653764450902
1999-11-18,1674.277417622686
1999-11-19,1670.0411013693936
1999-11-22,1670.8292933550752
1999-11-23,1651.7354150466497
1999-11-24,1671.2232092114486
1999-11-26,1682.1639854287216
1999-11-29,1679.383659741759
1999-11-30,1646.7950804491677
1999-12-01,1661.279804066449
1999-12-02,1678.1757569469987
1999-12-03,1707.3244586335895
1999-12-06,1708.130841589002
1999-12-07,1703.9444968043538
1999-12-08,1712.9683639531606
1999-12-09,1720.6291905846583
1999-12-10,1715.4200818700558
1999-12-13,1721.0714842629297
1999-12-14,1707.1274022087937
1999-12-15,1718.2994722004385
1999-12-16,1732.851687673651
1999-12-17,1741.6383435282032
1999-12-20,1737.7561633915632
1999-12-21,1762.7722221622048
1999-12-22,1761.7095657991788
1999-12-23,1788.7494808607823
1999-12-27,1771.6168610123261
1999-12-28,1781.5258862194567
1999-12-29,1790.7403410356944
1999-12-30,1781.6008078871623
1999-12-31,1796.695630845469
