date,equity
1950-01-03,1.00003598
1950-01-04,1.0000719612945606
1950-01-05,1.0062157467108332
1950-01-06,1.005589253178375
1950-01-07,1.0120192564987827
1950-01-09,1.011461253121041
1950-01-10,1.0110422627676205
1950-01-11,1.019455900167942
1950-01-12,0.9954946912666287
1950-01-13,0.9869496172329038
1950-01-14,0.9925223424956453
1950-01-16,0.9863286748241485
1950-01-17,0.9923583054512854
1950-01-18,0.9950871519748079
1950-01-19,0.9999246969654574
1950-01-20,0.9990940558568958
1950-01-21,0.9973171594732547
1950-01-23,0.9979247097846398
1950-01-24,1.0000533642165637
1950-01-25,0.9922611894947926
1950-01-26,0.9987379455564652
1950-01-27,1.0051436319636198
1950-01-28,1.011301583485659
1950-01-30,1.016113250822676
1950-01-31,1.0219632369692722
1950-02-01,1.0164721208075986
1950-02-02,1.0296055293688968
1950-02-03,1.035310547346991
1950-02-04,1.0402296939868927
1950-02-06,1.0404001405165626
1950-02-07,1.0292065077023196
1950-02-08,1.0308136589381474
1950-02-09,1.036188338071843
1950-02-10,1.0337797847918908
1950-02-11,1.0338451463564338
1950-02-14,1.0329083552650846
1950-02-15,1.0298812014283785
1950-02-16,1.027803746110432
1950-02-17,1.0307444994884134
1950-02-18,1.0359129092776505
1950-02-20,1.0365399420437176
1950-02-21,1.0328574319394286
1950-02-23,1.0370288985334364
1950-02-24,1.0428287271468715
1950-02-25,1.0474796625901197
1950-02-27,1.047054400090843
1950-02-28,1.0388571870746026
1950-03-01,1.0422954841932137
1950-03-02,1.0445001783917087
1950-03-03,1.0471852744358843
1950-03-04,1.050786438662771
1950-03-06,1.0473746773914803
1950-03-07,1.0357559863704155
1950-03-08,1.0315126380470432
1950-03-09,1.0244601571089462
1950-03-10,1.0216895868015123
1950-03-11,1.0257376474362077
1950-03-13,1.0244573240073767
1950-03-14,1.0298651713216889
1950-03-15,1.046949051746399
1950-03-16,1.0514686590919113
1950-03-17,1.0494848155625176
1950-03-18,1.0526158962253118
1950-03-20,1.0550015578812895
1950-03-21,1.0536268742080142
1950-03-22,1.0554963535177329
1950-03-23,1.0540182666672577
1950-03-24,1.0527451981433469
1950-03-25,1.0587353217232673
1950-03-27,1.0524931969172966
1950-03-28,1.0557576261949635
1950-03-29,1.0549236842894996
1950-03-30,1.046048662115588
1950-03-31,1.043295638575919
1950-04-01,1.0429135745062597
1950-04-03,1.0487051410568808
1950-04-04,1.0505304007809404
1950-04-05,1.0542850298091002
1950-04-06,1.067847401063662
1950-04-08,1.0683043888568833
1950-04-10,1.0697266699845591
1950-04-11,1.06721260944823
1950-04-12,1.0776235994664056
1950-04-13,1.0799398279112398
1950-04-14,1.0902141185573762
1950-04-15,1.0945557377910902
1950-04-17,1.090404508762969
1950-04-18,1.086205980525324
1950-04-19,1.082451713589792
1950-04-20,1.0799578223297033
1950-04-21,1.0896225930510723
1950-04-22,1.092015911871037
1950-04-24,1.0845535834513318
1950-04-25,1.081335261482774
1950-04-26,1.0842336399704038
1950-04-27,1.0906680724096443
1950-04-28,1.085026677786088
1950-04-29,1.0922876322341366
1950-05-01,1.094529873298835
1950-05-02,1.0920089040531729
1950-05-03,1.0980596199580275
1950-05-04,1.086032734967126
1950-05-05,1.088241590166672
1950-05-06,1.0911335151077812
1950-05-08,1.0945677213796068
1950-05-09,1.0982177722515571
1950-05-10,1.095845833582865
1950-05-11,1.0971194411586678
1950-05-12,1.096948068831935
1950-05-13,1.1058315135482992
1950-05-15,1.1019882157252243
1950-05-16,1.1103835726583577
1950-05-17,1.1160855244632972
1950-05-18,1.1182729182049496
1950-05-19,1.1275067315834413
1950-05-20,1.13151033009806
1950-05-22,1.1247548022879443
1950-05-23,1.1255505064832372
1950-05-24,1.1251097805465842
1950-05-25,1.1299413967559355
1950-05-26,1.1320141039388314
1950-05-27,1.1328373963573697
1950-05-29,1.145792971343078
1950-05-31,1.1473521952456949
1950-06-01,1.1430381849607547
1950-06-02,1.1457779261045695
1950-06-05,1.1308461135661345
1950-06-06,1.1410666553712765
1950-06-07,1.1453962267087716
1950-06-08,1.1518210883902427
1950-06-09,1.1611449796093987
1950-06-12,1.1664191855523316
1950-06-13,1.1615256922565471
1950-06-14,1.1502820410659635
1950-06-15,1.1471765324479168
1950-06-16,1.149470318042027
1950-06-19,1.1438099829383561
1950-06-20,1.143902192513056
1950-06-21,1.1560017576701573
1950-06-22,1.1709079899177044
1950-06-23,1.1735783518214256
1950-06-26,1.1077652902236512
1950-06-27,1.0780661851841995
1950-06-28,1.1041493614932145
1950-06-29,1.0544225436825962
1950-06-30,1.0631071619877357
1950-07-03,1.060783093232703
1950-07-05,1.0741806667692497
1950-07-06,1.086599954069687
1950-07-07,1.0683869891666968
1950-07-10,1.0596527029296414
1950-07-11,1.0355960890578122
1950-07-12,0.9976161452756833
1950-07-13,0.9889813015205563
1950-07-14,0.9994739245955896
1950-07-17,0.9870275975646936
1950-07-18,1.0098162868199492
1950-07-19,1.0305988888376303
1950-07-20,1.0427966239107944
1950-07-21,1.0452845484648652
1950-07-24,1.033220321191807
1950-07-25,1.0135600925621684
1950-07-26,1.0184110198603604
1950-07-27,1.0313936366188297
1950-07-28,1.0432195820191164
1950-07-31,1.0549157212722589
1950-08-01,1.0590899029213843
1950-08-02,1.0601767416449193
1950-08-03,1.0622704349742167
1950-08-04,1.06916528268824
1950-08-07,1.088424804428927
1950-08-08,1.0982219476988975
1950-08-09,1.106186546192021
1950-08-10,1.1128756249544403
1950-08-11,1.1017903740900423
1950-08-14,1.1027856427622247
1950-08-15,1.1100784327948214
1950-08-16,1.1136254125978486
1950-08-17,1.1263639768318503
1950-08-18,1.1286655207970069
1950-08-21,1.1272194029577256
1950-08-22,1.1237081320000692
1950-08-23,1.1316352279287705
1950-08-24,1.1304086433190095
1950-08-25,1.1166790246748697
1950-08-28,1.1178676372308063
1950-08-29,1.1217021007391863
1950-08-30,1.117625158803469
1950-08-31,1.1180247242238688
1950-09-01,1.127132395098372
1950-09-05,1.132481059770003
1950-09-06,1.119652031574121
1950-09-07,1.1213277700811959
1950-09-08,1.1289399179599109
1950-09-11,1.1177435045583881
1950-09-12,1.130696420275488
1950-09-13,1.1433176700235335
1950-09-14,1.1515505949297205
1950-09-15,1.1591109045236698
1950-09-18,1.1606317916840596
1950-09-19,1.1592164790558666
1950-09-20,1.1524399979547884
1950-09-21,1.1601162573562123
1950-09-22,1.1689766724577326
1950-09-25,1.1605675771907529
1950-09-26,1.144962058281309
1950-09-27,1.163772661445606
1950-09-28,1.1687266661442361
1950-09-29,1.171199676960826
1950-10-02,1.1861241092644668
1950-10-03,1.1849544218183103
1950-10-04,1.2057431475656117
1950-10-05,1.2033184020743994
1950-10-06,1.2108601602087894
1950-10-07,1.2136818309890312
1950-10-09,1.2022643707098415
1950-10-10,1.1886436791393038
1950-10-11,1.1959678789918147
1950-10-13,1.1984277671380923
1950-10-14,1.1907567394449041
1950-10-16,1.1885685549395406
1950-10-17,1.1995306900985079
1950-10-18,1.2112458138962006
1950-10-19,1.209368995367472
1950-10-20,1.2046450767965386
1950-10-21,1.2073589742150634
1950-10-23,1.2068465357277325
1950-10-24,1.2124927479189835
1950-10-25,1.2086119470478915
1950-10-26,1.1790011097171975
1950-10-27,1.1868587031926816
1950-10-28,1.1920465163540237
1950-10-30,1.1802004184793393
1950-10-31,1.171979281408687
1950-11-01,1.179668060075568
1950-11-02,1.1944559609755432
1950-11-03,1.1950785944089777
1950-11-04,1.1900843894904842
1950-11-06,1.1615061283213297
1950-11-08,1.186329345390151
1950-11-09,1.2083633389824096
1950-11-10,1.215705826444044
1950-11-13,1.2218354711630397
1950-11-14,1.222732340339091
1950-11-15,1.2192242909439297
1950-11-16,1.2165927247871946
1950-11-17,1.2306459781696706
1950-11-18,1.236013032380251
1950-11-20,1.2368981035038695
1950-11-21,1.2346836603170885
1950-11-22,1.251731005382996
1950-11-24,1.2619267750862406
1950-11-25,1.2599035206373381
1950-11-27,1.2565933012864303
1950-11-28,1.21709268915833
1950-11-29,1.2130796997560334
1950-11-30,1.2234451604615284
1950-12-01,1.2329880906224882
1950-12-02,1.2245306531402234
1950-12-04,1.1850128057221896
1950-12-05,1.2120999159121857
1950-12-06,1.2241584016132583
1950-12-07,1.2232162480006645
1950-12-08,1.2256253286498213
1950-12-09,1.2308326215984096
1950-12-11,1.2505692991986967
1950-12-12,1.2471277124591125
1950-12-13,1.243488525473372
1950-12-14,1.2281671758851307
1950-12-15,1.2273130913838366
1950-12-16,1.2559970009673285
1950-12-18,1.2715238684851125
1950-12-19,1.2788741868788298
1950-12-20,1.2802230400375043
1950-12-21,1.2749289900029868
1950-12-22,1.2823118640090287
1950-12-26,1.2713579820345557
1950-12-27,1.301356107696422
1950-12-28,1.3090308049697932
1950-12-29,1.3060998239723702
1950-12-30,1.3066233001400187
1951-01-02,1.32989575393509
1951-01-03,1.3242633438040028
1951-01-04,1.3367027039974895
1951-01-05,1.3372972582432607
1951-01-06,1.334797867044855
1951-01-08,1.3476002455560308
1951-01-09,1.3585590061622221
1951-01-10,1.3353528167006299
1951-01-11,1.3586270849490845
1951-01-12,1.3528951048478508
1951-01-13,1.355164904734056
1951-01-15,1.3661575222822422
1951-01-16,1.373387487779229
1951-01-17,1.3828884666416847
1951-01-18,1.379963977541502
1951-01-19,1.375460208383445
1951-01-20,1.376815581639742
1951-01-22,1.3607669842370944
1951-01-23,1.362216531042669
1951-01-24,1.3564519926880065
1951-01-25,1.342516703583265
1951-01-26,1.3599694370379356
1951-01-27,1.3768140201848245
1951-01-29,1.3868910626146163
1951-01-30,1.388861228228726
1951-01-31,1.3873628989437614
1951-02-01,1.395031358411132
1951-02-02,1.4095279385658956
1951-02-03,1.4142386395001103
1951-02-05,1.4203015429510648
1951-02-06,1.413543245798237
1951-02-07,1.4103233127485706
1951-02-08,1.419407482378356
1951-02-09,1.4277244948695353
1951-02-10,1.435725579096683
1951-02-13,1.4360017208008982
1951-02-14,1.4305413723937273
1951-02-15,1.4250936238353462
1951-02-16,1.4307155369927982
1951-02-17,1.4305814546883036
1951-02-19,1.4106285603157849
1951-02-20,1.4050691564878433
1951-02-21,1.411422309189259
1951-02-23,1.4166253391236412
1951-02-24,1.418724444652697
1951-02-26,1.4095371305937547
1951-02-27,1.39298211583972
1951-02-28,1.3953470076334964
1951-03-01,1.3992545829719214
1951-03-02,1.4032694602471516
1951-03-03,1.4024202473051686
1951-03-05,1.3908175571725687
1951-03-06,1.3857778137136052
1951-03-07,1.3900593730556146
1951-03-08,1.3913527882760126
1951-03-09,1.3917175444561027
1951-03-10,1.3896009898977548
1951-03-12,1.3730846911191839
1951-03-13,1.3445909948940753
1951-03-14,1.3332853906310558
1951-03-15,1.3313742291914643
1951-03-16,1.3577858108016925
1951-03-17,1.3620229394529204
1951-03-19,1.3506857164550887
1951-03-20,1.3466055282918017
1951-03-21,1.359387544233877
1951-03-22,1.3620301148688274
1951-03-24,1.3461187506937815
1951-03-26,1.3427049409042373
1951-03-27,1.3419432904987703
1951-03-28,1.3215055936617277
1951-03-29,1.322418786980543
1951-03-30,1.32834092196329
1951-03-31,1.323923990030365
1951-04-02,1.311641258942505
1951-04-03,1.3080676954498431
1951-04-04,1.3163098814730707
1951-04-05,1.340089840674528
1951-04-06,1.351103526836128
1951-04-07,1.351169891443719
1951-04-09,1.3514950422804013
1951-04-10,1.3475742121696066
1951-04-11,1.3399769590530544
1951-04-12,1.3532216713148602
1951-04-13,1.3715446189926195
1951-04-14,1.3789046372429468
1951-04-16,1.3736174104667433
1951-04-17,1.3747155127145958
1951-04-18,1.3783882994937566
1951-04-19,1.3700823227439294
1951-04-20,1.3685134853285255
1951-04-21,1.3677080392601748
1951-04-23,1.365717773297964
1951-04-24,1.356803001236997
1951-04-25,1.3591008717939221
1951-04-26,1.3702766580374033
1951-04-27,1.381939970951233
1951-04-28,1.38324075700991
1951-04-30,1.3788546541483448
1951-05-01,1.3808279512216763
1951-05-02,1.3863412534714818
1951-05-03,1.4005296126414764
1951-05-04,1.4051544181636801
1951-05-05,1.402389105650147
1951-05-07,1.3951741648008207
1951-05-08,1.3972027886309062
1951-05-09,1.4016891722635287
1951-05-10,1.391152384773663
1951-05-11,1.3852643098465398
1951-05-12,1.377952233960734
1951-05-14,1.3754884371328584
1951-05-15,1.3528847050211672
1951-05-16,1.3491457907844864
1951-05-17,1.3632617077451274
1951-05-18,1.3397677784120858
1951-05-19,1.3412634418776825
1951-05-21,1.331166181597251
1951-05-22,1.3237644953041767
1951-05-23,1.3162239171646264
1951-05-24,1.309657156285305
1951-05-25,1.3137022436052521
1951-05-26,1.3143726234063113
1951-05-28,1.3189160187705018
1951-05-29,1.3320067154716577
1951-05-31,1.3405130470919524
1951-06-01,1.3360389464324947
1951-06-04,1.3206228148880605
1951-06-05,1.321201888325491
1951-06-06,1.3381302864094236
1951-06-07,1.3472034562392508
1951-06-08,1.3444545877760115
1951-06-11,1.3527339222671424
1951-06-12,1.3446255256264121
1951-06-13,1.3440579254992016
1951-06-14,1.356998167820074
1951-06-15,1.3654262069709036
1951-06-18,1.3651806670615665
1951-06-19,1.3620759390510113
1951-06-20,1.357700057652892
1951-06-21,1.3482937383229077
1951-06-22,1.341107044406022
1951-06-25,1.3184215912357515
1951-06-26,1.3322051425209616
1951-06-27,1.3407388347241391
1951-06-28,1.3241177355697025
1951-06-29,1.317655732000603
1951-07-02,1.3215895023722044
1951-07-03,1.3334898942899354
1951-07-05,1.3556759242645107
1951-07-06,1.3548199626691377
1951-07-09,1.3548073505211704
1951-07-10,1.3449013586135845
1951-07-11,1.3519752591012109
1951-07-12,1.358800566249376
1951-07-13,1.3685872192321953
1951-07-16,1.3576025325060297
1951-07-17,1.3605812938923192
1951-07-18,1.362311236033962
1951-07-19,1.3660926009556484
1951-07-20,1.3707219060031957
1951-07-23,1.38237820091435
1951-07-24,1.3941634784974317
1951-07-25,1.3930761215143217
1951-07-26,1.4030633542828945
1951-07-27,1.4106758244718878
1951-07-30,1.4251461799284082
1951-07-31,1.4164555026793744
1951-08-01,1.4251092332024335
1951-08-02,1.4326626576943065
1951-08-03,1.4298394138697919
1951-08-06,1.4390035242546864
1951-08-07,1.4325566298081676
1951-08-08,1.4278698246219508
1951-08-09,1.4271178018441002
1951-08-10,1.4261870106687422
1951-08-13,1.4255416635832674
1951-08-14,1.4233680303909482
1951-08-15,1.4304822888897981
1951-08-16,1.4410883176504143
1951-08-17,1.4433236633502562
1951-08-20,1.4370867479824154
1951-08-21,1.4316423936641942
1951-08-22,1.4245086323239642
1951-08-23,1.429702109694294
1951-08-24,1.4316290015497066
1951-08-27,1.4323541113792861
1951-08-28,1.4330196131878534
1951-08-29,1.4438382521891184
1951-08-30,1.4539414717902233
1951-08-31,1.4579882688371812
1951-09-04,1.457170749734427
1951-09-05,1.4659666528929607
1951-09-06,1.4695748503827868
1951-09-07,1.474672835176622
1951-09-10,1.477084544472686
1951-09-11,1.4739060199990217
1951-09-12,1.4865651562476003
1951-09-13,1.4868758795852488
1951-09-14,1.4865195537554352
1951-09-17,1.4767752605057323
1951-09-18,1.4783095141625227
1951-09-19,1.479542700191185
1951-09-20,1.475910362789044
1951-09-21,1.465528741106194
1951-09-24,1.4585390002444447
1951-09-25,1.4583594917809877
1951-09-26,1.459705721565164
1951-09-27,1.4485272693398907
1951-09-28,1.4526207452546094
1951-10-01,1.4618681707197507
1951-10-02,1.469550802258076
1951-10-03,1.4750073850120176
1951-10-04,1.4820888520598465
1951-10-05,1.4805598835371876
1951-10-06,1.4798379890602082
1951-10-08,1.47900409878442
1951-10-09,1.4682008315147175
1951-10-10,1.4668591317809474
1951-10-11,1.4678173496903102
1951-10-13,1.4686317806392388
1951-10-15,1.475222830262912
1951-10-16,1.4665660643380718
1951-10-17,1.4657221492248615
1951-10-18,1.4666885906377098
1951-10-19,1.444325418850179
1951-10-20,1.4247664871763017
1951-10-22,1.3909561915500739
1951-10-23,1.400964554059476
1951-10-24,1.408601100275045
1951-10-25,1.3969791194509957
1951-10-26,1.382909293618045
1951-10-27,1.360820103245909
1951-10-29,1.3730584048106245
1951-10-30,1.3770120843654692
1951-10-31,1.391413518118077
1951-11-01,1.4035127862002867
1951-11-02,1.3961617633438201
1951-11-03,1.3798458148256898
1951-11-05,1.3855030310435046
1951-11-07,1.372004148450042
1951-11-08,1.3725823312230037
1951-11-09,1.3882954723258016
1951-11-10,1.3919956391976336
1951-11-13,1.3931660793399192
1951-11-14,1.3995954768726793
1951-11-15,1.404313503725268
1951-11-16,1.4028092482097363
1951-11-17,1.4034679685833078
1951-11-19,1.3957399966988422
1951-11-20,1.3921747437268321
1951-11-21,1.3938112531287032
1951-11-23,1.375509916224326
1951-11-24,1.3694538974192823
1951-11-26,1.3772609452470024
1951-11-27,1.3875794365303356
1951-11-28,1.3866223088148228
1951-11-29,1.3902741415925524
1951-11-30,1.403006717745002
1951-12-01,1.4071338295344207
1951-12-03,1.4100988611081446
1951-12-04,1.411994594055299
1951-12-05,1.4115309325499843
1951-12-06,1.4215786230263407
1951-12-07,1.4263777746626793
1951-12-08,1.4271180933648346
1951-12-10,1.4262339765346672
1951-12-11,1.419824786690773
1951-12-12,1.422125906085162
1951-12-13,1.421615563884621
1951-12-14,1.4242576791104966
1951-12-15,1.424102497326636
1951-12-17,1.4293787281458425
1951-12-18,1.4329794067328143
1951-12-19,1.433023997353247
1951-12-20,1.4328437069608968
1951-12-21,1.427337783805592
1951-12-22,1.4295241418191416
1951-12-24,1.4300814721077448
1951-12-26,1.4251472362971596
1951-12-27,1.430692987373472
1951-12-28,1.4429296363288933
1951-12-29,1.442647345488482
1951-12-31,1.445873971715341
1952-01-02,1.4461968399085003
1952-01-03,1.445641697190468
1952-01-04,1.4501498663364178
1952-01-05,1.4502407477014851
1952-01-07,1.4495902093127093
1952-01-08,1.4435054140068224
1952-01-09,1.440417249621499
1952-01-10,1.4480754591908707
1952-01-11,1.4515738807140337
1952-01-12,1.4581531923757594
1952-01-14,1.4580912336640899
1952-01-15,1.4561820741610163
1952-01-16,1.4609683256606245
1952-01-17,1.4639624348811102
1952-01-18,1.4679222786120776
1952-01-19,1.4773807968822847
1952-01-21,1.485695381316351
1952-01-22,1.4898107083884342
1952-01-23,1.484640479518347
1952-01-24,1.4863380231889018
1952-01-25,1.4899829332231915
1952-01-26,1.4924936856640094
1952-01-28,1.4903058928132988
1952-01-29,1.4903425885338286
1952-01-30,1.4797022168574825
1952-01-31,1.465701501976373
1952-02-01,1.4749467685489432
1952-02-02,1.4798528244592148
1952-02-04,1.4627068370368368
1952-02-05,1.457890218947948
1952-02-06,1.4635332347475118
1952-02-07,1.4632968031826175
1952-02-08,1.4682548888366642
1952-02-09,1.4688486765452238
1952-02-11,1.4660726351132012
1952-02-13,1.456609250193222
1952-02-14,1.4508704990119283
1952-02-15,1.4535076617187621
1952-02-16,1.4528326733750176
1952-02-18,1.4453449141277919
1952-02-19,1.4245975484416282
1952-02-20,1.4108542312095655
1952-02-21,1.4184028912915403
1952-02-23,1.4273493206005499
1952-02-25,1.424366639221991
1952-02-26,1.412086575189653
1952-02-27,1.4160722749626626
1952-02-28,1.4279080974009377
1952-02-29,1.4296461073960711
1952-03-01,1.4303120867010535
1952-03-03,1.432637524549655
1952-03-04,1.4460559806983353
1952-03-05,1.4533190197666008
1952-03-06,1.4552429407324647
1952-03-07,1.4592876171185232
1952-03-08,1.4644512504698661
1952-03-10,1.46108461040606
1952-03-11,1.4666185946281967
1952-03-12,1.4624066559101359
1952-03-13,1.463796713281964
1952-03-14,1.4678702535666162
1952-03-15,1.4715024937107382
1952-03-17,1.4741833055171205
1952-03-18,1.4686512239348004
1952-03-19,1.4642735761995276
1952-03-20,1.4662577581976415
1952-03-21,1.4706851910301872
1952-03-22,1.4693273327062022
1952-03-24,1.4681665665007884
1952-03-25,1.4640113428552262
1952-03-26,1.4606980493286341
1952-03-27,1.466393508108221
1952-03-28,1.4703428680083752
1952-03-29,1.4727960376386493
1952-03-31,1.4755590029158743
1952-04-01,1.462824665194224
1952-04-02,1.4667194943130335
1952-04-03,1.47056772443804
1952-04-04,1.4640282509047862
1952-04-05,1.4630341384011407
1952-04-07,1.4493370888783592
1952-04-08,1.45655353665669
1952-04-09,1.4550940397958199
1952-04-10,1.4611950428523934
1952-04-12,1.461428517692443
1952-04-14,1.4467267179189656
1952-04-15,1.4326454925248542
1952-04-16,1.4300608538167983
1952-04-17,1.4180602402205549
1952-04-18,1.4229496751059236
1952-04-19,1.422731852524163
1952-04-21,1.4325904452041587
1952-04-22,1.4237888845319218
1952-04-23,1.4154868354991719
1952-04-24,1.4077627117033888
1952-04-25,1.416918936056682
1952-04-26,1.4216700687298753
1952-04-28,1.422111291330933
1952-04-29,1.415355565973117
1952-04-30,1.4068785137127022
1952-05-01,1.3940253789090276
1952-05-02,1.4150505156847908
1952-05-03,1.42069203665318
1952-05-05,1.423447303905264
1952-05-06,1.4262169719914293
1952-05-07,1.4341798319400698
1952-05-08,1.4401374562522677
1952-05-09,1.4405406653130457
1952-05-10,1.4389098053183842
1952-05-12,1.4376932319265971
1952-05-13,1.437445193733917
1952-05-14,1.4338833602089134
1952-05-15,1.4262885699374803
1952-05-16,1.427302631939768
1952-05-17,1.4271916290721216
1952-05-19,1.428428428397168
1952-05-20,1.434763222621313
1952-05-21,1.4380330301999202
1952-05-22,1.442549525822391
1952-05-23,1.4448163281099982
1952-05-24,1.4446213238033148
1952-05-26,1.449968709216087
1952-05-27,1.445406509099958
1952-05-28,1.4453022005159146
1952-05-29,1.4475525657297996
1952-06-02,1.4472304073399707
1952-06-03,1.4422399939251265
1952-06-04,1.4519416479288354
1952-06-05,1.4571558666665387
1952-06-06,1.4652173066309644
1952-06-09,1.4687812155636053
1952-06-10,1.4653543112764165
1952-06-11,1.473544969686223
1952-06-12,1.4775574517396388
1952-06-13,1.4810398424269426
1952-06-16,1.4802332189528022
1952-06-17,1.4815367338554246
1952-06-18,1.485705159133471
1952-06-19,1.4901882220448588
1952-06-20,1.492781750454719
1952-06-23,1.4936706513611204
1952-06-24,1.4878498954652992
1952-06-25,1.4900087139996538
1952-06-26,1.4925244443060424
1952-06-27,1.4976381454647272
1952-06-30,1.4994760164362995
1952-07-01,1.504700772886461
1952-07-02,1.5058695250780507
1952-07-03,1.509261756887628
1952-07-07,1.5041115305644865
1952-07-08,1.5008503867057479
1952-07-09,1.4994033488984302
1952-07-10,1.4997143776412358
1952-07-11,1.5055146787130924
1952-07-14,1.50701417473557
1952-07-15,1.5095406429017195
1952-07-16,1.5047966324223794
1952-07-17,1.498815452700293
1952-07-18,1.4913658986464047
1952-07-21,1.4972997790809268
1952-07-22,1.4985587322718386
1952-07-23,1.5103128884771533
1952-07-24,1.5160433961423825
1952-07-25,1.5129994786188918
1952-07-28,1.5135304824329927
1952-07-29,1.5160814089833745
1952-07-30,1.5234034859958632
1952-07-31,1.53105212629354
1952-08-01,1.5324648984816411
1952-08-04,1.5351817686075522
1952-08-05,1.5357941945717386
1952-08-06,1.5531155938411703
1952-08-07,1.5540524691407174
1952-08-08,1.5555536343796015
1952-08-11,1.5535981766202014
1952-08-12,1.5445561472777491
1952-08-13,1.5445438994838125
1952-08-14,1.5471443537839311
1952-08-15,1.5434707375284134
1952-08-18,1.5276564774838641
1952-08-19,1.5237072077813996
1952-08-20,1.5285826839413112
1952-08-21,1.525418583355526
1952-08-22,1.5276741658215216
1952-08-25,1.5234334592033187
1952-08-26,1.5250844966884973
1952-08-27,1.543032821555972
1952-08-28,1.5451845900688035
1952-08-29,1.5534045329532193
1952-09-02,1.558486092657485
1952-09-03,1.565203341338035
1952-09-04,1.556440032424178
1952-09-05,1.5509026876937955
1952-09-08,1.5445049534855981
1952-09-09,1.5228397446688877
1952-09-10,1.517449930466244
1952-09-11,1.5225766476314613
1952-09-12,1.5196806069805386
1952-09-15,1.5124716152675235
1952-09-16,1.5241874050889774
1952-09-17,1.5260979246989974
1952-09-18,1.525283397096076
1952-09-19,1.5300606653783848
1952-09-22,1.533069347137298
1952-09-23,1.540928996535835
1952-09-24,1.5488252935637177
1952-09-25,1.5509966281904874
1952-09-26,1.5502684379993326
1952-09-29,1.5471735183805384
1952-09-30,1.5389381502630592
1952-10-01,1.5334954538705188
1952-10-02,1.5387205881896626
1952-10-03,1.5331573736746336
1952-10-06,1.5302617971911738
1952-10-07,1.5307249522782165
1952-10-08,1.5362611839835707
1952-10-09,1.5373102385574589
1952-10-10,1.5404260007427668
1952-10-14,1.5365685564692328
1952-10-15,1.5067262705217517
1952-10-16,1.499193228581644
1952-10-17,1.5125283082944
1952-10-20,1.5103164481442655
1952-10-21,1.5030215488413747
1952-10-22,1.4898662763148274
1952-10-23,1.4930129437151787
1952-10-24,1.5015329733276523
1952-10-27,1.500222493535679
1952-10-28,1.5029937899401005
1952-10-29,1.5077848406457193
1952-10-30,1.5065714320662134
1952-10-31,1.5184407026836753
1952-11-03,1.5234616563872023
1952-11-05,1.531215543529904
1952-11-06,1.5409716325947311
1952-11-07,1.558124493359802
1952-11-10,1.5598519147320424
1952-11-12,1.5578778964430853
1952-11-13,1.5612315423398937
1952-11-14,1.5704739860374588
1952-11-17,1.5757390547347956
1952-11-18,1.594172435946455
1952-11-19,1.5991166341292569
1952-11-20,1.5946198091826613
1952-11-21,1.5928760517103324
1952-11-24,1.6007703856516105
1952-11-25,1.5960584429646192
1952-11-26,1.6136584242244392
1952-11-28,1.617378501474924
1952-12-01,1.6284725487238636
1952-12-02,1.6227569036498772
1952-12-03,1.6227129924278603
1952-12-04,1.6192711064979879
1952-12-05,1.6129916375198303
1952-12-08,1.616837051750147
1952-12-09,1.6194916544330527
1952-12-10,1.6245933289460925
1952-12-11,1.6227687053199233
1952-12-12,1.6285291758611553
1952-12-15,1.6279707917415152
1952-12-16,1.625166048798263
1952-12-17,1.6271844288348345
1952-12-18,1.6242926705664242
1952-12-19,1.6236337011541504
1952-12-22,1.635057978410193
1952-12-23,1.628908217142829
1952-12-24,1.6309775380294043
1952-12-26,1.6401177594411664
1952-12-29,1.657760372712863
1952-12-30,1.6761984368504639
1952-12-31,1.6853756642510485
1953-01-02,1.6815155913999418
1953-01-05,1.690688622335406
1953-01-06,1.6870627371681002
1953-01-07,1.6852858750525426
1953-01-08,1.697899805562311
1953-01-09,1.6858098599524904
1953-01-12,1.6705080680229552
1953-01-13,1.6765736225897105
1953-01-14,1.6806462861666438
1953-01-15,1.6829324276812605
1953-01-16,1.675081390385875
1953-01-19,1.677561569045028
1953-01-20,1.6873110772160353
1953-01-21,1.6816471502308423
1953-01-22,1.6833023225696617
1953-01-23,1.6813972876806549
1953-01-26,1.6768728925434389
1953-01-27,1.679973561663704
1953-01-28,1.6842639459805422
1953-01-29,1.6841438776575015
1953-01-30,1.6953686347016994
1953-02-02,1.692277786105675
1953-02-03,1.6878874585016157
1953-02-04,1.684237402069483
1953-02-05,1.6687462470208658
1953-02-06,1.6565771403440692
1953-02-09,1.6553169658259597
1953-02-10,1.6487496363141583
1953-02-11,1.6423739669811384
1953-02-13,1.6412805099548393
1953-02-16,1.6446095632726976
1953-02-17,1.6376636247180156
1953-02-18,1.6445390377032176
1953-02-19,1.6544194509470034
1953-02-20,1.6532586468217416
1953-02-24,1.6737884947625232
1953-02-25,1.6803230375178428
1953-02-26,1.6824568537089433
1953-02-27,1.6895760682339593
1953-03-02,1.6955049539500857
1953-03-03,1.699850532569518
1953-03-04,1.6835841807751561
1953-03-05,1.6817882638792054
1953-03-06,1.6808720373125579
1953-03-09,1.6840410876186924
1953-03-10,1.684172877100298
1953-03-11,1.6981756722164925
1953-03-12,1.6968294203385403
1953-03-13,1.7057112034041444
1953-03-16,1.710428964681419
1953-03-17,1.7157254422402768
1953-03-18,1.7207760026832881
1953-03-19,1.7319780076653586
1953-03-20,1.7317269124255539
1953-03-23,1.7233696732246861
1953-03-24,1.7306692836746524
1953-03-25,1.7279248232416289
1953-03-26,1.7239771699929995
1953-03-27,1.7287842461164276
1953-03-30,1.6902498704100768
1953-03-31,1.6679956649029934
1953-04-01,1.6701626267060066
1953-04-02,1.6700934359512527
1953-04-06,1.6248690143919393
1953-04-07,1.6402327771500678
1953-04-08,1.6686955677548108
1953-04-09,1.6650774621308375
1953-04-10,1.6618291157467613
1953-04-13,1.6604070121078738
1953-04-14,1.6734223138823372
1953-04-15,1.6793743133008732
1953-04-16,1.673533310196047
1953-04-17,1.643997243565682
1953-04-20,1.6415176497038246
1953-04-21,1.644055177990317
1953-04-22,1.6368461010396649
1953-04-23,1.6143965885263702
1953-04-24,1.616797891337583
1953-04-27,1.6271706756087252
1953-04-28,1.6351930389427638
1953-04-29,1.6418117261857248
1953-04-30,1.6415476141978889
1953-05-01,1.6493228052018458
1953-05-04,1.6677150743049378
1953-05-05,1.673786416713833
1953-05-06,1.6830901587672968
1953-05-07,1.6763146033837264
1953-05-08,1.676991105407268
1953-05-11,1.6844854264368296
1953-05-12,1.6705875281958038
1953-05-13,1.665625994208623
1953-05-14,1.6769646456266398
1953-05-15,1.6857589521540253
1953-05-18,1.6841793110009011
1953-05-19,1.6849668824159911
1953-05-20,1.7065120799524096
1953-05-21,1.7059888489248314
1953-05-22,1.7035183331539816
1953-05-25,1.7001047252667731
1953-05-26,1.6995449981683421
1953-05-27,1.6863034960825487
1953-05-28,1.6725491559699113
1953-05-29,1.6758994745349898
1953-06-01,1.6428340077964372
1953-06-02,1.6471124506944221
1953-06-03,1.6467401957241736
1953-06-04,1.630158952324605
1953-06-05,1.6339859444937817
1953-06-08,1.6304398827554767
1953-06-09,1.5869031699057166
1953-06-10,1.586199146022023
1953-06-11,1.6019976193097312
1953-06-12,1.6078696731867652
1953-06-15,1.5959863945965937
1953-06-16,1.5837368083431684
1953-06-17,1.6055391516601982
1953-06-18,1.6094647284949393
1953-06-19,1.6118998182175543
1953-06-22,1.6192042133496907
1953-06-23,1.629222073651546
1953-06-24,1.6289425191920184
1953-06-25,1.6353064824298145
1953-06-26,1.635565070795809
1953-06-29,1.6354430623995833
1953-06-30,1.628826269635634
1953-07-01,1.6386172485808572
1953-07-02,1.6411173497001306
1953-07-03,1.6431441007005316
1953-07-06,1.6481250909874716
1953-07-07,1.6516348161113683
1953-07-08,1.6408211245586597
1953-07-09,1.638999829166282
1953-07-10,1.6362952493898133
1953-07-13,1.6230523255338505
1953-07-14,1.6142289716730558
1953-07-15,1.618058504859429
1953-07-16,1.626001640717005
1953-07-17,1.6347822576043238
1953-07-20,1.6324069036562503
1953-07-21,1.626810138377414
1953-07-22,1.6325572762163698
1953-07-23,1.64697979781679
1953-07-24,1.6459860787969454
1953-07-27,1.6368199010338869
1953-07-28,1.6317081891314238
1953-07-29,1.6399049691630543
1953-07-30,1.6508200226347114
1953-07-31,1.6655399772621093
1953-08-03,1.667787322963705
1953-08-04,1.671723077584692
1953-08-05,1.6793290423170226
1953-08-06,1.678458569965592
1953-08-07,1.6825439987412656
1953-08-10,1.6792232906687063
1953-08-11,1.6800626190687102
1953-08-12,1.6880087080729287
1953-08-13,1.6873961008559568
1953-08-14,1.682709479135066
1953-08-17,1.6795254428074389
1953-08-18,1.677280460045678
1953-08-19,1.6597897630504512
1953-08-20,1.6619381944605565
1953-08-21,1.6646376070796964
1953-08-24,1.647247334831749
1953-08-25,1.637677164390388
1953-08-26,1.6380318351163208
1953-08-27,1.6332967932399476
1953-08-28,1.6283778420330297
1953-08-31,1.5868836149265049
1953-09-01,1.5877651513466717
1953-09-02,1.5965958163375527
1953-09-03,1.5913139999121184
1953-09-04,1.6072855300770246
1953-09-08,1.6124616675207804
1953-09-09,1.612471417668622
1953-09-10,1.5977867323476047
1953-09-11,1.5761213229886673
1953-09-14,1.5411001976974104
1953-09-15,1.5340232540329197
1953-09-16,1.5654909683539395
1953-09-17,1.5670888379144723
1953-09-18,1.545841036281741
1953-09-21,1.5442394530749695
1953-09-22,1.5657850046992685
1953-09-23,1.5778610734596152
1953-09-24,1.5798750834769237
1953-09-25,1.5919140167699095
1953-09-28,1.601392482298591
1953-09-29,1.604788678902335
1953-09-30,1.5933169888733716
1953-10-01,1.6010593247872724
1953-10-02,1.6133501568744437
1953-10-05,1.6052076730581053
1953-10-06,1.5946019169384147
1953-10-07,1.6068637695491632
1953-10-08,1.611931378362702
1953-10-09,1.618476363199194
1953-10-13,1.615250607063612
1953-10-14,1.627991615376531
1953-10-15,1.6446170249498488
1953-10-16,1.6527786853271964
1953-10-19,1.6564354378398725
1953-10-20,1.6548318475061483
1953-10-21,1.6521105394004112
1953-10-22,1.6672650363609796
1953-10-23,1.6694175776176112
1953-10-26,1.666549737657908
1953-10-27,1.6595981586577788
1953-10-28,1.662993595274518
1953-10-29,1.6767801395854858
1953-10-30,1.6740630476191567
1953-11-02,1.6685739448225736
1953-11-04,1.670363165522146
1953-11-05,1.6793079943502887
1953-11-06,1.6785375453689868
1953-11-09,1.6749092996132364
1953-11-10,1.6642798436882293
1953-11-12,1.6711863727387328
1953-11-13,1.6797653471620466
1953-11-16,1.6704536179341214
1953-11-17,1.663435378864781
1953-11-18,1.666003864436333
1953-11-19,1.6760905958409307
1953-11-20,1.6787706374062916
1953-11-23,1.6709328896381654
1953-11-24,1.6746600415422517
1953-11-25,1.6910251215422183
1953-11-27,1.703845778461686
1953-11-30,1.6995846524242886
1953-12-01,1.6927194527834843
1953-12-02,1.6898684603831706
1953-12-03,1.6970256298899735
1953-12-04,1.7027920315698095
1953-12-07,1.700482657227445
1953-12-08,1.6984024333266432
1953-12-09,1.6852912786560919
1953-12-10,1.6900663415864723
1953-12-11,1.6966998136637301
1953-12-14,1.6934452832479194
1953-12-15,1.6988608303420114
1953-12-16,1.707456918554793
1953-12-17,1.6982091532765293
1953-12-18,1.711040756370922
1953-12-21,1.7173833187519274
1953-12-22,1.7021617620401208
1953-12-23,1.7047066104637187
1953-12-24,1.712748679136827
1953-12-28,1.704965216357876
1953-12-29,1.6880943091319656
1953-12-30,1.6956033849713217
1953-12-31,1.7026217677740385
1954-01-04,1.709981306836159
1954-01-05,1.722458407939247
1954-01-06,1.7193032647142175
1954-01-07,1.7194662838522703
1954-01-08,1.7156500831423507
1954-01-11,1.7058634389096836
1954-01-12,1.70755342643817
1954-01-13,1.7140610935571814
1954-01-14,1.7216960248090043
1954-01-15,1.7490420160588123
1954-01-18,1.7468512501108486
1954-01-19,1.7538069566791212
1954-01-20,1.7559288264990962
1954-01-21,1.7617592409356722
1954-01-22,1.7657257777360487
1954-01-25,1.776902649101786
1954-01-26,1.790459527746254
1954-01-27,1.7804734939881264
1954-01-28,1.777462774588752
1954-01-29,1.7824173100057572
1954-02-01,1.7852606257334667
1954-02-02,1.7830209612980104
1954-02-03,1.7912068738599884
1954-02-04,1.7971409739932618
1954-02-05,1.7976728332965435
1954-02-08,1.798489159633783
1954-02-09,1.800490522497093
1954-02-10,1.7974928051435155
1954-02-11,1.7944720516695398
1954-02-12,1.7980874852230602
1954-02-15,1.7781132472290604
1954-02-16,1.7741590594502155
1954-02-17,1.783267312585611
1954-02-18,1.7907878496173808
1954-02-19,1.7921185495881196
1954-02-23,1.79041058845961
1954-02-24,1.7810247647048913
1954-02-25,1.7895681815446167
1954-02-26,1.80668315753648
1954-03-01,1.8154480374565987
1954-03-02,1.8159242509637676
1954-03-03,1.8215611979882413
1954-03-04,1.8213275419293098
1954-03-05,1.8283976835399256
1954-03-08,1.8261591475174994
1954-03-09,1.8293892830553762
1954-03-10,1.8275149582464547
1954-03-11,1.837229365626768
1954-03-12,1.8369877526425882
1954-03-15,1.8387900169157871
1954-03-16,1.8438124120106008
1954-03-17,1.8442037790141739
1954-03-18,1.8465489391072347
1954-03-19,1.85974682753125
1954-03-22,1.8683838267638253
1954-03-23,1.8538464293930972
1954-03-24,1.8460995774889102
1954-03-25,1.842593162649777
1954-03-26,1.8550076940636717
1954-03-29,1.86514140533769
1954-03-30,1.876127274892608
1954-03-31,1.899673980522281
1954-04-01,1.9127716429907229
1954-04-02,1.9046879961836747
1954-04-05,1.912205196412789
1954-04-06,1.893492348932928
1954-04-07,1.9077685813649639
1954-04-08,1.9236876713893822
1954-04-09,1.9224883463834146
1954-04-12,1.9222896082335954
1954-04-13,1.9229483778064442
1954-04-14,1.944794966768539
1954-04-15,1.958675693923111
1954-04-19,1.9470813511759404
1954-04-20,1.9533149592655044
1954-04-21,1.9602393893003816
1954-04-22,1.9774393142005546
1954-04-23,1.9818696000576743
1954-04-26,1.9899667247068231
1954-04-27,1.9897426295994953
1954-04-28,1.988758108479822
1954-04-29,2.017552599795716
1954-04-30,2.021995722960635
1954-05-03,2.0191559005364006
1954-05-04,2.014070499911554
1954-05-05,2.0071240781993986
1954-05-06,2.023806257087555
1954-05-07,2.0306301937578226
1954-05-10,2.026752576637994
1954-05-11,2.0264765730422094
1954-05-12,2.0387589295366726
1954-05-13,2.0303143628875837
1954-05-14,2.032920567347999
1954-05-17,2.0460218349395243
1954-05-18,2.0496141001847477
1954-05-19,2.0448994837146626
1954-05-20,2.0517784991934453
1954-05-21,2.0690071255942146
1954-05-24,2.0689013280932524
1954-05-25,2.061227558359993
1954-05-26,2.071513810240836
1954-05-27,2.06817263847398
1954-05-28,2.0799139106265416
1954-06-01,2.088232691565739
1954-06-02,2.089580398691455
1954-06-03,2.090542701105879
1954-06-04,2.0834927778053705
1954-06-07,2.0713600937222747
1954-06-08,2.025831779422533
1954-06-09,2.0234041256523088
1954-06-10,2.0349009190499565
1954-06-11,2.0516767822036472
1954-06-14,2.057582173142091
1954-06-15,2.0785187680519175
1954-06-16,2.102127128681645
1954-06-17,2.0978598625004965
1954-06-18,2.0989287352860595
1954-06-21,2.113559627448809
1954-06-22,2.1261104539006186
1954-06-23,2.134729689898702
1954-06-24,2.155401725011739
1954-06-25,2.1630685473946594
1954-06-28,2.179353898273945
1954-06-29,2.194320074818081
1954-06-30,2.1803125716405716
1954-07-01,2.1791959648478354
1954-07-02,2.189873849606782
1954-07-06,2.220844797998184
1954-07-07,2.2171140827022224
1954-07-08,2.20791038745655
1954-07-09,2.2151479022779528
1954-07-12,2.218095345097592
1954-07-13,2.2109963680136997
1954-07-14,2.2112566872007275
1954-07-15,2.2295609302012136
1954-07-16,2.231023734279215
1954-07-19,2.2342823314844984
1954-07-20,2.2341288512062256
1954-07-21,2.22705652773647
1954-07-22,2.241246427805098
1954-07-23,2.236806961593802
1954-07-26,2.2442857430676466
1954-07-27,2.2526674387802865
1954-07-28,2.249876653258212
1954-07-29,2.2640262943199008
1954-07-30,2.2816637592672806
1954-08-02,2.295079149360453
1954-08-03,2.319793446997208
1954-08-04,2.3343864267457124
1954-08-05,2.3328196451370413
1954-08-06,2.3030865344998723
1954-08-09,2.3015283048189197
1954-08-10,2.3270594786633754
1954-08-11,2.3380277367052886
1954-08-12,2.3261237857953083
1954-08-13,2.3208307742736953
1954-08-16,2.3283397841036475
1954-08-17,2.3118920003398293
1954-08-18,2.3153873715717794
1954-08-19,2.3263844424095814
1954-08-20,2.3285672032351643
1954-08-23,2.3200771343909734
1954-08-24,2.3077948148022287
1954-08-25,2.2939631624451438
1954-08-26,2.285047373441691
1954-08-27,2.291008451028753
1954-08-30,2.257867106643037
1954-08-31,2.226303997168056
1954-09-01,2.2504055617676344
1954-09-02,2.260858432643588
1954-09-03,2.27318975667342
1954-09-07,2.299383071318676
1954-09-08,2.304055047372391
1954-09-09,2.3067751955469182
1954-09-10,2.3051639585128023
1954-09-13,2.31230361070221
1954-09-14,2.3191607476929903
1954-09-15,2.3118012500573926
1954-09-16,2.3108551247381524
1954-09-17,2.324180924322157
1954-09-20,2.3194114419362126
1954-09-21,2.3324180343658494
1954-09-22,2.33963110706021
1954-09-23,2.3319920654028006
1954-09-24,2.3386971762498865
1954-09-27,2.345091340660539
1954-09-28,2.3362719090404513
1954-09-29,2.3314646248666078
1954-09-30,2.3248155620277338
1954-10-01,2.328275298188469
1954-10-04,2.3392905330297604
1954-10-05,2.348632631707663
1954-10-06,2.351905276293435
1954-10-07,2.346746095041258
1954-10-08,2.3447470873586163
1954-10-11,2.3297392118391285
1954-10-12,2.316125087474046
1954-10-13,2.307429705697722
1954-10-14,2.2773093153213657
1954-10-15,2.2784858055303268
1954-10-18,2.28906881973329
1954-10-19,2.3027779457520468
1954-10-20,2.317175658094524
1954-10-21,2.3307966488141827
1954-10-22,2.343280546281843
1954-10-25,2.3262091428276332
1954-10-26,2.3179912126360946
1954-10-27,2.325034313072312
1954-10-28,2.324721510830546
1954-10-29,2.3027197489924456
1954-11-01,2.3164512179998336
1954-11-03,2.364704659079513
1954-11-04,2.4035940433506267
1954-11-05,2.405033028990907
1954-11-08,2.441178097558582
1954-11-09,2.4418692333581458
1954-11-10,2.4476438741702995
1954-11-11,2.4522021921946813
1954-11-12,2.4603868912378792
1954-11-15,2.455676747334777
1954-11-16,2.5086109676724586
1954-11-17,2.509730010796284
1954-11-18,2.4881473015491777
1954-11-19,2.4957656470232488
1954-11-22,2.516054871274698
1954-11-23,2.5374821834678274
1954-11-24,2.553508454680153
1954-11-26,2.537864153024784
1954-11-29,2.538899574391503
1954-11-30,2.535868304022063
1954-12-01,2.5395842721860236
1954-12-02,2.5632502688625594
1954-12-03,2.5790119821798023
1954-12-06,2.5968639559310778
1954-12-07,2.5987420804387096
1954-12-08,2.5940849356763356
1954-12-09,2.5716094310319297
1954-12-10,2.5672975654876473
1954-12-13,2.5590240881067996
1954-12-14,2.542476470636237
1954-12-15,2.5455280968613683
1954-12-16,2.587416904215177
1954-12-17,2.6221447043323187
1954-12-20,2.665967667434952
1954-12-21,2.6746609434478033
1954-12-22,2.6738723460472174
1954-12-23,2.693701547107247
1954-12-27,2.6714656013961826
1954-12-28,2.7047405186221596
1954-12-29,2.7252635574537623
1954-12-30,2.7414227358269816
1954-12-31,2.7612075788668906
1955-01-03,2.7691679369804816
1955-01-04,2.772669178023743
1955-01-05,2.6987167664978395
1955-01-06,2.6547631312186724
1955-01-07,2.7110295569052187
1955-01-10,2.772383940458131
1955-01-11,2.7768136978407063
1955-01-12,2.7754607807607368
1955-01-13,2.748441647068183
1955-01-14,2.7343373751060605
1955-01-17,2.673662882757183
1955-01-18,2.7071121042334405
1955-01-19,2.7220599898793694
1955-01-20,2.7321981035603344
1955-01-21,2.76334942948297
1955-01-24,2.7810178269782453
1955-01-25,2.789442569006959
1955-01-26,2.8136650323683603
1955-01-27,2.8169600258954635
1955-01-28,2.8403314397465738
1955-01-31,2.8556638621607076
1955-02-01,2.868610976867685
1955-02-02,2.8689607994932333
1955-02-03,2.8707889754528435
1955-02-04,2.89351020188763
1955-02-07,2.890876684648448
1955-02-08,2.854446965654782
1955-02-09,2.8959668985361087
1955-02-10,2.918087050870632
1955-02-11,2.9245232879857013
1955-02-14,2.926895828929561
1955-02-15,2.9543331677476203
1955-02-16,2.950189359569284
1955-02-17,2.952116872671446
1955-02-18,2.9653684811206342
1955-02-21,2.96692236502062
1955-02-23,2.9744971784776215
1955-02-24,2.9591014097745334
1955-02-25,2.9555594929041864
1955-02-28,2.970152622742999
1955-03-01,2.971518069716285
1955-03-02,2.989469617657891
1955-03-03,3.0047536847288803
1955-03-04,3.0232154297790808
1955-03-07,3.009082240252622
1955-03-08,2.9358501418545093
1955-03-09,2.896534079446772
1955-03-10,2.936874366841835
1955-03-11,2.887039891327096
1955-03-14,2.8019706634849086
1955-03-15,2.877351228642136
1955-03-16,2.92525039350273
1955-03-17,2.935121882758424
1955-03-18,2.928698452149799
1955-03-21,2.9000627884412182
1955-03-22,2.9209546389601253
1955-03-23,2.968136851087813
1955-03-24,3.007345967947018
1955-03-25,3.020189686307539
1955-03-28,3.0030504317654643
1955-03-29,3.0095044889903804
1955-03-30,2.9702058192631435
1955-03-31,2.989301782041222
1955-04-01,3.0074024961485746
1955-04-04,3.000293377636268
1955-04-05,3.0057426743220894
1955-04-06,3.0015124802422375
1955-04-07,3.009911124441505
1955-04-11,2.9950290872980236
1955-04-12,2.9991769809330338
1955-04-13,3.0047976721258283
1955-04-14,2.999812659860508
1955-04-15,3.0262635645849794
1955-04-18,3.075555729384057
1955-04-19,3.0723304185938805
1955-04-20,3.0549002535419643
1955-04-21,3.04174336980065
1955-04-22,3.0170999898775346
1955-04-25,3.0333297550847207
1955-04-26,3.0506341690063135
1955-04-27,3.005987632043453
1955-04-28,2.965713627628143
1955-04-29,2.993934858473665
1955-05-02,2.9764133696860093
1955-05-03,2.9252922554673635
1955-05-04,2.937633304850681
1955-05-05,2.9466826064137615
1955-05-06,2.9624433002354307
1955-05-09,2.960803580247355
1955-05-10,2.9453937209761625
1955-05-11,2.9116989228961305
1955-05-12,2.893965536161994
1955-05-13,2.9110177971655
1955-05-16,2.8663324625970144
1955-05-17,2.8622852927985707
1955-05-18,2.9218702368358147
1955-05-19,2.968102350981558
1955-05-20,2.991208525108536
1955-05-23,2.967838673045932
1955-05-24,2.9753992979319457
1955-05-25,3.004505007432621
1955-05-26,3.0402126929229816
1955-05-27,3.0500367818421927
1955-05-31,3.039951187873897
1955-06-01,3.0324231689968073
1955-06-02,3.0363295835889974
1955-06-03,3.057746229537244
1955-06-06,3.077876907320498
1955-06-07,3.100581814697557
1955-06-08,3.121000637193121
1955-06-09,3.099739373972123
1955-06-10,3.122524535207028
1955-06-13,3.148215173502711
1955-06-14,3.1514328460240124
1955-06-15,3.1736727325858736
1955-06-16,3.183052398837103
1955-06-17,3.176906631253792
1955-06-20,3.1881128744319898
1955-06-21,3.188362340872566
1955-06-22,3.2027912407660994
1955-06-23,3.206681189589476
1955-06-24,3.2062608502703234
1955-06-27,3.2113691734994845
1955-06-28,3.1866105118481713
1955-06-29,3.198142723345137
1955-06-30,3.21831483292849
1955-07-01,3.2320347784790053
1955-07-05,3.2463077186594798
1955-07-06,3.220465346006883
1955-07-07,3.1653149965242307
1955-07-08,3.1558850040134985
1955-07-11,3.1651030073122866
1955-07-12,3.150983451057941
1955-07-13,3.12274174542689
1955-07-14,3.1336784699970206
1955-07-15,3.16126111263869
1955-07-18,3.155607897097249
1955-07-19,3.1459689490803906
1955-07-20,3.1506759970449196
1955-07-21,3.1740706679010215
1955-07-22,3.2028012935063455
1955-07-25,3.216137869517534
1955-07-26,3.19986886561415
1955-07-27,3.196857416941683
1955-07-28,3.1832446680726956
1955-07-29,3.164644569332654
1955-08-01,3.1240393168302885
1955-08-02,3.132969603171262
1955-08-03,3.142073234178094
1955-08-04,3.1046479849285675
1955-08-05,3.11827257585961
1955-08-08,3.1065650506347993
1955-08-09,3.059672515333162
1955-08-10,3.0715302435962926
1955-08-11,3.098318083333199
1955-08-12,3.118890435489086
1955-08-15,3.118806345228684
1955-08-16,3.103007043756584
1955-08-17,3.10885922394154
1955-08-18,3.115288007494196
1955-08-19,3.116608020936154
1955-08-22,3.110506166545879
1955-08-23,3.138660477631768
1955-08-24,3.1616321631487043
1955-08-25,3.1741560525424526
1955-08-26,3.193053754344372
1955-08-29,3.2086399075670085
1955-08-30,3.204536347365429
1955-08-31,3.2205111310021866
1955-09-01,3.23056057102333
1955-09-02,3.250003176111987
1955-09-06,3.273241480251559
1955-09-07,3.2759084932895624
1955-09-08,3.2890464713821337
1955-09-09,3.306855073077864
1955-09-12,3.332037723216598
1955-09-13,3.3527785867842326
1955-09-14,3.3474603875183147
1955-09-15,3.3452532439910656
1955-09-16,3.3646720948601967
1955-09-19,3.360787732705036
1955-09-20,3.365174572489791
1955-09-21,3.3772357396469075
1955-09-22,3.379944248566674
1955-09-23,3.3887722554328543
1955-09-26,3.1249815462539074
1955-09-27,3.1978846021401606
1955-09-28,3.2535822003144026
1955-09-29,3.2351446360468965
1955-09-30,3.2162989072250716
1955-10-03,3.1348880613842076
1955-10-04,3.1553645774105266
1955-10-05,3.164838760044241
1955-10-06,3.145914942902063
1955-10-07,3.1231971212552425
1955-10-10,3.034090868927924
1955-10-11,3.017197023428372
1955-10-12,3.0635512600287615
1955-10-13,3.0454041139149495
1955-10-14,3.039035838731247
1955-10-17,3.0507414857661663
1955-10-18,3.0661916684580492
1955-10-19,3.091506349388653
1955-10-20,3.1250757354525542
1955-10-21,3.133010996704634
1955-10-24,3.15750632975752
1955-10-25,3.138052510114712
1955-10-26,3.1147800180107894
1955-10-27,3.1143393940844355
1955-10-28,3.132482855026514
1955-10-31,3.134672714303303
1955-11-01,3.129393303569665
1955-11-02,3.1361854915810423
1955-11-03,3.1747007732248673
1955-11-04,3.216693112195898
1955-11-07,3.260741852446001
1955-11-09,3.3093530163538296
1955-11-10,3.307515741101049
1955-11-11,3.3258449167657598
1955-11-14,3.384594751787866
1955-11-15,3.3744848488804804
1955-11-16,3.383166368859912
1955-11-17,3.3672904459504576
1955-11-18,3.357422560729199
1955-11-21,3.360001922625637
1955-11-22,3.377233250531022
1955-11-23,3.3848818587614296
1955-11-25,3.3933267954849056
1955-11-28,3.3743747179080663
1955-11-29,3.38306328151771
1955-11-30,3.3824212950177914
1955-12-01,3.3699804275473433
1955-12-02,3.3762725485793808
1955-12-05,3.412936013775029
1955-12-06,3.4187059276493375
1955-12-07,3.4225101381476137
1955-12-08,3.4428229710247322
1955-12-09,3.4414590091359165
1955-12-12,3.4133182866803464
1955-12-13,3.4140748460065806
1955-12-14,3.4010697162752948
1955-12-15,3.4007924508912915
1955-12-16,3.4166601235197853
1955-12-19,3.4140695722308902
1955-12-20,3.409407404016257
1955-12-21,3.4392734883765836
1955-12-22,3.4475352121649414
1955-12-23,3.4572970648845422
1955-12-27,3.4471677647997923
1955-12-28,3.426460442516197
1955-12-29,3.4408305090927325
1955-12-30,3.4705467661130722
1956-01-03,3.4432375424038555
1956-01-04,3.4209187693244174
1956-01-05,3.4369251734243935
1956-01-06,3.4518736427179113
1956-01-09,3.3987440374659688
1956-01-10,3.372509848693921
1956-01-11,3.392375511221912
1956-01-12,3.4175322292389354
1956-01-13,3.409299120917144
1956-01-16,3.370449143071282
1956-01-17,3.389026612255863
1956-01-18,3.364096273615462
1956-01-19,3.327447454207582
1956-01-20,3.3089613307296886
1956-01-23,3.2936364725048293
1956-01-24,3.3353467209115597
1956-01-25,3.3525348480355825
1956-01-26,3.3391358646719547
1956-01-27,3.328949361276681
1956-01-30,3.331996687156613
1956-01-31,3.3562284713680746
1956-02-01,3.3744337152854142
1956-02-02,3.386264802995321
1956-02-03,3.399438483806446
1956-02-06,3.390660609872777
1956-02-07,3.382551705974194
1956-02-08,3.3473439999542403
1956-02-09,3.307771249131261
1956-02-10,3.3104099389517794
1956-02-13,3.3012236600177562
1956-02-14,3.298876418007962
1956-02-15,3.354250932225483
1956-02-16,3.354527750857794
1956-02-17,3.407918920687291
1956-02-20,3.419964793437182
1956-02-21,3.438575587197954
1956-02-23,3.483644068824589
1956-02-24,3.511832447418901
1956-02-27,3.523280324956898
1956-02-28,3.5520802305229346
1956-02-29,3.550255629276923
1956-03-01,3.566882500961644
1956-03-02,3.579578041800989
1956-03-05,3.5999643071191025
1956-03-06,3.5936131033030736
1956-03-07,3.594613750185852
1956-03-08,3.6019366186052713
1956-03-09,3.656652962736712
1956-03-12,3.6857977435045814
1956-03-13,3.671925098422518
1956-03-14,3.6944039486067326
1956-03-15,3.7148743180249095
1956-03-16,3.7321897191602447
1956-03-19,3.779595812662202
1956-03-20,3.8429998235581944
1956-03-21,3.7685826009617185
1956-03-22,3.8135870270429213
1956-03-23,3.8474418571335476
1956-03-26,3.8353315661915164
1956-03-27,3.8182175576988797
1956-03-28,3.855593466991122
1956-03-29,3.85458854355427
1956-04-02,3.873518762676175
1956-04-03,3.8576446178099726
1956-04-04,3.85959914839691
1956-04-05,3.842065931667962
1956-04-06,3.8507080552054793
1956-04-09,3.814333788086661
1956-04-10,3.768376654645619
1956-04-11,3.790967283566354
1956-04-12,3.7847067239890393
1956-04-13,3.7785441652397496
1956-04-16,3.775155464832277
1956-04-17,3.782337981251075
1956-04-18,3.7866375400208896
1956-04-19,3.775965381408192
1956-04-20,3.7878366604944578
1956-04-23,3.7839115147953444
1956-04-24,3.7385769214849387
1956-04-25,3.7255312932615396
1956-04-26,3.767714116523228
1956-04-27,3.8026757125186452
1956-04-30,3.8020673272030914
1956-05-01,3.7930339039305934
1956-05-02,3.797822675359295
1956-05-03,3.8236190052397254
1956-05-04,3.860160039009074
1956-05-07,3.8460625681422687
1956-05-08,3.846332527247661
1956-05-09,3.8478272827714357
1956-05-10,3.785256731014974
1956-05-11,3.794061756846976
1956-05-14,3.7354102761378134
1956-05-15,3.712543526001711
1956-05-16,3.7076329277806126
1956-05-17,3.745367928959721
1956-05-18,3.741319740451404
1956-05-21,3.680136384947912
1956-05-22,3.6228075503048744
1956-05-23,3.611299101040764
1956-05-24,3.5512203944526046
1956-05-25,3.560887065668093
1956-05-28,3.506355463172278
1956-05-29,3.604522996757817
1956-05-31,3.5924946423303576
1956-06-01,3.6085221754073347
1956-06-04,3.61250284931328
1956-06-05,3.6255249795798234
1956-06-06,3.6161527339309987
1956-06-07,3.6385258120288495
1956-06-08,3.5571284088842887
1956-06-11,3.603826631666037
1956-06-12,3.6555190725916673
1956-06-13,3.6818882483737974
1956-06-14,3.6782707203278977
1956-06-15,3.681463833618869
1956-06-18,3.6562444895298443
1956-06-19,3.66842986878876
1956-06-20,3.6785438812365077
1956-06-21,3.709152156013847
1956-06-22,3.710559741525247
1956-06-25,3.690362157720666
1956-06-26,3.7182394148517646
1956-06-27,3.7661102717740857
1956-06-28,3.7782666332642965
1956-06-29,3.7865828236506123
1956-07-02,3.775103929430814
1956-07-03,3.7952790912943186
1956-07-05,3.8172087306192677
1956-07-06,3.8295973289168685
1956-07-09,3.832350131098851
1956-07-10,3.8463408258634026
1956-07-11,3.860793541243708
1956-07-12,3.863140436322216
1956-07-13,3.8875096880486284
1956-07-16,3.938468259402942
1956-07-17,3.933752484859972
1956-07-18,3.9209847310757002
1956-07-19,3.929309732167882
1956-07-20,3.9317710106300465
1956-07-23,3.9196676144818676
1956-07-24,3.9099978262681865
1956-07-25,3.910980978411305
1956-07-26,3.9411538391672263
1956-07-27,3.9186951806207166
1956-07-30,3.9163295381867185
1956-07-31,3.953317229885198
1956-08-01,3.9348788285650196
1956-08-02,3.9470359157101176
1956-08-03,3.928467865409738
1956-08-06,3.8768792967572243
1956-08-07,3.9133783284212957
1956-08-08,3.941499028339004
1956-08-09,3.9595684180596558
1956-08-10,3.9436324833815473
1956-08-13,3.9222066530167767
1956-08-14,3.9224791102996655
1956-08-15,3.9442660198543953
1956-08-16,3.949071579065852
1956-08-17,3.956139470076165
1956-08-20,3.927499812264502
1956-08-21,3.8570684427703013
1956-08-22,3.8744119581545724
1956-08-23,3.9032522894259056
1956-08-24,3.9086340762777274
1956-08-27,3.8858372850665353
1956-08-28,3.8675258453165355
1956-08-29,3.8503376087046375
1956-08-30,3.809040386074965
1956-08-31,3.866717039828343
1956-09-04,3.8808327765324977
1956-09-05,3.907723723241141
1956-09-06,3.917104938550466
1956-09-07,3.8919709281925026
1956-09-10,3.862182847353388
1956-09-11,3.846937088338303
1956-09-12,3.824953476979482
1956-09-13,3.8125149065059487
1956-09-14,3.8144173397849945
1956-09-17,3.8104650715409756
1956-09-18,3.7824771438809264
1956-09-19,3.749306017435792
1956-09-20,3.7322159911207455
1956-09-21,3.7657311252189136
1956-09-24,3.737871836049808
1956-09-25,3.687784220650947
1956-09-26,3.667787641429487
1956-09-27,3.6598385283954946
1956-09-28,3.6352797747215857
1956-10-01,3.532473563754448
1956-10-02,3.64173717012259
1956-10-03,3.676078889056711
1956-10-04,3.676892367265193
1956-10-05,3.685908987699138
1956-10-08,3.6938213152603367
1956-10-09,3.6840860032727063
1956-10-10,3.70578278545221
1956-10-11,3.7327906135849895
1956-10-12,3.7533369009113793
1956-10-15,3.7896371770144937
1956-10-16,3.8033265880314455
1956-10-17,3.778071121325695
1956-10-18,3.7942745680342407
1956-10-19,3.823709013493179
1956-10-22,3.8203979009495623
1956-10-23,3.819571588041896
1956-10-24,3.817415640816988
1956-10-25,3.8015289825991374
1956-10-26,3.8191713414781976
1956-10-29,3.82620092700657
1956-10-30,3.8248437364625287
1956-10-31,3.7728115500697896
1956-11-01,3.8423639457539207
1956-11-02,3.8641904925512223
1956-11-05,3.9305146647124034
1956-11-07,3.9046224732033425
1956-11-08,3.874670027797124
1956-11-09,3.8709980630739014
1956-11-12,3.9026893023627696
1956-11-13,3.929595444822698
1956-11-14,3.9084726915264647
1956-11-15,3.88925406010093
1956-11-16,3.9256155272962734
1956-11-19,3.9226939725297125
1956-11-20,3.9031068291926867
1956-11-21,3.9033097056740576
1956-11-23,3.918209247508054
1956-11-26,3.919476052108363
1956-11-27,3.906277446804752
1956-11-28,3.8853749165254903
1956-11-29,3.8627372437341325
1956-11-30,3.911224442181031
1956-12-03,3.973376717346162
1956-12-04,3.9685938163180117
1956-12-05,3.9960464393139565
1956-12-06,4.013299936511957
1956-12-07,4.003098303236987
1956-12-10,4.015382576761389
1956-12-11,4.024503872282905
1956-12-12,3.9847237790384096
1956-12-13,3.997991367279117
1956-12-14,3.9962990821452893
1956-12-17,3.995760667639342
1956-12-18,3.9889743913789317
1956-12-19,3.971360601186304
1956-12-20,3.9537971903647384
1956-12-21,3.962944993714523
1956-12-26,3.9461491558002146
1956-12-27,3.9648160571629156
1956-12-28,3.985368216293823
1956-12-31,3.9960960745563963
1957-01-02,3.976345179985487
1957-01-03,3.97293662260041
1957-01-04,3.977292760561556
1957-01-07,3.9568261351597553
1957-01-08,3.9603564595846397
1957-01-09,3.959113929262532
1957-01-10,3.9917247426194877
1957-01-11,4.001942083771234
1957-01-14,3.9754631917303773
1957-01-15,3.9359280786155693
1957-01-16,3.9383248495690264
1957-01-17,3.917582317184788
1957-01-18,3.8417521574465745
1957-01-21,3.823629450565352
1957-01-22,3.8480481459831575
1957-01-23,3.8793991196162114
1957-01-24,3.8872939916719367
1957-01-25,3.8710081953771978
1957-01-28,3.8329766336397086
1957-01-29,3.841053130225262
1957-01-30,3.8492797852292493
1957-01-31,3.854980667215228
1957-02-01,3.8363374611328878
1957-02-04,3.8206654178118606
1957-02-05,3.7607507699258225
1957-02-06,3.7900117058252056
1957-02-07,3.774805064210048
1957-02-08,3.7482926334900646
1957-02-11,3.68021944030309
1957-02-12,3.657483873026236
1957-02-13,3.7223349517920794
1957-02-14,3.7377110895460093
1957-02-15,3.77350526333737
1957-02-18,3.7796228920639963
1957-02-19,3.7922382578870497
1957-02-20,3.7957955927205616
1957-02-21,3.81052442779929
1957-02-25,3.816914855350726
1957-02-26,3.8169694828460994
1957-02-27,3.7916727955576657
1957-02-28,3.7865736196630433
1957-03-01,3.83132752251593
1957-03-04,3.859140810701883
1957-03-05,3.8768899172129023
1957-03-06,3.8710165826227825
1957-03-07,3.8523956984603736
1957-03-08,3.8287343091587847
1957-03-11,3.793995465620481
1957-03-12,3.794716287194246
1957-03-13,3.8261260548297207
1957-03-14,3.849583896620564
1957-03-15,3.846993827671371
1957-03-18,3.843810472073067
1957-03-19,3.8661808872370416
1957-03-20,3.8865140257534003
1957-03-21,3.8787894493828095
1957-03-22,3.8732445907322957
1957-03-25,3.850655939044601
1957-03-26,3.8602009226792853
1957-03-27,3.867336349415509
1957-03-28,3.8796839630132407
1957-03-29,3.8784846793404824
1957-04-01,3.8750338826198223
1957-04-02,3.897113030907492
1957-04-03,3.9293344976212743
1957-04-04,3.9453596178209605
1957-04-05,3.9496354500804207
1957-04-08,3.971115876992709
1957-04-09,4.001180649565583
1957-04-10,3.99889649091777
1957-04-11,4.021905559128661
1957-04-12,4.044440759299084
1957-04-15,4.036422372562682
1957-04-16,4.061877054010639
1957-04-17,4.091186228979813
1957-04-18,4.1194657255783715
1957-04-22,4.140410824443945
1957-04-23,4.145966419779642
1957-04-24,4.126549094969261
1957-04-25,4.107664457297678
1957-04-26,4.101421855930337
1957-04-29,4.110069998412053
1957-04-30,4.107135980514298
1957-05-01,4.143742468021907
1957-05-02,4.169601736560523
1957-05-03,4.183962711875821
1957-05-06,4.2014475771143
1957-05-07,4.213981624526271
1957-05-08,4.240529140129994
1957-05-09,4.2553664023205044
1957-05-10,4.278437745004754
1957-05-13,4.341864734607717
1957-05-14,4.332717117891296
1957-05-15,4.333701908981445
1957-05-16,4.332860366161092
1957-05-17,4.337249101753199
1957-05-20,4.367227923301346
1957-05-21,4.366884159810202
1957-05-22,4.330722663404864
1957-05-23,4.308949463997551
1957-05-24,4.308108969525873
1957-05-27,4.267611316168031
1957-05-28,4.268585708237135
1957-05-29,4.286751689533168
1957-05-31,4.301443477602479
1957-06-03,4.270910417596067
1957-06-04,4.2961837881851554
1957-06-05,4.293318512340706
1957-06-06,4.321631563363461
1957-06-07,4.32615804040032
1957-06-10,4.293898871482877
1957-06-11,4.355803386594908
1957-06-12,4.371204579559474
1957-06-13,4.36894614519502
1957-06-14,4.358027810281871
1957-06-17,4.342742855868425
1957-06-18,4.351951097398397
1957-06-19,4.3319284854212805
1957-06-20,4.321320512331346
1957-06-21,4.3009132995433825
1957-06-24,4.287660042931136
1957-06-25,4.329121925107483
1957-06-26,4.3284769887742875
1957-06-27,4.343549887295265
1957-06-28,4.367247144374925
1957-07-01,4.393116993994406
1957-07-02,4.450017562793956
1957-07-03,4.514777805395745
1957-07-05,4.55800620396109
1957-07-08,4.663315816078323
1957-07-09,4.628445185853024
1957-07-10,4.6401300944081
1957-07-11,4.5946524163747355
1957-07-12,4.591541471120158
1957-07-15,4.6147415485923995
1957-07-16,4.580533329208454
1957-07-17,4.53653802738155
1957-07-18,4.558755263605321
1957-07-19,4.577148956060748
1957-07-22,4.5642003798416315
1957-07-23,4.534896969221863
1957-07-24,4.536117015851143
1957-07-25,4.5488940693219915
1957-07-26,4.519857168265688
1957-07-29,4.4507870880246445
1957-07-30,4.483124195026544
1957-07-31,4.4837411493145956
1957-08-01,4.463543497968592
1957-08-02,4.458532694484416
1957-08-05,4.417498042943512
1957-08-06,4.355068998019475
1957-08-07,4.4249123699692685
1957-08-08,4.403569075949515
1957-08-09,4.388872638486649
1957-08-12,4.3340737377672705
1957-08-13,4.325341689450444
1957-08-14,4.248616318457102
1957-08-15,4.248720950291983
1957-08-16,4.257053062828915
1957-08-19,4.15846854313905
1957-08-20,4.182030845300334
1957-08-21,4.219907607299003
1957-08-22,4.170723208480806
1957-08-23,4.09986152335514
1957-08-26,4.0039634167747336
1957-08-27,4.09846509153931
1957-08-28,4.098563748787133
1957-08-29,4.086020294557798
1957-08-30,4.171461035771377
1957-09-03,4.1905984910064635
1957-09-04,4.1410890914779435
1957-09-05,4.128691688176524
1957-09-06,4.1327594288829
1957-09-09,4.104618630150224
1957-09-10,4.057009395479496
1957-09-11,4.1170670209499844
1957-09-12,4.168922452182416
1957-09-13,4.12373309025034
1957-09-16,4.149791151012073
1957-09-17,4.1782521987834045
1957-09-18,4.184798524380132
1957-09-19,4.169005548505837
1957-09-20,4.086791070995241
1957-09-23,3.982998429561525
1957-09-24,4.001120322382488
1957-09-25,3.932742040971273
1957-09-26,3.9444455788175787
1957-09-27,3.9598307556891883
1957-09-30,3.958515787490219
1957-10-01,3.976101425352617
1957-10-02,4.008042816736532
1957-10-03,4.019333247056176
1957-10-04,3.98522102095684
1957-10-07,3.8954345458484787
1957-10-08,3.872862348860571
1957-10-09,3.8882289928150757
1957-10-10,3.7740610916826616
1957-10-11,3.75230165976585
1957-10-14,3.7891421796366713
1957-10-15,3.8427968548206777
1957-10-16,3.815174901151258
1957-10-17,3.7545079877519263
1957-10-18,3.735040385852162
1957-10-21,3.600522285706249
1957-10-22,3.568584256519205
1957-10-23,3.731852565902706
1957-10-24,3.7317476084422934
1957-10-25,3.7146113428135545
1957-10-28,3.703992541193231
1957-10-29,3.7407325857886615
1957-10-30,3.7896659422247945
1957-10-31,3.800886690942741
1957-11-01,3.7600847695942243
1957-11-04,3.7682314420609027
1957-11-06,3.7825866039878755
1957-11-07,3.803878946117548
1957-11-08,3.790102855447286
1957-11-11,3.7963775361798855
1957-11-12,3.7652785537915214
1957-11-13,3.745505858490057
1957-11-14,3.732942909653245
1957-11-15,3.8318214761601976
1957-11-18,3.8056359763982415
1957-11-19,3.792819498704911
1957-11-20,3.8244926435855544
1957-11-21,3.8728044100546204
1957-11-22,3.9029636836461297
1957-11-25,3.9281541956293387
1957-11-26,3.8529596566765862
1957-11-27,3.955008929402988
1957-11-29,4.002673288877946
1957-12-02,4.003251872971523
1957-12-03,4.026090741506795
1957-12-04,4.049759856556797
1957-12-05,4.069437311035028
1957-12-06,4.035239494965468
1957-12-09,4.024094263006136
1957-12-10,3.9986045636195975
1957-12-11,3.989793169681356
1957-12-12,3.998405041866641
1957-12-13,4.005599849962974
1957-12-16,3.9608528228705944
1957-12-17,3.913519119916741
1957-12-18,3.8989950426697546
1957-12-19,3.927826368476688
1957-12-20,3.9148640645917783
1957-12-23,3.9227006446256714
1957-12-24,3.9194688987153325
1957-12-26,3.9388725869976846
1957-12-27,3.94354768343248
1957-12-30,3.939227376197917
1957-12-31,3.985801992809388
1958-01-02,3.9906492577581583
1958-01-03,4.01703073744684
1958-01-06,4.0009758573894025
1958-01-07,4.00583541098212
1958-01-08,4.0079932908357465
1958-01-09,3.9921533486879235
1958-01-10,3.9607348820390382
1958-01-13,3.960606530665113
1958-01-14,3.973141389899832
1958-01-15,3.989890741296208
1958-01-16,4.00905636055905
1958-01-17,4.017183302536133
1958-01-20,4.037673589942354
1958-01-21,4.046326199778187
1958-01-22,4.0417465389959855
1958-01-23,4.0683110244294705
1958-01-24,4.111283817513486
1958-01-27,4.1147019030867495
1958-01-28,4.117776794290638
1958-01-29,4.146849678885734
1958-01-30,4.160103793560907
1958-01-31,4.1703195710191
1958-02-03,4.211083100970036
1958-02-04,4.252295468206454
1958-02-05,4.238073394625585
1958-02-06,4.24751204950139
1958-02-07,4.2126088997030156
1958-02-10,4.197396972350892
1958-02-11,4.180784032073042
1958-02-12,4.189325703556474
1958-02-13,4.18621555098398
1958-02-14,4.21774336956259
1958-02-17,4.219820307939585
1958-02-18,4.2200983265978325
1958-02-19,4.2177202111300485
1958-02-20,4.2220291036217255
1958-02-21,4.224953554337235
1958-02-24,4.192635955025224
1958-02-25,4.197124061361319
1958-02-26,4.2324173583210465
1958-02-27,4.213674736403437
1958-02-28,4.232399486293677
1958-03-03,4.251992661251045
1958-03-04,4.263815222676273
1958-03-05,4.282070016277652
1958-03-06,4.3054583565434825
1958-03-07,4.308601469445248
1958-03-10,4.319911134710766
1958-03-11,4.356999769578054
1958-03-12,4.363565715941805
1958-03-13,4.383221605228862
1958-03-14,4.395779032394918
1958-03-17,4.389085313824777
1958-03-18,4.399099993795803
1958-03-19,4.440537459055035
1958-03-20,4.43860104561699
1958-03-21,4.4735692792252735
1958-03-24,4.481453077093798
1958-03-25,4.4732769752435875
1958-03-26,4.455900433862723
1958-03-27,4.4649953666343905
1958-03-28,4.478564436370139
1958-03-31,4.482208810354497
1958-04-01,4.455059097469487
1958-04-02,4.4176383162691195
1958-04-03,4.410492370894685
1958-04-07,4.390037891282356
1958-04-08,4.4200139552901785
1958-04-09,4.419493944245853
1958-04-10,4.428989945295352
1958-04-11,4.463802173014385
1958-04-14,4.4962414872869125
1958-04-15,4.513765750125979
1958-04-16,4.498799166991413
1958-04-17,4.508426162124263
1958-04-18,4.534880053615869
1958-04-21,4.543588600138301
1958-04-22,4.546466609440333
1958-04-23,4.562571571344511
1958-04-24,4.585875725775381
1958-04-25,4.611980567009791
1958-04-28,4.609757605705519
1958-04-29,4.58777724024995
1958-04-30,4.622492755455511
1958-05-01,4.619354537157139
1958-05-02,4.637724008228208
1958-05-05,4.6416452891589435
1958-05-06,4.662916752283572
1958-05-07,4.662657121570921
1958-05-08,4.671547752795786
1958-05-09,4.675310310281314
1958-05-12,4.658452492456027
1958-05-13,4.66463671597481
1958-05-14,4.633876102983251
1958-05-15,4.636345046285442
1958-05-16,4.65307968029634
1958-05-19,4.6472489792758305
1958-05-20,4.662516747742238
1958-05-21,4.670038750863356
1958-05-22,4.663417637291654
1958-05-23,4.663689626508473
1958-05-26,4.678225841999507
1958-05-27,4.6814466811251965
1958-05-28,4.663327544145376
1958-05-29,4.671561179908894
1958-06-02,4.683325538397731
1958-06-03,4.68600567683297
1958-06-04,4.685985032818918
1958-06-05,4.699762543660656
1958-06-06,4.727432944358063
1958-06-09,4.715202062386772
1958-06-10,4.700404936485143
1958-06-11,4.69396365043589
1958-06-12,4.703735821947366
1958-06-13,4.7224710574077715
1958-06-16,4.734035485117185
1958-06-17,4.754923071721538
1958-06-18,4.739675343030781
1958-06-19,4.712753819557402
1958-06-20,4.733045398718517
1958-06-23,4.729903631300148
1958-06-24,4.723966147093585
1958-06-25,4.737140884756574
1958-06-26,4.748119626381562
1958-06-27,4.7763227725701585
1958-06-30,4.796028846198006
1958-07-01,4.805016952540577
1958-07-02,4.7987418455138515
1958-07-03,4.8016874378730865
1958-07-07,4.806903496381433
1958-07-08,4.80371961656932
1958-07-09,4.801086179376356
1958-07-10,4.815401497659693
1958-07-11,4.835082891166882
1958-07-14,4.806052855094279
1958-07-15,4.8012964705143935
1958-07-16,4.79328406178863
1958-07-17,4.796284655081335
1958-07-18,4.82552364805045
1958-07-21,4.834058168737186
1958-07-22,4.821377280655083
1958-07-23,4.834609281644471
1958-07-24,4.858322718513703
1958-07-25,4.880415810089654
1958-07-28,4.89979671216974
1958-07-29,4.902311197194274
1958-07-30,4.902940895190288
1958-07-31,4.9090740229472924
1958-08-01,4.93401409092657
1958-08-04,4.957590350891936
1958-08-05,4.955223511693736
1958-08-06,4.937277384062506
1958-08-07,4.977442913956411
1958-08-08,5.009408444015847
1958-08-11,5.002285099576956
1958-08-12,4.991879574671079
1958-08-13,4.992208704518764
1958-08-14,4.999683907325638
1958-08-15,4.970693721956352
1958-08-18,4.950122487427629
1958-08-19,4.962000536357686
1958-08-20,4.983687085417658
1958-08-21,4.993362431175801
1958-08-22,4.999605239002663
1958-08-25,5.015652904312036
1958-08-26,5.027135617958668
1958-08-27,5.033074483240925
1958-08-28,5.020125568169673
1958-08-29,5.049691125146352
1958-09-02,5.057764596878583
1958-09-03,5.082068202761531
1958-09-04,5.073896248555189
1958-09-05,5.085992180757647
1958-09-08,5.107993856288337
1958-09-09,5.117091405606412
1958-09-10,5.104405070218923
1958-09-11,5.1359732980277375
1958-09-12,5.121369152560178
1958-09-15,5.137420179300604
1958-09-16,5.1456795743128545
1958-09-17,5.134240380265198
1958-09-18,5.118265537097824
1958-09-19,5.148678227864622
1958-09-22,5.135791616712041
1958-09-23,5.1632354671474365
1958-09-24,5.16568398193133
1958-09-25,5.176432416881323
1958-09-26,5.225360004182737
1958-09-29,5.28648552264439
1958-09-30,5.282242006853433
1958-10-01,5.2527642150689875
1958-10-02,5.25469118770102
1958-10-03,5.269200998861573
1958-10-06,5.282130326171189
1958-10-07,5.280102507976007
1958-10-08,5.290228098950841
1958-10-09,5.3046129046914325
1958-10-10,5.3383598149030576
1958-10-13,5.357201200605655
1958-10-14,5.320414078751651
1958-10-15,5.281716026544885
1958-10-16,5.322674100996537
1958-10-17,5.358666803456104
1958-10-20,5.373619686511544
1958-10-21,5.388502164792072
1958-10-22,5.379545204740138
1958-10-23,5.384988246789763
1958-10-24,5.3918235715118
1958-10-27,5.344095473936299
1958-10-28,5.388379940648633
1958-10-29,5.427905428739768
1958-10-30,5.41987020419418
1958-10-31,5.450212772689568
1958-11-03,5.440923654083876
1958-11-05,5.494300246191016
1958-11-06,5.53367709890288
1958-11-07,5.558375471201609
1958-11-10,5.634426796162619
1958-11-11,5.682489984779925
1958-11-12,5.700683488859496
1958-11-13,5.74136323383079
1958-11-14,5.790865604698867
1958-11-17,5.794653002379238
1958-11-18,5.771665972673816
1958-11-19,5.8074340918364555
1958-11-20,5.8194918124885335
1958-11-21,5.7908556515337235
1958-11-24,5.625049921764039
1958-11-25,5.611861202391409
1958-11-26,5.740336731714768
1958-11-28,5.8302161842693
1958-12-01,5.847101927539987
1958-12-02,5.79648873238411
1958-12-03,5.798705829472312
1958-12-04,5.810609200923814
1958-12-05,5.844773641797816
1958-12-08,5.8589272105982175
1958-12-09,5.888966342439596
1958-12-10,5.898505188220099
1958-12-11,5.864277477481062
1958-12-12,5.838208631286833
1958-12-15,5.831143105062752
1958-12-16,5.844920759799388
1958-12-17,5.849665695452337
1958-12-18,5.861642970505901
1958-12-19,5.836165862392007
1958-12-22,5.76200732847159
1958-12-23,5.727231081452323
1958-12-24,5.8403715325369525
1958-12-29,5.869213174048549
1958-12-30,5.869104878909574
1958-12-31,5.879145055050079
1959-01-02,5.899862912802638
1959-01-05,5.889495674723086
1959-01-06,5.870524067123179
1959-01-07,5.817357130454792
1959-01-08,5.870070058703706
1959-01-09,5.921828165216704
1959-01-12,5.992464747347634
1959-01-13,6.027749211877126
1959-01-14,6.015626152565362
1959-01-15,6.068584301056432
1959-01-16,6.074686609509058
1959-01-19,6.03947140770828
1959-01-20,6.0570219037067785
1959-01-21,6.091650394658269
1959-01-22,6.060895430956355
1959-01-23,6.062312204036501
1959-01-26,6.043264663082789
1959-01-27,6.030282460072988
1959-01-28,5.949350474555565
1959-01-29,5.970586345765081
1959-01-30,6.014251820212745
1959-02-02,5.9943178654601645
1959-02-03,5.984238027865084
1959-02-04,5.975411056947252
1959-02-05,5.947466395993752
1959-02-06,5.926129240859268
1959-02-09,5.861312922064334
1959-02-10,5.969367551583134
1959-02-11,5.973707611517836
1959-02-12,5.961478431373709
1959-02-13,6.025727291967314
1959-02-16,6.056241097212772
1959-02-17,6.044100677389038
1959-02-18,6.081791796991624
1959-02-19,6.129015302608353
1959-02-20,6.183535584374238
1959-02-24,6.198509018486126
1959-02-25,6.1928770583935675
1959-02-26,6.258821763014773
1959-02-27,6.275657663123502
1959-03-02,6.284380060937464
1959-03-03,6.28083849946728
1959-03-04,6.309220234242379
1959-03-05,6.350807537673058
1959-03-06,6.3393741625738755
1959-03-09,6.346183372062796
1959-03-10,6.392252761450415
1959-03-11,6.459742014966974
1959-03-12,6.578379290245612
1959-03-13,6.624290792844047
1959-03-16,6.5256478340093675
1959-03-17,6.566636331171164
1959-03-18,6.595948360572469
1959-03-19,6.580381567149921
1959-03-20,6.618179965767489
1959-03-23,6.541757581660485
1959-03-24,6.569654132822584
1959-03-25,6.606046400228052
1959-03-26,6.637153981171387
1959-03-30,6.608485548815221
1959-03-31,6.596860841990177
1959-04-01,6.620097702181061
1959-04-02,6.6518409360129525
1959-04-03,6.665002215790977
1959-04-06,6.690228277513122
1959-04-07,6.68074897345504
1959-04-08,6.683734186310591
1959-04-09,6.702612077490143
1959-04-10,6.743660578756922
1959-04-13,6.808348700563624
1959-04-14,6.862501482442605
1959-04-15,6.891644758291092
1959-04-16,6.889206741173524
1959-04-17,6.920907612721708
1959-04-20,6.96212945934183
1959-04-21,6.96160070928538
1959-04-22,6.953632671379939
1959-04-23,6.964149372169544
1959-04-24,7.077736576287865
1959-04-27,7.11470964577844
1959-04-28,7.086306148941273
1959-04-29,7.080046721487042
1959-04-30,7.061883301895216
1959-05-01,7.069311660516012
1959-05-04,7.073244858554337
1959-05-05,7.0554213127415055
1959-05-06,7.034459209189906
1959-05-07,6.894211500150631
1959-05-08,6.9549166885594795
1959-05-11,6.953070738859382
1959-05-12,6.937627872974647
1959-05-13,6.959843460817044
1959-05-14,6.995736999966813
1959-05-15,6.990956513731723
1959-05-18,6.943822885925847
1959-05-19,6.963659279278256
1959-05-20,6.962918291515462
1959-05-21,6.947268957808821
1959-05-22,6.970455249123205
1959-05-25,6.963775552739335
1959-05-26,6.965917791413289
1959-05-27,6.99090464066334
1959-05-28,7.079050227148295
1959-05-29,7.102105202212153
1959-06-01,7.083264477165368
1959-06-02,7.019945704455931
1959-06-03,7.0441612006973955
1959-06-04,6.951907350694154
1959-06-05,6.938099759949727
1959-06-08,6.827420627829982
1959-06-09,6.7657342833691
1959-06-10,6.8937317557043025
1959-06-11,6.943056672811152
1959-06-12,6.9368440196895
1959-06-15,6.949055508091017
1959-06-16,6.968650445097262
1959-06-17,7.045955469138877
1959-06-18,7.0748351520891655
1959-06-19,7.1185944014662725
1959-06-22,7.1245191420334715
1959-06-23,7.122998274475267
1959-06-24,7.168082704301355
1959-06-25,7.182109809516087
1959-06-26,7.255929614618255
1959-06-29,7.3487553535464
1959-06-30,7.3915378368566875
1959-07-01,7.467536979345546
1959-07-02,7.496677142599697
1959-07-06,7.554127583248063
1959-07-07,7.56086833813729
1959-07-08,7.563143274274222
1959-07-09,7.547658577186629
1959-07-10,7.549742412609519
1959-07-13,7.458274465292538
1959-07-14,7.501216995884538
1959-07-15,7.51669707786843
1959-07-16,7.513703974651965
1959-07-17,7.499115623789878
1959-07-20,7.4964246305370255
1959-07-21,7.534168246692007
1959-07-22,7.575197640895551
1959-07-23,7.6385145618819825
1959-07-24,7.652335073489591
1959-07-27,7.675754384673946
1959-07-28,7.678329566451287
1959-07-29,7.634680704756389
1959-07-30,7.5955545520102
1959-07-31,7.576765626269382
1959-08-03,7.580067294446443
1959-08-04,7.579888218286683
1959-08-05,7.551650991395631
1959-08-06,7.496520351996846
1959-08-07,7.410893173552452
1959-08-10,7.228197997471869
1959-08-11,7.3621550698589
1959-08-12,7.352229602137685
1959-08-13,7.324830529440362
1959-08-14,7.347492317657355
1959-08-17,7.341390064571162
1959-08-18,7.261503690998542
1959-08-19,7.2412285630720294
1959-08-20,7.373535489764881
1959-08-21,7.409552070585637
1959-08-24,7.411911001617359
1959-08-25,7.435369867643634
1959-08-26,7.4211113496810865
1959-08-27,7.469326853321543
1959-08-28,7.470821584787612
1959-08-31,7.489503769282509
1959-09-01,7.397616501478042
1959-09-02,7.387079936610397
1959-09-03,7.29328425434201
1959-09-04,7.338559396810883
1959-09-08,7.2316705965386285
1959-09-09,7.171335248904489
1959-09-10,7.1421886120352935
1959-09-11,7.210634610153013
1959-09-14,7.157303096385946
1959-09-15,7.10738047086201
1959-09-16,7.130666426811304
1959-09-17,7.090904537094395
1959-09-18,6.999296772118376
1959-09-21,6.865278108693602
1959-09-22,6.814270952497548
1959-09-23,6.911561654546168
1959-09-24,7.096119913906323
1959-09-25,7.114735624450148
1959-09-28,7.190467575336777
1959-09-29,7.2195929485572705
1959-09-30,7.172637262951441
1959-10-01,7.208929521960292
1959-10-02,7.252738181963876
1959-10-05,7.220515482158746
1959-10-06,7.209081899227617
1959-10-07,7.194296326539097
1959-10-08,7.205638731490092
1959-10-09,7.2456557026893655
1959-10-12,7.297984100617933
1959-10-13,7.281942491430981
1959-10-14,7.250818798394928
1959-10-15,7.277378364392121
1959-10-16,7.391529460197945
1959-10-19,7.414388024307566
1959-10-20,7.374913629527359
1959-10-21,7.377118250865695
1959-10-22,7.3163033565475715
1959-10-23,7.374082126486982
1959-10-26,7.495360862443275
1959-10-27,7.54244130531964
1959-10-28,7.624811535926385
1959-10-29,7.646473154076049
1959-10-30,7.636133206956012
1959-11-02,7.59149912623828
1959-11-04,7.60818987596188
1959-11-05,7.570762466052315
1959-11-06,7.588786266747392
1959-11-09,7.610497953351383
1959-11-10,7.6432375717423024
1959-11-11,7.694949467384143
1959-11-12,7.70915466132576
1959-11-13,7.7616797045443615
1959-11-16,7.784734890053062
1959-11-17,7.790268481159317
1959-11-18,7.816320693414013
1959-11-19,7.77934321547542
1959-11-20,7.817324145510937
1959-11-23,7.8095344812618706
1959-11-24,7.9410262615325555
1959-11-25,7.923183693660793
1959-11-27,7.949131933870147
1959-11-30,8.053687484953935
1959-12-01,8.059542257288326
1959-12-02,8.032508492593626
1959-12-03,7.974922362027967
1959-12-04,8.003576627187998
1959-12-07,8.010784243997469
1959-12-08,8.030651579778262
1959-12-09,7.979686691348583
1959-12-10,8.032380753594143
1959-12-11,7.991730446301652
1959-12-14,8.045569694348243
1959-12-15,8.008898627093929
1959-12-16,7.97268066425006
1959-12-17,7.985331831150196
1959-12-18,8.036003904446014
1959-12-21,8.064195710669711
1959-12-22,8.03764477510702
1959-12-23,8.019589820409028
1959-12-24,8.021377004813468
1959-12-28,7.972299620717263
1959-12-29,7.975858353726398
1959-12-30,8.008377522595055
1959-12-31,8.018706107664169
1960-01-04,8.017088030061165
1960-01-05,8.137048836879174
1960-01-06,8.140548190598322
1960-01-07,8.072214829467015
1960-01-08,8.053735528722518
1960-01-11,8.01049442230656
1960-01-12,8.018207041884569
1960-01-13,7.997936084237872
1960-01-14,8.122103964554661
1960-01-15,8.140593411546222
1960-01-18,8.130081835999151
1960-01-19,8.082016762155224
1960-01-20,8.048796408906858
1960-01-21,8.056740586599497
1960-01-22,8.1055629039766
1960-01-25,7.997214159240384
1960-01-26,8.017930411478744
1960-01-27,7.974447956846721
1960-01-28,7.912180243122275
1960-01-29,7.750938343404135
1960-02-01,7.789657461980046
1960-02-02,7.992208267353138
1960-02-03,7.926204292973602
1960-02-04,7.987680784964701
1960-02-05,7.976948879261151
1960-02-08,7.924761582374866
1960-02-09,8.007556835485802
1960-02-10,7.997895277966555
1960-02-11,7.947676177059441
1960-02-12,7.996709805223386
1960-02-15,7.887459102185112
1960-02-16,7.717768853699558
1960-02-17,7.815456448282332
1960-02-18,7.94300867235485
1960-02-19,8.040196349564694
1960-02-23,8.058862558987292
1960-02-24,8.06487341967721
1960-02-25,8.140705746836119
1960-02-26,8.198707782784497
1960-02-29,8.193749521179932
1960-03-01,8.179221555595165
1960-03-02,8.097065503845833
1960-03-03,7.920965776610717
1960-03-04,7.8859005347867654
1960-03-07,7.791269821411779
1960-03-08,7.719330042708817
1960-03-09,7.849860701310193
1960-03-10,7.8043600441020144
1960-03-11,7.844022347157198
1960-03-14,7.848053064292689
1960-03-15,7.923285979782007
1960-03-16,7.987345484000018
1960-03-17,7.973604890774162
1960-03-18,7.977769417786984
1960-03-21,8.009201592908449
1960-03-22,8.023211380321118
1960-03-23,8.065957242376731
1960-03-24,8.112478124769552
1960-03-25,8.199465494017057
1960-03-28,8.253832170699505
1960-03-29,8.280074391826824
1960-03-30,8.363053316108438
1960-03-31,8.2753674802956
1960-04-01,8.359732720369434
1960-04-04,8.439834988402332
1960-04-05,8.489633768251645
1960-04-06,8.56891047075884
1960-04-07,8.61338601741692
1960-04-08,8.643463995595498
1960-04-11,8.617808553443323
1960-04-12,8.677455810082083
1960-04-13,8.699342844105233
1960-04-14,8.763537508574668
1960-04-18,8.783485137539452
1960-04-19,8.722518156845307
1960-04-20,8.62665496009261
1960-04-21,8.680768029102252
1960-04-22,8.685969553618833
1960-04-25,8.599378471052919
1960-04-26,8.63905405224452
1960-04-27,8.657004996319232
1960-04-28,8.60582568072605
1960-04-29,8.606010647809093
1960-05-02,8.60842626647074
1960-05-03,8.773435296030526
1960-05-04,8.851000303061745
1960-05-05,8.775862603916915
1960-05-06,8.822303648422116
1960-05-09,8.865302842995495
1960-05-10,8.825818392793114
1960-05-11,8.819904986483387
1960-05-12,8.895223607013763
1960-05-13,8.969056056869267
1960-05-16,8.916503312714639
1960-05-17,8.901107716388267
1960-05-18,8.844370724602298
1960-05-19,8.95650252103699
1960-05-20,9.065529314938782
1960-05-23,9.126864681456897
1960-05-24,9.19476330472638
1960-05-25,9.304439424457854
1960-05-26,9.414800405784998
1960-05-27,9.448208553092805
1960-05-31,9.521550014498223
1960-06-01,9.63797458905555
1960-06-02,9.661792997262877
1960-06-03,9.643210154328214
1960-06-06,9.630008774668982
1960-06-07,9.676824771706572
1960-06-08,9.731324893139696
1960-06-09,9.71399369534875
1960-06-10,9.729733138888964
1960-06-13,9.773188175996859
1960-06-14,9.860942016239365
1960-06-15,9.858191716474124
1960-06-16,9.77636744892714
1960-06-17,9.83857632939825
1960-06-20,9.770145207229966
1960-06-21,9.717299080800254
1960-06-22,9.60839411222678
1960-06-23,9.59599041202983
1960-06-24,9.617282910694406
1960-06-27,9.628481501435425
1960-06-28,9.443414361989799
1960-06-29,9.456838658237492
1960-06-30,9.423459022374807
1960-07-01,9.53459170827579
1960-07-05,9.480101070560309
1960-07-06,9.357357555947381
1960-07-07,9.4356253170037
1960-07-08,9.461443495673356
1960-07-11,9.329963124073076
1960-07-12,9.163831554755175
1960-07-13,9.144034570548534
1960-07-14,9.192665196374408
1960-07-15,9.188423290502758
1960-07-18,9.057898881399495
1960-07-19,9.063922043631873
1960-07-20,9.078093922201026
1960-07-21,9.005354095762236
1960-07-22,8.9401296660425
1960-07-25,8.763857020212248
1960-07-26,8.935169460661427
1960-07-27,8.867272594310549
1960-07-28,9.014866564805548
1960-07-29,9.245081136439897
1960-08-01,9.19079409394242
1960-08-02,9.071741591262409
1960-08-03,8.977262357313133
1960-08-04,9.087782953317587
1960-08-05,9.217021558900184
1960-08-08,9.233729520862402
1960-08-09,9.258799491431903
1960-08-10,9.334021435909696
1960-08-11,9.383306693020181
1960-08-12,9.429630518515143
1960-08-15,9.399377672826544
1960-08-16,9.485976953758975
1960-08-17,9.593449169381197
1960-08-18,9.582991801405914
1960-08-19,9.588289626267636
1960-08-22,9.588622931293905
1960-08-23,9.659453189468591
1960-08-24,9.688336438289255
1960-08-25,9.626559646197423
1960-08-26,9.631310711016662
1960-08-29,9.647002110378667
1960-08-30,9.539120143484725
1960-08-31,9.541397168319625
1960-09-01,9.603833935704447
1960-09-02,9.621661546047187
1960-09-06,9.471874121879543
1960-09-07,9.252274466785332
1960-09-08,9.33856378513311
1960-09-09,9.443722715446947
1960-09-12,9.340354002211205
1960-09-13,9.372317740729137
1960-09-14,9.205585832154629
1960-09-15,9.192776468578554
1960-09-16,9.173659439034036
1960-09-19,8.814301362482768
1960-09-20,8.90488247089859
1960-09-21,9.119882444513635
1960-09-22,9.059078422174782
1960-09-23,8.890913066284705
1960-09-26,8.729275650743336
1960-09-27,8.688031576104898
1960-09-28,8.64214662609043
1960-09-29,8.70924529947552
1960-09-30,8.912123486007143
1960-10-03,8.88305260149594
1960-10-04,8.811905435595337
1960-10-05,8.88187483358148
1960-10-06,8.959215487759828
1960-10-07,9.012200544996466
1960-10-10,9.07931275276241
1960-10-11,9.093740097746489
1960-10-12,9.015923703628475
1960-10-13,9.12423301657622
1960-10-14,9.153779141149906
1960-10-17,9.073693773456482
1960-10-18,9.045788606348475
1960-10-19,9.026529969907026
1960-10-20,8.881319312506736
1960-10-21,8.769647041293902
1960-10-24,8.626413874333565
1960-10-25,8.60925865265126
1960-10-26,8.7858685401203
1960-10-27,8.924264836864
1960-10-28,8.87821508071133
1960-10-31,8.900680761516726
1960-11-01,8.991934698505087
1960-11-02,9.02968622313628
1960-11-03,9.020744391218535
1960-11-04,9.076813908219737
1960-11-07,9.089337613030791
1960-11-09,9.188490985236687
1960-11-10,9.342567559650107
1960-11-11,9.303150524280296
1960-11-14,9.31605404541251
1960-11-15,9.465802932706648
1960-11-16,9.403528029254536
1960-11-17,9.474981276721278
1960-11-18,9.59115827353016
1960-11-21,9.716721075823186
1960-11-22,9.722283473701397
1960-11-23,9.803119709019118
1960-11-25,9.905166295996214
1960-11-28,9.973621234308908
1960-11-29,9.95706388449598
1960-11-30,9.869695633650556
1960-12-01,9.836239964344035
1960-12-02,9.878166541379294
1960-12-05,9.85506481468094
1960-12-06,9.925266727789596
1960-12-07,9.961594533136587
1960-12-08,10.029169338165548
1960-12-09,10.116765447884536
1960-12-12,10.231780465466512
1960-12-13,10.285699301617452
1960-12-14,10.33717637666906
1960-12-15,10.349381294334362
1960-12-16,10.435238558450166
1960-12-19,10.489686241551572
1960-12-20,10.412564080177498
1960-12-21,10.522558257667429
1960-12-22,10.44363265196474
1960-12-23,10.355733416988558
1960-12-27,10.41492182244881
1960-12-28,10.506562890863048
1960-12-29,10.596007978251803
1960-12-30,10.583989424217208
1961-01-03,10.422347156795242
1961-01-04,10.493850803984877
1961-01-05,10.533346040768212
1961-01-06,10.45643116701594
1961-01-09,10.517800038963447
1961-01-10,10.55084124056592
1961-01-11,10.657719838950396
1961-01-12,10.706932532490171
1961-01-13,10.753548710931199
1961-01-16,10.662498358587056
1961-01-17,10.646781767616613
1961-01-18,10.742357743708295
1961-01-19,10.732655683064817
1961-01-20,10.815949198478087
1961-01-23,10.861491131533288
1961-01-24,10.921626167521087
1961-01-25,10.928835043512013
1961-01-26,10.912542433690017
1961-01-27,11.061126076400882
1961-01-30,11.116921240371926
1961-01-31,11.055606790021619
1961-02-01,11.080951534295094
1961-02-02,11.140200270262214
1961-02-03,11.125166437541552
1961-02-06,11.175325929128926
1961-02-07,11.174837837211719
1961-02-08,11.356831677843154
1961-02-09,11.400974457635147
1961-02-10,11.332969057658522
1961-02-13,11.254592174518507
1961-02-14,11.319652757727589
1961-02-15,11.395221479299655
1961-02-16,11.424552882675519
1961-02-17,11.395391004397425
1961-02-20,11.49607650888461
1961-02-21,11.541660225899323
1961-02-23,11.637465264805853
1961-02-24,11.742733205942397
1961-02-27,11.957670558482866
1961-02-28,12.037215060619069
1961-03-01,11.968924147776397
1961-03-02,12.122848496537081
1961-03-03,12.182138124006544
1961-03-06,12.329398243325455
1961-03-07,12.346204277588317
1961-03-08,12.36317792582529
1961-03-09,12.327534166709105
1961-03-10,12.204754900329865
1961-03-13,12.204738594478787
1961-03-14,12.10771302622396
1961-03-15,12.233597565745512
1961-03-16,12.44341063046447
1961-03-17,12.59099389784774
1961-03-20,12.53817967091793
1961-03-21,12.49132031752029
1961-03-22,12.469133703541518
1961-03-23,12.369996460471373
1961-03-24,12.382054717807023
1961-03-27,12.350514114938722
1961-03-28,12.336299325473076
1961-03-29,12.419833448367646
1961-03-30,12.474766896526575
1961-04-03,12.513431650683724
1961-04-04,12.522624867901225
1961-04-05,12.489500757357765
1961-04-06,12.455255027267254
1961-04-07,12.496524765713941
1961-04-10,12.507133028717785
1961-04-11,12.4876071532838
1961-04-12,12.404270709227351
1961-04-13,12.430075847213844
1961-04-14,12.504230127284021
1961-04-17,12.531479222787244
1961-04-18,12.415566176379963
1961-04-19,12.366014884513337
1961-04-20,12.367485252193198
1961-04-21,12.35315413095474
1961-04-24,11.984534440079512
1961-04-25,12.177742696881653
1961-04-26,12.277295718764416
1961-04-27,12.235877717825675
1961-04-28,12.113552580987209
1961-05-01,11.975728676191672
1961-05-02,12.087820871502503
1961-05-03,12.20336902805489
1961-05-04,12.240575152043485
1961-05-05,12.285201768931401
1961-05-08,12.299500428450028
1961-05-09,12.207413082870053
1961-05-10,12.239284753059636
1961-05-11,12.28108581344567
1961-05-12,12.314826913499841
1961-05-15,12.442462459846237
1961-05-16,12.459136972005966
1961-05-17,12.323729138375407
1961-05-18,12.16142801902362
1961-05-19,12.21859177350016
1961-05-22,12.10967156152125
1961-05-23,12.124288380889839
1961-05-24,12.128445315076195
1961-05-25,12.118917310811998
1961-05-26,12.21789604142943
1961-05-31,12.131198704598807
1961-06-01,12.086854544967728
1961-06-02,12.088087287105536
1961-06-05,12.113236960682633
1961-06-06,12.07955394297576
1961-06-07,11.910399109373525
1961-06-08,11.884652789541303
1961-06-09,11.933390961781956
1961-06-12,11.867292376253705
1961-06-13,11.825575805870518
1961-06-14,11.802177020387898
1961-06-15,11.780250662245557
1961-06-16,11.690680775011552
1961-06-19,11.567868249757549
1961-06-20,11.760561592475907
1961-06-21,11.815695400045058
1961-06-22,11.742719817913843
1961-06-23,11.766938816197444
1961-06-26,11.625301366978462
1961-06-27,11.66545265344591
1961-06-28,11.763568094976684
1961-06-29,11.774428629349915
1961-06-30,11.834722092727395
1961-07-03,11.976184276442117
1961-07-05,12.109238942155695
1961-07-06,12.133659671192925
1961-07-07,12.133021126636681
1961-07-10,12.086779583519666
1961-07-11,11.960167044000261
1961-07-12,11.825669907078419
1961-07-13,11.77668947678666
1961-07-14,11.920375459268245
1961-07-17,11.806336085627017
1961-07-18,11.667134246362346
1961-07-19,11.687444725500676
1961-07-20,11.723106040046867
1961-07-21,11.744842156476537
1961-07-24,11.71358416863227
1961-07-25,11.745269696919845
1961-07-26,11.8207078907259
1961-07-27,11.975454651857211
1961-07-28,12.049505381783995
1961-07-31,12.017340506654387
1961-08-01,12.099022708269946
1961-08-02,12.040740066670766
1961-08-03,12.067309688135508
1961-08-04,12.10087775620015
1961-08-07,12.040446069249557
1961-08-08,12.03537821556831
1961-08-09,12.025438258928162
1961-08-10,12.105305408607578
1961-08-11,12.148386158738605
1961-08-14,12.067106885849002
1961-08-15,12.06414972182637
1961-08-16,12.035766549339389
1961-08-17,12.171289003347141
1961-08-18,12.257645294620149
1961-08-21,12.30231111795945
1961-08-22,12.314514507380997
1961-08-23,12.277937888021986
1961-08-24,12.22011531623595
1961-08-25,12.212635640314826
1961-08-28,12.253782588144889
1961-08-29,12.276566854474167
1961-08-30,12.29879810893035
1961-08-31,12.34187252688687
1961-09-01,12.409012062290897
1961-09-05,12.408648407987178
1961-09-06,12.528959903575737
1961-09-07,12.459034439875687
1961-09-08,12.383087407611937
1961-09-11,12.243118012072834
1961-09-12,12.342854435882876
1961-09-13,12.389621282327624
1961-09-14,12.336506074135533
1961-09-15,12.296283980036677
1961-09-18,12.251093160672854
1961-09-19,12.12494966607915
1961-09-20,12.152037740830101
1961-09-21,12.171769389791788
1961-09-22,12.137821257633224
1961-09-25,11.93206692940733
1961-09-26,11.948619832270651
1961-09-27,12.05119358353957
1961-09-28,12.111651753556117
1961-09-29,12.18697618208803
1961-10-02,12.2136819482201
1961-10-03,12.237075162461286
1961-10-04,12.350605186251114
1961-10-05,12.443392602574237
1961-10-06,12.543787283265626
1961-10-09,12.59303331629787
1961-10-10,12.68228111363514
1961-10-11,12.659809378970655
1961-10-12,12.60255249951029
1961-10-13,12.55476675295423
1961-10-16,12.488670208254813
1961-10-17,12.513611984838112
1961-10-18,12.597063646359585
1961-10-19,12.664468648871598
1961-10-20,12.704051202694995
1961-10-23,12.639968348861201
1961-10-24,12.632281937597622
1961-10-25,12.637581149030055
1961-10-26,12.658728443804685
1961-10-27,12.608751257915596
1961-10-30,12.627380538005877
1961-10-31,12.676919429390063
1961-11-01,12.719313834064547
1961-11-02,12.787761108472996
1961-11-03,12.916963134999277
1961-11-06,13.001601475540756
1961-11-08,13.082229283438876
1961-11-09,13.108047244223513
1961-11-10,13.117825117147497
1961-11-13,13.200688926091912
1961-11-14,13.247260432935287
1961-11-15,13.267877492676936
1961-11-16,13.273051382425866
1961-11-17,13.239789043032838
1961-11-20,13.253977919270522
1961-11-21,13.285048645475818
1961-11-22,13.33003462310953
1961-11-24,13.376219542814514
1961-11-27,13.381485185881095
1961-11-28,13.41830283819684
1961-11-29,13.408938673583728
1961-11-30,13.316442985501181
1961-12-01,13.422577279419142
1961-12-04,13.355601381501838
1961-12-05,13.302786701091927
1961-12-06,13.303323040132474
1961-12-07,13.234380272759031
1961-12-08,13.252984629607452
1961-12-11,13.279259737720452
1961-12-12,13.215015653722318
1961-12-13,13.185770281010731
1961-12-14,13.092497234404597
1961-12-15,13.062547512259275
1961-12-18,13.027450512121343
1961-12-19,12.973452672757759
1961-12-20,12.979238018330808
1961-12-21,12.959851134881939
1961-12-22,12.908660687569048
1961-12-26,12.902175331617824
1961-12-27,12.952030606433798
1961-12-28,12.938498788082624
1961-12-29,12.944219192780187
1962-01-02,12.8313627519475
1962-01-03,12.76114337237813
1962-01-04,12.60788954829193
1962-01-05,12.485591223980792
1962-01-08,12.402796049169366
1962-01-09,12.423201306934693
1962-01-10,12.39644813881478
1962-01-11,12.467638074186477
1962-01-12,12.510558002047299
1962-01-15,12.456607685971026
1962-01-16,12.37547283572834
1962-01-17,12.252547889220711
1962-01-18,12.260878804364037
1962-01-19,12.413273200452466
1962-01-22,12.434557991098334
1962-01-23,12.339686614594864
1962-01-24,12.312211652066306
1962-01-25,12.295507885060037
1962-01-26,12.236843394314056
1962-01-29,12.169229972815335
1962-01-30,12.283974472334851
1962-01-31,12.434495084151488
1962-02-01,12.560294338982763
1962-02-02,12.650851027623094
1962-02-05,12.736839828950753
1962-02-06,12.751978890422881
1962-02-07,12.773275545539601
1962-02-08,12.770639308316197
1962-02-09,12.737204760712615
1962-02-12,12.742970584394808
1962-02-13,12.703365985258035
1962-02-14,12.695208836421543
1962-02-15,12.810379154085965
1962-02-16,12.753878985003782
1962-02-19,12.674048109766716
1962-02-20,12.669379324140927
1962-02-21,12.635104130053042
1962-02-23,12.59092737759708
1962-02-26,12.527470702790271
1962-02-27,12.544517790689751
1962-02-28,12.561083704096946
1962-03-01,12.57267005782571
1962-03-02,12.515608774968246
1962-03-05,12.486644524801031
1962-03-06,12.43782612654893
1962-03-07,12.441563645248818
1962-03-08,12.537872627182262
1962-03-09,12.553236781721488
1962-03-12,12.532190559046493
1962-03-13,12.550068002448828
1962-03-14,12.561001200302131
1962-03-15,12.57625039866981
1962-03-16,12.589534970421502
1962-03-19,12.564708167807163
1962-03-20,12.558654237976144
1962-03-21,12.564693952843902
1962-03-22,12.569108523368685
1962-03-23,12.61817342960151
1962-03-26,12.468466353398341
1962-03-27,12.36264986970117
1962-03-28,12.456629543158929
1962-03-29,12.49871498795517
1962-03-30,12.370504822962404
1962-04-02,12.31696763980175
1962-04-03,12.179671135458872
1962-04-04,12.123368046057651
1962-04-05,12.148311220558677
1962-04-06,12.146157348196352
1962-04-09,11.89583987061358
1962-04-10,11.982114733281872
1962-04-11,11.979096391148536
1962-04-12,11.848331874578346
1962-04-13,11.85024762819668
1962-04-16,11.806612042602707
1962-04-17,11.799327475962064
1962-04-18,11.822596150946449
1962-04-19,11.912859110380703
1962-04-23,11.935653995174125
1962-04-24,11.89246419076255
1962-04-25,11.753012804229545
1962-04-26,11.623037169564924
1962-04-27,11.515719321050025
1962-04-30,11.314326932714549
1962-05-01,11.414630028045833
1962-05-02,11.486009139421178
1962-05-03,11.57380385441514
1962-05-04,11.562089883798869
1962-05-07,11.5488152995256
1962-05-08,11.375879324408524
1962-05-09,11.237890554018982
1962-05-10,11.139994395263074
1962-05-11,10.98207453187258
1962-05-14,11.010865761457012
1962-05-15,11.17785981276239
1962-05-16,11.16706706411117
1962-05-17,11.094349126203683
1962-05-18,11.026908791901723
1962-05-21,10.962746321653269
1962-05-22,10.778201447482363
1962-05-23,10.600075749674648
1962-05-24,10.483190360868546
1962-05-25,10.308816825970288
1962-05-28,9.673789180237083
1962-05-29,10.021936547529465
1962-05-31,10.2969673006833
1962-06-01,10.292822112520344
1962-06-04,9.959599166907186
1962-06-05,9.98909364126979
1962-06-06,10.121983319392884
1962-06-07,10.08933480617599
1962-06-08,10.152073510076203
1962-06-11,10.022924379962118
1962-06-12,9.817280448965443
1962-06-13,9.64150053599723
1962-06-14,9.379016734701606
1962-06-15,9.591287603161994
1962-06-18,9.578270932525076
1962-06-19,9.533966793032812
1962-06-20,9.386590297076186
1962-06-21,9.166645388391768
1962-06-22,9.0359567978484
1962-06-25,8.989014606410327
1962-06-26,9.008141623933296
1962-06-27,9.005009193439783
1962-06-28,9.291414168797337
1962-06-29,9.341518933100073
1962-07-02,9.505946691903048
1962-07-03,9.601976626271252
1962-07-05,9.669283170266446
1962-07-06,9.601197424350593
1962-07-09,9.605752292083851
1962-07-10,9.719666188129906
1962-07-11,9.751199491497866
1962-07-12,9.866229469640317
1962-07-13,9.832906878652734
1962-07-16,9.854965455259515
1962-07-17,9.740184736597957
1962-07-18,9.667624260909347
1962-07-19,9.702407569684096
1962-07-20,9.748853995076008
1962-07-23,9.726671633141814
1962-07-24,9.711995890514023
1962-07-25,9.724440789409806
1962-07-26,9.77693749264143
1962-07-27,9.848859393571061
1962-07-30,9.933442863527636
1962-07-31,9.998137491161344
1962-08-01,9.941704843043883
1962-08-02,9.92047536367295
1962-08-03,9.939496109651149
1962-08-06,9.912452910371453
1962-08-07,9.862790038022851
1962-08-08,9.899228551462661
1962-08-09,9.925302644254378
1962-08-10,9.943440998428471
1962-08-13,9.96368838364341
1962-08-14,10.02825629960011
1962-08-15,10.092984724379964
1962-08-16,10.09888122559801
1962-08-17,10.133825788808412
1962-08-20,10.203596427590874
1962-08-21,10.160248882437664
1962-08-22,10.249902134755846
1962-08-23,10.241486131857867
1962-08-24,10.225147999561685
1962-08-27,10.231839635599131
1962-08-28,10.135700009378
1962-08-29,10.099803860886976
1962-08-30,10.116866348530584
1962-08-31,10.201804550936844
1962-09-04,10.125512709505317
1962-09-05,10.081715617240075
1962-09-06,10.126349397756922
1962-09-07,10.12709880365202
1962-09-10,10.144582254889318
1962-09-11,10.160149819082488
1962-09-12,10.20144345629107
1962-09-13,10.189326489914535
1962-09-14,10.230742552685388
1962-09-17,10.241819324982322
1962-09-18,10.255207086634202
1962-09-19,10.248814211594617
1962-09-20,10.189525043762025
1962-09-21,10.04607596087429
1962-09-24,9.889025050906303
1962-09-25,9.910553948096585
1962-09-26,9.800794995716082
1962-09-27,9.762084470119595
1962-09-28,9.840953021284532
1962-10-01,9.73168531879895
1962-10-02,9.807890954262271
1962-10-03,9.865163887113324
1962-10-04,9.941877258238982
1962-10-05,10.026544092644208
1962-10-08,10.03415071481715
1962-10-09,10.056022512639915
1962-10-10,10.038047390328673
1962-10-11,10.016235736198038
1962-10-12,9.965725171921042
1962-10-15,9.984580189357175
1962-10-16,9.98189293128715
1962-10-17,9.920549146269687
1962-10-18,9.845637007233734
1962-10-19,9.687657931293108
1962-10-22,9.56546871665138
1962-10-23,9.30815418972247
1962-10-24,9.498048059105644
1962-10-25,9.461425616425696
1962-10-26,9.474642021752341
1962-10-29,9.655800137019595
1962-10-30,9.773068750203299
1962-10-31,9.780771474817557
1962-11-01,9.849055947409644
1962-11-02,9.965382308474284
1962-11-05,10.078289599329938
1962-11-07,10.126017530441775
1962-11-08,10.081104107159522
1962-11-09,10.1340209619982
1962-11-12,10.230677529134029
1962-11-13,10.231424754491446
1962-11-14,10.33770469791785
1962-11-15,10.314583409981955
1962-11-16,10.343338838627982
1962-11-19,10.318478049218928
1962-11-20,10.42711277270123
1962-11-21,10.499400240994229
1962-11-23,10.578713065702555
1962-11-26,10.538599055504033
1962-11-27,10.596840674429187
1962-11-28,10.689531775838585
1962-11-29,10.77006402883501
1962-11-30,10.804620249875722
1962-12-03,10.748914776081982
1962-12-04,10.863595599896797
1962-12-05,10.945852285909995
1962-12-06,10.92979019283354
1962-12-07,10.918158765005895
1962-12-10,10.76388088274536
1962-12-11,10.788008960710437
1962-12-12,10.834829298516413
1962-12-13,10.792139340788177
1962-12-14,10.811853828345841
1962-12-17,10.798204282300546
1962-12-18,10.812509068391291
1962-12-19,10.897859824448865
1962-12-20,10.953910865456075
1962-12-21,10.911199604616394
1962-12-24,10.9142186669026
1962-12-26,10.991608223491292
1962-12-27,10.944058081631658
1962-12-28,10.94869704945368
1962-12-31,10.972412924553531
1963-01-02,10.932704472750482
1963-01-03,11.124810881820475
1963-01-04,11.179805340631807
1963-01-07,11.166871094443001
1963-01-08,11.24907894696412
1963-01-09,11.239213311268509
1963-01-10,11.261128704496347
1963-01-11,11.298631790188542
1963-01-14,11.34046277833935
1963-01-15,11.341302038764493
1963-01-16,11.298694082878056
1963-01-17,11.360040081773844
1963-01-18,11.372049404898569
1963-01-21,11.413154434387652
1963-01-22,11.45656270549229
1963-01-23,11.471392304975776
1963-01-24,11.499069028419381
1963-01-25,11.56391883390384
1963-01-28,11.625947988124874
1963-01-29,11.628133751988372
1963-01-30,11.577368809419836
1963-01-31,11.634387914441254
1963-02-01,11.687277003279933
1963-02-04,11.653187459791559
1963-02-05,11.63326509186906
1963-02-06,11.670312292417778
1963-02-07,11.674864050542759
1963-02-08,11.69391043167226
1963-02-11,11.633711848272164
1963-02-12,11.634769445619476
1963-02-13,11.69399246095185
1963-02-14,11.766469542976264
1963-02-15,11.786006047310272
1963-02-18,11.815617070021696
1963-02-19,11.782960891863446
1963-02-20,11.774312409953813
1963-02-21,11.781684234677813
1963-02-25,11.705605765719222
1963-02-26,11.72876582905351
1963-02-27,11.66659893607319
1963-02-28,11.542619651822891
1963-03-01,11.511264711414976
1963-03-04,11.683282821640237
1963-03-05,11.678157954192281
1963-03-06,11.685580883406818
1963-03-07,11.757630389640742
1963-03-08,11.785500001504237
1963-03-11,11.815091758826608
1963-03-12,11.839867668440329
1963-03-13,11.880088636682979
1963-03-14,11.839424514102232
1963-03-15,11.87926070373485
1963-03-18,11.835154502005127
1963-03-19,11.798738861621116
1963-03-20,11.898486550163424
1963-03-21,11.894456317877857
1963-03-22,11.947908357275042
1963-03-25,12.000509306891512
1963-03-26,12.023622627605238
1963-03-27,12.062854092977966
1963-03-28,12.062908192584775
1963-03-29,12.100979315146029
1963-04-01,12.180527235630993
1963-04-02,12.217456068551595
1963-04-03,12.29328104129059
1963-04-04,12.366599816529313
1963-04-05,12.415242257875
1963-04-08,12.465012122256974
1963-04-09,12.472536595466336
1963-04-10,12.417812127578664
1963-04-11,12.487731628892348
1963-04-15,12.623049690975765
1963-04-16,12.598176298126953
1963-04-17,12.59120806669244
1963-04-18,12.622596464039264
1963-04-19,12.67513198906946
1963-04-22,12.708333058682584
1963-04-23,12.82095738297031
1963-04-24,12.864055750765615
1963-04-25,12.867431658902975
1963-04-26,12.831601348426668
1963-04-29,12.84478158355255
1963-04-30,12.920973593557326
1963-05-01,12.938797583233743
1963-05-02,12.969606588071398
1963-05-03,12.954740537754642
1963-05-06,12.878489961330567
1963-05-07,12.887015987775678
1963-05-08,13.012106465002988
1963-05-09,13.050474546352943
1963-05-10,13.089930965429097
1963-05-13,13.061486685741954
1963-05-14,13.049937187929585
1963-05-15,13.068112893445248
1963-05-16,13.069348934290195
1963-05-17,13.038158368822536
1963-05-20,12.98128646476882
1963-05-21,13.003309893020877
1963-05-22,13.028673979761344
1963-05-23,13.044375756181887
1963-05-24,13.037836800367053
1963-05-27,13.03830152474824
1963-05-28,13.050446805722117
1963-05-29,13.162145759502184
1963-05-31,13.251368291539475
1963-06-03,13.29218349007933
1963-06-04,13.297590360818026
1963-06-05,13.28207082589626
1963-06-06,13.280901976951222
1963-06-07,13.236121293117794
1963-06-10,13.117288703707908
1963-06-11,13.126424912559362
1963-06-12,13.205688618476396
1963-06-13,13.19501418333767
1963-06-14,13.198200339913663
1963-06-17,13.17613161404747
1963-06-18,13.2033568670129
1963-06-19,13.198149157366995
1963-06-20,13.193284460816239
1963-06-21,13.249586920420803
1963-06-24,13.266134858036867
1963-06-25,13.258923742384265
1963-06-26,13.094419824329332
1963-06-27,12.969248617427516
1963-06-28,13.00101829575185
1963-07-01,12.91751008547086
1963-07-02,13.011700255937988
1963-07-03,13.053680684683323
1963-07-05,13.098721222946088
1963-07-08,13.021169309933466
1963-07-09,13.085841390672384
1963-07-10,13.079938494327404
1963-07-11,13.04937680198167
1963-07-12,13.016696190194613
1963-07-15,12.93115941637497
1963-07-16,12.962368637864481
1963-07-17,12.916252050254068
1963-07-18,12.854883412581964
1963-07-19,12.806988702289726
1963-07-22,12.716876909680169
1963-07-23,12.708967481765347
1963-07-24,12.76994323254542
1963-07-25,12.757672479347718
1963-07-26,12.811736922061671
1963-07-29,12.867726329891461
1963-07-30,13.025841520177844
1963-07-31,12.98276911295666
1963-08-01,12.957672639953852
1963-08-02,13.021833646170952
1963-08-05,13.194213913956714
1963-08-06,13.258954095481478
1963-08-07,13.252044800749323
1963-08-08,13.269619739516006
1963-08-09,13.368340371224901
1963-08-12,13.405521006390918
1963-08-13,13.416537236872482
1963-08-14,13.430920665365685
1963-08-15,13.55406911447402
1963-08-16,13.596181034494867
1963-08-19,13.585093044219239
1963-08-20,13.557452464105598
1963-08-21,13.5486420434244
1963-08-22,13.61565487565541
1963-08-23,13.692596421963458
1963-08-26,13.720444472622937
1963-08-27,13.6618624994578
1963-08-28,13.811864577425466
1963-08-29,13.859065728874421
1963-08-30,13.932096884054069
1963-09-03,13.959656953361554
1963-09-04,13.961054409602571
1963-09-05,14.011446003882488
1963-09-06,13.967737455764347
1963-09-09,13.922947683520231
1963-09-10,14.06226297637691
1963-09-11,14.116913878535303
1963-09-12,14.130863488380967
1963-09-13,14.160486041477697
1963-09-16,14.174205906188389
1963-09-17,14.195602420342432
1963-09-18,14.138620891452007
1963-09-19,14.2129407748136
1963-09-20,14.250011634933744
1963-09-23,14.170386737544026
1963-09-24,14.176825681577938
1963-09-25,14.113101135253698
1963-09-26,13.976468778335159
1963-09-27,13.962810949944224
1963-09-30,13.856461071853852
1963-10-01,13.962963112403669
1963-10-02,13.981873610377313
1963-10-03,14.07535050271976
1963-10-04,14.091654901930708
1963-10-07,14.0398953673618
1963-10-08,14.05812792892108
1963-10-09,13.996280861778763
1963-10-10,14.001127688299366
1963-10-11,14.044759326508682
1963-10-14,14.055716944913021
1963-10-15,14.081960894212816
1963-10-16,14.20962791212001
1963-10-17,14.226440922447054
1963-10-18,14.247019050686625
1963-10-21,14.246766431984303
1963-10-22,14.207575027985126
1963-10-23,14.178269933017512
1963-10-24,14.302605518530148
1963-10-25,14.398356073440706
1963-10-28,14.42273427471697
1963-10-29,14.434728228193395
1963-10-30,14.33683782343935
1963-10-31,14.374154014569813
1963-11-01,14.422689711467036
1963-11-04,14.340258306723888
1963-11-06,14.241503747483263
1963-11-07,14.296636567892566
1963-11-08,14.373614523687946
1963-11-11,14.39688140349496
1963-11-12,14.390303912022274
1963-11-13,14.43302112960251
1963-11-14,14.384175475441205
1963-11-15,14.307284555603015
1963-11-18,14.181328678527311
1963-11-19,14.227762299195973
1963-11-20,14.210271471143468
1963-11-21,14.014243652758775
1963-11-22,13.639152766886848
1963-11-26,14.153570451406527
1963-11-27,14.138866389966763
1963-11-29,14.319969001110973
1963-12-02,14.394397569502098
1963-12-03,14.367349760802878
1963-12-04,14.467942089998292
1963-12-05,14.570043878481286
1963-12-06,14.578647257905395
1963-12-09,14.581117410999033
1963-12-10,14.607504775358327
1963-12-11,14.58023068516304
1963-12-12,14.577157633454101
1963-12-13,14.611180443045413
1963-12-16,14.686478994393815
1963-12-17,14.760500565697443
1963-12-18,14.723967238804208
1963-12-19,14.587016595642911
1963-12-20,14.550242369770295
1963-12-23,14.44797091265898
1963-12-24,14.483357775758602
1963-12-26,14.509885267670697
1963-12-27,14.540864690757761
1963-12-30,14.583583291930461
1963-12-31,14.640812397789825
1964-01-02,14.744644302639818
1964-01-03,14.815889800286131
1964-01-06,14.82866550386567
1964-01-07,14.840415601118975
1964-01-08,14.875112403817619
1964-01-09,14.904984562928579
1964-01-10,14.887397039537575
1964-01-13,14.899047556536003
1964-01-14,14.936273494912612
1964-01-15,15.035364608214554
1964-01-16,15.00229478620302
1964-01-17,14.996583522754817
1964-01-20,14.960623275649077
1964-01-21,14.956036329155939
1964-01-22,15.021935249631875
1964-01-23,15.053176986460931
1964-01-24,15.094507202562678
1964-01-27,15.035183485234185
1964-01-28,15.015678516367103
1964-01-29,14.93950585219546
1964-01-30,14.926703490929116
1964-01-31,14.95912042784037
1964-02-03,14.958605331923058
1964-02-04,14.915316337872659
1964-02-05,14.870481382464963
1964-02-06,14.93196683685901
1964-02-07,14.966361645056422
1964-02-10,14.965354541270154
1964-02-11,15.032193826904713
1964-02-12,15.072535470727948
1964-02-13,15.110181092812688
1964-02-14,15.115192313273663
1964-02-17,15.11536713320596
1964-02-18,15.068993851059261
1964-02-19,15.176779026032465
1964-02-20,15.191608528992425
1964-02-24,15.222151966190703
1964-02-25,15.20225942459911
1964-02-26,15.302954945692505
1964-02-27,15.27713954192904
1964-02-28,15.319828828722747
1964-03-02,15.341850877134993
1964-03-03,15.34818953639984
1964-03-04,15.310355056486394
1964-03-05,15.365509437912786
1964-03-06,15.454500447472924
1964-03-09,15.464798292411343
1964-03-10,15.459671906514865
1964-03-11,15.52088901319737
1964-03-12,15.535826387825821
1964-03-13,15.570411119851562
1964-03-16,15.535059710833831
1964-03-17,15.62609754615078
1964-03-18,15.597404541596717
1964-03-19,15.5704775829673
1964-03-20,15.503335835855932
1964-03-23,15.482135939365095
1964-03-24,15.469914725709971
1964-03-25,15.489205999006142
1964-03-26,15.501342458098513
1964-03-30,15.340184937642297
1964-03-31,15.1641738442875
1964-04-01,15.229035094682981
1964-04-02,15.16459016942691
1964-04-03,15.262695550652909
1964-04-06,15.258307592865311
1964-04-07,15.175870219976508
1964-04-08,15.19036287987319
1964-04-09,15.26242533699509
1964-04-10,15.286490967486774
1964-04-13,15.283902958340141
1964-04-14,15.2773768643862
1964-04-15,15.272231432883256
1964-04-16,15.27342476298547
1964-04-17,15.346317102693137
1964-04-20,15.355513165144737
1964-04-21,15.375352814218228
1964-04-22,15.428558484298083
1964-04-23,15.365869360260962
1964-04-24,15.23011335942401
1964-04-27,15.088846536127056
1964-04-28,15.22116339287845
1964-04-29,15.142660183999668
1964-04-30,15.089791505595434
1964-05-01,15.19702503754042
1964-05-04,15.286407249577087
1964-05-05,15.297697954111507
1964-05-06,15.375932659869127
1964-05-07,15.388964897426282
1964-05-08,15.414600848232183
1964-05-11,15.394213765578252
1964-05-12,15.441517886719934
1964-05-13,15.367691564337006
1964-05-14,15.362961221738354
1964-05-15,15.406352008489943
1964-05-18,15.371025865070585
1964-05-19,15.333849746666536
1964-05-20,15.441320521053244
1964-05-21,15.454320252321175
1964-05-22,15.460764706752839
1964-05-25,15.463264754487952
1964-05-26,15.404956059216264
1964-05-27,15.382430052815504
1964-05-28,15.413779985398522
1964-06-01,15.328877889783342
1964-06-02,15.228832364434442
1964-06-03,15.163354871583458
1964-06-04,14.979846730757309
1964-06-05,15.015967147793654
1964-06-08,14.854780948600036
1964-06-09,14.977013409410304
1964-06-10,15.030906603281675
1964-06-11,15.060991884977836
1964-06-12,15.101189950319336
1964-06-15,15.179189871449045
1964-06-16,15.246545095215808
1964-06-17,15.305372436108106
1964-06-18,15.290323784706542
1964-06-19,15.317905961104104
1964-06-22,15.362234936434472
1964-06-23,15.285215572049191
1964-06-24,15.330923195427381
1964-06-25,15.358780439505475
1964-06-26,15.37655855945386
1964-06-29,15.3898001165292
1964-06-30,15.429744550378963
1964-07-01,15.539975399601172
1964-07-02,15.58731526857823
1964-07-06,15.62788416833321
1964-07-07,15.640898457874922
1964-07-08,15.637089115516197
1964-07-09,15.66241092228989
1964-07-10,15.695660024889806
1964-07-13,15.687891846946478
1964-07-14,15.638927318873163
1964-07-15,15.744914087129626
1964-07-16,15.773802024387933
1964-07-17,15.830827553913778
1964-07-20,15.772299286348154
1964-07-21,15.746187694116212
1964-07-22,15.785570755521674
1964-07-23,15.793537902887556
1964-07-24,15.74588432268898
1964-07-27,15.686583530954833
1964-07-28,15.656463227649247
1964-07-29,15.742293094501427
1964-07-30,15.777648215267835
1964-07-31,15.769280778927735
1964-08-03,15.710918669425375
1964-08-04,15.444683020562286
1964-08-05,15.498415674563795
1964-08-06,15.350342185575114
1964-08-07,15.463396155274035
1964-08-10,15.525630115541903
1964-08-11,15.538586795128216
1964-08-12,15.647533261081135
1964-08-13,15.700224819268538
1964-08-14,15.656522137402776
1964-08-17,15.605374239345446
1964-08-18,15.637397409001014
1964-08-19,15.63022148780784
1964-08-20,15.529205824140979
1964-08-21,15.562994078525175
1964-08-24,15.542758640320246
1964-08-25,15.444522036462992
1964-08-26,15.411544289906074
1964-08-27,15.468903379687692
1964-08-28,15.518627618681906
1964-08-31,15.473042246316794
1964-09-01,15.589922079022447
1964-09-02,15.633205287065511
1964-09-03,15.65130126980227
1964-09-04,15.70058861852485
1964-09-08,15.665900640392156
1964-09-09,15.720468185176372
1964-09-10,15.806067952165133
1964-09-11,15.925614116223914
1964-09-14,15.922883811627301
1964-09-15,15.8958801240379
1964-09-16,15.926761733757797
1964-09-17,16.01588590402211
1964-09-18,15.987059655826311
1964-09-21,16.10235097917359
1964-09-22,16.086368267532986
1964-09-23,16.20429640420222
1964-09-24,16.22838233475352
1964-09-25,16.248833183044443
1964-09-28,16.268438756638293
1964-09-29,16.223805014752042
1964-09-30,16.22788442733751
1964-10-01,16.15922699025469
1964-10-02,16.191102661735435
1964-10-05,16.270105002655026
1964-10-06,16.35016383963824
1964-10-07,16.352510117492233
1964-10-08,16.43109016818867
1964-10-09,16.49519932028418
1964-10-12,16.494247331504578
1964-10-13,16.51370505031924
1964-10-14,16.571685226764732
1964-10-15,16.375915564592272
1964-10-16,16.565547119022003
1964-10-19,16.664418270002642
1964-10-20,16.7331836184648
1964-10-21,16.67365667491056
1964-10-22,16.66197057793626
1964-10-23,16.788214838882663
1964-10-26,16.726118385377347
1964-10-27,16.686691061206766
1964-10-28,16.56913088881136
1964-10-29,16.52435536174615
1964-10-30,16.522690038204352
1964-11-02,16.66100057707036
1964-11-04,16.673779884896128
1964-11-05,16.6921095942606
1964-11-06,16.6084263446546
1964-11-09,16.552690010434393
1964-11-10,16.44204607697872
1964-11-11,16.489026912376126
1964-11-12,16.53804040229421
1964-11-13,16.626515068977966
1964-11-16,16.706326192531527
1964-11-17,16.81518180191852
1964-11-18,16.861156954904747
1964-11-19,16.85266341038091
1964-11-20,16.841924140983117
1964-11-23,16.89212948871236
1964-11-24,16.82404189232133
1964-11-25,16.84082384778865
1964-11-27,16.730496676614322
1964-11-30,16.603474455537455
1964-12-01,16.405057692088757
1964-12-02,16.440495527915587
1964-12-03,16.516729240057423
1964-12-04,16.551492144867
1964-12-07,16.525503042145843
1964-12-08,16.393984846741578
1964-12-09,16.259063131619012
1964-12-10,16.205237098500543
1964-12-11,16.271112122887818
1964-12-14,16.228621286744076
1964-12-15,16.155579464235036
1964-12-16,16.15404996836737
1964-12-17,16.27225352710278
1964-12-18,16.435442528807698
1964-12-21,16.414805239944464
1964-12-22,16.37399520593844
1964-12-23,16.33132258246186
1964-12-24,16.357356207009634
1964-12-28,16.31406252348162
1964-12-29,16.294256138218064
1964-12-30,16.39386451150573
1964-12-31,16.4719813650978
1965-01-04,16.331180488958537
1965-01-05,16.33933965030543
1965-01-06,16.406389463210093
1965-01-07,16.54583206000397
1965-01-08,16.61433046215352
1965-01-11,16.528951382809286
1965-01-12,16.448844704262143
1965-01-13,16.516321654852437
1965-01-14,16.59304854805622
1965-01-15,16.676859688471147
1965-01-18,16.708552436249647
1965-01-19,16.722994264904
1965-01-20,16.68771783755435
1965-01-21,16.77463433368368
1965-01-22,16.875114797908353
1965-01-25,16.88946216242869
1965-01-26,16.86747374182787
1965-01-27,16.972605303618945
1965-01-28,17.15803509989965
1965-01-29,17.240950033789275
1965-02-01,17.250114741906607
1965-02-02,17.29124890235646
1965-02-03,17.348599638903796
1965-02-04,17.337046407416427
1965-02-05,17.374192413300076
1965-02-08,17.432124230340666
1965-02-09,17.464588163938814
1965-02-10,17.346840042558423
1965-02-11,17.21364551506249
1965-02-12,17.48057434174
1965-02-15,17.52606403753751
1965-02-16,17.56325726808768
1965-02-17,17.614283615417786
1965-02-18,17.634120714734102
1965-02-19,17.72023491846304
1965-02-23,17.834095728329785
1965-02-24,17.92418179179445
1965-02-25,18.008062938097073
1965-02-26,18.029231295790467
1965-03-01,18.03101503905165
1965-03-02,18.056222344431426
1965-03-03,18.02888983974895
1965-03-04,17.954610105262017
1965-03-05,17.879297136507038
1965-03-08,17.92503754559585
1965-03-09,17.90522842639464
1965-03-10,17.876066213706974
1965-03-11,17.895818656664936
1965-03-12,17.986140358018726
1965-03-15,17.994313714465587
1965-03-16,17.920765792088805
1965-03-17,17.878079370629017
1965-03-18,17.871976687656463
1965-03-19,17.931156009569026
1965-03-22,17.91705663086566
1965-03-23,17.930878153107987
1965-03-24,17.956095100927765
1965-03-25,17.930903313821343
1965-03-26,17.935851289862537
1965-03-29,17.88203537071153
1965-03-30,17.94490708662644
1965-03-31,18.012136064043684
1965-04-01,18.02610792500019
1965-04-02,18.013625714260748
1965-04-05,18.02459614845772
1965-04-06,18.032342467278234
1965-04-07,18.064115892291035
1965-04-08,18.166714944787813
1965-04-09,18.272819205015267
1965-04-12,18.3693751963602
1965-04-13,18.487858455580938
1965-04-14,18.567608076729037
1965-04-15,18.574090297796932
1965-04-19,18.62243457297855
1965-04-20,18.6170442282189
1965-04-21,18.554486734766638
1965-04-22,18.620197555411675
1965-04-23,18.655715291595026
1965-04-26,18.685800504930295
1965-04-27,18.65681533053629
1965-04-28,18.606951995018594
1965-04-29,18.602537904326244
1965-04-30,18.645049652797045
1965-05-03,18.656731319104832
1965-05-04,18.696644750805063
1965-05-05,18.717759522480428
1965-05-06,18.775741476171667
1965-05-07,18.771918532126556
1965-05-10,18.800857950838058
1965-05-11,18.745700438570033
1965-05-12,18.777122736561626
1965-05-13,18.82504353507679
1965-05-14,18.79340695550763
1965-05-17,18.743011891814053
1965-05-18,18.742887422600905
1965-05-19,18.76331165326951
1965-05-20,18.555273355272778
1965-05-21,18.48281354448165
1965-05-24,18.211735670676024
1965-05-25,18.398267915009793
1965-05-26,18.373303401229364
1965-05-27,18.250563581665574
1965-05-28,18.35179101458736
1965-06-01,18.228493389936663
1965-06-02,18.08109590787708
1965-06-03,18.024668588146216
1965-06-04,17.957370850149726
1965-06-07,17.952624283950612
1965-06-08,17.783115263472887
1965-06-09,17.462551564150992
1965-06-10,17.358507845830335
1965-06-11,17.39559578785341
1965-06-14,17.064696626926107
1965-06-15,17.232500456842327
1965-06-16,17.40575310509687
1965-06-17,17.522670321281577
1965-06-18,17.403329696163627
1965-06-21,17.24933246773006
1965-06-22,17.299261146652253
1965-06-23,17.22480399534886
1965-06-24,16.83917018940602
1965-06-25,16.688849829235235
1965-06-28,16.1760000715584
1965-06-29,16.35934903078937
1965-06-30,16.866057481496053
1965-07-01,16.92995407016871
1965-07-02,17.08851283248337
1965-07-06,17.065390562270544
1965-07-07,17.045709612381746
1965-07-08,17.189119068318135
1965-07-09,17.331694058761467
1965-07-12,17.323393457194822
1965-07-13,17.343204179789666
1965-07-14,17.421579773959554
1965-07-15,17.437899522692124
1965-07-16,17.42490727860892
1965-07-19,17.46130418128014
1965-07-20,17.188216424739352
1965-07-21,17.140685297949158
1965-07-22,17.152946453668378
1965-07-23,17.249219928517643
1965-07-26,17.35140528913042
1965-07-27,17.295532255741993
1965-07-28,17.392810588311256
1965-07-29,17.521582066713197
1965-07-30,17.677793585359137
1965-08-02,17.792196745085356
1965-08-03,17.808039605618756
1965-08-04,17.91129253588915
1965-08-05,17.960923365209187
1965-08-06,18.057760129202435
1965-08-09,18.098386072539704
1965-08-10,18.116426803266226
1965-08-11,18.195994450473915
1965-08-12,18.261155788833452
1965-08-13,18.423882786114984
1965-08-16,18.440573805224123
1965-08-17,18.483677848487382
1965-08-18,18.521488826343415
1965-08-19,18.401134030353578
1965-08-20,18.426783711207797
1965-08-23,18.466082957510512
1965-08-24,18.585119253314282
1965-08-25,18.707454952633643
1965-08-26,18.85028406971262
1965-08-27,18.86425530711246
1965-08-30,18.84833305002811
1965-08-31,18.79112598285724
1965-09-01,18.814543997422305
1965-09-02,19.021221917820768
1965-09-03,19.134380576440325
1965-09-07,19.239329025566864
1965-09-08,19.33051056831811
1965-09-09,19.41839166169478
1965-09-10,19.53444472679242
1965-09-13,19.722276460939735
1965-09-14,19.57645807357593
1965-09-15,19.73613716289822
1965-09-16,19.83315542687153
1965-09-17,19.881969252937054
1965-09-20,20.0587854499332
1965-09-21,20.01746523502343
1965-09-22,20.337603078169703
1965-09-23,20.217170917499324
1965-09-24,20.3878315371584
1965-09-27,20.655674495187718
1965-09-28,20.670445714994038
1965-09-29,20.454500581935502
1965-09-30,20.243907398991347
1965-10-01,20.243262279439715
1965-10-04,20.395600819221922
1965-10-05,20.612562954881355
1965-10-06,20.610566394224392
1965-10-07,20.696487711740676
1965-10-08,20.926512169312865
1965-10-11,21.24685130828014
1965-10-12,21.254680365055954
1965-10-13,21.29465057167045
1965-10-14,21.261608087078454
1965-10-15,21.28248153685201
1965-10-18,21.478097948733392
1965-10-19,21.516791880782232
1965-10-20,21.53534090356768
1965-10-21,21.560943573062353
1965-10-22,21.433710043593763
1965-10-25,21.165086238001685
1965-10-26,21.417116279258924
1965-10-27,21.559471119933534
1965-10-28,21.432319392079574
1965-10-29,21.52962724180895
1965-11-01,21.519426054796096
1965-11-03,21.5255095459536
1965-11-04,21.744210283834484
1965-11-05,21.775454086289347
1965-11-08,21.825739196922196
1965-11-09,21.773210732165783
1965-11-10,21.75787066928437
1965-11-11,21.950210891237283
1965-11-12,22.2912070823762
1965-11-15,22.478906592532322
1965-11-16,22.605762660185523
1965-11-17,22.489732270458727
1965-11-18,22.586614036633716
1965-11-19,22.725411503667896
1965-11-22,22.732637669263106
1965-11-23,23.001927854612376
1965-11-24,23.214326814704954
1965-11-26,23.484125992104563
1965-11-29,23.534130037852126
1965-11-30,23.539088644222566
1965-12-01,23.470473048434844
1965-12-02,23.412765648477055
1965-12-03,23.446540789672145
1965-12-06,23.10994804831297
1965-12-07,23.54126104506926
1965-12-08,23.591272967484098
1965-12-09,23.70964454203074
1965-12-10,23.84521941291973
1965-12-13,24.06114934988026
1965-12-14,24.20907452569054
1965-12-15,24.316642717247355
1965-12-16,24.44358342477137
1965-12-17,24.427734426415082
1965-12-20,24.078161499385768
1965-12-21,24.104407811310107
1965-12-22,23.77273616623267
1965-12-23,23.53639904962147
1965-12-27,23.441781035983865
1965-12-28,23.461529191484335
1965-12-29,23.74297976486801
1965-12-30,23.833742870193387
1965-12-31,23.88154836742287
1966-01-03,23.919959224653375
1966-01-04,23.877588524615565
1966-01-05,24.009481018824477
1966-01-06,23.922058556642405
1966-01-07,24.013539965260115
1966-01-10,24.306646626113146
1966-01-11,24.488210960834316
1966-01-12,24.513983059233855
1966-01-13,24.78291949636165
1966-01-14,24.777897919918168
1966-01-17,24.936613911999277
1966-01-18,25.248336800505065
1966-01-19,25.259153773582753
1966-01-20,25.180460095226586
1966-01-21,25.225365728413212
1966-01-24,25.439967087999722
1966-01-25,25.57218982731176
1966-01-26,25.632748547328525
1966-01-27,25.776415026528444
1966-01-28,25.78330619738801
1966-01-31,25.722942427865394
1966-02-01,25.193635062852895
1966-02-02,25.555283453513685
1966-02-03,25.492827930376784
1966-02-04,25.60406336638455
1966-02-07,25.813818899903545
1966-02-08,25.78976203957118
1966-02-09,26.198830427087117
1966-02-10,26.196569889331368
1966-02-11,26.273394275684478
1966-02-14,26.302554786910765
1966-02-15,26.188518303769445
1966-02-16,26.2407789610799
1966-02-17,26.148327789446906
1966-02-18,26.227271032650076
1966-02-21,26.10203863555001
1966-02-23,26.030541327235753
1966-02-24,25.91566776405901
1966-02-25,26.157854228154804
1966-02-28,26.52159384691096
1966-03-01,26.11644857912475
1966-03-02,25.557225132134985
1966-03-03,25.859009731452037
1966-03-04,25.610540168780677
1966-03-07,25.031217171916353
1966-03-08,24.904331108904373
1966-03-09,25.26997012685573
1966-03-10,25.170949981795168
1966-03-11,25.212414001971272
1966-03-14,24.613876932220883
1966-03-15,24.193992380091128
1966-03-16,24.551623899183074
1966-03-17,24.66776656777463
1966-03-18,25.07869059337847
1966-03-21,25.87351950589193
1966-03-22,25.98461679838454
1966-03-23,25.977747161573355
1966-03-24,26.153308085914528
1966-03-25,26.320020763508918
1966-03-28,26.86010813618292
1966-03-29,26.576674657823403
1966-03-30,26.209184813931873
1966-03-31,26.461324868646695
1966-04-01,26.788706669075356
1966-04-04,27.182809976091658
1966-04-05,27.24308333330247
1966-04-06,27.243378174285468
1966-04-07,27.540876783569843
1966-04-11,27.826927370137728
1966-04-12,28.035588997515383
1966-04-13,28.34445550277449
1966-04-14,28.503529720836507
1966-04-15,28.517761579813524
1966-04-18,28.145523696554058
1966-04-19,28.304258873834822
1966-04-20,28.331426927410764
1966-04-21,28.14782735122067
1966-04-22,27.920443527609194
1966-04-25,27.915638961383777
1966-04-26,28.006995777918196
1966-04-27,27.81781349446512
1966-04-28,27.651341081926315
1966-04-29,27.76081080671785
1966-05-02,27.544643380386116
1966-05-03,27.002518663967532
1966-05-04,26.796571622600258
1966-05-05,25.571318471345954
1966-05-06,25.691784641136568
1966-05-09,24.863099837319776
1966-05-10,25.277513470056583
1966-05-11,25.291416831514706
1966-05-12,24.680098623192833
1966-05-13,24.188874689007857
1966-05-16,23.359984966920106
1966-05-17,22.8065129567447
1966-05-18,23.80853894313122
1966-05-19,23.544066130339676
1966-05-20,24.022317495445574
1966-05-23,24.510804368989735
1966-05-24,24.77561144829513
1966-05-25,24.90300029918707
1966-05-26,24.888786516037857
1966-05-27,25.0885211411417
1966-05-31,24.531870791320856
1966-06-01,24.64058226981175
1966-06-02,24.632248770530023
1966-06-03,24.644346163541147
1966-06-06,24.2576558518263
1966-06-07,24.019311200898542
1966-06-08,24.244430021020296
1966-06-09,24.77734788828254
1966-06-10,25.326090137103975
1966-06-13,25.44571138885731
1966-06-14,25.61951650488241
1966-06-15,25.650360865460897
1966-06-16,25.656774566893194
1966-06-17,25.65943842911169
1966-06-20,25.51761307898331
1966-06-21,25.541257676939075
1966-06-22,25.60589794610112
1966-06-23,25.336978049958134
1966-06-24,25.574086403588417
1966-06-27,25.14370933512695
1966-06-28,25.01814136471608
1966-06-29,24.535450978356085
1966-06-30,24.467471560052985
1966-07-01,24.678942068884226
1966-07-05,24.544038079722835
1966-07-06,24.997249281490017
1966-07-07,25.14375066522573
1966-07-08,25.26746749171742
1966-07-11,25.295869408588736
1966-07-12,25.0901993887325
1966-07-13,24.910369240294617
1966-07-14,25.25178342791788
1966-07-15,25.422248394317172
1966-07-18,25.267374307714
1966-07-19,24.95044215446914
1966-07-20,24.71093883307528
1966-07-21,24.650206911458806
1966-07-22,24.609942663083668
1966-07-25,23.856326497745943
1966-07-26,23.775115233036274
1966-07-27,24.042061654723238
1966-07-28,23.888066659370104
1966-07-29,23.836660766012542
1966-08-01,23.28343725655771
1966-08-02,23.240799034497932
1966-08-03,23.7020039997418
1966-08-04,23.975988427210197
1966-08-05,23.970551641811824
1966-08-08,24.0318187263329
1966-08-09,24.250199710861956
1966-08-10,24.20848637929831
1966-08-11,24.416383793873397
1966-08-12,24.60121793596333
1966-08-15,24.431307273156797
1966-08-16,24.08623774003116
1966-08-17,23.970626921905946
1966-08-18,23.683082960867097
1966-08-19,23.387450085740845
1966-08-22,22.917622064659312
1966-08-23,23.076219502955396
1966-08-24,23.332695909379005
1966-08-25,22.851482915054934
1966-08-26,21.905508932319606
1966-08-29,21.014457689852033
1966-08-30,21.628735944457127
1966-08-31,21.899157329454642
1966-09-01,21.86716142148826
1966-09-02,21.724310001478905
1966-09-06,21.678075255094363
1966-09-07,21.397328552730084
1966-09-08,21.43146229489042
1966-09-09,21.59961256592941
1966-09-12,22.307977369771777
1966-09-13,22.416341614802878
1966-09-14,22.573645430373862
1966-09-15,22.625337240556373
1966-09-16,22.56270000693122
1966-09-19,22.398687277801123
1966-09-20,22.159816665379868
1966-09-21,21.681329907599654
1966-09-22,21.69326344935759
1966-09-23,21.593270117450192
1966-09-26,21.714456088729342
1966-09-27,21.581445847077962
1966-09-28,21.26971561028675
1966-09-29,20.904077007540124
1966-09-30,20.888826508069844
1966-10-03,20.155547897615453
1966-10-04,19.839255448583035
1966-10-05,19.37965137066687
1966-10-06,18.828819317735746
1966-10-07,18.49132914475173
1966-10-10,18.923907370479927
1966-10-11,19.01815868540804
1966-10-12,19.53338894945877
1966-10-13,19.524443341729594
1966-10-14,19.460686556880244
1966-10-17,19.67753902697103
1966-10-18,20.129303164298815
1966-10-19,19.924308246069074
1966-10-20,19.770587591884446
1966-10-21,19.629735830947983
1966-10-24,19.63061417855294
1966-10-25,19.584118122212622
1966-10-26,19.908135174481085
1966-10-27,19.99760347167788
1966-10-28,19.934723941815907
1966-10-31,19.96420282291962
1966-11-01,20.18695290874406
1966-11-02,20.366723482346202
1966-11-03,20.419496903068566
1966-11-04,20.521388126280556
1966-11-07,20.56212145069216
1966-11-09,20.75358893537162
1966-11-10,20.84230845399395
1966-11-11,20.887426152526043
1966-11-14,20.93281977489702
1966-11-15,21.063077222691895
1966-11-16,21.356943665986755
1966-11-17,21.28202134060025
1966-11-18,21.27799903012556
1966-11-21,21.02675988063304
1966-11-22,20.920003539045112
1966-11-23,21.122730239297102
1966-11-25,21.46737120436113
1966-11-28,21.581965421797808
1966-11-29,21.62239081910869
1966-11-30,21.781823412679092
1966-12-01,21.809532348699626
1966-12-02,21.804087455107787
1966-12-05,21.787470408758455
1966-12-06,21.931317447805736
1966-12-07,22.077453919380822
1966-12-08,22.122604493244452
1966-12-09,22.215985949781842
1966-12-12,22.349768801607283
1966-12-13,22.31340419158303
1966-12-14,22.276197718646127
1966-12-15,22.09265839216465
1966-12-16,22.06332896376397
1966-12-19,22.082870746696322
1966-12-20,21.954158022475823
1966-12-21,22.016247403370702
1966-12-22,22.099272350543682
1966-12-23,22.118166500645028
1966-12-27,22.048292711846912
1966-12-28,21.89485472739976
1966-12-29,21.831832731481686
1966-12-30,21.891338131697303
1967-01-03,21.942942881885006
1967-01-04,21.956641694447576
1967-01-05,22.159600964233945
1967-01-06,22.403131759715805
1967-01-09,22.538099134240078
1967-01-10,22.49235858513213
1967-01-11,22.73118441698413
1967-01-12,22.71761540127415
1967-01-13,22.91406953791332
1967-01-16,22.835340418484247
1967-01-17,22.996405523143327
1967-01-18,23.170532490476862
1967-01-19,23.23894813813848
1967-01-20,23.347011442232517
1967-01-23,23.513497522388402
1967-01-24,23.604126856702447
1967-01-25,23.494633533764144
1967-01-26,23.502151125248588
1967-01-27,23.631068365833322
1967-01-30,23.713922656855747
1967-01-31,23.673747650429554
1967-02-01,23.59417231597402
1967-02-02,23.651351338553784
1967-02-03,23.778473260741087
1967-02-06,23.71984087821721
1967-02-07,23.718960844647253
1967-02-08,23.96231277410611
1967-02-09,24.011273379387138
1967-02-10,24.076898282571417
1967-02-13,24.158021799929845
1967-02-14,24.336433886644294
1967-02-15,24.404539640867895
1967-02-16,24.322021551014316
1967-02-17,24.363547692378813
1967-02-20,24.29503589970536
1967-02-21,24.41259152072277
1967-02-23,24.460263615109263
1967-02-24,24.59009405706924
1967-02-27,24.3602348436915
1967-02-28,24.508784065515552
1967-03-01,24.865386542031732
1967-03-02,24.995525826844037
1967-03-03,25.04173589651093
1967-03-06,25.06940926308051
1967-03-07,25.160375697684675
1967-03-08,25.178360002474104
1967-03-09,25.19190889448943
1967-03-10,25.334529481599656
1967-03-13,25.21349212506223
1967-03-14,25.15068644021624
1967-03-15,25.285285962433036
1967-03-16,25.55233864887392
1967-03-17,25.593453912019744
1967-03-20,25.60548892302355
1967-03-21,25.54473192118679
1967-03-22,25.71005219449323
1967-03-23,25.81475968573475
1967-03-27,25.861585532109416
1967-03-28,25.839775140345573
1967-03-29,25.86775140920493
1967-03-30,26.036321236372657
1967-03-31,25.988821690191727
1967-04-03,25.678338371364262
1967-04-04,25.68777307275015
1967-04-05,25.889665769356174
1967-04-06,25.94718588987569
1967-04-07,25.738318042023227
1967-04-10,25.34437157537913
1967-04-11,25.613478399492905
1967-04-12,25.662933037742288
1967-04-13,25.81596831562369
1967-04-14,26.045675017399283
1967-04-17,26.134083846389817
1967-04-18,26.337546668623972
1967-04-19,26.49660057642966
1967-04-20,26.61829429189057
1967-04-21,26.86417960086287
1967-04-24,26.968824753911587
1967-04-25,27.17872369218563
1967-04-26,27.066030146545447
1967-04-27,27.513803596561807
1967-04-28,27.77213517478175
1967-05-01,27.96873906621311
1967-05-02,28.03414017849095
1967-05-03,27.979125017732542
1967-05-04,27.96094699791824
1967-05-05,27.85107436283217
1967-05-08,27.819586989548892
1967-05-09,27.411188597711426
1967-05-10,27.353721618768546
1967-05-11,27.650472412218676
1967-05-12,27.67241749880024
1967-05-15,27.504585667044314
1967-05-16,27.716050649837488
1967-05-17,27.663657225308896
1967-05-18,27.756480556572935
1967-05-19,27.79423016979461
1967-05-22,27.876084295911483
1967-05-23,27.73089988244844
1967-05-24,27.274620621677098
1967-05-25,27.543619723078425
1967-05-26,27.57191895085583
1967-05-29,27.48421401655343
1967-05-31,26.770181340322235
1967-06-01,27.135572774203133
1967-06-02,27.150396278492458
1967-06-05,26.428103441490073
1967-06-06,27.209140643917646
1967-06-07,27.6256829520423
1967-06-08,28.0230610855455
1967-06-09,28.234993296595654
1967-06-12,28.52003853552278
1967-06-13,28.710045337863964
1967-06-14,28.754403358358296
1967-06-15,28.89085626513298
1967-06-16,28.77863390279082
1967-06-19,28.829047692185735
1967-06-20,28.86069092295906
1967-06-21,28.792292869538468
1967-06-22,28.89167553743271
1967-06-23,28.97680281522639
1967-06-26,28.88081453173942
1967-06-27,28.77808892383233
1967-06-28,28.914937072096137
1967-06-29,28.57203059938632
1967-06-30,28.58717334186704
1967-07-03,28.7660649175904
1967-07-05,28.91308227340806
1967-07-06,28.93883833783468
1967-07-07,29.15123767239666
1967-07-10,29.437719159068095
1967-07-11,29.640970946297813
1967-07-12,29.672298814743613
1967-07-13,29.684586465277903
1967-07-14,29.818255381006963
1967-07-17,29.838180102259326
1967-07-18,29.917778601850806
1967-07-19,29.78148410107061
1967-07-20,29.59414089285104
1967-07-21,29.43764174115447
1967-07-24,29.204021264180824
1967-07-25,29.324690522980852
1967-07-26,29.49472684544646
1967-07-27,29.675049877472723
1967-07-28,29.750512414346808
1967-07-31,29.75906430571072
1967-08-01,29.874807710445783
1967-08-02,29.934012813550307
1967-08-03,29.91593367276133
1967-08-04,30.105017524046733
1967-08-07,30.03036909062696
1967-08-08,30.10859614371291
1967-08-09,30.168363946783987
1967-08-10,30.102584251585835
1967-08-11,29.81623613795497
1967-08-14,29.46802169390717
1967-08-15,29.484053514605154
1967-08-16,29.333863860494624
1967-08-17,29.47731222427895
1967-08-18,29.590784365911198
1967-08-21,29.498035659599154
1967-08-22,29.384406362110095
1967-08-23,29.324085289645048
1967-08-24,29.165834174692534
1967-08-25,28.949722836271217
1967-08-28,29.030548744989247
1967-08-29,29.113563294592375
1967-08-30,29.360526768643723
1967-08-31,29.720115081665075
1967-09-01,29.985580005640504
1967-09-05,29.995267862927967
1967-09-06,30.187668101553786
1967-09-07,30.280499237189463
1967-09-08,30.392582201038426
1967-09-11,30.54681066604538
1967-09-12,30.689110219301025
1967-09-13,30.883127461840918
1967-09-14,30.808530288800466
1967-09-15,30.925038269268807
1967-09-18,31.067670378583426
1967-09-19,30.85389251521601
1967-09-20,31.00571772055974
1967-09-21,31.188609966176646
1967-09-22,31.4122695815139
1967-09-25,31.537924858056876
1967-09-26,31.223543483136275
1967-09-27,31.385339012458957
1967-09-28,31.517517655661457
1967-09-29,31.665105392509716
1967-10-02,31.574924533129543
1967-10-03,31.565597376099525
1967-10-04,31.58177158518029
1967-10-05,31.821821476004374
1967-10-06,32.105135280961065
1967-10-09,32.201993952466005
1967-10-10,31.84117710522426
1967-10-11,31.655052487370856
1967-10-12,31.56182718674127
1967-10-13,31.757590168584784
1967-10-16,31.646386995422077
1967-10-17,31.727761710361168
1967-10-18,32.0202333327986
1967-10-19,32.08915376874716
1967-10-20,32.093436305497676
1967-10-23,32.117909472928794
1967-10-24,31.81007157537474
1967-10-25,32.16846124220719
1967-10-26,32.317101889151324
1967-10-27,32.22067940536967
1967-10-30,32.12632828435106
1967-10-31,31.855232628709793
1967-11-01,31.546495324498544
1967-11-02,31.160693945888617
1967-11-03,31.32976924532208
1967-11-06,31.25771013447172
1967-11-08,30.913922963400562
1967-11-09,31.096027604007794
1967-11-10,31.422363143091793
1967-11-13,30.6652637678575
1967-11-14,30.023436354183538
1967-11-15,30.363462099448558
1967-11-16,30.900380553252973
1967-11-17,31.251041746275213
1967-11-20,30.54712401789579
1967-11-21,31.743717698180273
1967-11-22,32.16622926860297
1967-11-24,32.04095491128092
1967-11-27,32.65167460276264
1967-11-28,33.31106663948725
1967-11-29,33.26263762668789
1967-11-30,33.12626377775918
1967-12-01,33.94672592885736
1967-12-04,34.71910389454851
1967-12-05,34.74046457352218
1967-12-06,34.91747874042878
1967-12-07,34.72628299383404
1967-12-08,34.92759283864784
1967-12-11,34.95362053570569
1967-12-12,35.5280788164826
1967-12-13,36.04080102877458
1967-12-14,36.20326846855788
1967-12-15,35.51598874947479
1967-12-18,35.62954653532741
1967-12-19,35.58365784138122
1967-12-20,35.78217248209336
1967-12-21,35.64014592859692
1967-12-22,35.75751941479152
1967-12-26,36.04094537732332
1967-12-27,36.11491611629723
1967-12-28,36.08482590236796
1967-12-29,36.42743406512453
1968-01-02,35.754727924906426
1968-01-03,35.220074660692845
1968-01-04,35.18990439925011
1968-01-05,35.21837644230402
1968-01-08,35.3046133703315
1968-01-09,34.829362704190274
1968-01-10,35.60875702576558
1968-01-11,36.08058007254276
1968-01-12,35.99632145190025
1968-01-15,36.36119216794827
1968-01-16,36.335946332507085
1968-01-17,36.777676094682526
1968-01-18,37.185071833705635
1968-01-19,36.70725872649783
1968-01-22,35.5563232982583
1968-01-23,35.42484477536394
1968-01-24,35.450000099153975
1968-01-25,35.465480552473025
1968-01-26,35.4483508186612
1968-01-29,35.136478392752444
1968-01-30,34.70884840814136
1968-01-31,34.05004745944314
1968-02-01,34.28985042245046
1968-02-02,34.05773117222622
1968-02-05,33.64585760688827
1968-02-06,33.32257556984666
1968-02-07,33.170362238366096
1968-02-08,31.82887909184497
1968-02-09,31.327931925323934
1968-02-13,30.14413192328402
1968-02-14,31.323907873715243
1968-02-15,31.717796607070945
1968-02-16,31.499226778271254
1968-02-19,31.487047740790448
1968-02-20,31.92643512698263
1968-02-21,31.824903579337235
1968-02-23,31.480102823883428
1968-02-26,30.972774631771774
1968-02-27,31.106846116345054
1968-02-28,31.01679975368052
1968-02-29,30.312741492598956
1968-03-01,29.77664813911505
1968-03-04,28.51139481477917
1968-03-05,28.237551161093613
1968-03-06,29.507879936806333
1968-03-07,29.351978148660407
1968-03-08,29.56409101041911
1968-03-11,30.424011977474247
1968-03-12,30.490403553747797
1968-03-13,30.362137836751604
1968-03-14,29.294602457236344
1968-03-15,29.548513462222413
1968-03-18,30.07183917835331
1968-03-19,29.68184966028166
1968-03-20,29.579057642043207
1968-03-21,29.17513989409081
1968-03-22,29.017408755876087
1968-03-25,29.03804645330211
1968-03-26,29.35838527252192
1968-03-27,29.709878135105896
1968-03-28,29.737990681088007
1968-03-29,29.965975008243337
1968-04-01,30.70516273887377
1968-04-02,30.964833547556943
1968-04-03,31.383687707228198
1968-04-04,31.50924957351285
1968-04-05,31.39712608978282
1968-04-08,31.999804615157522
1968-04-10,32.32894124619759
1968-04-11,32.86154268368255
1968-04-15,33.15120231352837
1968-04-16,33.54780237142668
1968-04-17,34.015791759180615
1968-04-18,34.14735677124972
1968-04-19,33.915005605143726
1968-04-22,33.952942367236865
1968-04-23,34.554505692427085
1968-04-24,34.90382642387004
1968-04-25,35.39803123701285
1968-04-26,35.764655899294674
1968-04-29,35.96200761259261
1968-04-30,36.07105002492217
1968-05-01,36.14770248396437
1968-05-02,36.41174072352721
1968-05-03,36.42837643448152
1968-05-06,36.42819615366406
1968-05-07,36.79994390768693
1968-05-08,36.999205841002244
1968-05-09,36.900260535958935
1968-05-10,37.545325833959566
1968-05-13,38.11956344785752
1968-05-14,38.37100737457368
1968-05-15,38.454552920834885
1968-05-16,38.44912044444404
1968-05-17,38.0742809210363
1968-05-20,38.002425200560396
1968-05-21,38.161465337443154
1968-05-22,38.507831530510295
1968-05-23,38.59360308391146
1968-05-24,38.743882400498336
1968-05-27,38.82843970691472
1968-05-28,39.0440116674269
1968-05-29,39.15769745256013
1968-05-31,39.34201942412689
1968-06-03,39.75546521641479
1968-06-04,40.17521306120226
1968-06-05,40.3284758147133
1968-06-06,40.83084004452401
1968-06-07,41.0643386982973
1968-06-10,41.23953777502753
1968-06-11,41.50580274056063
1968-06-13,41.510324685179256
1968-06-14,41.355785627717815
1968-06-17,40.52133696164936
1968-06-18,40.38914373399126
1968-06-20,40.55102262332162
1968-06-21,40.622951649640065
1968-06-24,40.49979041638852
1968-06-25,40.112725260593976
1968-06-27,40.021400895308275
1968-06-28,40.03484475535423
1968-07-01,39.902731909334385
1968-07-02,40.30452013847002
1968-07-03,41.05829210159413
1968-07-08,41.79732982919476
1968-07-09,41.80310757461267
1968-07-11,41.89361006851833
1968-07-12,41.84171545419885
1968-07-15,41.57760599460297
1968-07-16,41.386992214364646
1968-07-18,41.29026242654552
1968-07-19,40.76730909820672
1968-07-22,39.78590939283386
1968-07-23,39.664849421558216
1968-07-25,39.02810412957219
1968-07-26,38.96763510010743
1968-07-29,38.275721591194355
1968-07-30,38.2537175801902
1968-08-01,38.1436394862924
1968-08-02,37.74671348006194
1968-08-05,38.15595858434797
1968-08-06,38.677505508994486
1968-08-08,38.48901977673535
1968-08-09,38.60850191375148
1968-08-12,39.14734503211539
1968-08-13,39.60227458533371
1968-08-15,39.45529501362929
1968-08-16,39.7743080751392
1968-08-19,40.0419100144051
1968-08-20,40.31094269479714
1968-08-22,40.27582546136391
1968-08-23,40.399755956804235
1968-08-26,40.38784573181818
1968-08-27,40.10788350553695
1968-08-29,39.958317227561764
1968-08-30,40.20491504940878
1968-09-03,40.262359939607194
1968-09-04,40.44021737072588
1968-09-05,40.971946989964835
1968-09-06,41.17790988090751
1968-09-09,41.40275458817964
1968-09-10,41.32324552332696
1968-09-12,41.32755656656673
1968-09-13,41.807677390964464
1968-09-16,42.21020369005152
1968-09-17,42.51423238349048
1968-09-19,42.68627488919412
1968-09-20,42.930456775998294
1968-09-23,43.40345159200269
1968-09-24,43.54354551622491
1968-09-26,43.492168692726096
1968-09-27,43.76917193446471
1968-09-30,44.02903103855086
1968-10-01,44.23899436327591
1968-10-03,44.286464993606
1968-10-04,44.33387465223975
1968-10-07,44.22038879906352
1968-10-08,44.162046636546656
1968-10-10,43.947297887999696
1968-10-11,44.1406361203379
1968-10-14,44.24676184810366
1968-10-15,44.34073311429982
1968-10-17,44.51190478920494
1968-10-18,44.98946003364116
1968-10-21,45.179399262835254
1968-10-22,45.26552709150449
1968-10-24,45.2491453658952
1968-10-25,45.34972418368854
1968-10-28,45.2823432972669
1968-10-29,44.98473692937994
1968-10-31,44.704325828207004
1968-11-01,44.411871189914784
1968-11-04,44.446053232807536
1968-11-06,44.16595990953597
1968-11-07,44.07476345412385
1968-11-08,44.34254141394556
1968-11-12,44.76794237568829
1968-11-13,45.42931796387363
1968-11-14,45.65577602438347
1968-11-15,45.8174292581568
1968-11-18,45.76258870440929
1968-11-19,45.57064556233357
1968-11-21,45.8090537120965
1968-11-22,46.0274357637635
1968-11-25,46.449077759761515
1968-11-26,46.610115241876684
1968-11-27,47.035912250094526
1968-11-29,47.543549168607164
1968-12-02,47.72142503146151
1968-12-03,47.634064315904006
1968-12-05,47.683540698100664
1968-12-06,47.78671591444187
1968-12-09,47.8558920756603
1968-12-10,47.77673721804966
1968-12-12,48.09163430686661
1968-12-13,48.59104017408225
1968-12-16,48.34660415142178
1968-12-17,48.09780069631891
1968-12-19,48.08387437215224
1968-12-20,48.146716105958504
1968-12-23,47.451378606478265
1968-12-24,47.66281372843075
1968-12-26,47.53234591628937
1968-12-27,47.21992425402288
1968-12-30,46.30478660463572
1968-12-31,46.702399053372666
1969-01-02,46.91137032719215
1969-01-03,46.82448210726371
1969-01-06,45.91496904645028
1969-01-07,44.86867790675475
1969-01-08,44.59244857523059
1969-01-09,44.89629544276423
1969-01-10,44.56370480125964
1969-01-13,43.88794615369932
1969-01-14,44.68453335598912
1969-01-15,45.15375973693758
1969-01-16,45.419627835134364
1969-01-17,45.50334176996709
1969-01-20,45.70020390121889
1969-01-21,45.52678705817817
1969-01-22,45.54587664247067
1969-01-23,45.82410036240713
1969-01-24,45.6949578921209
1969-01-27,45.888393352240236
1969-01-28,46.01487372422741
1969-01-29,46.11974333518131
1969-01-30,45.94331266113954
1969-01-31,46.297073674222595
1969-02-03,46.637695965948886
1969-02-04,46.56387453332099
1969-02-05,46.49218066456194
1969-02-06,46.58245957037736
1969-02-07,46.731104828312716
1969-02-11,46.94647179392898
1969-02-12,46.95885598348929
1969-02-13,46.864692053244895
1969-02-14,46.7298627175849
1969-02-17,45.87375956971837
1969-02-18,45.02084793139323
1969-02-19,44.46901085693873
1969-02-20,43.93860039293433
1969-02-24,43.22315247935437
1969-02-25,42.603443629160004
1969-02-26,42.73176380263483
1969-02-27,42.17918772549126
1969-02-28,42.07998944859255
1969-03-03,41.97541453821237
1969-03-04,42.531769633356845
1969-03-05,42.70614919194377
1969-03-06,42.00240504158863
1969-03-07,41.66911221581713
1969-03-10,41.769998779166315
1969-03-11,42.153696995646015
1969-03-12,41.9259876771535
1969-03-13,41.50249912586108
1969-03-14,41.138419523074596
1969-03-17,41.2840745875471
1969-03-18,41.51495731744149
1969-03-19,41.90570558420831
1969-03-20,42.22815213703001
1969-03-21,42.296353665327274
1969-03-24,42.301572923737204
1969-03-25,42.281088622538846
1969-03-26,42.55501295559947
1969-03-27,42.954114698649676
1969-03-28,43.150081716872215
1969-04-01,43.044426719569245
1969-04-02,42.78084542793167
1969-04-03,42.69569929206861
1969-04-07,41.982006185786034
1969-04-08,42.03162607947969
1969-04-09,42.39103359146713
1969-04-10,42.763930552321014
1969-04-11,42.90971234561842
1969-04-14,42.628966190005116
1969-04-15,42.64907380358159
1969-04-16,42.2950144071635
1969-04-17,42.326559694077325
1969-04-18,42.58165779503202
1969-04-21,41.98811010997988
1969-04-22,42.18623911304173
1969-04-23,42.52249532107027
1969-04-24,42.82506683047807
1969-04-25,43.22154898981551
1969-04-28,43.82963498841947
1969-04-29,44.28117481707214
1969-04-30,44.857089701160255
1969-05-01,44.877387981009605
1969-05-02,44.88428151749331
1969-05-05,45.244358670667125
1969-05-06,45.46733422118551
1969-05-07,45.13730274673609
1969-05-08,45.248198298477014
1969-05-09,45.342618467993894
1969-05-12,45.44305101685675
1969-05-13,45.61078513493892
1969-05-14,45.904297663304014
1969-05-15,45.948295674350405
1969-05-16,45.8233284753152
1969-05-19,45.38126485910695
1969-05-20,45.140405663654356
1969-05-21,45.54647267527996
1969-05-22,45.56153236808352
1969-05-23,45.34458592638271
1969-05-26,45.32077449331312
1969-05-27,44.812191492702155
1969-05-28,44.76944021080671
1969-05-29,44.829600752760754
1969-06-02,44.5146156091684
1969-06-03,44.13421571305627
1969-06-04,44.113198857574126
1969-06-05,44.036559474897096
1969-06-06,43.512941311319345
1969-06-09,42.86212108402453
1969-06-10,42.479956076032906
1969-06-11,41.957785779909905
1969-06-12,41.06196963857183
1969-06-13,41.33706405907656
1969-06-16,40.9840119090364
1969-06-17,40.62264220036011
1969-06-18,40.421942047561565
1969-06-19,39.76296852375025
1969-06-20,39.251087500771824
1969-06-23,39.03184372959397
1969-06-24,39.49590193780262
1969-06-25,39.2833258262241
1969-06-26,39.21717926668697
1969-06-27,39.23920001297073
1969-06-30,39.42813502105864
1969-07-01,39.772744253088625
1969-07-02,40.118374802705404
1969-07-03,40.60868056760654
1969-07-07,40.150527194902374
1969-07-08,39.50154476596593
1969-07-09,38.99884092589766
1969-07-10,38.32150849742462
1969-07-11,38.44050240750672
1969-07-14,37.827434694719024
1969-07-15,37.52904079482814
1969-07-16,38.17913637094456
1969-07-17,38.52597251246
1969-07-18,38.25771476463433
1969-07-22,37.54006117021991
1969-07-23,37.31202939570456
1969-07-24,37.1817871398375
1969-07-25,36.584821016549675
1969-07-28,35.21328941757684
1969-07-29,34.77005995166342
1969-07-30,35.24753529431511
1969-07-31,36.29661811348277
1969-08-01,37.3633532809931
1969-08-04,37.12295767148915
1969-08-05,37.21633275739162
1969-08-06,37.67742152654544
1969-08-07,37.80945648759998
1969-08-08,37.85167237311328
1969-08-11,37.66758093269854
1969-08-12,37.37900251964401
1969-08-13,37.331139315592644
1969-08-14,37.9692598125934
1969-08-15,38.31455022170681
1969-08-18,38.62820308387252
1969-08-19,38.840934602237006
1969-08-20,38.88254292764256
1969-08-21,39.11801930381664
1969-08-22,39.52496479713896
1969-08-25,39.14075202966641
1969-08-26,38.91012872134088
1969-08-27,38.96561906491103
1969-08-28,38.98881546811584
1969-08-29,39.33188192947892
1969-09-02,39.27205799445545
1969-09-03,38.92333194002984
1969-09-04,38.58403305124413
1969-09-05,38.34529322931903
1969-09-08,37.87120893778366
1969-09-09,38.30973009861118
1969-09-10,38.84248014440692
1969-09-11,38.84844705810266
1969-09-12,38.8991583113488
1969-09-15,39.32044981571197
1969-09-16,39.51652620060368
1969-09-17,39.4411804661037
1969-09-18,39.7295546818689
1969-09-19,40.0505727649726
1969-09-22,40.28080095187177
1969-09-23,40.391245880427974
1969-09-24,40.25352061964704
1969-09-25,39.995239681104366
1969-09-26,39.65578939405742
1969-09-29,39.259781685354106
1969-09-30,39.04828688110662
1969-10-01,38.89212722762466
1969-10-02,39.295687024927446
1969-10-03,39.25104264314397
1969-10-06,39.50229234677561
1969-10-07,39.401903005320925
1969-10-08,39.230260939508895
1969-10-09,39.39447653734449
1969-10-10,39.56337825440349
1969-10-13,40.266663842881144
1969-10-14,40.879311380572
1969-10-15,40.83234989341922
1969-10-16,41.194099167582955
1969-10-17,41.16961150225428
1969-10-20,41.297518758240486
1969-10-21,41.451123896948914
1969-10-22,41.736017270096205
1969-10-23,41.65542851269499
1969-10-24,41.92449253583895
1969-10-27,41.986425823233816
1969-10-28,41.84319750508748
1969-10-29,41.425533764520345
1969-10-30,41.577331948259236
1969-10-31,41.71575820318048
1969-11-03,41.704531972087814
1969-11-04,41.789522312010924
1969-11-05,42.08405203761519
1969-11-06,42.117353474740405
1969-11-07,42.29517923541572
1969-11-10,42.27078589739734
1969-11-11,42.241261998846205
1969-11-12,42.34643163410987
1969-11-13,42.027890883111176
1969-11-14,41.766851273866926
1969-11-17,41.447806698773334
1969-11-18,41.431590596452146
1969-11-19,41.26903862648089
1969-11-20,40.91023565437138
1969-11-21,40.71869031523115
1969-11-24,40.309466561179065
1969-11-25,40.428985470473606
1969-11-26,40.69668076480513
1969-11-28,40.9408460077165
1969-12-01,40.89543530795861
1969-12-02,40.71666010090124
1969-12-03,40.478120687822695
1969-12-04,40.71159119325918
1969-12-05,40.691909181516486
1969-12-08,40.26332746707816
1969-12-09,40.42426123915822
1969-12-10,40.44645160957208
1969-12-11,40.55662137621575
1969-12-12,40.60312237133161
1969-12-15,40.57904120556624
1969-12-16,40.152472034216004
1969-12-17,40.00478290930094
1969-12-18,40.62202575620134
1969-12-19,40.72322174561118
1969-12-22,40.52190708071267
1969-12-23,40.21180597966319
1969-12-24,40.55805675365734
1969-12-26,40.948005872112645
1969-12-29,40.88549472209947
1969-12-30,41.148885278670846
1969-12-31,41.47045780409713
1970-01-02,41.51060015756205
1970-01-05,41.580351622148164
1970-01-06,41.557440378635
1970-01-07,41.64793501343102
1970-01-08,41.68387335118231
1970-01-09,41.548587586165944
1970-01-12,41.26919002853742
1970-01-13,41.52797928788449
1970-01-14,41.605188566696754
1970-01-15,41.72914555173679
1970-01-16,41.42321006497075
1970-01-19,40.90642802652259
1970-01-20,41.1255730041629
1970-01-21,41.25265867789264
1970-01-22,41.30403842618344
1970-01-23,40.95944875121223
1970-01-26,40.2814720617431
1970-01-27,39.96913582374416
1970-01-28,39.54554478123194
1970-01-29,39.00841118997053
1970-01-30,38.571842098379335
1970-02-02,38.947550249238894
1970-02-03,39.498503211222385
1970-02-04,39.09558485332526
1970-02-05,39.20062122540499
1970-02-06,39.511552675032135
1970-02-09,40.079256238798685
1970-02-10,39.821593417788755
1970-02-11,40.262048644111964
1970-02-12,40.15462648787783
1970-02-13,39.98155229466289
1970-02-16,39.9715049803984
1970-02-17,39.94041006118189
1970-02-18,40.22552328175914
1970-02-19,40.115758568620805
1970-02-20,39.99904073168562
1970-02-24,39.85058041840125
1970-02-25,40.34975706213941
1970-02-26,40.0926737982445
1970-02-27,40.32283075390494
1970-03-02,40.17692595518656
1970-03-03,40.320819097876935
1970-03-04,40.16626134835833
1970-03-05,40.01301282682954
1970-03-06,39.682080118567455
1970-03-09,39.15031262447656
1970-03-10,39.246849570731435
1970-03-11,39.14145880825525
1970-03-12,38.92950818671604
1970-03-13,38.52572505043923
1970-03-16,37.997089891242425
1970-03-17,38.1536682453887
1970-03-18,38.16621751496326
1970-03-19,38.21232859094787
1970-03-20,37.91450358594973
1970-03-23,37.85032843532815
1970-03-24,38.24347873725208
1970-03-25,38.97245373708653
1970-03-26,39.06094240679047
1970-03-30,39.04973412668446
1970-03-31,39.0421505315573
1970-04-01,39.174186674149844
1970-04-02,38.943367566394116
1970-04-03,38.49363529265215
1970-04-06,37.961263355274276
1970-04-07,37.87669898240526
1970-04-08,37.7427071826066
1970-04-09,37.77547163786893
1970-04-10,37.56339814553674
1970-04-13,37.12546830893738
1970-04-14,36.821910276997976
1970-04-15,36.75723549728581
1970-04-16,36.14755724606025
1970-04-17,36.157453745846226
1970-04-20,36.46367660974376
1970-04-21,36.36686811196908
1970-04-22,35.770651362750115
1970-04-23,35.13358070930459
1970-04-24,35.097405243070845
1970-04-27,34.48246181522344
1970-04-28,34.191476959995654
1970-04-29,34.811949370881614
1970-04-30,34.74296173601638
1970-05-01,34.76928783258468
1970-05-04,33.817442532991606
1970-05-05,33.27909282438845
1970-05-06,33.82463235418424
1970-05-07,34.17098531882189
1970-05-08,34.016526401469235
1970-05-11,33.51216858608622
1970-05-12,33.294270713452
1970-05-13,32.85900900332172
1970-05-14,32.461357730095884
1970-05-15,33.22029942565163
1970-05-18,33.38646189854446
1970-05-19,32.49710837313936
1970-05-20,31.730344391603467
1970-05-21,30.76460400784885
1970-05-22,30.94989820567659
1970-05-25,29.69066143559781
1970-05-26,29.300769425006436
1970-05-27,31.053157533416524
1970-05-28,32.253365000886895
1970-05-29,33.4836023708236
1970-06-01,34.09143289081294
1970-06-02,34.14456876942609
1970-06-03,34.640685276674226
1970-06-04,34.30389376528337
1970-06-05,33.65328987865894
1970-06-08,33.678907536816844
1970-06-09,34.07625596796845
1970-06-10,33.86836860959919
1970-06-11,33.553787335006874
1970-06-12,33.28480730622953
1970-06-15,33.49865645334534
1970-06-16,34.544094380349044
1970-06-17,34.655882873591786
1970-06-18,35.00492584530202
1970-06-19,35.20187763120982
1970-06-22,34.87770823683809
1970-06-23,33.70588860037201
1970-06-24,33.416442074827266
1970-06-25,33.36177140874251
1970-06-26,33.02885286693972
1970-06-29,32.776362798308824
1970-06-30,33.01071736308585
1970-07-01,33.22403509642455
1970-07-02,33.35739122024289
1970-07-06,32.960690850789284
1970-07-07,32.40942393803566
1970-07-08,33.30036801690174
1970-07-09,33.869109567941514
1970-07-10,34.00497611493889
1970-07-13,34.08198993222135
1970-07-14,33.87854888744698
1970-07-15,34.298971262455346
1970-07-16,34.55170375443633
1970-07-17,35.08646814741719
1970-07-20,34.91708347732089
1970-07-21,34.49697139717749
1970-07-22,34.67703948343594
1970-07-23,35.04176649815517
1970-07-24,34.87956547269187
1970-07-27,34.74100911084627
1970-07-28,34.73970476040917
1970-07-29,34.885018178329865
1970-07-30,34.95550658063328
1970-07-31,34.713810016243904
1970-08-03,34.35989092127316
1970-08-04,34.33553088156592
1970-08-05,34.35730101876082
1970-08-06,34.13195006808591
1970-08-07,34.16357148622287
1970-08-10,33.668489627373134
1970-08-11,33.50877398684428
1970-08-12,33.281836045404305
1970-08-13,33.05181706740852
1970-08-14,33.06827029826811
1970-08-17,33.068878230597015
1970-08-18,33.42837923021554
1970-08-19,33.63175324107137
1970-08-20,33.60261837805535
1970-08-21,33.99270966583687
1970-08-24,34.70718130468971
1970-08-25,34.953427810987996
1970-08-26,34.79373120461304
1970-08-27,34.5295850806599
1970-08-28,34.916510990756066
1970-08-31,34.822868611850375
1970-09-01,34.78363007305186
1970-09-02,34.68623858732634
1970-09-03,34.95483895262445
1970-09-04,35.093400572167525
1970-09-08,35.11288861456287
1970-09-09,35.38031485319783
1970-09-10,35.470994713333376
1970-09-11,35.562550714580674
1970-09-14,35.38061570555599
1970-09-15,35.27792719832148
1970-09-16,35.68730579390132
1970-09-17,36.04360177087245
1970-09-18,36.16198014290343
1970-09-21,36.10393564892936
1970-09-22,36.28368540791295
1970-09-23,36.53425781682324
1970-09-24,36.70268284851024
1970-09-25,36.57884926938371
1970-09-28,36.51527867394257
1970-09-29,36.780040543403516
1970-09-30,36.91626372038204
1970-10-01,36.93194021271789
1970-10-02,37.55860388286771
1970-10-05,38.1008764087817
1970-10-06,38.05651755368393
1970-10-07,37.959533761395235
1970-10-08,37.66780404043318
1970-10-09,37.466393263738894
1970-10-12,36.95204820809254
1970-10-13,37.04899447259224
1970-10-14,36.9854819445075
1970-10-15,37.34167782645709
1970-10-16,37.193850679308184
1970-10-19,36.69047529492356
1970-10-20,37.04673192513483
1970-10-21,37.19369422741356
1970-10-22,37.03227829688323
1970-10-23,37.426633188631094
1970-10-26,37.28169631486081
1970-10-27,37.26896078874902
1970-10-28,37.38884861032472
1970-10-29,37.286042278543334
1970-10-30,37.33388701545336
1970-11-02,37.50401361350135
1970-11-03,38.00551897974571
1970-11-04,38.41811674920389
1970-11-05,38.30896542789654
1970-11-06,38.40856332259695
1970-11-09,38.64085709716392
1970-11-10,38.72597266563623
1970-11-11,38.78304176316871
1970-11-12,38.11968493242041
1970-11-13,37.819526867299224
1970-11-16,37.794569427733286
1970-11-17,37.78984473070019
1970-11-18,37.38575976235264
1970-11-19,37.48023192117209
1970-11-20,37.93788243631744
1970-11-23,38.20427445138549
1970-11-24,38.56612304428857
1970-11-25,38.76046294404147
1970-11-27,39.036491183076045
1970-11-30,39.51315609124654
1970-12-01,39.47388519884148
1970-12-02,39.93448060832301
1970-12-03,39.95237300655243
1970-12-04,40.31202275163822
1970-12-07,40.48412231692328
1970-12-08,40.19073562143664
1970-12-09,39.95173228816023
1970-12-10,40.05388048766292
1970-12-11,40.18942487891604
1970-12-14,39.69543818908654
1970-12-15,39.752943922025125
1970-12-16,40.01026210061132
1970-12-17,39.906762910017186
1970-12-18,39.88333522506031
1970-12-21,39.713305655676955
1970-12-22,39.59990606903679
1970-12-23,39.5400023567304
1970-12-24,40.03419533892148
1970-12-28,40.336097662463345
1970-12-29,40.98958683708228
1970-12-30,40.98245377685901
1970-12-31,40.92279243283026
1971-01-04,40.60604817171193
1971-01-05,41.009170881480486
1971-01-06,41.430944202502104
1971-01-07,41.47822238430346
1971-01-08,41.33363584363497
1971-01-11,41.1935982392826
1971-01-12,41.475442294729106
1971-01-13,41.59854850120736
1971-01-14,41.8046543515635
1971-01-15,41.891016616523274
1971-01-18,42.0381319656661
1971-01-19,41.99452382604831
1971-01-20,41.80178654333456
1971-01-21,41.94656435879235
1971-01-22,42.00767879415273
1971-01-25,41.909234082307506
1971-01-26,42.31918556895502
1971-01-27,42.09055642635348
1971-01-28,42.26833540008978
1971-01-29,42.475337597023525
1971-02-01,42.6294219003221
1971-02-02,42.62502683226681
1971-02-03,42.58944940211148
1971-02-04,42.708660020204306
1971-02-05,42.845962197458675
1971-02-08,42.99739991234308
1971-02-09,42.977413234622624
1971-02-10,42.99867784264565
1971-02-11,43.22629925423099
1971-02-12,43.467895498641255
1971-02-16,43.61243731375256
1971-02-17,43.54295299233087
1971-02-18,43.39859822071409
1971-02-19,43.15900912142545
1971-02-22,42.690481577810445
1971-02-23,42.91700298280021
1971-02-24,43.259328668412195
1971-02-25,43.71218465567417
1971-02-26,43.633063708949265
1971-03-01,43.82401487365014
1971-03-02,43.9209834866049
1971-03-03,43.978353549440314
1971-03-04,44.54538090467732
1971-03-05,44.93631259012593
1971-03-08,45.128034210357406
1971-03-09,45.058202685012695
1971-03-10,44.83919344018855
1971-03-11,45.003700567382424
1971-03-12,44.977491013197444
1971-03-15,45.47036202457555
1971-03-16,45.74525673875195
1971-03-17,45.61080747000448
1971-03-18,45.646963245135716
1971-03-19,45.70389479539685
1971-03-22,45.4741108813247
1971-03-23,45.21674346828774
1971-03-24,45.017386858964734
1971-03-25,45.092997517530264
1971-03-26,45.27554457224237
1971-03-29,45.32600818305724
1971-03-30,45.385773415910485
1971-03-31,45.531717983014424
1971-04-01,45.47930697882129
1971-04-02,45.42105982920359
1971-04-05,45.54773698807831
1971-04-06,45.93750608704748
1971-04-07,46.25885314343266
1971-04-08,46.37466300361946
1971-04-12,46.86435411705529
1971-04-13,46.98966187028396
1971-04-14,47.14994984497141
1971-04-15,47.133962088724985
1971-04-16,47.08822798057222
1971-04-19,47.382344527673304
1971-04-20,47.19080431840977
1971-04-21,47.26232223584695
1971-04-22,47.504535279470346
1971-04-23,47.82101596918869
1971-04-26,47.771628218307455
1971-04-27,47.757718327920415
1971-04-28,47.87275587685158
1971-04-29,47.49770106314379
1971-04-30,47.36548750680413
1971-05-03,47.02283849532794
1971-05-04,47.34889197931114
1971-05-05,47.39570038730195
1971-05-06,47.13356585325569
1971-05-07,46.61520313719788
1971-05-10,46.29979279311007
1971-05-11,46.499081245176654
1971-05-12,46.61328753039496
1971-05-13,46.70450553107664
1971-05-14,46.226894919633985
1971-05-17,45.15038922838755
1971-05-18,45.32534374594078
1971-05-19,45.56262829799844
1971-05-20,45.86734108474961
1971-05-21,45.74369731350105
1971-05-24,45.15661588416115
1971-05-25,44.84160161399709
1971-05-26,44.97897794675332
1971-05-27,44.896328976695514
1971-05-28,45.29796911062876
1971-06-01,45.83326883043378
1971-06-02,46.39793106202838
1971-06-03,46.69769886205203
1971-06-04,46.691654279529494
1971-06-07,46.65390021269817
1971-06-08,46.27852111960426
1971-06-09,46.04746402076678
1971-06-10,46.262517665489646
1971-06-11,46.42993893307743
1971-06-14,46.06801695353306
1971-06-15,45.78604192901362
1971-06-16,45.9161177308381
1971-06-17,45.775681181558895
1971-06-18,44.7796892505508
1971-06-21,44.02046384731477
1971-06-22,43.75100308026296
1971-06-23,44.54515317730646
1971-06-24,44.53316312610693
1971-06-25,44.438194559355715
1971-06-28,44.32187976140276
1971-06-29,44.90952706283209
1971-06-30,45.55637526746569
1971-07-01,45.577662272121174
1971-07-02,45.479543367978096
1971-07-06,45.44188068112232
1971-07-07,45.77123485936558
1971-07-08,45.93904923222891
1971-07-09,46.14630618147813
1971-07-12,46.08560397390826
1971-07-13,45.19286099916759
1971-07-14,45.26754254381331
1971-07-15,45.24626226173727
1971-07-16,45.20576685974289
1971-07-19,44.85284934485939
1971-07-20,44.99793341042354
1971-07-21,44.933845479560084
1971-07-22,44.82939973156421
1971-07-23,44.71049684603231
1971-07-26,44.32681209257565
1971-07-27,43.4922528462043
1971-07-28,42.83348406239794
1971-07-29,42.00485796420934
1971-07-30,41.58539371001812
1971-08-02,42.035676694590386
1971-08-03,41.00495132226109
1971-08-04,40.71648123138776
1971-08-05,41.03118909754245
1971-08-06,41.21108562282759
1971-08-09,40.64364171620192
1971-08-10,40.464982337848234
1971-08-11,41.56123971198158
1971-08-12,42.49173415011336
1971-08-13,42.11890540502589
1971-08-16,44.56309682488358
1971-08-17,45.07455603944719
1971-08-18,44.612345541491706
1971-08-19,44.404841783934856
1971-08-20,44.49561214824696
1971-08-23,44.96011986021194
1971-08-24,45.25790129200572
1971-08-25,45.30980237940138
1971-08-26,45.171077828573125
1971-08-27,45.27113072123896
1971-08-30,44.744293400593065
1971-08-31,44.49583879102503
1971-09-01,44.54979829491165
1971-09-02,45.03311234370685
1971-09-03,45.74487298204225
1971-09-07,45.988438753457025
1971-09-08,46.153872933405786
1971-09-09,45.88053141448036
1971-09-10,45.813464567562136
1971-09-13,45.53490845085047
1971-09-14,45.23892504739675
1971-09-15,45.34877142344499
1971-09-16,45.2937895263962
1971-09-17,45.53495223898072
1971-09-20,45.30502757108351
1971-09-21,45.028405948970885
1971-09-22,44.42314519733583
1971-09-23,44.2279332931443
1971-09-24,44.172052625241456
1971-09-27,43.85293459608528
1971-09-28,43.98421873508229
1971-09-29,44.06259543853414
1971-09-30,44.0872385789382
1971-10-01,44.25231102851405
1971-10-04,43.97754284558584
1971-10-05,44.01330901300008
1971-10-06,44.415737183725476
1971-10-07,44.465085978315926
1971-10-08,44.182807581730366
1971-10-11,44.066699553192755
1971-10-12,44.141763941966055
1971-10-13,43.93357825733727
1971-10-14,43.37489118027931
1971-10-15,43.258444705051424
1971-10-18,42.9311880106247
1971-10-19,42.72609044892332
1971-10-20,42.22626673914531
1971-10-21,42.42043062781652
1971-10-22,42.166823825268544
1971-10-25,41.89102520109571
1971-10-26,41.609207249022795
1971-10-27,41.03683444969135
1971-10-28,41.01151479965077
1971-10-29,41.3378295956495
1971-11-01,40.475110684707836
1971-11-02,40.688935333317076
1971-11-03,41.535742116736
1971-11-04,41.42015728511949
1971-11-05,41.2059214690724
1971-11-08,41.10349454910475
1971-11-09,41.1278979149973
1971-11-10,40.58241224423595
1971-11-11,39.571647083338966
1971-11-12,39.6146016224803
1971-11-15,39.279956333103705
1971-11-16,39.723756816794975
1971-11-17,39.65605167555872
1971-11-18,39.19732428112405
1971-11-19,38.67929739730126
1971-11-22,37.959894111344795
1971-11-23,37.599103175200376
1971-11-24,37.5680268159989
1971-11-26,38.53364252762988
1971-11-29,39.89252572274497
1971-11-30,40.47994794880046
1971-12-01,41.52567333311303
1971-12-02,41.500199352293116
1971-12-03,41.81792980701754
1971-12-06,41.688382785504224
1971-12-07,42.28843706452984
1971-12-08,42.526536520337025
1971-12-09,42.456409249819814
1971-12-10,42.78065610395626
1971-12-13,42.99004908465704
1971-12-14,42.65637196850655
1971-12-15,43.01931183851951
1971-12-16,43.51038062068201
1971-12-17,43.749638481907134
1971-12-20,44.25657230802622
1971-12-21,44.52155806252326
1971-12-22,44.29470637935596
1971-12-23,44.1808509704734
1971-12-27,44.233828909652985
1971-12-28,44.371161956279884
1971-12-29,44.45246156595573
1971-12-30,44.354909529037755
1971-12-31,44.62647859686911
1972-01-03,44.42314716570441
1972-01-04,44.6107102028531
1972-01-05,44.94055520745633
1972-01-06,44.95874678624161
1972-01-07,44.963762000166355
1972-01-10,45.03779881460184
1972-01-11,45.22583198003943
1972-01-12,45.2261225596842
1972-01-13,44.8931063695118
1972-01-14,45.124179477727964
1972-01-17,45.28757575347961
1972-01-18,45.71344262318671
1972-01-19,45.68736202272272
1972-01-20,45.359519828566604
1972-01-21,45.43810639639388
1972-01-24,45.07510989145983
1972-01-25,45.24649562790759
1972-01-26,45.368474603835764
1972-01-27,46.230447829057546
1972-01-28,46.906546718209114
1972-01-31,47.122482257032814
1972-02-01,47.29941978587111
1972-02-02,47.734827838450975
1972-02-03,47.866777164908
1972-02-04,48.26498613152756
1972-02-07,47.83536413935072
1972-02-08,47.884670150954825
1972-02-09,48.14896006504095
1972-02-10,48.281988230111104
1972-02-11,48.36988825578523
1972-02-14,48.43539656484975
1972-02-15,48.93359131490282
1972-02-16,49.49790868617246
1972-02-17,49.554035420531164
1972-02-18,49.32937536524951
1972-02-22,49.25411163514549
1972-02-23,49.235971297256405
1972-02-24,49.204203205880475
1972-02-25,49.38539487038223
1972-02-28,49.398053568392534
1972-02-29,49.82069204837416
1972-03-01,50.458768044474645
1972-03-02,50.519866786810766
1972-03-03,50.59181937700202
1972-03-06,50.93646453133259
1972-03-07,51.03283258818687
1972-03-08,51.37055067106701
1972-03-09,51.39268188775168
1972-03-10,50.65151966963327
1972-03-13,50.03269382641371
1972-03-14,50.40037554704369
1972-03-15,50.379545242351575
1972-03-16,50.20211518956305
1972-03-17,50.24991308761057
1972-03-20,49.84956550457521
1972-03-21,49.28042717473598
1972-03-22,49.52924530033243
1972-03-23,50.25479827154828
1972-03-24,50.24921267403646
1972-03-27,50.32287668284062
1972-03-28,50.37489226376404
1972-03-29,50.09722854866078
1972-03-30,50.300432977469654
1972-04-03,50.54988567407718
1972-04-04,51.065330461208696
1972-04-05,51.81373240841279
1972-04-06,52.019480657812444
1972-04-07,52.27845698489307
1972-04-10,52.210315289324036
1972-04-11,52.507419563592954
1972-04-12,52.608808649659494
1972-04-13,52.67384715142015
1972-04-14,52.92915212291436
1972-04-17,53.02309761820578
1972-04-18,53.11530617050395
1972-04-19,52.569741507291255
1972-04-20,52.30202702361133
1972-04-21,52.16301366357733
1972-04-24,51.70579966999839
1972-04-25,51.21253531837158
1972-04-26,51.117323510714016
1972-04-27,51.15743735638562
1972-04-28,51.581487896863905
1972-05-01,51.222226333061364
1972-05-02,50.76125823465979
1972-05-03,50.62864381014035
1972-05-04,50.78861760570663
1972-05-05,50.99408561282747
1972-05-08,50.73093054565368
1972-05-09,49.98411888108124
1972-05-10,50.569664490956264
1972-05-11,50.82941260812528
1972-05-12,51.355864216444026
1972-05-15,51.90826525857272
1972-05-16,51.88609044510717
1972-05-17,51.93265468364078
1972-05-18,52.6512478926207
1972-05-19,53.32365812879573
1972-05-22,53.90043314712518
1972-05-23,53.97637843288222
1972-05-24,54.22873934134973
1972-05-25,54.38282588722396
1972-05-26,54.34461120366034
1972-05-30,54.10114549407058
1972-05-31,53.59764863328957
1972-06-01,53.630863624886366
1972-06-02,53.63781520755453
1972-06-05,53.20205855707853
1972-06-06,52.744674306266155
1972-06-07,52.613351710082135
1972-06-08,52.61750064134958
1972-06-09,52.270945154796195
1972-06-12,52.35786365295583
1972-06-13,52.624551078648
1972-06-14,53.19850133335285
1972-06-15,53.0662473493283
1972-06-16,53.118168128205006
1972-06-19,53.06937879472496
1972-06-20,53.460731595431355
1972-06-21,53.50299180493858
1972-06-22,53.46455067924579
1972-06-23,53.2670895558833
1972-06-26,52.98493661190174
1972-06-27,52.86144388692251
1972-06-28,52.663423289799375
1972-06-29,52.45560683571157
1972-06-30,52.79787605084389
1972-07-03,53.03474713528692
1972-07-05,53.29540704944341
1972-07-06,53.83377922507449
1972-07-07,53.50319571461442
1972-07-10,53.02034204961255
1972-07-11,52.54461060143048
1972-07-12,52.04689641127437
1972-07-13,51.688582440704515
1972-07-14,52.07476695390577
1972-07-17,51.31533275983593
1972-07-18,51.359574809856475
1972-07-19,51.33165428805662
1972-07-20,51.17849237250507
1972-07-21,51.65777598601366
1972-07-24,52.53080616515923
1972-07-25,52.395654874780845
1972-07-26,52.42759987520192
1972-07-27,51.98729268630878
1972-07-28,51.87700691902634
1972-07-31,51.8676211615851
1972-08-01,52.638645042135074
1972-08-02,53.11863213720484
1972-08-03,53.39973029737251
1972-08-04,53.56308140458102
1972-08-07,53.59426672394081
1972-08-08,53.62235210927864
1972-08-09,53.79397346644592
1972-08-10,54.058113179268425
1972-08-11,54.57406353151414
1972-08-14,54.61924475585934
1972-08-15,54.06222917625535
1972-08-16,53.84006473476369
1972-08-17,53.78524972489012
1972-08-18,53.993280883917365
1972-08-21,53.62234758446478
1972-08-22,53.52766072340082
1972-08-23,53.06535347798743
1972-08-24,52.36557095715982
1972-08-25,52.175485320470465
1972-08-28,51.868375953458234
1972-08-29,51.914529435760215
1972-08-30,51.88894176509882
1972-08-31,52.09133207387223
1972-09-01,52.307100526429856
1972-09-05,52.109958413152235
1972-09-06,51.70064026039668
1972-09-07,51.38897286864061
1972-09-08,51.39015206662145
1972-09-11,50.75132642788563
1972-09-12,50.1143537916582
1972-09-13,50.44465539774075
1972-09-14,50.61342551696679
1972-09-15,50.571052210463826
1972-09-18,50.580214659112634
1972-09-19,50.497862106533184
1972-09-20,50.53314035669496
1972-09-21,50.45518762098039
1972-09-22,50.38505320208525
1972-09-25,50.101505056069406
1972-09-26,50.072864991195374
1972-09-27,51.06067172355828
1972-09-28,51.51548151888643
1972-09-29,51.56828602230459
1972-10-02,51.199782753412485
1972-10-03,51.25744985719439
1972-10-04,50.95334306870524
1972-10-05,50.159508208659005
1972-10-06,50.55709842982424
1972-10-09,50.646108486733766
1972-10-10,50.62213260929938
1972-10-11,50.25510531958504
1972-10-12,49.78222857125424
1972-10-13,49.530249779699915
1972-10-16,48.98844752645774
1972-10-17,49.425935565246085
1972-10-18,49.722561109085404
1972-10-19,49.685601520819745
1972-10-20,50.2384289372873
1972-10-23,50.79298701068138
1972-10-24,50.97156836452515
1972-10-25,50.85045610601491
1972-10-26,51.03652294331539
1972-10-27,50.96103440861882
1972-10-30,50.7706001270332
1972-10-31,51.395923962341065
1972-11-01,52.03956392325315
1972-11-02,52.109918531394065
1972-11-03,52.47423172149326
1972-11-06,52.029536080311935
1972-11-08,51.70966202473782
1972-11-09,51.48880862733214
1972-11-10,51.43191396243453
1972-11-13,51.386238683822434
1972-11-14,51.94480284329659
1972-11-15,51.76464535419341
1972-11-16,52.08276682520172
1972-11-17,52.09506148364985
1972-11-20,51.947866358916315
1972-11-21,52.09203086273992
1972-11-22,52.47881800571749
1972-11-24,52.45293782978798
1972-11-27,52.29546285408905
1972-11-28,52.35968548737932
1972-11-29,52.47000958637472
1972-11-30,52.81350552247574
1972-12-01,53.294724351927535
1972-12-04,53.5531896679673
1972-12-05,53.426042801426654
1972-12-06,53.79372373117665
1972-12-07,54.07697902799829
1972-12-08,54.34225815923985
1972-12-11,54.78553204694563
1972-12-12,54.569529107548426
1972-12-13,54.56936363962563
1972-12-14,54.63631387468987
1972-12-15,54.743242447752095
1972-12-18,54.04132599126846
1972-12-19,53.837605387667516
1972-12-20,53.791755694938054
1972-12-21,53.677076643817855
1972-12-22,53.84010844553714
1972-12-26,53.87340250959532
1972-12-27,54.19831825184092
1972-12-29,54.83050617799191
1973-01-02,55.581756897014536
1973-01-03,55.99532590499496
1973-01-04,55.562328734521884
1973-01-05,55.564275061823174
1973-01-08,55.39783960340869
1973-01-09,55.185063523639826
1973-01-10,54.90816501535806
1973-01-11,54.99845620544696
1973-01-12,54.33233765355544
1973-01-15,53.74330391432456
1973-01-16,53.60139981792391
1973-01-17,54.127277736199034
1973-01-18,54.36059773173601
1973-01-19,54.46261023076775
1973-01-22,54.15131651212303
1973-01-23,53.93444412985669
1973-01-24,52.829097559438964
1973-01-26,52.799062028939375
1973-01-29,52.53961289278885
1973-01-30,52.33756180304029
1973-01-31,52.35775089646985
1973-02-01,51.448328580295005
1973-02-02,50.88787993963116
1973-02-05,50.79877822220497
1973-02-06,51.10267045731329
1973-02-07,50.84467209554806
1973-02-08,51.01362126378881
1973-02-09,51.82916717036909
1973-02-12,52.34854885721918
1973-02-13,52.57934072596108
1973-02-14,51.78901626184702
1973-02-15,51.42426913991265
1973-02-16,51.708543873231896
1973-02-20,51.91292424379346
1973-02-21,51.544788016224636
1973-02-22,51.22050416790644
1973-02-23,50.739784651265474
1973-02-26,50.343259566110625
1973-02-27,49.83048564307698
1973-02-28,50.16226358465771
1973-03-01,49.96413662512837
1973-03-02,50.38683261259863
1973-03-05,50.71377668826955
1973-03-06,51.554909124708495
1973-03-07,51.762370096230555
1973-03-08,51.71030470447936
1973-03-09,51.576884595365826
1973-03-12,51.63522340029866
1973-03-13,51.91345421868009
1973-03-14,52.1702172320874
1973-03-15,51.90995477620007
1973-03-16,51.5881339652781
1973-03-19,50.96887843261844
1973-03-20,50.846073970657926
1973-03-21,50.159229682173596
1973-03-22,49.23413465721144
1973-03-23,49.314584322102455
1973-03-26,49.78666281970348
1973-03-27,50.4849823240994
1973-03-28,50.47214417638198
1973-03-29,50.92157838193962
1973-03-30,50.4898565635294
1973-04-02,49.9240780510478
1973-04-03,49.50265478474337
1973-04-04,49.30043421937102
1973-04-05,49.21690056960399
1973-04-06,49.48902926381767
1973-04-09,50.251898687090645
1973-04-10,50.73734692987455
1973-04-11,50.89328936571144
1973-04-12,50.855646241534906
1973-04-13,50.6499331122709
1973-04-16,50.52423371129642
1973-04-17,50.51148763090638
1973-04-18,50.80428126242843
1973-04-19,51.14737148754759
1973-04-23,51.28893809527349
1973-04-24,50.79291660164424
1973-04-25,50.09513113818882
1973-04-26,50.02077150881484
1973-04-27,49.40194791204104
1973-04-30,49.223176058103284
1973-05-01,49.1458740643278
1973-05-02,49.45644041018172
1973-05-03,50.29929910553569
1973-05-04,50.763289518352494
1973-05-07,50.680855850938414
1973-05-08,51.00850130000011
1973-05-09,50.96024117888002
1973-05-10,50.81412548103016
1973-05-11,50.3621283520109
1973-05-14,49.75521006738567
1973-05-15,49.964252531424236
1973-05-16,49.8624708179259
1973-05-17,49.49336798308264
1973-05-18,48.79254914317832
1973-05-21,47.96053335509006
1973-05-22,48.23092873283589
1973-05-23,48.20356769838832
1973-05-24,49.11046759073024
1973-05-25,49.52918965262241
1973-05-29,49.56431179446628
1973-05-30,49.36252211955015
1973-05-31,48.95894897100615
1973-06-01,48.447573617671175
1973-06-04,48.14409776986145
1973-06-05,48.60342174814401
1973-06-06,48.45818304342068
1973-06-07,48.97021919852656
1973-06-08,49.58182516782596
1973-06-11,49.63665269544441
1973-06-12,50.091323370638484
1973-06-13,49.88400501207595
1973-06-14,49.76372674697835
1973-06-15,49.35684184131539
1973-06-18,48.888187546944636
1973-06-19,48.79234684852713
1973-06-20,48.88922982565872
1973-06-21,48.63554857587782
1973-06-22,48.749556668296286
1973-06-25,48.416074745210956
1973-06-26,48.774495691597366
1973-06-27,48.99420809680304
1973-06-28,49.30531108164406
1973-06-29,49.2554288307879
1973-07-02,48.65859188788361
1973-07-03,48.394571061095505
1973-07-05,48.36617569061412
1973-07-06,48.51374065167372
1973-07-09,48.422859375871845
1973-07-10,48.666312571618704
1973-07-11,49.301862003449585
1973-07-12,49.44503444873965
1973-07-13,49.17298509123086
1973-07-16,49.36671739975464
1973-07-17,49.80708448966038
1973-07-18,50.014456230575675
1973-07-19,49.96580803646379
1973-07-20,50.33438587479976
1973-07-23,50.64493664710992
1973-07-24,51.096173705642705
1973-07-25,51.73064768201768
1973-07-26,51.77636506660779
1973-07-27,51.536342892647895
1973-07-30,51.282853118279
1973-07-31,50.95653521382765
1973-08-01,50.765162000541004
1973-08-02,50.6325817047589
1973-08-03,50.56004323703877
1973-08-06,50.49418878152801
1973-08-07,50.4798026875863
1973-08-08,50.34389161796557
1973-08-09,50.20491693235043
1973-08-10,49.72319615567083
1973-08-13,49.07934642173044
1973-08-14,48.632767830963125
1973-08-15,48.85851760333388
1973-08-16,48.880476428228064
1973-08-17,48.91252821978818
1973-08-20,48.87773364877441
1973-08-21,48.565100166118434
1973-08-22,48.27907830025421
1973-08-23,48.531540458527516
1973-08-24,48.55114254622821
1973-08-27,48.61428237400644
1973-08-28,48.86036702721882
1973-08-29,49.350826097646056
1973-08-30,49.39205646876707
1973-08-31,49.61270482606735
1973-09-04,49.760204709344144
1973-09-05,50.12810608829541
1973-09-06,50.502151711409624
1973-09-07,50.61001584927707
1973-09-10,50.13202110727318
1973-09-11,49.89598619551141
1973-09-12,49.76328017895708
1973-09-13,49.934416648022534
1973-09-14,50.3220287040355
1973-09-17,50.894864068833755
1973-09-18,51.08000766405844
1973-09-19,51.9796037356581
1973-09-20,52.628452493521976
1973-09-21,52.96749495066213
1973-09-24,53.063178922712794
1973-09-25,52.965939866255006
1973-09-26,53.34118996233281
1973-09-27,53.55210259701422
1973-09-28,53.33471887459605
1973-10-01,53.27750065333465
1973-10-02,53.80417427614329
1973-10-03,53.94195895292393
1973-10-04,53.789620625696216
1973-10-05,54.2306847098363
1973-10-08,54.789893798883064
1973-10-09,54.903865612839475
1973-10-10,54.676745855131436
1973-10-11,55.64207440647138
1973-10-12,56.07560384992722
1973-10-15,55.43433415309206
1973-10-16,55.4755513527849
1973-10-17,55.414104896910644
1973-10-18,55.474982524676186
1973-10-19,55.45811358256607
1973-10-22,54.73398233866019
1973-10-23,54.96728817803209
1973-10-24,55.229376853075884
1973-10-25,55.33267522147484
1973-10-26,55.786266718940375
1973-10-29,56.1036415759531
1973-10-30,55.378422241835494
1973-10-31,55.058674442800914
1973-11-01,54.77102499451696
1973-11-02,54.51604001361214
1973-11-05,53.802421372089434
1973-11-06,53.16512602852583
1973-11-07,53.80284181563686
1973-11-08,54.60357551226756
1973-11-09,54.04183965813132
1973-11-12,53.5986769222468
1973-11-13,53.25826949431736
1973-11-14,51.65217536750773
1973-11-15,51.54210732078662
1973-11-16,52.24914085153134
1973-11-19,50.83441940347726
1973-11-20,49.65867509817582
1973-11-21,50.425198659816154
1973-11-23,50.55817217734406
1973-11-26,49.1947539895864
1973-11-27,48.990208538608094
1973-11-28,50.35484765688141
1973-11-29,50.78867909983392
1973-11-30,50.49599174906216
1973-12-03,49.5379944611885
1973-12-04,49.876970201808945
1973-12-05,49.31973706872825
1973-12-06,50.1643809547296
1973-12-07,51.88427540292932
1973-12-10,52.96293102249216
1973-12-11,52.70418805076589
1973-12-12,51.75353326189223
1973-12-13,51.6060643570742
1973-12-14,52.06472587910785
1973-12-17,51.937959161035124
1973-12-18,52.90598266151292
1973-12-19,52.68048867825652
1973-12-20,52.72447413052901
1973-12-21,52.321794155015425
1973-12-24,52.66171734373811
1973-12-26,53.6325819637499
1973-12-27,54.685773922224456
1973-12-28,55.093867228020066
1973-12-31,56.089334433953795
1974-01-02,57.439580006067715
1974-01-03,59.31811760864448
1974-01-04,59.34241614180506
1974-01-07,60.19789391721072
1974-01-08,59.29287436765611
1974-01-09,56.93080767424076
1974-01-10,56.38615564313001
1974-01-11,56.878808276200026
1974-01-14,57.263130376671185
1974-01-15,57.927652088474254
1974-01-16,58.44700415194712
1974-01-17,58.24288972858491
1974-01-18,57.12633106265642
1974-01-21,56.98629304463458
1974-01-22,57.21980674706377
1974-01-23,57.124919447507544
1974-01-24,57.596833868685714
1974-01-25,57.71788458277216
1974-01-28,57.46422720341277
1974-01-29,57.26906256250249
1974-01-30,57.40205328622166
1974-01-31,57.427642975077575
1974-02-01,56.56796721657186
1974-02-04,55.58911819307233
1974-02-05,55.558774881873305
1974-02-06,55.44394955216342
1974-02-07,55.735743305303316
1974-02-08,55.73316499622605
1974-02-11,54.68922651165181
1974-02-12,54.8190596899422
1974-02-13,54.91775253615622
1974-02-14,55.06957475398851
1974-02-15,55.4354988378762
1974-02-19,55.4058450613906
1974-02-20,55.84833397169704
1974-02-21,56.951145432483095
1974-02-22,57.804714098724965
1974-02-25,58.030883890639586
1974-02-26,58.30810536408382
1974-02-27,58.56033399108902
1974-02-28,58.07168175776861
1974-03-01,57.89777867625504
1974-03-04,57.7271061611241
1974-03-05,57.78445260027258
1974-03-06,57.740927226154525
1974-03-07,57.471497617816944
1974-03-08,57.56027785541457
1974-03-11,57.82755986568764
1974-03-12,58.21479672415653
1974-03-13,58.362141028759055
1974-03-14,58.311820708628964
1974-03-15,58.2430078490988
1974-03-18,57.587898361664166
1974-03-19,57.40658585521139
1974-03-20,57.84277781198573
1974-03-21,57.66845105743235
1974-03-22,57.73093651025657
1974-03-25,57.68236342224398
1974-03-26,57.64004160441168
1974-03-27,57.559156335915986
1974-03-28,56.746143553802646
1974-03-29,56.51480077136849
1974-04-01,56.420548416803605
1974-04-02,56.577856615513376
1974-04-03,56.683800103088124
1974-04-04,56.48151373633157
1974-04-05,55.3111231961017
1974-04-08,54.04047076998825
1974-04-09,54.65751495492423
1974-04-10,54.63747146253049
1974-04-11,54.73230608829066
1974-04-15,54.91588943115906
1974-04-16,55.43874078997217
1974-04-17,55.5956217419559
1974-04-18,55.966865243207316
1974-04-19,55.68546847643045
1974-04-22,55.526298819725874
1974-04-23,54.166730030087656
1974-04-24,52.89464989778123
1974-04-25,51.870459716986936
1974-04-26,52.479214719033365
1974-04-29,52.6323663036502
1974-04-30,53.0934925021037
1974-05-01,54.03148126477778
1974-05-02,54.25849813338657
1974-05-03,53.904265994846696
1974-05-06,53.354468672546695
1974-05-07,53.3634310107217
1974-05-08,53.23322312175587
1974-05-09,53.55773041651807
1974-05-10,53.068135571102324
1974-05-13,52.80682594170877
1974-05-14,52.92696064439816
1974-05-15,52.49462563209715
1974-05-16,52.33927996702071
1974-05-17,51.192044106598054
1974-05-20,50.910956644679516
1974-05-21,50.30491036029872
1974-05-22,49.171829704691426
1974-05-23,48.57391278546322
1974-05-24,49.06841822337042
1974-05-28,48.82476391398392
1974-05-29,48.344772574908426
1974-05-30,48.63844623339678
1974-05-31,48.46762768230056
1974-06-03,49.31364536757668
1974-06-04,50.10896640499132
1974-06-05,50.60240048377377
1974-06-06,50.93267286131864
1974-06-07,51.11642704596445
1974-06-10,51.43884160991022
1974-06-11,51.21081414811162
1974-06-12,50.71513438496612
1974-06-13,50.732860904069895
1974-06-14,50.20479489442142
1974-06-17,50.06715280481333
1974-06-18,49.817378270695905
1974-06-19,49.522856449794965
1974-06-20,49.11644490383875
1974-06-21,48.97201208104413
1974-06-24,48.91037225551888
1974-06-25,49.486874786301335
1974-06-26,49.0004203100299
1974-06-27,48.168288607337864
1974-06-28,47.93829090724705
1974-07-01,47.85571821983137
1974-07-02,46.78317174668629
1974-07-03,46.537131506030256
1974-07-05,46.26561172390625
1974-07-08,45.250763360531025
1974-07-09,46.0843331832198
1974-07-10,45.14894987012861
1974-07-11,45.21122428824137
1974-07-12,47.03463448860983
1974-07-15,47.87596736158306
1974-07-16,47.84999130949464
1974-07-17,47.92590178786631
1974-07-18,48.509191975403866
1974-07-19,49.0459806610728
1974-07-22,49.02387249377138
1974-07-23,49.602933926258395
1974-07-24,49.856525648945606
1974-07-25,49.97978393411223
1974-07-26,49.27908414112886
1974-07-29,48.74179628370669
1974-07-30,48.3880141588648
1974-07-31,48.31370427624485
1974-08-01,47.94044438740836
1974-08-02,47.7463586781427
1974-08-05,48.004191678126475
1974-08-06,48.89434722578393
1974-08-07,50.009037532993375
1974-08-08,49.51161612093046
1974-08-09,49.586322318371465
1974-08-12,49.385835388962
1974-08-13,49.19218432043394
1974-08-14,48.77677636208808
1974-08-15,48.83834015614335
1974-08-16,48.84535395213392
1974-08-19,47.88953753874954
1974-08-20,48.13076271368236
1974-08-21,47.82806512180466
1974-08-22,47.420903654646956
1974-08-23,46.6960403960965
1974-08-26,46.227473855488185
1974-08-27,45.080023799978164
1974-08-28,44.48697275775966
1974-08-29,43.96835816399568
1974-08-30,45.09247394605289
1974-09-03,44.50159743817972
1974-09-04,43.212241220353036
1974-09-05,44.40913830125224
1974-09-06,44.85219087191014
1974-09-09,42.76388236898165
1974-09-10,42.11285982070948
1974-09-11,41.41473378241562
1974-09-12,40.14095537062034
1974-09-13,40.72314333061269
1974-09-16,41.343207266566594
1974-09-17,41.36698555911949
1974-09-18,41.2911962043124
1974-09-19,42.522851444067
1974-09-20,42.661775724238886
1974-09-23,42.60598504075297
1974-09-24,42.345190697453155
1974-09-25,42.437440866096495
1974-09-26,41.55343629122106
1974-09-27,40.777307210098755
1974-09-30,39.99890839275352
1974-10-01,39.941574484454534
1974-10-02,40.015574640569255
1974-10-03,39.81664558098039
1974-10-04,40.78342515519601
1974-10-07,42.13175612035962
1974-10-08,42.31160206373087
1974-10-09,44.232974532100314
1974-10-10,45.285872381423296
1974-10-11,45.55299103240489
1974-10-14,45.856642558940834
1974-10-15,44.966625617057666
1974-10-16,44.6706377208248
1974-10-17,44.91444178672192
1974-10-18,45.138628961877394
1974-10-21,45.95827569537896
1974-10-22,45.912460183041205
1974-10-23,45.295689193353276
1974-10-24,45.83230066641054
1974-10-25,45.8603182343458
1974-10-28,46.428326994983905
1974-10-29,47.192591827659164
1974-10-30,48.230802265276935
1974-10-31,48.2707677497921
1974-11-01,48.31067658876098
1974-11-04,47.99033071384098
1974-11-05,48.558977541323905
1974-11-06,48.76062386994304
1974-11-07,48.70862374550573
1974-11-08,49.19062773290518
1974-11-11,49.151281309820476
1974-11-12,48.54587289227525
1974-11-13,48.764701233993016
1974-11-14,48.42109165098289
1974-11-15,47.90986697427214
1974-11-18,46.05687735864951
1974-11-19,45.52260303110222
1974-11-20,45.89945122325254
1974-11-21,45.75213695767578
1974-11-22,46.411600165798006
1974-11-25,46.525190751144756
1974-11-26,46.859167226768314
1974-11-27,47.03744042618438
1974-11-29,46.99323785516019
1974-12-02,45.70478770070136
1974-12-03,44.69607166508561
1974-12-04,44.89359566663676
1974-12-05,44.18701199976072
1974-12-06,43.36211088371892
1974-12-09,43.27290236446538
1974-12-10,44.25903847843418
1974-12-11,44.238549333653864
1974-12-12,44.164623123913806
1974-12-13,44.02466544341791
1974-12-16,44.10950023954238
1974-12-17,45.07690130111349
1974-12-18,45.216333860944836
1974-12-19,44.96903545128764
1974-12-20,44.42350272093173
1974-12-23,44.212125133426404
1974-12-24,44.657747360008266
1974-12-26,44.63660748486216
1974-12-27,44.7471337653971
1974-12-30,44.219754853354864
1974-12-31,44.79258752544087
1975-01-02,45.90138242858467
1975-01-03,46.37042039560717
1975-01-06,46.82929643663946
1975-01-07,47.040305760482354
1975-01-08,47.35280206143162
1975-01-09,47.70667861795978
1975-01-10,48.737026378206565
1975-01-13,48.62370079678628
1975-01-14,48.30787277193649
1975-01-15,48.85806912525515
1975-01-16,48.80554504049864
1975-01-17,48.13128400606161
1975-01-20,48.05392778620702
1975-01-21,47.78899258020359
1975-01-22,48.21390986389016
1975-01-23,48.48002984066455
1975-01-24,49.10895724076732
1975-01-27,50.68332795409837
1975-01-28,50.9310282228063
1975-01-29,51.66205289052893
1975-01-30,51.06644094276452
1975-01-31,51.28389154863314
1975-02-03,52.340650816453405
1975-02-04,51.80776532717647
1975-02-05,52.298376478867795
1975-02-06,52.56510905435945
1975-02-07,52.91756814330619
1975-02-10,52.93282652640911
1975-02-11,52.726260386404356
1975-02-12,53.12174255347113
1975-02-13,53.490044470553954
1975-02-14,53.68984923999165
1975-02-18,53.44629461928469
1975-02-19,53.39815651056687
1975-02-20,53.897022471358135
1975-02-21,53.90617826429564
1975-02-24,53.07822780360396
1975-02-25,51.97666508083489
1975-02-26,52.362147965197494
1975-02-27,52.34013070354636
1975-02-28,52.54004544941348
1975-03-03,53.34362987936747
1975-03-04,53.37438498761234
1975-03-05,53.18014871493187
1975-03-06,53.82336261946133
1975-03-07,54.61717825298783
1975-03-10,55.22696180421225
1975-03-11,54.80896925747536
1975-03-12,54.47755350071478
1975-03-13,54.70378254478475
1975-03-14,55.60231650144675
1975-03-17,56.412538489999264
1975-03-18,56.04108833797706
1975-03-19,55.72660421929695
1975-03-20,55.41628226715269
1975-03-21,55.40824042677847
1975-03-24,54.462795125519975
1975-03-25,55.01396988516177
1975-03-26,56.133059308538336
1975-03-27,56.68229422925083
1975-03-31,56.55063425407388
1975-04-01,56.162466542562875
1975-04-02,56.18819815662106
1975-04-03,55.962697741494694
1975-04-04,55.717694285042455
1975-04-07,55.457511725569795
1975-04-08,56.15053036608724
1975-04-09,57.24255995182116
1975-04-10,58.25409888365344
1975-04-11,59.01755260394198
1975-04-14,59.81284116848112
1975-04-15,60.08253313864435
1975-04-16,60.38659834089989
1975-04-17,60.72514940576717
1975-04-18,60.43098693308035
1975-04-21,61.19274289456621
1975-04-22,60.63250402076638
1975-04-23,59.82566459401499
1975-04-24,60.164825470021654
1975-04-25,60.993276608125086
1975-04-28,60.88618522020453
1975-04-29,60.27750446566777
1975-04-30,61.49790884013693
1975-05-01,62.28217405699058
1975-05-02,63.3750485966541
1975-05-05,63.79549107893914
1975-05-06,62.290662820517866
1975-05-07,62.772194626126584
1975-05-08,63.6366512694875
1975-05-09,64.5065008319486
1975-05-12,64.46149040815463
1975-05-13,64.83414279339469
1975-05-14,65.7983479872975
1975-05-15,65.42472084471973
1975-05-16,65.13649925740927
1975-05-19,65.42468983951885
1975-05-20,65.31052015604065
1975-05-21,64.27772034269923
1975-05-22,64.58753530636827
1975-05-23,65.3557155753609
1975-05-27,65.61292480041772
1975-05-28,65.49825790831734
1975-05-29,65.68442787413206
1975-05-30,67.0298170551358
1975-06-02,68.6795657643597
1975-06-03,68.49633564870292
1975-06-04,67.82539965795901
1975-06-05,67.63906171913158
1975-06-06,67.4705372985852
1975-06-09,66.16259001191561
1975-06-10,65.52305426151766
1975-06-11,65.65938778753535
1975-06-12,65.00669801654097
1975-06-13,64.97191601791053
1975-06-16,65.78218448869002
1975-06-17,64.91477319615817
1975-06-18,64.68175228304172
1975-06-19,65.92988260346903
1975-06-20,66.79949598720899
1975-06-23,68.20157710733294
1975-06-24,68.75564368186646
1975-06-25,69.22053458724507
1975-06-26,68.63262698815417
1975-06-27,68.75405664870715
1975-06-30,69.69905151478184
1975-07-01,69.66918844371689
1975-07-02,69.00137685907427
1975-07-03,69.70295832401482
1975-07-07,69.26424638735436
1975-07-08,69.29922221815583
1975-07-09,71.25846422262251
1975-07-10,71.47248223120653
1975-07-11,71.74698539326143
1975-07-14,72.12285564785167
1975-07-15,72.41107069190197
1975-07-16,71.43657221576991
1975-07-17,70.9397826314322
1975-07-18,71.0808469421306
1975-07-21,70.19805505087628
1975-07-22,69.04017394724895
1975-07-23,67.32311852976152
1975-07-24,66.604316295408
1975-07-25,65.88536797098574
1975-07-28,65.4282248807689
1975-07-29,64.79576983385813
1975-07-30,65.40101553104556
1975-07-31,65.56750738829082
1975-08-01,64.60220924398672
1975-08-04,63.66865430679673
1975-08-05,62.645601657779615
1975-08-06,62.46884517810981
1975-08-07,62.19461402385163
1975-08-08,61.637776155163685
1975-08-11,61.85458749242231
1975-08-12,62.493835285490974
1975-08-13,61.37343836684612
1975-08-14,60.91160817958582
1975-08-15,61.327974511083745
1975-08-18,61.23948667392525
1975-08-19,59.73227173349865
1975-08-20,58.33589297282469
1975-08-21,58.271137234703296
1975-08-22,59.845852916447036
1975-08-25,60.460624884764286
1975-08-26,59.40087769010914
1975-08-27,60.05057898665391
1975-08-28,62.08658590716629
1975-08-29,63.05927048757584
1975-09-02,61.47511206708862
1975-09-03,62.44933003288386
1975-09-04,62.635552927376324
1975-09-05,62.452002558526026
1975-09-08,62.33642872247585
1975-09-09,60.907030970615935
1975-09-10,59.73696503611786
1975-09-11,59.960625644651394
1975-09-12,60.12050442245526
1975-09-15,59.66042735947822
1975-09-16,58.99898591060307
1975-09-17,59.37948848150886
1975-09-18,60.760083298787
1975-09-19,62.63770576394303
1975-09-22,62.30116334225017
1975-09-23,62.55918472179261
1975-09-24,63.44645909610416
1975-09-25,63.135994922753
1975-09-26,63.69227420723486
1975-09-29,62.961608378167654
1975-09-30,61.609544043580364
1975-10-01,60.31979111538546
1975-10-02,60.90386608720529
1975-10-03,62.46531440645703
1975-10-06,63.609429300116915
1975-10-07,63.23016523191598
1975-10-08,64.34296235547201
1975-10-09,64.06419410353531
1975-10-10,63.150587561355344
1975-10-13,64.31276124074908
1975-10-14,63.57026910737255
1975-10-15,63.49883649152955
1975-10-16,63.66542829384499
1975-10-17,63.10370273684892
1975-10-20,63.53371763415739
1975-10-21,64.2646162756828
1975-10-22,64.26051777347651
1975-10-23,64.63826273767884
1975-10-24,63.80581561077565
1975-10-27,63.593983491187984
1975-10-28,64.01477616769591
1975-10-29,62.48614253345306
1975-10-30,62.46025724531927
1975-10-31,62.0791490658596
1975-11-03,61.29688771726098
1975-11-04,61.6307688401787
1975-11-05,62.63919989007421
1975-11-06,62.74066438527402
1975-11-07,62.69920915755822
1975-11-10,62.3035252960841
1975-11-11,62.79131154202558
1975-11-12,63.64370616424752
1975-11-13,63.55332871276152
1975-11-14,63.6457966852481
1975-11-17,63.929742405297496
1975-11-18,63.220606045668575
1975-11-19,62.35140744490254
1975-11-20,62.0411820026371
1975-11-21,62.23351459806601
1975-11-24,62.63381564910983
1975-11-25,63.229349969805504
1975-11-26,63.8300828282665
1975-11-28,64.04399661899564
1975-12-01,63.405596523458705
1975-12-02,61.83614966605124
1975-12-03,60.04167206432427
1975-12-04,60.18868571274444
1975-12-05,59.69015568149521
1975-12-08,59.38264347943112
1975-12-09,59.51451289796621
1975-12-10,60.21795382957825
1975-12-11,60.30389183015466
1975-12-12,60.17968512169759
1975-12-15,60.20687678277573
1975-12-16,60.98858068420777
1975-12-17,61.41689353382184
1975-12-18,61.684319463495314
1975-12-19,61.065499991282735
1975-12-22,60.54200858373627
1975-12-23,61.28541856093678
1975-12-24,61.8667498610505
1975-12-26,62.62100326375956
1975-12-29,62.19612009355853
1975-12-30,61.86665497606553
1975-12-31,62.65324327826943
1976-01-02,63.2557347339901
1976-01-05,64.57814473504655
1976-01-06,65.55016667688088
1976-01-07,65.75191288542612
1976-01-08,66.27593959469247
1976-01-09,66.88578733748898
1976-01-12,67.99980224487699
1976-01-13,67.27618003405955
1976-01-14,68.57132361165009
1976-01-15,68.43423787899891
1976-01-16,68.80395781072937
1976-01-19,69.88951224495491
1976-01-20,70.54486017995595
1976-01-21,70.45635631617948
1976-01-22,71.17450014889475
1976-01-23,72.26358082884457
1976-01-26,72.64270854115053
1976-01-27,72.13963008908016
1976-01-28,71.55328653144556
1976-01-29,73.12479619162968
1976-01-30,73.61454794858393
1976-02-02,73.81739473483466
1976-02-03,74.25775133622007
1976-02-04,74.90281425967001
1976-02-05,73.77203757744009
1976-02-06,73.46683738909277
1976-02-09,74.29316752066055
1976-02-10,75.01259549626164
1976-02-11,75.7016876061595
1976-02-12,75.8085883098166
1976-02-13,75.59506072530056
1976-02-17,75.65852017930763
1976-02-18,76.63372292115497
1976-02-19,77.94900599753151
1976-02-20,78.42711745695138
1976-02-23,78.09237544530154
1976-02-24,78.4456327289704
1976-02-25,78.56843710234507
1976-02-26,77.59669115866582
1976-02-27,76.84988483058068
1976-03-01,76.8567593817416
1976-03-02,77.58688075247706
1976-03-03,77.27613783000295
1976-03-04,76.5929932369771
1976-03-05,76.72135486451901
1976-03-08,77.69080107649785
1976-03-09,77.88558354496824
1976-03-10,78.2333961766318
1976-03-11,79.13667607200166
1976-03-12,78.20078848155403
1976-03-15,77.07195407084959
1976-03-16,77.95570817921728
1976-03-17,78.0682192742467
1976-03-18,77.4048366034198
1976-03-19,77.21179104472573
1976-03-22,77.01655003627444
1976-03-23,77.43724803212504
1976-03-24,77.96718079761405
1976-03-25,77.3738087407795
1976-03-26,77.58191034343962
1976-03-29,77.35611142881186
1976-03-30,76.96782974144443
1976-03-31,77.61661825583045
1976-04-01,77.30994732805961
1976-04-02,77.29750188500454
1976-04-05,78.19583114657048
1976-04-06,78.12071709220204
1976-04-07,76.96114772089835
1976-04-08,75.90897313964456
1976-04-09,74.91433211175764
1976-04-12,74.86540626589657
1976-04-13,75.25470179534435
1976-04-14,74.93221850613955
1976-04-15,75.2477493893887
1976-04-19,76.0336279640765
1976-04-20,77.6234329393817
1976-04-21,77.79027008425665
1976-04-22,77.99225365600107
1976-04-23,77.53322049192073
1976-04-26,77.82193632277938
1976-04-27,77.27258826489857
1976-04-28,77.42723277644201
1976-04-29,77.38231683010218
1976-04-30,77.03810875133269
1976-05-03,76.1288043994905
1976-05-04,76.52526210839355
1976-05-05,76.36309661230722
1976-05-06,76.72022730387494
1976-05-07,76.98516742507051
1976-05-10,78.03702131071819
1976-05-11,78.0950773627362
1976-05-12,78.0604170601606
1976-05-13,77.90101557580877
1976-05-14,77.2850260003729
1976-05-17,76.96277864512467
1976-05-18,76.97317979996139
1976-05-19,77.14401428470073
1976-05-20,77.48523514111288
1976-05-21,76.83919434064302
1976-05-24,75.10694195050657
1976-05-25,74.39657923209154
1976-05-26,74.1984407938631
1976-05-27,73.44755956249848
1976-05-28,74.3427724694307
1976-06-01,73.91006002935421
1976-06-02,73.76246647853479
1976-06-03,73.80874317004387
1976-06-04,72.92655620743125
1976-06-07,72.1200312581342
1976-06-08,72.25676641533504
1976-06-09,72.56087553498013
1976-06-10,73.08459981626218
1976-06-11,73.60373279679882
1976-06-14,74.65155101900163
1976-06-15,74.28569267159688
1976-06-16,74.51064095165219
1976-06-17,75.51133988420976
1976-06-18,75.48512636681377
1976-06-21,74.33305499458994
1976-06-22,74.14957386475776
1976-06-23,74.5065554184639
1976-06-24,75.56985597422035
1976-06-25,75.354534856118
1976-06-28,74.9260887648725
1976-06-29,74.76326474854116
1976-06-30,74.88998105433731
1976-07-01,74.33967951422788
1976-07-02,74.52747603927494
1976-07-06,73.94871437909396
1976-07-07,74.09436870765475
1976-07-08,74.35403161701113
1976-07-09,75.04683333456668
1976-07-12,75.92131231802254
1976-07-13,75.83784986684091
1976-07-14,75.9161645419099
1976-07-15,75.69310220373362
1976-07-16,75.14634448901533
1976-07-19,74.90682843963428
1976-07-20,74.55286318479786
1976-07-21,74.46396539138031
1976-07-22,74.3875928335073
1976-07-23,74.50511642478332
1976-07-26,74.67274978891402
1976-07-27,74.27444857749764
1976-07-28,74.05768347969176
1976-07-29,73.95072613718472
1976-07-30,74.3672394069516
1976-08-02,74.23311584205787
1976-08-03,74.77192469083992
1976-08-04,75.20708578285829
1976-08-05,74.87022558447778
1976-08-06,74.64109359220313
1976-08-09,74.51829696600205
1976-08-10,75.0624157869917
1976-08-11,74.86466125830782
1976-08-12,74.75588749393229
1976-08-13,74.90949382235237
1976-08-16,74.8577053619464
1976-08-17,75.04356890679867
1976-08-18,74.65433455048554
1976-08-19,73.6739883555214
1976-08-20,72.7414333512083
1976-08-23,72.25736071974016
1976-08-24,71.86382795246256
1976-08-25,72.25338426089183
1976-08-26,71.79347339945775
1976-08-27,71.97023742112155
1976-08-30,72.29408726045413
1976-08-31,72.88377958543582
1976-09-01,73.58830124982426
1976-09-02,73.6173560943205
1976-09-03,73.91985563359029
1976-09-07,74.17807407230805
1976-09-08,73.83296997346032
1976-09-09,73.26124799672924
1976-09-10,73.41496438671793
1976-09-13,73.10671410371036
1976-09-14,73.02369087968039
1976-09-15,73.09220667703632
1976-09-16,73.74478424695343
1976-09-17,74.44769585155895
1976-09-20,74.7635330055951
1976-09-21,75.90821693001743
1976-09-22,75.87879133388594
1976-09-23,75.3660366370502
1976-09-24,75.35096974665692
1976-09-27,75.78248123431669
1976-09-28,74.79998953518549
1976-09-29,74.47366694239305
1976-09-30,74.21497229656967
1976-10-01,73.14749697877922
1976-10-04,73.00749542197353
1976-10-05,72.74635042217575
1976-10-06,72.59109338569436
1976-10-07,72.7540559531192
1976-10-08,72.25922628562722
1976-10-11,71.29244252216183
1976-10-12,70.51481045489373
1976-10-13,71.3454018368463
1976-10-14,70.46437050104755
1976-10-15,70.7178907700093
1976-10-18,71.1345580345335
1976-10-19,71.0441654942475
1976-10-20,71.22006932765976
1976-10-21,70.47198092252442
1976-10-22,69.92296745328228
1976-10-25,70.23662635511081
1976-10-26,70.76646520438844
1976-10-27,71.17922570755019
1976-10-28,70.96785784755366
1976-10-29,71.68727455428044
1976-11-01,71.9833533810139
1976-11-03,71.2886645429718
1976-11-04,72.32533204171523
1976-11-05,71.78828656430258
1976-11-08,71.26200233027417
1976-11-09,71.03230621244298
1976-11-10,70.7466358554972
1976-11-11,71.10649123555237
1976-11-12,70.82433710847104
1976-11-15,71.06530442374451
1976-11-16,71.53626670754981
1976-11-17,71.84898218174128
1976-11-18,73.03553534695757
1976-11-19,73.19325622260642
1976-11-22,73.55744832695653
1976-11-23,73.19846095117131
1976-11-24,73.28348989275185
1976-11-26,73.8434506266305
1976-11-29,73.28585910975478
1976-11-30,73.17010367951033
1976-12-01,73.79635971602775
1976-12-02,73.64805707631565
1976-12-03,74.20948031564816
1976-12-06,75.1118734690656
1976-12-07,75.08240708208486
1976-12-08,75.57791473740987
1976-12-09,76.18106906044832
1976-12-10,76.24480729318196
1976-12-13,76.20994896854538
1976-12-14,76.66509448581652
1976-12-15,77.16712023466513
1976-12-16,77.17052018301487
1976-12-17,76.79021245932833
1976-12-20,76.34902059232371
1976-12-21,76.53214979849955
1976-12-22,76.95582515081475
1976-12-23,76.71901848864127
1976-12-27,77.4956798333314
1976-12-28,78.08303193559539
1976-12-29,77.79381031321327
1976-12-30,78.30330709478675
1976-12-31,78.71790537532964
1977-01-03,78.6095048883439
1977-01-04,78.06261453726958
1977-01-05,77.4078763638658
1977-01-06,77.50457440437643
1977-01-07,77.63855233217731
1977-01-10,77.91979736882409
1977-01-11,77.09524140331057
1977-01-12,76.0635159463393
1977-01-13,77.26099181811236
1977-01-14,77.32790663478374
1977-01-17,77.42523638352692
1977-01-18,77.56240112219488
1977-01-19,77.87830076795001
1977-01-20,77.66968241093313
1977-01-21,78.17508551878448
1977-01-24,78.47788152069421
1977-01-25,78.62589784519567
1977-01-26,78.1681116097336
1977-01-27,77.66111591543611
1977-01-28,77.85281870781598
1977-01-31,77.55882949293888
1977-02-01,78.00045325257537
1977-02-02,78.02107609106974
1977-02-03,77.88723898754634
1977-02-04,78.17595306365908
1977-02-07,78.19039722450836
1977-02-08,77.976596173303
1977-02-09,77.46077654562421
1977-02-10,77.48085885776653
1977-02-11,77.24088803641595
1977-02-14,77.54873996431242
1977-02-15,77.94675732514105
1977-02-16,78.28759040153493
1977-02-17,77.71552675058115
1977-02-18,77.50609693779566
1977-02-22,77.06573124432673
1977-02-23,76.88321014078879
1977-02-24,76.34416542630288
1977-02-25,76.18243710687231
1977-02-28,76.24410428654129
1977-03-01,76.90608320547396
1977-03-02,76.88483058113702
1977-03-03,77.28492557696129
1977-03-04,77.68288417447374
1977-03-07,77.7744421555101
1977-03-08,77.45053361948762
1977-03-09,76.96063010453733
1977-03-10,77.30310323236255
1977-03-11,77.67040767855642
1977-03-14,77.88084488920022
1977-03-15,78.08544242298184
1977-03-16,78.23338259612662
1977-03-17,78.48772486369188
1977-03-18,78.55584799763702
1977-03-21,78.18559046668899
1977-03-22,77.83414281855491
1977-03-23,76.94418719402634
1977-03-24,76.95608845855074
1977-03-25,76.6266655527358
1977-03-28,76.45066696837658
1977-03-29,76.75221812774575
1977-03-30,76.00122986995791
1977-03-31,75.93298686978183
1977-04-01,76.500489209737
1977-04-04,76.0831356840882
1977-04-05,76.04039843532911
1977-04-06,76.11920568270959
1977-04-07,76.3026991126175
1977-04-11,76.73621001735962
1977-04-12,77.83864312349876
1977-04-13,78.08058905589164
1977-04-14,78.53609161870601
1977-04-15,78.53262925188982
1977-04-18,78.30976268468305
1977-04-19,78.21943230693894
1977-04-20,78.82570179349271
1977-04-21,78.5912676262634
1977-04-22,77.462928760916
1977-04-25,76.32235930100495
1977-04-26,76.28258416726388
1977-04-27,77.05674527967332
1977-04-28,77.34261647481519
1977-04-29,77.86690805460239
1977-05-02,78.3240545325569
1977-05-03,78.771193080289
1977-05-04,79.17228122132211
1977-05-05,79.39112266388904
1977-05-06,79.12847764254741
1977-05-09,79.02915144380268
1977-05-10,79.2140410503495
1977-05-11,79.3456106645212
1977-05-12,79.55322537020463
1977-05-13,79.59756596174542
1977-05-16,79.99219850397844
1977-05-17,79.95378068219506
1977-05-18,80.58315095183637
1977-05-19,80.55150870956547
1977-05-20,80.38904700738934
1977-05-23,79.74018987762064
1977-05-24,79.26452335928414
1977-05-25,78.62703184512355
1977-05-26,78.66520198097503
1977-05-27,78.4190881831626
1977-05-31,78.16510104991539
1977-06-01,78.48616089306451
1977-06-02,78.55540789165367
1977-06-03,79.08002860281835
1977-06-06,79.01460710046732
1977-06-07,79.24439199994337
1977-06-08,79.76627988423384
1977-06-09,79.86280305553822
1977-06-10,80.11287543377865
1977-06-13,80.24890241662555
1977-06-14,80.94993990492458
1977-06-15,80.83492909358692
1977-06-16,80.7268055269885
1977-06-17,80.82080474905797
1977-06-20,81.17514233396926
1977-06-21,81.62245269631549
1977-06-22,81.72949578929911
1977-06-23,81.96496919009007
1977-06-24,82.40458537314964
1977-06-27,82.48244951582761
1977-06-28,82.06720565770966
1977-06-29,82.12000637591535
1977-06-30,82.47801941789227
1977-07-01,82.46933145562245
1977-07-05,82.64088720441664
1977-07-06,82.42580805740177
1977-07-07,82.75386744695021
1977-07-08,82.98849586233797
1977-07-11,82.97633708396054
1977-07-12,82.82271797994989
1977-07-13,83.08553201255441
1977-07-15,83.41410473890818
1977-07-18,83.62074063557294
1977-07-19,84.09029365954517
1977-07-20,84.21461868845795
1977-07-21,84.34037755302641
1977-07-22,84.8243905637209
1977-07-25,84.64000929109628
1977-07-26,84.71394665584374
1977-07-27,83.53628501117852
1977-07-28,83.04745359767762
1977-07-29,82.87688168949889
1977-08-01,83.21772472681363
1977-08-02,82.82887385109322
1977-08-03,82.38059171009625
1977-08-04,82.90437994698823
1977-08-05,83.07896868602266
1977-08-08,82.79455102740728
1977-08-09,82.79204438212159
1977-08-10,83.15045125621164
1977-08-11,82.98061475591501
1977-08-12,82.68002340561215
1977-08-15,82.58817018205475
1977-08-16,82.46081211273238
1977-08-17,82.49005122581887
1977-08-18,82.3387277491588
1977-08-19,82.08654594722084
1977-08-22,82.09397974382698
1977-08-23,82.3588142566905
1977-08-24,82.21852840355307
1977-08-25,81.31610733227852
1977-08-26,80.99768169650966
1977-08-29,81.70962933646913
1977-08-30,81.606244022328
1977-08-31,81.59862898222174
1977-09-01,82.10286143104364
1977-09-02,82.54140648056351
1977-09-06,82.76684492966525
1977-09-07,83.09285249054135
1977-09-08,82.96719449257489
1977-09-09,82.76151886581363
1977-09-12,82.76732622329376
1977-09-13,82.52699206911451
1977-09-14,82.64166025805943
1977-09-15,82.80730736251046
1977-09-16,83.04514629131366
1977-09-19,82.61086307243507
1977-09-20,82.69414497329254
1977-09-21,82.51458823357562
1977-09-22,82.21870049877639
1977-09-23,82.27592430088991
1977-09-26,82.84060098280915
1977-09-27,82.60747792562078
1977-09-28,82.63007037917363
1977-09-29,83.1879034290082
1977-09-30,84.13517188286315
1977-10-03,84.43281586890174
1977-10-04,84.13161878100713
1977-10-05,83.85102421422685
1977-10-06,83.74984995818993
1977-10-07,84.02441692933573
1977-10-10,84.13359012617957
1977-10-11,83.92078614392408
1977-10-12,82.58843629910625
1977-10-13,81.70355918292131
1977-10-14,81.7153180890574
1977-10-17,81.6439825025089
1977-10-18,81.84357890926563
1977-10-19,80.92972996850177
1977-10-20,80.9127387315386
1977-10-21,80.9052356396749
1977-10-24,80.70193618057849
1977-10-25,79.64458620451424
1977-10-26,80.35125198927092
1977-10-27,80.3600239943784
1977-10-28,80.48919095768768
1977-10-31,80.42769477953547
1977-11-01,80.04064484369917
1977-11-02,80.07790409372987
1977-11-03,80.11825375705968
1977-11-04,80.88286513708464
1977-11-07,81.53442132329212
1977-11-08,81.71246056605813
1977-11-09,82.49872544569156
1977-11-10,84.07284650269135
1977-11-11,85.27587415708062
1977-11-14,85.25789410466118
1977-11-15,85.58979710838514
1977-11-16,85.63033744776433
1977-11-17,85.60700658841564
1977-11-18,85.88860019450708
1977-11-21,85.88291109734494
1977-11-22,86.27924959373303
1977-11-23,86.61993193361837
1977-11-25,87.14082324522356
1977-11-28,87.09511033194697
1977-11-29,86.30265998516022
1977-11-30,86.47023969244471
1977-12-01,86.89491564235774
1977-12-02,87.52671296448878
1977-12-05,87.70531390114866
1977-12-06,86.33202289211864
1977-12-07,86.17333681849948
1977-12-08,86.12593984616844
1977-12-09,86.42527628339404
1977-12-12,86.35720690282194
1977-12-13,86.30588305942368
1977-12-14,86.48889280503951
1977-12-15,86.23594265062971
1977-12-16,86.45032862851039
1977-12-19,85.79175863458072
1977-12-20,85.44881197003959
1977-12-21,85.81046034914998
1977-12-22,86.73908457563228
1977-12-23,87.72639523356384
1977-12-27,87.86851927129875
1977-12-28,88.0331198581452
1977-12-29,88.40681120664033
1977-12-30,89.20387629850258
1978-01-03,88.59020821937104
1978-01-04,87.9984043486784
1978-01-05,87.82465434634996
1978-01-06,86.9359077463514
1978-01-09,85.69368970030052
1978-01-10,84.99465640710534
1978-01-11,84.40297864806301
1978-01-12,84.45485854935342
1978-01-13,84.88158810098629
1978-01-16,84.27941374505103
1978-01-17,84.62441839981621
1978-01-18,85.56204472993134
1978-01-19,85.77277358423541
1978-01-20,85.80341277400453
1978-01-23,85.36802873282352
1978-01-24,85.38162928660871
1978-01-25,85.56208109753054
1978-01-26,85.16521126991628
1978-01-27,85.12882460880091
1978-01-30,85.46165504307427
1978-01-31,85.65961534136153
1978-02-01,86.09422941673942
1978-02-02,86.55042681669426
1978-02-03,86.87243891190506
1978-02-06,87.18182381456414
1978-02-07,87.48359667357131
1978-02-08,87.91788812638303
1978-02-09,87.75468687814967
1978-02-10,88.06334334781556
1978-02-13,87.99914695706238
1978-02-14,87.49989766045816
1978-02-15,87.18805399571178
1978-02-16,86.82931755672625
1978-02-17,87.06713238247761
1978-02-21,86.85651962343744
1978-02-22,86.79312565717476
1978-02-23,87.12889676258474
1978-02-24,87.34488846991681
1978-02-27,86.99193489754403
1978-02-28,86.55723967014089
1978-03-01,86.43683476923997
1978-03-02,86.98816751678307
1978-03-03,87.08323698635436
1978-03-06,86.74084873011515
1978-03-07,87.40141884442421
1978-03-08,88.06989740016915
1978-03-09,88.53906211619658
1978-03-10,89.49410951331295
1978-03-13,89.74187597684961
1978-03-14,90.03852192229405
1978-03-15,90.24399020000209
1978-03-16,90.90151356547625
1978-03-17,91.79358032396307
1978-03-20,92.7516057541649
1978-03-21,91.98569754106238
1978-03-22,92.0436285484334
1978-03-23,92.4372587906161
1978-03-27,92.48406342786656
1978-03-28,93.05098665284854
1978-03-29,93.68927659091298
1978-03-30,93.5466069417217
1978-03-31,93.5100955630269
1978-04-03,92.4934693371529
1978-04-04,92.98226031704003
1978-04-05,94.02450753496697
1978-04-06,94.6206912914017
1978-04-07,95.28529063900633
1978-04-10,96.01723856846726
1978-04-11,95.87089012915735
1978-04-12,96.06100647753713
1978-04-13,97.01194574056144
1978-04-14,98.46026943490308
1978-04-17,99.18138018377444
1978-04-18,98.3570767434321
1978-04-19,98.67264123454802
1978-04-20,99.8002062755147
1978-04-21,99.89537389111906
1978-04-24,100.97122452869856
1978-04-25,101.49800995394453
1978-04-26,101.57814837890152
1978-04-27,100.7800636642777
1978-04-28,101.55249069215557
1978-05-01,102.33875185352174
1978-05-02,102.25890888897138
1978-05-03,102.17102353729503
1978-05-04,102.90892193291717
1978-05-05,103.98712941361929
1978-05-08,104.04691193411479
1978-05-09,104.2918265107563
1978-05-10,104.91178218145045
1978-05-11,106.39408599800034
1978-05-12,107.83804318381634
1978-05-15,108.40794663856396
1978-05-16,109.071559812139
1978-05-17,110.00655256091058
1978-05-18,109.2916308449083
1978-05-19,109.29733571426455
1978-05-22,110.13678976064514
1978-05-23,109.0408695043574
1978-05-24,107.71092811582726
1978-05-25,107.7931559612397
1978-05-26,107.67742470530573
1978-05-30,108.18538083145332
1978-05-31,108.62896039948306
1978-06-01,108.69585661347016
1978-06-02,109.99251721403867
1978-06-05,112.31976899777408
1978-06-06,112.82458062573933
1978-06-07,113.59648087416619
1978-06-08,114.62564723095898
1978-06-09,114.77415817458359
1978-06-12,114.47023105510827
1978-06-13,114.34578582003529
1978-06-14,114.78387645490207
1978-06-15,113.96168476221071
1978-06-16,113.14501663451583
1978-06-19,112.10913282752045
1978-06-20,110.93009058883867
1978-06-21,109.99153873969723
1978-06-22,110.69564055630482
1978-06-23,111.71742614936646
1978-06-26,109.89166816674786
1978-06-27,109.69307243688178
1978-06-28,110.23718462921742
1978-06-29,111.00894013800036
1978-06-30,111.2029540471061
1978-07-03,111.20241479581267
1978-07-05,110.07497316908518
1978-07-06,109.95919652409819
1978-07-07,110.97837336397134
1978-07-10,111.63911435613575
1978-07-11,112.10312412788042
1978-07-12,113.35373216856294
1978-07-13,113.68417397660114
1978-07-14,116.12823990803795
1978-07-17,116.84182453560605
1978-07-18,116.43196056155391
1978-07-19,117.79681359651617
1978-07-20,117.93311761781612
1978-07-21,117.56416904062735
1978-07-24,117.46740573889876
1978-07-25,118.39724186959053
1978-07-26,119.23764680676565
1978-07-27,120.44072609149441
1978-07-28,121.29893053240667
1978-07-31,123.336775147043
1978-08-01,124.18160272170844
1978-08-02,127.80681660803435
1978-08-03,128.24368462234415
1978-08-04,128.8660570096214
1978-08-07,129.00297754146672
1978-08-08,130.07660810200198
1978-08-09,131.06404113255198
1978-08-10,130.3444152853531
1978-08-11,130.84336356811338
1978-08-14,131.2277944130788
1978-08-15,130.95604821798864
1978-08-16,131.99609533707843
1978-08-17,133.30258874966304
1978-08-18,133.80960068808974
1978-08-21,132.01671501104934
1978-08-22,132.09129532832807
1978-08-23,133.3246229665932
1978-08-24,134.25988616946626
1978-08-25,135.42518160481123
1978-08-28,134.8861580134248
1978-08-29,134.95110808215608
1978-08-30,136.34333131610092
1978-08-31,136.39914901103876
1978-09-01,136.723564905341
1978-09-05,137.40871327549766
1978-09-06,137.99704689263632
1978-09-07,138.75282654218586
1978-09-08,140.59323074139763
1978-09-11,141.04707906707787
1978-09-12,141.74350455852235
1978-09-13,141.66543511418791
1978-09-14,140.37761051045229
1978-09-15,138.69909945818114
1978-09-18,135.0765165537109
1978-09-19,132.39484137199614
1978-09-20,128.97277977688057
1978-09-21,128.70631032521368
1978-09-22,128.88856968514455
1978-09-25,128.53185894078044
1978-09-26,130.4635767386541
1978-09-27,128.6860808584377
1978-09-28,129.1743501209884
1978-09-29,130.59641579395296
1978-10-02,131.03338593429737
1978-10-03,130.51467726901174
1978-10-04,131.0950293210903
1978-10-05,131.37806838594076
1978-10-06,131.3098424176315
1978-10-09,132.48931834491574
1978-10-10,132.05870623651916
1978-10-11,132.81720593295898
1978-10-12,133.13920598256595
1978-10-13,133.305840866344
1978-10-16,130.2541377150955
1978-10-17,126.11526866140689
1978-10-18,123.17528806473568
1978-10-19,118.73474499412664
1978-10-20,114.37677554818083
1978-10-23,113.63330250490176
1978-10-24,113.74527113112383
1978-10-25,113.69888370978937
1978-10-26,108.71700772477404
1978-10-27,105.06438725954438
1978-10-30,104.11915981265479
1978-10-31,102.1212352494936
1978-11-01,109.07079984675
1978-11-02,108.69492960269595
1978-11-03,110.01081643159397
1978-11-06,109.26192595746117
1978-11-07,106.45127581959925
1978-11-08,107.63744927143725
1978-11-09,108.47863851414273
1978-11-10,109.3081881000632
1978-11-13,105.33028578976123
1978-11-14,102.82353834293184
1978-11-15,103.62465200913803
1978-11-16,105.03176080792228
1978-11-17,107.61639092372913
1978-11-20,109.21427243879164
1978-11-21,108.86822948983331
1978-11-22,110.23035950325384
1978-11-24,111.78817600901503
1978-11-27,112.85337747700576
1978-11-28,111.42922924499713
1978-11-29,109.19845048385272
1978-11-30,111.0951851117134
1978-12-01,113.9291097515738
1978-12-04,114.13806331070937
1978-12-05,116.57160370004718
1978-12-06,117.57069247653268
1978-12-07,116.41649479561396
1978-12-08,115.30671476857977
1978-12-11,116.65357583409546
1978-12-12,115.5854160451825
1978-12-13,114.53829716859065
1978-12-14,114.79224942474173
1978-12-15,114.22971996501033
1978-12-18,109.39682557176423
1978-12-19,110.37743424604693
1978-12-20,111.88141804066017
1978-12-21,112.58238973616842
1978-12-22,116.04760788722
1978-12-26,118.05318726357639
1978-12-27,116.59328001720617
1978-12-28,116.23776042838125
1978-12-29,116.51395793844479
1979-01-02,117.03758042614895
1979-01-03,119.59300017145212
1979-01-04,120.57175497287808
1979-01-05,121.9710401967709
1979-01-08,121.69097886134718
1979-01-09,123.01019055558046
1979-01-10,122.56600331871152
1979-01-11,123.83275979585939
1979-01-12,125.56088370584236
1979-01-15,126.44433455273365
1979-01-16,124.28459120619462
1979-01-17,124.11671393212109
1979-01-18,124.51559393834036
1979-01-19,124.57848549278799
1979-01-22,124.4237313746319
1979-01-23,125.38648222934904
1979-01-24,123.659982532157
1979-01-25,125.15259057484496
1979-01-26,125.8701519519765
1979-01-29,125.38146030685176
1979-01-30,123.90125797028479
1979-01-31,121.91725796165922
1979-02-01,122.098117142956
1979-02-02,121.86378735090933
1979-02-05,119.3925383308122
1979-02-06,119.00302295371542
1979-02-07,116.468514972813
1979-02-08,117.63773726082898
1979-02-09,118.25031563483729
1979-02-12,117.97151067881495
1979-02-13,119.76343030735761
1979-02-14,119.20278920534022
1979-02-15,118.99594489346407
1979-02-16,119.18574350296151
1979-02-20,119.77615235871616
1979-02-21,118.9212634900143
1979-02-22,118.24993467212683
1979-02-23,116.76271756663276
1979-02-26,116.74903605062089
1979-02-27,112.9466410769876
1979-02-28,113.34964541998747
1979-03-01,114.12476026123841
1979-03-02,114.2750019669003
1979-03-05,116.71443705539096
1979-03-06,115.79868874235503
1979-03-07,117.41228975543059
1979-03-08,119.50170014539178
1979-03-09,118.97988348559355
1979-03-12,119.19484732686793
1979-03-13,119.54469295596327
1979-03-14,118.9519571744246
1979-03-15,118.96055748860667
1979-03-16,119.74447411595852
1979-03-19,120.73362733484012
1979-03-20,119.98200154158445
1979-03-21,121.45235413868453
1979-03-22,123.13286271231232
1979-03-23,123.90753276816592
1979-03-26,123.02270796713375
1979-03-27,125.4365557513867
1979-03-28,125.4371767033995
1979-03-29,126.4135890778991
1979-03-30,126.0877514215265
1979-04-02,124.89182659243147
1979-04-03,127.62884506147459
1979-04-04,127.9325089520587
1979-04-05,128.99590771722737
1979-04-06,128.8035423003703
1979-04-09,128.2043326924906
1979-04-10,128.93267431630585
1979-04-11,126.92276372786851
1979-04-12,126.94050160594784
1979-04-16,125.30974431698218
1979-04-17,125.10735240502746
1979-04-18,126.12216466039185
1979-04-19,125.44635373038336
1979-04-20,125.71783635845439
1979-04-23,126.18365817916258
1979-04-24,127.04008226212808
1979-04-25,127.73493062394661
1979-04-26,126.7433441226391
1979-04-27,126.67702004616929
1979-04-30,126.61093059947987
1979-05-01,126.70913920328762
1979-05-02,126.85027618375605
1979-05-03,127.28465967487506
1979-05-04,126.34563146419622
1979-05-07,123.03149708575458
1979-05-08,123.05164479400653
1979-05-09,123.78352194804489
1979-05-10,122.75122842272319
1979-05-11,122.59269535929482
1979-05-14,122.26057426166459
1979-05-15,122.87796054793638
1979-05-16,123.14941461772396
1979-05-17,124.88142234135388
1979-05-18,125.5007831034147
1979-05-21,126.17213401605784
1979-05-22,126.50571105992346
1979-05-23,125.99345809465544
1979-05-24,126.00533579090524
1979-05-25,126.16304804928562
1979-05-29,126.23589717772464
1979-05-30,124.60286492459296
1979-05-31,124.67483738515955
1979-06-01,124.93833911607634
1979-06-04,125.27224358309404
1979-06-05,127.22976237740207
1979-06-06,128.09688525147035
1979-06-07,128.91463863754342
1979-06-08,129.09036357405037
1979-06-11,129.28423117319795
1979-06-12,130.441032048735
1979-06-13,129.29073909156136
1979-06-14,129.09757503685955
1979-06-15,129.41955217757598
1979-06-18,128.99577482301567
1979-06-19,129.19605334689905
1979-06-20,129.71006841594198
1979-06-21,131.09468057303977
1979-06-22,132.09062925854656
1979-06-25,131.68286136445286
1979-06-26,131.34783159394703
1979-06-27,132.07477191826456
1979-06-28,132.19041931620924
1979-06-29,132.69940330553592
1979-07-02,131.26443435678823
1979-07-03,131.28110849345623
1979-07-05,132.2965109929031
1979-07-06,133.7768561388571
1979-07-09,134.55496097997445
1979-07-10,133.53896385130247
1979-07-11,133.0702130534598
1979-07-12,131.60152812138628
1979-07-13,131.19595995081517
1979-07-16,132.53371925590054
1979-07-17,131.38768116410853
1979-07-18,130.68612476525988
1979-07-19,130.78914821020754
1979-07-20,131.5011844994123
1979-07-23,131.15857323001558
1979-07-24,131.8404803490824
1979-07-25,132.85495114138274
1979-07-26,132.81166753113936
1979-07-27,133.3279102451285
1979-07-30,133.32789596463292
1979-07-31,133.69689549557629
1979-08-01,134.1071164915
1979-08-02,133.6220413417181
1979-08-03,133.33963610542978
1979-08-06,133.2171020503025
1979-08-07,134.16371499879313
1979-08-08,134.85187041719522
1979-08-09,134.6827891518915
1979-08-10,135.56475004013802
1979-08-13,136.0889518371895
1979-08-14,136.7675755299716
1979-08-15,137.45898599104842
1979-08-16,137.70108786753138
1979-08-17,138.36849907606566
1979-08-20,139.479233756735
1979-08-21,140.2947523046717
1979-08-22,141.82541990710808
1979-08-23,141.99227034757257
1979-08-24,141.88846711884497
1979-08-27,142.75973903359977
1979-08-28,142.60653271131633
1979-08-29,142.90937110789042
1979-08-30,143.71776734264424
1979-08-31,144.15695022101326
1979-09-04,141.91463741481672
1979-09-05,139.2135786760138
1979-09-06,141.35115777072596
1979-09-07,143.2564199028915
1979-09-10,144.65579093197604
1979-09-11,144.05254534851633
1979-09-12,145.62194371554057
1979-09-13,145.38868839698867
1979-09-14,147.0857271998688
1979-09-17,147.50818231544017
1979-09-18,147.61089332921975
1979-09-19,148.22026167919952
1979-09-20,150.7091551128178
1979-09-21,150.8495463109109
1979-09-24,149.6568147772791
1979-09-25,149.50072241240835
1979-09-26,150.33169185004462
1979-09-27,151.12625205725394
1979-09-28,150.2460147602179
1979-10-01,149.56153275000145
1979-10-02,150.76614975187175
1979-10-03,150.95965286640308
1979-10-04,151.2094638020649
1979-10-05,153.1705523516257
1979-10-08,150.67469379830897
1979-10-09,144.40280697829806
1979-10-10,140.3759231174439
1979-10-11,140.37704825712567
1979-10-12,140.23547361886276
1979-10-15,137.52923280150296
1979-10-16,137.33309183743145
1979-10-17,137.87090067775495
1979-10-18,139.10633307998248
1979-10-19,135.84847096620967
1979-10-22,132.83977127011448
1979-10-23,133.29818564993076
1979-10-24,134.41810700919237
1979-10-25,133.9442006627053
1979-10-26,134.44665880445856
1979-10-29,134.88609543917906
1979-10-30,137.2557577507006
1979-10-31,136.97886627514504
1979-11-01,138.41116744908302
1979-11-02,139.11158204889193
1979-11-05,138.21254087813148
1979-11-06,137.9772524395884
1979-11-07,136.40300848536648
1979-11-08,137.33869637225786
1979-11-09,139.29631038262093
1979-11-12,142.01265103742887
1979-11-13,142.00574560615723
1979-11-14,143.20688199225748
1979-11-15,144.7053440688826
1979-11-16,144.69304484426436
1979-11-19,146.15123032163487
1979-11-20,146.21807193292057
1979-11-21,146.63671497688887
1979-11-23,148.71936119511517
1979-11-26,151.67661695958938
1979-11-27,151.27294351343178
1979-11-28,153.0509372342152
1979-11-29,154.5493980032427
1979-11-30,154.6216125995429
1979-12-03,155.69583712234018
1979-12-04,156.97619613762333
1979-12-05,157.54829014534496
1979-12-06,158.57126735997568
1979-12-07,157.8498699223114
1979-12-10,158.98796658878305
1979-12-11,159.62451013675073
1979-12-12,160.8991871004471
1979-12-13,163.0173228841939
1979-12-14,164.48780349719445
1979-12-17,166.60078421517954
1979-12-18,166.3180873496002
1979-12-19,165.9996722170113
1979-12-20,166.07497266698468
1979-12-21,165.3073414095284
1979-12-24,165.3918213687712
1979-12-26,166.28642741944117
1979-12-27,168.08391823095158
1979-12-28,168.93596282258005
1979-12-31,171.8341087090577
1980-01-02,170.61345730326093
1980-01-03,169.03809669252493
1980-01-04,172.77219313295527
1980-01-07,173.8397297166359
1980-01-08,174.6546212521736
1980-01-09,175.39556353945687
1980-01-10,177.93052394827873
1980-01-11,180.7855296322411
1980-01-14,184.44816526277407
1980-01-15,186.13027957668038
1980-01-16,185.77915313487918
1980-01-17,186.50953289256964
1980-01-18,186.0571068246776
1980-01-21,188.11867633175027
1980-01-22,185.1526389312995
1980-01-23,188.77158995391582
1980-01-24,190.32903320813418
1980-01-25,190.43112556902588
1980-01-28,193.18602087491504
1980-01-29,193.921245620465
1980-01-30,197.04073069547263
1980-01-31,196.24096766928915
1980-02-01,197.47446472870172
1980-02-04,196.61843313660233
1980-02-05,197.17020630341034
1980-02-06,199.2045034410156
1980-02-07,201.7383143152208
1980-02-08,205.23460562633576
1980-02-11,204.59966690395635
1980-02-12,204.15726319524123
1980-02-13,203.92008305797404
1980-02-14,200.1115183722651
1980-02-15,197.44820729939076
1980-02-19,195.5267733894503
1980-02-20,198.73234671534362
1980-02-21,199.1925590709648
1980-02-22,198.73550966190106
1980-02-25,196.5198573572944
1980-02-26,197.61444180674013
1980-02-27,195.72893843019645
1980-02-28,196.8460254977408
1980-02-29,198.39107571761693
1980-03-03,198.78240935724307
1980-03-04,198.29053143764915
1980-03-05,198.12223785024491
1980-03-06,192.4307797547167
1980-03-07,186.85733941230237
1980-03-10,180.76816371299776
1980-03-11,182.1372564732412
1980-03-12,182.8063196429494
1980-03-13,179.48779210735174
1980-03-14,177.65921925033524
1980-03-17,167.19514418631908
1980-03-18,169.2693019742467
1980-03-19,174.20507958269604
1980-03-20,173.3358530731098
1980-03-21,172.59733515754579
1980-03-24,166.1367996896829
1980-03-25,164.6677958654367
1980-03-26,162.38114887973376
1980-03-27,155.05584852665888
1980-03-28,162.62586298642077
1980-03-31,164.4030236992565
1980-04-01,166.5859889121409
1980-04-02,166.52179434607189
1980-04-03,165.10670512098162
1980-04-07,163.0666495371185
1980-04-08,165.76931253997756
1980-04-09,169.23596034305598
1980-04-10,170.90418611756732
1980-04-11,171.10326449741737
1980-04-14,168.56636982064862
1980-04-15,167.70223384325485
1980-04-16,164.91681190035666
1980-04-17,163.07453871985015
1980-04-18,162.0782901271483
1980-04-21,159.14937386080146
1980-04-22,165.45729944737442
1980-04-23,166.69620910757004
1980-04-24,170.1518532923547
1980-04-25,172.88469451389096
1980-04-28,172.97083643037897
1980-04-29,173.77051959014776
1980-04-30,173.07507524307033
1980-05-01,170.639848630469
1980-05-02,170.70348614494768
1980-05-05,171.02854656001438
1980-05-06,169.35699117152421
1980-05-07,170.14054580446003
1980-05-08,168.5909987220402
1980-05-09,166.0439086754389
1980-05-12,166.18275616922645
1980-05-13,167.8222265510059
1980-05-14,169.9312297801749
1980-05-15,169.79979996333122
1980-05-16,170.6876661078303
1980-05-19,171.71723143105726
1980-05-20,171.7195300867917
1980-05-21,172.76116358562493
1980-05-22,175.21075916553133
1980-05-23,178.18365342885804
1980-05-27,181.2140210566774
1980-05-28,181.66741495714388
1980-05-29,178.90627224969757
1980-05-30,180.92914571202152
1980-06-02,182.13803326742052
1980-06-03,182.85460259550422
1980-06-04,187.78383870591966
1980-06-05,187.9490165403151
1980-06-06,189.42274682326803
1980-06-09,191.52707732056348
1980-06-10,192.11452286632124
1980-06-11,194.04470172921893
1980-06-12,194.8481224108275
1980-06-13,195.81989925199616
1980-06-16,195.0530454610502
1980-06-17,195.38451962493167
1980-06-18,195.87319196106685
1980-06-19,194.30501018677742
1980-06-20,193.10987612277933
1980-06-23,194.13327096875105
1980-06-24,196.94356969609666
1980-06-25,199.97115181641004
1980-06-26,200.07339772365717
1980-06-27,201.85749817032485
1980-06-30,199.50941048129573
1980-07-01,201.57957895709598
1980-07-02,202.96001512239556
1980-07-03,206.8122598809474
1980-07-07,209.80276197062847
1980-07-08,209.3207149167601
1980-07-09,209.60285580278426
1980-07-10,209.8427711422706
1980-07-11,211.12833261099212
1980-07-14,215.13739374011368
1980-07-15,212.4912422537141
1980-07-16,214.65084826882457
1980-07-17,217.65492183347945
1980-07-18,218.39341265416545
1980-07-21,220.14622844085574
1980-07-22,222.0187044178562
1980-07-23,222.433915525652
1980-07-24,222.7142684369187
1980-07-25,221.77887627154462
1980-07-28,221.582788617246
1980-07-29,223.82418722506287
1980-07-30,223.77798894308697
1980-07-31,223.40210348966525
1980-08-01,225.22664817402784
1980-08-04,225.41019038380287
1980-08-05,225.3770208305525
1980-08-06,226.92074493413776
1980-08-07,230.2959737976292
1980-08-08,230.75040530100694
1980-08-11,230.81432110876364
1980-08-12,229.16120768551747
1980-08-13,229.4811451460027
1980-08-14,234.10940446572482
1980-08-15,235.15687933303553
1980-08-18,231.4210420296038
1980-08-19,229.79836811662378
1980-08-20,234.1411855451944
1980-08-21,238.7881447952746
1980-08-22,241.18073616065217
1980-08-25,239.76551621821793
1980-08-26,240.8729779560532
1980-08-27,238.88797164060927
1980-08-28,237.07252906729101
1980-08-29,237.8000355706814
1980-09-02,242.18638227081107
1980-09-03,247.3352576609586
1980-09-04,248.9673838495488
1980-09-05,250.5234054627745
1980-09-08,251.83373633638854
1980-09-09,252.01571093070055
1980-09-10,256.4849113654244
1980-09-11,260.2199593460551
1980-09-12,260.6705717548985
1980-09-15,257.82508646615105
1980-09-16,262.33259225057253
1980-09-17,266.8753445587885
1980-09-18,266.5309311885128
1980-09-19,270.9253967979355
1980-09-22,277.62168404393776
1980-09-23,271.75861366679305
1980-09-24,272.4377656030466
1980-09-25,268.87408382502184
1980-09-26,258.86863375738756
1980-09-29,252.88587913668815
1980-09-30,260.9871093033265
1980-10-01,265.8385735909466
1980-10-02,268.90167033305096
1980-10-03,273.2832801445125
1980-10-06,282.2017972186364
1980-10-07,280.68770382822237
1980-10-08,282.7853443408299
1980-10-09,282.4648401698673
1980-10-10,281.95508182861977
1980-10-13,284.9342184875704
1980-10-14,285.8653926221568
1980-10-15,288.9577224366938
1980-10-16,282.9847753307446
1980-10-17,281.5766291963547
1980-10-20,281.5153374195173
1980-10-21,280.6816330697086
1980-10-22,282.29859618558095
1980-10-23,276.11193815759646
1980-10-24,278.27566949444065
1980-10-27,276.1227198172428
1980-10-28,275.3843370910234
1980-10-29,277.70872780510166
1980-10-30,271.4117275247372
1980-10-31,272.5407722046342
1980-11-03,276.36428945761696
1980-11-05,281.9153257040564
1980-11-06,274.51391175463095
1980-11-07,272.523688803189
1980-11-10,273.0704846922854
1980-11-11,275.832290041478
1980-11-12,280.5376766163124
1980-11-13,283.78665755873027
1980-11-14,285.188604333878
1980-11-17,285.1019160149711
1980-11-18,289.9303408651251
1980-11-19,293.52475285143936
1980-11-20,297.3595569895491
1980-11-21,295.0970204605947
1980-11-24,291.29789963885486
1980-11-25,294.28906962717093
1980-11-26,296.84004268378135
1980-11-28,299.5357475443962
1980-12-01,294.6648857288453
1980-12-02,293.11647635346895
1980-12-03,294.89810653553275
1980-12-04,295.00803135674516
1980-12-05,288.0637760873556
1980-12-08,277.77409136244074
1980-12-09,273.40540816165344
1980-12-10,266.09808429139235
1980-12-11,258.76613119115564
1980-12-12,267.1066257798419
1980-12-15,270.12824205231203
1980-12-16,271.28213918857887
1980-12-17,277.50086941723305
1980-12-18,277.27547514783254
1980-12-19,278.71341161239786
1980-12-22,282.0453337321833
1980-12-23,281.3176873762121
1980-12-24,281.32164561404045
1980-12-26,282.7986649244162
1980-12-29,279.54119872875907
1980-12-30,280.257366853585
1980-12-31,281.49027784964545
1981-01-02,282.154674067984
1981-01-05,285.7842086225708
1981-01-06,284.4204170326854
1981-01-07,272.13442147503883
1981-01-08,266.4075596341175
1981-01-09,268.95554421372
1981-01-12,267.4581757384887
1981-01-13,266.5266970540634
1981-01-14,268.47692928714304
1981-01-15,267.9040610554821
1981-01-16,269.47491772573983
1981-01-19,269.28354436016065
1981-01-20,265.280853232724
1981-01-21,264.7690046778002
1981-01-22,262.6473850719813
1981-01-23,262.3999950317507
1981-01-26,258.1320296452308
1981-01-27,262.43520299520065
1981-01-28,260.4193685949391
1981-01-29,261.94125784265054
1981-01-30,258.6406225717144
1981-02-02,248.43686198341084
1981-02-03,251.08415680548543
1981-02-04,253.09598349497196
1981-02-05,256.8704879814177
1981-02-06,260.24233685529384
1981-02-09,259.54025897207964
1981-02-10,257.5932625145537
1981-02-11,254.4022736583583
1981-02-12,251.710801006818
1981-02-13,250.90625909672778
1981-02-17,251.67328383361001
1981-02-18,252.62005793625477
1981-02-19,248.27938773914164
1981-02-20,247.3547334457306
1981-02-23,247.33640440195336
1981-02-24,248.4305808556025
1981-02-25,248.57817036351327
1981-02-26,252.9235315526925
1981-02-27,255.98606059054956
1981-03-02,259.12348573966506
1981-03-03,257.6068155650655
1981-03-04,257.82459483170885
1981-03-05,257.55476489008953
1981-03-06,257.9573881501275
1981-03-09,257.85769841047386
1981-03-10,256.6687110275631
1981-03-11,255.83738901873082
1981-03-12,260.6633593115206
1981-03-13,261.0563229606432
1981-03-16,263.90031939197934
1981-03-17,263.53798239302876
1981-03-18,264.4100094929986
1981-03-19,264.9564549134277
1981-03-20,268.5403055909409
1981-03-23,273.7484436854251
1981-03-24,273.64972857576896
1981-03-25,277.09898090782787
1981-03-26,277.7537265553012
1981-03-27,275.5666419772312
1981-03-30,276.37824224122926
1981-03-31,279.0837079169165
1981-04-01,277.4879846513515
1981-04-02,278.5125115316345
1981-04-03,278.3499202078449
1981-04-06,274.31672912059787
1981-04-07,276.02985967591894
1981-04-08,279.2357514766366
1981-04-09,282.5916390439176
1981-04-10,284.193547954805
1981-04-13,282.4597477415119
1981-04-14,279.5882546648669
1981-04-15,283.04857029952075
1981-04-16,286.8524026430145
1981-04-20,289.46687318351826
1981-04-21,288.99808098097833
1981-04-22,289.03776138950775
1981-04-23,291.7811886824276
1981-04-24,293.67592392656263
1981-04-27,293.4838149393772
1981-04-28,289.1763550932178
1981-04-29,285.6977287102737
1981-04-30,285.9180607582666
1981-05-01,284.616901002069
1981-05-04,280.79669596868274
1981-05-05,278.311171128717
1981-05-06,278.83327572600905
1981-05-07,280.46461128277895
1981-05-08,282.0650998993379
1981-05-11,279.56012693388294
1981-05-12,280.14593925825426
1981-05-13,282.1275175349959
1981-05-14,284.4294008993466
1981-05-15,287.0754087771122
1981-05-18,291.28238894437516
1981-05-19,290.5607198643301
1981-05-20,293.3299849075493
1981-05-21,294.475308046931
1981-05-22,293.5431846657839
1981-05-26,294.51618810534313
1981-05-27,299.3432840378873
1981-05-28,302.5827783178912
1981-05-29,302.38460042241275
1981-06-01,301.72068033830794
1981-06-02,295.4098152255987
1981-06-03,295.91030572905737
1981-06-04,294.2341297921814
1981-06-05,295.2761423038319
1981-06-08,294.2485835183337
1981-06-09,291.4380124907793
1981-06-10,291.1533514553545
1981-06-11,295.9852389239716
1981-06-12,295.3486994163687
1981-06-15,294.43915262071374
1981-06-16,287.9696728088414
1981-06-17,286.86633637500154
1981-06-18,283.89421864123653
1981-06-19,283.9341807889253
1981-06-22,283.3970521757785
1981-06-23,286.6286874677088
1981-06-24,287.0685117871557
1981-06-25,286.6983618659951
1981-06-26,286.58576462693793
1981-06-29,284.31534149114276
1981-06-30,280.46028525060586
1981-07-01,278.3938707559606
1981-07-02,274.1052482648176
1981-07-06,267.2175025543721
1981-07-07,264.9919012652088
1981-07-08,263.85681895355907
1981-07-09,266.149776247203
1981-07-10,266.8008459041247
1981-07-13,266.75107043298425
1981-07-14,264.27840394134444
1981-07-15,267.011060341468
1981-07-16,268.9867388387233
1981-07-17,270.1006388528762
1981-07-20,266.2362615495134
1981-07-21,266.22938817137236
1981-07-22,265.3256954733705
1981-07-23,266.1305177441999
1981-07-24,268.8935189386696
1981-07-27,271.1059265331014
1981-07-28,269.3107576386603
1981-07-29,267.95942160917815
1981-07-30,268.4665790069957
1981-07-31,271.3373064805907
1981-08-03,270.47055948017294
1981-08-04,271.7991997332235
1981-08-05,273.6010469772082
1981-08-06,275.11792868424
1981-08-07,274.22940420514493
1981-08-10,274.63698181982085
1981-08-11,275.88972184461693
1981-08-12,276.14074348423935
1981-08-13,276.25940015066254
1981-08-14,274.368876101556
1981-08-17,268.33366611261454
1981-08-18,265.95328142004774
1981-08-19,267.5311315835812
1981-08-20,268.85282177632735
1981-08-21,265.82220735951495
1981-08-24,257.5166469292005
1981-08-25,254.03752505952016
1981-08-26,253.50491305110464
1981-08-27,251.0846898646134
1981-08-28,253.49555596547498
1981-08-31,250.18598938299692
1981-09-01,249.603244894489
1981-09-02,250.71720875331266
1981-09-03,244.99004070391416
1981-09-04,240.65654324639107
1981-09-08,233.8272897203075
1981-09-09,236.294617242971
1981-09-10,240.87224295451574
1981-09-11,244.26217754551163
1981-09-14,243.44280888031452
1981-09-15,242.93440127364025
1981-09-16,238.74534143789288
1981-09-17,235.02903755027125
1981-09-18,231.48563534762962
1981-09-21,232.08317392447486
1981-09-22,230.603413466374
1981-09-23,227.31647101367835
1981-09-24,227.13518581844778
1981-09-25,220.94280947070376
1981-09-28,226.59758664020515
1981-09-29,232.38592817018724
1981-09-30,234.9909279852877
1981-10-01,236.1705193266205
1981-10-02,241.1964983094054
1981-10-05,243.086409993308
1981-10-06,242.82803295041253
1981-10-07,247.58110396312412
1981-10-08,252.15635049844823
1981-10-09,251.26415687694492
1981-10-12,250.83221914168075
1981-10-13,251.1101161037672
1981-10-14,248.68049005782493
1981-10-15,250.6128548657507
1981-10-16,249.77235433762175
1981-10-19,249.69564925092462
1981-10-20,251.5011140897309
1981-10-21,250.7794319339719
1981-10-22,249.62316321823124
1981-10-23,248.18491618203203
1981-10-26,247.32006025045803
1981-10-27,250.2809800232415
1981-10-28,252.29121364262295
1981-10-29,251.36094495611565
1981-10-30,256.10212672690227
1981-11-02,259.336597039473
1981-11-03,259.91990165044353
1981-11-04,259.2298028923651
1981-11-05,257.1920636166598
1981-11-06,256.5156272422447
1981-11-09,257.5498743409678
1981-11-10,257.0084474869446
1981-11-11,258.1776429277063
1981-11-12,258.8837860671293
1981-11-13,257.040848212413
1981-11-16,253.29310981898308
1981-11-17,254.38076172383845
1981-11-18,254.19344167206688
1981-11-19,255.19436342561542
1981-11-20,258.4079300322869
1981-11-23,257.9276353352421
1981-11-24,259.69902278534124
1981-11-25,260.9011247718644
1981-11-27,262.0660022614556
1981-11-30,263.0367365096565
1981-12-01,262.69923347444916
1981-12-02,260.0025592979546
1981-12-03,259.77822930560154
1981-12-04,260.8846261570614
1981-12-07,258.9099582442143
1981-12-08,257.64471000962914
1981-12-09,257.70850199001825
1981-12-10,258.3186209073837
1981-12-11,257.1058395813253
1981-12-14,253.8830295668174
1981-12-15,254.42805127787688
1981-12-16,252.96058759433976
1981-12-17,253.39192010162742
1981-12-18,254.9543967151052
1981-12-21,254.39828834910088
1981-12-22,254.028441195339
1981-12-23,253.50187750052297
1981-12-24,253.55617668645334
1981-12-28,253.58350319650933
1981-12-29,253.05205047123263
1981-12-30,253.7802596284859
1981-12-31,255.0414500599324
1982-01-04,255.25441157917666
1982-01-05,252.29497045756625
1982-01-06,251.62950561990533
1982-01-07,251.74555605844273
1982-01-08,253.38032601317772
1982-01-11,250.62783911468614
1982-01-12,249.0629787856314
1982-01-13,245.89702122909475
1982-01-14,246.02144013700925
1982-01-15,246.92620180957897
1982-01-18,247.58683408890636
1982-01-19,245.62810272436172
1982-01-20,244.66479820482368
1982-01-21,245.65564751612317
1982-01-22,246.29295199783985
1982-01-25,244.78303039050363
1982-01-26,245.04022890551278
1982-01-27,245.8044206820479
1982-01-28,251.61047602459652
1982-01-29,255.0307290522931
1982-02-01,251.4562634295236
1982-02-02,252.671525248449
1982-02-03,251.19444664935077
1982-02-04,250.81049480194423
1982-02-05,252.7005785824512
1982-02-08,248.9591397500687
1982-02-09,246.02236211693747
1982-02-10,247.106142397591
1982-02-11,247.15312832621177
1982-02-12,247.29215292115035
1982-02-16,246.66440279546845
1982-02-17,246.56727667442715
1982-02-18,246.97989890463333
1982-02-19,246.55683504590255
1982-02-22,244.34775133017197
1982-02-23,244.3477720937729
1982-02-24,246.07660499383599
1982-02-25,246.03055530280554
1982-02-26,245.67620672546124
1982-03-01,246.95764862552602
1982-03-02,248.13346666945802
1982-03-03,246.72518361379164
1982-03-04,245.65517457593432
1982-03-05,245.16612055664666
1982-03-08,242.77593170633577
1982-03-09,243.438797682489
1982-03-10,244.4389760123692
1982-03-11,243.54223811448713
1982-03-12,242.42532591051645
1982-03-15,242.49155853416897
1982-03-16,243.29175742072812
1982-03-17,243.19215163608598
1982-03-18,245.55000267340998
1982-03-19,246.20134516017055
1982-03-22,249.40875676758492
1982-03-23,251.01958251397372
1982-03-24,250.23011516037496
1982-03-25,252.12087978382354
1982-03-26,250.83301257008392
1982-03-29,251.4223716728719
1982-03-30,251.51115633685953
1982-03-31,251.45896165645118
1982-04-01,253.84349760558436
1982-04-02,255.89204233958768
1982-04-05,255.1845996567455
1982-04-06,256.2997564444743
1982-04-07,256.7231855446705
1982-04-08,258.2935558974841
1982-04-12,258.8048874812001
1982-04-13,259.592228388758
1982-04-14,260.00858371686303
1982-04-15,260.35489177134116
1982-04-16,261.11803692232945
1982-04-19,262.00776362370146
1982-04-20,260.75212261340096
1982-04-21,261.43392244192114
1982-04-22,263.1805150357059
1982-04-23,264.8196791783067
1982-04-26,265.5494672318212
1982-04-27,263.4950161466015
1982-04-28,262.63935160008157
1982-04-29,261.3216514611593
1982-04-30,261.70845226249537
1982-05-03,262.1593627100049
1982-05-04,263.5140010489117
1982-05-05,264.34829308703877
1982-05-06,265.95488668141417
1982-05-07,266.6399007764678
1982-05-10,264.76709642004715
1982-05-11,266.1786990369551
1982-05-12,265.8835813921519
1982-05-13,263.9686776564182
1982-05-14,263.61462041194517
1982-05-17,261.5343647308046
1982-05-18,260.26518382724305
1982-05-19,259.45608377341165
1982-05-20,258.7740970499183
1982-05-21,259.5449493493751
1982-05-24,259.63813639307983
1982-05-25,259.7447083875498
1982-05-26,257.1394515194131
1982-05-27,255.80397513511733
1982-05-28,255.21050355220098
1982-06-01,253.90849166689145
1982-06-02,255.43024022228835
1982-06-03,256.042317959793
1982-06-04,253.25667443272692
1982-06-07,252.78205767557458
1982-06-08,252.95320246751896
1982-06-09,251.9120533884186
1982-06-10,253.35488945672896
1982-06-11,256.8294119586679
1982-06-14,254.5237236760737
1982-06-15,254.60182854260364
1982-06-16,254.24786212655806
1982-06-17,252.20860139584335
1982-06-18,250.35526206463732
1982-06-21,250.6537831368725
1982-06-22,252.26119698442733
1982-06-23,255.37585973080274
1982-06-24,255.0603671771022
1982-06-25,253.6248345572604
1982-06-28,255.13771156109328
1982-06-29,255.74909157168332
1982-06-30,257.06938299643053
1982-07-01,255.32795941546
1982-07-02,253.8729134604013
1982-07-06,253.07656314846847
1982-07-07,253.2132256280134
1982-07-08,253.55234883331468
1982-07-09,256.78083899879147
1982-07-12,260.7633970287078
1982-07-13,261.34082231295315
1982-07-14,262.3384968714837
1982-07-15,263.0633666680976
1982-07-16,264.90624818631903
1982-07-19,265.406015450877
1982-07-20,266.5644965935776
1982-07-21,265.6145520935207
1982-07-22,265.1927054602773
1982-07-23,263.78455979434557
1982-07-26,262.7373064567611
1982-07-27,261.8608969950879
1982-07-28,259.0166006596672
1982-07-29,259.34700774979126
1982-07-30,259.59703271010534
1982-08-02,263.5256140491509
1982-08-03,260.6523738034313
1982-08-04,256.86926587907146
1982-08-05,254.2416822642902
1982-08-06,250.97587357073184
1982-08-09,248.87565298815528
1982-08-10,248.78343738111244
1982-08-11,247.62184603739203
1982-08-12,247.18356076360874
1982-08-13,249.39425468734382
1982-08-16,251.68242963111518
1982-08-17,261.6879293924124
1982-08-18,260.45520280948773
1982-08-19,261.9922842903171
1982-08-20,268.8206495653619
1982-08-23,274.7727560708987
1982-08-24,273.70677515943385
1982-08-25,278.2141957848794
1982-08-26,280.02810904572414
1982-08-27,276.77643366348974
1982-08-30,278.49277940653997
1982-08-31,283.1003166704413
1982-09-01,281.14090113423794
1982-09-02,284.47323313891394
1982-09-03,289.5979980331196
1982-09-07,285.9840359430244
1982-09-08,286.82842725414133
1982-09-09,286.3144907707329
1982-09-10,284.39122108118795
1982-09-13,286.4040659471679
1982-09-14,290.14347055346576
1982-09-15,292.098856866876
1982-09-16,291.92103422752854
1982-09-17,289.36734335240186
1982-09-20,289.3467803953054
1982-09-21,295.04984367169243
1982-09-22,296.0157054064732
1982-09-23,295.99438457016026
1982-09-24,296.13436245111694
1982-09-27,298.5288935664597
1982-09-28,298.0978035823391
1982-09-29,293.25559185992057
1982-09-30,290.16412040157303
1982-10-01,293.3210727376066
1982-10-04,291.6198777603506
1982-10-05,292.0672817299736
1982-10-06,301.5589482761133
1982-10-07,306.3102135913496
1982-10-08,311.35998367152155
1982-10-11,316.3680920588239
1982-10-12,313.3778173694989
1982-10-13,316.23967947301963
1982-10-14,311.27731381701994
1982-10-15,309.3735294515706
1982-10-18,316.5011732976616
1982-10-19,315.78828867577954
1982-10-20,319.9747451507224
1982-10-21,320.7503490306548
1982-10-22,321.7989089993102
1982-10-25,311.0826318616896
1982-10-26,313.3195831662936
1982-10-27,316.63729193910484
1982-10-28,315.40625926157946
1982-10-29,317.68980486902717
1982-11-01,322.0900392006362
1982-11-02,326.6670339099233
1982-11-03,338.90215958191686
1982-11-04,339.1050475243606
1982-11-05,340.4783303120212
1982-11-08,337.1020705138207
1982-11-09,342.9245175238125
1982-11-10,339.59463144464473
1982-11-11,342.1921075544635
1982-11-12,340.0501250563163
1982-11-15,332.1430286486743
1982-11-16,327.95187467275247
1982-11-17,333.29673155207
1982-11-18,334.7492531243879
1982-11-19,333.21439747649436
1982-11-22,327.19222912838393
1982-11-23,326.7739378299339
1982-11-24,329.8786701737498
1982-11-26,333.01379387935896
1982-11-29,332.72812238637346
1982-11-30,343.3554889479347
1982-12-01,345.16504043057245
1982-12-02,345.6250410659745
1982-12-03,346.0213122669187
1982-12-06,352.8534019266785
1982-12-07,355.04524815964214
1982-12-08,353.5370901068879
1982-12-09,347.9900715559767
1982-12-10,343.6103417398188
1982-12-13,344.0237204473251
1982-12-14,337.732530344215
1982-12-15,331.2200055759254
1982-12-16,330.3498099019535
1982-12-17,336.8130329813091
1982-12-20,334.30726535739416
1982-12-21,339.7781686321162
1982-12-22,342.02833691225806
1982-12-23,343.00523784341544
1982-12-27,346.35828750498774
1982-12-28,343.43771579001236
1982-12-29,344.5176139756555
1982-12-30,343.0416838422283
1982-12-31,344.65127518355837
1983-01-03,338.99093538296876
1983-01-04,341.37958296179903
1983-01-05,341.017062471339
1983-01-06,346.38736358124385
1983-01-07,346.6725830705094
1983-01-10,349.6250630656814
1983-01-11,348.12601930293863
1983-01-12,350.2539578312101
1983-01-13,348.16065685654877
1983-01-14,350.1639646693517
1983-01-17,350.379931706057
1983-01-18,348.4107879756324
1983-01-19,343.0073085742649
1983-01-20,343.1635496051118
1983-01-21,338.39745338348854
1983-01-24,329.56302862885946
1983-01-25,336.0256968637385
1983-01-26,338.65411708380844
1983-01-27,346.2529725565851
1983-01-28,346.4126338783333
1983-01-31,349.28124345318884
1983-02-01,346.8105773738613
1983-02-02,347.4477135182672
1983-02-03,349.9557104016295
1983-02-04,354.8585915467107
1983-02-07,356.53312185080824
1983-02-08,353.9788231720073
1983-02-09,353.18333242944794
1983-02-10,359.98043787896404
1983-02-11,361.54344544057847
1983-02-14,365.6219532788829
1983-02-15,364.86967755123806
1983-02-16,362.7791188673241
1983-02-17,361.79234492355835
1983-02-18,362.6930759551031
1983-02-22,356.32518378685506
1983-02-23,358.5916061305386
1983-02-24,365.3114234189356
1983-02-25,360.14773526304344
1983-02-28,353.3369430688423
1983-03-01,361.53927174700505
1983-03-02,367.0039450697983
1983-03-03,369.3759410018675
1983-03-04,368.35043538825266
1983-03-07,369.18884998764395
1983-03-08,363.54147622367395
1983-03-09,368.356514277314
1983-03-10,368.05225833097114
1983-03-11,367.745055585104
1983-03-14,365.52650557212434
1983-03-15,364.49325445764987
1983-03-16,362.13439039248755
1983-03-17,360.4947447003977
1983-03-18,362.77456401226976
1983-03-21,365.95651395036566
1983-03-22,365.8431063038598
1983-03-23,369.3103606421478
1983-03-24,370.01092678533706
1983-03-25,373.4832204910367
1983-03-28,372.10596215932327
1983-03-29,370.8234744348637
1983-03-30,374.82284579107153
1983-03-31,374.5526756279409
1983-04-04,375.33032102253935
1983-04-05,373.66514007097504
1983-04-06,373.3766597947197
1983-04-07,373.36902330910493
1983-04-08,374.19525556761636
1983-04-11,381.6173228286853
1983-04-12,384.05981568395106
1983-04-13,386.8525053283138
1983-04-14,391.1668284504273
1983-04-15,392.5967360119044
1983-04-18,395.17823620192854
1983-04-19,391.4358436056093
1983-04-20,395.5502230846239
1983-04-21,394.59097686471597
1983-04-22,395.30145286881213
1983-04-25,391.4409981943083
1983-04-26,396.3250388025822
1983-04-27,394.83127272977305
1983-04-28,397.3450884759689
1983-04-29,400.0458353918136
1983-05-02,395.93030686108375
1983-05-03,397.0625204294249
1983-05-04,399.87110509171623
1983-05-05,404.29201514793357
1983-05-06,408.6846903569739
1983-05-09,411.74751673644283
1983-05-10,416.82084528693224
1983-05-11,414.60016776398123
1983-05-12,411.4992861699806
1983-05-13,413.41120997445427
1983-05-16,407.81842887035094
1983-05-17,410.5717857811793
1983-05-18,410.6908506833406
1983-05-19,408.3291098720685
1983-05-20,407.8556255853667
1983-05-23,410.30586194440616
1983-05-24,414.7420858162776
1983-05-25,418.4034497438455
1983-05-26,418.2587449274251
1983-05-27,418.4827767552572
1983-05-31,409.93716200964803
1983-06-01,409.2081651997384
1983-06-02,413.1190719240168
1983-06-03,414.88557799801754
1983-06-06,412.96213116603354
1983-06-07,410.78992798496233
1983-06-08,409.5034983151599
1983-06-09,413.97863393820523
1983-06-10,416.19475585679794
1983-06-13,422.9225866820993
1983-06-14,426.42637446802416
1983-06-15,431.3873661083065
1983-06-16,435.791006182044
1983-06-17,433.84456078644774
1983-06-20,433.96015788188447
1983-06-21,436.9017185660784
1983-06-22,440.73896520786184
1983-06-23,439.6266751160633
1983-06-24,440.06947462777504
1983-06-27,431.8048877959341
1983-06-28,420.42486829748873
1983-06-29,421.86671534776303
1983-06-30,424.92535231563477
1983-07-01,427.14106846451926
1983-07-05,419.27852741432594
1983-07-06,423.68694630324393
1983-07-07,426.91022655972284
1983-07-08,422.6780935807076
1983-07-11,423.88404543765523
1983-07-12,419.0819140400811
1983-07-13,414.0428875890775
1983-07-14,413.72446057437855
1983-07-15,410.38134927526863
1983-07-18,407.68531222033135
1983-07-19,408.40503185948756
1983-07-20,420.2280563134879
1983-07-21,422.7459589375514
1983-07-22,423.5388717122911
1983-07-25,424.7498007233288
1983-07-26,425.83864313152844
1983-07-27,418.3705595050812
1983-07-28,408.881136697912
1983-07-29,401.19255554279414
1983-08-01,398.0783512856684
1983-08-02,398.7179737262188
1983-08-03,398.0674311228227
1983-08-04,392.28262275719544
1983-08-05,394.31868866860646
1983-08-08,386.3483460762666
1983-08-09,384.8681189411575
1983-08-10,388.5286337239989
1983-08-11,388.8807343128937
1983-08-12,391.9369808122582
1983-08-15,397.5788387595165
1983-08-16,395.54534307270364
1983-08-17,399.41536718031483
1983-08-18,396.04780798319956
1983-08-19,395.0246569466565
1983-08-22,394.80277212837916
1983-08-23,389.92908800408753
1983-08-24,385.9196891135163
1983-08-25,383.0639403039578
1983-08-26,386.2045186172291
1983-08-29,386.8698335275033
1983-08-30,388.8605978031906
1983-08-31,391.8888745617196
1983-09-01,394.2026037323305
1983-09-02,397.6923274502325
1983-09-06,403.0607272813767
1983-09-07,402.30075164095547
1983-09-08,403.32945636997994
1983-09-09,402.6912012069897
1983-09-12,398.76732162769935
1983-09-13,396.2683485401489
1983-09-14,395.6744571588697
1983-09-15,392.9904636502523
1983-09-16,395.1121141364923
1983-09-19,399.3923326165548
1983-09-20,400.70674431285767
1983-09-21,398.5215443877932
1983-09-22,398.74408732333154
1983-09-23,398.8061631481729
1983-09-26,399.6585606736933
1983-09-27,395.48443459723364
1983-09-28,393.54910922071383
1983-09-29,389.77684411162994
1983-09-30,387.97692371756426
1983-10-03,381.71153792880665
1983-10-04,383.64289675761114
1983-10-05,385.97256731295073
1983-10-06,390.72297758084204
1983-10-07,393.9004408756081
1983-10-10,395.80641648129944
1983-10-11,391.1593178868285
1983-10-12,387.6783457881565
1983-10-13,386.7302066054134
1983-10-14,385.8436261549152
1983-10-17,385.21874833294544
1983-10-18,378.2118447753332
1983-10-19,373.26243040960213
1983-10-20,372.97328478298914
1983-10-21,370.3985156817372
1983-10-24,372.95678764589275
1983-10-25,373.3630335331243
1983-10-26,369.1278833803396
1983-10-27,368.03032627671337
1983-10-28,366.2255011417766
1983-10-31,362.1617820140803
1983-11-01,361.23818108913997
1983-11-02,363.6374519151488
1983-11-03,361.7511204170218
1983-11-04,360.99330672793553
1983-11-07,359.59320730059954
1983-11-08,358.9461169265508
1983-11-09,362.9717357521309
1983-11-10,365.30691184742386
1983-11-11,370.8723316109601
1983-11-14,374.08229509704927
1983-11-15,372.88508260073104
1983-11-16,375.65028230600325
1983-11-17,376.1091235238882
1983-11-18,375.8724314243779
1983-11-21,379.0435134802224
1983-11-22,380.26825470258666
1983-11-23,380.24471354379824
1983-11-25,380.7052875215808
1983-11-28,378.21548375174774
1983-11-29,380.27963325771196
1983-11-30,377.83644519132355
1983-12-01,377.4571466749127
1983-12-02,377.4228669898594
1983-12-05,378.98449207357874
1983-12-06,377.4629100784103
1983-12-07,380.7159441255509
1983-12-08,378.3261633165133
1983-12-09,378.83307814938746
1983-12-12,379.2855652567169
1983-12-13,377.84666581049424
1983-12-14,374.7100645710931
1983-12-15,371.40673730078555
1983-12-16,372.16207513906573
1983-12-19,372.09570243371184
1983-12-20,369.82256478237935
1983-12-21,371.6367749722639
1983-12-22,371.6558500006785
1983-12-23,371.9207384556564
1983-12-27,375.1004691093286
1983-12-28,374.80651462033
1983-12-29,374.43187142239634
1983-12-30,374.58434014745995
1984-01-03,374.19490134710185
1984-01-04,378.05741070366685
1984-01-05,382.3895116819369
1984-01-06,384.34969164041144
1984-01-09,385.7910906642175
1984-01-10,383.51857681719844
1984-01-11,382.1720073873788
1984-01-12,382.1993193393542
1984-01-13,380.35741093405034
1984-01-16,379.0058464857482
1984-01-17,378.99549742664163
1984-01-18,376.5065506875405
1984-01-19,373.90161415825185
1984-01-20,373.08519335624214
1984-01-23,368.94175607657456
1984-01-24,368.9292158682824
1984-01-25,364.6090076946937
1984-01-26,362.34113250388094
1984-01-27,362.8721476099726
1984-01-30,358.5546211493215
1984-01-31,360.2224443783343
1984-02-01,357.9685474896698
1984-02-02,358.90703626789025
1984-02-03,352.6680058778549
1984-02-06,345.2475965108877
1984-02-07,345.25027485292173
1984-02-08,337.02478555502165
1984-02-09,336.23649845740437
1984-02-10,338.0517028003934
1984-02-13,335.4445260734013
1984-02-14,339.0659958776486
1984-02-15,338.4118827086626
1984-02-16,337.22032486446903
1984-02-17,335.3592788176448
1984-02-21,331.95685004279323
1984-02-22,329.94815077479836
1984-02-23,328.47922061160216
1984-02-24,334.88357206710833
1984-02-27,340.0046664151698
1984-02-28,334.54071486120176
1984-02-29,333.32199977961136
1984-03-01,335.4992188372516
1984-03-02,336.9695614998282
1984-03-05,334.71337452002024
1984-03-06,331.2568440689176
1984-03-07,326.4530610974507
1984-03-08,327.1842834059819
1984-03-09,324.79405239219534
1984-03-12,328.8859190143129
1984-03-13,329.9831701052646
1984-03-14,330.2749849085196
1984-03-15,332.0765008061847
1984-03-16,335.20369574074965
1984-03-19,332.27268576867067
1984-03-20,333.85325382720384
1984-03-21,333.96343980982135
1984-03-22,330.1151006481746
1984-03-23,329.57468146447445
1984-03-26,329.1661501136444
1984-03-27,330.55399999275386
1984-03-28,334.5720241510299
1984-03-29,333.73149194971904
1984-03-30,333.51239944634534
1984-04-02,331.79360787569243
1984-04-03,331.4514074671484
1984-04-04,331.3646074672003
1984-04-05,326.1964876175511
1984-04-06,326.9214854373614
1984-04-09,327.7595813804707
1984-04-10,329.37285974924885
1984-04-11,328.10967425266216
1984-04-12,332.31311523840543
1984-04-13,331.71860698236566
1984-04-16,332.568950036359
1984-04-17,334.06832002972465
1984-04-18,333.0159861034818
1984-04-19,332.59444280483484
1984-04-23,330.93584260379566
1984-04-24,332.6149396453422
1984-04-25,333.84747560326093
1984-04-26,336.145124063445
1984-04-27,334.7426652746406
1984-04-30,334.26341569555274
1984-05-01,336.554419085329
1984-05-02,336.815834354789
1984-05-03,335.8902699344593
1984-05-04,333.78391398166565
1984-05-07,335.29653423286743
1984-05-08,336.76956949243146
1984-05-09,336.34343742680596
1984-05-10,336.24381667820194
1984-05-11,332.4298172676158
1984-05-14,330.39003558948076
1984-05-15,330.94926901090855
1984-05-16,330.7868310155608
1984-05-17,328.7851795913808
1984-05-18,327.6821584858182
1984-05-21,325.7379982065533
1984-05-22,323.500584247031
1984-05-23,322.04245184191416
1984-05-24,318.72641185166424
1984-05-25,319.0151391205881
1984-05-29,317.86982634285437
1984-05-30,317.195001036403
1984-05-31,317.5622650608281
1984-06-01,322.8096805757229
1984-06-04,325.08604908845257
1984-06-05,324.1637755837742
1984-06-06,328.3524137169111
1984-06-07,328.77053394564484
1984-06-08,328.74086258837366
1984-06-11,325.8663659985612
1984-06-12,324.3253037101812
1984-06-13,324.801268699241
1984-06-14,322.3620502374593
1984-06-15,320.3781957632713
1984-06-18,324.4031431088022
1984-06-19,326.37499871539563
1984-06-20,328.651582738386
1984-06-21,328.7584124109658
1984-06-22,329.3478706485894
1984-06-25,329.98636909465887
1984-06-26,328.1719233916768
1984-06-27,326.4780368165037
1984-06-28,327.6182898320765
1984-06-29,329.2468826327223
1984-07-02,328.9479062331848
1984-07-03,329.22190122345097
1984-07-05,328.849318724386
1984-07-06,328.5643008581918
1984-07-09,330.775130263469
1984-07-10,329.94280605105706
1984-07-11,327.13159562743357
1984-07-12,326.19101901972664
1984-07-13,328.44680522641596
1984-07-16,330.0452780857391
1984-07-17,331.1683268894758
1984-07-18,329.2035827521887
1984-07-19,328.6807238578145
1984-07-20,326.978896790106
1984-07-23,324.918892252689
1984-07-24,323.6138238427469
1984-07-25,324.18216001175693
1984-07-26,326.62734868393227
1984-07-27,327.8324362879397
1984-07-30,325.4679521848568
1984-07-31,325.95667432903076
1984-08-01,330.97498914893725
1984-08-02,337.52767943043636
1984-08-03,344.1011421882109
1984-08-06,344.404710733105
1984-08-07,345.7605725951193
1984-08-08,344.2717555783705
1984-08-09,350.48205522460245
1984-08-10,350.0780000951655
1984-08-13,348.7969832508662
1984-08-14,347.2980444631583
1984-08-15,345.1403746759482
1984-08-16,347.58675484908474
1984-08-17,347.82695066289244
1984-08-20,349.69397419272696
1984-08-21,355.39033672567376
1984-08-22,353.90761496653414
1984-08-23,354.42466179195014
1984-08-24,355.2998774909842
1984-08-27,353.5595873164772
1984-08-28,355.36766242024885
1984-08-29,355.4018632926956
1984-08-30,354.3807285829813
1984-08-31,354.40531287422885
1984-09-04,351.86438985338583
1984-09-05,351.7927372343711
1984-09-06,355.9388856166773
1984-09-07,353.1846279722792
1984-09-10,353.0183286660342
1984-09-11,353.76584159892394
1984-09-12,354.40279782707927
1984-09-13,361.588172656529
1984-09-14,363.6144203348478
1984-09-17,364.67644419862194
1984-09-18,362.68323220432217
1984-09-19,363.41490069218173
1984-09-20,364.2509417265496
1984-09-21,360.24476865513935
1984-09-24,357.77761725460704
1984-09-25,358.14164416481
1984-09-26,358.10739520795767
1984-09-27,357.33180344892304
1984-09-28,356.2155864622846
1984-10-01,353.99555722927045
1984-10-02,350.6829185037587
1984-10-03,350.47923098752455
1984-10-04,352.6801548181053
1984-10-05,353.7983477988561
1984-10-08,352.41429361789085
1984-10-09,351.27640570897495
1984-10-10,351.7143916403167
1984-10-11,354.30669397793156
1984-10-12,358.0673190192736
1984-10-15,361.89563304472426
1984-10-16,361.46277758929784
1984-10-17,360.0253175440174
1984-10-18,366.01561835969557
1984-10-19,366.10119220287953
1984-10-22,365.0787868163746
1984-10-23,363.1515574576569
1984-10-24,364.581856745864
1984-10-25,364.0366240679907
1984-10-26,364.06196237920676
1984-10-29,363.38331081029764
1984-10-30,367.2827006642697
1984-10-31,365.7628761394676
1984-11-01,369.4821423636851
1984-11-02,369.6019263183296
1984-11-05,370.0171310296708
1984-11-06,371.8990412911567
1984-11-07,370.4524216332671
1984-11-08,370.18270017482956
1984-11-09,368.23923325509935
1984-11-12,367.16036795175285
1984-11-13,364.6033687958069
1984-11-14,365.4456030335501
1984-11-15,365.6877945533069
1984-11-16,362.2166733738758
1984-11-19,359.93326402429295
1984-11-20,362.50716879213866
1984-11-21,364.37377911939546
1984-11-23,368.87247903756816
1984-11-26,365.3830323586523
1984-11-27,366.9161365764655
1984-11-28,364.2979894801896
1984-11-29,361.7907071380146
1984-11-30,361.0828370148235
1984-12-03,359.2455859245965
1984-12-04,360.1732931218602
1984-12-05,358.0743672438827
1984-12-06,359.352113177285
1984-12-07,357.81205817636663
1984-12-10,358.42154720028594
1984-12-11,359.014408503785
1984-12-12,357.9759642188713
1984-12-13,356.32719973903824
1984-12-14,358.7659774649895
1984-12-17,361.3892902428662
1984-12-18,370.15179781976366
1984-12-19,369.00099685731254
1984-12-20,367.7126057867346
1984-12-21,365.98973820423305
1984-12-24,368.05223860622806
1984-12-26,367.3336320834704
1984-12-27,366.01056990164983
1984-12-28,367.1749476795109
1984-12-31,369.6970280794462
1985-01-02,366.443500516407
1985-01-03,365.98161114463767
1985-01-04,364.36619421880636
1985-01-07,363.97314100316606
1985-01-08,363.64139640326755
1985-01-09,366.1033633342539
1985-01-10,371.42897387684735
1985-01-11,371.55154388301605
1985-01-14,374.967722217374
1985-01-15,374.65339611865596
1985-01-16,375.09886086919954
1985-01-17,374.48117117051055
1985-01-18,375.621914700486
1985-01-21,380.83334085913657
1985-01-22,380.57291908628224
1985-01-23,383.29659040631424
1985-01-24,381.62446883115325
1985-01-25,382.942147032756
1985-01-28,382.0692026452792
1985-01-29,385.38144192751616
1985-01-30,385.25568445890065
1985-01-31,385.117172563545
1985-02-01,383.9119293648226
1985-02-04,387.2372636453093
1985-02-05,389.0924487915064
1985-02-06,389.2115317272365
1985-02-07,392.5580597266056
1985-02-08,395.06821064959775
1985-02-11,393.5068343400736
1985-02-12,396.32688004159587
1985-02-13,402.5706161303212
1985-02-14,401.8775128342598
1985-02-15,400.3675043979924
1985-02-19,401.3478733253157
1985-02-20,399.60408223573614
1985-02-21,397.4756458254472
1985-02-22,396.8059276723706
1985-02-25,395.7558801970181
1985-02-26,401.1596176779872
1985-02-27,401.36752595588416
1985-02-28,401.26300319837287
1985-03-01,408.2551813570081
1985-03-04,407.7896535203162
1985-03-05,405.92251689688965
1985-03-06,401.2042331256843
1985-03-07,398.52996424780014
1985-03-08,397.97293343525365
1985-03-11,396.805933543711
1985-03-12,397.3580796357641
1985-03-13,392.49300192941405
1985-03-14,391.0101939883983
1985-03-15,387.5366421962891
1985-03-18,388.9145751940118
1985-03-19,395.294993895572
1985-03-20,395.16453976334543
1985-03-21,396.98438830715713
1985-03-22,397.17689747073365
1985-03-25,395.6658329430215
1985-03-26,397.83059927930793
1985-03-27,399.9246847342716
1985-03-28,400.035013249583
1985-03-29,400.20006185422136
1985-04-01,400.96469690220647
1985-04-02,399.1373038383426
1985-04-03,393.9539604263783
1985-04-04,390.86181883859797
1985-04-08,387.5234448477388
1985-04-09,387.92337933665107
1985-04-10,391.29931658169136
1985-04-11,394.0793050103054
1985-04-12,394.693747013848
1985-04-15,395.3151637868686
1985-04-16,394.26225844400585
1985-04-17,394.68132105745457
1985-04-18,393.35114114112577
1985-04-19,393.426313847188
1985-04-22,393.87518287418754
1985-04-23,396.22166878280234
1985-04-24,398.31099453965084
1985-04-25,400.8010145566018
1985-04-26,399.27366773164397
1985-04-29,393.37466191790844
1985-04-30,387.13356471739814
1985-05-01,384.4809340597803
1985-05-02,382.52559728236844
1985-05-03,383.6685946326264
1985-05-06,383.7346630782994
1985-05-07,387.08195289208544
1985-05-08,388.1471770705483
1985-05-09,393.70930514254303
1985-05-10,398.98932591407953
1985-05-13,398.86796773146045
1985-05-14,398.66856200776454
1985-05-15,399.60444955122034
1985-05-16,401.3522289137872
1985-05-17,405.04486440024584
1985-05-20,409.6901843221577
1985-05-21,408.5831469469295
1985-05-22,406.8890877354948
1985-05-23,406.1779922160224
1985-05-24,407.3562008461887
1985-05-28,407.2390295558321
1985-05-29,406.7893504473944
1985-05-30,406.28069238255176
1985-05-31,410.6537148110832
1985-06-03,412.63755448899684
1985-06-04,415.3854267970223
1985-06-05,417.8555527764166
1985-06-06,420.59263395845545
1985-06-07,419.47282213266914
1985-06-10,418.3856482961504
1985-06-11,417.60281002992474
1985-06-12,415.83635276341425
1985-06-13,411.5825010090194
1985-06-14,414.5382898095392
1985-06-17,414.66776304947444
1985-06-18,416.7703009112683
1985-06-19,416.12805123546883
1985-06-20,415.5780331815834
1985-06-21,418.4085359947988
1985-06-24,418.1201842401383
1985-06-25,419.10387497252725
1985-06-26,418.3513707316786
1985-06-27,420.5924954177234
1985-06-28,422.20430339369636
1985-07-01,423.94948350898784
1985-07-02,425.62863145427343
1985-07-03,425.7301273759452
1985-07-05,428.53071276805474
1985-07-08,427.90593754342706
1985-07-09,426.7672283057369
1985-07-10,429.04223612403905
1985-07-11,431.55495499648435
1985-07-12,433.39845955896834
1985-07-15,432.4670202816887
1985-07-16,436.208853566406
1985-07-17,436.834331827365
1985-07-18,433.8097882875245
1985-07-19,433.2337304920724
1985-07-22,430.5626224649436
1985-07-23,425.56734620417745
1985-07-24,419.3494700627602
1985-07-25,418.4217093750136
1985-07-26,418.09680204148174
1985-07-29,412.4408502745527
1985-07-30,411.8359615833096
1985-07-31,415.6111976070485
1985-08-01,419.52579636271827
1985-08-02,418.7183591265793
1985-08-05,417.4689288438453
1985-08-06,413.7418173209428
1985-08-07,412.4680746753293
1985-08-08,416.53330405636245
1985-08-09,415.9991064671499
1985-08-12,414.7470044061296
1985-08-13,413.8199823603382
1985-08-14,415.29607623861506
1985-08-15,415.66619054270313
1985-08-16,413.6154122309852
1985-08-19,412.9490943670314
1985-08-20,415.0242432302006
1985-08-21,416.92827690749033
1985-08-22,415.10856712723415
1985-08-23,416.0196512244717
1985-08-26,415.18871214626864
1985-08-27,416.6344366166419
1985-08-28,417.74308701918875
1985-08-29,418.10064680822245
1985-08-30,417.7679612068361
1985-09-03,415.7654161734843
1985-09-04,415.1878577410379
1985-09-05,414.7856459211502
1985-09-06,417.2477382440781
1985-09-09,418.654487969101
1985-09-10,416.1570796358413
1985-09-11,412.19149645756545
1985-09-12,407.7457223394787
1985-09-13,404.94201163694265
1985-09-16,405.0606620928511
1985-09-17,401.89091815974257
1985-09-18,401.3732354503143
1985-09-19,405.42514043756387
1985-09-20,404.19745134760797
1985-09-23,407.4114585107854
1985-09-24,406.4522009476897
1985-09-25,404.06526252940637
1985-09-26,402.4550408863845
1985-09-30,405.86269280272484
1985-10-01,410.81187809510243
1985-10-02,410.03217726644993
1985-10-03,410.0187469109897
1985-10-04,410.6425630935697
1985-10-07,408.53089060405915
1985-10-08,408.00011572838656
1985-10-09,410.30099537590047
1985-10-10,411.918194822625
1985-10-11,414.5806843014706
1985-10-14,419.5822722486307
1985-10-15,420.00124327857367
1985-10-16,425.9188082754
1985-10-17,425.58552172092095
1985-10-18,425.72943841490104
1985-10-21,424.44612126314166
1985-10-22,429.6702821508578
1985-10-23,430.263502537089
1985-10-24,428.7732460113998
1985-10-25,426.5384728904459
1985-10-28,425.5644523880752
1985-10-29,427.3419973227692
1985-10-30,429.9806961422518
1985-10-31,431.995044252577
1985-11-01,436.1062493463916
1985-11-04,436.1980944725369
1985-11-05,439.1402752362496
1985-11-06,441.269075241511
1985-11-07,441.6488855437184
1985-11-08,444.28988633377077
1985-11-11,451.2597782649165
1985-11-12,451.87143578272077
1985-11-13,450.0958471749882
1985-11-14,454.76443219850773
1985-11-15,453.21334142663085
1985-11-18,454.0575352359735
1985-11-19,454.22516133004865
1985-11-20,454.8937113588073
1985-11-21,458.1182041821357
1985-11-22,459.61837509829326
1985-11-25,456.15574964354465
1985-11-26,457.188229066206
1985-11-27,461.4465062380114
1985-11-29,462.37186343587206
1985-12-02,459.3207802347206
1985-12-03,459.6576840973969
1985-12-04,466.1901599960328
1985-12-05,467.2648774803148
1985-12-06,465.03712450193785
1985-12-09,469.9531331920205
1985-12-10,470.59142393665854
1985-12-11,475.14191252065683
1985-12-12,479.0624839348
1985-12-13,482.9437677629396
1985-12-16,487.0594537608879
1985-12-17,484.4455196692333
1985-12-18,480.9677185915962
1985-12-19,481.1580569160797
1985-12-20,484.2449833294078
1985-12-23,479.34025876751343
1985-12-24,477.0813362346335
1985-12-26,476.49761713836
1985-12-27,480.35883989453157
1985-12-30,481.6798764577198
1985-12-31,483.4363507328457
1986-01-02,480.56488122646084
1986-01-03,483.60223847420923
1986-01-06,483.418049434173
1986-01-07,489.6382259157079
1986-01-08,480.1879281724741
1986-01-09,472.5388185292826
1986-01-10,472.91040865833395
1986-01-13,475.2802503988962
1986-01-14,476.0033481442897
1986-01-15,477.6570301468723
1986-01-16,479.8333266321526
1986-01-17,481.9388073238012
1986-01-20,482.49672981823727
1986-01-21,479.3539150298935
1986-01-22,476.05342737640666
1986-01-23,477.24063379074005
1986-01-24,481.1435864771373
1986-01-27,484.2453745040294
1986-01-28,489.69906751900055
1986-01-29,490.85939829616234
1986-01-30,490.4647951320094
1986-01-31,495.94689286803094
1986-02-03,500.6468088219252
1986-02-04,501.63697387526014
1986-02-05,501.58766439323887
1986-02-06,500.88377438897885
1986-02-07,500.88808724262884
1986-02-10,504.01312609874526
1986-02-11,505.4486828272131
1986-02-12,505.10474132342875
1986-02-13,507.8212489138728
1986-02-14,510.23680224215434
1986-02-18,515.8151248548263
1986-02-19,511.54158331479323
1986-02-20,515.4901549013092
1986-02-21,519.5463505492058
1986-02-24,517.8746769149193
1986-02-25,517.8015431662878
1986-02-26,518.7661728870592
1986-02-27,528.4942320136043
1986-02-28,534.9990595629921
1986-03-03,534.055769618241
1986-03-04,535.5679826714737
1986-03-05,537.1692411740431
1986-03-06,539.5848380723718
1986-03-07,542.7596547934854
1986-03-10,544.4253487165478
1986-03-11,551.2087339032093
1986-03-12,556.6205616868813
1986-03-13,559.9516016380427
1986-03-14,567.8929174296877
1986-03-17,565.0451600500237
1986-03-18,565.6820405015704
1986-03-19,567.1119705735639
1986-03-20,569.072904906278
1986-03-21,562.6327366165742
1986-03-24,567.0097846492156
1986-03-25,565.5778983427182
1986-03-26,571.9961737015467
1986-03-27,578.0017677829834
1986-03-31,577.8451741758993
1986-04-01,568.9061139660986
1986-04-02,568.6108474618393
1986-04-03,565.0901825284247
1986-04-04,556.1146841804008
1986-04-07,552.2187077981674
1986-04-08,564.7445782710824
1986-04-09,568.6272218088588
1986-04-10,572.9387155429438
1986-04-11,572.7933817890626
1986-04-14,575.6550817319637
1986-04-15,577.0048353761288
1986-04-16,591.5558797527368
1986-04-17,596.7265602307042
1986-04-18,598.1838918645184
1986-04-21,604.5746139945012
1986-04-22,600.0089017001976
1986-04-23,595.93113374127
1986-04-24,597.1250355859644
1986-04-25,594.4223437263582
1986-04-28,594.8833359757099
1986-04-29,590.0799399013022
1986-04-30,577.809926490844
1986-05-01,574.9643399790123
1986-05-02,575.7115116874779
1986-05-05,580.6123496184174
1986-05-06,579.0382251193988
1986-05-07,576.9857900986896
1986-05-08,578.7835673894239
1986-05-09,580.5251452331717
1986-05-12,580.5958058538188
1986-05-13,579.37953367801
1986-05-14,582.2465155538836
1986-05-15,578.0440677527696
1986-05-16,575.1219527293697
1986-05-19,574.056425602163
1986-05-20,579.8783568739195
1986-05-21,580.4543538521864
1986-05-22,590.2624609961832
1986-05-23,592.8563088598263
1986-05-27,603.1030291471822
1986-05-28,609.9070357471215
1986-05-29,617.623309771346
1986-05-30,618.5775049925742
1986-06-02,612.4538043699738
1986-06-03,615.1132735879174
1986-06-04,614.3946825242652
1986-06-05,617.6777925864762
1986-06-06,620.8091632736354
1986-06-09,607.0312685531392
1986-06-10,605.7275662118439
1986-06-11,612.9585264401958
1986-06-12,616.9096590722569
1986-06-13,626.8897668065746
1986-06-16,627.5222418988861
1986-06-17,624.9025951482124
1986-06-18,625.2665032706157
1986-06-19,624.1857418131748
1986-06-20,630.9690709664657
1986-06-23,628.3284392033488
1986-06-24,637.7246843982424
1986-06-25,644.644583334193
1986-06-26,647.6521546686092
1986-06-27,649.0218281685532
1986-06-30,654.0337660526828
1986-07-01,658.4444289919929
1986-07-02,662.2427935629346
1986-07-03,659.5030327460681
1986-07-07,632.6415695732738
1986-07-08,616.3886430364638
1986-07-09,626.6038366997568
1986-07-10,626.1094919653123
1986-07-11,625.0017471416459
1986-07-14,609.4319549002012
1986-07-15,598.1390204587354
1986-07-16,603.326565364524
1986-07-17,607.7962663921912
1986-07-18,608.5952094089436
1986-07-21,606.3577205375825
1986-07-22,613.377508784867
1986-07-23,613.8334037584655
1986-07-24,614.7941527236297
1986-07-25,620.0041633584943
1986-07-28,608.6016191389824
1986-07-29,601.8133298929419
1986-07-30,605.1598943908996
1986-07-31,602.0724443366788
1986-08-01,598.0355404697398
1986-08-04,599.0424388325816
1986-08-05,597.1663539916988
1986-08-06,594.8881538277096
1986-08-07,596.165888070338
1986-08-08,595.2958316537992
1986-08-11,608.1481234242835
1986-08-12,612.2580787645254
1986-08-13,615.4289550295533
1986-08-14,616.8918923060562
1986-08-15,616.768467533385
1986-08-18,617.2252751809139
1986-08-19,614.9913076653213
1986-08-20,620.0456826929739
1986-08-21,621.055684504957
1986-08-22,618.5270987786175
1986-08-25,610.8210843129245
1986-08-26,618.4182518647557
1986-08-27,614.6659037404639
1986-08-28,612.1928488543163
1986-08-29,613.749417280085
1986-09-02,601.5168389062854
1986-09-03,599.180514869149
1986-09-04,602.4973559246515
1986-09-05,591.2402002443724
1986-09-08,582.3672573556358
1986-09-09,584.0954440933772
1986-09-10,581.1118572141162
1986-09-11,553.2251984456028
1986-09-12,543.3775948329442
1986-09-15,543.3735797513456
1986-09-16,541.8233833805494
1986-09-17,541.8661885528232
1986-09-18,540.4543427273959
1986-09-19,538.3451366693718
1986-09-22,544.7961028116247
1986-09-23,551.5053532655251
1986-09-24,559.6776924828511
1986-09-25,548.245647532895
1986-09-26,548.7054271224582
1986-09-29,541.2077408060405
1986-09-30,545.4889824832867
1986-10-01,551.0040133652155
1986-10-02,553.7916678993433
1986-10-03,552.2775398597122
1986-10-06,556.7559054578331
1986-10-07,557.2561943738464
1986-10-08,561.8486248042009
1986-10-09,562.8551006397971
1986-10-10,563.6522468940353
1986-10-13,564.6832741929746
1986-10-14,567.1671729126844
1986-10-15,577.6989176983467
1986-10-16,582.6896783599357
1986-10-17,580.8895024898453
1986-10-20,574.8337191112932
1986-10-21,572.5888834299201
1986-10-22,573.6746758568069
1986-10-23,582.5995817035288
1986-10-24,580.004205441228
1986-10-27,581.5659429826092
1986-10-28,585.612800767389
1986-10-29,589.0809664776525
1986-10-30,593.4668281088693
1986-10-31,591.3334357386203
1986-11-03,593.3830480829574
1986-11-04,592.1972122772855
1986-11-05,592.998350594348
1986-11-06,595.0955152862816
1986-11-07,592.9777489112084
1986-11-10,594.2096992266097
1986-11-11,595.1831665972524
1986-11-12,594.6390231283101
1986-11-13,584.8219820867376
1986-11-14,588.320549816427
1986-11-17,583.4151628762397
1986-11-18,568.2726638128185
1986-11-19,569.1617842049018
1986-11-20,581.5705965335266
1986-11-21,589.964935612276
1986-11-24,592.3195210988227
1986-11-25,595.0380684984146
1986-11-26,601.6091841105011
1986-11-28,602.0889748085448
1986-12-01,599.4975362331662
1986-12-02,613.5752585815227
1986-12-03,614.6384744929114
1986-12-04,615.6650939049479
1986-12-05,612.1988486497949
1986-12-08,611.2909790058832
1986-12-09,608.0225835989911
1986-12-10,614.1754024301177
1986-12-11,608.7193073744496
1986-12-12,604.5361868926826
1986-12-15,603.3214241521275
1986-12-16,608.8116632378772
1986-12-17,603.4342943260299
1986-12-18,601.0664799039471
1986-12-19,607.2660325790675
1986-12-22,603.6516201067319
1986-12-23,597.5643969690075
1986-12-24,600.2771726885416
1986-12-26,601.3218029119322
1986-12-29,596.3728541401227
1986-12-30,591.6597092500742
1986-12-31,589.6123636934041
1987-01-02,600.782963317757
1987-01-05,616.9988908746677
1987-01-06,619.7447650149745
1987-01-07,626.4611297315811
1987-01-08,632.1535259531184
1987-01-09,636.3466394440006
1987-01-12,639.0961971580377
1987-01-13,641.6387050899987
1987-01-14,645.3817620739984
1987-01-15,652.6619196737963
1987-01-16,654.2234143507812
1987-01-19,661.5229939097019
1987-01-20,662.0562798240924
1987-01-21,658.9034271243195
1987-01-22,671.6412696721061
1987-01-23,662.7798024763246
1987-01-26,664.6869514662023
1987-01-27,676.1325873661007
1987-01-28,686.2369088663487
1987-01-29,687.8375026861327
1987-01-30,684.0461972201572
1987-02-02,690.4948587738559
1987-02-03,691.2452770652366
1987-02-04,694.4454032289806
1987-02-05,697.2768691021082
1987-02-06,695.8303438450321
1987-02-09,691.2149614017876
1987-02-10,682.8473081245867
1987-02-11,689.3886387035926
1987-02-12,687.6210841562428
1987-02-13,696.0997272264333
1987-02-17,714.2822652201949
1987-02-18,715.677072944192
1987-02-19,716.1840388361319
1987-02-20,712.669430400662
1987-02-23,703.9649357874549
1987-02-24,706.4851456533646
1987-02-25,712.8982306915165
1987-02-26,709.2668888990922
1987-02-27,710.7963813040241
1987-03-02,710.6259790146321
1987-03-03,712.7568589844835
1987-03-04,725.9942245263937
1987-03-05,732.1138280639866
1987-03-06,733.3182765010338
1987-03-09,724.8558301658378
1987-03-10,732.9911328242716
1987-03-11,732.0703488863621
1987-03-12,732.9239971617206
1987-03-13,728.7175106077262
1987-03-16,722.8467515549994
1987-03-17,731.7326479652926
1987-03-18,733.2064211543842
1987-03-19,736.9466596840565
1987-03-20,745.1852174580093
1987-03-23,751.0370809533218
1987-03-24,751.0336324300018
1987-03-25,749.5073049990643
1987-03-26,752.3422383691604
1987-03-27,744.5908003036203
1987-03-30,723.7125990256312
1987-03-31,731.9984524932091
1987-04-01,733.4427699960261
1987-04-02,740.1401630023466
1987-04-03,758.9358571235994
1987-04-06,766.1207764273579
1987-04-07,750.0644060366635
1987-04-08,752.1904030144372
1987-04-09,746.8249332767734
1987-04-10,748.2843964587227
1987-04-13,734.1976238267508
1987-04-14,718.8247261927866
1987-04-15,721.3289929665956
1987-04-16,728.9713122383873
1987-04-20,727.8481226129646
1987-04-21,737.1603843333397
1987-04-22,730.7013830822925
1987-04-23,734.8573865232563
1987-04-24,723.42968057044
1987-04-27,710.2644817298964
1987-04-28,718.3624340498693
1987-04-29,721.1719342583605
1987-04-30,726.8120983294341
1987-05-01,727.0684704656785
1987-05-04,736.7181079238953
1987-05-05,748.0013208394646
1987-05-06,751.4404090685663
1987-05-07,751.4349981973903
1987-05-08,752.4743883803061
1987-05-11,750.0252071465102
1987-05-12,749.5974462835911
1987-05-13,753.3995439142632
1987-05-14,754.7782663359473
1987-05-15,747.3715846125309
1987-05-18,739.746754232699
1987-05-19,725.3997757227805
1987-05-20,717.442726434533
1987-05-21,712.6725228779172
1987-05-22,711.0288995975661
1987-05-26,713.551308434561
1987-05-27,716.1552418439545
1987-05-28,724.9945837014732
1987-05-29,726.8561547684839
1987-06-01,722.8490311140274
1987-06-02,727.6594436264037
1987-06-03,732.204504346385
1987-06-04,734.4959655309685
1987-06-05,732.2968353093166
1987-06-08,730.6623204953123
1987-06-09,732.8443898983182
1987-06-10,729.7955329355217
1987-06-11,734.5087869672003
1987-06-12,732.0624443793149
1987-06-15,727.6525002304667
1987-06-16,726.4916197830953
1987-06-17,726.3955081672844
1987-06-18,727.2478776978618
1987-06-19,725.9311822879358
1987-06-22,720.1025898420389
1987-06-23,720.0799180786559
1987-06-24,720.6803692111305
1987-06-25,721.0567521127176
1987-06-26,724.3395066791339
1987-06-29,730.2247367194421
1987-06-30,727.7552365857659
1987-07-01,726.2992339539371
1987-07-02,732.5864302453356
1987-07-06,735.9863218898641
1987-07-07,739.2689233351518
1987-07-08,744.802630854941
1987-07-09,749.9477322298972
1987-07-10,751.0981767208903
1987-07-13,753.0062599548664
1987-07-14,761.1721980729334
1987-07-15,767.3511785197127
1987-07-16,773.0494068871186
1987-07-17,773.0583670526947
1987-07-20,764.6660497468769
1987-07-21,760.9150733676506
1987-07-22,764.3958005908435
1987-07-23,758.4727663532474
1987-07-24,761.5844836233285
1987-07-27,762.2731878110976
1987-07-28,770.8264688163858
1987-07-29,779.9795844838671
1987-07-30,788.6861463612296
1987-07-31,792.3044194328262
1987-08-03,802.1030530295849
1987-08-04,798.2169098896239
1987-08-05,794.1436546813029
1987-08-06,801.0011833497123
1987-08-07,800.9677498617745
1987-08-10,814.9799508378093
1987-08-11,824.0960121098344
1987-08-12,817.9645543248552
1987-08-13,813.6336336925657
1987-08-14,805.2780181261833
1987-08-17,806.9123093764484
1987-08-18,799.7577752571339
1987-08-19,798.5757210760979
1987-08-20,808.3880954292198
1987-08-21,812.2630609547231
1987-08-24,807.6431403652747
1987-08-25,815.2908316234874
1987-08-26,809.2312694876484
1987-08-27,809.02000597182
1987-08-28,800.2718537260695
1987-08-31,805.6334166505009
1987-09-01,797.0960835795487
1987-09-02,798.087014574006
1987-09-03,794.9923405012937
1987-09-04,789.2808525138234
1987-09-08,776.821125859701
1987-09-09,781.4867016395514
1987-09-10,797.0036200119462
1987-09-11,812.140069645694
1987-09-14,812.314987903411
1987-09-15,806.252567618613
1987-09-16,801.4733092962191
1987-09-17,801.8617846557077
1987-09-18,801.9247785671186
1987-09-21,789.5859202129167
1987-09-22,805.0869107960434
1987-09-23,815.2124699704244
1987-09-24,817.9696259433083
1987-09-25,820.3853848254166
1987-09-28,822.4828004041121
1987-09-29,818.311911391998
1987-09-30,819.9935026738764
1987-10-01,825.2428260423355
1987-10-02,829.906220808857
1987-10-05,835.944549263048
1987-10-06,817.3967999573946
1987-10-07,814.0448449642556
1987-10-08,801.8817678467555
1987-10-09,796.984177492159
1987-10-12,791.2760334708416
1987-10-13,797.2345695095336
1987-10-14,776.4714838525933
1987-10-15,761.3321488801539
1987-10-16,720.1329875950407
1987-10-19,614.7405059191179
1987-10-20,572.6852019725753
1987-10-21,631.3583798348208
1987-10-22,597.4962005624204
1987-10-23,583.7469484667716
1987-10-26,516.1082812256665
1987-10-27,519.5391288085763
1987-10-28,528.5878419954311
1987-10-29,555.562493918426
1987-10-30,586.9191072542001
1987-11-02,598.6683785742464
1987-11-03,583.7011047271616
1987-11-04,579.0425047820501
1987-11-05,584.4933651389499
1987-11-06,583.4948963008429
1987-11-09,570.583084230045
1987-11-10,556.9367831347303
1987-11-11,561.9559716436556
1987-11-12,584.7817100013457
1987-11-13,587.2443235806063
1987-11-16,586.3114682624467
1987-11-17,579.400195438448
1987-11-18,583.4155651966759
1987-11-19,569.798630394077
1987-11-20,573.0957200198883
1987-11-23,584.6026605404676
1987-11-24,603.4243291559399
1987-11-25,605.8675745461862
1987-11-27,610.9614582012774
1987-11-30,581.038524078192
1987-12-01,584.9761137704136
1987-12-02,588.4665819216499
1987-12-03,570.3568297113013
1987-12-04,561.1094366024097
1987-12-07,571.6492937431502
1987-12-08,591.6750895998823
1987-12-09,601.4905452044205
1987-12-10,600.3419860502839
1987-12-11,610.5250638324735
1987-12-14,623.1602798737468
1987-12-15,618.275344035503
1987-12-16,632.3167521321978
1987-12-17,621.6756044050528
1987-12-18,630.3646557700658
1987-12-21,630.1640070256631
1987-12-22,633.4244177261513
1987-12-23,640.9334420739208
1987-12-24,642.1183196633016
1987-12-28,629.0115038528576
1987-12-29,626.0525299274972
1987-12-30,630.9988979401393
1987-12-31,633.0351718522204
1988-01-04,646.2173520170052
1988-01-05,652.5555979874873
1988-01-06,653.9769650786516
1988-01-07,655.2865293126123
1988-01-08,619.6145582942074
1988-01-11,622.238739017706
1988-01-12,614.0003160572402
1988-01-13,613.3036568592358
1988-01-14,616.3740064512372
1988-01-15,624.9226922756882
1988-01-18,625.7534353873432
1988-01-19,622.111105384624
1988-01-20,605.2760627254783
1988-01-21,604.9394404300116
1988-01-22,607.4343204803996
1988-01-25,614.1773783536179
1988-01-26,607.7041523017551
1988-01-27,604.4831512092403
1988-01-28,609.7698842174935
1988-01-29,611.5698954132245
1988-02-01,609.3159079239326
1988-02-02,613.227480398865
1988-02-03,598.7373991701432
1988-02-04,602.5445098325993
1988-02-05,602.4949752393427
1988-02-08,598.6918408900062
1988-02-09,603.1892007425038
1988-02-10,613.6615032162451
1988-02-11,616.6372286881004
1988-02-12,625.0963128556762
1988-02-16,633.508431463315
1988-02-17,633.725390669376
1988-02-18,631.5804463704038
1988-02-19,636.8372746939596
1988-02-22,645.8491346549607
1988-02-23,644.8525811021623
1988-02-24,640.5102158596428
1988-02-25,637.7256319338176
1988-02-26,639.5592776068283
1988-02-29,657.6054576348049
1988-03-01,656.9571548068054
1988-03-02,657.7340753738024
1988-03-03,656.5725353707714
1988-03-04,660.4705457334647
1988-03-07,663.8193349053548
1988-03-08,669.1505842433095
1988-03-09,673.9266190810695
1988-03-10,664.7735820400841
1988-03-11,662.9914622800912
1988-03-14,664.546884507632
1988-03-15,667.0826479762338
1988-03-16,671.0510849109274
1988-03-17,676.2947799600598
1988-03-18,676.9063701916689
1988-03-21,673.2647568937745
1988-03-22,672.3986591034774
1988-03-23,676.7077436828969
1988-03-24,664.9484028401102
1988-03-25,654.1688408227911
1988-03-28,650.7709431833399
1988-03-29,658.8551365445708
1988-03-30,656.6833628506087
1988-03-31,658.356858868261
1988-04-04,652.8318649751315
1988-04-05,655.8146266075908
1988-04-06,670.573651572701
1988-04-07,672.652133908975
1988-04-08,678.0558527989795
1988-04-11,679.2916636140279
1988-04-12,684.4107888341496
1988-04-13,683.8607159444583
1988-04-14,661.1610494442523
1988-04-15,659.2440221975003
1988-04-18,662.2899221701175
1988-04-19,662.2742337362037
1988-04-20,658.1603033117678
1988-04-21,657.1828206263408
1988-04-22,663.9387573187712
1988-04-25,667.0863220115167
1988-04-26,669.3916647191239
1988-04-27,669.4123212838037
1988-04-28,667.339618783436
1988-04-29,666.5366396675751
1988-05-02,667.4608246224469
1988-05-03,671.7481895452395
1988-05-04,665.0645016703352
1988-05-05,661.7810171191221
1988-05-06,660.0839950434892
1988-05-09,657.0893778552633
1988-05-10,659.6263934358561
1988-05-11,648.7176469636275
1988-05-12,652.931144889185
1988-05-13,657.4525832943003
1988-05-16,659.881025279381
1988-05-17,654.4026576000734
1988-05-18,646.7446029608255
1988-05-19,647.1597543601952
1988-05-20,648.0116992693812
1988-05-23,641.0172815587953
1988-05-24,647.55162957256
1988-05-25,650.2378703275406
1988-05-26,651.5366780203134
1988-05-27,647.5783879894146
1988-05-31,665.7412214434705
1988-06-01,678.4624303746621
1988-06-02,675.5379237048611
1988-06-03,679.7550527047201
1988-06-06,677.6021352728163
1988-06-07,672.9071650598302
1988-06-08,687.6721357953098
1988-06-09,685.5319085709096
1988-06-10,685.4116077929804
1988-06-13,688.2219089871719
1988-06-14,693.8728896536867
1988-06-15,693.9283068724122
1988-06-16,685.4043424859775
1988-06-17,684.873315031272
1988-06-20,682.5735876269997
1988-06-21,686.8992919845658
1988-06-22,696.7193967666394
1988-06-23,696.1127677771652
1988-06-24,693.2091845588553
1988-06-27,685.8634698878777
1988-06-28,688.9981377576869
1988-06-29,685.6408916553455
1988-06-30,693.0494296173413
1988-07-01,691.7649116885281
1988-07-05,697.1348655880676
1988-07-06,692.2093567317456
1988-07-07,694.0274468657202
1988-07-08,694.7331345551416
1988-07-11,695.3364172133375
1988-07-12,690.7359495672532
1988-07-13,692.3279230005935
1988-07-14,695.2794206762165
1988-07-15,696.738355538144
1988-07-18,693.5098888301061
1988-07-19,695.0672593368431
1988-07-20,698.9998402004892
1988-07-21,692.4966602294679
1988-07-22,685.6126388854974
1988-07-25,683.8083239554421
1988-07-26,684.1306379011812
1988-07-27,678.3735887224892
1988-07-28,682.2713388213948
1988-07-29,693.6021016455819
1988-08-01,693.2695461301785
1988-08-02,692.1003579363554
1988-08-03,695.5009651690532
1988-08-04,694.6170871632376
1988-08-05,692.6650183492969
1988-08-08,691.3507738626148
1988-08-09,682.1246167349133
1988-08-10,671.9495834027196
1988-08-11,671.8679674525633
1988-08-12,670.5292304736222
1988-08-15,662.3924085295696
1988-08-16,666.7736312802134
1988-08-17,666.2519385207454
1988-08-18,666.5867953813281
1988-08-19,666.8947289205007
1988-08-22,660.6068383755809
1988-08-23,660.5958168330645
1988-08-24,668.99082015942
1988-08-25,666.2418316502884
1988-08-26,667.7090760761605
1988-08-29,673.074700268408
1988-08-30,674.2092079733815
1988-08-31,674.3136096435334
1988-09-01,667.7740674831789
1988-09-02,678.4378076742634
1988-09-06,678.6944800054695
1988-09-07,679.7572960776783
1988-09-08,680.0231579728475
1988-09-09,681.2168120884261
1988-09-12,680.2640281331468
1988-09-13,682.3284036927748
1988-09-14,685.6448897139021
1988-09-15,685.0669722823126
1988-09-16,688.7679525826215
1988-09-19,685.4297479326588
1988-09-20,687.1858630532055
1988-09-21,687.3662558570769
1988-09-22,684.6128901414255
1988-09-23,685.8755373678929
1988-09-26,685.867950742309
1988-09-27,684.9169397783292
1988-09-28,687.2539551443583
1988-09-29,694.5984016215467
1988-09-30,697.4926121091513
1988-10-03,693.8317075033226
1988-10-04,693.8725563070998
1988-10-05,695.8130085048656
1988-10-06,697.2688650112418
1988-10-07,708.6201097787341
1988-10-10,709.1551568677057
1988-10-11,707.0195799810984
1988-10-12,699.2806242539885
1988-10-13,703.4650190154676
1988-10-14,704.8927438606975
1988-10-17,706.0569715403816
1988-10-18,714.7885006580051
1988-10-19,713.365114755605
1988-10-20,725.6941618809435
1988-10-21,729.946376740297
1988-10-24,735.2307678379981
1988-10-25,733.1916424908494
1988-10-26,729.7331129077094
1988-10-27,719.7133899048404
1988-10-28,722.7801163449964
1988-10-31,721.5882415720689
1988-11-01,721.786710058802
1988-11-02,721.8524282833242
1988-11-03,722.1983680868004
1988-11-04,716.0147308454767
1988-11-07,709.5214762593157
1988-11-08,711.350001409061
1988-11-09,707.8180187160448
1988-11-10,708.7990306127343
1988-11-11,697.2877270457072
1988-11-14,694.7100334130472
1988-11-15,697.1985107099144
1988-11-16,686.6098803053736
1988-11-17,687.5388712266048
1988-11-18,691.236612589589
1988-11-21,689.7024844846665
1988-11-22,690.8561539485399
1988-11-23,692.9747470229817
1988-11-25,688.8264895445699
1988-11-28,690.4356819600498
1988-11-29,696.2950002288135
1988-11-30,702.0160531101152
1988-12-01,700.2992277268497
1988-12-02,700.3025148861531
1988-12-05,706.9429535985882
1988-12-06,709.8012173234936
1988-12-07,710.490983744941
1988-12-08,706.1975037484794
1988-12-09,708.232227598634
1988-12-12,707.1748326989429
1988-12-13,708.0424759743976
1988-12-14,705.7386925639631
1988-12-15,704.5624340666776
1988-12-16,706.5755732505028
1988-12-19,713.6372182552254
1988-12-20,712.7206490188154
1988-12-21,711.6018680663286
1988-12-22,711.3338524749519
1988-12-23,713.829502951261
1988-12-27,712.9858823429506
1988-12-28,714.706529179491
1988-12-29,719.4694519650101
1988-12-30,720.5568868975143
1989-01-03,715.4623862447555
1989-01-04,724.7493000288939
1989-01-05,726.9203831514543
1989-01-06,731.1583142042964
1989-01-09,730.7793477084439
1989-01-10,730.1897130659385
1989-01-11,735.0387912749684
1989-01-12,737.4722074802199
1989-01-13,739.5023051248211
1989-01-16,738.5438834421888
1989-01-17,737.6025285220475
1989-01-18,744.9529272273999
1989-01-19,746.1064968844532
1989-01-20,744.0226969011095
1989-01-23,739.810902932949
1989-01-24,744.6293733705354
1989-01-25,745.1232599932146
1989-01-26,749.5771293810504
1989-01-27,755.7760565655105
1989-01-30,760.2363990158644
1989-01-31,766.8828937181376
1989-02-01,769.3325124813215
1989-02-02,769.7253449457079
1989-02-03,773.5900735339362
1989-02-06,772.7067416957474
1989-02-07,780.1283790065713
1989-02-08,780.6979379787863
1989-02-09,774.9852624289726
1989-02-10,767.0567506305147
1989-02-13,769.840269108782
1989-02-14,771.5188302889775
1989-02-15,776.656283907204
1989-02-16,780.3528554125554
1989-02-17,784.567475670262
1989-02-21,782.5386450965192
1989-02-22,773.3535841439146
1989-02-23,773.9197635431101
1989-02-24,764.6430387843457
1989-02-27,764.6818516371461
1989-02-28,769.474573749095
1989-03-01,766.5111430950318
1989-03-02,773.7017600647075
1989-03-03,777.0761079072532
1989-03-06,786.0263559768636
1989-03-07,784.9181734130868
1989-03-08,787.2295651332151
1989-03-09,788.1794261257384
1989-03-10,789.7306146983386
1989-03-13,794.1045909017522
1989-03-14,791.6483642667514
1989-03-15,795.0664759699578
1989-03-16,799.4364960643643
1989-03-17,784.1770879414511
1989-03-20,777.7606494202363
1989-03-21,784.3844892745377
1989-03-22,783.5520233860082
1989-03-23,779.6066325102844
1989-03-27,782.6789584373129
1989-03-28,788.4256005215312
1989-03-29,790.7802453326839
1989-03-30,790.3354865743122
1989-03-31,797.6938260117923
1989-04-03,801.0453129773823
1989-04-04,799.9949641933259
1989-04-05,801.3742513052531
1989-04-06,799.3855544602193
1989-04-07,803.0861261974806
1989-04-10,803.7709676827377
1989-04-11,809.4503876282857
1989-04-12,811.2250680429723
1989-04-13,805.399837023635
1989-04-14,815.1595313758849
1989-04-17,814.3910250285
1989-04-18,822.3854873388301
1989-04-19,828.8226034982841
1989-04-20,826.9552206771765
1989-04-21,832.0544673870739
1989-04-24,831.2496651770463
1989-04-25,829.7480975675883
1989-04-26,831.0350111746891
1989-04-27,839.8448124433925
1989-04-28,841.7840219088937
1989-05-01,840.4542775690616
1989-05-02,839.3572156228458
1989-05-03,840.3346475205777
1989-05-04,841.4780449159008
1989-05-05,843.7937179982908
1989-05-08,840.191292852861
1989-05-09,839.1671202142875
1989-05-10,841.3152023550244
1989-05-11,844.6371193302075
1989-05-12,861.4248368388292
1989-05-15,867.2546351830447
1989-05-16,864.8514187799032
1989-05-17,873.0251701055687
1989-05-18,875.7291323562921
1989-05-19,882.1763846070305
1989-05-22,887.2040909268977
1989-05-23,879.7055652611831
1989-05-24,882.2470472007601
1989-05-25,887.2355653758545
1989-05-26,892.2125659313216
1989-05-30,884.5670768096137
1989-05-31,890.3871121983502
1989-06-01,892.3316616038617
1989-06-02,902.8004470233005
1989-06-05,895.001309079678
1989-06-06,898.0831751287541
1989-06-07,907.1763882788287
1989-06-08,914.3525420887225
1989-06-09,914.4308965944787
1989-06-12,908.4404047429861
1989-06-13,905.7299318136619
1989-06-14,906.9449664193149
1989-06-15,897.2216207937848
1989-06-16,902.7764004880017
1989-06-19,904.2469545351689
1989-06-20,901.8684963843538
1989-06-21,903.7092945598351
1989-06-22,913.1747142461162
1989-06-23,929.8791287612083
1989-06-26,926.1319095717579
1989-06-27,930.15612286913
1989-06-28,927.2793544394167
1989-06-29,908.0807357766828
1989-06-30,902.0627990238593
1989-07-03,904.1687764273963
1989-07-05,908.4241294672103
1989-07-06,912.6688753197336
1989-07-07,921.0997922489813
1989-07-10,925.1993113170627
1989-07-11,933.6069067509766
1989-07-12,935.1329971378917
1989-07-13,934.4758669190139
1989-07-14,937.7898358587418
1989-07-17,941.9122219041064
1989-07-18,942.3136953529483
1989-07-19,955.4200691816151
1989-07-20,952.3888189421549
1989-07-21,959.0731871855401
1989-07-24,956.8694126303093
1989-07-25,963.955229191042
1989-07-26,983.1199268329327
1989-07-27,991.375528570453
1989-07-28,989.2460453877451
1989-07-31,1003.3629951460825
1989-08-01,997.5058406105917
1989-08-02,1001.26181414368
1989-08-03,1003.7556217191723
1989-08-04,994.6521285402365
1989-08-07,997.4715248131923
1989-08-08,1002.1017324409637
1989-08-09,999.8117494605502
1989-08-10,1005.7738650768755
1989-08-11,993.5108359674268
1989-08-14,987.9383298314104
1989-08-15,988.3134989094339
1989-08-16,992.743651367038
1989-08-17,988.749077284398
1989-08-18,987.9446343049227
1989-08-21,976.4504402335665
1989-08-22,978.660731829293
1989-08-23,984.314172584779
1989-08-24,997.6340722111479
1989-08-25,998.4352035989425
1989-08-28,1000.9071239161404
1989-08-29,997.6724642807814
1989-08-30,998.4139487099595
1989-08-31,998.1147209022457
1989-09-01,1003.2730239221916
1989-09-05,1003.0524326285704
1989-09-06,993.9353589855551
1989-09-07,990.1749153253488
1989-09-08,987.7842325697393
1989-09-11,981.5930062251094
1989-09-12,983.4960909935767
1989-09-13,975.6015709543573
1989-09-14,968.0199289363968
1989-09-15,966.338017235478
1989-09-18,971.4738900546048
1989-09-19,977.8771609002785
1989-09-20,977.8384587977682
1989-09-21,975.6605827335931
1989-09-22,977.6910648096944
1989-09-25,974.6406060671563
1989-09-26,979.922587401278
1989-09-27,985.9516282757544
1989-09-28,1000.9482114130965
1989-09-29,1004.7448403867098
1989-10-02,1011.079323679044
1989-10-03,1024.591995261086
1989-10-04,1029.3810754126064
1989-10-05,1035.2326641895168
1989-10-06,1042.276460774398
1989-10-09,1045.7419247999603
1989-10-10,1044.0498111686743
1989-10-11,1039.2486674868178
1989-10-12,1035.1598151981775
1989-10-13,964.4516708018532
1989-10-16,986.9968278112956
1989-10-17,984.6226336005674
1989-10-18,989.2669925821153
1989-10-19,1009.6217670521863
1989-10-20,1008.6922489815423
1989-10-23,1008.3647427751931
1989-10-24,1004.1093623453223
1989-10-25,999.3831275115574
1989-10-26,983.065070552735
1989-10-27,972.6603603466667
1989-10-30,974.3464516850872
1989-10-31,985.1482202545459
1989-11-01,990.0167686319263
1989-11-02,983.417004813427
1989-11-03,982.2495640306727
1989-11-06,965.424521099655
1989-11-07,967.5742714745189
1989-11-08,981.0287430241253
1989-11-09,979.6955358558608
1989-11-10,984.4926047653058
1989-11-13,989.5475518596568
1989-11-14,980.3245308255355
1989-11-15,986.0488765002256
1989-11-16,987.855946880032
1989-11-17,989.3758705493509
1989-11-20,983.7925821719971
1989-11-21,978.8306829811775
1989-11-22,985.1290397462053
1989-11-24,988.8231313529681
1989-11-27,992.0783468622202
1989-11-28,993.1617339434953
1989-11-29,988.6122392400271
1989-11-30,994.6611532305799
1989-12-01,1003.92316015089
1989-12-04,1008.6332503680612
1989-12-05,1008.1102234117375
1989-12-06,1003.9871689450902
1989-12-07,1002.5879644579721
1989-12-08,1005.0301588929304
1989-12-11,1003.1301682554443
1989-12-12,1006.4905432101817
1989-12-13,1008.7949801243553
1989-12-14,1001.2085263431811
1989-12-15,997.6257868482762
1989-12-18,979.3016038970914
1989-12-19,969.5475004847098
1989-12-20,957.7920537284404
1989-12-21,960.8821942137388
1989-12-22,971.7726812234122
1989-12-26,972.8883667318293
1989-12-27,974.7860618635915
1989-12-28,985.9322710839457
1989-12-29,996.6537139304053
1990-01-02,1012.3360389799212
1990-01-03,1013.2197003259671
1990-01-04,1001.9356886737306
1990-01-05,996.7686494703534
1990-01-08,995.0288777056038
1990-01-09,984.1630795168068
1990-01-10,972.9439477909829
1990-01-11,973.0071313432011
1990-01-12,945.4088969436372
1990-01-15,931.4182620961434
1990-01-16,945.8371761702252
1990-01-17,935.5846133131178
1990-01-18,937.2656157437212
1990-01-19,940.2778157557415
1990-01-22,916.7153645009048
1990-01-23,911.9548571371641
1990-01-24,909.0831432901537
1990-01-25,895.2137300165864
1990-01-26,890.5460315335728
1990-01-29,887.6122965511033
1990-01-30,873.3896337536163
1990-01-31,891.1911247886684
1990-02-01,891.6548097515727
1990-02-02,903.4675049467713
1990-02-05,908.1001471194874
1990-02-06,900.6772281583694
1990-02-07,912.7198189172339
1990-02-08,912.7313083183267
1990-02-09,914.6972845772466
1990-02-12,905.1547288477038
1990-02-13,901.4913932723878
1990-02-14,904.4418863312582
1990-02-15,912.4324678070228
1990-02-16,904.938317190653
1990-02-20,893.6696908831815
1990-02-21,888.2223808279907
1990-02-22,884.1633056936148
1990-02-23,878.0535925023981
1990-02-26,884.0857797863841
1990-02-27,889.0476493748524
1990-02-28,888.9206026719113
1990-03-01,885.6772646272253
1990-03-02,893.9935429486653
1990-03-05,891.4868093481163
1990-03-06,903.2366034718739
1990-03-07,903.868656250835
1990-03-08,910.9314534861725
1990-03-09,904.288880999276
1990-03-12,907.3966284013642
1990-03-13,900.3437497472928
1990-03-14,903.7662212164287
1990-03-15,908.3989429104626
1990-03-16,919.003418516947
1990-03-19,929.8476219599997
1990-03-20,922.1097658064625
1990-03-21,917.8079770738467
1990-03-22,908.2582088639068
1990-03-23,913.7002912014239
1990-03-26,905.4316298385014
1990-03-27,911.587335143969
1990-03-28,917.4465894065239
1990-03-29,916.1086644079307
1990-03-30,913.3649634378459
1990-04-02,907.5420963207467
1990-04-03,919.1175802422916
1990-04-04,915.6960019712592
1990-04-05,916.340493193158
1990-04-06,922.2005061993536
1990-04-09,921.1250125686998
1990-04-10,921.1642404289745
1990-04-11,916.200558773657
1990-04-12,922.8932318329626
1990-04-16,921.8575021198648
1990-04-17,921.3816520500061
1990-04-18,919.68628962084
1990-04-19,913.1704431900433
1990-04-20,903.9165988803322
1990-04-23,894.1279680718632
1990-04-24,891.1701108567609
1990-04-25,890.5984786430785
1990-04-26,893.4288171981515
1990-04-27,882.2566421004915
1990-04-30,886.1146655877747
1990-05-01,893.0582052238975
1990-05-02,899.7783178332486
1990-05-03,905.6652009520192
1990-05-04,913.8442876859848
1990-05-07,919.4434608276024
1990-05-08,919.4736559691834
1990-05-09,927.1795849433059
1990-05-10,931.9551483284249
1990-05-11,947.5897761836942
1990-05-14,954.4282142826031
1990-05-15,952.359407696263
1990-05-16,952.1471866818192
1990-05-17,954.1381732679355
1990-05-18,960.0431301401229
1990-05-21,974.9756219745565
1990-05-22,979.527507048407
1990-05-23,978.4184718734274
1990-05-24,979.5631624660125
1990-05-25,967.5508261271306
1990-05-29,978.9244545361616
1990-05-30,980.4891404703441
1990-05-31,984.1791775081522
1990-06-01,983.7076156658169
1990-06-04,990.4650389217144
1990-06-05,982.6884755085606
1990-06-06,977.6207328801099
1990-06-07,969.4485952047072
1990-06-08,957.4306445635721
1990-06-11,962.7446787397457
1990-06-12,974.3239986395403
1990-06-13,972.6754817851572
1990-06-14,964.4133956157087
1990-06-15,967.7047014051537
1990-06-18,956.2933713659074
1990-06-19,964.5444611343815
1990-06-20,968.7180280675259
1990-06-21,974.1360463148288
1990-06-22,963.3354119287936
1990-06-25,964.3604368152405
1990-06-26,961.2394289838313
1990-06-27,971.8514380488361
1990-06-28,977.8725400930286
1990-06-29,981.9875093581533
1990-07-02,984.5030834620691
1990-07-03,993.2760338806526
1990-07-05,983.6518140622617
1990-07-06,992.8393794466574
1990-07-09,994.7878929385059
1990-07-10,988.4992642771726
1990-07-11,1001.4890758043252
1990-07-12,1006.9198562980813
1990-07-13,1015.3602485747648
1990-07-16,1022.0507728294318
1990-07-17,1016.469208984569
1990-07-18,1007.082653461203
1990-07-19,1005.5497285783081
1990-07-20,997.2359284821227
1990-07-23,973.8801164566931
1990-07-24,973.1041131403218
1990-07-25,979.300788249144
1990-07-26,977.2839564818074
1990-07-27,969.4991697342264
1990-07-30,966.0275860306383
1990-07-31,964.4219720364395
1990-08-01,965.0303665200914
1990-08-02,949.0565569966693
1990-08-03,927.1483032635143
1990-08-06,884.9989132825732
1990-08-07,895.3087668690762
1990-08-08,915.5404119171867
1990-08-09,927.8845830503551
1990-08-10,913.7144392696677
1990-08-13,923.457127652216
1990-08-14,927.4111264149263
1990-08-15,933.5766084568312
1990-08-16,907.796833076485
1990-08-17,887.5462329117605
1990-08-20,877.8485957490983
1990-08-21,859.6639829310136
1990-08-22,842.7199376086005
1990-08-23,813.3240912076583
1990-08-24,838.5512121273157
1990-08-27,872.3636761028624
1990-08-28,873.8539983543373
1990-08-29,878.4036130223171
1990-08-30,865.4601359079461
1990-08-31,876.7548848278703
1990-09-04,876.2590574982676
1990-09-05,875.6584761341685
1990-09-06,864.356216140554
1990-09-07,872.8170029509703
1990-09-10,870.4990367522439
1990-09-11,869.0334823982413
1990-09-12,870.3296749724908
1990-09-13,858.9259272844657
1990-09-14,856.1083771688687
1990-09-17,859.7768858916324
1990-09-18,859.2587054435461
1990-09-19,849.6370120986646
1990-09-20,833.9177998790602
1990-09-21,836.5158973291442
1990-09-24,829.8986769771835
1990-09-25,838.9695932562396
1990-09-26,831.356995893562
1990-09-27,814.3333537055561
1990-09-28,828.8294002022516
1990-10-01,839.0902890144952
1990-10-02,838.0537271473985
1990-10-03,833.4317023730711
1990-10-04,834.7176623777348
1990-10-05,831.6965639849768
1990-10-08,832.9530136658877
1990-10-09,811.4775315868825
1990-10-10,800.3488958326936
1990-10-11,783.3720175693899
1990-10-12,795.8918925104153
1990-10-15,801.6093460580078
1990-10-16,789.5498909115503
1990-10-17,789.8807921526069
1990-10-18,805.8458346155244
1990-10-19,821.3107176297481
1990-10-22,824.8131996988831
1990-10-23,821.4756865469162
1990-10-24,823.9436200705842
1990-10-25,820.6970605705442
1990-10-26,808.9813291229067
1990-10-29,801.0350675010316
1990-10-30,809.49126279368
1990-10-31,808.9730107121804
1990-11-01,816.0354491100042
1990-11-02,820.9773507352697
1990-11-05,832.3135464936909
1990-11-06,825.9963264531768
1990-11-07,814.1510779616224
1990-11-08,817.997029169811
1990-11-09,831.1763044113945
1990-11-12,837.4980094654736
1990-11-13,834.0374051665303
1990-11-14,836.6921305092876
1990-11-15,830.9275266479054
1990-11-16,833.28618824072
1990-11-19,838.9191017965749
1990-11-20,829.0402046670424
1990-11-21,829.566747043242
1990-11-23,830.1137586674977
1990-11-26,832.93259184137
1990-11-27,841.7829072492053
1990-11-28,845.1464385625036
1990-11-29,838.0170287683432
1990-11-30,854.0692121739551
1990-12-03,860.212145945198
1990-12-04,864.5255427386711
1990-12-05,868.7843904130441
1990-12-06,866.9110798352533
1990-12-07,863.7275141757973
1990-12-10,864.3560888810324
1990-12-11,862.1876991975713
1990-12-12,871.8131667791606
1990-12-13,869.3126523608428
1990-12-14,863.5064024035595
1990-12-17,861.9111692694054
1990-12-18,868.0303764555946
1990-12-19,868.5118954112304
1990-12-20,870.1025175204182
1990-12-21,873.8040721621032
1990-12-24,869.3327467091475
1990-12-26,873.2521110082118
1990-12-27,869.657252165857
1990-12-28,870.8151195598464
1990-12-31,878.9437511258873
1991-01-02,862.7616297291579
1991-01-03,841.6996864269196
1991-01-04,836.9398267642896
1991-01-07,822.0847187051409
1991-01-08,824.35155502725
1991-01-09,815.6781357772483
1991-01-10,824.1087547329489
1991-01-11,826.4268750837533
1991-01-14,817.101153089505
1991-01-15,825.8393301793324
1991-01-16,838.2646132582266
1991-01-17,870.2523720510155
1991-01-18,879.9086626080232
1991-01-21,879.5920924541169
1991-01-22,876.8496903679222
1991-01-23,889.9059426384323
1991-01-24,906.8328281356463
1991-01-25,906.736644928309
1991-01-28,907.2081281412002
1991-01-29,910.1161620268392
1991-01-30,923.8541973710502
1991-01-31,929.1078405981945
1991-02-01,926.8322509616969
1991-02-04,940.4489845890346
1991-02-05,953.7126247280046
1991-02-06,972.099093051346
1991-02-07,963.1229806527298
1991-02-08,969.8343254369112
1991-02-11,989.366269351275
1991-02-12,981.1361930832641
1991-02-13,991.6462139638372
1991-02-14,983.1748583733563
1991-02-15,1000.7336144266557
1991-02-19,1006.439977674419
1991-02-20,997.7919681319537
1991-02-21,1007.7757663404202
1991-02-22,1015.271592952975
1991-02-25,1022.3448964376142
1991-02-26,1008.2207993706111
1991-02-27,1013.9812604080254
1991-02-28,1010.0359224952506
1991-03-01,1019.7587108701578
1991-03-04,1017.4065712727694
1991-03-05,1041.4759218388374
1991-03-06,1042.1425464687823
1991-03-07,1043.5543170815733
1991-03-08,1043.825117943576
1991-03-11,1039.0349148497235
1991-03-12,1023.4376456762227
1991-03-13,1039.843790737708
1991-03-14,1044.274297214663
1991-03-15,1041.2804498742469
1991-03-18,1037.5622631764866
1991-03-19,1022.425390586465
1991-03-20,1039.203217425509
1991-03-21,1041.647483140996
1991-03-22,1044.5780734165453
1991-03-25,1046.5557638568132
1991-03-26,1064.9232036782178
1991-03-27,1070.2622124071765
1991-03-28,1069.760728559193
1991-04-01,1062.7729483753662
1991-04-02,1092.8640393387586
1991-04-03,1089.7207807137622
1991-04-04,1093.04335299216
1991-04-05,1078.9266672354547
1991-04-08,1081.2386860950492
1991-04-09,1071.3639757877893
1991-04-10,1064.2681233340054
1991-04-11,1073.2370281088777
1991-04-12,1080.3983543788008
1991-04-15,1085.3025881078916
1991-04-16,1106.5458404432738
1991-04-17,1114.8935184664924
1991-04-18,1101.760004275711
1991-04-19,1081.7900198473565
1991-04-22,1070.4108156747423
1991-04-23,1072.98568139707
1991-04-24,1070.4641397255884
1991-04-25,1064.1514154697643
1991-04-26,1064.3015693023322
1991-04-29,1046.2968601910347
1991-04-30,1043.7871361116056
1991-05-01,1063.1481278056465
1991-05-02,1065.1598087016323
1991-05-03,1066.8057762466776
1991-05-06,1066.049837067676
1991-05-07,1061.41122771016
1991-05-08,1065.3447495419784
1991-05-09,1078.4639130194766
1991-05-10,1057.8268585348228
1991-05-13,1057.1782864535112
1991-05-14,1040.2902781135751
1991-05-15,1026.4070775442149
1991-05-16,1040.1558776255274
1991-05-17,1038.606501275302
1991-05-20,1040.2780533963114
1991-05-21,1054.6080201611155
1991-05-22,1058.549024275194
1991-05-23,1061.9530791219292
1991-05-24,1074.2621059120393
1991-05-28,1084.0071454043964
1991-05-29,1082.9447535238992
1991-05-30,1091.276579179135
1991-05-31,1090.7554512769477
1991-06-03,1076.7128662769533
1991-06-04,1075.7174860861396
1991-06-05,1068.7282989053597
1991-06-06,1063.083426460318
1991-06-07,1052.7306834227652
1991-06-10,1048.1051978031594
1991-06-11,1053.8446450763622
1991-06-12,1043.7026174242708
1991-06-13,1047.7210198686034
1991-06-14,1060.6102493683372
1991-06-17,1056.2378844030086
1991-06-18,1050.5098775192596
1991-06-19,1043.0563244775308
1991-06-20,1047.753325782707
1991-06-21,1053.5090603865563
1991-06-24,1037.4447333082933
1991-06-25,1035.18770364597
1991-06-26,1035.8899821859038
1991-06-27,1044.412071905964
1991-06-28,1037.7060481386304
1991-07-01,1059.4745634868846
1991-07-02,1061.3680335339857
1991-07-03,1052.5921536443448
1991-07-05,1055.0769966643052
1991-07-08,1062.651443028207
1991-07-09,1062.9391805853415
1991-07-10,1067.5387910153263
1991-07-11,1070.4772658123375
1991-07-12,1082.4172514750812
1991-07-15,1092.4975047327282
1991-07-16,1085.1179707395356
1991-07-17,1080.9355136952292
1991-07-18,1090.9940829517293
1991-07-19,1086.992961070601
1991-07-22,1082.1396116120318
1991-07-23,1072.0566802859942
1991-07-24,1069.7081962279476
1991-07-25,1078.5529496392382
1991-07-26,1083.4627353008823
1991-07-29,1089.9423695861365
1991-07-30,1103.3271216276487
1991-07-31,1107.0908300569304
1991-08-01,1108.1612053033411
1991-08-02,1110.569423438494
1991-08-05,1102.765706502898
1991-08-06,1120.8808899689686
1991-08-07,1126.3078964797473
1991-08-08,1125.552139096852
1991-08-09,1124.7808748123252
1991-08-12,1126.6331065555116
1991-08-13,1131.6107516455124
1991-08-14,1134.219705814196
1991-08-15,1129.7231392070191
1991-08-16,1120.7364126842917
1991-08-19,1088.5200783792243
1991-08-20,1099.2219996844053
1991-08-21,1136.8703119849038
1991-08-22,1146.0390936079273
1991-08-23,1153.6227086350011
1991-08-26,1150.5224161669316
1991-08-27,1147.644533104508
1991-08-28,1161.2444296632232
1991-08-29,1162.9352616644653
1991-08-30,1161.8926768841532
1991-09-03,1152.191635122233
1991-09-04,1144.2644625580558
1991-09-05,1135.1566165150925
1991-09-06,1133.5602946634535
1991-09-09,1128.534750539482
1991-09-10,1113.6225017850104
1991-09-11,1120.2640883909032
1991-09-12,1135.087251637077
1991-09-13,1126.8435785749953
1991-09-16,1132.5983531596846
1991-09-17,1135.8671580623552
1991-09-18,1142.273634537569
1991-09-19,1153.6522747213717
1991-09-20,1163.4402382069752
1991-09-23,1158.9167668724742
1991-09-24,1168.026624705567
1991-09-25,1169.3967007073784
1991-09-26,1165.2033803448426
1991-09-27,1160.7589265212628
1991-09-30,1166.9900150025207
1991-10-01,1172.5990839927022
1991-10-02,1166.605123280572
1991-10-03,1152.5891056230776
1991-10-04,1147.4987748125434
1991-10-07,1139.8861519660366
1991-10-08,1143.1664682736152
1991-10-09,1131.2468873820233
1991-10-10,1138.4696651946604
1991-10-11,1139.8034104567719
1991-10-14,1156.322981628175
1991-10-15,1178.0576835322888
1991-10-16,1192.1774920085213
1991-10-17,1181.9228064031931
1991-10-18,1184.7415116590146
1991-10-21,1180.7631254255773
1991-10-22,1172.7497432531936
1991-10-23,1170.9594895442365
1991-10-24,1161.303804462031
1991-10-25,1155.3254656893293
1991-10-28,1173.8893598558998
1991-10-29,1186.2711560858713
1991-10-30,1194.536879780544
1991-10-31,1196.6942927779594
1991-11-01,1192.1513430397483
1991-11-04,1185.0408019301783
1991-11-05,1187.3282148634858
1991-11-06,1194.0553343214945
1991-11-07,1204.5907061657463
1991-11-08,1204.9966686527791
1991-11-11,1209.6042282355202
1991-11-12,1224.3222592113425
1991-11-13,1230.7387022899966
1991-11-14,1224.751773965311
1991-11-15,1180.0041483774517
1991-11-18,1183.5701383928922
1991-11-19,1159.5536689376213
1991-11-20,1158.0271687501577
1991-11-21,1165.7576518568949
1991-11-22,1155.3351632487306
1991-11-25,1148.0825481835625
1991-11-26,1157.1880198612744
1991-11-27,1156.0073201636242
1991-11-29,1155.2615749747988
1991-12-02,1173.460313154302
1991-12-03,1179.0842729132448
1991-12-04,1181.9555920031053
1991-12-05,1177.9954614621265
1991-12-06,1181.3567674786805
1991-12-09,1181.314913916365
1991-12-10,1180.1530610776583
1991-12-11,1178.2723275859619
1991-12-12,1187.9372891677228
1991-12-13,1203.037449380062
1991-12-16,1206.9847005876168
1991-12-17,1198.9749155204897
1991-12-18,1196.4011922280429
1991-12-19,1187.4515482542542
1991-12-20,1192.8959709136423
1991-12-23,1227.8393014747028
1991-12-24,1234.4508916892187
1991-12-26,1257.1556154160598
1991-12-27,1272.3566125000912
1991-12-30,1309.925938107591
1991-12-31,1313.721601755875
1992-01-02,1311.7832434577897
1992-01-03,1315.9868211869298
1992-01-06,1312.624723117735
1992-01-07,1320.1498249209676
1992-01-08,1340.9415988256994
1992-01-09,1352.7229425024668
1992-01-10,1346.290396303816
1992-01-13,1337.5120722450185
1992-01-14,1357.5326516401883
1992-01-15,1370.4824555980663
1992-01-16,1352.149593375293
1992-01-17,1353.8637852517245
1992-01-20,1331.6332291680746
1992-01-21,1309.1413705669231
1992-01-22,1335.0059367226397
1992-01-23,1334.6318832687139
1992-01-24,1334.910119606365
1992-01-27,1329.5338318076294
1992-01-28,1325.704737275222
1992-01-29,1323.8704605404903
1992-01-30,1332.3261437683009
1992-01-31,1328.2193489343165
1992-02-03,1338.3823044016383
1992-02-04,1356.946447408584
1992-02-05,1365.099889549563
1992-02-06,1366.5181266069005
1992-02-07,1361.0905746359708
1992-02-10,1362.3678116867923
1992-02-11,1360.1881937328687
1992-02-12,1373.154039776273
1992-02-13,1356.0032844922807
1992-02-14,1350.9200696777095
1992-02-18,1325.7819967293547
1992-02-19,1321.8973747328323
1992-02-20,1348.1761958815432
1992-02-21,1337.0883577366837
1992-02-24,1332.5642118402068
1992-02-25,1325.9736684409338
1992-02-26,1354.309116778014
1992-02-27,1358.075742019266
1992-02-28,1358.9272863698054
1992-03-02,1356.731769520351
1992-03-03,1356.8497280759232
1992-03-04,1347.1566763652754
1992-03-05,1326.355331298913
1992-03-06,1318.0726571589573
1992-03-09,1317.5000410511489
1992-03-10,1331.925875869052
1992-03-11,1320.3005223387618
1992-03-12,1317.3718059200396
1992-03-13,1325.554423297803
1992-03-16,1329.5895159200343
1992-03-17,1349.550358730446
1992-03-18,1356.0838271523526
1992-03-19,1361.7109999569432
1992-03-20,1362.4467674031644
1992-03-23,1358.7138518375796
1992-03-24,1352.3591366165797
1992-03-25,1354.388067437128
1992-03-26,1349.025032547016
1992-03-27,1329.132450355563
1992-03-30,1329.1440131589547
1992-03-31,1326.861217518033
1992-04-01,1329.066029513112
1992-04-02,1313.5954771571576
1992-04-03,1306.7131259254102
1992-04-06,1320.9386172997636
1992-04-07,1295.1162312890729
1992-04-08,1278.5279739743917
1992-04-09,1312.6931588813193
1992-04-10,1324.9359543455118
1992-04-13,1327.0233634581057
1992-04-14,1343.4213534207443
1992-04-15,1360.9004394740798
1992-04-16,1353.3801509681944
1992-04-20,1323.7340900884021
1992-04-21,1316.0844765391464
1992-04-22,1314.6001213830978
1992-04-23,1322.646640822219
1992-04-24,1311.7063181525928
1992-04-27,1305.2880054753457
1992-04-28,1289.1935901915033
1992-04-29,1303.2670797426472
1992-04-30,1314.4591043216728
1992-05-01,1313.014098862605
1992-05-04,1322.9962533132245
1992-05-05,1326.2631913389953
1992-05-06,1328.7171511850795
1992-05-07,1326.1117778400815
1992-05-08,1322.5858744541738
1992-05-11,1327.6271623753642
1992-05-12,1325.159441111504
1992-05-13,1326.7989721030178
1992-05-14,1311.599821150746
1992-05-15,1305.4499975543256
1992-05-18,1311.1315206147826
1992-05-19,1314.0600096307987
1992-05-20,1317.508651927344
1992-05-21,1310.0202769211423
1992-05-22,1315.6182602331871
1992-05-26,1304.0306293832098
1992-05-27,1310.4629067484525
1992-05-28,1322.3117184425869
1992-05-29,1334.3229809969903
1992-06-01,1343.8795044472897
1992-06-02,1339.4623850909957
1992-06-03,1338.9056455681089
1992-06-04,1335.1398645757954
1992-06-05,1330.84919594499
1992-06-08,1331.1317064986174
1992-06-09,1312.2414058571553
1992-06-10,1299.6840513940936
1992-06-11,1297.6522184770806
1992-06-12,1309.5208528505332
1992-06-15,1301.3885045682923
1992-06-16,1287.6778154522917
1992-06-17,1256.1540515437543
1992-06-18,1256.622633416956
1992-06-19,1268.9252379573343
1992-06-22,1261.1729579904784
1992-06-23,1269.583247470863
1992-06-24,1262.7674546159676
1992-06-25,1259.5942328371787
1992-06-26,1254.7989439906426
1992-06-29,1276.2795186506878
1992-06-30,1281.8562587582137
1992-07-01,1301.4297587547685
1992-07-02,1296.3993211836587
1992-07-06,1287.29573927962
1992-07-07,1268.9765958616163
1992-07-08,1268.1069783373305
1992-07-09,1286.5995815459812
1992-07-10,1293.8224130905226
1992-07-13,1293.6124637095184
1992-07-14,1299.3550879902932
1992-07-15,1295.841983490709
1992-07-16,1298.4653023576566
1992-07-17,1290.183377585288
1992-07-20,1284.1807088107807
1992-07-21,1294.659223963088
1992-07-22,1281.722792463606
1992-07-23,1284.4619576813484
1992-07-24,1289.0153858424214
1992-07-27,1289.3800460582781
1992-07-28,1309.0871101928838
1992-07-29,1321.955899151844
1992-07-30,1322.1258256921428
1992-07-31,1330.8442718444167
1992-08-03,1335.8945594674492
1992-08-04,1330.0357498976025
1992-08-05,1320.8761999161572
1992-08-06,1312.7660216446222
1992-08-07,1307.977890312836
1992-08-10,1307.4579875640334
1992-08-11,1307.8261795843366
1992-08-12,1301.9654209459757
1992-08-13,1299.7987099329318
1992-08-14,1307.9092605481476
1992-08-17,1311.3227304047712
1992-08-18,1308.412133804691
1992-08-19,1298.810189315388
1992-08-20,1298.2392303325028
1992-08-21,1289.5750391562774
1992-08-24,1263.3198621373933
1992-08-25,1261.339124794286
1992-08-26,1270.2347115374473
1992-08-27,1282.0942236374158
1992-08-28,1280.4529757219689
1992-08-31,1283.0113589777088
1992-09-01,1287.8597047017095
1992-09-02,1292.5600971585222
1992-09-03,1301.2792679291542
1992-09-04,1298.3793441360367
1992-09-08,1292.8791830022317
1992-09-09,1298.3346592511778
1992-09-10,1307.0025098274887
1992-09-11,1308.5442784410332
1992-09-14,1335.3134845760346
1992-09-15,1323.8744831359227
1992-09-16,1323.6242563802937
1992-09-17,1324.8353425931357
1992-09-18,1332.7499407984722
1992-09-21,1333.0346302248963
1992-09-22,1314.386991217373
1992-09-23,1308.8294149681242
1992-09-24,1317.368433858161
1992-09-25,1299.893495368264
1992-09-28,1304.950751573443
1992-09-29,1306.5965980458616
1992-09-30,1318.0769632688252
1992-10-01,1313.532941861267
1992-10-02,1297.35634738687
1992-10-05,1280.9017724834434
1992-10-06,1283.1394168877875
1992-10-07,1272.5755699179508
1992-10-08,1277.4756968038803
1992-10-09,1260.569045508173
1992-10-12,1272.3241877247547
1992-10-13,1283.7423545520487
1992-10-14,1283.469274982695
1992-10-15,1284.7656007981873
1992-10-16,1291.0827076771839
1992-10-19,1307.3271820648404
1992-10-20,1321.1472000817034
1992-10-21,1326.9171603490247
1992-10-22,1325.0859409308036
1992-10-23,1325.8775243253226
1992-10-26,1343.4846323775407
1992-10-27,1342.0630684105436
1992-10-28,1344.9966625213451
1992-10-29,1348.0667814572116
1992-10-30,1344.2157928869021
1992-11-02,1356.2046335926366
1992-11-03,1349.076026607916
1992-11-04,1344.046980163231
1992-11-05,1346.8583770191483
1992-11-06,1344.9708835169324
1992-11-09,1352.5815856823053
1992-11-10,1357.6609957652672
1992-11-11,1373.4934195947228
1992-11-12,1369.7796656147598
1992-11-13,1375.0477925049702
1992-11-16,1371.546960100481
1992-11-17,1369.8034947390477
1992-11-18,1373.4154547234648
1992-11-19,1380.479832647315
1992-11-20,1390.8219766031984
1992-11-23,1389.1211960196129
1992-11-24,1399.7359832654458
1992-11-25,1407.2220678468052
1992-11-27,1412.4403710475474
1992-11-30,1423.4564054288765
1992-12-01,1421.8744161431125
1992-12-02,1418.6440273186868
1992-12-03,1419.3574826922581
1992-12-04,1432.9358834123307
1992-12-07,1443.8380668703765
1992-12-08,1447.1088641637793
1992-12-09,1437.8852605537159
1992-12-10,1428.8056180462702
1992-12-11,1424.241712033631
1992-12-14,1426.4612019583608
1992-12-15,1421.2031482263594
1992-12-16,1417.1548373475312
1992-12-17,1428.213738638801
1992-12-18,1444.8902961711758
1992-12-21,1448.9197483507774
1992-12-22,1451.211535900274
1992-12-23,1452.8325817981788
1992-12-24,1457.328533154919
1992-12-28,1465.7545870714912
1992-12-29,1467.1197799146946
1992-12-30,1468.8612602973947
1992-12-31,1467.2829929385437
1993-01-04,1468.6637016997488
1993-01-05,1473.647196512167
1993-01-06,1490.0111591264326
1993-01-07,1483.6853423158298
1993-01-08,1478.3256974143214
1993-01-11,1485.3681824630373
1993-01-12,1483.5025559906542
1993-01-13,1494.8997335752156
1993-01-14,1515.353000087073
1993-01-15,1527.5409646321532
1993-01-18,1538.5150863731674
1993-01-19,1545.9425527903834
1993-01-20,1543.1814536348138
1993-01-21,1553.269330046697
1993-01-22,1553.360044221254
1993-01-25,1557.7160505901415
1993-01-26,1567.372046822892
1993-01-27,1556.2602155296674
1993-01-28,1552.6977125593967
1993-01-29,1550.820558175301
1993-02-01,1567.6020535679806
1993-02-02,1576.6975975295668
1993-02-03,1599.053778053792
1993-02-04,1611.889053713274
1993-02-05,1601.2948312242956
1993-02-08,1601.19319143176
1993-02-09,1585.3262071624351
1993-02-10,1592.162044268883
1993-02-11,1597.1024270091011
1993-02-12,1586.499140698994
1993-02-16,1535.1133664723495
1993-02-17,1530.1432994281374
1993-02-18,1528.9362517788052
1993-02-19,1538.9855339044952
1993-02-22,1534.7356004824692
1993-02-23,1520.260039277992
1993-02-24,1545.0957895065683
1993-02-25,1557.5519770480928
1993-02-26,1559.5628917453112
1993-03-01,1553.8987832627577
1993-03-02,1571.0806985661707
1993-03-03,1585.259449561562
1993-03-04,1581.2519057010252
1993-03-05,1584.569992428939
1993-03-08,1610.0522226015921
1993-03-09,1616.1006626313356
1993-03-10,1620.8616721295564
1993-03-11,1620.4477966321294
1993-03-12,1613.2908568571277
1993-03-15,1621.8069158267476
1993-03-16,1623.779805219206
1993-03-17,1608.6041558900642
1993-03-18,1622.688463867983
1993-03-19,1615.489887051089
1993-03-22,1608.1468212779118
1993-03-23,1607.0631720804945
1993-03-24,1608.187649274861
1993-03-25,1619.7336928844347
1993-03-26,1617.5597784998822
1993-03-29,1621.844849345536
1993-03-30,1626.8902426006896
1993-03-31,1630.4936617871588
1993-04-01,1626.7298396963606
1993-04-02,1594.5650459271287
1993-04-05,1600.838626826477
1993-04-06,1603.141341615475
1993-04-07,1614.0890752562518
1993-04-08,1617.1490259618722
1993-04-12,1641.3885121345472
1993-04-13,1647.5585632582183
1993-04-14,1649.580998375962
1993-04-15,1645.8831283490128
1993-04-16,1649.208832916043
1993-04-19,1632.3800393248061
1993-04-20,1621.144782298249
1993-04-21,1614.4410013994604
1993-04-22,1599.017635637146
1993-04-23,1583.9583967140318
1993-04-26,1556.9037837746264
1993-04-27,1572.7658980939852
1993-04-28,1576.7895150815896
1993-04-29,1585.3531784765248
1993-04-30,1591.9148957728544
1993-05-03,1598.637878982069
1993-05-04,1617.0540416949964
1993-05-05,1619.505534463961
1993-05-06,1614.549775573507
1993-05-07,1610.980930468285
1993-05-10,1616.5599888054448
1993-05-11,1620.079249731307
1993-05-12,1615.0390248605872
1993-05-13,1593.7824586216948
1993-05-14,1585.8199617964913
1993-05-17,1585.7967512743442
1993-05-18,1592.476405083817
1993-05-19,1615.018755367678
1993-05-20,1626.3913398271632
1993-05-21,1612.6085283865707
1993-05-24,1620.789384372628
1993-05-25,1622.317528775544
1993-05-26,1648.3305023642915
1993-05-27,1647.3121986102872
1993-05-28,1637.8501234702512
1993-06-01,1655.4482646807794
1993-06-02,1660.734999535826
1993-06-03,1662.5600133152
1993-06-04,1654.2511817660702
1993-06-07,1646.007285680176
1993-06-08,1633.9846052144826
1993-06-09,1639.0784358133915
1993-06-10,1636.3775398100645
1993-06-11,1648.0366047138284
1993-06-14,1648.4975523308174
1993-06-15,1655.629918849986
1993-06-16,1656.1649534020357
1993-06-17,1660.6161954212434
1993-06-18,1652.9357823052098
1993-06-21,1662.8200550717945
1993-06-22,1664.7109228986135
1993-06-23,1660.619932643777
1993-06-24,1672.522653941573
1993-06-25,1679.5405597130257
1993-06-28,1701.6435442601241
1993-06-29,1698.2546619681189
1993-06-30,1698.560478437392
1993-07-01,1694.8761885264144
1993-07-02,1690.4631526654077
1993-07-06,1680.6212973235884
1993-07-07,1673.9594848606562
1993-07-08,1686.5111495468377
1993-07-09,1695.8591243973633
1993-07-12,1698.4304438630018
1993-07-13,1696.2966407401352
1993-07-14,1701.8000561389756
1993-07-15,1703.3095861860265
1993-07-16,1687.5136980488815
1993-07-19,1683.042632216145
1993-07-20,1689.0314105477514
1993-07-21,1688.8857366852985
1993-07-22,1684.456895013374
1993-07-23,1699.382410507133
1993-07-26,1712.5414129666715
1993-07-27,1708.9659220120038
1993-07-28,1711.6821711482671
1993-07-29,1720.9739863139896
1993-07-30,1712.8518565504937
1993-08-02,1724.46568295288
1993-08-03,1723.546927352768
1993-08-04,1724.381213262482
1993-08-05,1734.056573045068
1993-08-06,1745.5031485661043
1993-08-09,1751.5565861061507
1993-08-10,1751.1318698232112
1993-08-11,1757.3758308586648
1993-08-12,1758.1576857869704
1993-08-13,1760.2178171380324
1993-08-16,1776.353827228365
1993-08-17,1776.143971361496
1993-08-18,1776.9605924494074
1993-08-19,1773.4086051986155
1993-08-20,1774.7153791021117
1993-08-23,1777.162256803114
1993-08-24,1790.1876454775925
1993-08-25,1793.4657077177903
1993-08-26,1795.9888662877509
1993-08-27,1799.1477114709671
1993-08-30,1804.9135707059465
1993-08-31,1809.5590295713312
1993-09-01,1815.5255548605812
1993-09-02,1810.2874642886418
1993-09-03,1805.2046062776483
1993-09-07,1792.1506901789103
1993-09-08,1782.077530770626
1993-09-09,1796.2709915128944
1993-09-10,1818.5867007428546
1993-09-13,1827.2105622195024
1993-09-14,1810.6485811665507
1993-09-15,1824.398454291548
1993-09-16,1822.0459398072348
1993-09-17,1825.5434449455167
1993-09-20,1823.8562301022437
1993-09-21,1806.8675312289186
1993-09-22,1832.1362165953572
1993-09-23,1851.9832544520764
1993-09-24,1854.889949581335
1993-09-27,1868.4679707881578
1993-09-28,1878.8757914445325
1993-09-29,1865.6959580242221
1993-09-30,1859.5217568529765
1993-10-01,1866.2704390958695
1993-10-04,1874.3672139154087
1993-10-05,1866.4942432361356
1993-10-06,1865.9291722801422
1993-10-07,1861.4151788467059
1993-10-08,1865.3616431511546
1993-10-11,1859.141575520262
1993-10-12,1868.2279658949767
1993-10-13,1875.5205121947795
1993-10-14,1887.485265286623
1993-10-15,1894.872133362391
1993-10-18,1893.5900828288823
1993-10-19,1864.6873160859207
1993-10-20,1859.9535715650609
1993-10-21,1859.0275861355547
1993-10-22,1862.8857033205686
1993-10-25,1855.3557655512038
1993-10-26,1856.7597722095052
1993-10-27,1867.3984232583985
1993-10-28,1875.6614536511356
1993-10-29,1879.8917675438568
1993-11-01,1884.4976412059036
1993-11-02,1888.05915644284
1993-11-03,1858.5732497191495
1993-11-04,1825.964972831316
1993-11-05,1834.8034565936605
1993-11-08,1840.529077122024
1993-11-09,1843.4617837099356
1993-11-10,1862.9237762688304
1993-11-11,1860.2573742040365
1993-11-12,1865.2657224191812
1993-11-15,1853.4082275079695
1993-11-16,1849.6307376723682
1993-11-17,1835.9440438871538
1993-11-18,1823.5835361662976
1993-11-19,1817.2452496232834
1993-11-22,1790.7236767623647
1993-11-23,1803.0350897402343
1993-11-24,1823.3263122853923
1993-11-26,1828.5655202101304
1993-11-29,1826.2580144818166
1993-11-30,1829.151009694754
1993-12-01,1843.1815382475852
1993-12-02,1846.9478074223418
1993-12-03,1860.2767936618482
1993-12-06,1857.7959757616525
1993-12-07,1860.576882955558
1993-12-08,1866.2802769664331
1993-12-09,1864.2232902604894
1993-12-10,1868.2925660225421
1993-12-13,1877.259131067029
1993-12-14,1861.0205166378623
1993-12-15,1860.1038925534378
1993-12-16,1860.941686439652
1993-12-17,1871.8708232668068
1993-12-20,1870.0424030125628
1993-12-21,1863.8094529363705
1993-12-22,1876.294650781401
1993-12-23,1874.7581843295798
1993-12-27,1884.035566919001
1993-12-28,1890.3031009701274
1993-12-29,1892.2656570011486
1993-12-30,1891.402760755769
1993-12-31,1893.7018149143605
1994-01-03,1890.664933963641
1994-01-04,1904.2727359611972
1994-01-05,1908.047547971697
1994-01-06,1916.932995972716
1994-01-07,1914.344314551696
1994-01-10,1930.8906156455532
1994-01-11,1939.8409038444581
1994-01-12,1939.943683245929
1994-01-13,1951.0262346516827
1994-01-14,1965.870867609454
1994-01-17,1970.3995483681936
1994-01-18,1973.454663640576
1994-01-19,1964.753749718487
1994-01-20,1959.6786030162539
1994-01-21,1957.11928629003
1994-01-24,1944.8208336389687
1994-01-25,1932.8866646629085
1994-01-26,1941.3133429937861
1994-01-27,1938.7043519389651
1994-01-28,1944.2463738682557
1994-01-31,1959.7548919733954
1994-02-01,1978.044119128735
1994-02-02,1977.4256312491939
1994-02-03,1981.2756982370415
1994-02-04,1942.0604389324258
1994-02-07,1943.4694179301505
1994-02-08,1970.183250426115
1994-02-09,1977.2976150480386
1994-02-10,1968.327363063456
1994-02-11,1955.438750554348
1994-02-14,1971.7578683495983
1994-02-15,1985.9831662415022
1994-02-16,1998.45892038992
1994-02-17,1982.7742434884055
1994-02-18,1970.855097531996
1994-02-22,1978.2551720050471
1994-02-23,1967.599232037458
1994-02-24,1947.893205139954
1994-02-25,1947.829125816319
1994-02-28,1964.4178126955944
1994-03-01,1950.143182249436
1994-03-02,1951.0160020247793
1994-03-03,1951.4300729861752
1994-03-04,1966.9559166955312
1994-03-07,1977.335995453381
1994-03-08,1969.566629675291
1994-03-09,1985.1634820510628
1994-03-10,1987.0325049157555
1994-03-11,1992.8681326054264
1994-03-14,1991.2764098913808
1994-03-15,1988.1354647052979
1994-03-16,1990.2533978917595
1994-03-17,1994.1742170567236
1994-03-18,2005.7774402272996
1994-03-21,1997.2198288969817
1994-03-22,2007.5258957955496
1994-03-23,2016.5002890091541
1994-03-24,1994.8994373085927
1994-03-25,1977.800991272989
1994-03-28,1959.2186904507605
1994-03-29,1918.23145892638
1994-03-30,1883.619199933155
1994-03-31,1889.7628596077045
1994-04-04,1860.550912182351
1994-04-05,1908.1267461670654
1994-04-06,1911.1875717751159
1994-04-07,1918.8724847391873
1994-04-08,1900.1452825501754
1994-04-11,1899.3547715483573
1994-04-12,1881.0448735104974
1994-04-13,1860.5457684351036
1994-04-14,1861.9749343907765
1994-04-15,1857.7182329600928
1994-04-18,1831.585225527792
1994-04-19,1805.365066178982
1994-04-20,1773.2301484244401
1994-04-21,1811.275979723727
1994-04-22,1820.4167535247561
1994-04-25,1851.916991635087
1994-04-26,1854.2469654832923
1994-04-28,1848.400635157328
1994-04-29,1858.7996279146917
1994-05-02,1869.6029726635786
1994-05-03,1872.262030576593
1994-05-04,1868.1685999376234
1994-05-05,1860.5174465546372
1994-05-06,1845.9981450499558
1994-05-09,1823.9582787318407
1994-05-10,1830.7986776442112
1994-05-11,1815.4809622934467
1994-05-12,1822.767674197297
1994-05-13,1819.2700439603047
1994-05-16,1807.8748669553304
1994-05-17,1819.4245457162947
1994-05-18,1845.0968365525762
1994-05-19,1859.6821050167982
1994-05-20,1862.000318244495
1994-05-23,1855.3843465437346
1994-05-24,1855.2493948478327
1994-05-25,1861.9836311891324
1994-05-26,1861.3213858901322
1994-05-27,1864.0996504521786
1994-05-31,1860.6624014081883
1994-06-01,1875.4005138681723
1994-06-02,1879.030252282535
1994-06-03,1888.9998158234935
1994-06-06,1900.9279216893458
1994-06-07,1888.5430127094546
1994-06-08,1871.8750881666565
1994-06-09,1851.803659576869
1994-06-10,1860.4049277361578
1994-06-13,1866.7164468080805
1994-06-14,1886.7207070078205
1994-06-15,1885.8137300325634
1994-06-16,1893.1456162771635
1994-06-17,1879.614847011963
1994-06-20,1857.2345280716622
1994-06-21,1833.7516392938596
1994-06-22,1838.2992302260213
1994-06-23,1812.428765567165
1994-06-24,1787.089924777764
1994-06-27,1805.796885879744
1994-06-28,1797.777933850106
1994-06-29,1808.386890043713
1994-06-30,1789.7417856750092
1994-07-01,1803.3212437987527
1994-07-05,1801.245868690244
1994-07-06,1794.8222186439598
1994-07-07,1802.7628348599462
1994-07-08,1809.0234270017247
1994-07-11,1804.2021929247082
1994-07-12,1812.793433573025
1994-07-13,1819.8064180286378
1994-07-14,1838.7041724336746
1994-07-15,1836.9102164534406
1994-07-18,1841.855025715786
1994-07-19,1837.3724090688304
1994-07-20,1823.2436988242187
1994-07-21,1816.7097136040688
1994-07-22,1813.55624388451
1994-07-25,1817.2651109347983
1994-07-26,1815.3574977966023
1994-07-27,1809.8621723099916
1994-07-28,1811.8901190444622
1994-07-29,1831.7071252708984
1994-08-01,1844.3372988194544
1994-08-02,1847.309075330718
1994-08-03,1842.5371572859267
1994-08-04,1834.4458018498347
1994-08-05,1832.3459596055916
1994-08-08,1835.5410303891229
1994-08-09,1839.0941288518584
1994-08-10,1846.8166831081035
1994-08-11,1845.932551777311
1994-08-12,1851.4298313042755
1994-08-15,1850.79021354522
1994-08-16,1856.8753834573242
1994-08-17,1856.8732573166003
1994-08-18,1855.0700785309361
1994-08-19,1859.3470875195228
1994-08-22,1856.6575875367782
1994-08-23,1869.3708486772443
1994-08-24,1888.6556798976997
1994-08-25,1891.2572037842706
1994-08-26,1909.1522386200859
1994-08-29,1919.5385282795357
1994-08-30,1933.5714331761815
1994-08-31,1945.6412665537543
1994-09-01,1934.2600217256265
1994-09-02,1927.1011237327482
1994-09-06,1925.8100021346625
1994-09-07,1923.888943741414
1994-09-08,1935.021091550321
1994-09-09,1918.4460015940097
1994-09-12,1908.3126869448054
1994-09-13,1914.2723318501928
1994-09-14,1922.3994064324593
1994-09-15,1942.1525340048274
1994-09-16,1944.466913379437
1994-09-19,1946.4072351395719
1994-09-20,1922.014734090727
1994-09-21,1911.7486683734005
1994-09-22,1912.5451212830324
1994-09-23,1908.2071569623447
1994-09-26,1912.171065775203
1994-09-27,1914.2377318723659
1994-09-28,1924.6682846417982
1994-09-29,1923.4837982775189
1994-09-30,1926.54957622732
1994-10-03,1922.8757154784892
1994-10-04,1891.6427881334944
1994-10-05,1877.310506388718
1994-10-06,1871.153952114312
1994-10-07,1882.4227211405366
1994-10-10,1897.4968413151362
1994-10-11,1918.4340459877812
1994-10-12,1921.4829634216212
1994-10-13,1923.3526898028263
1994-10-14,1928.7318011834539
1994-10-17,1928.86517844287
1994-10-18,1922.336881391565
1994-10-19,1930.6944395359028
1994-10-20,1924.080239795734
1994-10-21,1913.26203544588
1994-10-24,1899.0733660291546
1994-10-25,1889.4691260391817
1994-10-26,1894.4850345240445
1994-10-27,1902.9879259981349
1994-10-28,1924.7196899657638
1994-10-31,1921.135641843564
1994-11-01,1898.3101768172962
1994-11-02,1889.1029344956755
1994-11-03,1892.3425960999584
1994-11-04,1871.4203759360007
1994-11-07,1867.151734549215
1994-11-08,1878.9020354809245
1994-11-09,1876.9248819144086
1994-11-10,1866.5518080307545
1994-11-11,1858.4937506129866
1994-11-14,1870.726640315805
1994-11-15,1875.965410706384
1994-11-16,1873.5293363869396
1994-11-17,1862.3740782627694
1994-11-18,1856.6974712344702
1994-11-21,1842.380694203672
1994-11-22,1797.5030362492635
1994-11-23,1779.4186600046685
1994-11-25,1793.3506359943453
1994-11-28,1805.6044326560318
1994-11-29,1814.0622218216606
1994-11-30,1818.7917406599563
1994-12-01,1797.934827375344
1994-12-02,1813.8600641851012
1994-12-05,1819.1242406296697
1994-12-06,1819.1743410327151
1994-12-07,1805.4072037735962
1994-12-08,1772.0592044823145
1994-12-09,1776.4261241311985
1994-12-12,1780.8709163124602
1994-12-13,1779.8878458610368
1994-12-14,1799.6927665855633
1994-12-15,1814.5596339980984
1994-12-16,1820.5372652497165
1994-12-19,1810.648679152919
1994-12-20,1809.7626577585513
1994-12-21,1835.9978501924984
1994-12-22,1842.603134563536
1994-12-23,1852.0618558662
1994-12-27,1866.7196269818805
1994-12-28,1856.6269099195003
1994-12-29,1870.2174487481936
1994-12-30,1864.8680704620422
1995-01-03,1845.870004991394
1995-01-04,1850.6085168773761
1995-01-05,1848.6173270887782
1995-01-06,1862.2989352596596
1995-01-09,1870.612272037447
1995-01-10,1888.9355475668758
1995-01-11,1885.3731233708925
1995-01-12,1890.033868561343
1995-01-13,1902.4398128930509
1995-01-16,1917.3561528319112
1995-01-17,1926.5328143359752
1995-01-18,1927.8534393155685
1995-01-19,1919.9793902132249
1995-01-20,1900.2854428609953
1995-01-23,1896.3268335153982
1995-01-24,1900.681203773167
1995-01-25,1889.9872717758835
1995-01-26,1885.6883916380366
1995-01-27,1892.42062874824
1995-01-30,1875.679778550932
1995-01-31,1885.486019907252
1995-02-01,1891.608178338212
1995-02-02,1903.508206378363
1995-02-03,1924.548909896316
1995-02-06,1937.60469331304
1995-02-07,1937.4096351042854
1995-02-08,1941.583534530931
1995-02-09,1947.387615581682
1995-02-10,1957.0552058518697
1995-02-13,1955.030250001554
1995-02-14,1959.169658818518
1995-02-15,1963.3792541169846
1995-02-16,1975.756499589405
1995-02-17,1956.313521356389
1995-02-21,1952.4269636045615
1995-02-22,1961.8882058870818
1995-02-23,1969.309517316829
1995-02-24,1973.1485795366855
1995-02-27,1958.0388447974553
1995-02-28,1981.4814209013855
1995-03-01,1984.4668056207602
1995-03-02,1987.205825396028
1995-03-03,2004.302253641945
1995-03-06,2013.2006712243783
1995-03-07,1995.8923236666676
1995-03-08,2004.5768415839993
1995-03-09,2008.2516169298742
1995-03-10,2030.3990433317651
1995-03-13,2041.874771778496
1995-03-14,2057.748134639871
1995-03-15,2055.7053862629573
1995-03-16,2065.764775863799
1995-03-17,2067.0293031546576
1995-03-20,2078.9724431858626
1995-03-21,2080.4339495249574
1995-03-22,2078.8284903492627
1995-03-23,2081.893624026053
1995-03-24,2096.4883957154375
1995-03-27,2106.9026130427133
1995-03-28,2108.582126819393
1995-03-29,2090.8928860135466
1995-03-30,2069.8996815436567
1995-03-31,2061.435732098367
1995-04-03,2073.908151169834
1995-04-04,2077.827139486201
1995-04-05,2077.5930686990737
1995-04-06,2076.8636965029577
1995-04-07,2077.948127637499
1995-04-10,2092.5778650205198
1995-04-11,2097.4395667649783
1995-04-12,2109.136480847537
1995-04-13,2123.9526076397547
1995-04-17,2113.8024191010136
1995-04-18,2108.1881520301254
1995-04-19,2086.768200482266
1995-04-20,2090.9958738211485
1995-04-21,2112.5963776663016
1995-04-24,2140.4662816056316
1995-04-25,2141.066318181224
1995-04-26,2148.362034604276
1995-04-27,2154.0322718546054
1995-04-28,2164.0889994325094
1995-05-01,2153.934194458125
1995-05-02,2160.071401922664
1995-05-03,2190.6881554913252
1995-05-04,2188.5107542749893
1995-05-05,2176.1684331536835
1995-05-08,2191.5180007743634
1995-05-09,2189.6795644713975
1995-05-10,2188.8328968027954
1995-05-11,2202.5806849082996
1995-05-12,2194.1479624130207
1995-05-15,2201.1338617185106
1995-05-16,2209.9986761025402
1995-05-17,2217.8954632498376
1995-05-18,2184.9462435485125
1995-05-19,2192.2976590383187
1995-05-22,2213.8928456077742
1995-05-23,2246.960618046375
1995-05-24,2244.3242273980077
1995-05-25,2249.5307757879655
1995-05-26,2225.44420696345
1995-05-30,2196.694237796638
1995-05-31,2229.0190036786726
1995-06-01,2238.040634323646
1995-06-02,2239.534827918518
1995-06-05,2250.8114011002976
1995-06-06,2242.8461316995617
1995-06-07,2242.135218662422
1995-06-08,2250.0472534790456
1995-06-09,2242.8429804403268
1995-06-12,2252.762159278225
1995-06-13,2273.081696016866
1995-06-14,2284.6574003516475
1995-06-15,2298.2098203126
1995-06-16,2320.4883714525736
1995-06-19,2357.331346442553
1995-06-20,2379.6391869625295
1995-06-21,2377.5482155508066
1995-06-22,2413.237929441478
1995-06-23,2411.049748334585
1995-06-26,2384.2578386224504
1995-06-27,2355.2391166500993
1995-06-28,2356.2395690661224
1995-06-29,2371.4107810721052
1995-06-30,2376.1448555123134
1995-07-03,2385.775335022643
1995-07-05,2387.216553308344
1995-07-06,2420.2534002001657
1995-07-07,2436.524330233802
1995-07-10,2444.2616200446664
1995-07-11,2432.0434867573736
1995-07-12,2479.735656171698
1995-07-13,2493.9276431584153
1995-07-14,2500.114349854984
1995-07-17,2523.5932718184176
1995-07-18,2486.787871645506
1995-07-19,2410.371090964391
1995-07-20,2421.8372361295405
1995-07-21,2430.0783070542907
1995-07-24,2475.08579775619
1995-07-25,2505.644558361521
1995-07-26,2521.8226169535856
1995-07-27,2552.849772167831
1995-07-28,2537.8416083452935
1995-07-31,2522.066162949025
1995-08-01,2504.377202116556
1995-08-02,2471.92412450636
1995-08-03,2473.4491154472043
1995-08-04,2489.6822614730886
1995-08-07,2499.020090635331
1995-08-08,2506.826296295114
1995-08-09,2525.190595991516
1995-08-10,2513.1238375964085
1995-08-11,2516.2911020661527
1995-08-14,2549.737937845129
1995-08-15,2550.2448692318617
1995-08-16,2571.8497017477202
1995-08-17,2576.430577021933
1995-08-18,2569.2347990609583
1995-08-21,2531.795138095314
1995-08-22,2551.7265935631494
1995-08-23,2551.3985218337125
1995-08-24,2538.585966712385
1995-08-25,2531.5833219473816
1995-08-28,2501.2381105434924
1995-08-29,2496.2630956736
1995-08-30,2511.4781835395133
1995-08-31,2530.9145701735233
1995-09-01,2529.2955907810356
1995-09-05,2580.380716683713
1995-09-06,2597.242293508793
1995-09-07,2603.773557106042
1995-09-08,2618.997245603637
1995-09-11,2632.87554288019
1995-09-12,2629.4010898489537
1995-09-13,2643.200824278994
1995-09-14,2639.378564469219
1995-09-15,2601.132032866581
1995-09-18,2618.159723281132
1995-09-19,2648.244690112824
1995-09-20,2656.698583162577
1995-09-21,2634.8403848857834
1995-09-22,2623.9419079535155
1995-09-25,2610.186741743633
1995-09-26,2597.0628122511616
1995-09-27,2582.2354489790264
1995-09-28,2628.3097720602195
1995-09-29,2618.195013914879
1995-10-02,2584.3000773544177
1995-10-03,2570.8664220143332
1995-10-04,2524.1176506899674
1995-10-05,2550.5479618173404
1995-10-06,2541.8699667732153
1995-10-09,2479.68671808401
1995-10-10,2471.727345126057
1995-10-11,2515.054020302764
1995-10-12,2553.784434317423
1995-10-13,2562.5521488030463
1995-10-16,2560.2024139355676
1995-10-17,2609.4028494971312
1995-10-18,2636.417763249534
1995-10-19,2640.1008587580923
1995-10-20,2610.921901966069
1995-10-23,2620.5521358260576
1995-10-24,2626.5792895285917
1995-10-25,2599.996372652301
1995-10-26,2586.9485133572343
1995-10-27,2603.050279249782
1995-10-30,2638.976027193793
1995-10-31,2622.7729033494597
1995-11-01,2635.7878478208067
1995-11-02,2672.6624648256743
1995-11-03,2687.950343596709
1995-11-06,2671.2481574539256
1995-11-07,2638.497315372213
1995-11-08,2655.3368272119224
1995-11-09,2694.1271954240474
1995-11-10,2692.676007675997
1995-11-13,2681.5805254786655
1995-11-14,2648.5406274193897
1995-11-15,2660.80227494414
1995-11-16,2670.5169874923668
1995-11-17,2667.987468368253
1995-11-20,2639.8561246827735
1995-11-21,2641.41403739261
1995-11-22,2629.6378534163327
1995-11-24,2644.3985529788843
1995-11-27,2643.708612178717
1995-11-28,2688.7149095958907
1995-11-29,2707.337858342006
1995-11-30,2712.707345699168
1995-12-01,2701.533302670097
1995-12-04,2727.7019319159936
1995-12-05,2735.0747476140764
1995-12-06,2737.485053451251
1995-12-07,2720.4057185882684
1995-12-08,2737.9711969662153
1995-12-11,2739.761467265035
1995-12-12,2720.9740814036254
1995-12-13,2731.3641406653046
1995-12-14,2689.3770309041797
1995-12-15,2667.1526729744464
1995-12-18,2603.8846125352065
1995-12-19,2672.9446217090035
1995-12-20,2652.0641261902406
1995-12-21,2681.8892441668554
1995-12-22,2696.7561842813816
1995-12-26,2707.752862929407
1995-12-27,2702.7516792012634
1995-12-28,2693.5715312269763
1995-12-29,2715.221529910302
1996-01-02,2728.141092009433
1996-01-03,2701.281210180319
1996-01-04,2646.1339415437974
1996-01-05,2645.7049920253457
1996-01-08,2665.9667402659557
1996-01-09,2592.120134596578
1996-01-10,2559.941794456695
1996-01-11,2592.336390568909
1996-01-12,2592.080046257423
1996-01-15,2563.7119629495073
1996-01-16,2600.043285474747
1996-01-17,2608.118626493394
1996-01-18,2627.067119424743
1996-01-19,2650.827638785846
1996-01-22,2664.983401385304
1996-01-23,2660.702351737558
1996-01-24,2697.223589432665
1996-01-25,2682.0662915462326
1996-01-26,2700.358188336688
1996-01-29,2713.460243934683
1996-01-30,2745.4011713646255
1996-01-31,2766.5124960224225
1996-02-01,2775.873648410423
1996-02-02,2768.762149183857
1996-02-05,2792.8083753795377
1996-02-06,2806.4304873864253
1996-02-07,2827.795212708047
1996-02-08,2854.3316414631176
1996-02-09,2857.1494929293704
1996-02-12,2866.2608899378342
1996-02-13,2865.1069131154322
1996-02-14,2863.341611017286
1996-02-15,2850.346307126104
1996-02-16,2835.07535082643
1996-02-20,2803.7434331959157
1996-02-21,2841.9813273760515
1996-02-22,2884.200732718676
1996-02-23,2886.81784056699
1996-02-26,2856.7746263958797
1996-02-27,2841.6139127504193
1996-02-28,2847.1572384399988
1996-02-29,2832.3372838242117
1996-03-01,2840.0341248224327
1996-03-04,2861.161746112609
1996-03-05,2870.0275465625054
1996-03-06,2850.916708013102
1996-03-07,2869.6130095648
1996-03-08,2784.002228363702
1996-03-11,2825.1279825504885
1996-03-12,2804.991437546777
1996-03-13,2805.533612037875
1996-03-14,2813.8558285815193
1996-03-15,2813.9673989033618
1996-03-18,2847.500711920675
1996-03-19,2847.585838459546
1996-03-20,2850.2790000254195
1996-03-21,2858.0991105324492
1996-03-22,2871.674033520124
1996-03-25,2852.450356012909
1996-03-26,2858.44007165792
1996-03-27,2847.401191896719
1996-03-28,2833.0789074830955
1996-03-29,2845.294804351424
1996-04-01,2871.8923269132065
1996-04-02,2880.8965796254274
1996-04-03,2895.6235047567543
1996-04-04,2887.220015242741
1996-04-08,2829.6076648798585
1996-04-09,2825.0507361912896
1996-04-10,2778.441422672863
1996-04-11,2765.539446855736
1996-04-12,2785.0717723466573
1996-04-15,2808.879758839809
1996-04-16,2816.9096884262844
1996-04-17,2797.8996692102405
1996-04-18,2817.000866529617
1996-04-19,2832.351880992986
1996-04-22,2859.50549648049
1996-04-23,2877.9043201287077
1996-04-24,2870.3489468924595
1996-04-25,2886.198681432263
1996-04-26,2889.545165418294
1996-04-29,2895.05336501366
1996-04-30,2906.271699226856
1996-05-01,2909.1040134740188
1996-05-02,2851.9374629581353
1996-05-03,2836.44592675413
1996-05-06,2826.4071392876676
1996-05-07,2815.251117187731
1996-05-08,2834.3607379258256
1996-05-09,2843.593139669915
1996-05-10,2874.5465279999808
1996-05-13,2907.52289441603
1996-05-14,2933.1120141387914
1996-05-15,2933.310272967316
1996-05-16,2942.532354617252
1996-05-17,2959.211802415562
1996-05-20,2972.8330283832615
1996-05-21,2974.45406958442
1996-05-22,2997.730380005744
1996-05-23,2989.3958039237887
1996-05-24,2994.515788110682
1996-05-28,2971.3804235801404
1996-05-29,2958.1360735701696
1996-05-30,2987.915579342031
1996-05-31,2988.7444706154365
1996-06-03,2983.044930413716
1996-06-04,3013.1498400989963
1996-06-05,3028.0064489089586
1996-06-06,3011.631741936264
1996-06-07,3006.0050524361955
1996-06-10,3012.472590295954
1996-06-11,2998.3611796994437
1996-06-12,3003.4431175665413
1996-06-13,3000.5512520525535
1996-06-14,2982.9851706144836
1996-06-17,2976.5757722823414
1996-06-18,2947.543223909022
1996-06-19,2939.780821478658
1996-06-20,2924.5665672662894
1996-06-21,2939.7102335085438
1996-06-24,2954.0629560556204
1996-06-25,2940.48282519538
1996-06-26,2912.8944950446644
1996-06-27,2934.2135005424525
1996-06-28,2959.6396862789684
1996-07-01,2980.9403787329543
1996-07-02,2965.412017532273
1996-07-03,2953.9095307045686
1996-07-05,2906.0035610350374
1996-07-08,2880.3154341185254
1996-07-09,2891.042438230818
1996-07-10,2885.431811360099
1996-07-11,2827.1222444899417
1996-07-12,2825.350702328197
1996-07-15,2734.9495207483346
1996-07-16,2718.9721752963055
1996-07-17,2759.3086290247334
1996-07-18,2808.243087981931
1996-07-19,2790.510662064565
1996-07-22,2775.985029658156
1996-07-23,2750.9123917017246
1996-07-24,2730.418587185679
1996-07-25,2741.6094709666045
1996-07-26,2770.3345722378895
1996-07-29,2749.909767354178
1996-07-30,2763.324166709215
1996-07-31,2787.191713759691
1996-08-01,2831.3328419755194
1996-08-02,2877.68315700042
1996-08-05,2866.2476037800916
1996-08-06,2874.5396995786964
1996-08-07,2873.9305188279945
1996-08-08,2864.930374309611
1996-08-09,2854.821272253157
1996-08-12,2879.586840644716
1996-08-13,2886.4313809584423
1996-08-14,2901.413448137659
1996-08-15,2910.085199022524
1996-08-16,2932.106152722019
1996-08-19,2928.819037512334
1996-08-20,2923.1826174673674
1996-08-21,2919.720044939111
1996-08-22,2945.6324224606637
1996-08-23,2949.7310212945677
1996-08-26,2942.4616837799604
1996-08-27,2963.604979612523
1996-08-28,2959.453373646707
1996-08-29,2917.1905315903628
1996-08-30,2892.6827416620695
1996-09-03,2908.201191927624
1996-09-04,2906.6188975781374
1996-09-05,2875.7635576189837
1996-09-06,2903.657978871192
1996-09-09,2937.669076297777
1996-09-10,2954.3304103035452
1996-09-11,2960.4185802367933
1996-09-12,2979.2178677078014
1996-09-13,3009.417918863309
1996-09-16,3010.669556904768
1996-09-17,2991.643476450698
1996-09-18,2987.1758171362344
1996-09-19,3000.0727420973576
1996-09-20,3009.881651269522
1996-09-23,3019.8283132516835
1996-09-24,3036.178101193518
1996-09-25,3044.2681604657832
1996-09-26,3051.025240385785
1996-09-27,3068.031380342137
1996-09-30,3069.187813460054
1996-10-01,3068.846445922279
1996-10-02,3070.338419681615
1996-10-03,3067.3417338854615
1996-10-04,3102.063944935522
1996-10-07,3099.5454524168495
1996-10-08,3082.984370186596
1996-10-09,3072.9057674017045
1996-10-10,3063.0179912388326
1996-10-11,3086.116847961708
1996-10-14,3098.730871459938
1996-10-15,3094.7884723135753
1996-10-16,3105.524218397394
1996-10-17,3125.4252601354387
1996-10-18,3136.4802220908077
1996-10-21,3134.386136907936
1996-10-22,3121.1585342280314
1996-10-23,3122.517283623493
1996-10-24,3115.1506477544795
1996-10-25,3107.6853694356246
1996-10-28,3077.2458286562864
1996-10-29,3071.7685666423954
1996-10-30,3068.523057439709
1996-10-31,3082.259629953795
1996-11-01,3060.6022683888377
1996-11-04,3071.433680942555
1996-11-05,3085.898969937739
1996-11-06,3133.1728226014216
1996-11-07,3171.2137578038732
1996-11-08,3183.1992484789453
1996-11-11,3179.9692365820542
1996-11-12,3181.7339535265396
1996-11-13,3185.2864129574027
1996-11-14,3202.1289902779413
1996-11-15,3211.559491792952
1996-11-18,3193.715689001138
1996-11-19,3199.8173063075515
1996-11-20,3197.261867208905
1996-11-21,3192.4604323458493
1996-11-22,3191.5240692946286
1996-11-25,3219.845005418564
1996-11-26,3190.7873546335327
1996-11-27,3200.6320049728192
1996-11-29,3217.468136027909
1996-12-02,3220.920605573567
1996-12-03,3200.534806935105
1996-12-04,3191.729730362214
1996-12-05,3183.5347643757295
1996-12-06,3175.757800253591
1996-12-09,3212.8370688798955
1996-12-10,3225.9414507099555
1996-12-11,3178.0759610644254
1996-12-12,3148.158926298687
1996-12-13,3153.9175992368914
1996-12-16,3165.068746700869
1996-12-17,3175.5886920817293
1996-12-18,3210.025990135359
1996-12-19,3271.963614062974
1996-12-20,3286.144097053212
1996-12-23,3251.2878547059076
1996-12-24,3275.6135594162583
1996-12-26,3299.544517684835
1996-12-27,3312.009073645624
1996-12-30,3308.8236865186445
1996-12-31,3283.887057609153
1997-01-02,3254.3184154022156
1997-01-03,3303.541247670097
1997-01-06,3308.419021270033
1997-01-07,3321.4601673482503
1997-01-08,3300.2987702555415
1997-01-09,3307.1866341679925
1997-01-10,3335.016116054473
1997-01-13,3352.4423123431134
1997-01-14,3400.6164455281623
1997-01-15,3390.7734939974284
1997-01-16,3403.4246643079327
1997-01-17,3432.434231779875
1997-01-20,3452.579285746022
1997-01-21,3496.9929340089393
1997-01-22,3511.095470851709
1997-01-23,3479.3471644034807
1997-01-24,3440.880431382777
1997-01-27,3417.1767280967574
1997-01-28,3427.4893227989596
1997-01-29,3462.2972564054103
1997-01-30,3515.146402009906
1997-01-31,3529.5126135865617
1997-02-03,3539.324891083515
1997-02-04,3532.1467064125573
1997-02-05,3487.3322737877434
1997-02-06,3493.3554609555927
1997-02-07,3537.894381377675
1997-02-10,3518.401418411423
1997-02-11,3519.435528331734
1997-02-12,3567.4530977087375
1997-02-13,3602.083846132666
1997-02-14,3586.7547467520085
1997-02-18,3638.372556656334
1997-02-19,3663.0178492099712
1997-02-20,3633.4312076479096
1997-02-21,3603.9665136720864
1997-02-24,3625.7264158464186
1997-02-25,3616.750861846439
1997-02-26,3588.324359086593
1997-02-27,3527.773955067932
1997-02-28,3514.2756057717074
1997-03-03,3521.696421625036
1997-03-04,3525.5116027631757
1997-03-05,3549.160134206503
1997-03-06,3555.0852036174106
1997-03-07,3565.2093752594383
1997-03-10,3601.107020346191
1997-03-11,3596.325158494927
1997-03-12,3567.6531289024288
1997-03-13,3520.143576469059
1997-03-14,3520.9144526886876
1997-03-17,3512.7903935881413
1997-03-18,3474.7066429230554
1997-03-19,3459.63884972039
1997-03-20,3443.4081616324784
1997-03-21,3442.8278262917656
1997-03-24,3457.370054997316
1997-03-25,3492.631949871849
1997-03-26,3504.1261469557453
1997-03-27,3451.7973524214426
1997-03-31,3357.1231098857656
1997-04-01,3386.772098839337
1997-04-02,3354.882554542997
1997-04-03,3346.215173799967
1997-04-04,3397.0842017282944
1997-04-07,3434.3457360848083
1997-04-08,3453.2846739365978
1997-04-09,3449.567702918438
1997-04-10,3431.3582868375183
1997-04-11,3356.0549079077814
1997-04-14,3365.7373736847694
1997-04-15,3403.4935563148915
1997-04-16,3442.4136544440134
1997-04-17,3441.010582303955
1997-04-18,3449.5994811205114
1997-04-21,3411.8245608425123
1997-04-22,3436.1535438085302
1997-04-23,3444.942472481611
1997-04-24,3445.4858027360933
1997-04-25,3397.684649105363
1997-04-28,3409.6849467523393
1997-04-29,3484.640666817508
1997-04-30,3500.686229783344
1997-05-01,3492.486679982514
1997-05-02,3549.935806535747
1997-05-05,3595.5715142417002
1997-05-06,3586.293761597003
1997-05-07,3539.5539773408664
1997-05-08,3547.9113074782963
1997-05-09,3567.4802071937
1997-05-12,3598.485965125611
1997-05-13,3599.4607422244712
1997-05-14,3591.477415709064
1997-05-15,3597.049933987768
1997-05-16,3566.017233735962
1997-05-19,3578.635577847837
1997-05-20,3607.9010846399415
1997-05-21,3605.2080062049645
1997-05-22,3588.043462993515
1997-05-23,3626.5943621593915
1997-05-27,3617.013311182683
1997-05-28,3628.262512413356
1997-05-29,3656.5119560128924
1997-05-30,3663.260978366429
1997-06-02,3683.1873775276113
1997-06-03,3712.1249407540286
1997-06-04,3701.473302947076
1997-06-05,3694.196705145952
1997-06-06,3730.702290801487
1997-06-09,3757.432599552593
1997-06-10,3777.603199036906
1997-06-11,3813.668320811034
1997-06-12,3880.4292821140803
1997-06-13,3940.454324891163
1997-06-16,3941.671157506535
1997-06-17,3933.799281410097
1997-06-18,3934.262675360017
1997-06-19,3982.470768192401
1997-06-20,3967.421001407545
1997-06-23,3916.226687840747
1997-06-24,3948.884626381985
1997-06-25,3910.4678063350602
1997-06-26,3887.2273954012267
1997-06-27,3908.476096157976
1997-06-30,3872.6351407736825
1997-07-01,3914.5297144110737
1997-07-02,3956.775934086018
1997-07-03,4006.7046656910475
1997-07-07,4019.691167533266
1997-07-08,4040.8737928956753
1997-07-09,4022.945002685874
1997-07-10,4055.5740809474305
1997-07-11,4060.4769649206205
1997-07-14,4057.632368501486
1997-07-15,4116.444551184773
1997-07-16,4207.869959491588
1997-07-17,4197.041768443121
1997-07-18,4148.778034549906
1997-07-21,4135.68734126649
1997-07-22,4227.9231512629785
1997-07-23,4222.9205598882945
1997-07-24,4252.595772809017
1997-07-25,4255.1886177942415
1997-07-28,4249.910386271654
1997-07-29,4279.675954975349
1997-07-30,4337.400790993102
1997-07-31,4371.884315613112
1997-08-01,4351.369585762867
1997-08-04,4344.5564140643955
1997-08-05,4356.994761166134
1997-08-06,4408.906366974457
1997-08-07,4361.299163480839
1997-08-08,4290.853148088114
1997-08-11,4266.440954426093
1997-08-12,4198.809864586772
1997-08-13,4184.904980640865
1997-08-14,4192.497360947978
1997-08-15,4116.926202007988
1997-08-18,4141.926141735463
1997-08-19,4234.628768593563
1997-08-20,4298.227080943987
1997-08-21,4255.352834720672
1997-08-22,4231.842267292429
1997-08-25,4206.242867961255
1997-08-26,4164.649242792595
1997-08-27,4156.073126181751
1997-08-28,4122.301775211154
1997-08-29,4131.2280554635445
1997-09-02,4238.706004611717
1997-09-03,4257.087057584582
1997-09-04,4261.467921932654
1997-09-05,4272.340031520543
1997-09-08,4286.91264435434
1997-09-09,4283.103295220299
1997-09-10,4240.181934205658
1997-09-11,4177.324319068361
1997-09-12,4223.413353722292
1997-09-15,4192.631658462896
1997-09-16,4301.608659515954
1997-09-17,4311.255534604153
1997-09-18,4323.370779133436
1997-09-19,4340.483249532593
1997-09-22,4375.604925242976
1997-09-23,4354.599249230874
1997-09-24,4322.2499585463065
1997-09-25,4295.1628945458215
1997-09-26,4318.48464858742
1997-09-29,4359.718565292023
1997-09-30,4344.362859553372
1997-10-01,4360.291456216614
1997-10-02,4386.719961439501
1997-10-03,4402.53779549116
1997-10-06,4428.402994597806
1997-10-07,4448.922948179013
1997-10-08,4439.392083076559
1997-10-09,4425.450892538822
1997-10-10,4423.849789449337
1997-10-13,4424.205887778182
1997-10-14,4456.238128689674
1997-10-15,4464.465289787656
1997-10-16,4421.259214277104
1997-10-17,4345.611474776649
1997-10-20,4376.785135939649
1997-10-21,4458.4502028429115
1997-10-22,4440.66599364126
1997-10-23,4341.95869318592
1997-10-24,4285.787003405697
1997-10-27,3987.797565959635
1997-10-28,4171.54518495559
1997-10-29,4135.183447206957
1997-10-30,4062.724798896481
1997-10-31,4115.16583415383
1997-11-03,4226.015596885244
1997-11-04,4253.18864957681
1997-11-05,4283.466124396309
1997-11-06,4243.563103248338
1997-11-07,4182.049245114129
1997-11-10,4141.000987563211
1997-11-11,4125.362191608995
1997-11-12,4029.853110217144
1997-11-13,4049.139017665777
1997-11-14,4103.9365244319615
1997-11-17,4195.90039609743
1997-11-18,4164.849119849237
1997-11-19,4175.937266967976
1997-11-20,4244.628509776528
1997-11-21,4246.421881622967
1997-11-24,4165.594549960912
1997-11-25,4191.6137092569925
1997-11-26,4205.576735390082
1997-11-28,4220.530994908735
1997-12-01,4289.9752587740595
1997-12-02,4291.087971697698
1997-12-03,4323.417955060234
1997-12-04,4332.875776455617
1997-12-05,4383.113208939038
1997-12-08,4397.043785335174
1997-12-09,4349.723775013499
1997-12-10,4317.009767669142
1997-12-11,4261.608766443562
1997-12-12,4257.461138220607
1997-12-15,4276.840610571658
1997-12-16,4304.229323733406
1997-12-17,4304.025991404828
1997-12-18,4249.271558794425
1997-12-19,4239.390073487007
1997-12-22,4251.927221568437
1997-12-23,4214.851751504165
1997-12-24,4194.119529730572
1997-12-26,4205.791460480652
1997-12-29,4265.145713286992
1997-12-30,4365.696451147862
1997-12-31,4393.643460766218
1998-01-02,4373.623701523154
1998-01-05,4418.837646765212
1998-01-06,4390.886655209633
1998-01-07,4363.811509416927
1998-01-08,4340.996446058916
1998-01-09,4203.181522967603
1998-01-12,4216.510503418886
1998-01-13,4273.592085107829
1998-01-14,4293.826065924011
1998-01-15,4254.993208446344
1998-01-16,4311.81279473472
1998-01-20,4348.396091217812
1998-01-21,4272.87709460948
1998-01-22,4237.137748659355
1998-01-23,4204.860231806148
1998-01-26,4202.988106396072
1998-01-27,4239.581935918903
1998-01-28,4274.653601008946
1998-01-29,4296.816000036077
1998-01-30,4292.508314670557
1998-02-02,4382.264207588351
1998-02-03,4400.8634257165795
1998-02-04,4403.310138390475
1998-02-05,4382.106252349818
1998-02-06,4428.184706701535
1998-02-09,4408.81276528643
1998-02-10,4440.897301260063
1998-02-11,4473.407253173065
1998-02-12,4499.261289751178
1998-02-13,4499.152405649143
1998-02-17,4520.533026259831
1998-02-18,4574.190098968225
1998-02-19,4572.479807346841
1998-02-20,4590.118483603692
1998-02-23,4592.627475767912
1998-02-24,4558.835949440976
1998-02-25,4606.488047849077
1998-02-26,4617.330263482028
1998-02-27,4609.327165645705
1998-03-02,4611.0835247461055
1998-03-03,4633.63550099361
1998-03-04,4612.45746084712
1998-03-05,4588.323997203215
1998-03-06,4682.918736539396
1998-03-09,4700.095961526327
1998-03-10,4733.991561280996
1998-03-11,4748.763553922797
1998-03-12,4757.929635557163
1998-03-13,4761.695560957691
1998-03-16,4820.352482007892
1998-03-17,4851.409917406863
1998-03-18,4885.310992999512
1998-03-19,4896.39905632319
1998-03-20,4902.995617096673
1998-03-23,4889.561379875541
1998-03-24,4964.168377326604
1998-03-25,4958.841115011514
1998-03-26,4958.276648595013
1998-03-27,4949.977385682781
1998-03-30,4954.789894164439
1998-03-31,4979.217330923548
1998-04-01,4999.145491405063
1998-04-02,5015.262488584399
1998-04-03,5027.623714334978
1998-04-06,5048.232797474313
1998-04-07,4992.9800078492235
1998-04-08,4975.020149242846
1998-04-09,5025.916533965762
1998-04-13,5020.692381403318
1998-04-14,5054.692817302458
1998-04-15,5090.354905919753
1998-04-16,5055.177472266946
1998-04-17,5114.943074104112
1998-04-20,5130.111595894486
1998-04-21,5129.39310268498
1998-04-22,5172.865048344083
1998-04-23,5097.17670656812
1998-04-24,5035.4697918469055
1998-04-27,4901.756288205109
1998-04-28,4913.077235969638
1998-04-29,4964.8892980411565
1998-04-30,5033.226894470501
1998-05-01,5057.273225204365
1998-05-04,5086.325520333522
1998-05-05,5041.884279282311
1998-05-06,5004.258749624238
1998-05-07,4950.624417084409
1998-05-08,5014.464882394956
1998-05-11,5002.689567723099
1998-05-12,5024.161977431179
1998-05-13,5039.974818635117
1998-05-14,5045.456729720245
1998-05-15,5016.824332907718
1998-05-18,4987.874302424483
1998-05-19,4999.690901909257
1998-05-20,5034.898193470882
1998-05-21,5047.306175141399
1998-05-22,5033.979381164173
1998-05-26,4975.5283589776855
1998-05-27,4935.9658956623025
1998-05-28,4991.1895208386195
1998-05-29,4980.458215662864
1998-06-01,4960.178150998457
1998-06-02,4985.208074815523
1998-06-03,4986.549617594598
1998-06-04,5019.662286578133
1998-06-05,5091.931054038932
1998-06-08,5109.639762195545
1998-06-09,5131.520193985121
1998-06-10,5114.993675258843
1998-06-11,5045.457381706602
1998-06-12,5021.628603452481
1998-06-15,4935.615245723889
1998-06-16,4975.491533629881
1998-06-17,5068.533720918471
1998-06-18,5051.840515920378
1998-06-19,5036.253784604362
1998-06-22,5066.831825274613
1998-06-23,5158.81564113094
1998-06-24,5206.648012239074
1998-06-25,5200.924572000262
1998-06-26,5206.591213581242
1998-06-29,5217.354569364085
1998-06-30,5245.687254654269
1998-07-01,5263.246083326676
1998-07-02,5264.304784572807
1998-07-06,5301.664837029235
1998-07-07,5303.1883283584975
1998-07-08,5339.351441994598
1998-07-09,5307.504582317365
1998-07-10,5321.252666675603
1998-07-13,5350.375087691194
1998-07-14,5388.59939754982
1998-07-15,5389.2207749886775
1998-07-16,5424.2025375239755
1998-07-17,5418.525934177865
1998-07-20,5405.767083757951
1998-07-21,5341.219520030031
1998-07-22,5269.191443014825
1998-07-23,5162.868931966887
1998-07-24,5169.286482806332
1998-07-27,5151.524527986678
1998-07-28,5062.856510977301
1998-07-29,5038.710909138878
1998-07-30,5115.291339019904
1998-07-31,5013.258666718794
1998-08-03,4978.265341005079
1998-08-04,4796.693671754995
1998-08-05,4774.123986558529
1998-08-06,4836.569746053159
1998-08-07,4858.941020347683
1998-08-10,4847.849419136999
1998-08-11,4749.9190645647395
1998-08-12,4824.567996640674
1998-08-13,4786.014524899898
1998-08-14,4732.750627795728
1998-08-17,4807.845617760009
1998-08-18,4878.9439034132765
1998-08-19,4853.814916683559
1998-08-20,4828.440085561146
1998-08-21,4754.572186628391
1998-08-24,4790.721112883141
1998-08-25,4815.069708224331
1998-08-26,4750.4286046136995
1998-08-27,4545.825885519208
1998-08-28,4474.020576007081
1998-08-31,4144.719052075815
1998-09-01,4275.594703156275
1998-09-02,4280.59245167071
1998-09-03,4219.465264126806
1998-09-04,4160.600244835101
1998-09-08,4393.07751431018
1998-09-09,4301.13579998441
1998-09-10,4174.90979742406
1998-09-11,4276.573349349196
1998-09-14,4378.861165133335
1998-09-15,4409.260967726452
1998-09-16,4447.432532350921
1998-09-17,4335.914900496956
1998-09-18,4364.755685872124
1998-09-21,4355.098258630045
1998-09-22,4396.763839508797
1998-09-23,4541.6535346824585
1998-09-24,4429.687840986132
1998-09-25,4430.518048333433
1998-09-28,4435.080883832514
1998-09-29,4423.486445493502
1998-09-30,4311.511017484371
1998-10-01,4155.555183217323
1998-10-02,4213.9193761092765
1998-10-05,4147.856696912329
1998-10-06,4133.5339014561705
1998-10-07,4059.9422063108655
1998-10-08,3983.4636797164067
1998-10-09,4075.7882351263006
1998-10-12,4126.259262666858
1998-10-13,4099.928620497709
1998-10-14,4177.270987889168
1998-10-15,4343.1184967249055
1998-10-16,4370.306509035658
1998-10-19,4401.624533416677
1998-10-20,4387.047512281804
1998-10-21,4443.317144134269
1998-10-22,4515.371322889249
1998-10-23,4483.023556357475
1998-10-26,4494.281925142049
1998-10-27,4475.929448799503
1998-10-28,4496.617206697969
1998-10-29,4566.350489182951
1998-10-30,4603.111876412096
1998-11-02,4662.017615457209
1998-11-03,4652.647623266087
1998-11-04,4671.849190382008
1998-11-05,4725.807454802766
1998-11-06,4769.148871255602
1998-11-09,4751.448188475305
1998-11-10,4775.315095781698
1998-11-11,4745.36001914825
1998-11-12,4722.137874788473
1998-11-13,4734.739303085332
1998-11-16,4763.202563512517
1998-11-17,4787.353396846985
1998-11-18,4823.126536926848
1998-11-19,4861.986486846642
1998-11-20,4895.703774563434
1998-11-23,5002.042054596168
1998-11-24,4979.1817539805725
1998-11-25,5005.959496161952
1998-11-27,5037.609808974333
1998-11-30,4908.129899355635
1998-12-01,4990.098482580108
1998-12-02,4984.704360572243
1998-12-03,4905.696986967325
1998-12-04,4997.533125602123
1998-12-07,5047.012802719804
1998-12-08,5036.545190762566
1998-12-09,5045.181280157504
1998-12-10,4966.7881052450675
1998-12-11,4998.332431720092
1998-12-14,4871.028223289242
1998-12-15,4973.75008866002
1998-12-16,4973.6652423349715
1998-12-17,5025.9609675427
1998-12-18,5060.505667122807
1998-12-21,5147.150236950288
1998-12-22,5174.105701116356
1998-12-23,5292.684622972311
1998-12-24,5284.979159721986
1998-12-28,5300.61871740149
1998-12-29,5360.990819601135
1998-12-30,5328.725920958228
1998-12-31,5343.303439171349
1999-01-04,5325.308506614179
1999-01-05,5406.554026783164
1999-01-06,5524.434821196551
1999-01-07,5527.095622044132
1999-01-08,5562.389092315751
1999-01-11,5580.801002558895
1999-01-12,5451.128225443106
1999-01-13,5447.32292062658
1999-01-14,5366.052665047561
1999-01-15,5496.472573748457
1999-01-19,5603.921934650987
1999-01-20,5626.57238488328
1999-01-21,5486.518886613244
1999-01-22,5444.047849606282
1999-01-25,5488.701640230097
1999-01-26,5641.121715778566
1999-01-27,5604.697992414905
1999-01-28,5728.7690098123185
1999-01-29,5782.642528929237
1999-02-01,5772.059730941481
1999-02-02,5692.940522297739
1999-02-03,5756.212952045071
1999-02-04,5596.976884502081
1999-02-05,5507.989127918471
1999-02-08,5547.772435761523
1999-02-09,5367.99139709234
1999-02-10,5372.947820304261
1999-02-11,5559.852015051435
1999-02-12,5410.5719535138705
1999-02-16,5421.733641949726
1999-02-17,5294.55315436567
1999-02-18,5349.754458639976
1999-02-19,5370.578549676639
1999-02-22,5541.545258856433
1999-02-23,5568.968208943491
1999-02-24,5494.495880031681
1999-02-25,5445.170319146305
1999-02-26,5369.828373222892
1999-03-01,5361.902873788667
1999-03-02,5286.24744170018
1999-03-03,5310.076849006556
1999-03-04,5381.578309908375
1999-03-05,5508.773036779209
1999-03-08,5592.38679472083
1999-03-09,5589.912045121269
1999-03-10,5587.26121577796
1999-03-11,5615.409423630295
1999-03-12,5567.043072990793
1999-03-15,5658.239663726909
1999-03-16,5679.733816201883
1999-03-17,5660.785010458111
1999-03-18,5710.030214228478
1999-03-19,5598.451582791908
1999-03-22,5563.609742996593
1999-03-23,5395.679029749642
1999-03-24,5503.2319869878265
1999-03-25,5617.478217920236
1999-03-26,5576.794261654075
1999-03-29,5761.5125359922395
1999-03-30,5753.469271683668
1999-03-31,5752.122964419919
1999-04-01,5800.522007240836
1999-04-05,5992.6799864946415
1999-04-06,6062.349429192334
1999-04-07,6046.836630575437
1999-04-08,6130.837807639952
1999-04-09,6178.135190268825
1999-04-12,6216.9228891588145
1999-04-13,6190.480625178867
1999-04-14,5958.909591766962
1999-04-15,5940.008173818022
1999-04-16,5829.951299460485
1999-04-19,5534.934454678924
1999-04-20,5733.420253060554
1999-04-21,5971.307988317407
1999-04-22,6126.679103707799
1999-04-23,6146.902076782214
1999-04-26,6266.12458407625
1999-04-27,6168.6657669253555
1999-04-28,6031.378545903229
1999-04-29,5978.796964105857
1999-04-30,6042.477161471129
1999-05-03,6033.794231869961
1999-05-04,5935.679215521918
1999-05-05,6010.12176059103
1999-05-06,5896.879817670337
1999-05-07,6006.859880414277
1999-05-10,6034.165388139435
1999-05-11,6123.5580512891775
1999-05-12,6251.504100562474
1999-05-13,6178.7687352669345
1999-05-14,6025.00613722905
1999-05-17,6121.985161147291
1999-05-18,6083.745423494281
1999-05-19,6132.226601281782
1999-05-20,6055.6498580619345
1999-05-21,5985.437541222473
1999-05-24,5845.239526641687
1999-05-25,5648.106148656086
1999-05-26,5783.433769163891
1999-05-27,5755.448829622691
1999-05-28,5858.354139096961
1999-06-01,5693.570291604994
1999-06-02,5749.84461492624
1999-06-03,5655.4397946227755
1999-06-04,5801.0444000042535
1999-06-07,5951.526020642077
1999-06-08,5806.063963697816
1999-06-09,5950.176107345706
1999-06-10,5806.034427439821
1999-06-11,5736.782880793849
1999-06-14,5594.610187168292
1999-06-15,5602.271843871287
1999-06-16,5823.673195989583
1999-06-17,5908.708230631217
1999-06-18,6005.832325315387
1999-06-21,6067.553227643858
1999-06-22,5911.080440796161
1999-06-23,5920.561653968941
1999-06-24,5803.491163322599
1999-06-25,5803.0115336741355
1999-06-28,5907.344214278078
1999-06-29,5969.854687416593
1999-06-30,5937.099052556322
1999-07-01,6047.476023011415
1999-07-02,6108.97173203434
1999-07-06,6108.1833748175495
1999-07-07,6120.077228516483
1999-07-08,6155.683548338574
1999-07-09,6230.184135345447
1999-07-12,6215.634322253066
1999-07-13,6151.243244662048
1999-07-14,6197.956547095403
1999-07-15,6286.001179220991
1999-07-16,6309.135707926076
1999-07-19,6218.783550378556
1999-07-20,6050.580455364234
1999-07-21,6083.459190403204
1999-07-22,5928.092034237738
1999-07-23,5901.345685291135
1999-07-26,5747.429236106345
1999-07-27,5874.642952467455
1999-07-28,5946.088009422847
1999-07-29,5779.393508805941
1999-07-30,5756.030901456632
1999-08-02,5749.059127634819
1999-08-03,5687.678544073676
1999-08-04,5645.568991393608
1999-08-05,5684.7710142445485
1999-08-06,5692.279047443942
1999-08-09,5608.728158875465
1999-08-10,5468.1893575133245
1999-08-11,5641.14542234786
1999-08-12,5590.95628250716
1999-08-13,5785.834232076087
1999-08-16,5894.817489536167
1999-08-17,5973.4980168095635
1999-08-18,5905.5482778498645
1999-08-19,5838.583047605127
1999-08-20,5891.341950339563
1999-08-23,6021.596406512249
1999-08-24,6026.857952709753
1999-08-25,6123.896080323883
1999-08-26,6043.304174197429
1999-08-27,6006.224759179504
1999-08-30,5896.156252636049
1999-08-31,5939.03785566771
1999-09-01,5980.191384118405
1999-09-02,5973.431759830826
1999-09-03,6171.763381364817
1999-09-07,6140.550816041447
1999-09-08,6080.550745953271
1999-09-09,6141.532158444862
1999-09-10,6176.805716396104
1999-09-13,6090.90747948254
1999-09-14,6088.848591444567
1999-09-15,6005.246126718226
1999-09-16,6002.182448612617
1999-09-17,6091.614894971925
1999-09-20,6103.016462923796
1999-09-21,5978.77794356779
1999-09-22,6029.756668855672
1999-09-23,5806.968884080476
1999-09-24,5778.661361561192
1999-09-27,5847.525584251689
1999-09-28,5831.186483812814
1999-09-29,5777.511014281334
1999-09-30,5804.2110161771
1999-10-01,5770.693129674895
1999-10-04,5883.297744315893
1999-10-05,5957.305081495251
1999-10-06,6033.989578210285
1999-10-07,6051.110056307284
1999-10-08,6043.869489846455
1999-10-11,6110.096451730387
1999-10-12,5996.331514271419
1999-10-13,5832.875268804961
1999-10-14,5884.438184510319
1999-10-15,5707.651434567131
1999-10-18,5600.969525780513
1999-10-19,5551.120874716625
1999-10-20,5718.644462176318
1999-10-21,5702.798216980018
1999-10-22,5831.189826320665
1999-10-25,5842.690480104031
1999-10-26,5806.581287545778
1999-10-27,5827.716534961713
1999-10-28,6041.385066644992
1999-10-29,6195.973426922132
1999-11-01,6168.327149776507
1999-11-02,6192.694567445486
1999-11-03,6275.0974350801025
1999-11-04,6293.1998614975555
1999-11-05,6387.825614452486
1999-11-08,6454.430212709401
1999-11-09,6441.688368468813
1999-11-10,6475.691915044487
1999-11-11,6561.192021652669
1999-11-12,6625.371119155706
1999-11-15,6614.127140909007
1999-11-16,6775.275013411745
1999-11-17,6711.161638043821
1999-11-18,6882.813103811998
1999-11-19,6889.5933279347755
1999-11-22,6875.136458327184
1999-11-23,6788.358880008685
1999-11-24,6879.479047676547
1999-11-26,6893.250316843114
1999-11-29,6819.173099127728
1999-11-30,6622.7990850744645
1999-12-01,6718.268343267611
1999-12-02,6843.167554962398
1999-12-03,7031.563358499101
1999-12-06,7054.453863364
1999-12-07,7057.980102323666
1999-12-08,7023.4750396488935
1999-12-09,7001.98360313248
1999-12-10,7067.625711032536
1999-12-13,7140.675414577378
1999-12-14,7149.563395146487
1999-12-15,7160.063810976977
1999-12-16,7266.136519380672
1999-12-17,7315.491524675922
1999-12-20,7376.3336601531955
1999-12-21,7599.662656644379
1999-12-22,7588.395054253685
1999-12-23,7671.13935573297
1999-12-27,7629.779321234127
1999-12-28,7663.2081074349635
1999-12-29,7757.936618397973
1999-12-30,7705.385327487387
1999-12-31,7765.525233992488
