date,equity
1950-01-03,1.00003598
1950-01-04,1.0000719612945606
1950-01-05,1.0026206196861207
1950-01-06,1.0024658784552927
1950-01-07,1.0067515863892806
1950-01-09,1.0086434351170277
1950-01-10,1.006431385679656
1950-01-11,1.0095128854664381
1950-01-12,0.9925183775442732
1950-01-13,0.9854428999600164
1950-01-14,0.9881998675195469
1950-01-16,0.9884635287598883
1950-01-17,0.9966736183096475
1950-01-18,0.9982072610657718
1950-01-19,1.0024351898912294
1950-01-20,1.0070898526966243
1950-01-21,1.0082173933047944
1950-01-23,1.0076682966768484
1950-01-24,1.0066131115374266
1950-01-25,1.0003630011509959
1950-01-26,1.0010984309221507
1950-01-27,1.0058476397809626
1950-01-28,1.0075613359701032
1950-01-30,1.010891047960327
1950-01-31,1.0142812931389364
1950-02-01,1.0163608688356693
1950-02-02,1.0237076874797397
1950-02-03,1.0262619834005637
1950-02-04,1.0272896935621807
1950-02-06,1.024409319966399
1950-02-07,1.0213883005366373
1950-02-08,1.0228941691266142
1950-02-09,1.0260071730849663
1950-02-10,1.0260844794306028
1950-02-11,1.0243120213653942
1950-02-14,1.0206502428608246
1950-02-15,1.0198374310053402
1950-02-16,1.0188689710992145
1950-02-17,1.0227149758380205
1950-02-18,1.0263931696862647
1950-02-20,1.02755965144086
1950-02-21,1.0269353933527596
1950-02-23,1.0276455444718628
1950-02-24,1.0315242693109388
1950-02-25,1.0310627121511478
1950-02-27,1.0318680298282161
1950-02-28,1.0309944563316458
1950-03-01,1.0330580443555584
1950-03-02,1.033494984397544
1950-03-03,1.0367481826083789
1950-03-04,1.0393145218235282
1950-03-06,1.0384260749959118
1950-03-07,1.0321465138270705
1950-03-08,1.0303229182396458
1950-03-09,1.0279127425903727
1950-03-10,1.025194865724838
1950-03-11,1.0272200434170087
1950-03-13,1.0258953200909897
1950-03-14,1.0290184634240698
1950-03-15,1.0393499360525595
1950-03-16,1.0419018358256666
1950-03-17,1.0425971950161366
1950-03-18,1.0423429418020065
1950-03-20,1.0413344993503333
1950-03-21,1.0406288840338058
1950-03-22,1.0432987678875745
1950-03-23,1.0420050441472142
1950-03-24,1.0392228908912016
1950-03-25,1.0411862033308392
1950-03-27,1.035439297669539
1950-03-28,1.0358708024510819
1950-03-29,1.0312576958871515
1950-03-30,1.021761089986469
1950-03-31,1.023280422108022
1950-04-01,1.0245535372873151
1950-04-03,1.0274798834400931
1950-04-04,1.0281472717600246
1950-04-05,1.0298415832711783
1950-04-06,1.0340427546596607
1950-04-08,1.0352056371921543
1950-04-10,1.0345077818928545
1950-04-11,1.0289163977962348
1950-04-12,1.0338238119199787
1950-04-13,1.0353544005497097
1950-04-14,1.0340286511792944
1950-04-15,1.0313926883503566
1950-04-17,1.0319543509861642
1950-04-18,1.0337321197826375
1950-04-19,1.0328536622067153
1950-04-20,1.0271951947016098
1950-04-21,1.0282168165276835
1950-04-22,1.026961143170197
1950-04-24,1.019766959326002
1950-04-25,1.0218471273499037
1950-04-26,1.020286938146154
1950-04-27,1.0236298803337625
1950-04-28,1.0283220705830651
1950-04-29,1.0304483930663955
1950-05-01,1.0346126626921754
1950-05-02,1.0333922999970118
1950-05-03,1.0387371728988453
1950-05-04,1.033559026647811
1950-05-05,1.0374544883225816
1950-05-06,1.0399968362299343
1950-05-08,1.0390564639490185
1950-05-09,1.0420241971595292
1950-05-10,1.0432385752827078
1950-05-11,1.0448584666739664
1950-05-12,1.0420234004562827
1950-05-13,1.0441332037298265
1950-05-15,1.0458616846850683
1950-05-16,1.0505730215822773
1950-05-17,1.0550192377459555
1950-05-18,1.0597716058197064
1950-05-19,1.0646999925133047
1950-05-20,1.06606427600659
1950-05-22,1.0632291234518831
1950-05-23,1.0645706600785712
1950-05-24,1.0633965996928159
1950-05-25,1.0603021706866487
1950-05-26,1.0607214916709524
1950-05-27,1.059017671100622
1950-05-29,1.0603830954456948
1950-05-31,1.0644838501941571
1950-06-01,1.063229651978844
1950-06-02,1.063107001354764
1950-06-05,1.054936420899783
1950-06-06,1.0592172547189083
1950-06-07,1.063590732412673
1950-06-08,1.0713443250070014
1950-06-09,1.075326391003737
1950-06-12,1.0784578692678595
1950-06-13,1.0728064910493165
1950-06-14,1.0624421377003508
1950-06-15,1.062868035185481
1950-06-16,1.061636885164037
1950-06-19,1.0584318356046627
1950-06-20,1.0557161910767874
1950-06-21,1.0617314597482461
1950-06-22,1.0693819220692895
1950-06-23,1.0694251821901344
1950-06-26,1.0163689468519044
1950-06-27,1.0062930386623707
1950-06-28,1.0167360524382203
1950-06-29,0.9802122328194456
1950-06-30,0.992588154656917
1950-07-03,0.9867770458963716
1950-07-05,0.9915197652142613
1950-07-06,0.9980807264116317
1950-07-07,0.981470415428999
1950-07-10,0.9728310600389546
1950-07-11,0.9513189823609625
1950-07-12,0.9236380712209075
1950-07-13,0.9149699537286392
1950-07-14,0.9282184016989106
1950-07-17,0.919209543913857
1950-07-18,0.9450054293211451
1950-07-19,0.9579418629006292
1950-07-20,0.97095150145239
1950-07-21,0.9676559826898977
1950-07-24,0.9571142157605702
1950-07-25,0.9380981508896221
1950-07-26,0.9403835277468738
1950-07-27,0.9505635067173747
1950-07-28,0.960939749492123
1950-07-31,0.9673058834072891
1950-08-01,0.975747655395578
1950-08-02,0.9779861944566437
1950-08-03,0.9803277049415113
1950-08-04,0.9846524398815886
1950-08-07,0.998622550911101
1950-08-08,1.0072640739872016
1950-08-09,1.0131567412344014
1950-08-10,1.0158470050339523
1950-08-11,1.0066157805068086
1950-08-14,1.008395207083819
1950-08-15,1.009716750962691
1950-08-16,1.010602259797854
1950-08-17,1.0205959575414407
1950-08-18,1.0252390479402562
1950-08-21,1.0298531178562895
1950-08-22,1.0297104741099088
1950-08-23,1.0352394446677575
1950-08-24,1.03234860433035
1950-08-25,1.0198477767255545
1950-08-28,1.0221677084856091
1950-08-29,1.02497849996792
1950-08-30,1.0241476815472152
1950-08-31,1.02341225730461
1950-09-01,1.0291781485488913
1950-09-05,1.0316464815128987
1950-09-06,1.0230653078357876
1950-09-07,1.0239114368374733
1950-09-08,1.0314977148883249
1950-09-11,1.0209796068345307
1950-09-12,1.0322918357482962
1950-09-13,1.0456699898314483
1950-09-14,1.051421207459467
1950-09-15,1.0603278097707733
1950-09-18,1.0630099822108503
1950-09-19,1.0589882556241688
1950-09-20,1.0527206626359882
1950-09-21,1.0618643029201722
1950-09-22,1.0689841953877268
1950-09-25,1.065078693861267
1950-09-26,1.0511985518979117
1950-09-27,1.0708239122542669
1950-09-28,1.0743172695444616
1950-09-29,1.0768010751001595
1950-10-02,1.0907534705898345
1950-10-03,1.0871861574086514
1950-10-04,1.1079412814982097
1950-10-05,1.1061407600443318
1950-10-06,1.116221836421616
1950-10-07,1.119585962453898
1950-10-09,1.1095690102805746
1950-10-10,1.0985194542279664
1950-10-11,1.1046047771877363
1950-10-13,1.1041594894692135
1950-10-14,1.0948104719350977
1950-10-16,1.0933606872841997
1950-10-17,1.1023714387117927
1950-10-18,1.1091727180393889
1950-10-19,1.10944665481591
1950-10-20,1.1083687927172963
1950-10-21,1.11327044940763
1950-10-23,1.1119286887555835
1950-10-24,1.1176250326412265
1950-10-25,1.1139461407630284
1950-10-26,1.085875334061689
1950-10-27,1.0933127757864969
1950-10-28,1.0960761906286118
1950-10-30,1.0844194367806412
1950-10-31,1.0761732849221306
1950-11-01,1.0804830698504277
1950-11-02,1.0943934089478777
1950-11-03,1.1002439462110951
1950-11-04,1.0962874882369773
1950-11-06,1.0718380315661669
1950-11-08,1.0905367254935767
1950-11-09,1.1066771387183532
1950-11-10,1.1163799448125058
1950-11-13,1.1216994781535603
1950-11-14,1.124925208622304
1950-11-15,1.1206642887090703
1950-11-16,1.1164776136933485
1950-11-17,1.1269790122135388
1950-11-18,1.1332762471986864
1950-11-20,1.1324939345703218
1950-11-21,1.1318301152159076
1950-11-22,1.1496951583456962
1950-11-24,1.1616160588751587
1950-11-25,1.1600845141183622
1950-11-27,1.155146271984264
1950-11-28,1.1172711533058106
1950-11-29,1.106584296817232
1950-11-30,1.1181186468951234
1950-12-01,1.1281254897907242
1950-12-02,1.1192719761993521
1950-12-04,1.0845293759471608
1950-12-05,1.1045917647381138
1950-12-06,1.115469166626756
1950-12-07,1.112986317665767
1950-12-08,1.11222941168094
1950-12-09,1.1167190927612962
1950-12-11,1.1309095322398084
1950-12-12,1.1295152726762059
1950-12-13,1.1278180722755728
1950-12-14,1.113653984885501
1950-12-15,1.1079027043766427
1950-12-16,1.131229897414868
1950-12-18,1.1452011211878728
1950-12-19,1.1543446228663456
1950-12-20,1.1563440260131894
1950-12-21,1.1529460485971514
1950-12-22,1.1609147064172622
1950-12-26,1.1522380060181379
1950-12-27,1.178022435361629
1950-12-28,1.182412801393058
1950-12-29,1.1815898426814984
1950-12-30,1.1825481530408262
1951-01-02,1.2039298583558884
1951-01-03,1.1960236719289672
1951-01-04,1.2054597326544612
1951-01-05,1.2056461698771772
1951-01-06,1.204840927979609
1951-01-08,1.2138329886721302
1951-01-09,1.2220180277120767
1951-01-10,1.2050023374985368
1951-01-11,1.226234502442907
1951-01-12,1.2221244966478184
1951-01-13,1.2228920995126724
1951-01-15,1.2310624639153747
1951-01-16,1.2399321601715187
1951-01-17,1.2491429534418452
1951-01-18,1.2435515194148161
1951-01-19,1.2411271943724893
1951-01-20,1.2430846974140513
1951-01-22,1.229078371901644
1951-01-23,1.2350041989347837
1951-01-24,1.230517010618677
1951-01-25,1.221109995571302
1951-01-26,1.234813569898371
1951-01-27,1.25244398392622
1951-01-29,1.2628474765218174
1951-01-30,1.2664207371420064
1951-01-31,1.261855470589039
1951-02-01,1.2698286605533589
1951-02-02,1.2810992859474821
1951-02-03,1.2857697565997774
1951-02-05,1.2915554259262874
1951-02-06,1.2871000398238224
1951-02-07,1.2827218330538737
1951-02-08,1.2908715913594668
1951-02-09,1.2983856609696567
1951-02-10,1.2999693364091809
1951-02-13,1.3004446050499405
1951-02-14,1.2953108836247873
1951-02-15,1.2911337154012152
1951-02-16,1.2973404632031338
1951-02-17,1.2982557252718971
1951-02-19,1.277329444857715
1951-02-20,1.2740356291491497
1951-02-21,1.2809598995044587
1951-02-23,1.281277404313291
1951-02-24,1.2825198541741123
1951-02-26,1.2802726035672225
1951-02-27,1.2666591317897804
1951-02-28,1.2675480053998422
1951-03-01,1.2738200221571387
1951-03-02,1.2792317333737502
1951-03-03,1.2781719124407644
1951-03-05,1.2699162145455585
1951-03-06,1.2659757850798314
1951-03-07,1.2714807474149687
1951-03-08,1.2754886180370528
1951-03-09,1.277661622338918
1951-03-10,1.273009875641802
1951-03-12,1.2568108804346256
1951-03-13,1.2335703856744362
1951-03-14,1.220072608573004
1951-03-15,1.2226479552633778
1951-03-16,1.2452515824723358
1951-03-17,1.2485215152939322
1951-03-19,1.2386907713469286
1951-03-20,1.2376765083015038
1951-03-21,1.2471293497989224
1951-03-22,1.2512140349650693
1951-03-24,1.2328321176246702
1951-03-26,1.235967294037427
1951-03-27,1.235904086538021
1951-03-28,1.2184970417831715
1951-03-29,1.2236211809887017
1951-03-30,1.233580922329608
1951-03-31,1.2300191987990576
1951-04-02,1.2235462480550707
1951-04-03,1.219115284428981
1951-04-04,1.2264208255142064
1951-04-05,1.2456920619433287
1951-04-06,1.249625177193304
1951-04-07,1.2488691359976547
1951-04-09,1.2496230652923526
1951-04-10,1.2446864334976855
1951-04-11,1.240640903215276
1951-04-12,1.2564909874907975
1951-04-13,1.2734820413576184
1951-04-14,1.2788360102948892
1951-04-16,1.2710176423409363
1951-04-17,1.274610693040993
1951-04-18,1.2787204557478415
1951-04-19,1.272333778686401
1951-04-20,1.2717996033839731
1951-04-21,1.2721299438683318
1951-04-23,1.2712857383242377
1951-04-24,1.2634864331057882
1951-04-25,1.2665186339808314
1951-04-26,1.2804327483512365
1951-04-27,1.2943188962384808
1951-04-28,1.2957434843813471
1951-04-30,1.2949163315660452
1951-05-01,1.2982322307722811
1951-05-02,1.3029892980598707
1951-05-03,1.3145991699164703
1951-05-04,1.3159420467963108
1951-05-05,1.3115669505630592
1951-05-07,1.309262729301736
1951-05-08,1.3094917019566903
1951-05-09,1.314962833819634
1951-05-10,1.3085224518194367
1951-05-11,1.3020921148072826
1951-05-12,1.2953620141729003
1951-05-14,1.2932506335578497
1951-05-15,1.2708694726130965
1951-05-16,1.265703703263727
1951-05-17,1.277355032614427
1951-05-18,1.2542861766547992
1951-05-19,1.2555476270690171
1951-05-21,1.2478371440552314
1951-05-22,1.2433507080423243
1951-05-23,1.2345924153389802
1951-05-24,1.2308982758777745
1951-05-25,1.2332355237455837
1951-05-26,1.2340742782314147
1951-05-28,1.241443404677426
1951-05-29,1.2504736080000305
1951-05-31,1.2580967807856605
1951-06-01,1.2552057437497306
1951-06-04,1.2411734114328212
1951-06-05,1.2433414238555167
1951-06-06,1.2558019844335158
1951-06-07,1.2667894148742371
1951-06-08,1.2653240757697768
1951-06-11,1.2773990857952842
1951-06-12,1.2739839919041018
1951-06-13,1.2759807769242155
1951-06-14,1.2918747776016253
1951-06-15,1.3027852001088827
1951-06-18,1.3027118161031706
1951-06-19,1.3010440935523042
1951-06-20,1.2940424403885393
1951-06-21,1.2848427670108606
1951-06-22,1.2740507315996352
1951-06-25,1.2506737249806852
1951-06-26,1.2577075754117164
1951-06-27,1.2682361164657256
1951-06-28,1.2510020386320215
1951-06-29,1.2397865498779943
1951-07-02,1.2461171465468444
1951-07-03,1.255394683798242
1951-07-05,1.271018621125058
1951-07-06,1.270229182636271
1951-07-09,1.2713707229456495
1951-07-10,1.268662884723959
1951-07-11,1.2750083951804965
1951-07-12,1.283008974158644
1951-07-13,1.2934548580071141
1951-07-16,1.2861163356679832
1951-07-17,1.29265890322091
1951-07-18,1.293741186960469
1951-07-19,1.2976644788349159
1951-07-20,1.3037524004987235
1951-07-23,1.3181969892050212
1951-07-24,1.3352406487639714
1951-07-25,1.3324030093593542
1951-07-26,1.3391619204337386
1951-07-27,1.3465733296259597
1951-07-30,1.3673848963609263
1951-07-31,1.3624874044742852
1951-08-01,1.372245465298647
1951-08-02,1.3832025337641225
1951-08-03,1.380660536978636
1951-08-06,1.3897658734016225
1951-08-07,1.3859783956644611
1951-08-08,1.3824411514519253
1951-08-09,1.3769952168304609
1951-08-10,1.373479386095882
1951-08-13,1.3767685004972323
1951-08-14,1.3746550384704164
1951-08-15,1.3790155637847201
1951-08-16,1.3816410450844487
1951-08-17,1.3851813253255671
1951-08-20,1.384521469223378
1951-08-21,1.3796021249070596
1951-08-22,1.3731344866848063
1951-08-23,1.3812325424907896
1951-08-24,1.3835610470457589
1951-08-27,1.3813830455499043
1951-08-28,1.379071976238366
1951-08-29,1.3898858318429796
1951-08-30,1.397962461495381
1951-08-31,1.3989973545835312
1951-09-04,1.4008620361927542
1951-09-05,1.4113132807396
1951-09-06,1.4177476948040184
1951-09-07,1.4220749381593465
1951-09-10,1.4239291631550985
1951-09-11,1.4191051287793102
1951-09-12,1.4283398324084833
1951-09-13,1.4295586570397782
1951-09-14,1.429258121620889
1951-09-17,1.4216846592936323
1951-09-18,1.4223587261789765
1951-09-19,1.4206382848909351
1951-09-20,1.4165176466923408
1951-09-21,1.403112804190072
1951-09-24,1.3952343700498002
1951-09-25,1.3980920468530027
1951-09-26,1.4005369518453121
1951-09-27,1.3919567608237888
1951-09-28,1.3932528384710865
1951-10-01,1.403113607041828
1951-10-02,1.4098992893054814
1951-10-03,1.4176125949207445
1951-10-04,1.4178631365077048
1951-10-05,1.4165547027540317
1951-10-06,1.4174022533929347
1951-10-08,1.4145051057941884
1951-10-09,1.4063174572608976
1951-10-10,1.4027857536319368
1951-10-11,1.4070271058202672
1951-10-13,1.4094860381230532
1951-10-15,1.4120897794500216
1951-10-16,1.4101741939532801
1951-10-17,1.4083869030841991
1951-10-18,1.404568754537072
1951-10-19,1.3884034654847217
1951-10-20,1.3734595060515782
1951-10-22,1.347872386708209
1951-10-23,1.35577942353615
1951-10-24,1.3624062890215993
1951-10-25,1.3542036095585628
1951-10-26,1.3429627278091076
1951-10-27,1.3245804467103557
1951-10-29,1.337000029160617
1951-10-30,1.3383581454374611
1951-10-31,1.353698631605906
1951-11-01,1.362027028536933
1951-11-02,1.350980664646054
1951-11-03,1.3385087786406926
1951-11-05,1.3417291279115753
1951-11-07,1.330796211606302
1951-11-08,1.3331397393657791
1951-11-09,1.3439820357575927
1951-11-10,1.3486065544677595
1951-11-13,1.3495553826000446
1951-11-14,1.353423766763187
1951-11-15,1.3537943798517502
1951-11-16,1.3521429194417696
1951-11-17,1.3530957026530854
1951-11-19,1.3490848431171314
1951-11-20,1.3472506378201536
1951-11-21,1.3473299141784945
1951-11-23,1.3310410601628277
1951-11-24,1.3240217143121134
1951-11-26,1.3348662508870606
1951-11-27,1.340883937781293
1951-11-28,1.3408341498443017
1951-11-29,1.3466707817667969
1951-11-30,1.3599185548383086
1951-12-01,1.3644008485773038
1951-12-03,1.3682650514499943
1951-12-04,1.3723269693138263
1951-12-05,1.3740761604072034
1951-12-06,1.3821866573320971
1951-12-07,1.3869552008508572
1951-12-08,1.3888356241043922
1951-12-10,1.390521355514893
1951-12-11,1.384456242821435
1951-12-12,1.3866055147801921
1951-12-13,1.3894641597043889
1951-12-14,1.3901894614759216
1951-12-15,1.3907122892803678
1951-12-17,1.3935023595990677
1951-12-18,1.3930861348962966
1951-12-19,1.3940770576402464
1951-12-20,1.3961845962493526
1951-12-21,1.3964212475461908
1951-12-22,1.397265645530148
1951-12-24,1.3945542344503874
1951-12-26,1.3878257897312283
1951-12-27,1.3957917910191378
1951-12-28,1.4025278354908266
1951-12-29,1.403296424704037
1951-12-31,1.409514180149275
1952-01-02,1.4106628695587353
1952-01-03,1.4110963890000063
1952-01-04,1.4181852874713683
1952-01-05,1.4190677534516574
1952-01-07,1.420139304778441
1952-01-08,1.4158432852878815
1952-01-09,1.414181621834477
1952-01-10,1.425069343125274
1952-01-11,1.4324931785514472
1952-01-12,1.4398138894264056
1952-01-14,1.4435175651290633
1952-01-15,1.4384281197110804
1952-01-16,1.4447619897182122
1952-01-17,1.4503862891404518
1952-01-18,1.4506187082754087
1952-01-19,1.4555361292732925
1952-01-21,1.4604638793292732
1952-01-22,1.4688890894821596
1952-01-23,1.466057797265743
1952-01-24,1.469913534356501
1952-01-25,1.4727437685232305
1952-01-26,1.473611320598349
1952-01-28,1.4775133523144468
1952-01-29,1.4777511525534217
1952-01-30,1.4655543592884184
1952-01-31,1.4526417344091094
1952-02-01,1.4650913546750481
1952-02-02,1.4705018684657567
1952-02-04,1.4523259040113534
1952-02-05,1.451125873137126
1952-02-06,1.4569249209372341
1952-02-07,1.458388755553537
1952-02-08,1.4663718816466842
1952-02-09,1.4668146702277531
1952-02-11,1.4646767570382668
1952-02-13,1.4558942757169848
1952-02-14,1.452723066029696
1952-02-15,1.456114604019629
1952-02-16,1.4549416849102215
1952-02-18,1.4465774494030568
1952-02-19,1.424393324300821
1952-02-20,1.4089149593301353
1952-02-21,1.4146259641633605
1952-02-23,1.4241279164026868
1952-02-25,1.4223761382016535
1952-02-26,1.413532724263724
1952-02-27,1.4165102081894707
1952-02-28,1.4265260043171786
1952-02-29,1.4266634032478143
1952-03-01,1.427894695284036
1952-03-03,1.4325237951773722
1952-03-04,1.448513088743171
1952-03-05,1.453361634180141
1952-03-06,1.4553232536337815
1952-03-07,1.45896232051761
1952-03-08,1.4646058239955457
1952-03-10,1.4608070889193667
1952-03-11,1.4657965205245083
1952-03-12,1.4640583230528768
1952-03-13,1.4670805441330719
1952-03-14,1.4730365485971608
1952-03-15,1.4765103331542304
1952-03-17,1.4794800227851423
1952-03-18,1.474976372826082
1952-03-19,1.470149299040855
1952-03-20,1.471503948598123
1952-03-21,1.4736929061297388
1952-03-22,1.4738227217934088
1952-03-24,1.4717812391285836
1952-03-25,1.4657583161133445
1952-03-26,1.4634226891854425
1952-03-27,1.4712623017119468
1952-03-28,1.4780014417071063
1952-03-29,1.4796794201249706
1952-03-31,1.481337421640675
1952-04-01,1.4690298621665339
1952-04-02,1.4720583598312877
1952-04-03,1.4760642221845068
1952-04-04,1.469337539353503
1952-04-05,1.4676472981740478
1952-04-07,1.4593190812223977
1952-04-08,1.4669956514143632
1952-04-09,1.4658890787264904
1952-04-10,1.4717516329398226
1952-04-12,1.4727822291226813
1952-04-14,1.461905445753648
1952-04-15,1.4514216719344037
1952-04-16,1.4482301789245213
1952-04-17,1.4377050059941143
1952-04-18,1.4413972463534002
1952-04-19,1.4418324259288484
1952-04-21,1.4510562503179658
1952-04-22,1.4469118454648568
1952-04-23,1.441352567666549
1952-04-24,1.4365444142579151
1952-04-25,1.4413134864740917
1952-04-26,1.442963878858446
1952-04-28,1.4436323966370879
1952-04-29,1.4408148494951665
1952-04-30,1.434689926418873
1952-05-01,1.4267119154759043
1952-05-02,1.4404715477763623
1952-05-03,1.4434483098950868
1952-05-05,1.4495492830714598
1952-05-06,1.4527429753869558
1952-05-07,1.462783938670958
1952-05-08,1.4696571435899475
1952-05-09,1.470987753427995
1952-05-10,1.4702048781151413
1952-05-12,1.4690153807427386
1952-05-13,1.4695999646200433
1952-05-14,1.4645645004611216
1952-05-15,1.458735729172455
1952-05-16,1.4607811269519857
1952-05-17,1.459794556665123
1952-05-19,1.4621251145919905
1952-05-20,1.4687753550987988
1952-05-21,1.4722667974213473
1952-05-22,1.4769730176761164
1952-05-23,1.4772232488595716
1952-05-24,1.4775880415575118
1952-05-26,1.4817941727420012
1952-05-27,1.4775690399228587
1952-05-28,1.4760901818416703
1952-05-29,1.476311888620731
1952-06-02,1.4754267108396928
1952-06-03,1.4729241675775069
1952-06-04,1.4793287733047265
1952-06-05,1.4862831466953819
1952-06-06,1.49454838845413
1952-06-09,1.498101805534073
1952-06-10,1.4941953701400967
1952-06-11,1.4990967061320744
1952-06-12,1.4991378942647606
1952-06-13,1.502633281086227
1952-06-16,1.500944929818472
1952-06-17,1.5027838699257485
1952-06-18,1.5063351102795686
1952-06-19,1.5152641360827805
1952-06-20,1.5185200958127016
1952-06-23,1.5174464860594197
1952-06-24,1.5178079089275636
1952-06-25,1.5215746364696001
1952-06-26,1.5238094500275654
1952-06-27,1.5270494439070457
1952-06-30,1.5298627301118746
1952-07-01,1.5366327806227134
1952-07-02,1.5344894057579934
1952-07-03,1.5361606224258157
1952-07-07,1.5313341610387914
1952-07-08,1.5313242499751272
1952-07-09,1.528380447427137
1952-07-10,1.524436644943538
1952-07-11,1.5329561140597108
1952-07-14,1.5355330191395733
1952-07-15,1.5430643173862488
1952-07-16,1.541693775488114
1952-07-17,1.5363302415951954
1952-07-18,1.5244419556135824
1952-07-21,1.5280566314139792
1952-07-22,1.530231316193326
1952-07-23,1.5377034638770406
1952-07-24,1.5429018768258551
1952-07-25,1.5404116102306584
1952-07-28,1.5421516660321362
1952-07-29,1.5465262808470521
1952-07-30,1.5510614823145394
1952-07-31,1.553078683073695
1952-08-01,1.5540464118672763
1952-08-04,1.5517950225255936
1952-08-05,1.5527920237492596
1952-08-06,1.5579135062889107
1952-08-07,1.5611880203908282
1952-08-08,1.5639076163466599
1952-08-11,1.5683097798442132
1952-08-12,1.5584061473983368
1952-08-13,1.5591584098278481
1952-08-14,1.5574724361597376
1952-08-15,1.5538627440006703
1952-08-18,1.5369774298761594
1952-08-19,1.5355992752976981
1952-08-20,1.5400598678488406
1952-08-21,1.5430990098279032
1952-08-22,1.5443916586086497
1952-08-25,1.5400088921215056
1952-08-26,1.5387453534739777
1952-08-27,1.5464332487934984
1952-08-28,1.5502085684665363
1952-08-29,1.553050465849705
1952-09-02,1.558479715764572
1952-09-03,1.5645368770026669
1952-09-04,1.5656575746911374
1952-09-05,1.5635366834441766
1952-09-08,1.5591987128995302
1952-09-09,1.5434689991576613
1952-09-10,1.534294653908271
1952-09-11,1.5360662770561135
1952-09-12,1.5370737698898194
1952-09-15,1.5224507073021134
1952-09-16,1.5273401559189912
1952-09-17,1.5296964425028035
1952-09-18,1.529000510974932
1952-09-19,1.5345484736273591
1952-09-22,1.5360549587469872
1952-09-23,1.5430283464407257
1952-09-24,1.5490302841245138
1952-09-25,1.5502073356579609
1952-09-26,1.5454676523102653
1952-09-29,1.5447078026298005
1952-09-30,1.5354886616978385
1952-10-01,1.5317346188061904
1952-10-02,1.5322480456461192
1952-10-03,1.530333118651073
1952-10-06,1.527124478086014
1952-10-07,1.5283497877331178
1952-10-08,1.537014826952327
1952-10-09,1.5347768536035689
1952-10-10,1.5349263192790163
1952-10-14,1.5309176877680934
1952-10-15,1.5037622340288963
1952-10-16,1.4952398550949575
1952-10-17,1.5093043069987198
1952-10-20,1.5058486047512447
1952-10-21,1.5028433541742996
1952-10-22,1.4867749231399108
1952-10-23,1.490977081354145
1952-10-24,1.4983996861217894
1952-10-27,1.4976446968623494
1952-10-28,1.5007048174780737
1952-10-29,1.5043959401907507
1952-10-30,1.5056468345935983
1952-10-31,1.52209572476302
1952-11-03,1.5268553918627117
1952-11-05,1.5377267316996623
1952-11-06,1.5485568623290484
1952-11-07,1.557576385296219
1952-11-10,1.5616965569412722
1952-11-12,1.5636832335989965
1952-11-13,1.569802079941269
1952-11-14,1.57507635910436
1952-11-17,1.5798442457774284
1952-11-18,1.6002338889633194
1952-11-19,1.6068271934126785
1952-11-20,1.6062501056970437
1952-11-21,1.6075510163895608
1952-11-24,1.6162889725488687
1952-11-25,1.6172108538423133
1952-11-26,1.6259190974856967
1952-11-28,1.6329767004837836
1952-12-01,1.638987511139599
1952-12-02,1.640933671771991
1952-12-03,1.6410055958307028
1952-12-04,1.6384201999631158
1952-12-05,1.6388298319128105
1952-12-08,1.6448921062612816
1952-12-09,1.6536073122681034
1952-12-10,1.6580348658748651
1952-12-11,1.6587391009027292
1952-12-12,1.6611126409251822
1952-12-15,1.6638640417000758
1952-12-16,1.6642139418209458
1952-12-17,1.6622954109055024
1952-12-18,1.6585670935597157
1952-12-19,1.6603570733536732
1952-12-22,1.662350185367798
1952-12-23,1.6591350771270663
1952-12-24,1.661063568720096
1952-12-26,1.6651035675329615
1952-12-29,1.671573019343715
1952-12-30,1.6825118808705153
1952-12-31,1.685467667033063
1953-01-02,1.6851302028171276
1953-01-05,1.6884560278089045
1953-01-06,1.6800038009605995
1953-01-07,1.6801714974967528
1953-01-08,1.6765539086407124
1953-01-09,1.663291319494276
1953-01-12,1.6521490080967012
1953-01-13,1.6608070180195817
1953-01-14,1.6660765444666763
1953-01-15,1.6719719963471562
1953-01-16,1.6654577996439763
1953-01-19,1.6649715636687525
1953-01-20,1.6760096269976323
1953-01-21,1.6734680399138357
1953-01-22,1.6744421506863632
1953-01-23,1.6711286572535944
1953-01-26,1.6663551399315493
1953-01-27,1.6684398314187328
1953-01-28,1.6707114323453536
1953-01-29,1.6745833313787954
1953-01-30,1.6786635006715895
1953-02-02,1.6827330876772673
1953-02-03,1.6856569754884438
1953-02-04,1.6869494488246461
1953-02-05,1.6760735406363458
1953-02-06,1.664731518145008
1953-02-09,1.6601734503515129
1953-02-10,1.6560726406381798
1953-02-11,1.654884300793393
1953-02-13,1.6589742840519806
1953-02-16,1.6586886725914007
1953-02-17,1.6486576071909025
1953-02-18,1.6505749279976574
1953-02-19,1.6539678929041153
1953-02-20,1.655804151610874
1953-02-24,1.6629812704065334
1953-02-25,1.6718164607547545
1953-02-26,1.673396761702397
1953-02-27,1.6755959703488512
1953-03-02,1.6788015377569996
1953-03-03,1.6843025662245008
1953-03-04,1.6751559529231317
1953-03-05,1.675786152293954
1953-03-06,1.6803866457230348
1953-03-09,1.6835826313660742
1953-03-10,1.6908522913318633
1953-03-11,1.7031826646036397
1953-03-12,1.7038990244009582
1953-03-13,1.709569312031972
1953-03-16,1.713624949828864
1953-03-17,1.7189438489367128
1953-03-18,1.7166709834412244
1953-03-19,1.7179611681336522
1953-03-20,1.7161094454877754
1953-03-23,1.7077030948020353
1953-03-24,1.7127865166159417
1953-03-25,1.7110721097540191
1953-03-26,1.6996148504364679
1953-03-27,1.699236060656501
1953-03-30,1.674400856766509
1953-03-31,1.6522055596256497
1953-04-01,1.649998356686003
1953-04-02,1.6515120457170234
1953-04-06,1.615991295995188
1953-04-07,1.6222314831305156
1953-04-08,1.6395418942836972
1953-04-09,1.6349121715444992
1953-04-10,1.6344244865407476
1953-04-13,1.6341841860138218
1953-04-14,1.6397214399890305
1953-04-15,1.6456976167781143
1953-04-16,1.641948822770041
1953-04-17,1.6295244152196422
1953-04-20,1.6296125458584274
1953-04-21,1.6284332259334053
1953-04-22,1.6196457448787318
1953-04-23,1.6050739869782424
1953-04-24,1.6057263904411623
1953-04-27,1.6112544642930837
1953-04-28,1.6174075531660312
1953-04-29,1.6270335631622423
1953-04-30,1.6251448441634657
1953-05-01,1.6312163363679137
1953-05-04,1.6440541047767956
1953-05-05,1.64371648260852
1953-05-06,1.6435512030792667
1953-05-07,1.6401863040579696
1953-05-08,1.6435480963458284
1953-05-11,1.6421509996399122
1953-05-12,1.6368947885295206
1953-05-13,1.6355842945595978
1953-05-14,1.63881296082727
1953-05-15,1.641722547855718
1953-05-18,1.6413119296047676
1953-05-19,1.6371679589257866
1953-05-20,1.647012840046848
1953-05-21,1.6504656328755167
1953-05-22,1.655253569929338
1953-05-25,1.655136189872078
1953-05-26,1.651440342660319
1953-05-27,1.6412334000088165
1953-05-28,1.6345439262624375
1953-05-29,1.6333174574267875
1953-06-01,1.6177285887027621
1953-06-02,1.61847398571964
1953-06-03,1.617500193809062
1953-06-04,1.6057049864549295
1953-06-05,1.6087271758188688
1953-06-08,1.606447906293222
1953-06-09,1.5775619179823288
1953-06-10,1.574684896017104
1953-06-11,1.5829042250190202
1953-06-12,1.5876776308688467
1953-06-15,1.5815011939484156
1953-06-16,1.5750681856782398
1953-06-17,1.5886898551800586
1953-06-18,1.587115891392265
1953-06-19,1.587985673557571
1953-06-22,1.5906771475074573
1953-06-23,1.596749275487803
1953-06-24,1.5976079205089466
1953-06-25,1.6098028892444576
1953-06-26,1.611997099849655
1953-06-29,1.6124002578617223
1953-06-30,1.6115093742134694
1953-07-01,1.6165995234507622
1953-07-02,1.6218379443296955
1953-07-03,1.6251190986578132
1953-07-06,1.6284059984326595
1953-07-07,1.6332049801984194
1953-07-08,1.63590391749211
1953-07-09,1.6340235016360705
1953-07-10,1.6331719004643948
1953-07-13,1.6207167199090575
1953-07-14,1.6204679925175145
1953-07-15,1.6228876908524636
1953-07-16,1.6258575602900038
1953-07-17,1.631531287315802
1953-07-20,1.6275129932040522
1953-07-21,1.6246455757978076
1953-07-22,1.6261824712423956
1953-07-23,1.628884740279831
1953-07-24,1.6291760689329167
1953-07-27,1.6251917438777663
1953-07-28,1.626718756851778
1953-07-29,1.6340726206647223
1953-07-30,1.641486837567932
1953-07-31,1.6496504258412494
1953-08-03,1.655836004314437
1953-08-04,1.656180193977245
1953-08-05,1.6586992147844417
1953-08-06,1.6632613477095084
1953-08-07,1.6643839140542225
1953-08-10,1.665672792897278
1953-08-11,1.666971508599847
1953-08-12,1.6749656389656238
1953-08-13,1.6750140394081992
1953-08-14,1.674686817805107
1953-08-17,1.6751294480883645
1953-08-18,1.66838381367748
1953-08-19,1.658256181790032
1953-08-20,1.660451248105229
1953-08-21,1.6619954370747936
1953-08-24,1.6521903281686516
1953-08-25,1.6453642342209311
1953-08-26,1.6423377294951267
1953-08-27,1.6357851326001989
1953-08-28,1.6333113146975577
1953-08-31,1.6096319905243666
1953-09-01,1.6151983066398707
1953-09-02,1.6239811298428999
1953-09-03,1.623726223598601
1953-09-04,1.6304638145427575
1953-09-08,1.6356819956394029
1953-09-09,1.6362962662172917
1953-09-10,1.6280786411544705
1953-09-11,1.6112165091521415
1953-09-14,1.5880345291504518
1953-09-15,1.5908059839754671
1953-09-16,1.6024174428223996
1953-09-17,1.6052625190631942
1953-09-18,1.599752320579806
1953-09-21,1.5970016916396577
1953-09-22,1.612290168037181
1953-09-23,1.6194059971265204
1953-09-24,1.6215880503204474
1953-09-25,1.6263183756082227
1953-09-28,1.634206960681873
1953-09-29,1.637300101283061
1953-09-30,1.6386599721948838
1953-10-01,1.6490842510424288
1953-10-02,1.6538196410277344
1953-10-05,1.6512470474864767
1953-10-06,1.6443198804820474
1953-10-07,1.654901120394402
1953-10-08,1.6587465435391826
1953-10-09,1.663104812473426
1953-10-13,1.6612770733597846
1953-10-14,1.6649077666019618
1953-10-15,1.6805751210701767
1953-10-16,1.682166385369532
1953-10-19,1.68510370915157
1953-10-20,1.6901917038514387
1953-10-21,1.688652062656639
1953-10-22,1.6913234868931155
1953-10-23,1.6904916713960967
1953-10-26,1.6859645334130178
1953-10-27,1.678131536199988
1953-10-28,1.6795679001732655
1953-10-29,1.6894181061283369
1953-10-30,1.6943860726672446
1953-11-02,1.6979386954204883
1953-11-04,1.7034393423202228
1953-11-05,1.7110029070258759
1953-11-06,1.7107018866876658
1953-11-09,1.7111222600245308
1953-11-10,1.7044882342781003
1953-11-12,1.7058851283547936
1953-11-13,1.7088232394917173
1953-11-16,1.702000246006886
1953-11-17,1.6959832942377293
1953-11-18,1.6980936697462203
1953-11-19,1.70220707774602
1953-11-20,1.7077577089447773
1953-11-23,1.707690248524163
1953-11-24,1.7207262778073915
1953-11-25,1.7255404695520644
1953-11-27,1.7390055064579992
1953-11-30,1.7424149512324907
1953-12-01,1.7426592334939575
1953-12-02,1.754651654120424
1953-12-03,1.7582771031390048
1953-12-04,1.7569607662638602
1953-12-07,1.7520120693893366
1953-12-08,1.7470047914348423
1953-12-09,1.745022153195502
1953-12-10,1.7447230882113498
1953-12-11,1.7457275955588027
1953-12-14,1.7442496973098078
1953-12-15,1.7450513357204849
1953-12-16,1.7540756801062451
1953-12-17,1.7548978644161703
1953-12-18,1.756637727379581
1953-12-21,1.7573444022556723
1953-12-22,1.745845601306173
1953-12-23,1.74488407095008
1953-12-24,1.7496682583652237
1953-12-28,1.7441883930927125
1953-12-29,1.737552736393572
1953-12-30,1.7446216826239964
1953-12-31,1.7478168912631327
1954-01-04,1.7580483116539913
1954-01-05,1.7659570367406419
1954-01-06,1.768292946457246
1954-01-07,1.7648815442114558
1954-01-08,1.7629388422899304
1954-01-11,1.7580079665492596
1954-01-12,1.7659905217160239
1954-01-13,1.7720816403091035
1954-01-14,1.7784196423943925
1954-01-15,1.7923100875908473
1954-01-18,1.7942934807457083
1954-01-19,1.802881832873436
1954-01-20,1.805646567591302
1954-01-21,1.803136681949188
1954-01-22,1.8016518004730524
1954-01-25,1.8068667512499512
1954-01-26,1.8198959751363069
1954-01-27,1.8174619566336634
1954-01-28,1.8190196670170198
1954-01-29,1.8199111611301724
1954-02-01,1.817593569259176
1954-02-02,1.8194256002354943
1954-02-03,1.8266922374064503
1954-02-04,1.8334634631195634
1954-02-05,1.8358959516330893
1954-02-08,1.836194537896029
1954-02-09,1.840673263509438
1954-02-10,1.8381343248874789
1954-02-11,1.845707848019578
1954-02-12,1.8510187716875435
1954-02-15,1.8486143346311683
1954-02-16,1.8340733688289368
1954-02-17,1.8344719744244458
1954-02-18,1.8478840804949694
1954-02-19,1.843830003348166
1954-02-23,1.8382836178454076
1954-02-24,1.8371762616042817
1954-02-25,1.8467542283774327
1954-02-26,1.8599601320535442
1954-03-01,1.8746327180839046
1954-03-02,1.8802603132307794
1954-03-03,1.8833528678199385
1954-03-04,1.8845935516636896
1954-03-05,1.8858300297679775
1954-03-08,1.8830981122875752
1954-03-09,1.8848118704846353
1954-03-10,1.888919528486079
1954-03-11,1.898301036472831
1954-03-12,1.8968121310271875
1954-03-15,1.8904799734277709
1954-03-16,1.8862993284151444
1954-03-17,1.8868467933503885
1954-03-18,1.8927053550937478
1954-03-19,1.896702304416272
1954-03-22,1.8975978678327654
1954-03-23,1.8937602165714142
1954-03-24,1.887058966757287
1954-03-25,1.8896376505875947
1954-03-26,1.9007784182423204
1954-03-29,1.9103309291979103
1954-03-30,1.9158608872541443
1954-03-31,1.926679185181497
1954-04-01,1.9368214925661198
1954-04-02,1.9376929198705477
1954-04-05,1.9389350943475874
1954-04-06,1.9238231719909777
1954-04-07,1.9275034201948384
1954-04-08,1.9354330376797133
1954-04-09,1.9363071952643371
1954-04-12,1.9344779717898977
1954-04-13,1.9357736317976062
1954-04-14,1.9464394610691376
1954-04-15,1.9528282594014787
1954-04-19,1.9514316292649032
1954-04-20,1.9512111179523024
1954-04-21,1.9540637872308164
1954-04-22,1.9593553219219337
1954-04-23,1.9616993384943315
1954-04-26,1.9646867557747156
1954-04-27,1.965774113859648
1954-04-28,1.972169459577324
1954-04-29,1.994163599716874
1954-04-30,1.9966883566868359
1954-05-03,1.9951485453197844
1954-05-04,1.9930134461617108
1954-05-05,1.9916097717844925
1954-05-06,1.9981304183404378
1954-05-07,2.0039284494715757
1954-05-10,2.0034287460299987
1954-05-11,2.0000072170078007
1954-05-12,2.0099212264765605
1954-05-13,2.0039098064327496
1954-05-14,2.0063936535933395
1954-05-17,2.0127446962300475
1954-05-18,2.0158736232356373
1954-05-19,2.015393628113711
1954-05-20,2.021296234549858
1954-05-21,2.0354333358260805
1954-05-24,2.0358805418821255
1954-05-25,2.0309229985451602
1954-05-26,2.0378344423272075
1954-05-27,2.0316398065053844
1954-05-28,2.034500595400451
1954-06-01,2.0408756962776535
1954-06-02,2.0368693107279463
1954-06-03,2.039600591028406
1954-06-04,2.0338820100773423
1954-06-07,2.0346970799441753
1954-06-08,2.002079269144727
1954-06-09,1.9971792986032557
1954-06-10,2.00385888802752
1954-06-11,2.0147999131095253
1954-06-14,2.0189427987137596
1954-06-15,2.0352101715230786
1954-06-16,2.0555686435244462
1954-06-17,2.059232690593566
1954-06-18,2.061769126241584
1954-06-21,2.0676566305100286
1954-06-22,2.079978073127511
1954-06-23,2.0889730826422857
1954-06-24,2.110209728933705
1954-06-25,2.119930272450392
1954-06-28,2.127291952710005
1954-06-29,2.128199570081017
1954-06-30,2.1166856338847313
1954-07-01,2.1173895622958474
1954-07-02,2.130183828784266
1954-07-06,2.1474510136529386
1954-07-07,2.1475955598720673
1954-07-08,2.144519827050272
1954-07-09,2.154709569812423
1954-07-12,2.1566735331429165
1954-07-13,2.1513154865903665
1954-07-14,2.15629182167758
1954-07-15,2.1641332880834963
1954-07-16,2.1603120686420496
1954-07-19,2.163881424035724
1954-07-20,2.1630621841096627
1954-07-21,2.1716768235844244
1954-07-22,2.192717234234186
1954-07-23,2.1932007494706025
1954-07-26,2.18810305874639
1954-07-27,2.1906412429803557
1954-07-28,2.1914622379682154
1954-07-29,2.198570011910145
1954-07-30,2.202631084074469
1954-08-02,2.208179845761598
1954-08-03,2.2205016135447733
1954-08-04,2.223201781453875
1954-08-05,2.22269427275394
1954-08-06,2.1978412727693972
1954-08-09,2.1940950715382743
1954-08-10,2.20429754974787
1954-08-11,2.218805803013148
1954-08-12,2.2128052351354905
1954-08-13,2.214490583513078
1954-08-16,2.2214404870046236
1954-08-17,2.2179827582380565
1954-08-18,2.221243813444188
1954-08-19,2.2319122625987786
1954-08-20,2.2356211415934935
1954-08-23,2.2213226262475967
1954-08-24,2.216891594762209
1954-08-25,2.2082832976266875
1954-08-26,2.1977766452449625
1954-08-27,2.2046364686866
1954-08-30,2.183077944597526
1954-08-31,2.1592414399933033
1954-09-01,2.173965538019649
1954-09-02,2.184227932776312
1954-09-03,2.1952911738687746
1954-09-07,2.2082177173749087
1954-09-08,2.208760075107657
1954-09-09,2.2107520430536476
1954-09-10,2.216347329087919
1954-09-13,2.2273673268045115
1954-09-14,2.2311720638888555
1954-09-15,2.2268682735996594
1954-09-16,2.2297650863369087
1954-09-17,2.2405429088428974
1954-09-20,2.236349805581248
1954-09-21,2.2490695135976004
1954-09-22,2.2566944001728233
1954-09-23,2.2550113272646017
1954-09-24,2.260176982244474
1954-09-27,2.259979348291799
1954-09-28,2.2592956682100285
1954-09-29,2.254926197716926
1954-09-30,2.249367638910085
1954-10-01,2.2526380253732006
1954-10-04,2.2565277196753177
1954-10-05,2.261704786096812
1954-10-06,2.2682865150927856
1954-10-07,2.265438072983348
1954-10-08,2.2660463696433983
1954-10-11,2.2531153632407754
1954-10-12,2.247843099404073
1954-10-13,2.2465975576468944
1954-10-14,2.2232170269951768
1954-10-15,2.2183221667342594
1954-10-18,2.2213562888094973
1954-10-19,2.232255516391871
1954-10-20,2.248214465346463
1954-10-21,2.2497448599059924
1954-10-22,2.2565110806758377
1954-10-25,2.245301644993225
1954-10-26,2.2362869649758306
1954-10-27,2.2305398499901874
1954-10-28,2.229895401746688
1954-10-29,2.21411983065797
1954-11-01,2.228181895290844
1954-11-03,2.280292008025186
1954-11-04,2.299026843849992
1954-11-05,2.2976914659707637
1954-11-08,2.309644221196039
1954-11-09,2.3178594287013397
1954-11-10,2.3247509060055567
1954-11-11,2.3335412086837932
1954-11-12,2.345415619359317
1954-11-15,2.348946895650082
1954-11-16,2.3678777767788546
1954-11-17,2.370544123010298
1954-11-18,2.3650063184685997
1954-11-19,2.369257486137201
1954-11-22,2.3851901691627244
1954-11-23,2.397875114848846
1954-11-24,2.3960893318994296
1954-11-26,2.4029576275428326
1954-11-29,2.4064977498211912
1954-11-30,2.4037519900204543
1954-12-01,2.401602389594534
1954-12-02,2.4148481180354326
1954-12-03,2.4317429991812385
1954-12-06,2.444994043477814
1954-12-07,2.4532029599398237
1954-12-08,2.451200632822252
1954-12-09,2.441529823761317
1954-12-10,2.437174182606068
1954-12-13,2.4343180816794026
1954-12-14,2.4176005929311697
1954-12-15,2.427891349739378
1954-12-16,2.4533222365173977
1954-12-17,2.4735914198458544
1954-12-20,2.485466659672143
1954-12-21,2.4880577595920084
1954-12-22,2.487359384094439
1954-12-23,2.487411971453678
1954-12-27,2.4725314860454457
1954-12-28,2.4999586159926235
1954-12-29,2.5237895720069705
1954-12-30,2.5303720005262598
1954-12-31,2.5489979156581226
1955-01-03,2.5720349638824476
1955-01-04,2.571706200634219
1955-01-05,2.518344845315573
1955-01-06,2.488416560071343
1955-01-07,2.5177384553999262
1955-01-10,2.560545564256107
1955-01-11,2.563037890137832
1955-01-12,2.559817977252189
1955-01-13,2.5509212718716516
1955-01-14,2.5432932125484116
1955-01-17,2.494650546250542
1955-01-18,2.507623499924745
1955-01-19,2.523868357602365
1955-01-20,2.5328175734454974
1955-01-21,2.541969175916685
1955-01-24,2.545122034525586
1955-01-25,2.5459066147191503
1955-01-26,2.5629057663502803
1955-01-27,2.5647338777282496
1955-01-28,2.5777550824877498
1955-01-31,2.5946082995950897
1955-02-01,2.599198680895181
1955-02-02,2.5991952889760883
1955-02-03,2.597236630442454
1955-02-04,2.6266209263521847
1955-02-07,2.6350665889003206
1955-02-08,2.6130549046833753
1955-02-09,2.6370183153020337
1955-02-10,2.659221173095605
1955-02-11,2.65843311662458
1955-02-14,2.6440181591314813
1955-02-15,2.671554948213141
1955-02-16,2.6633092130762903
1955-02-17,2.6674333495030798
1955-02-18,2.677142856022584
1955-02-21,2.677527769791569
1955-02-23,2.675454631200179
1955-02-24,2.6558438270716467
1955-02-25,2.6480918524839625
1955-02-28,2.658721272196788
1955-03-01,2.662088940055634
1955-03-02,2.6852275464582163
1955-03-03,2.690057868030163
1955-03-04,2.6935524673747517
1955-03-07,2.6796844291816173
1955-03-08,2.641396018174038
1955-03-09,2.606157781797239
1955-03-10,2.6208059811320763
1955-03-11,2.588258238966424
1955-03-14,2.5232766723274382
1955-03-15,2.5617468723458208
1955-03-16,2.591638828319426
1955-03-17,2.6003271281879488
1955-03-18,2.6099419619365847
1955-03-21,2.5972148584782944
1955-03-22,2.609661404086479
1955-03-23,2.6331345680764384
1955-03-24,2.658768720896348
1955-03-25,2.658477309224683
1955-03-28,2.6529166081499143
1955-03-29,2.65395597506932
1955-03-30,2.6382641303853207
1955-03-31,2.6488827944189004
1955-04-01,2.6637324212829827
1955-04-04,2.6594985461315095
1955-04-05,2.6672053958893045
1955-04-06,2.6762111458454134
1955-04-07,2.6853946116265917
1955-04-11,2.6874144654041636
1955-04-12,2.703699263060142
1955-04-13,2.711003724912975
1955-04-14,2.7046846212129303
1955-04-15,2.7203540711460428
1955-04-18,2.736311195052518
1955-04-19,2.7350374316568122
1955-04-20,2.737219004452019
1955-04-21,2.7279954868723975
1955-04-22,2.709411399239923
1955-04-25,2.7178751722346934
1955-04-26,2.728881310057913
1955-04-27,2.717250027264207
1955-04-28,2.6954837732902046
1955-04-29,2.7092469680028635
1955-05-02,2.7134799259490343
1955-05-03,2.685867096630417
1955-05-04,2.6930971716338004
1955-05-05,2.704409274236658
1955-05-06,2.7207922890036653
1955-05-09,2.719366389587449
1955-05-10,2.706973882896057
1955-05-11,2.6865263643064217
1955-05-12,2.671208058822167
1955-05-13,2.6857669499621064
1955-05-16,2.6591077680444677
1955-05-17,2.6577466208859715
1955-05-18,2.681939441366773
1955-05-19,2.7002198291868518
1955-05-20,2.7139988683200884
1955-05-23,2.6983039907718265
1955-05-24,2.7040285355023546
1955-05-25,2.721730015321216
1955-05-26,2.7407574449006886
1955-05-27,2.7434939436514165
1955-05-31,2.7460931025664634
1955-06-01,2.754436014991504
1955-06-02,2.7616017031137705
1955-06-03,2.778983122959818
1955-06-06,2.789849090573018
1955-06-07,2.8116887920489075
1955-06-08,2.820621935376397
1955-06-09,2.8031825089595324
1955-06-10,2.8156806577505327
1955-06-13,2.834355936620793
1955-06-14,2.8332421910943824
1955-06-15,2.8545287172706644
1955-06-16,2.8567864972774366
1955-06-17,2.858596882732498
1955-06-20,2.862171900384984
1955-06-21,2.8660552174762652
1955-06-22,2.8723315175656325
1955-06-23,2.8671048681974556
1955-06-24,2.856646008763246
1955-06-27,2.8525531513019944
1955-06-28,2.841537169426619
1955-06-29,2.8414997629969663
1955-06-30,2.8511089783944352
1955-07-01,2.863176024009815
1955-07-05,2.874706439618919
1955-07-06,2.8759826492310676
1955-07-07,2.83620413338346
1955-07-08,2.845761323298082
1955-07-11,2.8616826625102685
1955-07-12,2.850302026648959
1955-07-13,2.824785311708396
1955-07-14,2.830743204417082
1955-07-15,2.8467804840941766
1955-07-18,2.83727368772337
1955-07-19,2.8306604790795937
1955-07-20,2.8402397924606797
1955-07-21,2.8536661372970094
1955-07-22,2.8706164000149337
1955-07-25,2.8788904017043007
1955-07-26,2.871459418307667
1955-07-27,2.8670629157980247
1955-07-28,2.844224860350637
1955-07-29,2.8432581921422164
1955-08-01,2.809762807800444
1955-08-02,2.8154211820598434
1955-08-03,2.820682358975626
1955-08-04,2.778444169003233
1955-08-05,2.7976643243425707
1955-08-08,2.7835998524693433
1955-08-09,2.751172002856913
1955-08-10,2.7594894766869187
1955-08-11,2.795786260193958
1955-08-12,2.807537457339745
1955-08-15,2.7996407564505086
1955-08-16,2.7836807972008613
1955-08-17,2.785565198817811
1955-08-18,2.7879391844171044
1955-08-19,2.789625906734676
1955-08-22,2.7906127413842654
1955-08-23,2.8196353558614913
1955-08-24,2.8383551468875976
1955-08-25,2.850431373471784
1955-08-26,2.865534658608979
1955-08-29,2.8713221351614577
1955-08-30,2.8704446894084894
1955-08-31,2.886104927009063
1955-09-01,2.8936301512605818
1955-09-02,2.908523886571877
1955-09-06,2.927914908259999
1955-09-07,2.925208675118324
1955-09-08,2.930715752559744
1955-09-09,2.9345911284757937
1955-09-12,2.9606843633796482
1955-09-13,2.9959294162752235
1955-09-14,3.003468092152148
1955-09-15,2.9936134922632562
1955-09-16,3.016292754299626
1955-09-19,3.02360039839453
1955-09-20,3.024225907491667
1955-09-21,3.0457375594629137
1955-09-22,3.0426121642379376
1955-09-23,3.053554023669064
1955-09-26,2.832950871672425
1955-09-27,2.9097291650351296
1955-09-28,2.9614131113297555
1955-09-29,2.9420770922220805
1955-09-30,2.9236698606688356
1955-10-03,2.840914468294714
1955-10-04,2.861355670661756
1955-10-05,2.8727553105165464
1955-10-06,2.861689504248553
1955-10-07,2.842023367169473
1955-10-10,2.7751155226489925
1955-10-11,2.7553021983584403
1955-10-12,2.788605159930688
1955-10-13,2.785818126420505
1955-10-14,2.7873800928519614
1955-10-17,2.794795226528808
1955-10-18,2.8048272089855644
1955-10-19,2.8233245419142987
1955-10-20,2.8437424324355436
1955-10-21,2.8486345563773803
1955-10-24,2.8592317929059257
1955-10-25,2.8484735565717476
1955-10-26,2.8330067319280836
1955-10-27,2.831731314193885
1955-10-28,2.84010511402946
1955-10-31,2.8384811582143126
1955-11-01,2.841907680271793
1955-11-02,2.849238754089244
1955-11-03,2.8906023951021
1955-11-04,2.928728814732198
1955-11-07,2.9499275549466093
1955-11-09,3.0028902932126935
1955-11-10,3.0040463809524063
1955-11-11,3.036524627675172
1955-11-14,3.112073304900813
1955-11-15,3.1341355162656153
1955-11-16,3.1202141032880872
1955-11-17,3.0946920300837366
1955-11-18,3.0855480669142574
1955-11-21,3.0580579051129
1955-11-22,3.0852458696692526
1955-11-23,3.089073937877832
1955-11-25,3.0874864370887214
1955-11-28,3.059690705578319
1955-11-29,3.067296766829494
1955-11-30,3.0642274988385205
1955-12-01,3.047043580024944
1955-12-02,3.058692856175269
1955-12-05,3.0702260832100627
1955-12-06,3.067468949702331
1955-12-07,3.0555018274924737
1955-12-08,3.0706296632735754
1955-12-09,3.071030427184296
1955-12-12,3.0432398449017968
1955-12-13,3.048694943419077
1955-12-14,3.029815633064936
1955-12-15,3.032213288645405
1955-12-16,3.029820299111297
1955-12-19,3.021356012545396
1955-12-20,3.0117464638233193
1955-12-21,3.0359282368663987
1955-12-22,3.0427732249775032
1955-12-23,3.0530452524057896
1955-12-27,3.028573929843306
1955-12-28,3.0184714404556225
1955-12-29,3.024256040666695
1955-12-30,3.0446933959235842
1956-01-03,3.0158067629254677
1956-01-04,3.002744966696304
1956-01-05,3.0042913517343712
1956-01-06,3.011738002177178
1956-01-09,2.970796139449401
1956-01-10,2.949657115154116
1956-01-11,2.965565319716672
1956-01-12,2.988229222781045
1956-01-13,2.9800577882524375
1956-01-16,2.9490486682244437
1956-01-17,2.9700558541578346
1956-01-18,2.9541793542248316
1956-01-19,2.9224758314577866
1956-01-20,2.900809405216736
1956-01-23,2.8962286581764474
1956-01-24,2.929869267816447
1956-01-25,2.934475120582222
1956-01-26,2.9216381700662826
1956-01-27,2.907300737803614
1956-01-30,2.910964646703176
1956-01-31,2.9225167754150347
1956-02-01,2.9295223331785056
1956-02-02,2.9489283769341186
1956-02-03,2.979123990815975
1956-02-06,2.977485634730172
1956-02-07,2.974786040801282
1956-02-08,2.939759622100489
1956-02-09,2.9087824780163443
1956-02-10,2.9142978959844497
1956-02-13,2.9106606816470157
1956-02-14,2.898701728113539
1956-02-15,2.93368027671304
1956-02-16,2.927803158534741
1956-02-17,2.977183499454384
1956-02-20,2.9787376433406383
1956-02-21,2.9815457362362214
1956-02-23,3.0147172280931183
1956-02-24,3.041304584796968
1956-02-27,3.044999009931724
1956-02-28,3.0606606121944444
1956-02-29,3.049466818603361
1956-03-01,3.0718691410959456
1956-03-02,3.0932076591909317
1956-03-05,3.109442746241153
1956-03-06,3.1041509880311535
1956-03-07,3.10129040701632
1956-03-08,3.1102253421040147
1956-03-09,3.1594106692565203
1956-03-12,3.19037761230622
1956-03-13,3.1866201186073986
1956-03-14,3.2146969911349834
1956-03-15,3.24424651456394
1956-03-16,3.247332088869206
1956-03-19,3.278121087421765
1956-03-20,3.28345354808895
1956-03-21,3.241111435872771
1956-03-22,3.273132506774517
1956-03-23,3.2885621562935654
1956-03-26,3.279684555590404
1956-03-27,3.256943486558124
1956-03-28,3.2809853362172765
1956-03-29,3.2834960086715412
1956-04-02,3.3120209558358344
1956-04-03,3.302548063470815
1956-04-04,3.318440548552793
1956-04-05,3.299113425039073
1956-04-06,3.319818539117221
1956-04-09,3.3002843213519024
1956-04-10,3.251905302472915
1956-04-11,3.2831182078318073
1956-04-12,3.261886311456537
1956-04-13,3.2589861600348153
1956-04-16,3.256262256520534
1956-04-17,3.254159963874011
1956-04-18,3.243456358726436
1956-04-19,3.2309524612130245
1956-04-20,3.246260832462121
1956-04-23,3.244237259658303
1956-04-24,3.2120497250580384
1956-04-25,3.198652658900226
1956-04-26,3.2266428955783772
1956-04-27,3.2620006907264547
1956-04-30,3.282794846089141
1956-05-01,3.2688611385607307
1956-05-02,3.2736197056664986
1956-05-03,3.2925002551910585
1956-05-04,3.318016547159052
1956-05-07,3.3115616225933007
1956-05-08,3.303048703656297
1956-05-09,3.3016972416961443
1956-05-10,3.2573650227280564
1956-05-11,3.263470961153167
1956-05-14,3.228047096954486
1956-05-15,3.206189444179293
1956-05-16,3.204307420982545
1956-05-17,3.226257679698894
1956-05-18,3.217629593123862
1956-05-21,3.1741456225524924
1956-05-22,3.131687683392474
1956-05-23,3.120599104960859
1956-05-24,3.0716416906372155
1956-05-25,3.0788578440394434
1956-05-28,3.0417189056189926
1956-05-29,3.1140196651292684
1956-05-31,3.120871187940563
1956-06-01,3.1426944003358237
1956-06-04,3.1571457054698353
1956-06-05,3.16437838463146
1956-06-06,3.15101103620603
1956-06-07,3.1739317568881815
1956-06-08,3.1115063753179633
1956-06-11,3.150833325692954
1956-06-12,3.1885882617661143
1956-06-13,3.1974945340029466
1956-06-14,3.186202590106212
1956-06-15,3.1910927305681698
1956-06-18,3.169587307803717
1956-06-19,3.192159702254385
1956-06-20,3.2135737489296687
1956-06-21,3.2276702210244417
1956-06-22,3.2174233731479887
1956-06-25,3.204270480282335
1956-06-26,3.2261425131266335
1956-06-27,3.253293514593629
1956-06-28,3.257653640406762
1956-06-29,3.257196436039325
1956-07-02,3.2613017094239702
1956-07-03,3.2757276957864816
1956-07-05,3.302879135769604
1956-07-06,3.3166715748972804
1956-07-09,3.329423840428219
1956-07-10,3.3370165396556577
1956-07-11,3.3458340268772413
1956-07-12,3.3445698587205253
1956-07-13,3.3621544874683473
1956-07-16,3.3875340969645658
1956-07-17,3.400132789635848
1956-07-18,3.3955188828654865
1956-07-19,3.4024309547823735
1956-07-20,3.409607745097663
1956-07-23,3.4077613180182498
1956-07-24,3.4127826147218623
1956-07-25,3.4195570685462338
1956-07-26,3.4329352014995522
1956-07-27,3.418050348908806
1956-07-30,3.4133756408349774
1956-07-31,3.4361704676423277
1956-08-01,3.439673053155392
1956-08-02,3.462586804274344
1956-08-03,3.4498518391077213
1956-08-06,3.399854405033042
1956-08-07,3.4302542073714775
1956-08-08,3.4462085543826326
1956-08-09,3.4438473200880817
1956-08-10,3.419581031974567
1956-08-13,3.3914931627269116
1956-08-14,3.400633016945482
1956-08-15,3.40300856215712
1956-08-16,3.4047171832278056
1956-08-17,3.4011287933999252
1956-08-20,3.3716184379082277
1956-08-21,3.32517595415944
1956-08-22,3.3194707818405296
1956-08-23,3.349002588985676
1956-08-24,3.3506965590740054
1956-08-27,3.332318302716001
1956-08-28,3.3196516195147208
1956-08-29,3.2967717619816543
1956-08-30,3.2656085750072044
1956-08-31,3.303576339362473
1956-09-04,3.3285830715405087
1956-09-05,3.3404024149523464
1956-09-06,3.3432278748813498
1956-09-07,3.329002496225238
1956-09-10,3.3168768395363757
1956-09-11,3.3020246679190626
1956-09-12,3.2878876268411092
1956-09-13,3.273747486586863
1956-09-14,3.27907168012299
1956-09-17,3.277289401737951
1956-09-18,3.24935951738846
1956-09-19,3.220556973395543
1956-09-20,3.2093537844517948
1956-09-21,3.235315056677278
1956-09-24,3.2176634504713406
1956-09-25,3.175420722329183
1956-09-26,3.159059574348561
1956-09-27,3.151031649032926
1956-09-28,3.1210032320348726
1956-10-01,3.065597551095837
1956-10-02,3.1285612189616026
1956-10-03,3.1774319669056386
1956-10-04,3.1760157434381195
1956-10-05,3.1844327039720595
1956-10-08,3.189252381536195
1956-10-09,3.1758518770753477
1956-10-10,3.2057362071072304
1956-10-11,3.2121720024269758
1956-10-12,3.2245643939329156
1956-10-15,3.230860040274466
1956-10-16,3.216556973445911
1956-10-17,3.196252653524067
1956-10-18,3.2035666846922166
1956-10-19,3.2071379300665455
1956-10-22,3.20411499337592
1956-10-23,3.206099892925026
1956-10-24,3.197328081624409
1956-10-25,3.1827006769921717
1956-10-26,3.218433710519149
1956-10-29,3.2282971902949433
1956-10-30,3.218590751030234
1956-10-31,3.1658191397372093
1956-11-01,3.232767179931238
1956-11-02,3.2699021099397667
1956-11-05,3.3313662268898723
1956-11-07,3.3073730573228888
1956-11-08,3.284057541047065
1956-11-09,3.2635509540957193
1956-11-12,3.2883924987833826
1956-11-13,3.2915216709728043
1956-11-14,3.267421182958955
1956-11-15,3.246583482989048
1956-11-16,3.239009195577737
1956-11-19,3.2051474815654433
1956-11-20,3.1761504783077625
1956-11-21,3.1729624631239863
1956-11-23,3.1980883638408426
1956-11-26,3.1864616227483915
1956-11-27,3.1916146673457155
1956-11-28,3.159345468889924
1956-11-29,3.1487420891643674
1956-11-30,3.2048290620489785
1956-12-03,3.2621693772090095
1956-12-04,3.2653734426760894
1956-12-05,3.2965338168059004
1956-12-06,3.315652717011708
1956-12-07,3.317574462912472
1956-12-10,3.316121427524606
1956-12-11,3.314048746485022
1956-12-12,3.3035609213948645
1956-12-13,3.3212094317170524
1956-12-14,3.3349305112052465
1956-12-17,3.333769436299351
1956-12-18,3.337002826878932
1956-12-19,3.329800212130812
1956-12-20,3.3070352299970165
1956-12-21,3.3239674416142373
1956-12-26,3.3278417852216253
1956-12-27,3.3347251422367505
1956-12-28,3.3511054629453128
1956-12-31,3.3613258062788507
1957-01-02,3.3295803725716615
1957-01-03,3.350048464091746
1957-01-04,3.349627140045481
1957-01-07,3.3286571679574855
1957-01-08,3.3235980113475114
1957-01-09,3.3186391555552084
1957-01-10,3.334603804439385
1957-01-11,3.3365285071077913
1957-01-14,3.3093759191713836
1957-01-15,3.2779021083636803
1957-01-16,3.272065004663962
1957-01-17,3.2639092770279725
1957-01-18,3.2294748472359363
1957-01-21,3.2208202345442185
1957-01-22,3.234538664071038
1957-01-23,3.2542864667966183
1957-01-24,3.2619552288142315
1957-01-25,3.2458504635494636
1957-01-28,3.225731925466327
1957-01-29,3.2317521685259716
1957-01-30,3.2420306032171573
1957-01-31,3.2367584137877947
1957-02-01,3.2239971090967052
1957-02-04,3.2168456199676783
1957-02-05,3.1695155508695314
1957-02-06,3.1762345990227323
1957-02-07,3.161711488219241
1957-02-08,3.145127488168186
1957-02-11,3.0872622994164307
1957-02-12,3.0668965929678387
1957-02-13,3.1320298675315046
1957-02-14,3.1361872362360343
1957-02-15,3.1759902048875275
1957-02-18,3.173906311542024
1957-02-19,3.1863470631461315
1957-02-20,3.2035468797060083
1957-02-21,3.1901610666572333
1957-02-25,3.2012202679986532
1957-02-26,3.203123118043617
1957-02-27,3.195309418412674
1957-02-28,3.191173775957849
1957-03-01,3.2228774050552933
1957-03-04,3.2460073792713278
1957-03-05,3.2628736503546687
1957-03-06,3.2675897307775186
1957-03-07,3.266980748938921
1957-03-08,3.2652924444414384
1957-03-11,3.2488864406116043
1957-03-12,3.2575711231404583
1957-03-13,3.277932314029158
1957-03-14,3.2832332948461724
1957-03-15,3.294413324912951
1957-03-18,3.294179859915845
1957-03-19,3.306312731624835
1957-03-20,3.3100233629157407
1957-03-21,3.3106236826758404
1957-03-22,3.3077232081019607
1957-03-25,3.2971781630698414
1957-03-26,3.3040321721566577
1957-03-27,3.3160172799775425
1957-03-28,3.3250318752967662
1957-03-29,3.3207628301903354
1957-04-01,3.32808399831277
1957-04-02,3.3437914287524118
1957-04-03,3.357125653064342
1957-04-04,3.3519037306090103
1957-04-05,3.355600822498637
1957-04-08,3.352987508044279
1957-04-09,3.3669215664229895
1957-04-10,3.384723216532481
1957-04-11,3.3928463419166977
1957-04-12,3.4023944705492792
1957-04-15,3.408134768650581
1957-04-16,3.4201950824551166
1957-04-17,3.4422568072640445
1957-04-18,3.460308225459622
1957-04-22,3.463736236442601
1957-04-23,3.479973289701716
1957-04-24,3.480449036177162
1957-04-25,3.4687088221717954
1957-04-26,3.4605127121839647
1957-04-29,3.4650934879935185
1957-04-30,3.465846972694223
1957-05-01,3.482310327840336
1957-05-02,3.4946168593865727
1957-05-03,3.4961463538116004
1957-05-06,3.495274274184473
1957-05-07,3.5008579158040622
1957-05-08,3.5134724288201813
1957-05-09,3.512943172917764
1957-05-10,3.523918527860679
1957-05-13,3.5688544631126544
1957-05-14,3.568216272210873
1957-05-15,3.5677673114186614
1957-05-16,3.5744185853664776
1957-05-17,3.5820746340664162
1957-05-20,3.593271435805543
1957-05-21,3.5921272364993215
1957-05-22,3.580616844595811
1957-05-23,3.5630521465697265
1957-05-24,3.563046883583601
1957-05-27,3.5441858354839786
1957-05-28,3.5412579606617722
1957-05-29,3.560340824230503
1957-05-31,3.5840466651956597
1957-06-03,3.5890623345326436
1957-06-04,3.594684404153456
1957-06-05,3.5938462413018444
1957-06-06,3.614783084908728
1957-06-07,3.6219700177005305
1957-06-10,3.606018135804697
1957-06-11,3.6453392339808848
1957-06-12,3.6415039205836237
1957-06-13,3.6416230121591684
1957-06-14,3.649090426177768
1957-06-17,3.662213717859703
1957-06-18,3.6509496926518694
1957-06-19,3.6228387928109536
1957-06-20,3.6141963043587935
1957-06-21,3.5974115306685803
1957-06-24,3.5738089000566764
1957-06-25,3.5960156132342833
1957-06-26,3.5863774106314312
1957-06-27,3.6080609156347254
1957-06-28,3.620744101738376
1957-07-01,3.6400452004147397
1957-07-02,3.679367831213812
1957-07-03,3.7029142992649664
1957-07-05,3.721875387031972
1957-07-08,3.7376964862160977
1957-07-09,3.72928021950638
1957-07-10,3.742796713969472
1957-07-11,3.738541669195525
1957-07-12,3.753305227917368
1957-07-15,3.7501049557352926
1957-07-16,3.7335955307152378
1957-07-17,3.710382523094696
1957-07-18,3.7065865802076354
1957-07-19,3.6957760094247476
1957-07-22,3.6787381831435737
1957-07-23,3.67426212308746
1957-07-24,3.6751800074890273
1957-07-25,3.6771744689274426
1957-07-26,3.6678989544699174
1957-07-29,3.6326829307068635
1957-07-30,3.6342140861278787
1957-07-31,3.6475415258289083
1957-08-01,3.6464103744826555
1957-08-02,3.642574251594306
1957-08-05,3.6087108580431133
1957-08-06,3.5675769516724865
1957-08-07,3.59621218047224
1957-08-08,3.589853072054071
1957-08-09,3.5938519811537217
1957-08-12,3.5579467062081718
1957-08-13,3.5606651565482323
1957-08-14,3.511155571576684
1957-08-15,3.510704371052095
1957-08-16,3.5211370531287365
1957-08-19,3.459421095598775
1957-08-20,3.4851897981380464
1957-08-21,3.5191157931860673
1957-08-22,3.500379280204638
1957-08-23,3.4489905985598868
1957-08-26,3.3908787263893245
1957-08-27,3.440180556594615
1957-08-28,3.4598069421884055
1957-08-29,3.4475071012948586
1957-08-30,3.5062693222502532
1957-09-03,3.527713338150913
1957-09-04,3.498519450260199
1957-09-05,3.491830003736169
1957-09-06,3.4816410022265942
1957-09-09,3.455642765714349
1957-09-10,3.426593309427366
1957-09-11,3.4570046820601745
1957-09-12,3.505314574480081
1957-09-13,3.5109229322222117
1957-09-16,3.49579410932192
1957-09-17,3.503461611835762
1957-09-18,3.5096272789616805
1957-09-19,3.491342091514329
1957-09-20,3.4336786294444925
1957-09-23,3.3448209704547938
1957-09-24,3.376208738430111
1957-09-25,3.3313089977270414
1957-09-26,3.3445412604547067
1957-09-27,3.346348774314565
1957-09-30,3.3390637064154616
1957-10-01,3.3583301233939093
1957-10-02,3.384680487498513
1957-10-03,3.3842255792550207
1957-10-04,3.3621251184981062
1957-10-07,3.301725449514388
1957-10-08,3.2788459806307824
1957-10-09,3.2816213102708454
1957-10-10,3.2055887519251014
1957-10-11,3.193193479260928
1957-10-14,3.2194414092064307
1957-10-15,3.258197410537625
1957-10-16,3.2397489968764206
1957-10-17,3.1864161402124673
1957-10-18,3.168551795956138
1957-10-21,3.078952796805737
1957-10-22,3.0565510088536603
1957-10-23,3.1987506765635736
1957-10-24,3.198849903544001
1957-10-25,3.194095267991097
1957-10-28,3.1854218254539663
1957-10-29,3.207890564383653
1957-10-30,3.2347990306568897
1957-10-31,3.238652935340853
1957-11-01,3.199602964018729
1957-11-04,3.1950522515956687
1957-11-06,3.2138182734681737
1957-11-07,3.2378096884091163
1957-11-08,3.2201331405521407
1957-11-11,3.227906178337545
1957-11-12,3.204934180012968
1957-11-13,3.20861716745591
1957-11-14,3.196237061002598
1957-11-15,3.266926436050812
1957-11-18,3.2511522032768285
1957-11-19,3.242611395817106
1957-11-20,3.251153827175814
1957-11-21,3.2978142059123225
1957-11-22,3.3211640132975444
1957-11-25,3.3399986317000705
1957-11-26,3.261064540776431
1957-11-27,3.344930799189458
1957-11-29,3.3924204315137185
1957-12-02,3.3988974944424863
1957-12-03,3.4075522467796193
1957-12-04,3.4180669358313454
1957-12-05,3.4158518539927387
1957-12-06,3.4011926486853334
1957-12-09,3.3881053635025546
1957-12-10,3.36693822706205
1957-12-11,3.363403519691618
1957-12-12,3.36639772716038
1957-12-13,3.378235186228026
1957-12-16,3.336274018333078
1957-12-17,3.2958581863676972
1957-12-18,3.2893565579167316
1957-12-19,3.3119867998202546
1957-12-20,3.2943382827261276
1957-12-23,3.3030373100450356
1957-12-24,3.3045652772908647
1957-12-26,3.3208656277298303
1957-12-27,3.3286125446422576
1957-12-30,3.32693991320191
1957-12-31,3.3702843212949225
1958-01-02,3.384527992683825
1958-01-03,3.4074419616001186
1958-01-06,3.3896060046552794
1958-01-07,3.4067410715044506
1958-01-08,3.4111754135309145
1958-01-09,3.3955652235590428
1958-01-10,3.3707716380037183
1958-01-13,3.3743366094319587
1958-01-14,3.3963608673849217
1958-01-15,3.4162765567665416
1958-01-16,3.425718563121637
1958-01-17,3.431605587987791
1958-01-20,3.448808514077726
1958-01-21,3.4518829728434532
1958-01-22,3.4490881279594507
1958-01-23,3.464401121300698
1958-01-24,3.4920445234585307
1958-01-27,3.492903223714651
1958-01-28,3.4977059319080213
1958-01-29,3.5211474039771438
1958-01-30,3.5141469336357445
1958-01-31,3.519176141860894
1958-02-03,3.554799755774526
1958-02-04,3.5884400477051854
1958-02-05,3.576573545817667
1958-02-06,3.586039211275778
1958-02-07,3.5637617757783753
1958-02-10,3.555198098837074
1958-02-11,3.543739767258531
1958-02-12,3.548971937488596
1958-02-13,3.5496954469588395
1958-02-14,3.581057368455006
1958-02-17,3.5836763402523397
1958-02-18,3.578258043149421
1958-02-19,3.579728948919967
1958-02-20,3.566176267826476
1958-02-21,3.565218498415843
1958-02-24,3.551965108933874
1958-02-25,3.550342025055513
1958-02-26,3.579780646304537
1958-02-27,3.561063245804966
1958-02-28,3.5761599626229366
1958-03-03,3.591213463072799
1958-03-04,3.6065078116200713
1958-03-05,3.6244141408954746
1958-03-06,3.6451567462431593
1958-03-07,3.643149159453212
1958-03-10,3.6584735949904186
1958-03-11,3.6824281211552323
1958-03-12,3.681313373592591
1958-03-13,3.685398824901972
1958-03-14,3.688437398446726
1958-03-17,3.6866528639025207
1958-03-18,3.684865956364654
1958-03-19,3.7086592481180927
1958-03-20,3.713905055413178
1958-03-21,3.738580126427962
1958-03-24,3.744206735446719
1958-03-25,3.7345285654854985
1958-03-26,3.726647368797562
1958-03-27,3.721039026054826
1958-03-28,3.730560847031832
1958-03-31,3.728077914491563
1958-04-01,3.719500951506343
1958-04-02,3.6906273619889727
1958-04-03,3.684164719319121
1958-04-07,3.677637235446718
1958-04-08,3.7029072996831536
1958-04-09,3.7151453727402766
1958-04-10,3.7307682856766897
1958-04-11,3.742673532383592
1958-04-14,3.766157349446502
1958-04-15,3.786157878265099
1958-04-16,3.774897643520561
1958-04-17,3.787371929469832
1958-04-18,3.8070097816014963
1958-04-21,3.8219160515422628
1958-04-22,3.8201256089971487
1958-04-23,3.8348539514892286
1958-04-24,3.8525866856923954
1958-04-25,3.8729457895621175
1958-04-28,3.8688095595887333
1958-04-29,3.8680954014312277
1958-04-30,3.889893431792538
1958-05-01,3.8901554970432692
1958-05-02,3.9058520331357345
1958-05-05,3.922718308296912
1958-05-06,3.9485378075667503
1958-05-07,3.9441064458756854
1958-05-08,3.946567202485532
1958-05-09,3.947240081236178
1958-05-12,3.9380223402864853
1958-05-13,3.9385502508503354
1958-05-14,3.908390391584319
1958-05-15,3.9232187488819017
1958-05-16,3.9334974511739924
1958-05-19,3.928781410464429
1958-05-20,3.9509005345359967
1958-05-21,3.953594884205909
1958-05-22,3.955576730881207
1958-05-23,3.9677269533608044
1958-05-26,3.9572372348616662
1958-05-27,3.9627300441148563
1958-05-28,3.9678835447281555
1958-05-29,3.9794465677490374
1958-06-02,3.9860948902835784
1958-06-03,3.9927651542107734
1958-06-04,3.993357069597062
1958-06-05,4.004633516999834
1958-06-06,4.022825667021318
1958-06-09,4.009658872828921
1958-06-10,4.0002394125346425
1958-06-11,3.996444243750108
1958-06-12,4.010721731942977
1958-06-13,4.019356432743747
1958-06-16,4.028025801868024
1958-06-17,4.0369253367116
1958-06-18,4.03508174926811
1958-06-19,4.013695710239756
1958-06-20,4.030102925547277
1958-06-23,4.031611428695394
1958-06-24,4.029894888023227
1958-06-25,4.041483903350804
1958-06-26,4.056941479427784
1958-06-27,4.073607160973565
1958-06-30,4.0848080087767595
1958-07-01,4.090694989154151
1958-07-02,4.0992645179511324
1958-07-03,4.11104161474421
1958-07-07,4.112060761585695
1958-07-08,4.104959132648762
1958-07-09,4.105576785690288
1958-07-10,4.120876356452407
1958-07-11,4.137471958228451
1958-07-14,4.113063976199901
1958-07-15,4.10237921505069
1958-07-16,4.097361960738794
1958-07-17,4.100817790926768
1958-07-18,4.101807679555101
1958-07-21,4.116029312573056
1958-07-22,4.119032469040222
1958-07-23,4.1306322055965055
1958-07-24,4.139036035652233
1958-07-25,4.17194564685782
1958-07-28,4.180241898159024
1958-07-29,4.1897676650281115
1958-07-30,4.1995933979614986
1958-07-31,4.193262070991529
1958-08-01,4.214837827454132
1958-08-04,4.233061444179374
1958-08-05,4.21281755719875
1958-08-06,4.194926294926407
1958-08-07,4.214513386143377
1958-08-08,4.2308458810078315
1958-08-11,4.24061791747995
1958-08-12,4.2277800177364675
1958-08-13,4.234991858564956
1958-08-14,4.243335187535836
1958-08-15,4.223453796363858
1958-08-18,4.208107313226226
1958-08-19,4.216801592888021
1958-08-20,4.234248675597847
1958-08-21,4.250254656143502
1958-08-22,4.258528680238427
1958-08-25,4.268493630776132
1958-08-26,4.285046496554226
1958-08-27,4.289289415145438
1958-08-28,4.272428885538731
1958-08-29,4.293707539661483
1958-09-02,4.3172213263983865
1958-09-03,4.339902435853347
1958-09-04,4.346158453813323
1958-09-05,4.346377324087647
1958-09-08,4.362238615287399
1958-09-09,4.368151192335874
1958-09-10,4.37289015335131
1958-09-11,4.396588317356122
1958-09-12,4.401900714920795
1958-09-15,4.423400294683063
1958-09-16,4.432681000989328
1958-09-17,4.425168229894069
1958-09-18,4.414596588327405
1958-09-19,4.434653574037403
1958-09-22,4.421043687698818
1958-09-23,4.436905080242724
1958-09-24,4.439117124840271
1958-09-25,4.458099646956544
1958-09-26,4.500594386736917
1958-09-29,4.535255255599294
1958-09-30,4.5453231823285565
1958-10-01,4.531354491498331
1958-10-02,4.538532452173592
1958-10-03,4.55573894539999
1958-10-06,4.57431770766094
1958-10-07,4.577714539797286
1958-10-08,4.576323823547932
1958-10-09,4.5867510984100255
1958-10-10,4.606623999621077
1958-10-13,4.628386650430594
1958-10-14,4.596651669263745
1958-10-15,4.562116410573807
1958-10-16,4.584595571990405
1958-10-17,4.619275500264578
1958-10-20,4.622694855735706
1958-10-21,4.6182799032843365
1958-10-22,4.610804255345145
1958-10-23,4.611372529783557
1958-10-24,4.605985001308755
1958-10-27,4.572155772250023
1958-10-28,4.588505940282411
1958-10-29,4.631977749171001
1958-10-30,4.633288152350502
1958-10-31,4.647107631512144
1958-11-03,4.654719893011234
1958-11-05,4.702766314039626
1958-11-06,4.732253660256979
1958-11-07,4.749200503597025
1958-11-10,4.784990399514928
1958-11-11,4.8197932883424155
1958-11-12,4.838570940012755
1958-11-13,4.852108477114728
1958-11-14,4.876330542264301
1958-11-17,4.904967299880445
1958-11-18,4.905819180781517
1958-11-19,4.933911625206604
1958-11-20,4.94355380621777
1958-11-21,4.930455282607529
1958-11-24,4.829399753304784
1958-11-25,4.791512778382936
1958-11-26,4.84710890849629
1958-11-28,4.891151561619325
1958-12-01,4.917518297469365
1958-12-02,4.915994923103496
1958-12-03,4.920876163373154
1958-12-04,4.927146293404514
1958-12-05,4.930977799459378
1958-12-08,4.952031373896258
1958-12-09,4.976387357442569
1958-12-10,4.998767219580588
1958-12-11,4.988739426504205
1958-12-12,4.989205825486344
1958-12-15,4.984308734645085
1958-12-16,5.006748487248781
1958-12-17,5.136227986511963
1958-12-18,5.160826255989067
1958-12-19,5.151361888439801
1958-12-22,5.142651174530628
1958-12-23,5.117145736028476
1958-12-24,5.14971706762598
1958-12-29,5.184512101025527
1958-12-30,5.209146773660026
1958-12-31,5.220698330682045
1959-01-02,5.230798753273338
1959-01-05,5.265986515242306
1959-01-06,5.25932077495367
1959-01-07,5.2216975999366735
1959-01-08,5.258728229743309
1959-01-09,5.291084615029407
1959-01-12,5.309892007745389
1959-01-13,5.306631061024755
1959-01-14,5.317940104507888
1959-01-15,5.354782261586809
1959-01-16,5.377978318057047
1959-01-19,5.380571929368982
1959-01-20,5.3883773555416745
1959-01-21,5.408191682958364
1959-01-22,5.396465299467271
1959-01-23,5.399455863224276
1959-01-26,5.394287683413836
1959-01-27,5.385853326659954
1959-01-28,5.330563677056929
1959-01-29,5.335144857094473
1959-01-30,5.332840002086163
1959-02-02,5.32237402799544
1959-02-03,5.316389658978116
1959-02-04,5.307746408011487
1959-02-05,5.304841292176156
1959-02-06,5.297826744740609
1959-02-09,5.255926133650035
1959-02-10,5.305161351362638
1959-02-11,5.315226326623154
1959-02-12,5.321272918657216
1959-02-13,5.353977789588248
1959-02-16,5.380322760562814
1959-02-17,5.384702077283351
1959-02-18,5.396847391212255
1959-02-19,5.416743121043542
1959-02-20,5.439144672948413
1959-02-24,5.443700629649498
1959-02-25,5.440705783825908
1959-02-26,5.464105001120957
1959-02-27,5.484286973226338
1959-03-02,5.50043792317802
1959-03-03,5.528519812723635
1959-03-04,5.530552218232542
1959-03-05,5.538972395874667
1959-03-06,5.523937936271866
1959-03-09,5.520268290343925
1959-03-10,5.524808142972701
1959-03-11,5.533972114761979
1959-03-12,5.544864565889686
1959-03-13,5.56628429812578
1959-03-16,5.534445959317262
1959-03-17,5.553279393876726
1959-03-18,5.543479583299328
1959-03-19,5.540248066740216
1959-03-20,5.53678327151982
1959-03-23,5.515638095750608
1959-03-24,5.521850734933814
1959-03-25,5.5168392864558395
1959-03-26,5.506006776364146
1959-03-30,5.479207547105878
1959-03-31,5.4814925124597345
1959-04-01,5.499482465627538
1959-04-02,5.513327953260028
1959-04-03,5.549694761111117
1959-04-06,5.579011522640964
1959-04-07,5.570585900097815
1959-04-08,5.560827225438709
1959-04-09,5.558761658361249
1959-04-10,5.564714707733865
1959-04-13,5.569469145996737
1959-04-14,5.594312999157875
1959-04-15,5.606907348299055
1959-04-16,5.6417076467666005
1959-04-17,5.677817358909819
1959-04-20,5.688323412606578
1959-04-21,5.679069064529892
1959-04-22,5.645818035224771
1959-04-23,5.625003768223895
1959-04-24,5.637424859550826
1959-04-27,5.638212662156582
1959-04-28,5.630519602668437
1959-04-29,5.61988865529682
1959-04-30,5.591171818815517
1959-05-01,5.57843603488312
1959-05-04,5.577434666397175
1959-05-05,5.59301638711461
1959-05-06,5.581312897142679
1959-05-07,5.521533129122363
1959-05-08,5.5493583923497996
1959-05-11,5.585039973171029
1959-05-12,5.590076089272571
1959-05-13,5.590454382474842
1959-05-14,5.588802396350165
1959-05-15,5.582023997879115
1959-05-18,5.565823074385846
1959-05-19,5.5773484697615885
1959-05-20,5.574193983171093
1959-05-21,5.5833123485723615
1959-05-22,5.599206231556537
1959-05-25,5.588747814317274
1959-05-26,5.575516454940223
1959-05-27,5.579986748888157
1959-05-28,5.585186425128778
1959-05-29,5.6180773338883805
1959-06-01,5.609802405761324
1959-06-02,5.593417614580074
1959-06-03,5.5899165292197575
1959-06-04,5.541060532934073
1959-06-05,5.545670836623537
1959-06-08,5.468745078665458
1959-06-09,5.427199709739725
1959-06-10,5.486313714984655
1959-06-11,5.5100030085182965
1959-06-12,5.501797779924214
1959-06-15,5.4798975950896125
1959-06-16,5.438851452665325
1959-06-17,5.518987019997473
1959-06-18,5.5349977569004665
1959-06-19,5.579954476190247
1959-06-22,5.58208845984885
1959-06-23,5.585736648614101
1959-06-24,5.614014810571368
1959-06-25,5.631538146993437
1959-06-26,5.655150488145892
1959-06-29,5.68893599284235
1959-06-30,5.715048979129265
1959-07-01,5.755326174793053
1959-07-02,5.774955074928933
1959-07-06,5.800160769024001
1959-07-07,5.818128840038503
1959-07-08,5.837189560499777
1959-07-09,5.8339067214614735
1959-07-10,5.827034991790698
1959-07-13,5.7783971360816215
1959-07-14,5.796224908710147
1959-07-15,5.800540833630056
1959-07-16,5.778360616022764
1959-07-17,5.769267810069949
1959-07-20,5.763063633187033
1959-07-21,5.796032117096514
1959-07-22,5.803697503541682
1959-07-23,5.8014044158726215
1959-07-24,5.808650545735196
1959-07-27,5.819306824968989
1959-07-28,5.823098180265462
1959-07-29,5.818391059286181
1959-07-30,5.802828243812653
1959-07-31,5.816544313585385
1959-08-03,5.821007910827066
1959-08-04,5.79778851741683
1959-08-05,5.7869090729573065
1959-08-06,5.778817282994587
1959-08-07,5.76426336527233
1959-08-10,5.661455505555022
1959-08-11,5.72656024609455
1959-08-12,5.727102898340585
1959-08-13,5.71279457325697
1959-08-14,5.71962824167245
1959-08-17,5.714411326415378
1959-08-18,5.6821360098186755
1959-08-19,5.6481362362207355
1959-08-20,5.701830160608932
1959-08-21,5.727629731982461
1959-08-24,5.717450509147549
1959-08-25,5.726216347779745
1959-08-26,5.728246764453108
1959-08-27,5.758140213048509
1959-08-28,5.7528984526976235
1959-08-31,5.766747453153627
1959-09-01,5.713185929756069
1959-09-02,5.715194232311584
1959-09-03,5.642584241125482
1959-09-04,5.668715082742768
1959-09-08,5.5803906332489035
1959-09-09,5.546624201726811
1959-09-10,5.5390527195628
1959-09-11,5.5811421211939924
1959-09-14,5.5590312408766485
1959-09-15,5.516103903317156
1959-09-16,5.5378251683016515
1959-09-17,5.5180278167275745
1959-09-18,5.473695195378154
1959-09-21,5.387941186352591
1959-09-22,5.36587316868418
1959-09-23,5.424068355851325
1959-09-24,5.532494534264464
1959-09-25,5.536723149397285
1959-09-28,5.580658365726544
1959-09-29,5.611263190339314
1959-09-30,5.578068352669117
1959-10-01,5.600967641106958
1959-10-02,5.618970825268381
1959-10-05,5.603213092872196
1959-10-06,5.606433416643466
1959-10-07,5.603360795020055
1959-10-08,5.6085076730814505
1959-10-09,5.615358450294762
1959-10-12,5.638246264034571
1959-10-13,5.614035748067168
1959-10-14,5.597261145996059
1959-10-15,5.614600947851781
1959-10-16,5.659292889334967
1959-10-19,5.659162422701926
1959-10-20,5.6330189355223705
1959-10-21,5.625405298197203
1959-10-22,5.590807008582993
1959-10-23,5.628593976285242
1959-10-26,5.654693739994496
1959-10-27,5.679381097177507
1959-10-28,5.684584302977973
1959-10-29,5.69570761350984
1959-10-30,5.706322243613051
1959-11-02,5.705687983811462
1959-11-04,5.7210530128277925
1959-11-05,5.71958313355195
1959-11-06,5.7635038110042425
1959-11-09,5.760659445864014
1959-11-10,5.777853723898812
1959-11-11,5.789177329190674
1959-11-12,5.7744182767746794
1959-11-13,5.750302696490707
1959-11-16,5.716561139278031
1959-11-17,5.71827658640689
1959-11-18,5.745916995818427
1959-11-19,5.761865723045634
1959-11-20,5.767392302879317
1959-11-23,5.778970156363177
1959-11-24,5.794296003253082
1959-11-25,5.797454180001704
1959-11-27,5.790828742319037
1959-11-30,5.820638818504093
1959-12-01,5.847223821222851
1959-12-02,5.843460079487397
1959-12-03,5.834942944918621
1959-12-04,5.854741835785498
1959-12-07,5.861902543379941
1959-12-08,5.879802813427787
1959-12-09,5.849070998851748
1959-12-10,5.862588095924357
1959-12-11,5.859801388191675
1959-12-14,5.871798119605823
1959-12-15,5.874655368214563
1959-12-16,5.8771193652119385
1959-12-17,5.882125835386544
1959-12-18,5.892788406386827
1959-12-21,5.905057007977271
1959-12-22,5.8840049233669784
1959-12-23,5.879246339419552
1959-12-24,5.899817114193665
1959-12-28,5.888803984300666
1959-12-29,5.927751521802041
1959-12-30,5.969718106573491
1959-12-31,5.996154117851031
1960-01-04,5.984763147620004
1960-01-05,6.036649707439154
1960-01-06,6.0059890516704275
1960-01-07,5.983205008494786
1960-01-08,5.9602829907678325
1960-01-11,5.915647550062138
1960-01-12,5.882663757168457
1960-01-13,5.85885892609628
1960-01-14,5.895314468930303
1960-01-15,5.911528753948165
1960-01-18,5.868023743105578
1960-01-19,5.8071682787915435
1960-01-20,5.797245544041695
1960-01-21,5.80190225030274
1960-01-22,5.829665462421211
1960-01-25,5.768656243601124
1960-01-26,5.76842505308434
1960-01-27,5.761603729033494
1960-01-28,5.6976603639233225
1960-01-29,5.646400861173291
1960-02-01,5.661733860372109
1960-02-02,5.75060623325683
1960-02-03,5.711765002100198
1960-02-04,5.704772373077735
1960-02-05,5.681100428071137
1960-02-08,5.615463752109617
1960-02-09,5.674199579486814
1960-02-10,5.6564350137856145
1960-02-11,5.6225730434019585
1960-02-12,5.644737465042288
1960-02-15,5.604689996737819
1960-02-16,5.555273989880853
1960-02-17,5.585819666527522
1960-02-18,5.672505914934317
1960-02-19,5.728649853292982
1960-02-23,5.716198864895873
1960-02-24,5.707772343898596
1960-02-25,5.726192883288711
1960-02-26,5.7480902278960615
1960-02-29,5.735824610513286
1960-03-01,5.742667708123521
1960-03-02,5.696603609687966
1960-03-03,5.603054033179593
1960-03-04,5.574109723604453
1960-03-07,5.510466646372992
1960-03-08,5.466687904121493
1960-03-09,5.5231082481040135
1960-03-10,5.51701861270585
1960-03-11,5.54586137967836
1960-03-14,5.556334642237204
1960-03-15,5.596231043414476
1960-03-16,5.637833193052435
1960-03-17,5.631480338537267
1960-03-18,5.640938310977386
1960-03-21,5.64704559217691
1960-03-22,5.673521357035217
1960-03-23,5.706885790635574
1960-03-24,5.7324799113783325
1960-03-25,5.744249404864201
1960-03-28,5.74679913401384
1960-03-29,5.750578254053064
1960-03-30,5.761990863650066
1960-03-31,5.7439728140909345
1960-04-01,5.77906933014743
1960-04-04,5.78914774884265
1960-04-05,5.820358373522207
1960-04-06,5.862958488882316
1960-04-07,5.881604550242511
1960-04-08,5.871335966861856
1960-04-11,5.858014193626466
1960-04-12,5.883887259513271
1960-04-13,5.903578339130184
1960-04-14,5.93130722144573
1960-04-18,5.9732795774142495
1960-04-19,5.939690962098111
1960-04-20,5.839873974473266
1960-04-21,5.856129568426231
1960-04-22,5.852861178941636
1960-04-25,5.800077302925045
1960-04-26,5.8237680447533124
1960-04-27,5.826996763181981
1960-04-28,5.783516999669492
1960-04-29,5.771500880339298
1960-05-02,5.75789984365904
1960-05-03,5.818840568170038
1960-05-04,5.837149866743306
1960-05-05,5.83030174044161
1960-05-06,5.830312739506493
1960-05-09,5.829740062749962
1960-05-10,5.820745227778528
1960-05-11,5.8410164889660345
1960-05-12,5.863246336253367
1960-05-13,5.905648062371318
1960-05-16,5.899489532262131
1960-05-17,5.9006353919226155
1960-05-18,5.911660308745471
1960-05-19,5.932138739807245
1960-05-20,5.941084056318677
1960-05-23,5.952294439867578
1960-05-24,5.978474266338506
1960-05-25,5.997002327589292
1960-05-26,6.026372097072304
1960-05-27,6.041438890952755
1960-05-31,6.0901026554814335
1960-06-01,6.130248192104863
1960-06-02,6.146983253953775
1960-06-03,6.149241568586127
1960-06-06,6.1687892278349485
1960-06-07,6.187797259369015
1960-06-08,6.212123910396449
1960-06-09,6.242913691583598
1960-06-10,6.254019645610303
1960-06-13,6.271621799433701
1960-06-14,6.284602113774719
1960-06-15,6.267439273294393
1960-06-16,6.2797146679808336
1960-06-17,6.285634290331493
1960-06-20,6.290164369663935
1960-06-21,6.294269704887572
1960-06-22,6.305473157604241
1960-06-23,6.324102370822184
1960-06-24,6.329565359851393
1960-06-27,6.324218975701115
1960-06-28,6.274199093350721
1960-06-29,6.28662232634247
1960-06-30,6.300784740688097
1960-07-01,6.311453673975845
1960-07-05,6.324562878735704
1960-07-06,6.318650290054147
1960-07-07,6.3579547835492125
1960-07-08,6.377838365255971
1960-07-11,6.355325758848638
1960-07-12,6.3070641197204935
1960-07-13,6.296526619601608
1960-07-14,6.298767555699765
1960-07-15,6.303519034712065
1960-07-18,6.287118968937333
1960-07-19,6.288852233864944
1960-07-20,6.274792814317335
1960-07-21,6.250523180082362
1960-07-22,6.222477773941743
1960-07-25,6.149252190514479
1960-07-26,6.164440461876179
1960-07-27,6.143575704296977
1960-07-28,6.166047801881888
1960-07-29,6.223250443285618
1960-08-01,6.218497842771062
1960-08-02,6.186482468451979
1960-08-03,6.176398412597694
1960-08-04,6.181183787413874
1960-08-05,6.213416276463807
1960-08-08,6.224142297861063
1960-08-09,6.25399896948648
1960-08-10,6.272151093392497
1960-08-11,6.310916848545315
1960-08-12,6.344273917128386
1960-08-15,6.349434830470493
1960-08-16,6.375122909487226
1960-08-17,6.382992503105601
1960-08-18,6.403229022372756
1960-08-19,6.420885156580668
1960-08-22,6.436394597117077
1960-08-23,6.483373223637068
1960-08-24,6.519206140470297
1960-08-25,6.516936984801549
1960-08-26,6.509460482175524
1960-08-29,6.520578336318129
1960-08-30,6.480003981641301
1960-08-31,6.521175967818063
1960-09-01,6.540228087600801
1960-09-02,6.5313327076043635
1960-09-06,6.481205626452409
1960-09-07,6.409411015073485
1960-09-08,6.435474350445861
1960-09-09,6.475392562040421
1960-09-12,6.433680737225438
1960-09-13,6.447604874110099
1960-09-14,6.41394595272221
1960-09-15,6.379277481083547
1960-09-16,6.372947144521503
1960-09-19,6.221583467633769
1960-09-20,6.238545725711753
1960-09-21,6.297367425634381
1960-09-22,6.280700116047119
1960-09-23,6.232635913057573
1960-09-26,6.129180167032888
1960-09-27,6.105091030068737
1960-09-28,6.0292340464745395
1960-09-29,6.041471317065524
1960-09-30,6.140845497158264
1960-10-03,6.126603946791558
1960-10-04,6.098774383405073
1960-10-05,6.116906577486219
1960-10-06,6.165380619404834
1960-10-07,6.191094317552626
1960-10-10,6.2189700707418725
1960-10-11,6.231102724839864
1960-10-12,6.224116484628826
1960-10-13,6.271308998854388
1960-10-14,6.298739248182732
1960-10-17,6.271690197795281
1960-10-18,6.261811987819715
1960-10-19,6.264179980062689
1960-10-20,6.2195104650377
1960-10-21,6.161606511902214
1960-10-24,6.096219489374555
1960-10-25,6.068159900941986
1960-10-26,6.129478657807741
1960-10-27,6.179666250105627
1960-10-28,6.165082545664886
1960-10-31,6.149420112935711
1960-11-01,6.188662224400867
1960-11-02,6.2094394253572425
1960-11-03,6.21903460776758
1960-11-04,6.263183607700875
1960-11-07,6.290814963202905
1960-11-09,6.320185376773774
1960-11-10,6.3921989025315
1960-11-11,6.376923656516747
1960-11-14,6.372298823966397
1960-11-15,6.406237240883487
1960-11-16,6.390271510249717
1960-11-17,6.391240677610681
1960-11-18,6.437296622195041
1960-11-21,6.463752473456788
1960-11-22,6.44748403787351
1960-11-23,6.467781131043409
1960-11-25,6.5123883112729954
1960-11-28,6.521518256968281
1960-11-29,6.518915452476621
1960-11-30,6.497945820380418
1960-12-01,6.490058059702692
1960-12-02,6.503644857011367
1960-12-05,6.519358225818005
1960-12-06,6.54186253610806
1960-12-07,6.576198583412721
1960-12-08,6.587033818370904
1960-12-09,6.628670536107874
1960-12-12,6.647734915877563
1960-12-13,6.6703320807818915
1960-12-14,6.676861818750539
1960-12-15,6.656636408150583
1960-12-16,6.684800739474578
1960-12-19,6.6804625174237575
1960-12-20,6.676910320800169
1960-12-21,6.786200820104363
1960-12-22,6.75480515586491
1960-12-23,6.77254414087569
1960-12-27,6.790598678441359
1960-12-28,6.839552414310994
1960-12-29,6.8951174071546255
1960-12-30,6.910809026383136
1961-01-03,6.824483264746529
1961-01-04,6.852627493274938
1961-01-05,6.877076913301136
1961-01-06,6.863473855463698
1961-01-09,6.901252769334681
1961-01-10,6.914335134578629
1961-01-11,6.940965503795343
1961-01-12,6.973727896249403
1961-01-13,6.968571172251943
1961-01-16,6.97728214599603
1961-01-17,6.980580924042121
1961-01-18,7.011802234321775
1961-01-19,7.026187938311216
1961-01-20,7.060606499662481
1961-01-23,7.103734674828845
1961-01-24,7.128452906501897
1961-01-25,7.179875961690324
1961-01-26,7.198625939603215
1961-01-27,7.274530656346748
1961-01-30,7.371648765581103
1961-01-31,7.335099571321979
1961-02-01,7.3547346736892445
1961-02-02,7.389381935246292
1961-02-03,7.372527525909355
1961-02-06,7.3315900561639005
1961-02-07,7.330931815573368
1961-02-08,7.4001569603248765
1961-02-09,7.428430994552432
1961-02-10,7.399419021140958
1961-02-13,7.370892784434697
1961-02-14,7.403358650616269
1961-02-15,7.450856890716811
1961-02-16,7.520796817508616
1961-02-17,7.488637133243062
1961-02-20,7.531321649313174
1961-02-21,7.544515645315739
1961-02-23,7.606644198918424
1961-02-24,7.629348814117258
1961-02-27,7.6611367263821
1961-02-28,7.664549180373144
1961-03-01,7.656808348147585
1961-03-02,7.694601794291834
1961-03-03,7.695672750797904
1961-03-06,7.709528020320473
1961-03-07,7.669064086369964
1961-03-08,7.682868536892697
1961-03-09,7.696274196083047
1961-03-10,7.711598791181156
1961-03-13,7.736318978374386
1961-03-14,7.705667023079966
1961-03-15,7.718109556368257
1961-03-16,7.7785296565304325
1961-03-17,7.805078859229224
1961-03-20,7.8504619045710315
1961-03-21,7.841621444172946
1961-03-22,7.857956941211787
1961-03-23,7.870062930060607
1961-03-24,7.868730092461529
1961-03-27,7.897391941412007
1961-03-28,7.932817913121411
1961-03-29,7.99755057343692
1961-03-30,8.029166386007786
1961-04-03,8.181832695600638
1961-04-04,8.179596841769243
1961-04-05,8.154104577728084
1961-04-06,8.141554299194224
1961-04-07,8.175226336970324
1961-04-10,8.247902223182647
1961-04-11,8.220734714213869
1961-04-12,8.20428142490372
1961-04-13,8.234460588855116
1961-04-14,8.26918651760027
1961-04-17,8.287206799515097
1961-04-18,8.224243928946626
1961-04-19,8.190371650434297
1961-04-20,8.187262986192605
1961-04-21,8.169912059333145
1961-04-24,7.968063736330633
1961-04-25,8.091800396425624
1961-04-26,8.132980062233951
1961-04-27,8.124536688597503
1961-04-28,8.093001025213926
1961-05-01,8.093052724221076
1961-05-02,8.144377368572556
1961-05-03,8.209659265073808
1961-05-04,8.24190245190914
1961-05-05,8.243368458586705
1961-05-08,8.257859783390058
1961-05-09,8.288918096254662
1961-05-10,8.286340033939819
1961-05-11,8.285693991673975
1961-05-12,8.29754656829215
1961-05-15,8.349711054212898
1961-05-16,8.391599807983171
1961-05-17,8.403795850533855
1961-05-18,8.354508753050203
1961-05-19,8.373588194589797
1961-05-22,8.329220927291193
1961-05-23,8.315720792753275
1961-05-24,8.274706113595123
1961-05-25,8.248199131751212
1961-05-26,8.282037499965465
1961-05-31,8.275108310798046
1961-06-01,8.27964394308918
1961-06-02,8.280791541150176
1961-06-05,8.319006873499612
1961-06-06,8.307581089673203
1961-06-07,8.274744857802476
1961-06-08,8.247438648042648
1961-06-09,8.244997979433208
1961-06-12,8.204187905739344
1961-06-13,8.159997215917775
1961-06-14,8.157403971287808
1961-06-15,8.11864699450782
1961-06-16,8.073410797196717
1961-06-19,8.011670063788362
1961-06-20,8.077719900448187
1961-06-21,8.085540342547228
1961-06-22,8.073934102530767
1961-06-23,8.104870639040572
1961-06-26,8.051031219666415
1961-06-27,8.036758212212943
1961-06-28,8.057251656145802
1961-06-29,8.055906260693952
1961-06-30,8.071495061410848
1961-07-03,8.144801995005354
1961-07-05,8.21644653412474
1961-07-06,8.238200964509806
1961-07-07,8.258809859697793
1961-07-10,8.269086499637384
1961-07-11,8.266186462645345
1961-07-12,8.224829903447079
1961-07-13,8.176355553179947
1961-07-14,8.226561825372775
1961-07-17,8.178820020282284
1961-07-18,8.159231245881218
1961-07-19,8.191090401484454
1961-07-20,8.208036879416817
1961-07-21,8.226768279863649
1961-07-24,8.209868182755825
1961-07-25,8.232690725957037
1961-07-26,8.295803802486446
1961-07-27,8.367986711302377
1961-07-28,8.386770115984792
1961-07-31,8.389150976340852
1961-08-01,8.455831485041642
1961-08-02,8.399252916449326
1961-08-03,8.441437967753549
1961-08-04,8.49951894884892
1961-08-07,8.504367156354242
1961-08-08,8.50965696228814
1961-08-09,8.520329689417569
1961-08-10,8.539695289910165
1961-08-11,8.561087319449232
1961-08-14,8.538179253148986
1961-08-15,8.5495597680497
1961-08-16,8.56768933766115
1961-08-17,8.611698980189647
1961-08-18,8.663744090008668
1961-08-21,8.679021965796123
1961-08-22,8.690088514259628
1961-08-23,8.67671594198191
1961-08-24,8.638879008015794
1961-08-25,8.667251758126667
1961-08-28,8.683259976491982
1961-08-29,8.682284552560503
1961-08-30,8.718484809533662
1961-08-31,8.741939934540639
1961-09-01,8.781135940055696
1961-09-05,8.770548681701085
1961-09-06,8.816315883262076
1961-09-07,8.813292519924238
1961-09-08,8.780224963412401
1961-09-11,8.738976690101994
1961-09-12,8.797870848630097
1961-09-13,8.793097294370876
1961-09-14,8.772539303995545
1961-09-15,8.778866287532189
1961-09-18,8.737226760932037
1961-09-19,8.688688233914284
1961-09-20,8.71557661093645
1961-09-21,8.750419379316186
1961-09-22,8.735995920578693
1961-09-25,8.637567744002578
1961-09-26,8.653031740763575
1961-09-27,8.704533852147556
1961-09-28,8.73719332095928
1961-09-29,8.777092390882215
1961-10-02,8.801362724698118
1961-10-03,8.814404347580668
1961-10-04,8.87651100345724
1961-10-05,8.940199077452116
1961-10-06,8.984477817493003
1961-10-09,9.018167961002728
1961-10-10,9.0608786680447
1961-10-11,9.0701905841842
1961-10-12,9.063033105105495
1961-10-13,9.05937400025378
1961-10-16,9.034464471901021
1961-10-17,9.057117947143476
1961-10-18,9.10796320494395
1961-10-19,9.175826009907917
1961-10-20,9.20082657538282
1961-10-23,9.161302932781814
1961-10-24,9.132432540465349
1961-10-25,9.162358992773086
1961-10-26,9.194167473329053
1961-10-27,9.178069004584556
1961-10-30,9.205871083655214
1961-10-31,9.212761743288906
1961-11-01,9.231144009021135
1961-11-02,9.259522892305428
1961-11-03,9.319163849843697
1961-11-06,9.396508025442557
1961-11-08,9.44934112218766
1961-11-09,9.447211011466049
1961-11-10,9.50225485072547
1961-11-13,9.558361691465564
1961-11-14,9.651655649847562
1961-11-15,9.683451215640748
1961-11-16,9.704869420162122
1961-11-17,9.714001580010239
1961-11-20,9.744518924461794
1961-11-21,9.747513870174117
1961-11-22,9.751854318738177
1961-11-24,9.800691090564582
1961-11-27,9.806222818746276
1961-11-28,9.786461865562089
1961-11-29,9.751776787451393
1961-11-30,9.705824865973113
1961-12-01,9.751746721724704
1961-12-04,9.686413214866057
1961-12-05,9.651003354803258
1961-12-06,9.665194790302937
1961-12-07,9.63557316478008
1961-12-08,9.660967659199487
1961-12-11,9.665397774005665
1961-12-12,9.657782730125582
1961-12-13,9.623261481140677
1961-12-14,9.551397708944817
1961-12-15,9.524973405566723
1961-12-18,9.499073968840834
1961-12-19,9.458339457065321
1961-12-20,9.42624526486125
1961-12-21,9.387872951664072
1961-12-22,9.36918923181564
1961-12-26,9.321654132998823
1961-12-27,9.37747506449637
1961-12-28,9.402349481016948
1961-12-29,9.41300836173411
1962-01-02,9.31674698477186
1962-01-03,9.281796704780852
1962-01-04,9.142279135481298
1962-01-05,9.046904319636827
1962-01-08,8.976438475919855
1962-01-09,8.974275111259848
1962-01-10,8.963900918424956
1962-01-11,9.030960098991931
1962-01-12,9.08300206775392
1962-01-15,9.054833701963384
1962-01-16,9.008683656559269
1962-01-17,8.931399571303121
1962-01-18,8.905726683964716
1962-01-19,8.965230161654354
1962-01-22,8.946093898012348
1962-01-23,8.892576688665946
1962-01-24,8.875904595063709
1962-01-25,8.854188085303415
1962-01-26,8.812671953008152
1962-01-29,8.766263029440509
1962-01-30,8.810190992488883
1962-01-31,8.892553649134138
1962-02-01,8.9596818437697
1962-02-02,9.009056248709625
1962-02-05,9.04525662761401
1962-02-06,9.059231246176202
1962-02-07,9.103144262804037
1962-02-08,9.113188475237902
1962-02-09,9.10714690180359
1962-02-12,9.108505588639229
1962-02-13,9.111261582887481
1962-02-14,9.128772606393648
1962-02-15,9.176725950440934
1962-02-16,9.155109743915943
1962-02-19,9.099161495215766
1962-02-20,9.11439424213705
1962-02-21,9.086015028205521
1962-02-23,9.088227426594282
1962-02-26,9.055325427174004
1962-02-27,9.065559022113055
1962-02-28,9.075254810253762
1962-03-01,9.089766061981729
1962-03-02,9.078830893374095
1962-03-05,9.100351570597377
1962-03-06,9.078527745313613
1962-03-07,9.068610499478238
1962-03-08,9.127889086992406
1962-03-09,9.1558463000168
1962-03-12,9.143067863630005
1962-03-13,9.153012319998618
1962-03-14,9.202505397445565
1962-03-15,9.252268009721664
1962-03-16,9.252848435665088
1962-03-19,9.235212694777415
1962-03-20,9.242272411421018
1962-03-21,9.251600596815468
1962-03-22,9.243398708181212
1962-03-23,9.261079562992489
1962-03-26,9.20443058115003
1962-03-27,9.181260286770902
1962-03-28,9.218575464439454
1962-03-29,9.215990187388059
1962-03-30,9.147241885464737
1962-04-02,9.136388771200433
1962-04-03,9.080414929423078
1962-04-04,9.04516008874685
1962-04-05,9.098733195490425
1962-04-06,9.103747572785633
1962-04-09,9.03322068846641
1962-04-10,9.070610112159633
1962-04-11,9.044988629179684
1962-04-12,8.972213505209396
1962-04-13,8.978406223890074
1962-04-16,8.946399343977562
1962-04-17,8.994455191261434
1962-04-18,9.046166351546779
1962-04-19,9.100877892808668
1962-04-23,9.093445636535005
1962-04-24,9.085218470685495
1962-04-25,9.024814424863743
1962-04-26,8.963561239233847
1962-04-27,8.886571494155186
1962-04-30,8.739357823476377
1962-05-01,8.77145776590311
1962-05-02,8.831155205658947
1962-05-03,8.904840391667362
1962-05-04,8.875634528174572
1962-05-07,8.861877621378609
1962-05-08,8.744754670711234
1962-05-09,8.638520369390461
1962-05-10,8.531700703018682
1962-05-11,8.410799985173028
1962-05-14,8.439662451073373
1962-05-15,8.595153554022053
1962-05-16,8.60611753313798
1962-05-17,8.59594310978706
1962-05-18,8.590312623980827
1962-05-21,8.57052607881173
1962-05-22,8.428402015829993
1962-05-23,8.246501470088397
1962-05-24,8.1453986160768
1962-05-25,7.962114672603336
1962-05-28,7.46070375981979
1962-05-29,7.7530312638124474
1962-05-31,7.981664649386306
1962-06-01,7.999167414635179
1962-06-04,7.754808654871293
1962-06-05,7.779595806827154
1962-06-06,7.916712704418996
1962-06-07,7.93611245745024
1962-06-08,7.939268726809935
1962-06-11,7.8757727385256695
1962-06-12,7.725175424202732
1962-06-13,7.638297955987188
1962-06-14,7.474273016717729
1962-06-15,7.631141828609323
1962-06-18,7.631768533784301
1962-06-19,7.567177150697048
1962-06-20,7.485401764204701
1962-06-21,7.337203872357022
1962-06-22,7.216649250838791
1962-06-25,7.13044572715282
1962-06-26,7.1410755690343475
1962-06-27,7.158148182523026
1962-06-28,7.390645952211709
1962-06-29,7.4558005901361915
1962-07-02,7.584057210305882
1962-07-03,7.6545075664737245
1962-07-05,7.693298193749513
1962-07-06,7.636147166677302
1962-07-09,7.652499408832493
1962-07-10,7.73598363383531
1962-07-11,7.769711063205771
1962-07-12,7.824758451429181
1962-07-13,7.812070487092799
1962-07-16,7.820741668805842
1962-07-17,7.727922250539688
1962-07-18,7.661233680518306
1962-07-19,7.671587953323361
1962-07-20,7.716568643341534
1962-07-23,7.711991314103287
1962-07-24,7.6943264219755765
1962-07-25,7.700818650958743
1962-07-26,7.725282469181873
1962-07-27,7.784741374189635
1962-07-30,7.8587283985092355
1962-07-31,7.915764861127827
1962-08-01,7.871369023505623
1962-08-02,7.880368045769808
1962-08-03,7.89612434404873
1962-08-06,7.864774544147426
1962-08-07,7.830213522921115
1962-08-08,7.843004883296211
1962-08-09,7.839546577432813
1962-08-10,7.863914132352064
1962-08-13,7.883106232923322
1962-08-14,7.95446241468653
1962-08-15,7.982145650790633
1962-08-16,7.985544852960894
1962-08-17,8.054428501219487
1962-08-20,8.09161330964364
1962-08-21,8.06351526273044
1962-08-22,8.131547523634584
1962-08-23,8.124418575763494
1962-08-24,8.118800840894885
1962-08-27,8.122209270907595
1962-08-28,8.05011228309221
1962-08-29,8.045335356772304
1962-08-30,8.070459900549125
1962-08-31,8.110319484796312
1962-09-04,8.051083377359559
1962-09-05,8.025310478109578
1962-09-06,8.064985992340935
1962-09-07,8.066513901710174
1962-09-10,8.081684029693418
1962-09-11,8.097693902143657
1962-09-12,8.128983146689754
1962-09-13,8.111301363857567
1962-09-14,8.133050866615362
1962-09-17,8.147658878050784
1962-09-18,8.15207955508436
1962-09-19,8.15735346664471
1962-09-20,8.116609260119773
1962-09-21,8.013025326451071
1962-09-24,7.87919658233487
1962-09-25,7.91254004228143
1962-09-26,7.832470749636681
1962-09-27,7.794429666925136
1962-09-28,7.849287869489653
1962-10-01,7.775778208534187
1962-10-02,7.853138095073872
1962-10-03,7.8750984720729384
1962-10-04,7.95697654546921
1962-10-05,7.99230367037354
1962-10-08,7.983720398687939
1962-10-09,8.007148172450451
1962-10-10,8.00874848498948
1962-10-11,7.991438404207839
1962-10-12,7.976024878883142
1962-10-15,7.996215303118431
1962-10-16,7.996443986332696
1962-10-17,7.968560261052066
1962-10-18,7.916273261507975
1962-10-19,7.798309630219324
1962-10-22,7.693414086656184
1962-10-23,7.452954504375775
1962-10-24,7.688450019940268
1962-10-25,7.619792086508382
1962-10-26,7.625647753514587
1962-10-29,7.800302716948382
1962-10-30,7.910709181470766
1962-10-31,7.923299995583772
1962-11-01,7.96881596883072
1962-11-02,8.035101653880737
1962-11-05,8.125235399048794
1962-11-07,8.164389295201243
1962-11-08,8.124686589138516
1962-11-09,8.15533997550939
1962-11-12,8.233224130611083
1962-11-13,8.225457538372952
1962-11-14,8.3169244272102
1962-11-15,8.305803259615411
1962-11-16,8.312557167842186
1962-11-19,8.28266542528454
1962-11-20,8.378824576985718
1962-11-21,8.404123510629201
1962-11-23,8.481431934780248
1962-11-26,8.462037371237626
1962-11-27,8.482763581694016
1962-11-28,8.530590972453348
1962-11-29,8.577005197460783
1962-11-30,8.565276244420156
1962-12-03,8.551748731672543
1962-12-04,8.618466646691404
1962-12-05,8.661075299527115
1962-12-06,8.700868791794104
1962-12-07,8.768055476077812
1962-12-10,8.658377428891866
1962-12-11,8.653234176932463
1962-12-12,8.682323118416269
1962-12-13,8.651974855711323
1962-12-14,8.68323166247337
1962-12-17,8.671215782358868
1962-12-18,8.646906567285567
1962-12-19,8.748643332116247
1962-12-20,8.777298108486427
1962-12-21,8.738497156989048
1962-12-24,8.72397836110937
1962-12-26,8.777866512092112
1962-12-27,8.752865154392872
1962-12-28,8.753186616842417
1962-12-31,8.770223533400078
1963-01-02,8.696352725954759
1963-01-03,8.830772041411858
1963-01-04,8.868474000784044
1963-01-07,8.866279869555623
1963-01-08,8.952073995465128
1963-01-09,8.927479518163537
1963-01-10,8.943097566801253
1963-01-11,8.96118049793564
1963-01-14,8.996674160751304
1963-01-15,8.997029844113204
1963-01-16,8.95381430924834
1963-01-17,9.00793548538066
1963-01-18,9.010210146977983
1963-01-21,9.023800697475883
1963-01-22,9.032976530717237
1963-01-23,9.05255856605938
1963-01-24,9.089753255258335
1963-01-25,9.132809054933109
1963-01-28,9.180326766446939
1963-01-29,9.186095133708426
1963-01-30,9.138690453733503
1963-01-31,9.190144097987506
1963-02-01,9.203794520943713
1963-02-04,9.197156566134188
1963-02-05,9.18240333809284
1963-02-06,9.22441143080401
1963-02-07,9.230940749667399
1963-02-08,9.22351346208694
1963-02-11,9.158357402758826
1963-02-12,9.168659013703676
1963-02-13,9.208772577378056
1963-02-14,9.23894171300559
1963-02-15,9.248369835268957
1963-02-18,9.253598309557267
1963-02-19,9.216578265663918
1963-02-20,9.171884033823854
1963-02-21,9.181883407033023
1963-02-25,9.128404175729093
1963-02-26,9.13455018035599
1963-02-27,9.068618782945448
1963-02-28,8.972693423010453
1963-03-01,8.949390523539341
1963-03-04,9.035003174464046
1963-03-05,9.051463589669693
1963-03-06,9.071594055535089
1963-03-07,9.138130065634494
1963-03-08,9.16026608718136
1963-03-11,9.181326602946939
1963-03-12,9.215639323947075
1963-03-13,9.251003674117312
1963-03-14,9.219215638400884
1963-03-15,9.270879742295241
1963-03-18,9.24058144870847
1963-03-19,9.21996351098816
1963-03-20,9.290340207577355
1963-03-21,9.290930997254087
1963-03-22,9.337219541048228
1963-03-25,9.358700835371502
1963-03-26,9.386217229255
1963-03-27,9.416552890250221
1963-03-28,9.409848402288043
1963-03-29,9.41208928759483
1963-04-01,9.47562136656717
1963-04-02,9.495158840897082
1963-04-03,9.566523709312701
1963-04-04,9.613859787521466
1963-04-05,9.648770196677066
1963-04-08,9.664109059134736
1963-04-09,9.661652672783298
1963-04-10,9.626358445234109
1963-04-11,9.711918331092335
1963-04-15,9.770294009429554
1963-04-16,9.763129718875073
1963-04-17,9.737615823416473
1963-04-18,9.764229886302424
1963-04-19,9.819615605146957
1963-04-22,9.836987305208043
1963-04-23,9.869836931504164
1963-04-24,9.877000777020156
1963-04-25,9.877411585283863
1963-04-26,9.846484443670915
1963-04-29,9.86150059432243
1963-04-30,9.899684596198021
1963-05-01,9.926321999857105
1963-05-02,9.966623811677783
1963-05-03,9.950356423794629
1963-05-06,9.877499532838987
1963-05-07,9.908075299293511
1963-05-08,10.003791851412034
1963-05-09,10.0402649224115
1963-05-10,10.075685756676332
1963-05-13,10.070119963901634
1963-05-14,10.051129678807301
1963-05-15,10.078508022685343
1963-05-16,10.07489658203983
1963-05-17,10.068214289655653
1963-05-20,10.049727258483577
1963-05-21,10.07602178403475
1963-05-22,10.088937033511073
1963-05-23,10.097980180958329
1963-05-24,10.10359106098679
1963-05-27,10.118314902455973
1963-05-28,10.159071316781073
1963-05-29,10.210950158226817
1963-05-31,10.256471263752166
1963-06-03,10.255750953271171
1963-06-04,10.242105896133598
1963-06-05,10.2145616098087
1963-06-06,10.224875364789968
1963-06-07,10.198672243350051
1963-06-10,10.137095468307606
1963-06-11,10.149289805030254
1963-06-12,10.18889248973601
1963-06-13,10.16420085853788
1963-06-14,10.17147758889494
1963-06-17,10.14226110595762
1963-06-18,10.160981880154983
1963-06-19,10.167263791022801
1963-06-20,10.157282281308998
1963-06-21,10.206499707107968
1963-06-24,10.233860066585832
1963-06-25,10.213674173716003
1963-06-26,10.12814684907627
1963-06-27,10.074602804117202
1963-06-28,10.135434535399611
1963-07-01,10.073965755082677
1963-07-02,10.155546577749869
1963-07-03,10.212084062676691
1963-07-05,10.249183381218337
1963-07-08,10.179111416086865
1963-07-09,10.240889182880846
1963-07-10,10.236353906488185
1963-07-11,10.215400826186292
1963-07-12,10.200073456550085
1963-07-15,10.13018070251519
1963-07-16,10.125424475311156
1963-07-17,10.096905143425017
1963-07-18,10.035428879787041
1963-07-19,10.0105565598918
1963-07-22,9.935134334722516
1963-07-23,9.920393924665031
1963-07-24,9.976398634470623
1963-07-25,9.979102603381333
1963-07-26,10.04069315415759
1963-07-29,10.065489328831426
1963-07-30,10.165853725072509
1963-07-31,10.155033441765971
1963-08-01,10.147862236320455
1963-08-02,10.187102978105168
1963-08-05,10.243573873035018
1963-08-06,10.29356277839836
1963-08-07,10.276723858756554
1963-08-08,10.289321312898567
1963-08-09,10.345303962713492
1963-08-12,10.370587201712315
1963-08-13,10.407931208931217
1963-08-14,10.404283858909103
1963-08-15,10.482588145799355
1963-08-16,10.510471466197126
1963-08-19,10.500420231580426
1963-08-20,10.503011337334208
1963-08-21,10.4812464211451
1963-08-22,10.523596151628523
1963-08-23,10.560224127243794
1963-08-26,10.577985996646705
1963-08-27,10.530758863118924
1963-08-28,10.62716618725027
1963-08-29,10.632408459043662
1963-08-30,10.683480220497257
1963-09-03,10.706313300475108
1963-09-04,10.694710418565146
1963-09-05,10.738233753483147
1963-09-06,10.698289411526451
1963-09-09,10.659842108869913
1963-09-10,10.728365310396935
1963-09-11,10.7487054524252
1963-09-12,10.736491072407953
1963-09-13,10.719530503163735
1963-09-16,10.718734302365782
1963-09-17,10.73062587807415
1963-09-18,10.675797400108626
1963-09-19,10.73376993097057
1963-09-20,10.749810998162214
1963-09-23,10.687647331580113
1963-09-24,10.69261978936132
1963-09-25,10.643708608035832
1963-09-26,10.540096227858013
1963-09-27,10.514141628683847
1963-09-30,10.430685097610557
1963-10-01,10.50877059626039
1963-10-02,10.535842204954264
1963-10-03,10.56236070194276
1963-10-04,10.574810652432632
1963-10-07,10.539387666727661
1963-10-08,10.527675963818949
1963-10-09,10.444051072530517
1963-10-10,10.437574466112464
1963-10-11,10.458272756100607
1963-10-14,10.457329729100783
1963-10-15,10.532912750392756
1963-10-16,10.641073768652713
1963-10-17,10.651935249255073
1963-10-18,10.664542851891662
1963-10-21,10.646023596248511
1963-10-22,10.611467658429643
1963-10-23,10.57506810199436
1963-10-24,10.613898745823038
1963-10-25,10.664609298442194
1963-10-28,10.670739370624936
1963-10-29,10.62932324330838
1963-10-30,10.562617639428016
1963-10-31,10.571756976281785
1963-11-01,10.593922814881807
1963-11-04,10.550431046282627
1963-11-06,10.463079257176949
1963-11-07,10.510138827698011
1963-11-08,10.557172655389316
1963-11-11,10.5831886401538
1963-11-12,10.544969795154424
1963-11-13,10.541694192830247
1963-11-14,10.508233279913657
1963-11-15,10.440229736339258
1963-11-18,10.356382484444877
1963-11-19,10.387029900368168
1963-11-20,10.427912397333856
1963-11-21,10.343604557762905
1963-11-22,10.077763278696292
1963-11-26,10.386494368285435
1963-11-27,10.379333034179611
1963-11-29,10.51457637406763
1963-12-02,10.555534028985816
1963-12-03,10.553224534884208
1963-12-04,10.591176776251165
1963-12-05,10.646488256646734
1963-12-06,10.613991274789571
1963-12-09,10.59580112850076
1963-12-10,10.638693460447172
1963-12-11,10.632323672570765
1963-12-12,10.622250480150528
1963-12-13,10.646158547425157
1963-12-16,10.688258692683746
1963-12-17,10.735491375693783
1963-12-18,10.690865620886358
1963-12-19,10.657536230652177
1963-12-20,10.624456076619097
1963-12-23,10.559045386266318
1963-12-24,10.600073198522391
1963-12-26,10.653899781593674
1963-12-27,10.666296256589412
1963-12-30,10.694549557943425
1963-12-31,10.760908371344543
1964-01-02,10.830691178534511
1964-01-03,10.84428895953416
1964-01-06,10.846101025050801
1964-01-07,10.849997837227567
1964-01-08,10.892896816128225
1964-01-09,10.949927179313697
1964-01-10,10.930833505010627
1964-01-13,10.899441783400922
1964-01-14,10.937735404210805
1964-01-15,10.93749179927853
1964-01-16,10.930303688598633
1964-01-17,10.956803221683272
1964-01-20,10.983836602333994
1964-01-21,11.010938585823515
1964-01-22,11.073679022756505
1964-01-23,11.056988847819197
1964-01-24,11.079108001523776
1964-01-27,11.072390071778912
1964-01-28,11.071314163397469
1964-01-29,11.0136114167556
1964-01-30,11.026537023898797
1964-01-31,11.056904900486389
1964-02-03,11.013468300207773
1964-02-04,10.982256678472458
1964-02-05,10.975351888250245
1964-02-06,11.007766822175567
1964-02-07,11.05738824172613
1964-02-10,11.042388009217992
1964-02-11,11.066488432252584
1964-02-12,11.09561726829354
1964-02-13,11.121123569793111
1964-02-14,11.123850853274027
1964-02-17,11.153632206157916
1964-02-18,11.17761759549047
1964-02-19,11.224454688932468
1964-02-20,11.252018605349376
1964-02-24,11.278586912166602
1964-02-25,11.267880908704685
1964-02-26,11.32449365540473
1964-02-27,11.287395405480723
1964-02-28,11.32215188425945
1964-03-02,11.343323026735536
1964-03-03,11.37029389837464
1964-03-04,11.360253108078037
1964-03-05,11.359952839324215
1964-03-06,11.391778975018857
1964-03-09,11.389526255501393
1964-03-10,11.412788227474673
1964-03-11,11.444709360748325
1964-03-12,11.471672401217123
1964-03-13,11.481702269947547
1964-03-16,11.498119990737475
1964-03-17,11.547323334485087
1964-03-18,11.591431726517008
1964-03-19,11.60306108351345
1964-03-20,11.569339584840172
1964-03-23,11.580338015503068
1964-03-24,11.54287560677517
1964-03-25,11.57258178486439
1964-03-26,11.614654652646596
1964-03-30,11.626097850326156
1964-03-31,11.61607345197172
1964-04-01,11.658114918662983
1964-04-02,11.736595685938038
1964-04-03,11.776434149796748
1964-04-06,11.818235591027271
1964-04-07,11.811148608313248
1964-04-08,11.82002634555976
1964-04-09,11.812083705560353
1964-04-10,11.83768082596306
1964-04-13,11.842810302720421
1964-04-14,11.868669762493923
1964-04-15,11.883188532429378
1964-04-16,11.88705125847268
1964-04-17,11.937811813589976
1964-04-20,11.947471512987661
1964-04-21,11.957780385054235
1964-04-22,11.940410259465587
1964-04-23,11.9242227211113
1964-04-24,11.818288395289915
1964-04-27,11.77486965816135
1964-04-28,11.856110407280362
1964-04-29,11.844959484165514
1964-04-30,11.80849533846713
1964-05-01,11.910118671891693
1964-05-04,12.021758180310295
1964-05-05,12.036642185278177
1964-05-06,12.065180922715996
1964-05-07,12.105868758473155
1964-05-08,12.102511934656498
1964-05-11,12.118246561319603
1964-05-12,12.170986078680285
1964-05-13,12.115287647797615
1964-05-14,12.10924159770028
1964-05-15,12.173293446455498
1964-05-18,12.12493140284387
1964-05-19,12.106614465951195
1964-05-20,12.15941047902221
1964-05-21,12.148510489538712
1964-05-22,12.146539672035251
1964-05-25,12.143255654881411
1964-05-26,12.121710751137819
1964-05-27,12.093638223982328
1964-05-28,12.116104433848198
1964-06-01,12.07957153983861
1964-06-02,12.007875538531772
1964-06-03,11.98084844848349
1964-06-04,11.823625571571332
1964-06-05,11.870877378179374
1964-06-08,11.797323429002649
1964-06-09,11.86610428241782
1964-06-10,11.935519887092589
1964-06-11,11.971083747615822
1964-06-12,11.978033751442515
1964-06-15,12.029906041830984
1964-06-16,12.096722806822534
1964-06-17,12.169677761879448
1964-06-18,12.163705599144755
1964-06-19,12.165074242868432
1964-06-22,12.199884718320224
1964-06-23,12.158438359561446
1964-06-24,12.207512460050458
1964-06-25,12.232774284911555
1964-06-26,12.260074831792041
1964-06-29,12.288182634117714
1964-06-30,12.330509214497916
1964-07-01,12.39824282524263
1964-07-02,12.435204837164008
1964-07-06,12.48019284955291
1964-07-07,12.490869919559103
1964-07-08,12.500257837401996
1964-07-09,12.502685081621925
1964-07-10,12.553547771793632
1964-07-13,12.52909008477188
1964-07-14,12.494616360792916
1964-07-15,12.534561441514045
1964-07-16,12.576580199279315
1964-07-17,12.638859081823249
1964-07-20,12.619961677059672
1964-07-21,12.61199010691042
1964-07-22,12.622934268908901
1964-07-23,12.630866454413255
1964-07-24,12.613553988054909
1964-07-27,12.563552378680734
1964-07-28,12.524816851629614
1964-07-29,12.556960234635062
1964-07-30,12.551616393372393
1964-07-31,12.56589753152156
1964-08-03,12.524976938932388
1964-08-04,12.392874762650282
1964-08-05,12.38940537063003
1964-08-06,12.303232657479446
1964-08-07,12.37669326659381
1964-08-10,12.388123097999022
1964-08-11,12.407331587493749
1964-08-12,12.482710002411862
1964-08-13,12.53542011098674
1964-08-14,12.526281993541755
1964-08-17,12.519028233726159
1964-08-18,12.521594344168744
1964-08-19,12.492879992169751
1964-08-20,12.442989410756764
1964-08-21,12.476632640471864
1964-08-24,12.46016599452049
1964-08-25,12.398705037846378
1964-08-26,12.363053550399982
1964-08-27,12.400648992671373
1964-08-28,12.444523431418236
1964-08-31,12.4116463211426
1964-09-01,12.495888809113922
1964-09-02,12.533117593321208
1964-09-03,12.547789608512115
1964-09-04,12.571944236605827
1964-09-08,12.594595627829456
1964-09-09,12.61417534914573
1964-09-10,12.674435778224003
1964-09-11,12.76149740229766
1964-09-14,12.736047543575443
1964-09-15,12.691789987263258
1964-09-16,12.698936749098976
1964-09-17,12.749708196471252
1964-09-18,12.727428341001241
1964-09-21,12.79666817466174
1964-09-22,12.820740654443354
1964-09-23,12.87063918627733
1964-09-24,12.894252281376907
1964-09-25,12.919978785547737
1964-09-28,12.94321424808556
1964-09-29,12.943220496555085
1964-09-30,12.936454496510914
1964-10-01,12.939987913636505
1964-10-02,12.948633026960124
1964-10-05,12.998436783321084
1964-10-06,13.008848345464836
1964-10-07,13.026714429296565
1964-10-08,13.074590440783806
1964-10-09,13.134176700419689
1964-10-12,13.141190535253266
1964-10-13,13.138944514958368
1964-10-14,13.12606446937746
1964-10-15,13.012300216319433
1964-10-16,13.107073304830509
1964-10-19,13.162524376854629
1964-10-20,13.200219981177332
1964-10-21,13.194769492564141
1964-10-22,13.180839895854822
1964-10-23,13.21011136216571
1964-10-26,13.214164826948755
1964-10-27,13.20160741135816
1964-10-28,13.139761080222685
1964-10-29,13.133564039744835
1964-10-30,13.162615033270283
1964-11-02,13.204833355092935
1964-11-04,13.188420353907508
1964-11-05,13.210472111026512
1964-11-06,13.266236540774377
1964-11-09,13.2593157652896
1964-11-10,13.230636403521842
1964-11-11,13.305880601790593
1964-11-12,13.351101602465127
1964-11-13,13.373066432044917
1964-11-16,13.424414952137859
1964-11-17,13.494122352122822
1964-11-18,13.552956651187419
1964-11-19,13.558437662734674
1964-11-20,13.60601600161078
1964-11-23,13.582448544229765
1964-11-24,13.527833178500691
1964-11-25,13.503850853437552
1964-11-27,13.43616935117228
1964-11-30,13.30723860499271
1964-12-01,13.140393328156232
1964-12-02,13.17081076156784
1964-12-03,13.21647541533896
1964-12-04,13.242235408884858
1964-12-07,13.261119815013565
1964-12-08,13.214508222605772
1964-12-09,13.149270227774595
1964-12-10,13.146697998719038
1964-12-11,13.15897406895151
1964-12-14,13.113723740591421
1964-12-15,13.062829165210248
1964-12-16,13.109128954075086
1964-12-17,13.159029748125244
1964-12-18,13.211761137680396
1964-12-21,13.219745820536641
1964-12-22,13.208969294646007
1964-12-23,13.199537804622036
1964-12-24,13.204254949160696
1964-12-28,13.194834984630328
1964-12-29,13.137275464925661
1964-12-30,13.198019090588241
1964-12-31,13.252147412963064
1965-01-04,13.164208827121504
1965-01-05,13.21389441511854
1965-01-06,13.25745740037615
1965-01-07,13.307192917647502
1965-01-08,13.335924366198508
1965-01-11,13.353361332251406
1965-01-12,13.39448306410222
1965-01-13,13.444189018524275
1965-01-14,13.463007749695311
1965-01-15,13.515351635250303
1965-01-18,13.549141300705926
1965-01-19,13.567538793036594
1965-01-20,13.5743003531659
1965-01-21,13.558182608912109
1965-01-22,13.587403058825569
1965-01-25,13.610543768461191
1965-01-26,13.598375633285155
1965-01-27,13.616248159189738
1965-01-28,13.672633290735078
1965-01-29,13.691787957514128
1965-02-01,13.670018809068148
1965-02-02,13.688099453548936
1965-02-03,13.704096238468981
1965-02-04,13.687658269649328
1965-02-05,13.672220161307061
1965-02-08,13.647210363494963
1965-02-09,13.69030680514668
1965-02-10,13.58080782770938
1965-02-11,13.447945607614757
1965-02-12,13.54005878483998
1965-02-15,13.539216447659916
1965-02-16,13.506074734156519
1965-02-17,13.532801758932154
1965-02-18,13.575743585422739
1965-02-19,13.604735993781894
1965-02-23,13.653987378787393
1965-02-24,13.733537644307518
1965-02-25,13.75897543273454
1965-02-26,13.759352399250737
1965-03-01,13.748377895428213
1965-03-02,13.774784251167045
1965-03-03,13.749512227582105
1965-03-04,13.715913283686396
1965-03-05,13.686885344504928
1965-03-08,13.686964531411643
1965-03-09,13.674472919817664
1965-03-10,13.664977359175245
1965-03-11,13.703981081868562
1965-03-12,13.718065210575652
1965-03-15,13.710247590122869
1965-03-16,13.709054708562046
1965-03-17,13.704477254233772
1965-03-18,13.647020655288605
1965-03-19,13.655608725213575
1965-03-22,13.64530115103276
1965-03-23,13.67391679841996
1965-03-24,13.70524148349783
1965-03-25,13.672078259108211
1965-03-26,13.613481694256738
1965-03-29,13.58287316016858
1965-03-30,13.592930322135974
1965-03-31,13.597100357040459
1965-04-01,13.605928425598474
1965-04-02,13.644764786538307
1965-04-05,13.638284290782721
1965-04-06,13.641696845901517
1965-04-07,13.654992909121539
1965-04-08,13.7229522587076
1965-04-09,13.780633836125345
1965-04-12,13.84070407262969
1965-04-13,13.852613968414987
1965-04-14,13.897033150001343
1965-04-15,13.888054432104452
1965-04-19,13.95855714529392
1965-04-20,13.978823334825561
1965-04-21,13.952742754929211
1965-04-22,14.00551019396425
1965-04-23,14.028097071227661
1965-04-26,14.02747164258064
1965-04-27,14.047080545122139
1965-04-28,14.04219651463737
1965-04-29,14.063637685533662
1965-04-30,14.101344344902314
1965-05-03,14.152777040588258
1965-05-04,14.232213530171743
1965-05-05,14.232424353753185
1965-05-06,14.247746278534768
1965-05-07,14.274742254525105
1965-05-10,14.282006732861793
1965-05-11,14.274455229531732
1965-05-12,14.289424796114659
1965-05-13,14.322293514433971
1965-05-14,14.291929222177728
1965-05-17,14.226259434747233
1965-05-18,14.164822645718584
1965-05-19,14.179241155469276
1965-05-20,14.116175169861037
1965-05-21,14.080532052952503
1965-05-24,13.996201359434664
1965-05-25,14.067540237009693
1965-05-26,14.04889485969396
1965-05-27,13.934871740947134
1965-05-28,14.003871975102996
1965-06-01,13.944800578108207
1965-06-02,13.802373924916045
1965-06-03,13.795762219363645
1965-06-04,13.7985042569328
1965-06-07,13.751558092806299
1965-06-08,13.602672133651025
1965-06-09,13.512205971728978
1965-06-10,13.420006335182027
1965-06-11,13.471029929363771
1965-06-14,13.299453325899648
1965-06-15,13.35991483493647
1965-06-16,13.504527138527132
1965-06-17,13.594668446946516
1965-06-18,13.576276460034713
1965-06-21,13.52992969572011
1965-06-22,13.528145887044241
1965-06-23,13.453667248368198
1965-06-24,13.269081947272324
1965-06-25,13.178228890169615
1965-06-28,12.92870107486819
1965-06-29,12.99528590793499
1965-06-30,13.292531646230133
1965-07-01,13.372598557239204
1965-07-02,13.457603754407739
1965-07-06,13.467658576566857
1965-07-07,13.429647144784838
1965-07-08,13.538996811023928
1965-07-09,13.617953689581952
1965-07-12,13.64235501159269
1965-07-13,13.621795607025168
1965-07-14,13.63551119692861
1965-07-15,13.62913102641128
1965-07-16,13.637857709952966
1965-07-19,13.621566495695602
1965-07-20,13.468072473841879
1965-07-21,13.37373314906756
1965-07-22,13.353163334340474
1965-07-23,13.353643492542524
1965-07-26,13.344119395201062
1965-07-27,13.320891760892417
1965-07-28,13.307179076816567
1965-07-29,13.378795557988703
1965-07-30,13.463410492626876
1965-08-02,13.50998102055044
1965-08-03,13.545782403793426
1965-08-04,13.59816492244636
1965-08-05,13.604992958788817
1965-08-06,13.650626217775777
1965-08-09,13.656786501016319
1965-08-10,13.659798345651497
1965-08-11,13.702894396711486
1965-08-12,13.742672761889033
1965-08-13,13.787858040533292
1965-08-16,13.805080589709938
1965-08-17,13.81630397607104
1965-08-18,13.835815405633985
1965-08-19,13.834743258910255
1965-08-20,13.819546901656711
1965-08-23,13.804105663398696
1965-08-24,13.813200484050881
1965-08-25,13.816357780606552
1965-08-26,13.851886437397955
1965-08-27,13.880985525212843
1965-08-30,13.896555165310101
1965-08-31,13.91691596831207
1965-09-01,13.929860199444333
1965-09-02,13.97803759047619
1965-09-03,14.06185903658641
1965-09-07,14.11037363809669
1965-09-08,14.083194102325757
1965-09-09,14.083178463144169
1965-09-10,14.091945082191227
1965-09-13,14.092593599536379
1965-09-14,14.021170688892688
1965-09-15,14.069950209063474
1965-09-16,14.162392930277761
1965-09-17,14.182755557475202
1965-09-20,14.19105984630834
1965-09-21,14.116191932349793
1965-09-22,14.178443476676952
1965-09-23,14.13303460801403
1965-09-24,14.172674818997645
1965-09-27,14.23757771264863
1965-09-28,14.195940183636658
1965-09-29,14.124623576378218
1965-09-30,14.110606014467812
1965-10-01,14.09806507292841
1965-10-04,14.130315249104346
1965-10-05,14.213278542364291
1965-10-06,14.214737906498787
1965-10-07,14.223876573636797
1965-10-08,14.323857278566578
1965-10-11,14.424782686825678
1965-10-12,14.418723543421176
1965-10-13,14.431481065110262
1965-10-14,14.419349325393334
1965-10-15,14.479270766332654
1965-10-18,14.54187716938631
1965-10-19,14.557696164236248
1965-10-20,14.585967201020521
1965-10-21,14.62566850541414
1965-10-22,14.612059769771788
1965-10-25,14.498297564129372
1965-10-26,14.54393675666717
1965-10-27,14.638795499890968
1965-10-28,14.623285773211412
1965-10-29,14.678091736896416
1965-11-01,14.66052994630652
1965-11-03,14.671314226686665
1965-11-04,14.746445446444366
1965-11-05,14.779638868052297
1965-11-08,14.755346626706459
1965-11-09,14.721340495015784
1965-11-10,14.750233073140166
1965-11-11,14.78306045335696
1965-11-12,14.874230914949406
1965-11-15,14.946195612739157
1965-11-16,14.950404006595377
1965-11-17,14.917244567485687
1965-11-18,14.88501187749119
1965-11-19,14.933094162420401
1965-11-22,14.886068940108864
1965-11-23,14.926078920494426
1965-11-24,14.967061896610975
1965-11-26,15.029624759306719
1965-11-29,15.056518301751773
1965-11-30,15.054172744485536
1965-12-01,15.061284685489241
1965-12-02,15.021472486899432
1965-12-03,15.045024917106494
1965-12-06,14.893034076611267
1965-12-07,15.056205247945195
1965-12-08,15.092645919424074
1965-12-09,15.148997142293817
1965-12-10,15.203235966290528
1965-12-13,15.235313161711803
1965-12-14,15.241348138963975
1965-12-15,15.23473662424665
1965-12-16,15.32984089790412
1965-12-17,15.354907103687228
1965-12-20,15.29675925309049
1965-12-21,15.366470593813592
1965-12-22,15.350544682132915
1965-12-23,15.28730789318822
1965-12-27,15.230880485224018
1965-12-28,15.221064126528448
1965-12-29,15.251885592563905
1965-12-30,15.279690258236618
1965-12-31,15.319757913703713
1966-01-03,15.290592783764463
1966-01-04,15.299015364967522
1966-01-05,15.391851113070725
1966-01-06,15.412058170570816
1966-01-07,15.41198794729679
1966-01-10,15.508494359455312
1966-01-11,15.598325257054531
1966-01-12,15.616407006755994
1966-01-13,15.69897594491969
1966-01-14,15.732975786943783
1966-01-17,15.787597175380839
1966-01-18,15.807223803953663
1966-01-19,15.725070860595345
1966-01-20,15.707343627196861
1966-01-21,15.744581137093036
1966-01-24,15.830614411764822
1966-01-25,15.960904344003227
1966-01-26,15.978776636064868
1966-01-27,16.017795995435815
1966-01-28,15.992668121575742
1966-01-31,15.900503490462361
1966-02-01,15.67935888081308
1966-02-02,15.741375094014023
1966-02-03,15.76957295517418
1966-02-04,15.877196355283562
1966-02-07,15.978061927228325
1966-02-08,16.026228709087967
1966-02-09,16.213963150762442
1966-02-10,16.266788066820222
1966-02-11,16.334201935029306
1966-02-14,16.334956050061177
1966-02-15,16.27982339399104
1966-02-16,16.311940713793124
1966-02-17,16.225602774989724
1966-02-18,16.200432512980147
1966-02-21,16.090037078304718
1966-02-23,16.010930331163937
1966-02-24,15.96555325610657
1966-02-25,16.067796379236356
1966-02-28,16.194737785864007
1966-03-01,15.944569255513262
1966-03-02,15.729050538322422
1966-03-03,15.840942947156446
1966-03-04,15.74531862417275
1966-03-07,15.456704689828607
1966-03-08,15.447917257236439
1966-03-09,15.632406532868337
1966-03-10,15.597084362105369
1966-03-11,15.548283341970922
1966-03-14,15.327683246790555
1966-03-15,15.142288570096873
1966-03-16,15.253387386430257
1966-03-17,15.338714785241349
1966-03-18,15.488548849475347
1966-03-21,15.720952607262392
1966-03-22,15.790331152644471
1966-03-23,15.770827035553852
1966-03-24,15.856090587580443
1966-03-25,15.985161077675201
1966-03-28,16.09192978956127
1966-03-29,16.013681494727738
1966-03-30,15.86186236580876
1966-03-31,15.970558390971869
1966-04-01,16.138326584820742
1966-04-04,16.309810119372138
1966-04-05,16.410020323991436
1966-04-06,16.472373793727954
1966-04-07,16.621629175803257
1966-04-11,16.77364372753547
1966-04-12,16.74997361364317
1966-04-13,16.821278958246292
1966-04-14,16.931308208107342
1966-04-15,16.90981603480409
1966-04-18,16.762533073771134
1966-04-19,16.77255443956362
1966-04-20,16.840295693358634
1966-04-21,16.867304233317945
1966-04-22,16.799384715077306
1966-04-25,16.735172971148895
1966-04-26,16.757237557159687
1966-04-27,16.68625956354675
1966-04-28,16.533768426159796
1966-04-29,16.582084087255566
1966-05-02,16.555901536308376
1966-05-03,16.319513355816042
1966-05-04,16.20228386237284
1966-05-05,15.779077621266666
1966-05-06,15.719106129262201
1966-05-09,15.344597972894366
1966-05-10,15.522567739117418
1966-05-11,15.558051547346535
1966-05-12,15.290987221979806
1966-05-13,15.08820122074992
1966-05-16,14.771947112171995
1966-05-17,14.560761071984299
1966-05-18,15.010171567095313
1966-05-19,15.016435159913398
1966-05-20,15.155448879416587
1966-05-23,15.377519698908609
1966-05-24,15.53788911495101
1966-05-25,15.65128073075681
1966-05-26,15.658648704544236
1966-05-27,15.732624330946942
1966-05-31,15.457475011588137
1966-06-01,15.473219389866895
1966-06-02,15.471563512197482
1966-06-03,15.496635003863245
1966-06-06,15.34418954034995
1966-06-07,15.220821498524128
1966-06-08,15.324829792595875
1966-06-09,15.587105542693346
1966-06-10,15.816986409179256
1966-06-13,15.855981565364637
1966-06-14,15.952983565469754
1966-06-15,15.915416895248052
1966-06-16,15.969835968236172
1966-06-17,16.025364412111067
1966-06-20,16.039926693115873
1966-06-21,16.16008171097368
1966-06-22,16.213851537763283
1966-06-23,16.062789956415212
1966-06-24,16.009919003815327
1966-06-27,15.821371330283801
1966-06-28,15.793269975590453
1966-06-29,15.5626391989245
1966-06-30,15.558872721490294
1966-07-01,15.730513398417003
1966-07-05,15.710624765364056
1966-07-06,15.94662567824205
1966-07-07,16.002035106356402
1966-07-08,16.039594750088526
1966-07-11,16.01865480269858
1966-07-12,15.966090528515554
1966-07-13,15.85392167587841
1966-07-14,15.969614188914653
1966-07-15,16.02948590465434
1966-07-18,15.980193559140753
1966-07-19,15.808825382000892
1966-07-20,15.658193307826435
1966-07-21,15.669292537763774
1966-07-22,15.682602709558658
1966-07-25,15.252338035403394
1966-07-26,15.238914806017922
1966-07-27,15.345543318290359
1966-07-28,15.280672009093037
1966-07-29,15.276871254308915
1966-08-01,14.94965603780488
1966-08-02,14.96894340792589
1966-08-03,15.17323710931223
1966-08-04,15.319449320078824
1966-08-05,15.327831171051521
1966-08-08,15.303552119593057
1966-08-09,15.310149435458923
1966-08-10,15.22827320952053
1966-08-11,15.27867156770439
1966-08-12,15.407421664142307
1966-08-15,15.367329204305804
1966-08-16,15.150829065472516
1966-08-17,15.058703142784328
1966-08-18,14.82116292575825
1966-08-19,14.68559578517003
1966-08-22,14.35701993728444
1966-08-23,14.36413789987917
1966-08-24,14.531242544265245
1966-08-25,14.264601001150641
1966-08-26,13.819767818106268
1966-08-29,13.344444044883238
1966-08-30,13.671567158905559
1966-08-31,13.9262139853711
1966-09-01,13.900186966752585
1966-09-02,13.830423616933063
1966-09-06,13.714042128350679
1966-09-07,13.534052205948507
1966-09-08,13.50405189500435
1966-09-09,13.628626151327078
1966-09-12,13.982313101077356
1966-09-13,14.030918426107249
1966-09-14,14.221023663990444
1966-09-15,14.361207688572534
1966-09-16,14.341469620278883
1966-09-19,14.25813912413829
1966-09-20,14.163425316950528
1966-09-21,13.82628196922466
1966-09-22,13.902301554207481
1966-09-23,13.857127316015953
1966-09-26,13.952626112035185
1966-09-27,13.995423523126167
1966-09-28,13.787715269132473
1966-09-29,13.581291921470395
1966-09-30,13.625415958431583
1966-10-03,13.232832499203353
1966-10-04,13.2319094592287
1966-10-05,13.082690071103269
1966-10-06,12.867612783282873
1966-10-07,12.603945153775125
1966-10-10,12.943556175193814
1966-10-11,12.963300811942824
1966-10-12,13.31567267490049
1966-10-13,13.35386754278154
1966-10-14,13.344811323927269
1966-10-17,13.460835801412983
1966-10-18,13.740430944192058
1966-10-19,13.594097579921952
1966-10-20,13.522315178642538
1966-10-21,13.543439212331252
1966-10-24,13.546574569079194
1966-10-25,13.577811105713957
1966-10-26,13.74624844196582
1966-10-27,13.85536104074972
1966-10-28,13.876674442407328
1966-10-31,13.8765622145775
1966-11-01,14.133408623913985
1966-11-02,14.194008194172403
1966-11-03,14.186841197098982
1966-11-04,14.296776690226068
1966-11-07,14.3304257764666
1966-11-09,14.54533762414047
1966-11-10,14.62817822289858
1966-11-11,14.645412427256012
1966-11-14,14.595594570594555
1966-11-15,14.74745981857808
1966-11-16,14.966865837564182
1966-11-17,14.811380023041167
1966-11-18,14.713209781075506
1966-11-21,14.485339733781318
1966-11-22,14.47696417674016
1966-11-23,14.67246625969395
1966-11-25,14.871341846829862
1966-11-28,14.90734599822509
1966-11-29,14.877601805978724
1966-11-30,14.998019127375137
1966-12-01,14.921204798270212
1966-12-02,14.903981535075943
1966-12-05,14.922471070795869
1966-12-06,15.059526240072401
1966-12-07,15.310075361866303
1966-12-08,15.362131440507294
1966-12-09,15.341861514389215
1966-12-12,15.501186434602898
1966-12-13,15.438673143470426
1966-12-14,15.419120653723505
1966-12-15,15.219248952383317
1966-12-16,15.221322943224692
1966-12-19,15.206188921550906
1966-12-20,15.182865855498122
1966-12-21,15.278775498521574
1966-12-22,15.34919231644667
1966-12-23,15.307992485763346
1966-12-27,15.216268653583604
1966-12-28,15.155329018605244
1966-12-29,15.124060477052815
1966-12-30,15.1692973066855
1967-01-03,15.104234910190987
1967-01-04,15.11025007988713
1967-01-05,15.26984534380963
1967-01-06,15.415857845455507
1967-01-09,15.598657420136838
1967-01-10,15.583083245785863
1967-01-11,15.756899744416819
1967-01-12,15.850926100344712
1967-01-13,16.009175374874744
1967-01-16,15.961711121886205
1967-01-17,16.146632897517716
1967-01-18,16.199565438032238
1967-01-19,16.211991713572402
1967-01-20,16.270130826946055
1967-01-23,16.30626301916072
1967-01-24,16.38822988012382
1967-01-25,16.26085605144249
1967-01-26,16.30032921276295
1967-01-27,16.37796522036528
1967-01-30,16.506967900780612
1967-01-31,16.46035803949217
1967-02-01,16.40575231874835
1967-02-02,16.506076200263283
1967-02-03,16.572768392543757
1967-02-06,16.55741232980942
1967-02-07,16.54967195321112
1967-02-08,16.698843801925396
1967-02-09,16.666049263846357
1967-02-10,16.67381182835885
1967-02-13,16.71196433059287
1967-02-14,16.887183725292058
1967-02-15,16.947083991950883
1967-02-16,16.89109068817631
1967-02-17,16.911644177181177
1967-02-20,16.86122326364757
1967-02-21,16.87947007330523
1967-02-23,16.87308966485587
1967-02-24,16.88098496677215
1967-02-27,16.70892485865438
1967-02-28,16.799677840265012
1967-03-01,17.040015123916852
1967-03-02,17.13910986296748
1967-03-03,17.12673065329647
1967-03-06,17.096312650969505
1967-03-07,17.11735651416936
1967-03-08,17.11956321989933
1967-03-09,17.14371935964609
1967-03-10,17.150490733542316
1967-03-13,17.07896652202666
1967-03-14,17.023658337121248
1967-03-15,17.112505567810487
1967-03-16,17.242295491081965
1967-03-17,17.260323309674693
1967-03-20,17.228107222588736
1967-03-21,17.194537658789837
1967-03-22,17.230277923275505
1967-03-23,17.39569065003081
1967-03-27,17.45201554491754
1967-03-28,17.45919084442672
1967-03-29,17.46496107670895
1967-03-30,17.546840422508765
1967-03-31,17.464359348568223
1967-04-03,17.28737697163123
1967-04-04,17.28808614872731
1967-04-05,17.43187745968723
1967-04-06,17.489812738353105
1967-04-07,17.41438527034201
1967-04-10,17.174882399047764
1967-04-11,17.3175026566382
1967-04-12,17.302644357068132
1967-04-13,17.463740560419755
1967-04-14,17.594291695440315
1967-04-17,17.63963036668002
1967-04-18,17.77090165648403
1967-04-19,17.754154431586212
1967-04-20,17.762609704728778
1967-04-21,17.797329937126303
1967-04-24,17.85466455183722
1967-04-25,17.94576613147837
1967-04-26,17.945724149763368
1967-04-27,18.143461017939966
1967-04-28,18.103872420877988
1967-05-01,18.1102427146572
1967-05-02,18.09961859812948
1967-05-03,18.111956779264627
1967-05-04,18.123264535232753
1967-05-05,18.095534913406805
1967-05-08,18.048327864668025
1967-05-09,17.867637160295512
1967-05-10,17.886511859344004
1967-05-11,17.937888499141614
1967-05-12,17.937013564754643
1967-05-15,17.778062851347958
1967-05-16,17.947743198812272
1967-05-17,17.917066059079744
1967-05-18,17.887603767239032
1967-05-19,17.826512794385955
1967-05-22,17.75250959294598
1967-05-23,17.705007089172945
1967-05-24,17.49027119150716
1967-05-25,17.616796503266883
1967-05-26,17.59107693940235
1967-05-29,17.559003823674317
1967-05-31,17.3059135254205
1967-06-01,17.53259191406334
1967-06-02,17.431964297434867
1967-06-05,17.1369150425779
1967-06-06,17.499063199058455
1967-06-07,17.669817140725957
1967-06-08,17.79578255782528
1967-06-09,17.868068732495267
1967-06-12,18.019770313990993
1967-06-13,18.145724444906925
1967-06-14,18.189343901660163
1967-06-15,18.200538954487698
1967-06-16,18.176347892996894
1967-06-19,18.213984111398858
1967-06-20,18.25541105598554
1967-06-21,18.248744196744006
1967-06-22,18.240645582334643
1967-06-23,18.270229087942
1967-06-26,18.2660547745324
1967-06-27,18.173416776796977
1967-06-28,18.16534145263334
1967-06-29,18.06613011845462
1967-06-30,18.05188561014266
1967-07-03,18.123561534690673
1967-07-05,18.251270826612814
1967-07-06,18.259829167242618
1967-07-07,18.376309848997472
1967-07-10,18.48196758051344
1967-07-11,18.545794272184658
1967-07-12,18.610677106270558
1967-07-13,18.64799051892347
1967-07-14,18.68374328665297
1967-07-17,18.691938765958056
1967-07-18,18.764911161573853
1967-07-19,18.804624244707256
1967-07-20,18.79634655991711
1967-07-21,18.75412079561275
1967-07-24,18.66724296328851
1967-07-25,18.681333852092965
1967-07-26,18.800763349112128
1967-07-27,18.88317894947127
1967-07-28,18.94818152191071
1967-07-31,18.991338749881265
1967-08-01,19.115555015479465
1967-08-02,19.189565791929287
1967-08-03,19.134782580624524
1967-08-04,19.192183618182376
1967-08-07,19.16480202203874
1967-08-08,19.184012203824345
1967-08-09,19.196950769304117
1967-08-10,19.117260997351806
1967-08-11,19.02135241632232
1967-08-14,18.91850535539664
1967-08-15,18.92025728888278
1967-08-16,18.93477740821307
1967-08-17,18.943274735091048
1967-08-18,18.98343726187062
1967-08-21,18.93337515726671
1967-08-22,18.864993695968355
1967-08-23,18.88838023470122
1967-08-24,18.776412889036653
1967-08-25,18.711360206596897
1967-08-28,18.721841335187246
1967-08-29,18.811004725691788
1967-08-30,18.88560358875266
1967-08-31,19.04158732813766
1967-09-01,19.124163654182723
1967-09-05,19.24546924597235
1967-09-06,19.2983311283395
1967-09-07,19.303323393031636
1967-09-08,19.348458320369737
1967-09-11,19.368763823000968
1967-09-12,19.46153877980376
1967-09-13,19.57627712803237
1967-09-14,19.592683125148973
1967-09-15,19.62647668393178
1967-09-18,19.65457095897824
1967-09-19,19.54547585220256
1967-09-20,19.568000495099014
1967-09-21,19.650844072886105
1967-09-22,19.675452609106177
1967-09-25,19.691426544922887
1967-09-26,19.521758237681563
1967-09-27,19.531390096125907
1967-09-28,19.520156641766828
1967-09-29,19.52240227010709
1967-10-02,19.47091644574824
1967-10-03,19.525692931913422
1967-10-04,19.51242049821335
1967-10-05,19.5153976641158
1967-10-06,19.620212417509478
1967-10-09,19.61955605732812
1967-10-10,19.48285456779079
1967-10-11,19.41654408445221
1967-10-12,19.300607122746896
1967-10-13,19.296773049025717
1967-10-16,19.13126990511819
1967-10-17,19.078274638677325
1967-10-18,19.10155524150461
1967-10-19,19.092043550580673
1967-10-20,19.000045339570917
1967-10-23,18.87166915461688
1967-10-24,18.793514581265725
1967-10-25,18.805287034716528
1967-10-26,18.895877874355502
1967-10-27,18.91005135375257
1967-10-30,18.855958203789555
1967-10-31,18.68050414185861
1967-11-01,18.51327186284647
1967-11-02,18.412989919104
1967-11-03,18.35266975418315
1967-11-06,18.2865634644207
1967-11-08,18.216117079592685
1967-11-09,18.24425087670332
1967-11-10,18.3287156867033
1967-11-13,18.264085553266387
1967-11-14,18.09751101027237
1967-11-15,18.180566926192927
1967-11-16,18.404828713128122
1967-11-17,18.53947822741529
1967-11-20,18.23117030549816
1967-11-21,18.573756766148872
1967-11-22,18.704277358083626
1967-11-24,18.728923101701323
1967-11-27,18.78347414493297
1967-11-28,18.822133344167103
1967-11-29,18.861000318365907
1967-11-30,18.805894743271285
1967-12-01,18.892136723164334
1967-12-04,19.014466748005223
1967-12-05,19.05046184969262
1967-12-06,19.104653346839456
1967-12-07,19.091813455702884
1967-12-08,19.127316613246084
1967-12-11,19.110352346554162
1967-12-12,19.109581545660248
1967-12-13,19.185755650839205
1967-12-14,19.248714610274877
1967-12-15,19.148325718857148
1967-12-18,19.029016114838363
1967-12-19,19.032990364285457
1967-12-20,19.140585787665437
1967-12-21,19.198422773465968
1967-12-22,19.171746408026614
1967-12-26,19.202215875094755
1967-12-27,19.363227711931472
1967-12-28,19.342202364347674
1967-12-29,19.485834235125093
1968-01-02,19.36522915673849
1968-01-03,19.278731686050044
1968-01-04,19.247150440211936
1968-01-05,19.37388850385985
1968-01-08,19.548701710567737
1968-01-09,19.63173379709615
1968-01-10,19.724078814062636
1968-01-11,19.91022309442133
1968-01-12,19.982512078572388
1968-01-15,20.010664976935065
1968-01-16,19.905364553535545
1968-01-17,19.97254545699249
1968-01-18,20.006549373349124
1968-01-19,19.921696926558152
1968-01-22,19.641542143985
1968-01-23,19.626226164583645
1968-01-24,19.529822412824586
1968-01-25,19.568540309698744
1968-01-26,19.60240431927527
1968-01-29,19.5448229816644
1968-01-30,19.44264792263248
1968-01-31,19.228070816563978
1968-02-01,19.29174235673867
1968-02-02,19.19344970495208
1968-02-05,19.10921355540939
1968-02-06,19.13745421402412
1968-02-07,19.18712253194322
1968-02-08,18.888875075460973
1968-02-09,18.60960733823835
1968-02-13,18.431642004782944
1968-02-14,18.67580964023539
1968-02-15,18.72621790085606
1968-02-16,18.64988775164067
1968-02-19,18.726990257367266
1968-02-20,18.899219126208617
1968-02-21,19.036888366062378
1968-02-23,18.920163507676758
1968-02-26,18.804570225798024
1968-02-27,18.9484120714703
1968-02-28,18.849472630087924
1968-02-29,18.695854570534237
1968-03-01,18.587364540914017
1968-03-04,18.264829480513015
1968-03-05,18.199841141839794
1968-03-06,18.576823422108678
1968-03-07,18.55385776354723
1968-03-08,18.528483504336283
1968-03-11,18.839088724082885
1968-03-12,18.93318809934208
1968-03-13,18.92468147745758
1968-03-14,18.499464578119543
1968-03-15,18.662624043764488
1968-03-18,18.821476193947642
1968-03-19,18.70373437706457
1968-03-20,18.71973957215912
1968-03-21,18.561490947929673
1968-03-22,18.599533116248466
1968-03-25,18.568763515709445
1968-03-26,18.709564231846635
1968-03-27,18.90623050036996
1968-03-28,18.924555208825137
1968-03-29,19.11102272277472
1968-04-01,19.58950727903391
1968-04-02,19.684054399259107
1968-04-03,19.891397445223596
1968-04-04,19.998297225441654
1968-04-05,19.881140074023296
1968-04-08,20.203299894385978
1968-04-10,20.45612950735371
1968-04-11,20.56994560037813
1968-04-15,20.55340625001628
1968-04-16,20.66145472077995
1968-04-17,20.771386108387222
1968-04-18,20.856874758948823
1968-04-19,20.53949962208605
1968-04-22,20.443909452203037
1968-04-23,20.740056913630042
1968-04-24,20.83550131443897
1968-04-25,20.955469593041666
1968-04-26,21.043603203881787
1968-04-29,21.119615409475536
1968-04-30,21.19927899016232
1968-05-01,21.30003402405866
1968-05-02,21.371881938138777
1968-05-03,21.411758166444653
1968-05-06,21.431124600807305
1968-05-07,21.545016032246405
1968-05-08,21.587260957469322
1968-05-09,21.500356994278615
1968-05-10,21.644444382464712
1968-05-13,21.64008207167764
1968-05-14,21.696919393675383
1968-05-15,21.72804516929566
1968-05-16,21.66312508717161
1968-05-17,21.597629795609127
1968-05-20,21.47306847287572
1968-05-21,21.6117163722496
1968-05-22,21.703450965676332
1968-05-23,21.76172592431755
1968-05-24,21.821028108972772
1968-05-27,21.787794533378683
1968-05-28,21.860311591904168
1968-05-29,21.916800461384526
1968-05-31,22.07127975119183
1968-06-03,22.249623700224053
1968-06-04,22.43949226824024
1968-06-05,22.298670314793746
1968-06-06,22.523219310152978
1968-06-07,22.672536660212273
1968-06-10,22.697008664560943
1968-06-11,22.77210274862962
1968-06-13,22.668942735931687
1968-06-14,22.615062078693576
1968-06-17,22.33496856612851
1968-06-18,22.331803516377597
1968-06-20,22.49737194079668
1968-06-21,22.552008583876585
1968-06-24,22.438830808205186
1968-06-25,22.41877254759601
1968-06-27,22.483302291480417
1968-06-28,22.408527568435193
1968-07-01,22.356837596699314
1968-07-02,22.51790523350808
1968-07-03,22.881953475074937
1968-07-08,23.21590252053095
1968-07-09,23.296646203593422
1968-07-11,23.380564396932865
1968-07-12,23.41261058224993
1968-07-15,23.396683637503276
1968-07-16,23.353214615232364
1968-07-18,23.32226499682338
1968-07-19,23.162558780334873
1968-07-22,22.80393048234693
1968-07-23,22.67164739052171
1968-07-25,22.343623608711372
1968-07-26,22.421817451904314
1968-07-29,22.22361576182944
1968-07-30,22.176414385010627
1968-08-01,22.085711999002477
1968-08-02,21.908456648536294
1968-08-05,22.01382843266542
1968-08-06,22.185662868613594
1968-08-08,22.21149797939193
1968-08-09,22.209372810687228
1968-08-12,22.438736170590214
1968-08-13,22.536562976058693
1968-08-15,22.520367560288403
1968-08-16,22.664234520059672
1968-08-19,22.784494306355075
1968-08-20,22.84772855338442
1968-08-22,22.748294588176794
1968-08-23,22.80938829380474
1968-08-26,22.85450885974122
1968-08-27,22.787236100026238
1968-08-29,22.712104592938903
1968-08-30,22.787709967016657
1968-09-03,22.878181580279744
1968-09-04,23.000964470215123
1968-09-05,23.1101406728142
1968-09-06,23.26720423859835
1968-09-09,23.356382073131687
1968-09-10,23.27116061697233
1968-09-12,23.264992439221878
1968-09-13,23.393915222326996
1968-09-16,23.5100031695669
1968-09-17,23.61868665180847
1968-09-19,23.707251078612494
1968-09-20,23.776294418699113
1968-09-23,23.8709033466109
1968-09-24,23.96048199654301
1968-09-26,23.983070609704704
1968-09-27,24.12825957057352
1968-09-30,24.291652700880835
1968-10-01,24.330868562479836
1968-10-03,24.394175464058726
1968-10-04,24.435985562839285
1968-10-07,24.434642800279395
1968-10-08,24.404147041532628
1968-10-10,24.32473957381251
1968-10-11,24.40792077321748
1968-10-14,24.476182612539677
1968-10-15,24.521407732710962
1968-10-17,24.696717213707768
1968-10-18,24.83199793921117
1968-10-21,24.882386166769585
1968-10-22,24.850707779683717
1968-10-24,24.825358945645245
1968-10-25,24.927009102324277
1968-10-28,24.890449536815634
1968-10-29,24.7538755213285
1968-10-31,24.72066204710376
1968-11-01,24.62221574432292
1968-11-04,24.571725029432127
1968-11-06,24.64041430953754
1968-11-07,24.641726187997836
1968-11-08,24.76369221612515
1968-11-12,24.930005147691954
1968-11-13,25.107056083501647
1968-11-14,25.16103112920373
1968-11-15,25.2073324811503
1968-11-18,25.206775605482086
1968-11-19,25.321282100240694
1968-11-21,25.266399207252952
1968-11-22,25.425876757056805
1968-11-25,25.52373592756068
1968-11-26,25.68990110008711
1968-11-27,25.865921507316365
1968-11-29,26.076613304187827
1968-12-02,26.065448081916255
1968-12-03,26.040873786760308
1968-12-05,26.042107140247577
1968-12-06,26.130583379655313
1968-12-09,26.165705636024946
1968-12-10,26.072330424066383
1968-12-12,26.13885076529106
1968-12-13,26.28461335950864
1968-12-16,26.173902032718306
1968-12-17,26.00378201470728
1968-12-19,25.96390306585321
1968-12-20,25.90770102272082
1968-12-23,25.637163203831093
1968-12-24,25.55176329342478
1968-12-26,25.586775050229274
1968-12-27,25.437405355095585
1968-12-30,25.11993286371171
1968-12-31,25.17484055587623
1969-01-02,25.16473254319066
1969-01-03,25.115165776382103
1969-01-06,24.844433148012136
1969-01-07,24.48126552393602
1969-01-08,24.340608814153452
1969-01-09,24.42617489205413
1969-01-10,24.421876891532232
1969-01-13,24.211780608288475
1969-01-14,24.382280166773754
1969-01-15,24.5022475262569
1969-01-16,24.62665815307016
1969-01-17,24.624944446376983
1969-01-20,24.619652515885782
1969-01-21,24.559066914022754
1969-01-22,24.613704171159036
1969-01-23,24.751129697549082
1969-01-24,24.771761390121803
1969-01-27,24.81063801374914
1969-01-28,24.876031946891466
1969-01-29,24.995917342927736
1969-01-30,25.02169895920993
1969-01-31,25.143089183424074
1969-02-03,25.16399248360458
1969-02-04,25.14169258762751
1969-02-05,25.2043707424454
1969-02-06,25.283978599765828
1969-02-07,25.273458959221003
1969-02-11,25.2595353546474
1969-02-12,25.23413815276203
1969-02-13,25.233221114678162
1969-02-14,25.25094798445215
1969-02-17,24.96637862195498
1969-02-18,24.605513307785362
1969-02-19,24.41108003846382
1969-02-20,24.13825289860757
1969-02-24,23.73177288111908
1969-02-25,23.57856988475318
1969-02-26,23.660834381505662
1969-02-27,23.544375900283754
1969-02-28,23.558542778770576
1969-03-03,23.593074283410953
1969-03-04,23.826039018346847
1969-03-05,23.91512239168922
1969-03-06,23.608372597068545
1969-03-07,23.563767005236535
1969-03-10,23.602650263411117
1969-03-11,23.72050970469401
1969-03-12,23.653204032891328
1969-03-13,23.488718510443682
1969-03-14,23.30933440201368
1969-03-17,23.328003247282023
1969-03-18,23.45897834257563
1969-03-19,23.656025093940066
1969-03-20,23.811044839438587
1969-03-21,23.805195982027016
1969-03-24,23.76755709244293
1969-03-25,23.810418760124282
1969-03-26,24.004541476421416
1969-03-27,24.151933605681894
1969-03-28,24.271346608585198
1969-04-01,24.23250596821139
1969-04-02,24.07029987826965
1969-04-03,23.979951617360616
1969-04-07,23.776735243983936
1969-04-08,23.83493401839805
1969-04-09,24.031730123867966
1969-04-10,24.131995372284443
1969-04-11,24.185696305778137
1969-04-14,24.172445986312855
1969-04-15,24.15748816508074
1969-04-16,23.900178084771714
1969-04-17,23.936393811777236
1969-04-18,24.0488687102168
1969-04-21,23.938158676731135
1969-04-22,23.98332424748259
1969-04-23,24.091072769903967
1969-04-24,24.16400416586489
1969-04-25,24.26006226895727
1969-04-28,24.309912601196793
1969-04-29,24.455096429004907
1969-04-30,24.702260275111808
1969-05-01,24.69606090751213
1969-05-02,24.812723237777792
1969-05-05,25.018490943205236
1969-05-06,25.123151733677627
1969-05-07,25.098246551344708
1969-05-08,25.163522779532364
1969-05-09,25.20854913277307
1969-05-12,25.19541484509625
1969-05-13,25.345340086468344
1969-05-14,25.479235203611566
1969-05-15,25.438755433975842
1969-05-16,25.403563690708072
1969-05-19,25.19350510667605
1969-05-20,25.029198341756235
1969-05-21,25.159105908005472
1969-05-22,25.21578386109719
1969-05-23,25.122057381915972
1969-05-26,25.10639285352816
1969-05-27,24.951674861634046
1969-05-28,24.866148833854574
1969-05-29,24.985333499817525
1969-06-02,24.85352572082008
1969-06-03,24.779719498244408
1969-06-04,24.782643324268253
1969-06-05,24.782702222915766
1969-06-06,24.610720824227936
1969-06-09,24.356581024346312
1969-06-10,24.17795382974442
1969-06-11,23.970635989390622
1969-06-12,23.643269462373834
1969-06-13,23.693751252669298
1969-06-16,23.594930193107565
1969-06-17,23.462261207685533
1969-06-18,23.42136865224208
1969-06-19,23.238498526811632
1969-06-20,23.053258853498008
1969-06-23,22.84405417898596
1969-06-24,23.023886072881787
1969-06-25,22.953383089004582
1969-06-26,22.929302172327326
1969-06-27,22.926318359023437
1969-06-30,23.005346741498723
1969-07-01,23.116000719593256
1969-07-02,23.242342825588196
1969-07-03,23.429771586834402
1969-07-07,23.348443853912766
1969-07-08,23.07760764551013
1969-07-09,22.929789893233608
1969-07-10,22.615245658047485
1969-07-11,22.73226234161253
1969-07-14,22.53366387262768
1969-07-15,22.42604703297447
1969-07-16,22.58308891244697
1969-07-17,22.665257715149995
1969-07-18,22.55982693816103
1969-07-22,22.23931892209427
1969-07-23,22.05919429895291
1969-07-24,22.00628892888819
1969-07-25,21.84363840162208
1969-07-28,21.371398457494575
1969-07-29,21.128218432117723
1969-07-30,21.14786935386867
1969-07-31,21.543249634094884
1969-08-01,21.917818619135303
1969-08-04,21.826481002732287
1969-08-05,21.924932047520144
1969-08-06,22.112950079191386
1969-08-07,22.151694272307562
1969-08-08,22.187296383236905
1969-08-11,22.08654662406044
1969-08-12,21.92963754354729
1969-08-13,21.923429435824936
1969-08-14,22.14495265149248
1969-08-15,22.419589045070815
1969-08-18,22.599961242110716
1969-08-19,22.820189750415896
1969-08-20,22.86771610277448
1969-08-21,22.97937857468102
1969-08-22,23.144666841355228
1969-08-25,22.91554026132252
1969-08-26,22.708852187578167
1969-08-27,22.82127109253694
1969-08-28,22.956943799432615
1969-08-29,23.16798093514273
1969-09-02,23.167050698607913
1969-09-03,22.994543326768632
1969-09-04,22.795712106011447
1969-09-05,22.661734522620346
1969-09-08,22.3937488055504
1969-09-09,22.55494530903904
1969-09-10,22.814702768648367
1969-09-11,22.801082342327806
1969-09-12,22.812626334767465
1969-09-15,22.84050819446986
1969-09-16,22.8686915976646
1969-09-17,22.862853217199955
1969-09-18,22.956234717334038
1969-09-19,23.007965311455333
1969-09-22,23.089140220648105
1969-09-23,23.1917292059536
1969-09-24,23.20021074693701
1969-09-25,23.132011717500347
1969-09-26,22.97622033730235
1969-09-29,22.78261685604964
1969-09-30,22.701113427335976
1969-10-01,22.578103096356866
1969-10-02,22.729796284794016
1969-10-03,22.770550386192543
1969-10-06,22.814945971825995
1969-10-07,22.809169077199574
1969-10-08,22.686670119980658
1969-10-09,22.782303091383657
1969-10-10,22.949956808101472
1969-10-13,23.22912465615481
1969-10-14,23.546305997792096
1969-10-15,23.569398360848698
1969-10-16,23.756518990884267
1969-10-17,23.729883877792513
1969-10-20,23.888951479233526
1969-10-21,24.10869385936202
1969-10-22,24.289645738171316
1969-10-23,24.21527657731754
1969-10-24,24.46567055971477
1969-10-27,24.437130643450562
1969-10-28,24.34938094516892
1969-10-29,24.06381829314087
1969-10-30,24.095069587647302
1969-10-31,24.097444122891346
1969-11-03,24.033639162109544
1969-11-04,24.018464669487674
1969-11-05,24.167737830911417
1969-11-06,24.32305456107826
1969-11-07,24.688913061582426
1969-11-10,24.683592010904675
1969-11-11,24.603948289044215
1969-11-12,24.511148460368293
1969-11-13,24.475937415665424
1969-11-14,24.396288446195907
1969-11-17,24.186884895026026
1969-11-18,24.16128988821977
1969-11-19,24.096050829111185
1969-11-20,23.88595950197192
1969-11-21,23.7507747427427
1969-11-24,23.509750332300165
1969-11-25,23.555457531193102
1969-11-26,23.65258185047076
1969-11-28,23.831054438858803
1969-12-01,23.754470292688026
1969-12-02,23.59491957442465
1969-12-03,23.377623609684935
1969-12-04,23.536324543605353
1969-12-05,23.43789779174088
1969-12-08,23.159027298641142
1969-12-09,23.153434034654612
1969-12-10,23.189027722185173
1969-12-11,23.231517243346453
1969-12-12,23.301998640920555
1969-12-15,23.25866024536565
1969-12-16,23.080824090565212
1969-12-17,22.964243314256017
1969-12-18,23.377883934108635
1969-12-19,23.535786152970108
1969-12-22,23.328241486564952
1969-12-23,23.113665642095295
1969-12-24,23.356843194119758
1969-12-26,23.56170510966061
1969-12-29,23.444267885150154
1969-12-30,23.499512293699556
1969-12-31,23.70462098759826
1970-01-02,23.81163295146298
1970-01-05,23.866132349625687
1970-01-06,23.819465960249623
1970-01-07,23.843338693722398
1970-01-08,23.873625604062006
1970-01-09,23.8808453692405
1970-01-12,23.737137577980594
1970-01-13,23.826187065616253
1970-01-14,23.844789688049147
1970-01-15,23.861983704879687
1970-01-16,23.68310089394083
1970-01-19,23.289152933800082
1970-01-20,23.386839967284665
1970-01-21,23.41197902435868
1970-01-22,23.378965120658332
1970-01-23,23.261887007761786
1970-01-26,22.930591979490423
1970-01-27,22.724298073377028
1970-01-28,22.404349799420775
1970-01-29,22.19990133509267
1970-01-30,22.078618423218252
1970-02-02,22.386685848346872
1970-02-03,22.65175878326328
1970-02-04,22.46413366800447
1970-02-05,22.4508558807622
1970-02-06,22.687308952759036
1970-02-09,22.936924164149232
1970-02-10,22.765236267495542
1970-02-11,22.965627603806265
1970-02-12,22.9578610613743
1970-02-13,23.014654505130082
1970-02-16,22.982864004993118
1970-02-17,22.925068362960907
1970-02-18,23.08834011215959
1970-02-19,23.069089438419603
1970-02-20,23.143493402873734
1970-02-24,23.04087897050892
1970-02-25,23.317089831635393
1970-02-26,23.19462557754611
1970-02-27,23.297937900085362
1970-03-02,23.25248537020947
1970-03-03,23.38791396381184
1970-03-04,23.308088063960813
1970-03-05,23.227071876845336
1970-03-06,23.050838034109056
1970-03-09,22.79017287907194
1970-03-10,22.850838394056233
1970-03-11,22.80730659385261
1970-03-12,22.732567519941302
1970-03-13,22.544378502684296
1970-03-16,22.274319681487604
1970-03-17,22.35307980082935
1970-03-18,22.40728517389299
1970-03-19,22.373208998169524
1970-03-20,22.24494445061277
1970-03-23,22.22568534119337
1970-03-24,22.442835043762575
1970-03-25,22.88660288773642
1970-03-26,22.89147273087817
1970-03-30,22.89825067564955
1970-03-31,22.88689956484129
1970-04-01,22.94646780376398
1970-04-02,22.768732083301867
1970-04-03,22.63661691002413
1970-04-06,22.438423535217076
1970-04-07,22.357786768344805
1970-04-08,22.338435368059578
1970-04-09,22.354202462275754
1970-04-10,22.235692604537615
1970-04-13,22.116765621394205
1970-04-14,21.92587699282437
1970-04-15,21.813530007764783
1970-04-16,21.506373304636295
1970-04-17,21.461602518745064
1970-04-20,21.55679541276084
1970-04-21,21.47462081805057
1970-04-22,21.141531406571794
1970-04-23,20.770873021704418
1970-04-24,20.754643687489185
1970-04-27,20.415054984036853
1970-04-28,20.06320962689839
1970-04-29,20.48143280530132
1970-04-30,20.38103658146062
1970-05-01,20.36375032973073
1970-05-04,19.810892437236934
1970-05-05,19.542192882512797
1970-05-06,19.78545098726483
1970-05-07,19.93190116162976
1970-05-08,19.838852209382463
1970-05-11,19.599712126140783
1970-05-12,19.393779366191083
1970-05-13,19.079118020033576
1970-05-14,18.809888081662944
1970-05-15,19.127083455689668
1970-05-18,19.184732962818504
1970-05-19,18.77117991452298
1970-05-20,18.221041999212407
1970-05-21,17.8654332163146
1970-05-22,17.80739072202464
1970-05-25,17.30270435601866
1970-05-26,17.118730660722402
1970-05-27,18.005461799839562
1970-05-28,18.425288269390133
1970-05-29,18.93545631115568
1970-06-01,19.23447170839437
1970-06-02,19.207933592026265
1970-06-03,19.321524097024856
1970-06-04,19.00951371507816
1970-06-05,18.732028249659205
1970-06-08,18.768694905511463
1970-06-09,18.84678855369712
1970-06-10,18.627779559013174
1970-06-11,18.343284418275893
1970-06-12,18.295630555110268
1970-06-15,18.385745685538495
1970-06-16,18.873502794900265
1970-06-17,18.845902125868516
1970-06-18,18.9843282754996
1970-06-19,19.085403556102527
1970-06-22,19.00476339561343
1970-06-23,18.534891956644234
1970-06-24,18.282306703913783
1970-06-25,18.25218142482884
1970-06-26,18.10786520244434
1970-06-29,17.998216674667606
1970-06-30,17.969454681747788
1970-07-01,18.142433963357778
1970-07-02,18.078210948651698
1970-07-06,17.838173052539208
1970-07-07,17.65062823595747
1970-07-08,18.033080821257464
1970-07-09,18.383557149625855
1970-07-10,18.528889481917915
1970-07-13,18.578461148738047
1970-07-14,18.5401590263414
1970-07-15,18.77862816908535
1970-07-16,18.9650390809389
1970-07-17,19.198790478304776
1970-07-20,19.207000665992435
1970-07-21,18.934080719746216
1970-07-22,18.95758329527495
1970-07-23,19.21172556910725
1970-07-24,19.209938933886338
1970-07-27,19.15807690812923
1970-07-28,19.229120478727175
1970-07-29,19.265792776821606
1970-07-30,19.21029751014919
1970-07-31,19.194488232382557
1970-08-03,18.935696501932075
1970-08-04,18.950254664898985
1970-08-05,18.891273156487298
1970-08-06,18.824189859972424
1970-08-07,18.82547516266249
1970-08-10,18.60237475464605
1970-08-11,18.48612177350549
1970-08-12,18.392120672110526
1970-08-13,18.246581872271022
1970-08-14,18.228420553304975
1970-08-17,18.265722448095705
1970-08-18,18.437489943146414
1970-08-19,18.564698906256513
1970-08-20,18.661424996597184
1970-08-21,18.91510304918207
1970-08-24,19.44267195767833
1970-08-25,19.546396019107984
1970-08-26,19.60723652600905
1970-08-27,19.590763975251598
1970-08-28,19.699787550689923
1970-08-31,19.678742987639477
1970-09-01,19.613270554095553
1970-09-02,19.635425617319505
1970-09-03,19.9572622371996
1970-09-04,20.10963816188506
1970-09-08,20.143095607070155
1970-09-09,20.148621008796436
1970-09-10,20.02521454669334
1970-09-11,20.101893893782457
1970-09-14,20.040064488515572
1970-09-15,19.85288412736505
1970-09-16,19.856239211377364
1970-09-17,19.842139802785454
1970-09-18,19.896133697491305
1970-09-21,19.83496661459518
1970-09-22,19.76640938888961
1970-09-23,19.955149615282565
1970-09-24,20.133466452188124
1970-09-25,20.192591741054187
1970-09-28,20.15083777632453
1970-09-29,20.244960536115656
1970-09-30,20.231589664176497
1970-10-01,20.199060017612943
1970-10-02,20.310740667752842
1970-10-05,20.47937077894186
1970-10-06,20.509709619243495
1970-10-07,20.487693193004738
1970-10-08,20.376974181428892
1970-10-09,20.232555899213658
1970-10-12,20.062556162427235
1970-10-13,19.979349058683752
1970-10-14,20.011418227941697
1970-10-15,20.06648682032251
1970-10-16,20.006313480525918
1970-10-19,19.801053224885024
1970-10-20,19.894889992348507
1970-10-21,19.884454129009338
1970-10-22,19.83631168015137
1970-10-23,19.869353429566612
1970-10-26,19.78566679329609
1970-10-27,19.7348445110092
1970-10-28,19.756703547386017
1970-10-29,19.755144531185454
1970-10-30,19.81309101947598
1970-11-02,19.895111862640636
1970-11-03,20.169933900526583
1970-11-04,20.267205975113836
1970-11-05,20.261259556816693
1970-11-06,20.270568109520244
1970-11-09,20.340292064988706
1970-11-10,20.32443005883632
1970-11-11,20.41292021729447
1970-11-12,20.184896835524157
1970-11-13,20.011254214281813
1970-11-16,19.990005689266663
1970-11-17,19.971444245280484
1970-11-18,19.840675911610514
1970-11-19,19.84906560176715
1970-11-20,20.044616720192902
1970-11-23,20.200167072797456
1970-11-24,20.30286114237542
1970-11-25,20.398633611806844
1970-11-27,20.56984935960366
1970-11-30,20.938751768768586
1970-12-01,20.968013836774475
1970-12-02,21.254385507063795
1970-12-03,21.365308228726015
1970-12-04,21.52610088552149
1970-12-07,21.597204193105117
1970-12-08,21.445369309432227
1970-12-09,21.500515025817624
1970-12-10,21.5755176571714
1970-12-11,21.680250703159626
1970-12-14,21.57003770138812
1970-12-15,21.509611818743274
1970-12-16,21.572142835704774
1970-12-17,21.650461158701837
1970-12-18,21.687276355681412
1970-12-21,21.62079268950624
1970-12-22,21.64761278993502
1970-12-23,21.68045318354683
1970-12-24,21.800131826571658
1970-12-28,21.889999157314417
1970-12-29,22.120506479344154
1970-12-30,22.207324898010548
1970-12-31,22.2207404507968
1971-01-04,21.992191360434568
1971-01-05,22.099716893873758
1971-01-06,22.21501324175088
1971-01-07,22.246196857331775
1971-01-08,22.212792626474737
1971-01-11,22.125788644428756
1971-01-12,22.273749877111836
1971-01-13,22.20608771898674
1971-01-14,22.26484457549404
1971-01-15,22.35107381708534
1971-01-18,22.370222351017315
1971-01-19,22.45231067112985
1971-01-20,22.471776662526928
1971-01-21,22.592986203673032
1971-01-22,22.74791446965713
1971-01-25,22.820166279641654
1971-01-26,22.82168381843298
1971-01-27,22.624141116716125
1971-01-28,22.75787726614795
1971-01-29,22.907440751413574
1971-02-01,23.060659678310603
1971-02-02,23.059342709515004
1971-02-03,23.04813774798846
1971-02-04,23.095471720183994
1971-02-05,23.21303579198857
1971-02-08,23.330068570763547
1971-02-09,23.342494837266166
1971-02-10,23.349335613479717
1971-02-11,23.417932090460663
1971-02-12,23.517388348522875
1971-02-16,23.611551075769583
1971-02-17,23.574739474080243
1971-02-18,23.487211517841935
1971-02-19,23.31250401953584
1971-02-22,23.082922488785478
1971-02-23,23.14694469124386
1971-02-24,23.264082074639987
1971-02-25,23.3894365642755
1971-02-26,23.255797607533363
1971-03-01,23.23079461056807
1971-03-02,23.216560847700098
1971-03-03,23.22848032590483
1971-03-04,23.48099365830764
1971-03-05,23.679801142487577
1971-03-08,23.743232130077242
1971-03-09,23.69747285259111
1971-03-10,23.644211661237836
1971-03-11,23.705333035393128
1971-03-12,23.74552795952926
1971-03-15,23.999908250149566
1971-03-16,24.072008039145977
1971-03-17,24.061184423408964
1971-03-18,24.067938904229184
1971-03-19,24.042155923597623
1971-03-22,24.020543366155902
1971-03-23,23.984286505393264
1971-03-24,23.88876814042563
1971-03-25,23.880372696157714
1971-03-26,23.9779857601306
1971-03-29,23.948321235836715
1971-03-30,23.987471164298597
1971-03-31,23.977935821516432
1971-04-01,24.00525853112292
1971-04-02,23.984676791327512
1971-04-05,24.018809671023124
1971-04-06,24.171092112701498
1971-04-07,24.32587397087439
1971-04-08,24.437119683257453
1971-04-12,24.652824579551485
1971-04-13,24.688159635178266
1971-04-14,24.71816470225534
1971-04-15,24.77332454691138
1971-04-16,24.80587699854086
1971-04-19,24.943964205601972
1971-04-20,24.819456960054247
1971-04-21,24.740799782649123
1971-04-22,24.786326115985496
1971-04-23,24.89098395504688
1971-04-26,24.913088286737313
1971-04-27,24.982556725849022
1971-04-28,25.059215094949337
1971-04-29,24.94111073080135
1971-04-30,24.8338686310132
1971-05-03,24.685349865398447
1971-05-04,24.842557813442625
1971-05-05,24.834361424074388
1971-05-06,24.728867140504125
1971-05-07,24.64912611386523
1971-05-10,24.553966790746955
1971-05-11,24.687133993623018
1971-05-12,24.763015062681223
1971-05-13,24.73450950092903
1971-05-14,24.66531209694991
1971-05-17,24.31987216477751
1971-05-18,24.31247193763926
1971-05-19,24.31857423266233
1971-05-20,24.343397520819547
1971-05-21,24.317277773940624
1971-05-24,24.185351207587612
1971-05-25,24.000980785716713
1971-05-26,24.011879177885575
1971-05-27,23.97413599313393
1971-05-28,24.050861758633815
1971-06-01,24.131726442978433
1971-06-02,24.314116598878936
1971-06-03,24.397976407402542
1971-06-04,24.47677801837464
1971-06-07,24.506213797917496
1971-06-08,24.341203815133454
1971-06-09,24.290043489104967
1971-06-10,24.377069807668526
1971-06-11,24.428444222939223
1971-06-14,24.224596081788118
1971-06-15,24.244584407905702
1971-06-16,24.283667236013617
1971-06-17,24.246439513947447
1971-06-18,23.857684062658077
1971-06-21,23.516405435617788
1971-06-22,23.442932993968682
1971-06-23,23.664765604506293
1971-06-24,23.610536343395207
1971-06-25,23.587505623807857
1971-06-28,23.470233130152216
1971-06-29,23.711956728273883
1971-06-30,23.924567703844723
1971-07-01,23.981760803090772
1971-07-02,24.033543915425085
1971-07-06,24.087472648628832
1971-07-07,24.19949273165425
1971-07-08,24.275721775440825
1971-07-09,24.275622587205586
1971-07-12,24.267648907476502
1971-07-13,23.98557333041582
1971-07-14,23.9441527358746
1971-07-15,24.02210498298545
1971-07-16,23.95187804428686
1971-07-19,23.90064420488817
1971-07-20,23.99029965171885
1971-07-21,23.986863756879213
1971-07-22,23.936377547904293
1971-07-23,23.880009522136607
1971-07-26,23.79054595051625
1971-07-27,23.627709281341247
1971-07-28,23.43296342955866
1971-07-29,23.109617809038973
1971-07-30,23.01449849125665
1971-08-02,23.138315835831236
1971-08-03,22.807736375743442
1971-08-04,22.71822248082777
1971-08-05,22.76649743523717
1971-08-06,22.836565587605026
1971-08-09,22.67213810389155
1971-08-10,22.68829301933903
1971-08-11,22.94605056053147
1971-08-12,23.258899375665443
1971-08-13,23.243780109340282
1971-08-16,24.03978475942118
1971-08-17,24.15342143966592
1971-08-18,23.91168725213559
1971-08-19,23.84510006607902
1971-08-20,23.89480833663436
1971-08-23,24.056995215547104
1971-08-24,24.254751610024215
1971-08-25,24.402474837547178
1971-08-26,24.440326528026407
1971-08-27,24.518463351006293
1971-08-30,24.28533607515777
1971-08-31,24.16860140292295
1971-09-01,24.20185940808776
1971-09-02,24.27204341219487
1971-09-03,24.515840424992238
1971-09-07,24.678146550770883
1971-09-08,24.731186904395297
1971-09-09,24.71647878601173
1971-09-10,24.642275504193645
1971-09-13,24.626385197118914
1971-09-14,24.474731812095783
1971-09-15,24.542688463861676
1971-09-16,24.523493002164273
1971-09-17,24.585421665634808
1971-09-20,24.540062424863294
1971-09-21,24.451472068675386
1971-09-22,24.302282748877712
1971-09-23,24.267082304366973
1971-09-24,24.30286327494169
1971-09-27,24.167905936536684
1971-09-28,24.192692475034907
1971-09-29,24.204051180978226
1971-09-30,24.286311837353573
1971-10-01,24.395649295243476
1971-10-04,24.405456558624326
1971-10-05,24.362088181394775
1971-10-06,24.54343518748692
1971-10-07,24.636086793031776
1971-10-08,24.539389304489443
1971-10-11,24.463969489739732
1971-10-12,24.466532223194505
1971-10-13,24.414118804594693
1971-10-14,24.19880649437312
1971-10-15,24.060023491890608
1971-10-18,23.896587664341325
1971-10-19,23.757124961148676
1971-10-20,23.47602789745972
1971-10-21,23.51770298303356
1971-10-22,23.554187415219886
1971-10-25,23.437508173192107
1971-10-26,23.364776282239205
1971-10-27,23.166841760513165
1971-10-28,23.2186181457466
1971-10-29,23.376816568281033
1971-11-01,23.100704749257652
1971-11-02,23.098201048166274
1971-11-03,23.44163499708969
1971-11-04,23.470869986386973
1971-11-05,23.440384260061176
1971-11-08,23.440454543806133
1971-11-09,23.521771296282346
1971-11-10,23.34129628972619
1971-11-11,23.008768956202427
1971-11-12,22.98697398424854
1971-11-15,22.882941077786796
1971-11-16,23.046675182939655
1971-11-17,23.08339669390592
1971-11-18,22.956990211770265
1971-11-19,22.755684337048784
1971-11-22,22.54892270367115
1971-11-23,22.34653006580791
1971-11-24,22.418709886218636
1971-11-26,22.83962414861024
1971-11-29,23.203068971226124
1971-11-30,23.362357100965745
1971-12-01,23.829858867984687
1971-12-02,23.8905509049736
1971-12-03,24.100061996957244
1971-12-06,24.122928364593506
1971-12-07,24.265453862705233
1971-12-08,24.322326951636747
1971-12-09,24.285147378587006
1971-12-10,24.415529750997823
1971-12-13,24.4400892799325
1971-12-14,24.343986784371435
1971-12-15,24.492994086098243
1971-12-16,24.6964269327268
1971-12-17,24.82935885187605
1971-12-20,25.163301059057407
1971-12-21,25.22256319994802
1971-12-22,25.06961322157346
1971-12-23,24.948941409427963
1971-12-27,24.941750961536545
1971-12-28,25.037431610579766
1971-12-29,25.12195719831846
1971-12-30,25.065800839412194
1971-12-31,25.191729950338928
1972-01-03,25.12521185682617
1972-01-04,25.16227237145784
1972-01-05,25.31441048202986
1972-01-06,25.41766008788205
1972-01-07,25.419473760190016
1972-01-10,25.379424733198103
1972-01-11,25.425644252566034
1972-01-12,25.423197952955956
1972-01-13,25.295434620592744
1972-01-14,25.32710347051123
1972-01-17,25.344444116266295
1972-01-18,25.432898513484872
1972-01-19,25.353377363949903
1972-01-20,25.325353670599583
1972-01-21,25.311904407248015
1972-01-24,25.05559840483006
1972-01-25,25.089807786841106
1972-01-26,25.06941657438475
1972-01-27,25.36837322579639
1972-01-28,25.629577088539143
1972-01-31,25.662731333145146
1972-02-01,25.711421143848252
1972-02-02,25.936184974595985
1972-02-03,26.01376211711996
1972-02-04,26.19685432774328
1972-02-07,26.07873663423896
1972-02-08,26.114200892472198
1972-02-09,26.334340696146075
1972-02-10,26.447911004879106
1972-02-11,26.355196358599553
1972-02-14,26.27669455105037
1972-02-15,26.352263932182815
1972-02-16,26.49490738916965
1972-02-17,26.560255676330016
1972-02-18,26.44813298498403
1972-02-22,26.397772477874824
1972-02-23,26.430462774920226
1972-02-24,26.507975019871033
1972-02-25,26.648625661306504
1972-02-28,26.62838710830617
1972-02-29,26.798155453444053
1972-03-01,27.079838031254226
1972-03-02,27.10069525708158
1972-03-03,27.277295061784937
1972-03-06,27.534385718841634
1972-03-07,27.610241604271636
1972-03-08,27.700806688362277
1972-03-09,27.70689381988878
1972-03-10,27.554539676271023
1972-03-13,27.23056204045169
1972-03-14,27.353208983489353
1972-03-15,27.419709166111907
1972-03-16,27.353935987955712
1972-03-17,27.40407278445047
1972-03-20,27.373998770485425
1972-03-21,27.132485155528098
1972-03-22,27.19867916612897
1972-03-23,27.50142930188866
1972-03-24,27.497429925545866
1972-03-27,27.448391570138504
1972-03-28,27.46952364980698
1972-03-29,27.332706370051874
1972-03-30,27.450551200986105
1972-04-03,27.49890515488602
1972-04-04,27.644672430167013
1972-04-05,27.901503028454655
1972-04-06,28.093401415966657
1972-04-07,28.2057913309165
1972-04-10,28.220708581283958
1972-04-11,28.38447664212198
1972-04-12,28.469977157487076
1972-04-13,28.426549470962552
1972-04-14,28.420977629303046
1972-04-17,28.355432881153607
1972-04-18,28.452388272721635
1972-04-19,28.307468008819946
1972-04-20,28.224248228447436
1972-04-21,28.171236895251777
1972-04-24,27.929065278375436
1972-04-25,27.648167364473075
1972-04-26,27.575653181971663
1972-04-27,27.60237416204407
1972-04-28,27.76610212247666
1972-05-01,27.48604439900556
1972-05-02,27.382746855074853
1972-05-03,27.307264146412578
1972-05-04,27.290971587977925
1972-05-05,27.381147649814782
1972-05-08,27.24708085094831
1972-05-09,26.924139133428234
1972-05-10,27.1072731669298
1972-05-11,27.19377113080182
1972-05-12,27.38821342281782
1972-05-15,27.555452018588635
1972-05-16,27.49861431180003
1972-05-17,27.5103250203979
1972-05-18,27.817801989090682
1972-05-19,28.125397214162273
1972-05-22,28.278497606645843
1972-05-23,28.390489917376197
1972-05-24,28.545904791008244
1972-05-25,28.59560428885313
1972-05-26,28.602893550414258
1972-05-30,28.555720698460743
1972-05-31,28.350134671648608
1972-06-01,28.408481720369938
1972-06-02,28.498966254604117
1972-06-05,28.310053661786068
1972-06-06,28.2257641364093
1972-06-07,28.120715146520208
1972-06-08,28.079580858505746
1972-06-09,27.94814874069747
1972-06-12,27.907342188744547
1972-06-13,27.969734579361504
1972-06-14,28.197251087187873
1972-06-15,28.153445642162776
1972-06-16,28.064120380863226
1972-06-19,28.04176476709936
1972-06-20,28.218132294503828
1972-06-21,28.266168978554
1972-06-22,28.23230705357429
1972-06-23,28.167567749923204
1972-06-26,28.0241292596754
1972-06-27,27.995571857619847
1972-06-28,27.920265122127052
1972-06-29,27.84185055872524
1972-06-30,27.98723127554629
1972-07-03,28.062555007365134
1972-07-05,28.24357374882455
1972-07-06,28.507295443779856
1972-07-07,28.41446740735664
1972-07-10,28.26515793412203
1972-07-11,28.089942645422994
1972-07-12,27.918983259957976
1972-07-13,27.747091540432546
1972-07-14,27.887805198658494
1972-07-17,27.584874070137314
1972-07-18,27.48694414233391
1972-07-19,27.59395841604438
1972-07-20,27.518589253060103
1972-07-21,27.69544221022178
1972-07-24,28.04981833451152
1972-07-25,28.089678271720476
1972-07-26,28.169597215395665
1972-07-27,28.092369051348502
1972-07-28,28.10931641238979
1972-07-31,28.121226536898156
1972-08-01,28.404706441992733
1972-08-02,28.67442280877824
1972-08-03,28.935070898397488
1972-08-04,29.05087799272856
1972-08-07,29.101627024155913
1972-08-08,29.083135564223756
1972-08-09,29.072795408708323
1972-08-10,29.19583386612735
1972-08-11,29.400143391247223
1972-08-14,29.59612896826635
1972-08-15,29.4273322622644
1972-08-16,29.280064618130623
1972-08-17,29.165525941315998
1972-08-18,29.17511041676788
1972-08-21,28.965141564154262
1972-08-22,28.92096029492154
1972-08-23,28.819587249320243
1972-08-24,28.537853736764596
1972-08-25,28.514220627285596
1972-08-28,28.371193294848002
1972-08-29,28.361242628121854
1972-08-30,28.42587130122882
1972-08-31,28.608102682897616
1972-09-01,28.798743772544572
1972-09-05,28.756850639872724
1972-09-06,28.536052668345928
1972-09-07,28.45473185406232
1972-09-08,28.436990956747408
1972-09-11,28.215227054484263
1972-09-12,27.898494499614564
1972-09-13,28.0364221654807
1972-09-14,28.081267559952266
1972-09-15,28.037812353587753
1972-09-18,27.94327897235616
1972-09-19,27.922171079379364
1972-09-20,27.965532310008886
1972-09-21,27.91371604316908
1972-09-22,27.86333923134279
1972-09-25,27.675525433868234
1972-09-26,27.70684240060348
1972-09-27,28.16289055946705
1972-09-28,28.331859388833188
1972-09-29,28.365000254371353
1972-10-02,28.218897250631105
1972-10-03,28.235226816530734
1972-10-04,28.07982690456658
1972-10-05,27.627012237076183
1972-10-06,27.91174588647904
1972-10-09,27.975938624797116
1972-10-10,27.994964787969806
1972-10-11,27.87348736963081
1972-10-12,27.597414347651092
1972-10-13,27.42734815021006
1972-10-16,27.052601674544437
1972-10-17,27.259327937186235
1972-10-18,27.48710632535573
1972-10-19,27.469873136351776
1972-10-20,27.79428351763099
1972-10-23,28.075103418697406
1972-10-24,28.174792322052735
1972-10-25,28.095432413159077
1972-10-26,28.169345708828526
1972-10-27,28.095263661422155
1972-10-30,28.130284562431786
1972-10-31,28.440665632879682
1972-11-01,28.77216432154591
1972-11-02,28.884076668317377
1972-11-03,29.06286681532226
1972-11-06,28.92864551639962
1972-11-08,28.69572159440887
1972-11-09,28.654252929780004
1972-11-10,28.629901155927527
1972-11-13,28.62128985255813
1972-11-14,28.91622742183803
1972-11-15,28.777658606111743
1972-11-16,28.86644321424196
1972-11-17,28.92701098712414
1972-11-20,28.924665216621683
1972-11-21,28.997004024895627
1972-11-22,29.177706296149
1972-11-24,29.18067542714034
1972-11-27,29.040360901647297
1972-11-28,28.99923349734149
1972-11-29,29.067522043482136
1972-11-30,29.167129008433694
1972-12-01,29.416848772959355
1972-12-04,29.550645632435533
1972-12-05,29.466931395586773
1972-12-06,29.57882619035003
1972-12-07,29.71289681169859
1972-12-08,29.758497277689624
1972-12-11,29.84201128326384
1972-12-12,29.781355241380066
1972-12-13,29.76857449073912
1972-12-14,29.691145967231094
1972-12-15,29.711257087854165
1972-12-18,29.404511684531283
1972-12-19,29.31186454743635
1972-12-20,29.23607896773522
1972-12-21,29.10556908758343
1972-12-22,29.255152489174133
1972-12-26,29.321951254263773
1972-12-27,29.375684376399732
1972-12-29,29.653158641655267
1973-01-02,29.867480019142764
1973-01-03,30.063882304282814
1973-01-04,29.949689156932344
1973-01-05,30.061272783237172
1973-01-08,30.09510196703671
1973-01-09,30.09963585382103
1973-01-10,30.15404535073561
1973-01-11,30.3854243881128
1973-01-12,30.193917193618365
1973-01-15,29.985626771330203
1973-01-16,29.908085607411085
1973-01-17,30.049089201820934
1973-01-18,30.15283640744255
1973-01-19,30.123477465701004
1973-01-22,30.041128378582698
1973-01-23,30.065238245200415
1973-01-24,29.77479458387071
1973-01-26,29.65074252422277
1973-01-29,29.49601961569027
1973-01-30,29.482879366719718
1973-01-31,29.570489707902194
1973-02-01,29.28666124168295
1973-02-02,29.14200762693809
1973-02-05,29.170002191698
1973-02-06,29.30146718571613
1973-02-07,29.079561259799355
1973-02-08,28.898200928382824
1973-02-09,29.30395091621914
1973-02-12,29.630851359860934
1973-02-13,29.772534444203686
1973-02-14,29.348338289699107
1973-02-15,29.145893045106625
1973-02-16,29.29139094272672
1973-02-20,29.32470108234566
1973-02-21,29.15923664264391
1973-02-22,29.149385029891512
1973-02-23,28.984743018897614
1973-02-26,28.698227525311683
1973-02-27,28.45940482632463
1973-02-28,28.55484782245051
1973-03-01,28.399680108061848
1973-03-02,28.60696090257727
1973-03-05,28.703168357187508
1973-03-06,29.126366340991652
1973-03-07,29.1905717387332
1973-03-08,29.19326575506076
1973-03-09,29.07334194201422
1973-03-12,29.143609419566495
1973-03-13,29.327522827624666
1973-03-14,29.47106956793677
1973-03-15,29.39221309581275
1973-03-16,29.249934669389376
1973-03-19,28.899362121512457
1973-03-20,28.8819492225788
1973-03-21,28.633302969005104
1973-03-22,28.151980532777458
1973-03-23,28.19254947081166
1973-03-26,28.45583157957317
1973-03-27,28.874070331123885
1973-03-28,28.91003879727598
1973-03-29,29.183635902097357
1973-03-30,28.858472695883865
1973-04-02,28.47697572711589
1973-04-03,28.274400324339066
1973-04-04,28.144075244652697
1973-04-05,28.032897594510096
1973-04-06,28.24578628480555
1973-04-09,28.613156779941804
1973-04-10,29.047325986929092
1973-04-11,29.215577350394863
1973-04-12,29.241976841986084
1973-04-13,29.18551301482406
1973-04-16,29.07693198427793
1973-04-17,29.02229220116735
1973-04-18,29.206713954946164
1973-04-19,29.46386155130025
1973-04-23,29.307054268273387
1973-04-24,28.988387204217954
1973-04-25,28.676324470834437
1973-04-26,28.752468712079718
1973-04-27,28.28767197007788
1973-04-30,28.21284871448327
1973-05-01,28.21669817077067
1973-05-02,28.56682278766825
1973-05-03,28.99512137554485
1973-05-04,29.134386135874376
1973-05-07,29.116443119606306
1973-05-08,29.260874602687934
1973-05-09,29.095794614874904
1973-05-10,28.954285396166355
1973-05-11,28.72280605325346
1973-05-14,28.245240950280294
1973-05-15,28.386008047972307
1973-05-16,28.419586256332014
1973-05-17,28.26983588492866
1973-05-18,27.88192262850826
1973-05-21,27.49686309459194
1973-05-22,27.61496159045681
1973-05-23,27.756888140842108
1973-05-24,28.336787733647782
1973-05-25,28.524381638817818
1973-05-29,28.500181037495935
1973-05-30,28.186753216532598
1973-05-31,28.028862791634022
1973-06-01,27.760892523095546
1973-06-04,27.541127058879407
1973-06-05,27.862505626175455
1973-06-06,27.81713767016889
1973-06-07,28.14791991010677
1973-06-08,28.511847881537726
1973-06-11,28.45607463420835
1973-06-12,28.763509167050177
1973-06-13,28.578539439740116
1973-06-14,28.426821196930153
1973-06-15,28.18398482483081
1973-06-18,27.90405459694293
1973-06-19,27.900830652907786
1973-06-20,27.955441960921434
1973-06-21,27.71931941086387
1973-06-22,27.827539889382532
1973-06-25,27.575401890649047
1973-06-26,27.748108382233404
1973-06-27,27.863938884872432
1973-06-28,28.041158330010717
1973-06-29,27.943265302050577
1973-07-02,27.74636208087539
1973-07-03,27.587394563561226
1973-07-05,27.57756210543852
1973-07-06,27.486591867005153
1973-07-09,27.590131396621224
1973-07-10,27.796504605647606
1973-07-11,28.17829367927149
1973-07-12,28.121183300467226
1973-07-13,27.785868108999004
1973-07-16,27.99300177178744
1973-07-17,28.08942409347444
1973-07-18,28.19015251527936
1973-07-19,28.11930614358821
1973-07-20,28.258241822952236
1973-07-23,28.351030099476873
1973-07-24,28.45436724475965
1973-07-25,28.67679314581622
1973-07-26,28.70380869851799
1973-07-27,28.634135077262773
1973-07-30,28.492679956737167
1973-07-31,28.30795909026364
1973-08-01,28.01863132691398
1973-08-02,27.86575215712856
1973-08-03,27.831797738821674
1973-08-06,27.760584993328276
1973-08-07,27.783827978941993
1973-08-08,27.57684283482756
1973-08-09,27.58183083192379
1973-08-10,27.40603073817126
1973-08-13,27.148969824994793
1973-08-14,26.88925706954516
1973-08-15,26.87540130553148
1973-08-16,26.804155752520945
1973-08-17,26.823874019834733
1973-08-20,26.71810374109445
1973-08-21,26.585199284347166
1973-08-22,26.450748653479533
1973-08-23,26.727645699848335
1973-08-24,26.67642407847088
1973-08-27,26.807499198242425
1973-08-28,26.90115334840094
1973-08-29,27.22912150693507
1973-08-30,27.22273975344303
1973-08-31,27.329814693942225
1973-09-04,27.44290218411384
1973-09-05,27.63128238520543
1973-09-06,27.758237367945917
1973-09-07,27.62753684335022
1973-09-10,27.342068853231975
1973-09-11,27.2856322478661
1973-09-12,27.248066686181737
1973-09-13,27.346654905177047
1973-09-14,27.56544072361628
1973-09-17,27.65529984974199
1973-09-18,27.688617028643353
1973-09-19,28.266445066736548
1973-09-20,28.583684625402398
1973-09-21,28.706883825409243
1973-09-24,28.79362670012114
1973-09-25,28.863550376127186
1973-09-26,29.042959552287375
1973-09-27,29.19135678961243
1973-09-28,29.085430689706826
1973-10-01,28.94305546168392
1973-10-02,29.042919346316992
1973-10-03,29.17034463705107
1973-10-04,29.01213966208229
1973-10-05,29.41667639879051
1973-10-08,29.534332495216134
1973-10-09,29.37173258372077
1973-10-10,29.08037758996263
1973-10-11,29.586736362126924
1973-10-12,29.80682271580175
1973-10-15,29.41039697369201
1973-10-16,29.44403094407335
1973-10-17,29.398539118550843
1973-10-18,29.44104539025877
1973-10-19,29.55319633442986
1973-10-22,29.40497066800667
1973-10-23,29.4856431629137
1973-10-24,29.617311196057088
1973-10-25,29.771220903520632
1973-10-26,30.065730219036542
1973-10-29,30.039927054545046
1973-10-30,29.527991362191276
1973-10-31,29.22252060580359
1973-11-01,29.08290380445141
1973-11-02,28.948379936687974
1973-11-05,28.53622551932175
1973-11-06,28.393582593411395
1973-11-07,28.58915373835023
1973-11-08,28.90166961863884
1973-11-09,28.417032013061018
1973-11-12,28.16951334651153
1973-11-13,28.202527686919016
1973-11-14,27.675234823075662
1973-11-15,27.751467662407187
1973-11-16,28.083951377800318
1973-11-19,27.246538767060166
1973-11-20,26.682982867883158
1973-11-21,27.07520603425824
1973-11-23,27.14387435484782
1973-11-26,26.423770802234518
1973-11-27,26.272289806631797
1973-11-28,26.714634693403383
1973-11-29,26.63264315965514
1973-11-30,26.329109874509605
1973-12-03,25.860309535205158
1973-12-04,25.88522748433934
1973-12-05,25.43112846871764
1973-12-06,26.01221341863055
1973-12-07,26.599015398482745
1973-12-10,27.029634417714316
1973-12-11,26.52823787069385
1973-12-12,25.677799778690957
1973-12-13,25.167062285564466
1973-12-14,25.48377454222115
1973-12-17,25.354872438147606
1973-12-18,25.944941357524797
1973-12-19,25.931512136345948
1973-12-20,25.829214395510437
1973-12-21,25.55077607948304
1973-12-24,25.312084839417434
1973-12-26,26.113744863690158
1973-12-27,26.67982787615923
1973-12-28,26.722369499999406
1973-12-31,26.83302968378602
1974-01-02,26.877341488934462
1974-01-03,27.530195247532234
1974-01-04,27.302661769120384
1974-01-07,27.067128490419357
1974-01-08,26.523026318205638
1974-01-09,25.821820593051807
1974-01-10,25.49876589643586
1974-01-11,25.706522010077762
1974-01-14,25.589576783893477
1974-01-15,25.866777291277135
1974-01-16,26.227687689402284
1974-01-17,26.520025090882427
1974-01-18,26.080170452644126
1974-01-21,25.986462192014773
1974-01-22,26.27144774885924
1974-01-23,26.36406530839354
1974-01-24,26.3585428943674
1974-01-25,26.37054943847867
1974-01-28,26.247485943746067
1974-01-29,26.18312670792139
1974-01-30,26.46818766644332
1974-01-31,26.339421260006855
1974-02-01,26.083749109505554
1974-02-04,25.576430304558098
1974-02-05,25.513939824683966
1974-02-06,25.585967723012576
1974-02-07,25.605791447120094
1974-02-08,25.426881485974317
1974-02-11,25.03813251106623
1974-02-12,25.047601541394457
1974-02-13,25.067549832619314
1974-02-14,25.071945429482373
1974-02-15,25.383791609588428
1974-02-19,25.36552633289971
1974-02-20,25.680003360146713
1974-02-21,26.01127596661103
1974-02-22,26.30927185469426
1974-02-25,26.20439791137352
1974-02-26,26.41324694494731
1974-02-27,26.537346360008986
1974-02-28,26.491598931569477
1974-03-01,26.338735514497706
1974-03-04,26.32846966562221
1974-03-05,26.779830535600137
1974-03-06,26.88110958255347
1974-03-07,26.65411866033626
1974-03-08,26.80966726303995
1974-03-11,27.01859428726411
1974-03-12,27.012353561295566
1974-03-13,27.117826866500558
1974-03-14,27.144334863134727
1974-03-15,27.08412759736345
1974-03-18,26.75041532515378
1974-03-19,26.494971542907233
1974-03-20,26.50970885359636
1974-03-21,26.429299828689956
1974-03-22,26.3541251573086
1974-03-25,26.374600287769855
1974-03-26,26.43358711534388
1974-03-27,26.118573118065374
1974-03-28,25.725154608972986
1974-03-29,25.58503109221952
1974-04-01,25.350834288911855
1974-04-02,25.304733266768555
1974-04-03,25.457637034624675
1974-04-04,25.418125506597892
1974-04-05,25.083186333687443
1974-04-08,24.859938023504327
1974-04-09,24.98483040044977
1974-04-10,24.963615897444086
1974-04-11,24.888856081112195
1974-04-15,24.78682106852741
1974-04-16,25.16442124145109
1974-04-17,25.37420436731548
1974-04-18,25.5458699728628
1974-04-19,25.298671980336213
1974-04-22,25.20941844562147
1974-04-23,24.78580513136501
1974-04-24,24.35930089165037
1974-04-25,24.084023407396813
1974-04-26,24.20620537562789
1974-04-29,24.176726302697407
1974-04-30,24.22706574947248
1974-05-01,24.75299272351386
1974-05-02,24.72813323184256
1974-05-03,24.53569351172237
1974-05-06,24.437017170262095
1974-05-07,24.401236323044966
1974-05-08,24.34948029094056
1974-05-09,24.54313260251916
1974-05-10,24.08636082152731
1974-05-13,23.88835055522742
1974-05-14,23.903080779229875
1974-05-15,23.821634347799876
1974-05-16,23.66389969074172
1974-05-17,23.22163204848429
1974-05-20,23.05294860000399
1974-05-21,23.114938526096793
1974-05-22,22.86414905290993
1974-05-23,22.840090514477016
1974-05-24,23.103507055871894
1974-05-28,23.031516054006705
1974-05-29,22.70428376957499
1974-05-30,22.818153075476854
1974-05-31,22.80387773692159
1974-06-03,23.22131716954125
1974-06-04,23.513029591499492
1974-06-05,23.54173043204872
1974-06-06,23.988576264791217
1974-06-07,24.193692212834545
1974-06-10,24.363767025300806
1974-06-11,24.17538540060458
1974-06-12,24.065889944102153
1974-06-13,24.10294113464798
1974-06-14,23.944226548286714
1974-06-17,23.625567067019762
1974-06-18,23.518219406212157
1974-06-19,23.339397043788626
1974-06-20,23.20711065206568
1974-06-21,23.06090832526559
1974-06-24,23.137766981768106
1974-06-25,23.44340157513423
1974-06-26,23.146578894091583
1974-06-27,22.843132663265923
1974-06-28,22.77781772525804
1974-07-01,22.735017096638007
1974-07-02,22.27055473641755
1974-07-03,22.249842861449366
1974-07-05,22.12573919048164
1974-07-08,21.368400166512004
1974-07-09,21.519527419325932
1974-07-10,21.055056207252683
1974-07-11,20.92454785950466
1974-07-12,21.747402574524084
1974-07-15,21.880408311196167
1974-07-16,21.67873325545974
1974-07-17,21.866994167682993
1974-07-18,21.95368788268966
1974-07-19,21.879090952771023
1974-07-22,21.901988605692974
1974-07-23,22.07553859313271
1974-07-24,22.127095945042146
1974-07-25,21.898501583464622
1974-07-26,21.579512652240826
1974-07-29,21.186935249131334
1974-07-30,21.12385237297133
1974-07-31,20.822253035241584
1974-08-01,20.62640464416305
1974-08-02,20.51915712895337
1974-08-05,20.704807793930076
1974-08-06,21.08092556171872
1974-08-07,21.545339280167227
1974-08-08,21.400636183402035
1974-08-09,21.23144900160525
1974-08-12,21.004665629021392
1974-08-13,20.73737620353968
1974-08-14,20.267865368269508
1974-08-15,20.162860942348544
1974-08-16,20.000618770643722
1974-08-19,19.74876667022551
1974-08-20,19.798597547227892
1974-08-21,19.545346514460594
1974-08-22,19.512309019590877
1974-08-23,19.305897958124834
1974-08-26,19.370681733743258
1974-08-27,19.056192979573353
1974-08-28,18.956416338069403
1974-08-29,18.659568094608446
1974-08-30,19.169808758617748
1974-09-03,18.83742898160014
1974-09-04,18.402725447395287
1974-09-05,18.968711082809577
1974-09-06,19.104474110223507
1974-09-09,18.781041678985808
1974-09-10,18.68459347088685
1974-09-11,18.542523644504808
1974-09-12,18.164335972675097
1974-09-13,17.82118483091071
1974-09-16,17.98778750465055
1974-09-17,18.272431991746455
1974-09-18,18.274143333568933
1974-09-19,18.889396744277345
1974-09-20,18.826240741918017
1974-09-23,18.702423542686457
1974-09-24,18.46274772111633
1974-09-25,18.409698199964012
1974-09-26,18.192617375418507
1974-09-27,17.8578779059936
1974-09-30,17.422982188827056
1974-10-01,17.26361853271891
1974-10-02,17.235361033947463
1974-10-03,16.990632613493997
1974-10-04,17.08680284200537
1974-10-07,17.688638249910706
1974-10-08,17.714349720078086
1974-10-09,18.3525323452581
1974-10-10,18.75982297790416
1974-10-11,19.041932631385873
1974-10-14,19.372663786432337
1974-10-15,19.173166512221865
1974-10-16,19.04203896552897
1974-10-17,19.281460372109628
1974-10-18,19.55341420397604
1974-10-21,19.884705739257942
1974-10-22,19.821523246371655
1974-10-23,19.370119121417403
1974-10-24,19.214207794534314
1974-10-25,19.180726653499
1974-10-28,19.18923887108463
1974-10-29,19.802705882587738
1974-10-30,20.09728953711145
1974-10-31,19.99207634832454
1974-11-01,20.013718546321037
1974-11-04,19.868229450561916
1974-11-05,20.243613364768375
1974-11-06,20.265132161165447
1974-11-07,20.38930518461882
1974-11-08,20.335603784164835
1974-11-11,20.383794550883433
1974-11-12,20.115399671453517
1974-11-13,20.04439727031158
1974-11-14,20.008449302056622
1974-11-15,19.808392909021713
1974-11-18,19.252850674089125
1974-11-19,19.022199091425243
1974-11-20,18.953982638171073
1974-11-21,18.780928879051704
1974-11-22,18.968417856666754
1974-11-25,18.934939089059476
1974-11-26,19.054202279440013
1974-11-27,19.19656045862805
1974-11-29,19.225641976232513
1974-12-02,18.88172230955631
1974-12-03,18.670646120303857
1974-12-04,18.720599716236155
1974-12-05,18.506409926721364
1974-12-06,18.206639303989856
1974-12-09,18.346170636599442
1974-12-10,18.816295498829366
1974-12-11,18.90313010832533
1974-12-12,18.840812635365577
1974-12-13,18.81867052211178
1974-12-16,18.68198191600884
1974-12-17,18.861355530220166
1974-12-18,18.931125143388694
1974-12-19,18.923645200008114
1974-12-20,18.777700211223774
1974-12-23,18.558509484384125
1974-12-24,18.81361683200443
1974-12-26,18.96762123352613
1974-12-27,18.89707965403552
1974-12-30,18.871690659281054
1974-12-31,19.206505015257203
1975-01-02,19.589406431840498
1975-01-03,19.653639928011756
1975-01-06,19.701555546940195
1975-01-07,19.630159003837736
1975-01-08,19.39142977299394
1975-01-09,19.570320671211412
1975-01-10,19.84901949763975
1975-01-13,19.731679140313148
1975-01-14,19.647191717621116
1975-01-15,19.641664818364205
1975-01-16,19.554362138094376
1975-01-17,19.35112727274188
1975-01-20,19.366954724554144
1975-01-21,19.320707629847824
1975-01-22,19.523290556481886
1975-01-23,19.58604860010363
1975-01-24,19.75150832975204
1975-01-27,20.251010086147236
1975-01-28,20.500247773036016
1975-01-29,20.76774488175936
1975-01-30,20.612334773421473
1975-01-31,20.824530680483658
1975-02-03,21.07540882910415
1975-02-04,21.084188359083413
1975-02-05,21.383391106159486
1975-02-06,21.294549279327722
1975-02-07,21.383522162523978
1975-02-10,21.344828991562707
1975-02-11,21.358648902904637
1975-02-12,21.694389922795395
1975-02-13,21.907695910646623
1975-02-14,22.017523699917128
1975-02-18,21.934295130570003
1975-02-19,22.022993022482133
1975-02-20,22.30683047746326
1975-02-21,22.347573830427987
1975-02-24,22.080075157299103
1975-02-25,21.707716780835867
1975-02-26,21.891496843765093
1975-02-27,22.034487016795598
1975-02-28,22.18118128157709
1975-03-03,22.480299878751737
1975-03-04,22.67210225672072
1975-03-05,22.443913979356704
1975-03-06,22.565813496529714
1975-03-07,22.62973337893582
1975-03-10,22.706625026568343
1975-03-11,22.62860162609617
1975-03-12,22.49182644799702
1975-03-13,22.516574033483266
1975-03-14,22.768090042643053
1975-03-17,22.91884026980861
1975-03-18,22.753176082180985
1975-03-19,22.48345407392397
1975-03-20,22.207074545397475
1975-03-21,22.145629076475164
1975-03-24,21.736568547933487
1975-03-25,21.907918387014636
1975-03-26,22.258636494597294
1975-03-27,22.39743623482431
1975-03-31,22.28999811568651
1975-04-01,22.13215191372544
1975-04-02,22.113370350884825
1975-04-03,21.988154709046754
1975-04-04,21.842962760464825
1975-04-07,21.737569487541528
1975-04-08,21.797982343728155
1975-04-09,22.116687916327063
1975-04-10,22.307432120217463
1975-04-11,22.419093252712283
1975-04-14,22.64427532186761
1975-04-15,22.743594428681853
1975-04-16,22.76750618113618
1975-04-17,22.909663898869276
1975-04-18,22.724196381741308
1975-04-21,22.895457559674355
1975-04-22,22.8561636788619
1975-04-23,22.63712307397989
1975-04-24,22.59447572948541
1975-04-25,22.645066122545952
1975-04-28,22.628317733011585
1975-04-29,22.556670403975037
1975-04-30,22.81836712556391
1975-05-01,22.96377459355925
1975-05-02,23.24147033550517
1975-05-05,23.442848133562887
1975-05-06,23.215796981068735
1975-05-07,23.314720257395937
1975-05-08,23.48817625494475
1975-05-09,23.763425712161105
1975-05-12,23.814073440674246
1975-05-13,23.97060599400764
1975-05-14,24.09290788134671
1975-05-15,23.985965330764262
1975-05-16,23.699854856357682
1975-05-19,23.6484348016391
1975-05-20,23.603293061852757
1975-05-21,23.34098153052231
1975-05-22,23.452173001470992
1975-05-23,23.70709174727873
1975-05-27,23.679270891991
1975-05-28,23.506342382854417
1975-05-29,23.51375213072387
1975-05-30,23.87301889889541
1975-06-02,24.22050104586686
1975-06-03,24.339783724881396
1975-06-04,24.378932841891924
1975-06-05,24.396812530696312
1975-06-06,24.37049840365259
1975-06-09,24.118461218415526
1975-06-10,23.96281760881125
1975-06-11,24.01104171887266
1975-06-12,23.937878071830227
1975-06-13,24.081749836905622
1975-06-16,24.320678464035733
1975-06-17,24.201026797418344
1975-06-18,24.181105266280795
1975-06-19,24.684677494727072
1975-06-20,24.915780179099308
1975-06-23,25.157124598069856
1975-06-24,25.308506980163937
1975-06-25,25.335716348529623
1975-06-26,25.328779687584763
1975-06-27,25.27088981999426
1975-06-30,25.335812341349506
1975-07-01,25.318815291085702
1975-07-02,25.124294429001036
1975-07-03,25.195251246461623
1975-07-07,24.99244407377287
1975-07-08,24.853155644940383
1975-07-09,25.168567747584692
1975-07-10,25.236634181008704
1975-07-11,25.347932171772324
1975-07-14,25.473727980326423
1975-07-15,25.646333492833293
1975-07-16,25.450753571244018
1975-07-17,25.29379119877672
1975-07-18,25.211493298092915
1975-07-21,25.122671215670703
1975-07-22,24.83896194101053
1975-07-23,24.539903424894902
1975-07-24,24.41150773243383
1975-07-25,24.298670908311944
1975-07-28,24.184183152477758
1975-07-29,24.031373348739212
1975-07-30,24.159179312968995
1975-07-31,24.188732488004515
1975-08-01,24.03703322724516
1975-08-04,23.829549912824483
1975-08-05,23.652649487750715
1975-08-06,23.61009508783683
1975-08-07,23.56637243686456
1975-08-08,23.52335854454334
1975-08-11,23.59989984244783
1975-08-12,23.77649205819272
1975-08-13,23.576888376719268
1975-08-14,23.43090417697901
1975-08-15,23.555107971763785
1975-08-18,23.56136947766832
1975-08-19,23.33136859161402
1975-08-20,22.79739562233458
1975-08-21,22.729451194664797
1975-08-22,22.920755182403312
1975-08-25,23.105010917658735
1975-08-26,22.933524355828315
1975-08-27,23.028422550319146
1975-08-28,23.399688285986766
1975-08-29,23.61793502531561
1975-09-02,23.420612778514464
1975-09-03,23.49152526866935
1975-09-04,23.499092668622243
1975-09-05,23.38867675977706
1975-09-08,23.418479517203945
1975-09-09,23.230981226777175
1975-09-10,23.010753685387886
1975-09-11,22.95783684096698
1975-09-12,22.930639439099814
1975-09-15,22.80625918878753
1975-09-16,22.62019642580807
1975-09-17,22.640515548884327
1975-09-18,22.944332296330526
1975-09-19,23.450491432848672
1975-09-22,23.36546226324422
1975-09-23,23.376449819909055
1975-09-24,23.61670296143184
1975-09-25,23.585175690870706
1975-09-26,23.64941438755229
1975-09-29,23.458593829332
1975-09-30,23.183573643990016
1975-10-01,22.941018429153736
1975-10-02,23.056029516736167
1975-10-03,23.476061175174994
1975-10-06,23.666836378388876
1975-10-07,23.6432086271479
1975-10-08,23.887047466627752
1975-10-09,23.994606156871214
1975-10-10,23.976710498110926
1975-10-13,24.213575957982044
1975-10-14,24.28866738978613
1975-10-15,24.245779971910775
1975-10-16,24.361317919614443
1975-10-17,24.23522599558359
1975-10-20,24.43624236302622
1975-10-21,24.605250368666525
1975-10-22,24.6476358093953
1975-10-23,24.741756568425863
1975-10-24,24.535023294229152
1975-10-27,24.490679399631084
1975-10-28,24.59517943628494
1975-10-29,24.321536109278604
1975-10-30,24.305667079168384
1975-10-31,24.264738953560215
1975-11-03,24.084401164620672
1975-11-04,24.162220074369934
1975-11-05,24.442355645801175
1975-11-06,24.696652262070582
1975-11-07,24.742853481984486
1975-11-10,24.69142811284082
1975-11-11,24.888053544643167
1975-11-12,25.21071633676928
1975-11-13,25.177319871178746
1975-11-14,25.146958778861634
1975-11-17,25.307077414250795
1975-11-18,25.271013569563053
1975-11-19,24.964371498201675
1975-11-20,24.879071370819755
1975-11-21,24.846184190152115
1975-11-24,24.913462034394396
1975-11-25,25.10927626747947
1975-11-26,25.1275347654198
1975-11-28,25.18746694835517
1975-12-01,25.063237839435693
1975-12-02,24.709942692237828
1975-12-03,24.108832996961766
1975-12-04,24.11580180688922
1975-12-05,23.905418770232423
1975-12-08,23.971914427385077
1975-12-09,23.989352799522134
1975-12-10,24.23204242783208
1975-12-11,24.242402679916037
1975-12-12,24.2814955541005
1975-12-15,24.387064550674744
1975-12-16,24.545906681834378
1975-12-17,24.603735321249513
1975-12-18,24.714126776780798
1975-12-19,24.577159792107068
1975-12-22,24.459748869619443
1975-12-23,24.578091303825353
1975-12-24,24.739386121396382
1975-12-26,24.959257573432374
1975-12-29,24.890113993278536
1975-12-30,24.80441026969637
1975-12-31,24.955618585343174
1976-01-02,25.13548128490869
1976-01-05,25.642808855489772
1976-01-06,25.931124200444824
1976-01-07,26.067983865978935
1976-01-08,26.244057177925836
1976-01-09,26.365783193800713
1976-01-12,26.716220728278422
1976-01-13,26.470058822710204
1976-01-14,26.872672747203758
1976-01-15,26.75914787968031
1976-01-16,26.862647783916398
1976-01-19,27.196993645717782
1976-01-20,27.347834495840928
1976-01-21,27.229465752041566
1976-01-22,27.15557332337409
1976-01-23,27.4302781920446
1976-01-26,27.519536024833887
1976-01-27,27.29377084450283
1976-01-28,27.094525695219076
1976-01-29,27.49040747449487
1976-01-30,27.694252889538273
1976-02-02,27.701183408892593
1976-02-03,27.655964458566007
1976-02-04,27.791197902343555
1976-02-05,27.443150276373874
1976-02-06,27.27888239142195
1976-02-09,27.36542566623114
1976-02-10,27.599018494880855
1976-02-11,27.706222359968386
1976-02-12,27.631636367172973
1976-02-13,27.50888917084101
1976-02-17,27.414858675172702
1976-02-18,27.651672449512155
1976-02-19,28.099946966178862
1976-02-20,28.32044759284896
1976-02-23,28.23487907194846
1976-02-24,28.410702671931087
1976-02-25,28.453550599703494
1976-02-26,28.115732021081964
1976-02-27,27.966308677371707
1976-03-01,27.990987394489128
1976-03-02,28.15891778172979
1976-03-03,28.07746234652265
1976-03-04,27.807698157188632
1976-03-05,27.871931038011788
1976-03-08,28.150280960632497
1976-03-09,28.223445281537995
1976-03-10,28.357003888158058
1976-03-11,28.560399098028313
1976-03-12,28.343657623347884
1976-03-15,28.059952059148863
1976-03-16,28.2842302884317
1976-03-17,28.32874169556334
1976-03-18,28.190812837093908
1976-03-19,28.22571092102487
1976-03-22,28.25256875446129
1976-03-23,28.47847041620709
1976-03-24,28.776210461427908
1976-03-25,28.648871178604224
1976-03-26,28.68624382875488
1976-03-29,28.555145456116364
1976-03-30,28.467099812263815
1976-03-31,28.607244000790523
1976-04-01,28.484677905045675
1976-04-02,28.484264666493054
1976-04-05,28.7582057021989
1976-04-06,28.791991023086762
1976-04-07,28.507994723170068
1976-04-08,28.30467437072143
1976-04-09,28.054069446162316
1976-04-12,28.050720560343077
1976-04-13,28.24811806413315
1976-04-14,28.15438884401729
1976-04-15,28.216529867505862
1976-04-19,28.36025301756094
1976-04-20,28.713489372906103
1976-04-21,28.852058676588975
1976-04-22,28.83213225223398
1976-04-23,28.73493595950153
1976-04-26,28.776124066510853
1976-04-27,28.64348890490631
1976-04-28,28.72572139750151
1976-04-29,28.762664040848755
1976-04-30,28.726840678684958
1976-05-03,28.549909879567576
1976-05-04,28.61202778190774
1976-05-05,28.476136088366626
1976-05-06,28.537299281682053
1976-05-07,28.66064980381569
1976-05-10,28.895513957970746
1976-05-11,28.805875021380533
1976-05-12,28.753349840808937
1976-05-13,28.618298329269933
1976-05-14,28.35392034933451
1976-05-17,28.29153009023259
1976-05-18,28.305981947669004
1976-05-19,28.18917657900798
1976-05-20,28.143668526727442
1976-05-21,28.01460395999832
1976-05-24,27.577512596291104
1976-05-25,27.556745518309402
1976-05-26,27.56457271308285
1976-05-27,27.597903424615396
1976-05-28,27.788538097161204
1976-06-01,27.73159269935771
1976-06-02,27.768904054342517
1976-06-03,27.73533648210104
1976-06-04,27.580706635746495
1976-06-07,27.42606277262684
1976-06-08,27.49378344048496
1976-06-09,27.44646395356051
1976-06-10,27.65293361549693
1976-06-11,27.918555551444047
1976-06-14,28.187602856580913
1976-06-15,28.055817437069944
1976-06-16,28.14613475429294
1976-06-17,28.56377052290507
1976-06-18,28.582994828047447
1976-06-21,28.607037387484485
1976-06-22,28.462323374378037
1976-06-23,28.359965066213686
1976-06-24,28.57511760222643
1976-06-25,28.588662281726744
1976-06-28,28.511229097375182
1976-06-29,28.609244864024177
1976-06-30,28.73399616041708
1976-07-01,28.711240233559746
1976-07-02,28.80632129871299
1976-07-06,28.64353804564845
1976-07-07,28.78409355142371
1976-07-08,28.84024281353728
1976-07-09,29.07675493130033
1976-07-12,29.296974225332743
1976-07-13,29.259409368877034
1976-07-14,29.32457311386879
1976-07-15,29.191468161148418
1976-07-16,29.061398142326734
1976-07-19,28.931522457664467
1976-07-20,28.819114930413186
1976-07-21,28.80236083419249
1976-07-22,28.882446095333083
1976-07-23,28.918376113236622
1976-07-26,28.981524523133917
1976-07-27,28.872573187902475
1976-07-28,28.74599154498669
1976-07-29,28.674695508157008
1976-07-30,28.794181892802797
1976-08-02,28.8469305793508
1976-08-03,29.222922494881256
1976-08-04,29.248297021863493
1976-08-05,29.157037148121212
1976-08-06,29.288109592657367
1976-08-09,29.239342656066473
1976-08-10,29.463933691377253
1976-08-11,29.33442076897436
1976-08-12,29.38888345997585
1976-08-13,29.417034369652956
1976-08-16,29.552449718658135
1976-08-17,29.550878995437962
1976-08-18,29.479005746701212
1976-08-19,29.210170820266192
1976-08-20,28.992401497279005
1976-08-23,28.900705481074194
1976-08-24,28.662885797357404
1976-08-25,28.981018978243448
1976-08-26,28.752911221340764
1976-08-27,28.831023730845754
1976-08-30,29.030456954267223
1976-08-31,29.18082233269768
1976-09-01,29.403228955730672
1976-09-02,29.383613765999574
1976-09-03,29.53167350079818
1976-09-07,29.723715398128686
1976-09-08,29.656746928404978
1976-09-09,29.648715123922855
1976-09-10,29.803479202115348
1976-09-13,29.71819118127983
1976-09-14,29.68189895011354
1976-09-15,29.755958836847373
1976-09-16,30.070185175228325
1976-09-17,30.298645471846072
1976-09-20,30.340423262788413
1976-09-21,30.71799072210405
1976-09-22,30.66660680967205
1976-09-23,30.550148499710442
1976-09-24,30.499026005541662
1976-09-27,30.632757782475924
1976-09-28,30.321644442226177
1976-09-29,30.188971160236523
1976-09-30,30.133365622174928
1976-10-01,29.962703718458805
1976-10-04,29.89238514852494
1976-10-05,29.721299748758323
1976-10-06,29.58918871702746
1976-10-07,29.740637478358444
1976-10-08,29.592024824871224
1976-10-11,29.39905039106387
1976-10-12,29.27575980222136
1976-10-13,29.614149106138452
1976-10-14,29.395757618262902
1976-10-15,29.39382051261085
1976-10-18,29.5214019443795
1976-10-19,29.497770417457353
1976-10-20,29.527308684326332
1976-10-21,29.382070115952036
1976-10-22,29.201516875488057
1976-10-25,29.191196881170324
1976-10-26,29.39025246506893
1976-10-27,29.54476330922753
1976-10-28,29.592680915277754
1976-10-29,29.92440748313718
1976-11-01,30.014930192230032
1976-11-03,29.74598610022745
1976-11-04,29.921384223816684
1976-11-05,29.69989074217443
1976-11-08,29.395761824115326
1976-11-09,29.33985030614948
1976-11-10,29.234295372999647
1976-11-11,29.44782361625257
1976-11-12,29.467673704187266
1976-11-15,29.583136906241993
1976-11-16,29.55300090534243
1976-11-17,29.724654955006667
1976-11-18,30.055156613178557
1976-11-19,30.174821884395936
1976-11-22,30.373324361030605
1976-11-23,30.34354073157978
1976-11-24,30.563486795405247
1976-11-26,30.822768173481847
1976-11-29,30.65947073476011
1976-11-30,30.618726947473682
1976-12-01,30.849889069034518
1976-12-02,30.85310519612343
1976-12-03,31.095967845785008
1976-12-06,31.271860801447986
1976-12-07,31.33174878549619
1976-12-08,31.487422618730367
1976-12-09,31.70396411293128
1976-12-10,31.819629254147987
1976-12-13,31.91798229969828
1976-12-14,32.024054715464665
1976-12-15,32.09457909896093
1976-12-16,32.031819804944234
1976-12-17,31.88694144804078
1976-12-20,31.745900104301814
1976-12-21,31.830595457255292
1976-12-22,31.96070072132021
1976-12-23,31.95671472917119
1976-12-27,32.172774248496296
1976-12-28,32.326041299595424
1976-12-29,32.25686205402495
1976-12-30,32.36311355105461
1976-12-31,32.54333398778684
1977-01-03,32.484302843270896
1977-01-04,32.24944602404287
1977-01-05,32.10894079615081
1977-01-06,32.201948770179214
1977-01-07,32.243748702279944
1977-01-10,32.262328473997904
1977-01-11,32.04444403454281
1977-01-12,31.8409663288255
1977-01-13,32.1139657463582
1977-01-14,32.173249090269856
1977-01-17,32.17718004840211
1977-01-18,32.1650511393162
1977-01-19,32.2960547714536
1977-01-20,32.174745316829764
1977-01-21,32.33579183723689
1977-01-24,32.48173039132806
1977-01-25,32.589848247755285
1977-01-26,32.42119381829317
1977-01-27,32.27622797701491
1977-01-28,32.23936270734009
1977-01-31,32.272057035250064
1977-02-01,32.425629841601804
1977-02-02,32.449233199256
1977-02-03,32.39701790707851
1977-02-04,32.43583259446587
1977-02-07,32.45690473745113
1977-02-08,32.42683862286629
1977-02-09,32.16339239568617
1977-02-10,32.10096062729039
1977-02-11,31.93715832964174
1977-02-14,32.02331857593148
1977-02-15,32.08850961890448
1977-02-16,32.24557247415321
1977-02-17,32.127123757198476
1977-02-18,32.039952443365316
1977-02-22,31.95225841369744
1977-02-23,31.87118325641909
1977-02-24,31.762879569272812
1977-02-25,31.63580697220053
1977-02-28,31.702257928038712
1977-03-01,31.91701977465111
1977-03-02,31.885863490311884
1977-03-03,31.988490324921848
1977-03-04,32.074100848398054
1977-03-07,32.09829086795886
1977-03-08,32.03162287251921
1977-03-09,31.885090796979554
1977-03-10,31.925838872201627
1977-03-11,31.92783864364013
1977-03-14,32.02494012659673
1977-03-15,32.09401546883399
1977-03-16,32.176926060984286
1977-03-17,32.14554483519277
1977-03-18,32.111965445641886
1977-03-21,31.995095160559135
1977-03-22,31.860271230040027
1977-03-23,31.628911572118607
1977-03-24,31.608554221989348
1977-03-25,31.479896255074642
1977-03-28,31.433766303879313
1977-03-29,31.634236329009948
1977-03-30,31.42126881265578
1977-03-31,31.42979618027241
1977-04-01,31.647404568441775
1977-04-04,31.496087010602178
1977-04-05,31.438452722567398
1977-04-06,31.44474190916872
1977-04-07,31.510875474663873
1977-04-11,31.625319807288985
1977-04-12,31.958078617822668
1977-04-13,31.983735496554385
1977-04-14,32.24823372587627
1977-04-15,32.25179525648531
1977-04-18,32.20376401078247
1977-04-19,32.151900947346014
1977-04-20,32.30348070829726
1977-04-21,32.23517934664582
1977-04-22,31.96327747514218
1977-04-25,31.691872106053623
1977-04-26,31.658378979794605
1977-04-27,31.85818605835483
1977-04-28,31.8909229253164
1977-04-29,32.01198822346425
1977-05-02,32.18621822835186
1977-05-03,32.34837562402545
1977-05-04,32.52454543916389
1977-05-05,32.63619161445772
1977-05-06,32.57927890730207
1977-05-09,32.52392220901247
1977-05-10,32.61014718825862
1977-05-11,32.54134674801702
1977-05-12,32.53277734448886
1977-05-13,32.64075601700388
1977-05-16,32.765973128822154
1977-05-17,32.817524593575705
1977-05-18,32.96499235314599
1977-05-19,32.93836511695651
1977-05-20,32.908829284348535
1977-05-23,32.63699599486175
1977-05-24,32.48670343864386
1977-05-25,32.2720889085802
1977-05-26,32.317007938069594
1977-05-27,32.21495226423859
1977-05-31,32.17722381836906
1977-06-01,32.32927257060407
1977-06-02,32.30960937968256
1977-06-03,32.49520373654082
1977-06-06,32.41062477115435
1977-06-07,32.45851329400764
1977-06-08,32.60882290935589
1977-06-09,32.65208229921161
1977-06-10,32.72821549477181
1977-06-13,32.828511151140916
1977-06-14,33.10862236252122
1977-06-15,33.091956931413534
1977-06-16,33.2201790385948
1977-06-17,33.226989510335954
1977-06-20,33.36319385206301
1977-06-21,33.503843675129275
1977-06-22,33.53100313945496
1977-06-23,33.622086356727856
1977-06-24,33.77176667926101
1977-06-27,33.80566779947158
1977-06-28,33.68303281635902
1977-06-29,33.654411828915876
1977-06-30,33.76670116643734
1977-07-01,33.7267968697948
1977-07-05,33.68499825255334
1977-07-06,33.68052182880981
1977-07-07,33.80423692453571
1977-07-08,33.86761965357009
1977-07-11,33.81954867822808
1977-07-12,33.888861284138244
1977-07-13,34.00756661954475
1977-07-15,34.15281557079466
1977-07-18,34.30077089200893
1977-07-19,34.49275092098478
1977-07-20,34.492401739101815
1977-07-21,34.428665614992454
1977-07-22,34.462923551142104
1977-07-25,34.28265563529335
1977-07-26,34.16682491594721
1977-07-27,33.67825028520205
1977-07-28,33.694013415226586
1977-07-29,33.65264138810443
1977-08-01,33.76649809298424
1977-08-02,33.66008460999588
1977-08-03,33.595144186755135
1977-08-04,33.67147230722353
1977-08-05,33.66470544692202
1977-08-08,33.53249289834527
1977-08-09,33.524996779898416
1977-08-10,33.649939052286804
1977-08-11,33.5211901902148
1977-08-12,33.408980865928385
1977-08-15,33.4149976548919
1977-08-16,33.3284190624692
1977-08-17,33.24046390446258
1977-08-18,33.15231067943293
1977-08-19,32.94620021271129
1977-08-22,32.92235805392707
1977-08-23,32.900030569346036
1977-08-24,32.821452547252896
1977-08-25,32.57489097287235
1977-08-26,32.46952247549483
1977-08-29,32.677405161219184
1977-08-30,32.57879983988236
1977-08-31,32.59828761027848
1977-09-01,32.68050481399397
1977-09-02,32.90952295484062
1977-09-06,32.98995474084894
1977-09-07,33.101310194793164
1977-09-08,32.97453615540739
1977-09-09,32.77444327341368
1977-09-12,32.74301228170159
1977-09-13,32.762997006030965
1977-09-14,32.82579450227118
1977-09-15,32.948308594121485
1977-09-16,32.93065282825177
1977-09-19,32.86218140813533
1977-09-20,32.83791377011038
1977-09-21,32.713291282543
1977-09-22,32.68329299701999
1977-09-23,32.67980898452584
1977-09-26,32.71042166854517
1977-09-27,32.69871406391762
1977-09-28,32.71428706384398
1977-09-29,32.88603754465087
1977-09-30,33.10354707865232
1977-10-03,33.188557949406835
1977-10-04,33.039224725485624
1977-10-05,32.9317631616533
1977-10-06,33.059326592358154
1977-10-07,33.10484321777973
1977-10-10,33.099052077809986
1977-10-11,32.94598942214215
1977-10-12,32.64163106709318
1977-10-13,32.31806809296906
1977-10-14,32.29601277678992
1977-10-17,32.24015211842612
1977-10-18,32.24822276370139
1977-10-19,31.862838575696657
1977-10-20,31.88385833693282
1977-10-21,31.823810568083363
1977-10-24,31.589502838678946
1977-10-25,31.314046443001722
1977-10-26,31.51995245112318
1977-10-27,31.615763885516905
1977-10-28,31.722345922093925
1977-10-31,31.731792882609763
1977-11-01,31.48268359657716
1977-11-02,31.373156931909797
1977-11-03,31.415453532040107
1977-11-04,31.637652962678978
1977-11-07,31.89167185560595
1977-11-08,32.003257450354766
1977-11-09,32.16652101590548
1977-11-10,32.668193764406965
1977-11-11,33.0519172272007
1977-11-14,33.01727802927273
1977-11-15,33.1731207604174
1977-11-16,33.15235597628921
1977-11-17,33.14568794313779
1977-11-18,33.24279546478849
1977-11-21,33.26136461807877
1977-11-22,33.445042343890584
1977-11-23,33.59084977528565
1977-11-25,33.704850496911774
1977-11-28,33.61802339282667
1977-11-29,33.28165035248857
1977-11-30,33.29022619587067
1977-12-01,33.396010946959805
1977-12-02,33.485839778587945
1977-12-05,33.416904016358835
1977-12-06,33.02184862030403
1977-12-07,32.966421750160514
1977-12-08,33.005829129246955
1977-12-09,33.14589466740328
1977-12-12,33.244792073518596
1977-12-13,33.25754671213776
1977-12-14,33.31196220474439
1977-12-15,33.219707082212594
1977-12-16,33.228015958397805
1977-12-19,33.06443385405961
1977-12-20,32.911294656136626
1977-12-21,33.03836264338929
1977-12-22,33.158022711684104
1977-12-23,33.37973090202598
1977-12-27,33.37640382966074
1977-12-28,33.39934571773637
1977-12-29,33.486040917488964
1977-12-30,33.559621109184356
1978-01-03,33.2984878748045
1978-01-04,33.152459048854766
1978-01-05,33.07191169669251
1978-01-06,32.707701539999796
1978-01-09,32.295308856401995
1978-01-10,32.09500716724245
1978-01-11,31.982590885926317
1978-01-12,32.044185896040105
1978-01-13,32.09174082401351
1978-01-16,31.99088580783091
1978-01-17,32.096988746046456
1978-01-18,32.245572507199164
1978-01-19,32.166414416323015
1978-01-20,32.108528651241386
1978-01-23,31.920006075828883
1978-01-24,31.947770059957
1978-01-25,32.00213480096675
1978-01-26,31.824473665500328
1978-01-27,31.79505945093038
1978-01-30,31.953269066560654
1978-01-31,31.950695571420685
1978-02-01,32.191319644528996
1978-02-02,32.34907513238401
1978-02-03,32.39909273928645
1978-02-06,32.40233046500613
1978-02-07,32.54327865971151
1978-02-08,32.73533126937224
1978-02-09,32.650221292563614
1978-02-10,32.70492914375829
1978-02-13,32.62733569529554
1978-02-14,32.422455578571416
1978-02-15,32.426890751270946
1978-02-16,32.222866001347874
1978-02-17,32.23446519939646
1978-02-21,32.15304750974284
1978-02-22,32.16552129387928
1978-02-23,32.23597049442522
1978-02-24,32.50140056733605
1978-02-27,32.37042957160291
1978-02-28,32.22164444968049
1978-03-01,32.206054817523516
1978-03-02,32.312420172388656
1978-03-03,32.29768587703434
1978-03-06,32.1245477703719
1978-03-07,32.32341729997802
1978-03-08,32.539187522505514
1978-03-09,32.58669360023165
1978-03-10,32.87266465951741
1978-03-13,32.866628368904045
1978-03-14,33.0291522947884
1978-03-15,32.97211930284276
1978-03-16,33.182022119565296
1978-03-17,33.386564818097575
1978-03-20,33.529132515867644
1978-03-21,33.24829690930863
1978-03-22,33.18976526576955
1978-03-23,33.17581798227063
1978-03-27,33.02155252979302
1978-03-28,33.24465583071901
1978-03-29,33.34368832437579
1978-03-30,33.27926206156069
1978-03-31,33.19245695140414
1978-04-03,32.981816123088805
1978-04-04,33.120051936739756
1978-04-05,33.283869602406256
1978-04-06,33.36640628315649
1978-04-07,33.490006901085245
1978-04-10,33.5581662272072
1978-04-11,33.52118732668105
1978-04-12,33.5900306340739
1978-04-13,33.84180418830482
1978-04-14,34.26054013266993
1978-04-17,34.50092205062208
1978-04-18,34.22645555547933
1978-04-19,34.29742850991309
1978-04-20,34.598225664659196
1978-04-21,34.615290314079765
1978-04-24,34.86031945658203
1978-04-25,35.00319892739166
1978-04-26,35.01221127254532
1978-04-27,34.794605858299086
1978-04-28,34.96690173156915
1978-05-01,35.19448436485177
1978-05-02,35.15874201031301
1978-05-03,35.022749823253676
1978-05-04,34.93543477579187
1978-05-05,35.12964171454748
1978-05-08,35.03574190660963
1978-05-09,34.96629527284038
1978-05-10,35.0114370625811
1978-05-11,35.27933586237384
1978-05-12,35.47481947890777
1978-05-15,35.649252509988095
1978-05-16,35.84821781471781
1978-05-17,35.92741014306163
1978-05-18,35.81206095446536
1978-05-19,35.710318908662245
1978-05-22,36.048722521990484
1978-05-23,35.75733169310141
1978-05-24,35.48267035804594
1978-05-25,35.46370159629908
1978-05-26,35.508847532407735
1978-05-30,35.60078463464628
1978-05-31,35.74289804205959
1978-06-01,35.85506910237313
1978-06-02,36.21410522761486
1978-06-05,36.91358383882044
1978-06-06,37.14180105515375
1978-06-07,37.115718617368685
1978-06-08,37.22660877743536
1978-06-09,37.15455258497373
1978-06-12,37.021096205022275
1978-06-13,37.00614972608766
1978-06-14,37.14554308211533
1978-06-15,36.79913258548974
1978-06-16,36.53140227179304
1978-06-19,36.41339329576224
1978-06-20,36.09833980221311
1978-06-21,35.77704011004385
1978-06-22,35.870803767081135
1978-06-23,35.868289417174935
1978-06-26,35.33936030857842
1978-06-27,35.40701797156459
1978-06-28,35.583793684448125
1978-06-29,35.690528484944316
1978-06-30,35.771580350873705
1978-07-03,35.6991687286131
1978-07-05,35.39495252134151
1978-07-06,35.41524257606483
1978-07-07,35.628894187545036
1978-07-10,35.82301559517918
1978-07-11,36.01618304249571
1978-07-12,36.12519854263607
1978-07-13,36.135441959271894
1978-07-14,36.55598912517155
1978-07-17,36.76005471065938
1978-07-18,36.52857546673907
1978-07-19,36.92108969578912
1978-07-20,36.99165170551685
1978-07-21,36.82979674411052
1978-07-24,36.83685939884911
1978-07-25,37.037050454867575
1978-07-26,37.29483931167632
1978-07-27,37.50436784172801
1978-07-28,37.69967023073806
1978-07-31,38.09113810492482
1978-08-01,38.105101450142804
1978-08-02,38.803863392525116
1978-08-03,39.07607772832126
1978-08-04,39.241252806533545
1978-08-07,39.277799504670455
1978-08-08,39.48477734884733
1978-08-09,39.77042157766018
1978-08-10,39.53337035638837
1978-08-11,39.62224974398066
1978-08-14,39.65612837063176
1978-08-15,39.548371024025066
1978-08-16,39.8454561704249
1978-08-17,40.145828816905215
1978-08-18,40.07516820959186
1978-08-21,39.7037720296254
1978-08-22,39.81296194911767
1978-08-23,40.08580004770042
1978-08-24,40.26828512998816
1978-08-25,40.28420526391429
1978-08-28,40.030086567544046
1978-08-29,39.827973529182096
1978-08-30,39.92339275031883
1978-08-31,39.83827995570988
1978-09-01,39.988527758915296
1978-09-05,40.140782401721694
1978-09-06,40.58795347074205
1978-09-07,40.707663748896884
1978-09-08,41.18613364388906
1978-09-11,41.359029508117644
1978-09-12,41.36486469912362
1978-09-13,41.206462642449345
1978-09-14,40.78449931412864
1978-09-15,40.35909610506813
1978-09-18,39.842714119468944
1978-09-19,39.437136876265505
1978-09-20,38.972768837628514
1978-09-21,38.9652634978872
1978-09-22,39.01092405356034
1978-09-25,39.012750275738746
1978-09-26,39.30089098079782
1978-09-27,38.96782361842529
1978-09-28,39.02619140266427
1978-09-29,39.23002899935857
1978-10-02,39.3249036220029
1978-10-03,39.25862667313361
1978-10-04,39.42909854767885
1978-10-05,39.50205768692858
1978-10-06,39.57534562979162
1978-10-09,39.93078513209678
1978-10-10,39.94075571569868
1978-10-11,40.212084436988285
1978-10-12,40.0925217084162
1978-10-13,39.93840815348772
1978-10-16,39.16024331896102
1978-10-17,38.37872058313259
1978-10-18,37.96332653224739
1978-10-19,37.37430343599934
1978-10-20,36.5198314348505
1978-10-23,36.38658229383811
1978-10-24,36.2138606877702
1978-10-25,36.12311691588377
1978-10-26,35.264189282573525
1978-10-27,34.49332062827792
1978-10-30,34.53328852565782
1978-10-31,33.915532443938666
1978-11-01,35.475064352186514
1978-11-02,35.086270992289414
1978-11-03,35.221820096916794
1978-11-06,35.028829339853004
1978-11-07,34.44833935261146
1978-11-08,34.52281609190712
1978-11-09,34.62978575628747
1978-11-10,34.813238254386796
1978-11-13,34.21564040052915
1978-11-14,33.735595869574574
1978-11-15,33.85904350315741
1978-11-16,34.137231720021454
1978-11-17,34.48221363451494
1978-11-20,34.79141385494797
1978-11-21,34.79485870903667
1978-11-22,35.006020933925996
1978-11-24,35.23603109300931
1978-11-27,35.32419502608322
1978-11-28,35.077582607199105
1978-11-29,34.633727677621124
1978-11-30,34.90631903872566
1978-12-01,35.51655342130264
1978-12-04,35.55706445891025
1978-12-05,36.01284691165382
1978-12-06,36.08800717049586
1978-12-07,36.00227956872056
1978-12-08,35.85290118651483
1978-12-11,35.92808095309268
1978-12-12,35.74014303385285
1978-12-13,35.542728611692155
1978-12-14,35.55949437172839
1978-12-15,35.275784206633226
1978-12-18,34.431593208080784
1978-12-19,34.66161412272302
1978-12-20,34.913543266598474
1978-12-21,34.921797013552336
1978-12-22,35.514498954833186
1978-12-26,35.83299914182375
1978-12-27,35.561370832247825
1978-12-28,35.426930084256064
1978-12-29,35.442493409634686
1979-01-02,35.6192408609591
1979-01-03,36.04317300694244
1979-01-04,36.34854678610749
1979-01-05,36.58625361294543
1979-01-08,36.51034523650262
1979-01-09,36.7179330111341
1979-01-10,36.56342054162978
1979-01-11,36.71362496801523
1979-01-12,37.06997773714231
1979-01-15,37.32083744781144
1979-01-16,36.96612071792375
1979-01-17,36.92583934193332
1979-01-18,37.116147487163374
1979-01-19,37.13056092993106
1979-01-22,37.20202030652302
1979-01-23,37.470190992562344
1979-01-24,37.301442859175474
1979-01-25,37.64246966496405
1979-01-26,37.88817038749948
1979-01-29,37.77089879856018
1979-01-30,37.625137106839965
1979-01-31,37.148390462651896
1979-02-01,37.211966889457614
1979-02-02,37.18323254343256
1979-02-05,36.66291827464418
1979-02-06,36.633545200687394
1979-02-07,36.21773216010283
1979-02-08,36.415057789531055
1979-02-09,36.503330366543445
1979-02-12,36.65667422307406
1979-02-13,36.9515994534326
1979-02-14,36.84214928216727
1979-02-15,36.8735755563163
1979-02-16,36.88265687151848
1979-02-20,37.089118525580496
1979-02-21,36.975944638007334
1979-02-22,36.78936686893592
1979-02-23,36.59333277358195
1979-02-26,36.575983224781815
1979-02-27,35.86997496491049
1979-02-28,35.91127452894357
1979-03-01,36.16064444166656
1979-03-02,36.229418165980654
1979-03-05,36.73201008412691
1979-03-06,36.647198766660246
1979-03-07,36.940310546019674
1979-03-08,37.475012489849156
1979-03-09,37.457251222565255
1979-03-12,37.543218858565886
1979-03-13,37.65766104244601
1979-03-14,37.59080308988848
1979-03-15,37.63030982109693
1979-03-16,37.82687798208102
1979-03-19,38.00839331083317
1979-03-20,37.85254874387831
1979-03-21,38.22537298072919
1979-03-22,38.43462366165562
1979-03-23,38.5392718436795
1979-03-26,38.32808729185019
1979-03-27,38.93277430369761
1979-03-28,38.8066390256497
1979-03-29,38.86387052204726
1979-03-30,38.73749388758804
1979-04-02,38.476679117164615
1979-04-03,39.07013202350267
1979-04-04,39.18719629634919
1979-04-05,39.498068822586326
1979-04-06,39.50460328327211
1979-04-09,39.39937281522384
1979-04-10,39.612863900776034
1979-04-11,39.1756743176436
1979-04-12,39.072661208342645
1979-04-16,38.73453072798964
1979-04-17,38.71601057017831
1979-04-18,38.91043455871878
1979-04-19,38.7586481345953
1979-04-20,38.763033479024905
1979-04-23,38.98686940548406
1979-04-24,39.280877127037904
1979-04-25,39.45617294641114
1979-04-26,39.26788231041815
1979-04-27,39.20075125574499
1979-04-30,39.23595007627511
1979-05-01,39.27919323414121
1979-05-02,39.37579211672583
1979-05-03,39.372518609102855
1979-05-04,38.9177218804555
1979-05-07,38.0886823602771
1979-05-08,38.14157161823296
1979-05-09,38.25101033656587
1979-05-10,37.87540974898651
1979-05-11,37.94057604376755
1979-05-14,37.755176759441426
1979-05-15,37.768843733629716
1979-05-16,37.91308004048545
1979-05-17,38.53433279592186
1979-05-18,38.58959669213156
1979-05-21,38.73936088908493
1979-05-22,38.97718272940403
1979-05-23,38.76037158721796
1979-05-24,38.84878197671117
1979-05-25,39.01654207063398
1979-05-29,38.973989367229535
1979-05-30,38.52941637453966
1979-05-31,38.513154352245415
1979-06-01,38.53686228555419
1979-06-04,38.6761138423499
1979-06-05,39.256016889979435
1979-06-06,39.575336022609676
1979-06-07,39.86258296941164
1979-06-08,39.78172314472818
1979-06-11,39.89347918266031
1979-06-12,40.23036484611452
1979-06-13,39.919236294336976
1979-06-14,39.84214481666545
1979-06-15,39.87558613893173
1979-06-18,39.64555788623594
1979-06-19,39.657884913601464
1979-06-20,39.75711188199337
1979-06-21,39.99070109035076
1979-06-22,40.22114045732208
1979-06-25,40.06912579154161
1979-06-26,39.92868715524659
1979-06-27,40.287703382371774
1979-06-28,40.64503581644809
1979-06-29,40.67665429786101
1979-07-02,40.29445269716938
1979-07-03,40.351547867757525
1979-07-05,40.58505277107789
1979-07-06,41.15211771650222
1979-07-09,41.52525486664337
1979-07-10,41.31580664509477
1979-07-11,41.00984412657602
1979-07-12,40.610581696872984
1979-07-13,40.511827030368785
1979-07-16,40.78530689894497
1979-07-17,40.300526142730405
1979-07-18,40.19511983086784
1979-07-19,40.215109500579004
1979-07-20,40.36725665403467
1979-07-23,40.23047334013182
1979-07-24,40.38956349530594
1979-07-25,40.851468087437446
1979-07-26,40.865964872382456
1979-07-27,40.97795271189139
1979-07-30,41.09978223852416
1979-07-31,41.33929372496941
1979-08-01,41.50660258064552
1979-08-02,41.539085169358486
1979-08-03,41.49849349162916
1979-08-06,41.51405342812456
1979-08-07,41.87192166014064
1979-08-08,41.97990472073459
1979-08-09,41.851300352202635
1979-08-10,42.04991055680465
1979-08-13,42.33807333521463
1979-08-14,42.42813979480333
1979-08-15,42.62278202835917
1979-08-16,42.60555787684841
1979-08-17,42.8404033876088
1979-08-20,43.09109611322247
1979-08-21,43.17212669466088
1979-08-22,43.33537498704755
1979-08-23,43.33514358173521
1979-08-24,43.406111824822915
1979-08-27,43.64469921184516
1979-08-28,43.600432821616906
1979-08-29,43.60078566376242
1979-08-30,43.556253680264795
1979-08-31,43.65357506930396
1979-09-04,43.016762013385986
1979-09-05,42.440637672678776
1979-09-06,42.75974130557867
1979-09-07,43.20645121212117
1979-09-10,43.50735619077198
1979-09-11,43.248790910786994
1979-09-12,43.37362783395579
1979-09-13,43.39979918876538
1979-09-14,43.7518155541456
1979-09-17,43.69506101030379
1979-09-18,43.41141396483021
1979-09-19,43.52033597066247
1979-09-20,44.202778960064904
1979-09-21,44.213085084838006
1979-09-24,43.91813964289003
1979-09-25,43.89216626539864
1979-09-26,44.06539132410864
1979-09-27,44.164618414393225
1979-09-28,43.92910771309489
1979-10-01,43.669044313085564
1979-10-02,43.98660400122126
1979-10-03,44.078197589338586
1979-10-04,44.36912754896384
1979-10-05,44.83256945937977
1979-10-08,44.359117438723985
1979-10-09,42.72440098299623
1979-10-10,41.7120775798945
1979-10-11,41.766994325139706
1979-10-12,41.770325267774666
1979-10-15,41.22847377169808
1979-10-16,41.22724959928984
1979-10-17,41.4429410280241
1979-10-18,41.6486538144364
1979-10-19,40.78709478640899
1979-10-22,40.020626362735314
1979-10-23,39.836693458309504
1979-10-24,39.98181521864154
1979-10-25,39.88120449151646
1979-10-26,40.19016616032274
1979-10-29,40.2816912756346
1979-10-30,40.92095630137813
1979-10-31,40.7807429705462
1979-11-01,41.16234691718429
1979-11-02,41.28443295938471
1979-11-05,41.0597670078834
1979-11-06,40.86175051982714
1979-11-07,40.41043169675497
1979-11-08,40.63935761797894
1979-11-09,41.171397165595444
1979-11-12,41.900387683634094
1979-11-13,41.88667840271318
1979-11-14,42.07864899416105
1979-11-15,42.46931716705548
1979-11-16,42.469404998377236
1979-11-19,42.770568151838965
1979-11-20,42.65549718319984
1979-11-21,42.667676393515606
1979-11-23,43.03025993022718
1979-11-26,43.88465041356489
1979-11-27,43.87948625530158
1979-11-28,44.05833078476896
1979-11-29,44.079006029552865
1979-11-30,43.948065128971194
1979-12-03,43.85813141929844
1979-12-04,44.16954533295741
1979-12-05,44.39791579186426
1979-12-06,44.733176523591474
1979-12-07,44.59024216735397
1979-12-10,44.701227815086376
1979-12-11,44.70099914109759
1979-12-12,44.8122593642821
1979-12-13,44.935274951212406
1979-12-14,45.46067353086577
1979-12-17,45.751442882738914
1979-12-18,45.407235648641105
1979-12-19,45.342157171272035
1979-12-20,45.43276614666906
1979-12-21,45.16698208716495
1979-12-24,45.184112823898765
1979-12-26,45.26851762516658
1979-12-27,45.39373649879241
1979-12-28,45.48559215516934
1979-12-31,45.566667671916925
1980-01-02,44.65136065065831
1980-01-03,44.22763691687598
1980-01-04,44.79313884886318
1980-01-07,44.94420730771762
1980-01-08,45.52629693332624
1980-01-09,45.699773765893895
1980-01-10,46.03386918271994
1980-01-11,46.19117326203278
1980-01-14,46.409978348178356
1980-01-15,46.6297990440636
1980-01-16,46.74483711852332
1980-01-17,46.66093850909484
1980-01-18,46.80469555656379
1980-01-21,47.215218255170996
1980-01-22,47.04626914595282
1980-01-23,47.756613876805474
1980-01-24,47.98111732419576
1980-01-25,48.00903818904998
1980-01-28,48.51374341338722
1980-01-29,48.225852542285594
1980-01-30,48.75110519097593
1980-01-31,48.577221243315414
1980-02-01,48.96708458723041
1980-02-04,48.83704715420798
1980-02-05,48.93406537591651
1980-02-06,49.46999799765465
1980-02-07,49.775477488844864
1980-02-08,50.3618319852657
1980-02-11,50.01486656076471
1980-02-12,50.24969835694759
1980-02-13,50.33867474579213
1980-02-14,49.648197296676855
1980-02-15,49.24000837034967
1980-02-19,48.926319967914495
1980-02-20,49.82198064103497
1980-02-21,49.441208386935166
1980-02-22,49.29436922458663
1980-02-25,48.56244038867214
1980-02-26,48.89836591120124
1980-02-27,48.339520267194466
1980-02-28,48.33982522022034
1980-02-29,48.78827577608041
1980-03-03,48.369686503463925
1980-03-04,48.36008731351259
1980-03-05,47.6835338502155
1980-03-06,46.37210673650932
1980-03-07,45.44521337086678
1980-03-10,44.88040648901755
1980-03-11,45.403805983578096
1980-03-12,45.19404734358212
1980-03-13,44.77028232510535
1980-03-14,44.60684975353948
1980-03-17,42.94694182156836
1980-03-18,43.508324461832984
1980-03-19,43.78512364249198
1980-03-20,43.32812446075469
1980-03-21,43.07988442164245
1980-03-24,41.73517024791371
1980-03-25,41.43703796757315
1980-03-26,41.22032264246493
1980-03-27,40.03784289833095
1980-03-28,41.361563017781975
1980-03-31,42.02370541385012
1980-04-01,42.293459844905385
1980-04-02,42.792284503176404
1980-04-03,42.65877278307735
1980-04-07,41.86279126176272
1980-04-08,42.290858929315256
1980-04-09,43.01472131372072
1980-04-10,43.41349625441514
1980-04-11,43.388465451847594
1980-04-14,42.96228991445396
1980-04-15,42.867533205247966
1980-04-16,42.479563667536844
1980-04-17,42.147914638666336
1980-04-18,42.03775157673154
1980-04-21,41.63748543496532
1980-04-22,42.98695008817191
1980-04-23,43.18598216659502
1980-04-24,43.54138035787404
1980-04-25,43.69201465947464
1980-04-28,43.87122663865956
1980-04-29,44.05617086180833
1980-04-30,44.17068623661548
1980-05-01,43.897478731426034
1980-05-02,43.99823083221928
1980-05-05,44.23792708390655
1980-05-06,44.472072905381495
1980-05-07,44.81538782342533
1980-05-08,44.49653722373358
1980-05-09,44.02550140284648
1980-05-12,43.99844292150423
1980-05-13,44.491628141357495
1980-05-14,44.84619812628547
1980-05-15,45.00920384485534
1980-05-16,45.23174017747978
1980-05-19,45.27631055314907
1980-05-20,45.22332045340521
1980-05-21,45.347410584917675
1980-05-22,45.88843174287671
1980-05-23,46.465451759679105
1980-05-27,46.814237606178104
1980-05-28,47.12247064839814
1980-05-29,46.49180178369946
1980-05-30,46.750325269664906
1980-06-02,46.63732892808852
1980-06-03,46.61131039698578
1980-06-04,47.39059060957693
1980-06-05,47.47861773728525
1980-06-06,47.7956614255311
1980-06-09,48.12093165202333
1980-06-10,48.53701889747377
1980-06-11,49.0861431114754
1980-06-12,48.916749130954386
1980-06-13,49.07264582272794
1980-06-16,49.168413131366925
1980-06-17,49.26543468783868
1980-06-18,49.33657856953287
1980-06-19,48.744558651440094
1980-06-20,48.57099164889443
1980-06-23,48.74256041059697
1980-06-24,48.967232571942105
1980-06-25,49.58248092566615
1980-06-26,49.3943218868804
1980-06-27,49.34963349918144
1980-06-30,48.619311303299476
1980-07-01,49.012111777011256
1980-07-02,49.29956515031808
1980-07-03,49.931256288956966
1980-07-07,50.30457433826915
1980-07-08,50.17316121140816
1980-07-09,50.254541775059344
1980-07-10,49.80613047276466
1980-07-11,50.1462534632664
1980-07-14,50.92810378066858
1980-07-15,50.671158720476264
1980-07-16,50.76494701253972
1980-07-17,51.48617701750758
1980-07-18,51.69051575024617
1980-07-21,51.936265683015776
1980-07-22,51.914882468525846
1980-07-23,51.90560840113032
1980-07-24,51.84638332021311
1980-07-25,51.53307474513614
1980-07-28,51.727518459179
1980-07-29,52.21826143595891
1980-07-30,52.30301131178295
1980-07-31,52.17394373198291
1980-08-01,52.20807155945038
1980-08-04,51.98917478643661
1980-08-05,51.96100632596116
1980-08-06,52.2483339678911
1980-08-07,52.90814288337711
1980-08-08,53.14629495027607
1980-08-11,53.49844683959304
1980-08-12,53.116218934459795
1980-08-13,53.02236304853929
1980-08-14,53.716095468118866
1980-08-15,53.9327035197822
1980-08-18,53.030868168104305
1980-08-19,52.77758841159278
1980-08-20,53.250760297170984
1980-08-21,54.09166339118496
1980-08-22,54.42527828155375
1980-08-25,54.19094957676573
1980-08-26,54.172712262715834
1980-08-27,53.69460439888226
1980-08-28,53.09913394367099
1980-08-29,53.223378616453616
1980-09-02,53.76196206266759
1980-09-03,54.82424578387215
1980-09-04,54.645796872859755
1980-09-05,54.48489761315458
1980-09-08,53.9840032880441
1980-09-09,54.207682078452976
1980-09-10,54.63627666809349
1980-09-11,55.078091817739164
1980-09-12,55.24131025652283
1980-09-15,55.29142123653542
1980-09-16,56.04893465698878
1980-09-17,56.84196122874647
1980-09-18,56.59657602721362
1980-09-19,56.9656459087403
1980-09-22,57.44338802475856
1980-09-23,57.100220957223506
1980-09-24,57.49864019673588
1980-09-25,56.90081891105741
1980-09-26,55.79109289446151
1980-09-29,54.27576746721274
1980-09-30,55.26156344599995
1980-10-01,56.189211078715545
1980-10-02,56.62599463573073
1980-10-03,57.21019227502605
1980-10-06,58.13111636028188
1980-10-07,57.82931034415915
1980-10-08,58.023480373922425
1980-10-09,57.777351708032484
1980-10-10,57.61501421826232
1980-10-13,58.222206030735705
1980-10-14,58.28553013374796
1980-10-15,58.87015329432877
1980-10-16,58.23487603589228
1980-10-17,57.967368255068166
1980-10-20,58.32115591723101
1980-10-21,58.06675085663615
1980-10-22,58.28808814021325
1980-10-23,57.347456694664615
1980-10-24,57.45077096732463
1980-10-27,56.75489288957602
1980-10-28,56.853070671754864
1980-10-29,56.89141902848234
1980-10-30,56.11570279398184
1980-10-31,56.63085250406361
1980-11-03,57.238979645863694
1980-11-05,58.05568572269296
1980-11-06,57.03185765072662
1980-11-07,57.083139702837094
1980-11-10,57.2658384095032
1980-11-11,57.97065255961227
1980-11-12,59.17117233426746
1980-11-13,60.09877404619153
1980-11-14,60.48946850313908
1980-11-17,60.72014102868887
1980-11-18,61.66684974869103
1980-11-19,61.54839234725194
1980-11-20,62.162507108165606
1980-11-21,61.674004198395366
1980-11-24,61.225717212599875
1980-11-25,61.71494689833549
1980-11-26,62.16730053557251
1980-11-28,62.44144612727857
1980-12-01,61.2368312254969
1980-12-02,60.997944744879106
1980-12-03,61.080916313939724
1980-12-04,61.14770711440879
1980-12-05,60.13606324106669
1980-12-08,58.60980492016833
1980-12-09,58.443147068584345
1980-12-10,57.59945630819075
1980-12-11,56.79194928127929
1980-12-12,57.51722102616484
1980-12-15,57.62874195387193
1980-12-16,57.976382930175426
1980-12-17,58.7074260230815
1980-12-18,58.82568908319207
1980-12-19,59.07822664637485
1980-12-22,59.74047155001461
1980-12-23,59.71970311997958
1980-12-24,59.98224130006585
1980-12-26,60.25240582463282
1980-12-29,59.878241862778665
1980-12-30,60.048529708374275
1980-12-31,60.46441497359553
1981-01-02,60.77231077439374
1981-01-05,61.39656582975666
1981-01-06,61.14929614318412
1981-01-07,59.45779806499633
1981-01-08,58.63162093582209
1981-01-09,58.88521861278859
1981-01-12,58.93741230586723
1981-01-13,58.817463880208045
1981-01-14,59.084108944529625
1981-01-15,59.59890508008879
1981-01-16,59.9677776073456
1981-01-19,59.876909189741234
1981-01-20,58.7956595738086
1981-01-21,58.54805866503605
1981-01-22,58.00567165730512
1981-01-23,57.956169359504976
1981-01-26,57.516790732584795
1981-01-27,58.1198061174547
1981-01-28,57.83946794534582
1981-01-29,57.838679620038796
1981-01-30,57.51641711202016
1981-02-02,56.163022896690315
1981-02-03,56.71892245568917
1981-02-04,56.82780316514555
1981-02-05,57.301217067793225
1981-02-06,57.73150049816477
1981-02-09,57.22132693439256
1981-02-10,57.19081592796362
1981-02-11,56.7468024693739
1981-02-12,56.495520040506506
1981-02-13,56.35657835317225
1981-02-17,56.52842144079683
1981-02-18,56.844053343831874
1981-02-19,56.103313493113895
1981-02-20,56.0220979360928
1981-02-23,56.262309841297714
1981-02-24,56.460242549937384
1981-02-25,56.79587637122501
1981-02-26,57.492866880672956
1981-02-27,58.05806989600411
1981-03-02,58.512584146025546
1981-03-03,58.08271635188377
1981-03-04,58.328983153641516
1981-03-05,58.251693440176695
1981-03-06,58.5069306527546
1981-03-09,58.85818942745926
1981-03-10,58.75208917138241
1981-03-11,58.75490722800085
1981-03-12,59.7558544412946
1981-03-13,60.14934780700259
1981-03-16,60.73947372099563
1981-03-17,60.58743133625461
1981-03-18,60.935132071209914
1981-03-19,61.03340045535451
1981-03-20,61.61575503186789
1981-03-23,62.11737679284482
1981-03-24,61.8799886941213
1981-03-25,62.5244276646586
1981-03-26,62.29045225858889
1981-03-27,61.80182659540144
1981-03-30,61.79492008319994
1981-03-31,62.402204563742195
1981-04-01,62.62845955701991
1981-04-02,62.83785483905112
1981-04-03,62.73225557538043
1981-04-06,62.15359822298415
1981-04-07,62.251594033465274
1981-04-08,62.598877082254326
1981-04-09,63.2511950775412
1981-04-10,63.68834882637843
1981-04-13,63.20544773871023
1981-04-14,62.859362712428805
1981-04-15,63.472626073310686
1981-04-16,63.837073471591665
1981-04-20,64.18331852071121
1981-04-21,63.91229504630229
1981-04-22,64.04947421672165
1981-04-23,64.26617688678306
1981-04-24,64.74476869489017
1981-04-27,64.79343286559576
1981-04-28,64.05782532823318
1981-04-29,63.374589736728765
1981-04-30,63.19002465156984
1981-05-01,62.93632618928056
1981-05-04,61.92345831272162
1981-05-05,61.522310983155144
1981-05-06,61.54543242061511
1981-05-07,61.943986939473966
1981-05-08,62.13776661962011
1981-05-11,61.522387375534365
1981-05-12,61.75168572813615
1981-05-13,62.12791721226081
1981-05-14,62.541396525331955
1981-05-15,62.95439735645698
1981-05-18,63.188704189672464
1981-05-19,63.13479067978477
1981-05-20,63.34565497888187
1981-05-21,63.319625419669755
1981-05-22,63.45809462625918
1981-05-26,63.7750595946249
1981-05-27,64.41226191262786
1981-05-28,64.66902734667973
1981-05-29,64.57409181220713
1981-06-01,64.53688539337982
1981-06-02,63.756013737552884
1981-06-03,63.75729968712934
1981-06-04,63.755516758816796
1981-06-05,64.21658212197131
1981-06-08,64.3506606615029
1981-06-09,64.09113881016174
1981-06-10,64.29916364863992
1981-06-11,65.16024655225324
1981-06-12,65.44764754373021
1981-06-15,65.73748439198074
1981-06-16,65.14324912425774
1981-06-17,65.19653476392907
1981-06-18,64.44895486589668
1981-06-19,64.36693986489549
1981-06-22,64.24802355657366
1981-06-23,64.78393259913135
1981-06-24,64.46978792737873
1981-06-25,64.43674361324635
1981-06-26,64.26649394267338
1981-06-29,63.92792632358678
1981-06-30,63.48813078354037
1981-07-01,62.925180516520776
1981-07-02,62.35966564671012
1981-07-06,61.37596164272449
1981-07-07,61.35924507452817
1981-07-08,61.29791419054378
1981-07-09,61.71273492185423
1981-07-10,61.854721843043926
1981-07-13,61.99689372022092
1981-07-14,61.720625605156364
1981-07-15,62.0012099901836
1981-07-16,62.18241178508558
1981-07-17,62.403278190451154
1981-07-20,61.396987119501304
1981-07-21,60.895102533347796
1981-07-22,60.2564562950488
1981-07-23,60.21130120186329
1981-07-24,60.62402172155239
1981-07-27,61.031195125151335
1981-07-28,60.709064266126504
1981-07-29,60.69046241750482
1981-07-30,61.0511841752624
1981-07-31,61.55941919308799
1981-08-03,61.269953317284575
1981-08-04,61.41362741010277
1981-08-05,62.08126604141755
1981-08-06,62.38822087119638
1981-08-07,62.231627748343
1981-08-10,62.430776808460365
1981-08-11,62.882593852184584
1981-08-12,62.86832598166636
1981-08-13,62.947497646712314
1981-08-14,62.65537111001729
1981-08-17,61.97065664091787
1981-08-18,61.458046676392506
1981-08-19,61.5362484001195
1981-08-20,61.62493591657292
1981-08-21,61.256927190620516
1981-08-24,59.82533078620732
1981-08-25,59.34223624158737
1981-08-26,59.383772131849476
1981-08-27,58.99961399858329
1981-08-28,59.35689014635076
1981-08-31,58.842091939397534
1981-09-01,58.83558579205437
1981-09-02,59.057700045122466
1981-09-03,58.12175838572887
1981-09-04,57.606073947733584
1981-09-08,56.590599144095094
1981-09-09,56.84738545642804
1981-09-10,57.660137581204715
1981-09-11,58.35350918404118
1981-09-14,58.12724431985017
1981-09-15,58.03270925268588
1981-09-16,57.722617969337776
1981-09-17,57.146448433604554
1981-09-18,56.9540912817672
1981-09-21,57.29788544517348
1981-09-22,57.31668772391276
1981-09-23,56.65701566028421
1981-09-24,56.674163972562155
1981-09-25,55.62237544756972
1981-09-28,56.55401557535339
1981-09-29,57.24400422050595
1981-09-30,57.45952166927728
1981-10-01,57.70037117159307
1981-10-02,58.5216245606102
1981-10-05,58.80819998308417
1981-10-06,58.62272983500842
1981-10-07,59.575831283308716
1981-10-08,60.003812043795364
1981-10-09,60.042793743325916
1981-10-12,60.04748460253966
1981-10-13,60.03802977082006
1981-10-14,59.47865818254565
1981-10-15,59.784838487425596
1981-10-16,59.77525959588875
1981-10-19,59.738189377109286
1981-10-20,60.137354345776075
1981-10-21,60.07073985763178
1981-10-22,59.89758405512169
1981-10-23,59.59925876424402
1981-10-26,59.389551384697214
1981-10-27,59.90745103411564
1981-10-28,60.23109748799313
1981-10-29,60.05335160738816
1981-10-30,61.21330193426383
1981-11-02,61.911461248195735
1981-11-03,62.147491547053086
1981-11-04,62.26987421884567
1981-11-05,61.905783946502
1981-11-06,61.71718038001228
1981-11-09,62.080370533841034
1981-11-10,61.910518552484994
1981-11-11,62.21562998799171
1981-11-12,62.32332022580776
1981-11-13,61.8566213376949
1981-11-16,61.19798070972229
1981-11-17,61.53698441228926
1981-11-18,61.45300761745762
1981-11-19,61.42633234333804
1981-11-20,61.98200258219606
1981-11-23,61.71735760460359
1981-11-24,62.27543665658498
1981-11-25,62.5342233445306
1981-11-27,62.77027782254382
1981-11-30,62.92075635797584
1981-12-01,62.72191589000292
1981-12-02,62.202631573298056
1981-12-03,62.398178711381824
1981-12-04,62.708750927312295
1981-12-07,62.33432510172989
1981-12-08,62.1165111459548
1981-12-09,62.11466676216083
1981-12-10,62.244531226762795
1981-12-11,61.908495051622005
1981-12-14,61.210985674243005
1981-12-15,61.30164973100095
1981-12-16,61.10692811301759
1981-12-17,61.187101989601324
1981-12-18,61.621998332318476
1981-12-21,61.521358707093654
1981-12-22,61.379053939042095
1981-12-23,61.184554222731094
1981-12-24,61.27978848133674
1981-12-28,61.216888216537036
1981-12-29,61.070729551333166
1981-12-30,61.24856706344007
1981-12-31,61.48664034082782
1982-01-04,61.56092506811002
1982-01-05,60.7035648154274
1982-01-06,60.55301571950473
1982-01-07,60.54105474988756
1982-01-08,60.93780978861318
1982-01-11,60.22063179222922
1982-01-12,59.81466750204022
1982-01-13,59.14764463569963
1982-01-14,59.402372159968735
1982-01-15,59.52850226714499
1982-01-18,59.62051013949876
1982-01-19,59.27872200563024
1982-01-20,59.182789312943505
1982-01-21,59.42100859274489
1982-01-22,59.39783918942083
1982-01-25,59.128207524231236
1982-01-26,59.04034002876602
1982-01-27,59.17188684274507
1982-01-28,60.38552657380196
1982-01-29,61.14292428697712
1982-02-01,60.306784317374934
1982-02-02,60.482199532120966
1982-02-03,60.03603278501279
1982-02-04,59.90420838069711
1982-02-05,60.319784143334104
1982-02-08,59.54972794279059
1982-02-09,59.17066248676901
1982-02-10,59.450233214435
1982-02-11,59.48240457757542
1982-02-12,59.53152709328385
1982-02-16,59.36809188189318
1982-02-17,59.239795935266585
1982-02-18,59.16879306283954
1982-02-19,59.17913589527056
1982-02-22,59.031404787846185
1982-02-23,59.01299198856004
1982-02-24,59.570555390080955
1982-02-25,59.53417212764748
1982-02-26,59.54647060906061
1982-03-01,59.668514394344605
1982-03-02,59.97706633379817
1982-03-03,59.65415212455892
1982-03-04,59.505489959037284
1982-03-05,59.57271658941029
1982-03-08,59.17758329873335
1982-03-09,59.16562369451423
1982-03-10,59.34775151622865
1982-03-11,59.2321741423784
1982-03-12,58.98747258001632
1982-03-15,58.940047919314964
1982-03-16,58.91826189146108
1982-03-17,58.82504776230215
1982-03-18,59.27200205260174
1982-03-19,59.46007625539097
1982-03-22,60.116750188036384
1982-03-23,60.51864825813051
1982-03-24,60.413240707751555
1982-03-25,60.72835853975616
1982-03-26,60.376669348900585
1982-03-29,60.34389307122761
1982-03-30,60.38671609855206
1982-03-31,60.31132764799863
1982-04-01,60.67383023921808
1982-04-02,61.16078492980809
1982-04-05,60.91459176031325
1982-04-06,61.25190472622676
1982-04-07,61.322459752217576
1982-04-08,61.54703042108751
1982-04-12,61.55751920700024
1982-04-13,61.72985054952327
1982-04-14,61.78182754629486
1982-04-15,61.96566316258855
1982-04-16,62.19714853199152
1982-04-19,62.41147448140053
1982-04-20,62.15040213838927
1982-04-21,62.32682934065365
1982-04-22,62.81026634950972
1982-04-23,63.23391071087568
1982-04-26,63.36890465798189
1982-04-27,62.973399781091516
1982-04-28,62.701158729229824
1982-04-29,62.37093776209764
1982-04-30,62.45752054109093
1982-05-03,62.61417874120995
1982-05-04,63.003379141592696
1982-05-05,63.218705265043965
1982-05-06,63.75757365225904
1982-05-07,64.0432206764898
1982-05-10,63.55963891122258
1982-05-11,63.92050129111641
1982-05-12,63.81211753554011
1982-05-13,63.42930759636285
1982-05-14,63.403566034347726
1982-05-17,62.91459154662409
1982-05-18,62.58109742254584
1982-05-19,62.32351107190867
1982-05-20,62.193810211085555
1982-05-21,62.43390780794415
1982-05-24,62.41754151402162
1982-05-25,62.45885541081265
1982-05-26,61.883371333847116
1982-05-27,61.6331317393444
1982-05-28,61.443025240480154
1982-06-01,61.123972898670004
1982-06-02,61.24009877874939
1982-06-03,61.27656742575155
1982-06-04,60.66035257153318
1982-06-07,60.65228714148258
1982-06-08,60.5112723480418
1982-06-09,60.19670709054259
1982-06-10,60.47049444799191
1982-06-11,61.3791009799188
1982-06-14,60.91103692287495
1982-06-15,60.848902352546
1982-06-16,60.68103367872025
1982-06-17,60.25991116078598
1982-06-18,59.92262203749115
1982-06-21,59.94556100134812
1982-06-22,60.294656863585
1982-06-23,60.88957409471303
1982-06-24,60.934951809778944
1982-06-25,60.552264998511575
1982-06-28,60.8267983241396
1982-06-29,61.135798547460496
1982-06-30,61.38714077601038
1982-07-01,60.969605973572676
1982-07-02,60.56044952119047
1982-07-06,60.36620767207514
1982-07-07,60.27421315583594
1982-07-08,60.542648690161904
1982-07-09,61.283014436368504
1982-07-12,62.28763943060856
1982-07-13,62.30575496950872
1982-07-14,62.27581166663125
1982-07-15,62.29569142657181
1982-07-16,62.884357472126766
1982-07-19,63.00107270774263
1982-07-20,63.44824341801704
1982-07-21,63.40223550112359
1982-07-22,63.533212912707654
1982-07-23,63.17115439499388
1982-07-26,62.68085897428583
1982-07-27,62.21643951785104
1982-07-28,61.46471839622868
1982-07-29,61.35452298032953
1982-07-30,61.27805845980225
1982-08-02,62.175527094314845
1982-08-03,61.755728765815824
1982-08-04,61.03919930727633
1982-08-05,60.527374832028954
1982-08-06,60.070693028051295
1982-08-09,59.56290109626113
1982-08-10,59.458834181491135
1982-08-11,59.39031058742741
1982-08-12,59.43585625432229
1982-08-13,60.27373689439978
1982-08-16,60.73335110570144
1982-08-17,63.227890457226756
1982-08-18,63.32725450593054
1982-08-19,63.587029141697776
1982-08-20,65.42316691734078
1982-08-23,67.01762063196634
1982-08-24,66.72314946438252
1982-08-25,67.60011103803456
1982-08-26,67.90879201301902
1982-08-27,67.12956585260744
1982-08-30,67.31808742933768
1982-08-31,68.31398563182763
1982-09-01,67.92454700818209
1982-09-02,68.61131775785884
1982-09-03,69.84393537855877
1982-09-07,69.15033257453727
1982-09-08,69.43215813050602
1982-09-09,69.52895651176601
1982-09-10,68.98122797575853
1982-09-13,69.4847570607393
1982-09-14,70.42387040637746
1982-09-15,71.11564396654808
1982-09-16,71.03914117761857
1982-09-17,70.39995864781967
1982-09-20,70.26219197345702
1982-09-21,71.5011313601902
1982-09-22,71.58378054637822
1982-09-23,71.53138721430342
1982-09-24,71.46981364133671
1982-09-27,71.72387738215407
1982-09-28,71.68897451702836
1982-09-29,70.85108658791742
1982-09-30,70.23999329635768
1982-10-01,70.94147941376085
1982-10-04,70.74387736821726
1982-10-05,70.94148993986015
1982-10-06,72.9240700692804
1982-10-07,74.44975434910882
1982-10-08,75.75085764239006
1982-10-11,77.26345867896276
1982-10-12,76.72096323903718
1982-10-13,77.66461045288129
1982-10-14,76.54995321862529
1982-10-15,76.19264829117142
1982-10-18,77.46696496504944
1982-10-19,77.53646540421138
1982-10-20,78.53103516442799
1982-10-21,78.52480830861805
1982-10-22,78.5753305576056
1982-10-25,76.22068874406155
1982-10-26,76.43651903761318
1982-10-27,77.39356200097345
1982-10-28,76.93451778318554
1982-10-29,77.30464654749501
1982-11-01,78.27752780936085
1982-11-02,79.42484197487906
1982-11-03,82.0044672652645
1982-11-04,81.93360059670378
1982-11-05,82.20766570887737
1982-11-08,81.3369604858561
1982-11-09,82.42337734796646
1982-11-10,81.59036560364846
1982-11-11,81.99188457090737
1982-11-12,81.55169529299148
1982-11-15,80.17578818035336
1982-11-16,79.04560373727996
1982-11-17,80.39122788066628
1982-11-18,81.06385674231232
1982-11-19,80.77553393427117
1982-11-22,79.42203301706802
1982-11-23,79.02370962837787
1982-11-24,79.65301853698477
1982-11-26,80.27482276336778
1982-11-29,80.21746306779679
1982-11-30,82.10671549839552
1982-12-01,82.30856119870491
1982-12-02,82.37782625715032
1982-12-03,82.3163705275522
1982-12-06,83.69958167012058
1982-12-07,84.14881989936902
1982-12-08,83.89472492710064
1982-12-09,82.93318236044837
1982-12-10,82.21135561498708
1982-12-13,82.26463864156133
1982-12-14,81.35475409301816
1982-12-15,80.36484916861309
1982-12-16,80.26072455651718
1982-12-17,81.34088868713462
1982-12-20,80.83514151606661
1982-12-21,82.10919621529763
1982-12-22,82.74273006764926
1982-12-23,83.1215744893607
1982-12-27,83.98577902725366
1982-12-28,83.42110598800257
1982-12-29,83.5881385954697
1982-12-30,83.12158001773733
1982-12-31,83.35471690471313
1983-01-03,82.17567396553503
1983-01-04,82.9989244164519
1983-01-05,82.84625188027115
1983-01-06,84.22782850731626
1983-01-07,84.23382174818444
1983-01-10,85.09746857334895
1983-01-11,84.76539924121224
1983-01-12,85.25258207085139
1983-01-13,84.82645949411389
1983-01-14,85.28263487511921
1983-01-17,85.67375115481987
1983-01-18,85.47446895189493
1983-01-19,84.60585074684651
1983-01-20,84.52102890031898
1983-01-21,83.27327357612988
1983-01-24,81.55042113568085
1983-01-25,82.94630033237198
1983-01-26,83.02449434619587
1983-01-27,84.849823884756
1983-01-28,85.435772705265
1983-01-31,86.27489616585588
1983-02-01,85.3052323427016
1983-02-02,85.38203327649589
1983-02-03,85.91518580871694
1983-02-04,86.74525325030336
1983-02-07,87.30222210147917
1983-02-08,86.88054979970704
1983-02-09,86.5756412009908
1983-02-10,87.45558853267299
1983-02-11,87.54513109389671
1983-02-14,88.16957680544506
1983-02-15,87.88622133573759
1983-02-16,87.53051038740851
1983-02-17,87.4350905140556
1983-02-18,87.79627711476036
1983-02-22,87.48938809226955
1983-02-23,88.2116401170003
1983-02-24,89.36930932487225
1983-02-25,89.60395521911079
1983-02-28,89.4297867821428
1983-03-01,91.10168287177807
1983-03-02,91.62712093466581
1983-03-03,91.99258595798557
1983-03-04,92.22301169874997
1983-03-07,92.12979817386288
1983-03-08,90.7027519795348
1983-03-09,91.57374844020993
1983-03-10,90.928352675796
1983-03-11,90.84696106295067
1983-03-14,90.32240225885661
1983-03-15,90.8442928765346
1983-03-16,90.39031785360422
1983-03-17,90.50345358905179
1983-03-18,91.03444246747662
1983-03-21,91.87201592543084
1983-03-22,91.94602072197166
1983-03-23,93.3475355627968
1983-03-24,93.65545777768212
1983-03-25,93.39366145488412
1983-03-28,92.81233062619319
1983-03-29,92.79516618503682
1983-03-30,93.7612312968884
1983-03-31,92.77342682621995
1983-04-04,92.51545547011918
1983-04-05,92.0243206415983
1983-04-06,91.39677754576533
1983-04-07,91.70123707950016
1983-04-08,92.17952845904067
1983-04-11,93.53884954072983
1983-04-12,94.13006478694842
1983-04-13,95.2412278980957
1983-04-14,96.30268664666298
1983-04-15,96.91743615420185
1983-04-18,97.55375584966225
1983-04-19,96.79182124171334
1983-04-20,98.40787239087138
1983-04-21,98.245929347963
1983-04-22,98.58494058352471
1983-04-25,97.42382557491258
1983-04-26,98.84936057129042
1983-04-27,98.56413370650284
1983-04-28,99.60395270396644
1983-04-29,100.47935697259932
1983-05-02,98.96090664078226
1983-05-03,98.85407926095354
1983-05-04,99.76498975122288
1983-05-05,100.93495347021967
1983-05-06,102.25656691590194
1983-05-09,102.34406246567079
1983-05-10,102.65563531802913
1983-05-11,101.75060335085838
1983-05-12,101.37424719248395
1983-05-13,101.90030653087537
1983-05-16,100.81075095011508
1983-05-17,101.1225517950789
1983-05-18,101.31445427005761
1983-05-19,100.65444368756877
1983-05-20,100.63440474924627
1983-05-23,101.25935246247224
1983-05-24,102.31473552206509
1983-05-25,102.9517966441369
1983-05-26,102.7111954387103
1983-05-27,102.40850287113314
1983-05-31,101.2047858256838
1983-06-01,101.30989341391552
1983-06-02,102.3029635955214
1983-06-03,102.8878573870061
1983-06-06,103.51932704009029
1983-06-07,102.60182058284958
1983-06-08,101.91306187318058
1983-06-09,102.30689721086621
1983-06-10,103.20191148499654
1983-06-13,104.2155948933753
1983-06-14,104.72642561226472
1983-06-15,105.9969555921083
1983-06-16,107.1334963702744
1983-06-17,106.7826612673566
1983-06-20,106.72793795107877
1983-06-21,107.27242369475177
1983-06-22,107.42266122128387
1983-06-23,107.10897400208043
1983-06-24,107.25140320261713
1983-06-27,105.97324780731444
1983-06-28,103.83446304363558
1983-06-29,104.31147686943679
1983-06-30,105.20349257420834
1983-07-01,105.86124413454681
1983-07-05,104.2618173042686
1983-07-06,105.16537990981521
1983-07-07,104.89687268437564
1983-07-08,104.72311942782417
1983-07-11,105.40615370158176
1983-07-12,103.80377752160425
1983-07-13,103.39896501011624
1983-07-14,103.76586791714423
1983-07-15,102.55777075996981
1983-07-18,101.97574182160444
1983-07-19,102.5657008458458
1983-07-20,105.2537125846687
1983-07-21,105.57589278222504
1983-07-22,105.70177122777416
1983-07-25,106.04770220830726
1983-07-26,106.51075309353848
1983-07-27,104.30329542371226
1983-07-28,102.32483198785496
1983-07-29,100.84874397090225
1983-08-01,100.30752495929156
1983-08-02,100.14304409894343
1983-08-03,100.49553517416791
1983-08-04,99.0866904671934
1983-08-05,99.26952463704714
1983-08-08,97.53785432732245
1983-08-09,97.51013175151505
1983-08-10,98.40454435147298
1983-08-11,98.62887842470086
1983-08-12,99.21636989016032
1983-08-15,100.19518159241295
1983-08-16,99.66263777654115
1983-08-17,100.42994535091651
1983-08-18,99.62883185053518
1983-08-19,99.48957923410093
1983-08-22,99.12299003146255
1983-08-23,97.81168310221652
1983-08-24,96.74925381801721
1983-08-25,96.371983858138
1983-08-26,97.24458324953694
1983-08-29,97.2577691407498
1983-08-30,97.4784620873551
1983-08-31,98.66831174728773
1983-09-01,98.82562658199583
1983-09-02,99.57661766092004
1983-09-06,101.21143220617047
1983-09-07,101.35014765568984
1983-09-08,101.44136040702321
1983-09-09,101.08573806654512
1983-09-12,100.41678660836743
1983-09-13,99.70452153419461
1983-09-14,99.96599424494173
1983-09-15,99.45959523187544
1983-09-16,100.61872643792195
1983-09-19,101.88156484711932
1983-09-20,102.7305203904727
1983-09-21,102.38956911982658
1983-09-22,103.0277473023314
1983-09-23,102.787246724224
1983-09-26,102.9767568931066
1983-09-27,101.7859086062123
1983-09-28,101.55553664780135
1983-09-29,101.16153092376987
1983-09-30,100.4540376524533
1983-10-03,100.16800637129431
1983-10-04,100.57743444417521
1983-10-05,101.37132239593123
1983-10-06,102.54686221880357
1983-10-07,102.87343500651538
1983-10-10,103.0273675337978
1983-10-11,102.08815885289769
1983-10-12,101.34100989029186
1983-10-13,101.041471972861
1983-10-14,101.02499000919114
1983-10-17,101.21328209301197
1983-10-18,99.82071055176804
1983-10-19,99.14002745782756
1983-10-20,99.5924816347794
1983-10-21,99.11155364155205
1983-10-24,99.01475376960464
1983-10-25,99.48266361060855
1983-10-26,99.31488498930244
1983-10-27,99.02062983004352
1983-10-28,98.41370264305685
1983-10-31,98.21773166613241
1983-11-01,98.22927825291467
1983-11-02,99.05993297989286
1983-11-03,98.3742611740418
1983-11-04,97.61414989422366
1983-11-07,97.10146352414918
1983-11-08,96.88085086582355
1983-11-09,97.83999959700365
1983-11-10,98.34193599267961
1983-11-11,99.5953225017415
1983-11-14,100.06572322726163
1983-11-15,99.44268323024829
1983-11-16,100.02982237200762
1983-11-17,100.16843880389557
1983-11-18,100.02238949726267
1983-11-21,100.50280575553899
1983-11-22,100.74728960043322
1983-11-23,100.41355390065236
1983-11-25,100.3546316112336
1983-11-28,99.8776577531045
1983-11-29,100.53952599959729
1983-11-30,99.98270228802863
1983-12-01,100.06663382727557
1983-12-02,99.42441075255607
1983-12-05,99.33894111526388
1983-12-06,99.18707993246902
1983-12-07,99.12267810849212
1983-12-08,98.95943216681073
1983-12-09,98.89618562029196
1983-12-12,99.04036401054995
1983-12-13,98.78771864940252
1983-12-14,98.00492251136906
1983-12-15,97.39390929518926
1983-12-16,97.37150483835738
1983-12-19,97.14099894457243
1983-12-20,96.87530533269424
1983-12-21,97.54148688078251
1983-12-22,97.23638518476722
1983-12-23,97.11829470519655
1983-12-27,97.94506178485054
1983-12-28,98.7243259238933
1983-12-29,98.47612960052739
1983-12-30,98.58333273608655
1984-01-03,97.95524099122686
1984-01-04,99.33196422829903
1984-01-05,100.51070729117515
1984-01-06,100.98607391612978
1984-01-09,100.81346509779988
1984-01-10,100.43991929521704
1984-01-11,100.19116945440982
1984-01-12,100.18140303544088
1984-01-13,99.76505894036274
1984-01-16,99.20256260256032
1984-01-17,99.54432375934391
1984-01-18,99.47021343913757
1984-01-19,99.09788594975765
1984-01-20,98.63037746421759
1984-01-23,97.87235649225885
1984-01-24,98.0835700901674
1984-01-25,97.70692811575334
1984-01-26,97.62502073875054
1984-01-27,97.59647490294591
1984-01-30,96.88517508024985
1984-01-31,97.02421930390095
1984-02-01,96.7429219059836
1984-02-02,97.04743799787782
1984-02-03,96.14506537713041
1984-02-06,94.80550735961197
1984-02-07,94.73445928611874
1984-02-08,93.4785750549416
1984-02-09,92.87020442583956
1984-02-10,92.98746086006413
1984-02-13,92.04487854423014
1984-02-14,92.47729950378228
1984-02-15,92.36613851048004
1984-02-16,92.12600296717643
1984-02-17,91.90690412814732
1984-02-21,91.32912573610744
1984-02-22,90.81786927424032
1984-02-23,90.40196251117278
1984-02-24,91.96054734512308
1984-02-27,92.92509472653266
1984-02-28,92.09498578507767
1984-02-29,92.33305094218872
1984-03-01,92.95672628021511
1984-03-02,93.54058529159987
1984-03-05,92.83452458421645
1984-03-06,91.89788389513541
1984-03-07,91.03262740600869
1984-03-08,91.21780918240259
1984-03-09,90.85285563260165
1984-03-12,91.34171977432544
1984-03-13,91.3031495078357
1984-03-14,91.15164244266415
1984-03-15,91.649661452988
1984-03-16,92.45155082403613
1984-03-19,91.82363351585512
1984-03-20,92.41089087712612
1984-03-21,92.6067830661194
1984-03-22,92.03078634829765
1984-03-23,92.05879203901085
1984-03-26,92.19712936669134
1984-03-27,92.52405045096796
1984-03-28,93.48735986844399
1984-03-29,93.51324946620542
1984-03-30,93.36742957177752
1984-04-02,93.01742181492307
1984-04-03,92.93866476266447
1984-04-04,93.0358934480198
1984-04-05,91.60826402774455
1984-04-06,91.75671688371473
1984-04-09,91.93900297145564
1984-04-10,92.15264981743445
1984-04-11,92.03782977137689
1984-04-12,93.25946206922946
1984-04-13,93.31546076380602
1984-04-16,93.99244969889362
1984-04-17,94.45353635584371
1984-04-18,93.9100826999801
1984-04-19,93.93318246798374
1984-04-23,93.35144352013242
1984-04-24,93.97265162590749
1984-04-25,94.25889112936969
1984-04-26,95.0567337445039
1984-04-27,94.90592598441431
1984-04-30,95.01866115615248
1984-05-01,95.77078167326026
1984-05-02,96.02680401873323
1984-05-03,95.93013482392499
1984-05-04,95.45130424805579
1984-05-07,95.70982648587541
1984-05-08,96.31735578962856
1984-05-09,96.53788972263224
1984-05-10,96.64169695337507
1984-05-11,95.92564468115192
1984-05-14,95.29187112247527
1984-05-15,95.56569557612487
1984-05-16,95.65151413024955
1984-05-17,95.06387082517243
1984-05-18,94.67922084333571
1984-05-21,94.12204605181809
1984-05-22,93.60292813692678
1984-05-23,93.20220267685886
1984-05-24,92.01725975183305
1984-05-25,92.18666450141092
1984-05-29,91.75716312852754
1984-05-30,91.48775590870355
1984-05-31,91.5583996630361
1984-06-01,92.92949285829006
1984-06-04,93.74210664932313
1984-06-05,93.52613920091144
1984-06-06,94.2007483178115
1984-06-07,94.28175324258353
1984-06-08,94.33512514461582
1984-06-11,93.38373912709872
1984-06-12,93.14921358566197
1984-06-13,93.17485170667686
1984-06-14,92.15648813671754
1984-06-15,91.36962571882664
1984-06-18,92.68558824506248
1984-06-19,92.98012328893772
1984-06-20,93.82160934349362
1984-06-21,93.68885512882407
1984-06-22,93.75079497340334
1984-06-25,93.5352861475203
1984-06-26,93.10700024051923
1984-06-27,92.43648400927701
1984-06-28,92.907077010653
1984-06-29,93.15587688663852
1984-07-02,93.27931608199074
1984-07-03,93.49467745120742
1984-07-05,93.18766019712292
1984-07-06,93.0737812263426
1984-07-09,93.4481503912553
1984-07-10,93.09852494351378
1984-07-11,92.2137413501061
1984-07-12,91.87693605159429
1984-07-13,92.45535683937408
1984-07-16,92.74269237336792
1984-07-17,93.01151989025529
1984-07-18,92.51115401522117
1984-07-19,92.09332974626687
1984-07-20,91.75227427570455
1984-07-23,91.24981842694419
1984-07-24,90.8379693367576
1984-07-25,91.12891945610627
1984-07-26,91.4709810108595
1984-07-27,91.48834355250237
1984-07-30,90.86398175101054
1984-07-31,90.56398756509326
1984-08-01,92.10530728591534
1984-08-02,93.82354435236041
1984-08-03,95.24323957597348
1984-08-06,95.1723769736309
1984-08-07,95.34905140757489
1984-08-08,95.53972876196836
1984-08-09,97.32732908012215
1984-08-10,97.62239973209961
1984-08-13,97.15287091362582
1984-08-14,96.85085709431486
1984-08-15,96.1941558932292
1984-08-16,96.62827799643337
1984-08-17,96.77924320943447
1984-08-20,97.4018598253184
1984-08-21,98.72136152696795
1984-08-22,98.54290863803895
1984-08-23,98.57275814639334
1984-08-24,98.69979004253771
1984-08-27,98.44953132467316
1984-08-28,98.91887831966349
1984-08-29,99.0407909859131
1984-08-30,98.79725082538991
1984-08-31,98.93895102146485
1984-09-04,98.33367872486197
1984-09-05,98.1942415472149
1984-09-06,99.01991349139585
1984-09-07,98.46976383898748
1984-09-10,98.44256734407918
1984-09-11,98.6711077802198
1984-09-12,98.72312786262161
1984-09-13,100.22555860142232
1984-09-14,100.75222850851554
1984-09-17,100.88373831795646
1984-09-18,100.57525061676508
1984-09-19,100.42577129944695
1984-09-20,101.16975351770506
1984-09-21,100.48715449852334
1984-09-24,100.6091247860893
1984-09-25,100.91059175657657
1984-09-26,101.25065328812201
1984-09-27,101.82731676983586
1984-09-28,101.25853510690851
1984-10-01,100.69354163221314
1984-10-02,100.11841863992053
1984-10-03,99.20495171181585
1984-10-04,99.40364655897923
1984-10-05,99.26812198892962
1984-10-08,98.87406797411765
1984-10-09,98.71449884429614
1984-10-10,98.56417706795496
1984-10-11,98.90652400417349
1984-10-12,99.71834382120879
1984-10-15,100.44573811897808
1984-10-16,100.02825425150368
1984-10-17,99.4151867953426
1984-10-18,100.90303466817606
1984-10-19,101.0439836886662
1984-10-22,100.48511888191355
1984-10-23,100.24640635912229
1984-10-24,100.31031692497497
1984-10-25,100.27510945183832
1984-10-26,100.032228796767
1984-10-29,99.67075707759994
1984-10-30,100.58468259768576
1984-10-31,100.38215450131665
1984-11-01,101.11970512037016
1984-11-02,101.04663055134012
1984-11-05,101.70204633407504
1984-11-06,102.75465973557831
1984-11-07,102.2560770941301
1984-11-08,102.05959902051471
1984-11-09,101.76580371781078
1984-11-12,101.51103320267934
1984-11-13,100.90488312218609
1984-11-14,100.89394832484605
1984-11-15,101.30049647897164
1984-11-16,100.72686404678909
1984-11-19,100.0722289450506
1984-11-20,100.61902720269232
1984-11-21,100.87766301556414
1984-11-23,101.97124229112819
1984-11-26,101.02776672075284
1984-11-27,101.3665638768748
1984-11-28,101.0048073641703
1984-11-29,100.75210841380363
1984-11-30,100.78847059525248
1984-12-03,100.42563459828422
1984-12-04,100.62503802098708
1984-12-05,100.5667685610847
1984-12-06,100.92393165219892
1984-12-07,100.88924670401398
1984-12-10,101.06669383679356
1984-12-11,100.94131126446909
1984-12-12,100.67599363977554
1984-12-13,100.21466898758649
1984-12-14,100.67844630055808
1984-12-17,101.36855039108545
1984-12-18,103.24821304965354
1984-12-19,102.44563989938545
1984-12-20,102.4394188994477
1984-12-21,102.11558143715234
1984-12-24,102.74236185702802
1984-12-26,102.66326664069915
1984-12-27,102.33573937807355
1984-12-28,102.67518718588475
1984-12-31,103.21892539775132
1985-01-02,102.33185068610581
1985-01-03,102.17414010921043
1985-01-04,101.76431188293684
1985-01-07,101.96516357400057
1985-01-08,101.98076426672002
1985-01-09,102.60329940890838
1985-01-10,103.95679697339439
1985-01-11,103.65751146302574
1985-01-14,104.66026166641453
1985-01-15,104.74207861050425
1985-01-16,104.95949998914773
1985-01-17,104.8413886552431
1985-01-18,105.16880212050737
1985-01-21,106.54717126994532
1985-01-22,106.56821074591448
1985-01-23,107.12331541185378
1985-01-24,106.83732965929637
1985-01-25,106.99382035497132
1985-01-28,106.8402258729658
1985-01-29,107.47432087170134
1985-01-30,108.01121421017596
1985-01-31,108.31981966219993
1985-02-01,108.176146411033
1985-02-04,108.90791759250477
1985-02-05,109.23102460179398
1985-02-06,109.63443057139801
1985-02-07,110.54443218355425
1985-02-08,110.8204868794785
1985-02-11,110.14144231907694
1985-02-12,110.3587955243002
1985-02-13,111.82155620426524
1985-02-14,111.8072030744022
1985-02-15,111.61953197499447
1985-02-19,111.64181218133633
1985-02-20,111.62502177809034
1985-02-21,111.13091666426669
1985-02-22,110.49927129174041
1985-02-25,110.22617762232663
1985-02-26,111.1010783313471
1985-02-27,111.07940665133638
1985-02-28,111.28712121846556
1985-03-01,112.55458154547428
1985-03-04,112.01174898865095
1985-03-05,112.13711420649429
1985-03-06,111.68827564091487
1985-03-07,111.49310648019426
1985-03-08,111.35364469882957
1985-03-11,111.23651886594124
1985-03-12,111.84002350135825
1985-03-13,111.21654615007402
1985-03-14,111.4393772343075
1985-03-15,111.2097962186809
1985-03-18,112.13174708255782
1985-03-19,113.49811137621893
1985-03-20,113.77282459253429
1985-03-21,114.22163260221284
1985-03-22,114.31119960066532
1985-03-25,113.9465447625388
1985-03-26,114.22032604852048
1985-03-27,114.86223894415467
1985-03-28,115.03567697273142
1985-03-29,115.82986669556284
1985-04-01,116.20594665812239
1985-04-02,116.08760761057937
1985-04-03,115.30577670614367
1985-04-04,115.26574951494571
1985-04-08,115.18340423833008
1985-04-09,115.17732154151899
1985-04-10,115.74783390788109
1985-04-11,116.38704585369683
1985-04-12,116.61710852407307
1985-04-15,116.83099229097324
1985-04-16,116.9659441446614
1985-04-17,116.92902580385903
1985-04-18,116.84145402150806
1985-04-19,117.11365227295771
1985-04-22,117.0377318496623
1985-04-23,117.67565516220871
1985-04-24,118.00088428799938
1985-04-25,118.49259326346053
1985-04-26,118.3623185181532
1985-04-29,117.35594473191888
1985-04-30,116.66910185208114
1985-05-01,115.74091863424854
1985-05-02,116.07352186571083
1985-05-03,116.73132049453308
1985-05-06,116.85084220053456
1985-05-07,117.48157116416199
1985-05-08,117.64617035434297
1985-05-09,118.57288004113761
1985-05-10,119.8222529930499
1985-05-13,120.01961676135208
1985-05-14,120.04983794913481
1985-05-15,120.62455927252064
1985-05-16,121.59451015274995
1985-05-17,122.97965272281166
1985-05-20,124.06222326978633
1985-05-21,123.7252521764584
1985-05-22,122.8879689982976
1985-05-23,122.2481001794327
1985-05-24,122.70826970728899
1985-05-28,122.84591481520238
1985-05-29,122.76404491334564
1985-05-30,123.05823811821878
1985-05-31,124.3508722459104
1985-06-03,124.78383333589213
1985-06-04,125.49144199146022
1985-06-05,126.01462608249251
1985-06-06,126.44609919592055
1985-06-07,126.15176610339242
1985-06-10,125.78247332537023
1985-06-11,125.63785098194215
1985-06-12,125.22354273938211
1985-06-13,124.33578111771969
1985-06-14,125.2749976334785
1985-06-17,125.34468043455998
1985-06-18,126.10915317730029
1985-06-19,126.0190176942467
1985-06-20,126.0166803189655
1985-06-21,127.46506002965754
1985-06-24,127.19054571254158
1985-06-25,127.35463215108682
1985-06-26,127.17903575118368
1985-06-27,127.8549498294644
1985-06-28,128.54194420914627
1985-07-01,128.80307372910409
1985-07-02,128.67000279058266
1985-07-03,128.67610948771605
1985-07-05,129.3936034468587
1985-07-08,129.32253335474655
1985-07-09,129.00926735321246
1985-07-10,129.77058938735192
1985-07-11,130.43132858265596
1985-07-12,130.66970394969363
1985-07-15,130.24108013001253
1985-07-16,131.07642965572515
1985-07-17,131.2485699602937
1985-07-18,130.15104363657042
1985-07-19,129.9591173335918
1985-07-22,129.05201250876473
1985-07-23,126.57977187754533
1985-07-24,125.2111053941454
1985-07-25,125.15119670863365
1985-07-26,124.91256272513861
1985-07-29,123.2893783439688
1985-07-30,123.6307984695646
1985-07-31,124.25679481366403
1985-08-01,125.23445038350958
1985-08-02,124.8114558516569
1985-08-05,123.95225274795015
1985-08-06,122.76851700289117
1985-08-07,122.51044677275588
1985-08-08,123.95630331435794
1985-08-09,123.82340307084141
1985-08-12,123.66889255696402
1985-08-13,123.49346891931012
1985-08-14,123.6103399611007
1985-08-15,123.76011636042358
1985-08-16,123.15283584080801
1985-08-19,123.42534728686813
1985-08-20,124.33033094258326
1985-08-21,124.94001384178158
1985-08-22,124.29275984369714
1985-08-23,124.14662240799687
1985-08-26,124.11448319475008
1985-08-27,124.6976188787061
1985-08-28,125.23816131828032
1985-08-29,125.18533160366125
1985-08-30,125.18011019811743
1985-09-03,124.90505903617846
1985-09-04,124.79952578187527
1985-09-05,124.75516841355329
1985-09-06,125.01393962884374
1985-09-09,125.17342774105471
1985-09-10,124.23477893429748
1985-09-11,123.04210715192954
1985-09-12,121.71505425958586
1985-09-13,120.9625496537023
1985-09-16,120.93169978387644
1985-09-17,120.10883080987051
1985-09-18,120.26762476002868
1985-09-19,121.18919715535397
1985-09-20,120.74045822664989
1985-09-23,121.92565222443662
1985-09-24,121.37890356167034
1985-09-25,120.59862781575968
1985-09-26,120.44884556539924
1985-09-30,120.84076206669833
1985-10-01,122.35939236699377
1985-10-02,121.5595796305157
1985-10-03,121.72575501273798
1985-10-04,121.42471389472865
1985-10-07,120.62710510940296
1985-10-08,120.65105515175468
1985-10-09,121.22370292730965
1985-10-10,121.7167884682107
1985-10-11,122.61316999328764
1985-10-14,123.71051452265023
1985-10-15,123.68880141747553
1985-10-16,124.64436114322953
1985-10-17,124.77886835146545
1985-10-18,124.67615416167445
1985-10-21,124.66855726885959
1985-10-22,125.26096852885614
1985-10-23,125.78488030143963
1985-10-24,125.69153873643418
1985-10-25,125.21231436376054
1985-10-28,125.27290985505236
1985-10-29,126.17652627882427
1985-10-30,127.10109513890333
1985-10-31,127.01436752051532
1985-11-01,128.12765533794337
1985-11-04,128.13927984204088
1985-11-05,128.75043100521412
1985-11-06,129.08892444265138
1985-11-07,129.21181734447043
1985-11-08,130.43396280859443
1985-11-11,132.4369675697498
1985-11-12,133.37977488826664
1985-11-13,132.72592480578012
1985-11-14,133.87076626496662
1985-11-15,133.09339445113557
1985-11-18,133.3892022528033
1985-11-19,133.3988666786547
1985-11-20,133.71700255448647
1985-11-21,135.08300060997448
1985-11-22,135.20717727580507
1985-11-25,134.59147627281598
1985-11-26,134.92713887699225
1985-11-27,135.57548181232497
1985-11-29,135.7759465842154
1985-12-02,135.0610390367648
1985-12-03,135.47042965273
1985-12-04,137.10546534407897
1985-12-05,137.19152583811
1985-12-06,136.61022494508316
1985-12-09,137.6790576566225
1985-12-10,138.12619795060624
1985-12-11,139.45939214625443
1985-12-12,139.46557441350254
1985-12-13,141.28760164343802
1985-12-16,142.55691478255685
1985-12-17,142.44251723001895
1985-12-18,142.16275780077464
1985-12-19,142.0523171704026
1985-12-20,142.76660605095955
1985-12-23,141.80071737248196
1985-12-24,140.82431640579782
1985-12-26,140.84380935244135
1985-12-27,141.83205814024603
1985-12-30,142.22919086620107
1985-12-31,143.08531028548148
1986-01-02,142.27214163739748
1986-01-03,143.05454588509116
1986-01-06,143.27969953980676
1986-01-07,145.49704343889366
1986-01-08,142.76209392223254
1986-01-09,140.64717997521643
1986-01-10,140.854849758985
1986-01-13,141.2030632073579
1986-01-14,141.4962272976814
1986-01-15,142.33043751841663
1986-01-16,142.75079112588784
1986-01-17,142.76791081870056
1986-01-20,142.34987796687955
1986-01-21,141.60302093866943
1986-01-22,140.60914013918264
1986-01-23,140.78931208441546
1986-01-24,141.95978941859354
1986-01-27,142.81299319793894
1986-01-28,144.713256891862
1986-01-29,145.49685292046348
1986-01-30,145.13893708112815
1986-01-31,146.5128343849147
1986-02-03,147.93750439710018
1986-02-04,147.87910263961564
1986-02-05,147.82734865066934
1986-02-06,148.21905009840174
1986-02-07,148.71909896533938
1986-02-10,149.72696787698632
1986-02-11,150.10655331821408
1986-02-12,150.48471090917238
1986-02-13,151.4770594921134
1986-02-14,153.4797805303278
1986-02-18,155.26197484439837
1986-02-19,153.93157168472732
1986-02-20,155.53309105344798
1986-02-21,157.45344296526096
1986-02-24,157.08566005701493
1986-02-25,156.78817620985032
1986-02-26,156.807515912098
1986-02-27,159.33886214147597
1986-02-28,160.31996088908602
1986-03-03,159.72957687502674
1986-03-04,159.54135642875525
1986-03-05,159.0700367571001
1986-03-06,159.89037978638802
1986-03-07,160.6917221733178
1986-03-10,161.2875825681719
1986-03-11,164.02752695570868
1986-03-12,165.00387122622968
1986-03-13,165.54331663955082
1986-03-14,168.04613299614473
1986-03-17,166.2148686865994
1986-03-18,166.9322561101052
1986-03-19,166.59615168508992
1986-03-20,167.1218826536078
1986-03-21,165.86854952470944
1986-03-24,166.91163595187203
1986-03-25,166.44775666203253
1986-03-26,168.295101088268
1986-03-27,169.72422699585584
1986-03-31,170.04782223059323
1986-04-01,167.94859820268454
1986-04-02,167.81425302205471
1986-04-03,166.093065032615
1986-04-04,163.50799491783147
1986-04-07,162.94601232681578
1986-04-08,166.24271597050853
1986-04-09,167.2960849405849
1986-04-10,168.84451589155898
1986-04-11,168.70455665941358
1986-04-14,169.5577420691397
1986-04-15,169.51511959831205
1986-04-16,172.69565872683768
1986-04-17,173.998807826964
1986-04-18,174.15116715326957
1986-04-21,175.36498465223346
1986-04-22,173.95892424938475
1986-04-23,173.03237529520965
1986-04-24,172.9671297003323
1986-04-25,172.4281079858054
1986-04-28,172.29806582158315
1986-04-29,170.74883372622082
1986-04-30,167.57658415979998
1986-05-01,167.40265143486326
1986-05-02,167.44847325539163
1986-05-05,169.10849928082698
1986-05-06,168.74467174465732
1986-05-07,167.8795216155803
1986-05-08,168.75606789860126
1986-05-09,168.992137646974
1986-05-12,168.99669930866906
1986-05-13,168.5745205122853
1986-05-14,169.59559659673482
1986-05-15,168.07111004027732
1986-05-16,167.24665511034564
1986-05-19,167.21785268671985
1986-05-20,168.85662008461154
1986-05-21,168.78078333413782
1986-05-22,171.89527347178748
1986-05-23,172.67733881300003
1986-05-27,175.18017123228043
1986-05-28,176.61320081164087
1986-05-29,177.56643706230818
1986-05-30,177.46686994777707
1986-06-02,176.14976866481067
1986-06-03,176.26723589509078
1986-06-04,175.77773145920662
1986-06-05,176.4589405475494
1986-06-06,176.6584074515616
1986-06-09,173.02315946540168
1986-06-10,172.43551351582815
1986-06-11,173.9148605582634
1986-06-12,174.38555126359057
1986-06-13,177.18280001430983
1986-06-16,177.34220185288387
1986-06-17,176.79068243325335
1986-06-18,177.06554630292067
1986-06-19,176.76511278959563
1986-06-20,178.275161063111
1986-06-23,177.39224513782605
1986-06-24,179.0364830272321
1986-06-25,180.26335828339626
1986-06-26,180.1407260339737
1986-06-27,180.47345970568682
1986-06-30,181.53101927822354
1986-07-01,182.55895937354632
1986-07-02,183.377553562443
1986-07-03,183.0424713153702
1986-07-07,176.66007454137528
1986-07-08,173.1818186821129
1986-07-09,174.77530991420343
1986-07-10,174.7554241345739
1986-07-11,174.65640771094058
1986-07-14,171.11949168400434
1986-07-15,168.12771643039895
1986-07-16,169.15935128073968
1986-07-17,170.19178841150116
1986-07-18,170.3305880049697
1986-07-21,169.6157056649219
1986-07-22,171.0050533341182
1986-07-23,171.4469832219201
1986-07-24,171.08265501135483
1986-07-25,172.50051762730382
1986-07-28,169.31908724957717
1986-07-29,168.2432102485855
1986-07-30,169.1472013782351
1986-07-31,169.11411621890147
1986-08-01,168.19568407952426
1986-08-04,167.76340034290692
1986-08-05,167.72022407795055
1986-08-06,167.23017870793905
1986-08-07,167.46498089021608
1986-08-08,167.10167790049184
1986-08-11,169.5756731866632
1986-08-12,171.1851137807623
1986-08-13,172.8250223674987
1986-08-14,173.54667058600697
1986-08-15,173.94688653664633
1986-08-18,174.27502322894247
1986-08-19,174.27767371609588
1986-08-20,175.72722848555662
1986-08-21,175.97970435523217
1986-08-22,175.87616675095427
1986-08-25,173.75328252899234
1986-08-26,176.09357264394424
1986-08-27,176.02395301771082
1986-08-28,175.96286467599066
1986-08-29,176.06282778429141
1986-09-02,173.4374183371495
1986-09-03,173.45519777635892
1986-09-04,175.50870884628847
1986-09-05,172.98470983932086
1986-09-08,171.10534021541812
1986-09-09,170.72376377470772
1986-09-10,169.6823876197607
1986-09-11,162.00379717445531
1986-09-12,159.14776431472922
1986-09-15,159.45213682477277
1986-09-16,159.21034784183502
1986-09-17,159.62896835418604
1986-09-18,159.88973745757394
1986-09-19,159.49349899906025
1986-09-22,161.41380635747933
1986-09-23,162.5678254416761
1986-09-24,163.4789739628806
1986-09-25,161.22027538304076
1986-09-26,161.1361747598688
1986-09-29,159.50116297480315
1986-09-30,160.51180183882005
1986-10-01,161.6552092118416
1986-10-02,162.3907513433862
1986-10-03,162.45065699933787
1986-10-06,162.94164924502076
1986-10-07,162.91715079854458
1986-10-08,164.06621859268864
1986-10-09,164.2476315045687
1986-10-10,164.24501422324272
1986-10-13,164.47106890980203
1986-10-14,164.40466786813494
1986-10-15,166.28980188352725
1986-10-16,166.9064510338065
1986-10-17,166.5870533187008
1986-10-20,164.93332939580893
1986-10-21,164.72701866167503
1986-10-22,165.0365415377624
1986-10-23,166.98568762589446
1986-10-24,166.67181711244748
1986-10-27,167.31400345766525
1986-10-28,168.32473491609514
1986-10-29,169.7260425364494
1986-10-30,171.4015250649808
1986-10-31,171.18499215851028
1986-11-03,171.91439842261389
1986-11-04,172.13758911542516
1986-11-05,172.50741923828994
1986-11-06,172.6974355410411
1986-11-07,172.57610143477226
1986-11-10,172.6965102581286
1986-11-11,173.278845159896
1986-11-12,173.0392639534732
1986-11-13,170.939779324162
1986-11-14,171.40088524353837
1986-11-17,170.0596597894481
1986-11-18,166.24506101360922
1986-11-19,166.12393670595625
1986-11-20,169.01659430899778
1986-11-21,171.38349933032933
1986-11-24,172.28856366525866
1986-11-25,172.64193422318118
1986-11-26,173.30844890517298
1986-11-28,173.56463322144347
1986-12-01,173.11368278744902
1986-12-02,176.0890201790045
1986-12-03,176.10154698630683
1986-12-04,175.97839916525467
1986-12-05,174.52243343444812
1986-12-08,174.21811943895568
1986-12-09,173.12545405511094
1986-12-10,173.71874472699793
1986-12-11,171.95265421920516
1986-12-12,170.9047924326835
1986-12-15,170.87583894799405
1986-12-16,172.432800530735
1986-12-17,171.12221721586025
1986-12-18,170.65852975406588
1986-12-19,172.519526347422
1986-12-22,171.78111758938138
1986-12-23,169.99889777419673
1986-12-24,170.2322011862112
1986-12-26,170.28071520090083
1986-12-29,168.81150484802413
1986-12-30,167.57581925367649
1986-12-31,167.0300915180212
1987-01-02,170.2339194477017
1987-01-05,174.61492004306731
1987-01-06,175.44337811691415
1987-01-07,177.39529199471406
1987-01-08,178.76459687487008
1987-01-09,179.56055765055146
1987-01-12,180.27397196065345
1987-01-13,180.16102571784504
1987-01-14,181.30126551610024
1987-01-15,183.08534695860348
1987-01-16,183.17587057362948
1987-01-19,184.5712355936468
1987-01-20,184.92642860523387
1987-01-21,184.09701215718732
1987-01-22,187.64910886611696
1987-01-23,185.77094220024514
1987-01-26,185.13390537960706
1987-01-27,187.40963997190102
1987-01-28,188.66467971796703
1987-01-29,188.10800093355027
1987-01-30,188.06237059861857
1987-02-02,189.48059343090833
1987-02-03,189.2403708346918
1987-02-04,190.93233931542363
1987-02-05,191.7932035137984
1987-02-06,191.6134453496395
1987-02-09,190.4388860378259
1987-02-10,188.46168850227662
1987-02-11,190.03424475379472
1987-02-12,189.67476547703984
1987-02-13,192.09785596117018
1987-02-17,196.4900810446076
1987-02-18,196.51583777543655
1987-02-19,196.6081994067676
1987-02-20,196.39735073095997
1987-02-23,194.44936327627914
1987-02-24,195.61127215545704
1987-02-25,197.04704388098844
1987-02-26,196.58651998252728
1987-02-27,197.13938346566985
1987-03-02,196.49147483118247
1987-03-03,196.95544437405042
1987-03-04,199.5420142803478
1987-03-05,200.6462606633269
1987-03-06,200.3221868846888
1987-03-09,198.94788835113823
1987-03-10,200.5012916322465
1987-03-11,200.79574568593648
1987-03-12,201.04277403575097
1987-03-13,200.38793576946432
1987-03-16,199.0333699859179
1987-03-17,201.01435548000038
1987-03-18,201.3579847984977
1987-03-19,202.07856427904758
1987-03-20,204.52660640196888
1987-03-23,206.01259899541245
1987-03-24,206.03352413660855
1987-03-25,205.37021771331698
1987-03-26,205.67824593878692
1987-03-27,202.63258852396606
1987-03-30,197.7967308115385
1987-03-31,199.4156421714197
1987-04-01,199.0690687869027
1987-04-02,199.9440753577224
1987-04-03,204.59101024191762
1987-04-06,205.89280275078895
1987-04-07,202.75798116423246
1987-04-08,202.91706622341448
1987-04-09,200.20429610605547
1987-04-10,200.3299118698716
1987-04-13,195.61569515704662
1987-04-14,190.85349747923723
1987-04-15,194.05001417907525
1987-04-16,195.8263181315091
1987-04-20,194.7619609974965
1987-04-21,199.10755896115876
1987-04-22,195.7207309587511
1987-04-23,195.30450224088545
1987-04-24,191.85032199123555
1987-04-27,190.81473076300725
1987-04-28,190.84569088870032
1987-04-29,191.56092035084
1987-04-30,193.9923443952018
1987-05-01,193.30740092429932
1987-05-04,193.9034763673264
1987-05-05,198.09514548323162
1987-05-06,198.81594865520282
1987-05-07,199.21038524742985
1987-05-08,199.29936295621482
1987-05-11,198.76557390129656
1987-05-12,199.58126744783763
1987-05-13,199.79138587084654
1987-05-14,199.58279707211358
1987-05-15,195.6834872828872
1987-05-18,194.98611673686338
1987-05-19,190.5137458994475
1987-05-20,189.6145329781624
1987-05-21,190.80098287828963
1987-05-22,191.69015790258783
1987-05-26,195.35158487062066
1987-05-27,195.21567095496172
1987-05-28,196.06444338053595
1987-05-29,196.11606103764197
1987-06-01,195.81473041622763
1987-06-02,195.2779564891701
1987-06-03,198.08346931668035
1987-06-04,199.06364889351534
1987-06-05,197.90424289571294
1987-06-08,199.46575846539486
1987-06-09,199.68989371251357
1987-06-10,199.52869246203534
1987-06-11,199.98774380814817
1987-06-12,201.5938953510571
1987-06-15,202.56041316111612
1987-06-16,203.44473707306673
1987-06-17,203.5283273504637
1987-06-18,203.7959677470598
1987-06-19,204.39323094465576
1987-06-22,206.63861403294547
1987-06-23,205.94354319953274
1987-06-24,205.28357439291958
1987-06-25,206.88860269206506
1987-06-26,206.1896228037377
1987-06-29,207.47153883283363
1987-06-30,205.11036915759183
1987-07-01,203.97857925678522
1987-07-02,205.64507005822324
1987-07-06,205.84966242377266
1987-07-07,208.08234127123
1987-07-08,208.71239096964194
1987-07-09,208.52003195406627
1987-07-10,208.9699505795279
1987-07-13,208.40692512815073
1987-07-14,210.45630218032656
1987-07-15,210.6130830811623
1987-07-16,211.91553442617763
1987-07-17,212.85659067657735
1987-07-20,211.49586755894777
1987-07-21,210.20954261414963
1987-07-22,209.55255253471606
1987-07-23,209.26066883836322
1987-07-24,209.93530624336182
1987-07-27,210.10133592451155
1987-07-28,211.19225941560956
1987-07-29,213.02191777845093
1987-07-30,214.87001269139134
1987-07-31,216.13617912533994
1987-08-03,217.1778085748056
1987-08-04,216.25103341257426
1987-08-05,216.63370168594602
1987-08-06,218.0447091241952
1987-08-07,218.36403134511795
1987-08-10,220.86540872880107
1987-08-11,222.8909501450496
1987-08-12,222.25310385549759
1987-08-13,222.1696397962513
1987-08-14,221.42566534015538
1987-08-17,221.1724642778722
1987-08-18,218.3255581852602
1987-08-19,218.94300389718904
1987-08-20,222.128513435004
1987-08-21,222.89416718673434
1987-08-24,221.5379619592576
1987-08-25,223.10024486163346
1987-08-26,222.47290389163066
1987-08-27,221.59281733886297
1987-08-28,219.05693155452883
1987-08-31,221.02512538356592
1987-09-01,217.63034447838984
1987-09-02,215.8014110214924
1987-09-03,214.86101322383476
1987-09-04,212.58829234391874
1987-09-08,210.41338702098196
1987-09-09,210.84452747198523
1987-09-10,213.4258930938296
1987-09-11,216.1535060731396
1987-09-14,216.02142797991615
1987-09-15,213.44044086029285
1987-09-16,211.49630358971982
1987-09-17,211.31322191738238
1987-09-18,211.7585980405109
1987-09-21,209.52597536192343
1987-09-22,214.6820631882056
1987-09-23,216.5075098959855
1987-09-24,216.41213955348366
1987-09-25,217.0928655890409
1987-09-28,219.0967319715591
1987-09-29,218.34906180083115
1987-09-30,218.6269094130726
1987-10-01,221.56238190579805
1987-10-02,223.02538452686653
1987-10-05,222.94126948777517
1987-10-06,217.64538784325933
1987-10-07,216.83310648872435
1987-10-08,213.278301791609
1987-10-09,210.63727094448754
1987-10-12,209.12120373478254
1987-10-13,211.4991750447968
1987-10-14,205.49405517771999
1987-10-15,199.46750225337226
1987-10-16,189.02556796146845
1987-10-19,153.97466354185246
1987-10-20,153.18673280462852
1987-10-21,167.0087034990177
1987-10-22,158.4828731997776
1987-10-23,156.84560768735014
1987-10-26,142.40443857493523
1987-10-27,144.76524418750196
1987-10-28,144.94701984176382
1987-10-29,152.28672268306343
1987-10-30,159.36788903814085
1987-11-02,161.6282991003361
1987-11-03,158.09768546391442
1987-11-04,156.9344038466726
1987-11-05,160.58855061096133
1987-11-06,158.96377149258555
1987-11-09,154.99263513130677
1987-11-10,152.44856595492178
1987-11-11,153.95674618124252
1987-11-12,158.0345744153618
1987-11-13,157.08889636331884
1987-11-16,157.6708004556796
1987-11-17,155.42228324097132
1987-11-18,156.68828660565867
1987-11-19,153.81488348103557
1987-11-20,154.35155346288136
1987-11-23,155.13305897692908
1987-11-24,158.1673311656282
1987-11-25,158.09992039351323
1987-11-27,155.92106486686598
1987-11-30,149.774979388556
1987-12-01,150.375072615317
1987-12-02,150.77558355436983
1987-12-03,146.16575306135456
1987-12-04,145.0950804949937
1987-12-07,147.8589575656932
1987-12-08,150.86859021434287
1987-12-09,152.79461284878266
1987-12-10,149.47121801457735
1987-12-11,150.80228310044055
1987-12-14,153.94486328363516
1987-12-15,153.75396188677135
1987-12-16,156.99601778032047
1987-12-17,154.5626903698975
1987-12-18,157.92695763466403
1987-12-21,158.12371412927678
1987-12-22,158.42588694016123
1987-12-23,160.37135839591306
1987-12-24,159.69841518042207
1987-12-28,155.97204884262277
1987-12-29,155.54076140945054
1987-12-30,157.29359331186686
1987-12-31,156.7360133207609
1988-01-04,161.9960152079287
1988-01-05,164.294241583346
1988-01-06,164.1022553446361
1988-01-07,165.8934319212109
1988-01-08,157.6689512181978
1988-01-11,159.17748789568677
1988-01-12,158.42329542426447
1988-01-13,158.71853103305762
1988-01-14,158.92278758278633
1988-01-15,163.03689100892345
1988-01-18,163.30904638072002
1988-01-19,162.16989265499967
1988-01-20,158.46745342534413
1988-01-21,158.5462587288049
1988-01-22,160.5872581442297
1988-01-25,163.52394837010286
1988-01-26,162.556616932805
1988-01-27,162.12807679584023
1988-01-28,164.99935486999925
1988-01-29,167.07525799965072
1988-02-01,165.9602426099654
1988-02-02,166.72697687331345
1988-02-03,165.21573162482403
1988-02-04,165.23004473628723
1988-02-05,164.69942713052217
1988-02-08,163.84470327858384
1988-02-09,165.28172010548002
1988-02-10,168.27484010849304
1988-02-11,167.89286169048495
1988-02-12,168.77792318931643
1988-02-16,169.74998473672602
1988-02-17,169.27911552045143
1988-02-18,168.97235310973358
1988-02-19,170.99008578323898
1988-02-22,172.96133599124457
1988-02-23,172.46325697852535
1988-02-24,171.97484882531674
1988-02-25,170.16201746341338
1988-02-26,170.39471429728866
1988-02-29,173.59493370096757
1988-03-01,173.19243630025056
1988-03-02,173.4166816871777
1988-03-03,173.33476411106577
1988-03-04,173.23193390045716
1988-03-07,173.03013055199335
1988-03-08,173.8304718878888
1988-03-09,173.0617936933407
1988-03-10,171.05644569123402
1988-03-11,171.75244306792817
1988-03-14,172.49025081222493
1988-03-15,172.8309787271792
1988-03-16,174.61508254862605
1988-03-17,176.1931069614089
1988-03-18,176.50729948434156
1988-03-21,175.25816117531008
1988-03-22,175.00246668946158
1988-03-23,175.18153881703884
1988-03-24,171.86817166397807
1988-03-25,169.73415948093555
1988-03-28,169.35564097512693
1988-03-29,170.42510613932276
1988-03-30,169.68190764031584
1988-03-31,170.64574831522134
1988-04-04,168.83291862973076
1988-04-05,169.9748597916402
1988-04-06,173.70667752213197
1988-04-07,174.11877589878222
1988-04-08,175.71372528138232
1988-04-11,175.70652833344712
1988-04-12,176.34220616569814
1988-04-13,176.2326502618472
1988-04-14,170.0595289373993
1988-04-15,169.55033228377445
1988-04-18,169.18147773082086
1988-04-19,168.90928266496311
1988-04-20,167.68768244396682
1988-04-21,167.86409376209502
1988-04-22,169.8137527359465
1988-04-25,171.03205136511696
1988-04-26,171.71782453437308
1988-04-27,171.7792598130139
1988-04-28,171.10920104515208
1988-04-29,170.95891812703402
1988-05-02,170.8588611255991
1988-05-03,171.74250931493856
1988-05-04,170.363525399557
1988-05-05,169.7295339090865
1988-05-06,169.6967941035219
1988-05-09,169.42064348619175
1988-05-10,170.21504555932447
1988-05-11,167.89427199116568
1988-05-12,168.69433041101806
1988-05-13,170.242936279842
1988-05-16,170.8439111874343
1988-05-17,169.14653457147116
1988-05-18,167.501747195961
1988-05-19,168.25584729822185
1988-05-20,168.4362715930073
1988-05-23,167.2249252758603
1988-05-24,168.56751987034468
1988-05-25,168.91666195939288
1988-05-26,169.52263597065453
1988-05-27,168.9047478613318
1988-05-31,173.69056468879225
1988-06-01,176.19372290449547
1988-06-02,175.08126424628492
1988-06-03,175.86797650868857
1988-06-06,175.71884624081545
1988-06-07,174.813984335033
1988-06-08,178.43352706986113
1988-06-09,177.92288641274567
1988-06-10,178.62797837226236
1988-06-13,178.42221767948942
1988-06-14,180.1851329857259
1988-06-15,179.97597290762698
1988-06-16,177.68872278166103
1988-06-17,178.31795784241652
1988-06-20,177.47976909444424
1988-06-21,178.7275397905422
1988-06-22,180.9391240605112
1988-06-23,180.24227513696593
1988-06-24,179.72481724617046
1988-06-27,177.2988136104525
1988-06-28,178.9255569028925
1988-06-29,178.1702710970367
1988-06-30,178.65989649965655
1988-07-01,178.05835236791174
1988-07-05,180.31555234796528
1988-07-06,178.1815771104261
1988-07-07,178.13783073162003
1988-07-08,177.53774011559597
1988-07-11,177.63360626646266
1988-07-12,176.27446263164686
1988-07-13,177.06258149606867
1988-07-14,177.78851587066458
1988-07-15,178.76458807497656
1988-07-18,178.33722198465267
1988-07-19,177.22841603699695
1988-07-20,178.19598221619302
1988-07-21,176.4746149860678
1988-07-22,174.84801874697231
1988-07-25,175.3732332186214
1988-07-26,175.7259908664172
1988-07-27,174.51359681073592
1988-07-28,176.16313860051076
1988-07-29,179.3394546543252
1988-08-01,179.30605827687288
1988-08-02,179.2303604273863
1988-08-03,179.66819678447013
1988-08-04,179.4527660694297
1988-08-05,179.01270414904388
1988-08-08,178.26545367131123
1988-08-09,176.1046803637276
1988-08-10,173.26805895330915
1988-08-11,173.3268360082005
1988-08-12,173.0651544751588
1988-08-15,171.09677307344742
1988-08-16,171.93669906377772
1988-08-17,171.78263265614376
1988-08-18,171.92270915985986
1988-08-19,171.59584730539723
1988-08-22,169.84937021984305
1988-08-23,169.9553302658072
1988-08-24,172.0862865072833
1988-08-25,171.18052153721004
1988-08-26,171.2829088134991
1988-08-29,172.75993251695806
1988-08-30,173.24272279121442
1988-08-31,173.0718759928104
1988-09-01,171.38069442032221
1988-09-02,174.4654897423203
1988-09-06,174.40829543451352
1988-09-07,174.06969208737695
1988-09-08,174.04644922151266
1988-09-09,174.18385109316392
1988-09-12,173.89072362998462
1988-09-13,174.28927955250552
1988-09-14,175.507335689566
1988-09-15,175.25136556210694
1988-09-16,176.53650042253994
1988-09-19,175.57492121375262
1988-09-20,176.25292755565494
1988-09-21,176.04136705924222
1988-09-22,175.48484213958272
1988-09-23,175.9168894966717
1988-09-26,175.71682196695363
1988-09-27,175.4214279512252
1988-09-28,176.0691530403796
1988-09-29,177.90023979481154
1988-09-30,177.91979403097426
1988-10-03,177.20151072265045
1988-10-04,176.5103891683718
1988-10-05,177.3283840975903
1988-10-06,177.7493396058276
1988-10-07,181.24173867057303
1988-10-10,181.20218784880646
1988-10-11,180.91404480996692
1988-10-12,179.13071715472296
1988-10-13,179.53724220740318
1988-10-14,179.9533215299638
1988-10-17,180.54094214795435
1988-10-18,182.35416897432273
1988-10-19,181.18327031667536
1988-10-20,184.84136682865523
1988-10-21,185.584265761782
1988-10-24,185.6294307413532
1988-10-25,185.52998944477125
1988-10-26,184.74817311646942
1988-10-27,182.3898887755584
1988-10-28,183.47949421156173
1988-10-31,184.2077995082816
1988-11-01,184.47590425288013
1988-11-02,184.66440830161883
1988-11-03,185.15770695212518
1988-11-04,183.62015960424762
1988-11-07,181.79704136615584
1988-11-08,182.44234577956593
1988-11-09,181.56180899628413
1988-11-10,181.6936444456544
1988-11-11,178.54969266534212
1988-11-14,178.0632150920777
1988-11-15,178.41012496813715
1988-11-16,175.83375118214585
1988-11-17,176.0074324751913
1988-11-18,177.04041756329948
1988-11-21,176.48763230944218
1988-11-22,176.78681512602506
1988-11-23,177.84733637825502
1988-11-25,176.73570909473864
1988-11-28,177.25284999116448
1988-11-29,178.75050817814179
1988-11-30,180.4665413612161
1988-12-01,180.08258190217543
1988-12-02,179.79533595446554
1988-12-05,181.1430599500591
1988-12-06,182.4425257080166
1988-12-07,183.04019407248776
1988-12-08,182.3032209781275
1988-12-09,182.6266054723558
1988-12-12,182.30248081659943
1988-12-13,181.8286474231592
1988-12-14,181.1975608372365
1988-12-15,180.58626486313185
1988-12-16,181.47748633719584
1988-12-19,182.5747792406273
1988-12-20,181.97321850137772
1988-12-21,181.9907822378983
1988-12-22,182.11315455497703
1988-12-23,183.0672365370316
1988-12-27,182.6009906387067
1988-12-28,182.75517126741363
1988-12-29,183.9538310227651
1988-12-30,184.00254806270968
1989-01-03,182.2785574940371
1989-01-04,184.6491046633027
1989-01-05,185.14184429478584
1989-01-06,185.52140653555915
1989-01-09,185.8829614784011
1989-01-10,185.71061019933137
1989-01-11,186.51391945210855
1989-01-12,187.10618428433855
1989-01-13,187.3076938897583
1989-01-16,187.5406157249749
1989-01-17,187.44563329034906
1989-01-18,188.64516717006026
1989-01-19,188.71141297797396
1989-01-20,188.44720469072132
1989-01-23,187.55719160556117
1989-01-24,189.291386049975
1989-01-25,189.68058976157639
1989-01-26,190.9042397070499
1989-01-27,192.00100623863867
1989-01-30,192.96758594950404
1989-01-31,194.08166769606117
1989-02-01,194.05690980675456
1989-02-02,194.10538825009297
1989-02-03,194.42060326902435
1989-02-06,194.27449510649632
1989-02-07,195.89137996086617
1989-02-08,195.66125683701816
1989-02-09,194.24799551753972
1989-02-10,191.67391194219317
1989-02-13,191.72149214206053
1989-02-14,191.9133856940555
1989-02-15,193.3720801042115
1989-02-16,194.228687757693
1989-02-17,195.59687734425367
1989-02-21,194.96564093446494
1989-02-22,192.0910359654952
1989-02-23,192.53371308489102
1989-02-24,190.17638400184495
1989-02-27,190.2506502883656
1989-02-28,190.929529174977
1989-03-01,190.24405350181362
1989-03-02,191.88275548035836
1989-03-03,192.55396135902868
1989-03-06,194.9826009380433
1989-03-07,194.77759794623378
1989-03-08,194.89271775471167
1989-03-09,194.7657235552634
1989-03-10,194.70369587509077
1989-03-13,195.96948388793854
1989-03-14,195.9935162676706
1989-03-15,196.94146142140687
1989-03-16,198.1791501264145
1989-03-17,194.318932586389
1989-03-20,192.69608261577065
1989-03-21,193.80188564150163
1989-03-22,193.95644643804957
1989-03-23,193.2969546129797
1989-03-27,193.91879096875624
1989-03-28,194.72791886187716
1989-03-29,195.15027069327547
1989-03-30,195.20224419129974
1989-03-31,196.92264083055397
1989-04-03,198.0134274519489
1989-04-04,197.94165842777755
1989-04-05,198.60326873279848
1989-04-06,198.32509800114826
1989-04-07,199.08348716383384
1989-04-10,199.053294839074
1989-04-11,199.6952323201279
1989-04-12,199.97963637883615
1989-04-13,198.51942872104152
1989-04-14,200.9998229400476
1989-04-17,201.42809682776772
1989-04-18,203.79491311380755
1989-04-19,204.68820949235678
1989-04-20,204.32946937182095
1989-04-21,205.90025847121848
1989-04-24,205.80606220815315
1989-04-25,205.39656441825065
1989-04-26,205.77057048078535
1989-04-27,207.69467442240335
1989-04-28,208.37962648576266
1989-05-01,208.38367648779644
1989-05-02,208.18112516537258
1989-05-03,208.13227850144588
1989-05-04,207.85188620991224
1989-05-05,208.60468158954652
1989-05-08,207.78643259615163
1989-05-09,207.32539927426012
1989-05-10,207.63134595082076
1989-05-11,208.2231338130739
1989-05-12,212.631937001879
1989-05-15,213.84846481373128
1989-05-16,213.6548848258021
1989-05-17,215.4570161454155
1989-05-18,216.07790575843276
1989-05-19,218.10504293931754
1989-05-22,219.26200085883275
1989-05-23,217.40274518755194
1989-05-24,217.96952000283468
1989-05-25,218.16919443178278
1989-05-26,219.6354951251689
1989-05-30,218.4742449105173
1989-05-31,219.47934708270992
1989-06-01,220.23390191590772
1989-06-02,223.22510221314164
1989-06-05,221.5452757308892
1989-06-06,222.5631604761465
1989-06-07,226.01825431948794
1989-06-08,226.60199175278478
1989-06-09,226.63726678140057
1989-06-12,225.97909782295855
1989-06-13,224.69196721372654
1989-06-14,224.65300722522096
1989-06-15,221.94117495027504
1989-06-16,222.3613955566017
1989-06-19,222.96361959165404
1989-06-20,222.81970353359347
1989-06-21,223.2075464556582
1989-06-22,224.75895434206703
1989-06-23,228.35762148180018
1989-06-26,227.78626107625752
1989-06-27,228.52668184968576
1989-06-28,226.77282590213923
1989-06-29,222.4163619844865
1989-06-30,221.2028895457794
1989-07-03,221.88343510078187
1989-07-05,223.03985666566177
1989-07-06,223.98123095340537
1989-07-07,226.37249078756489
1989-07-10,227.49239921626068
1989-07-11,229.23244354803455
1989-07-12,229.93207352912648
1989-07-13,230.03496305417409
1989-07-14,230.7319107416057
1989-07-17,230.8172487875407
1989-07-18,230.08476122601243
1989-07-19,232.3460089335616
1989-07-20,230.9205862405504
1989-07-21,231.5456081633787
1989-07-24,230.53228756751878
1989-07-25,231.89524333594304
1989-07-26,234.69264871397434
1989-07-27,237.31881696971618
1989-07-28,237.9119433981896
1989-07-31,240.69680134923848
1989-08-01,240.22572336125126
1989-08-02,240.5530268234423
1989-08-03,240.79808525044328
1989-08-04,239.227926097777
1989-08-07,241.4170738160966
1989-08-08,241.3973514355556
1989-08-09,239.99743241144634
1989-08-10,240.6949108751496
1989-08-11,238.9134698035386
1989-08-14,237.23372567606089
1989-08-15,237.76070623735401
1989-08-16,238.54655608557218
1989-08-17,238.0355896855283
1989-08-18,238.80808674125333
1989-08-21,235.7613057410222
1989-08-22,235.52032204453675
1989-08-23,237.4615080562697
1989-08-24,241.15763023913223
1989-08-25,240.56048047088453
1989-08-28,241.0773041765046
1989-08-29,239.93063956318653
1989-08-30,240.28059697284016
1989-08-31,240.69273752697424
1989-09-01,242.20623238664578
1989-09-05,241.53944522041627
1989-09-06,239.26206336759665
1989-09-07,238.51530831474625
1989-09-08,238.5403882214663
1989-09-11,238.04207159195064
1989-09-12,238.60339932870988
1989-09-13,236.99899422857652
1989-09-14,235.70763130003579
1989-09-15,236.39551930679767
1989-09-18,237.47839933968376
1989-09-19,238.42741033219843
1989-09-20,238.4292213936945
1989-09-21,238.21231798957766
1989-09-22,239.03002399275937
1989-09-25,237.81733312559317
1989-09-26,238.46183554509986
1989-09-27,239.10635139058692
1989-09-28,241.99726756534469
1989-09-29,242.91494160010978
1989-10-02,243.70090040684252
1989-10-03,245.98424513731473
1989-10-04,247.2122663726071
1989-10-05,247.6632436570153
1989-10-06,248.9776691522769
1989-10-09,249.30518982670995
1989-10-10,248.822277375354
1989-10-11,247.38362577108163
1989-10-12,246.53530057564842
1989-10-13,233.44545613928244
1989-10-16,237.4075218548762
1989-10-17,236.6580831111439
1989-10-18,237.44399241748837
1989-10-19,241.10077772651505
1989-10-20,240.87502488680403
1989-10-23,239.98077093563455
1989-10-24,238.74374636415865
1989-10-25,238.40387574427896
1989-10-26,236.16020077689475
1989-10-27,234.28010876738335
1989-10-30,234.56771804621846
1989-10-31,237.07055337241786
1989-11-01,238.14703850699425
1989-11-02,237.12964113785281
1989-11-03,236.66434877274602
1989-11-06,233.54629834833872
1989-11-07,234.33377236500272
1989-11-08,237.13354994648435
1989-11-09,236.39800153068984
1989-11-10,237.64448577742854
1989-11-13,238.530314576366
1989-11-14,237.2491690935369
1989-11-15,238.49304927364128
1989-11-16,238.65801476276516
1989-11-17,238.96217780499836
1989-11-20,237.55063582199742
1989-11-21,237.15269912359133
1989-11-22,238.4585594991613
1989-11-24,239.82465459627454
1989-11-27,240.18385554557392
1989-11-28,240.0086133943792
1989-11-29,238.6411203833331
1989-11-30,239.96034226411797
1989-12-01,242.93959792887188
1989-12-04,243.37144086522176
1989-12-05,242.12931534100778
1989-12-06,241.25488954618018
1989-12-07,240.68933475444814
1989-12-08,241.12776206264743
1989-12-11,240.7142969267726
1989-12-12,241.51257131776907
1989-12-13,242.26071510538029
1989-12-14,241.35208550117656
1989-12-15,240.2023710068567
1989-12-18,236.1969802826441
1989-12-19,235.1680523925942
1989-12-20,235.5734119962788
1989-12-21,236.74318443219477
1989-12-22,238.29536712744
1989-12-26,238.0744071063065
1989-12-27,239.533565106767
1989-12-28,241.20158661756844
1989-12-29,243.22599244789296
1990-01-02,245.64369861887377
1990-01-03,245.6772760564398
1990-01-04,243.05983850940933
1990-01-05,239.97846988040803
1990-01-08,240.80925385081463
1990-01-09,238.37151745595216
1990-01-10,236.4979536052561
1990-01-11,236.86767997198592
1990-01-12,231.57187164041684
1990-01-15,229.21095427055135
1990-01-16,230.9593782301938
1990-01-17,229.46136418260247
1990-01-18,229.77602208982307
1990-01-19,230.6459946728929
1990-01-22,225.63237383046572
1990-01-23,225.57410027850827
1990-01-24,224.42331648085238
1990-01-25,222.30194968771946
1990-01-26,220.97662310741956
1990-01-29,220.28831602854885
1990-01-30,217.84430227522793
1990-01-31,221.72416911763963
1990-02-01,222.25780720673995
1990-02-02,224.11714341747376
1990-02-05,224.53506764737776
1990-02-06,222.7201313985076
1990-02-07,224.51269962302058
1990-02-08,224.0364116279629
1990-02-09,224.344718298369
1990-02-12,222.40027039393325
1990-02-13,222.40539430078832
1990-02-14,223.01599213717049
1990-02-15,224.4176123850111
1990-02-16,222.65208369952512
1990-02-20,219.45255425682493
1990-02-21,218.30142619802018
1990-02-22,217.3274177129845
1990-02-23,215.6775797377523
1990-02-26,217.6968981503993
1990-02-27,219.03524013537557
1990-02-28,220.09923790670697
1990-03-01,220.65631763255783
1990-03-02,222.28069698036327
1990-03-05,221.04660643354177
1990-03-06,223.704332983506
1990-03-07,222.83180947528768
1990-03-08,224.1084980969533
1990-03-09,222.6531155731053
1990-03-12,222.76528609870556
1990-03-13,220.6303871023947
1990-03-14,221.07042609256675
1990-03-15,221.9823669066673
1990-03-16,223.911320931935
1990-03-19,224.14635741447748
1990-03-20,222.5235125841601
1990-03-21,221.73320168513632
1990-03-22,219.50202590887255
1990-03-23,220.5284964524195
1990-03-26,220.89988817789526
1990-03-27,223.2611844804052
1990-03-28,223.87762091001218
1990-03-29,223.39849190022872
1990-03-30,223.40946176970346
1990-04-02,222.84141360810355
1990-04-03,225.75809464969066
1990-04-04,224.17579433950235
1990-04-05,224.2883834151851
1990-04-06,224.0321398862238
1990-04-09,224.46375321215123
1990-04-10,224.13704045188592
1990-04-11,223.40678126039495
1990-04-12,224.86036434784438
1990-04-16,224.9185543064239
1990-04-17,224.94629708022467
1990-04-18,222.7523372418244
1990-04-19,221.62049667266874
1990-04-20,219.7363783201793
1990-04-23,217.06444361723877
1990-04-24,216.52804321526978
1990-04-25,217.48581865546188
1990-04-26,218.09574685824046
1990-04-27,215.84184929224148
1990-04-30,216.6606772543964
1990-05-01,217.94095222888615
1990-05-02,218.87711737524944
1990-05-03,219.71250978126034
1990-05-04,221.069591070325
1990-05-07,222.4519865102465
1990-05-08,223.68653439216877
1990-05-09,224.2084047775241
1990-05-10,225.3517219124226
1990-05-11,229.76180294488304
1990-05-14,231.26442717109137
1990-05-15,230.85392594920486
1990-05-16,230.6932637495881
1990-05-17,230.9414803840562
1990-05-18,230.76211022984097
1990-05-21,232.4398547125556
1990-05-22,232.65295186704085
1990-05-23,232.49767613601844
1990-05-24,232.0987792942448
1990-05-25,230.51460715655267
1990-05-29,233.4630408117641
1990-05-30,233.53832553575162
1990-05-31,233.72287587117737
1990-06-01,234.31865200885116
1990-06-04,236.76715907293482
1990-06-05,236.29115275431542
1990-06-06,235.23596300360597
1990-06-07,234.15951113908093
1990-06-08,231.966068725328
1990-06-11,233.9549019413351
1990-06-12,236.71559446014962
1990-06-13,236.17253655837618
1990-06-14,235.58853954107667
1990-06-15,235.7414429723517
1990-06-18,232.68218515892445
1990-06-19,233.15292113455612
1990-06-20,234.11768824303903
1990-06-21,235.28192391603199
1990-06-22,233.06519342743107
1990-06-25,231.2700742762892
1990-06-26,231.15470510150152
1990-06-27,233.3395488333227
1990-06-28,235.0552922092936
1990-06-29,235.23552497775918
1990-07-02,235.76490089404487
1990-07-03,236.2163367249686
1990-07-05,234.11829657326408
1990-07-06,235.75748124353018
1990-07-09,236.68671665533435
1990-07-10,235.83186476665762
1990-07-11,239.7481884460689
1990-07-12,243.34609832507954
1990-07-13,244.63961986291477
1990-07-16,245.80676451059117
1990-07-17,244.90595390589962
1990-07-18,242.38886235745542
1990-07-19,243.59851572601724
1990-07-20,241.8613815806091
1990-07-23,236.923874659801
1990-07-24,238.6516682713178
1990-07-25,239.44108304032287
1990-07-26,238.51438008597393
1990-07-27,236.93621792429676
1990-07-30,238.05961699123915
1990-07-31,238.7629425258852
1990-08-01,238.61547118591517
1990-08-02,237.12632789258913
1990-08-03,232.86299537854885
1990-08-06,226.23848479470038
1990-08-07,226.26869736626443
1990-08-08,228.45359657867314
1990-08-09,230.29457129903682
1990-08-10,227.6231542754352
1990-08-13,229.65663038675248
1990-08-14,230.34983884235933
1990-08-15,230.40260788736916
1990-08-16,225.7672514920756
1990-08-17,222.89007041785445
1990-08-20,223.40731481682707
1990-08-21,218.9398854212419
1990-08-22,215.7020915868619
1990-08-23,208.6223923614008
1990-08-24,211.5116876468735
1990-08-27,217.99582399633746
1990-08-28,219.1146417491504
1990-08-29,220.7179079259049
1990-08-30,217.71288182181797
1990-08-31,219.9365433624243
1990-09-04,220.4043128400186
1990-09-05,221.68262096838896
1990-09-06,220.37838261169176
1990-09-07,222.19355360808336
1990-09-10,221.54590203137124
1990-09-11,221.4512233371479
1990-09-12,222.6553703682918
1990-09-13,220.50279970707604
1990-09-14,219.55404998475592
1990-09-17,220.5790856646616
1990-09-18,220.85343510749274
1990-09-19,219.49907239818734
1990-09-20,216.67322752385567
1990-09-21,216.90446718906836
1990-09-24,213.20432667887633
1990-09-25,214.59051111605078
1990-09-26,212.58025792409416
1990-09-27,209.70314113127776
1990-09-28,211.6650715722979
1990-10-01,216.3097690799182
1990-10-02,216.2659318673453
1990-10-03,215.24298880192393
1990-10-04,216.61183659164945
1990-10-05,215.8746666865077
1990-10-08,217.65398698655298
1990-10-09,213.10747936522822
1990-10-10,210.8693538229628
1990-10-11,207.79389275305329
1990-10-12,210.15199569578527
1990-10-15,212.34834279503661
1990-10-16,210.71469120852885
1990-10-17,211.24755494833812
1990-10-18,214.36158808065346
1990-10-19,217.6506856589003
1990-10-22,219.14154202902847
1990-10-23,217.6960796400667
1990-10-24,218.14481864813015
1990-10-25,217.298804761656
1990-10-26,214.67512040015137
1990-10-29,212.951475734223
1990-10-30,214.57002286930725
1990-10-31,214.33310965971808
1990-11-01,216.10053546215676
1990-11-02,218.362008062989
1990-11-05,219.78931674438874
1990-11-06,218.26070011564414
1990-11-07,215.02710611799887
1990-11-08,215.97469840409823
1990-11-09,219.7065395057259
1990-11-12,221.9029399025012
1990-11-13,220.5226209571077
1990-11-14,221.19021027307505
1990-11-15,219.59488767884773
1990-11-16,220.08869880210963
1990-11-19,221.2148488361442
1990-11-20,219.5401326375718
1990-11-21,220.15537315531205
1990-11-23,219.937383151159
1990-11-26,221.00091962023794
1990-11-27,222.06936603985037
1990-11-28,222.3844001073198
1990-11-29,221.5299806256501
1990-11-30,225.12930693488127
1990-12-03,225.876743524603
1990-12-04,226.91480381726322
1990-12-05,227.67625956323428
1990-12-06,226.4662539860299
1990-12-07,226.02275980689993
1990-12-10,226.44389408525106
1990-12-11,225.79144224810014
1990-12-12,227.47100768769488
1990-12-13,227.2203231838644
1990-12-14,226.17894740247056
1990-12-17,225.96436578658555
1990-12-18,227.6078959627254
1990-12-19,227.07076543895263
1990-12-20,227.0326536159937
1990-12-21,227.4469603282725
1990-12-24,227.04831307005153
1990-12-26,228.29989151382821
1990-12-27,227.46146565001757
1990-12-28,227.42701191030045
1990-12-31,228.53004461129532
1991-01-02,225.9181880571617
1991-01-03,222.3897905376365
1991-01-04,221.65492947427256
1991-01-07,218.47887252831762
1991-01-08,218.84213468082348
1991-01-09,216.7952896433304
1991-01-10,218.34814308119897
1991-01-11,218.25765004314934
1991-01-14,216.74145176430417
1991-01-15,217.50947688134463
1991-01-16,219.16642241336126
1991-01-17,224.46180491433066
1991-01-18,226.00446743972898
1991-01-21,225.29748024733817
1991-01-22,225.12086599903682
1991-01-23,227.60191050990767
1991-01-24,230.26743120168467
1991-01-25,230.06387029982153
1991-01-28,229.77059969568515
1991-01-29,229.35651750299465
1991-01-30,231.22873601559414
1991-01-31,232.32144552298914
1991-02-01,231.29871461623821
1991-02-04,233.8414674215524
1991-02-05,236.17630552783288
1991-02-06,240.10075736680082
1991-02-07,239.04617299252362
1991-02-08,241.3490833906243
1991-02-11,247.17337337783835
1991-02-12,246.07914187176965
1991-02-13,248.5474067342043
1991-02-14,245.95646027106835
1991-02-15,249.5089498828283
1991-02-19,250.3404889910922
1991-02-20,247.99421583570535
1991-02-21,248.80805837685887
1991-02-22,249.96622664945357
1991-02-25,251.70724553214865
1991-02-26,249.08825450354988
1991-02-27,250.62255641529754
1991-02-28,249.94781207197855
1991-03-01,251.13955889941965
1991-03-04,251.0155594000488
1991-03-05,257.5637269934501
1991-03-06,257.1639951642557
1991-03-07,258.22491484322165
1991-03-08,258.02879441068643
1991-03-11,255.724548572895
1991-03-12,252.2947456711922
1991-03-13,256.0153697006167
1991-03-14,256.1189307153133
1991-03-15,255.4076157536789
1991-03-18,254.98230293746386
1991-03-19,250.15415633056145
1991-03-20,252.90174968942134
1991-03-21,252.1131921510989
1991-03-22,252.50440916958308
1991-03-25,254.47576132394872
1991-03-26,260.2582291842489
1991-03-27,260.6624922400293
1991-03-28,260.21656605332134
1991-04-01,258.22490842739523
1991-04-02,265.1468320857601
1991-04-03,265.11663858742946
1991-04-04,266.11048867180625
1991-04-05,263.41493492005856
1991-04-08,264.56078970469656
1991-04-09,261.75740812651117
1991-04-10,261.53100946064404
1991-04-11,264.51926747830225
1991-04-12,265.7649976735986
1991-04-15,265.8885354979856
1991-04-16,269.7796296508399
1991-04-17,271.0607139371219
1991-04-18,268.7370563921297
1991-04-19,265.4211652142539
1991-04-22,263.0428651854121
1991-04-23,263.2156681145289
1991-04-24,263.43194882810485
1991-04-25,262.0978482687953
1991-04-26,261.92867426515147
1991-04-29,258.3118091482229
1991-04-30,258.1508911883006
1991-05-01,261.31950490984656
1991-05-02,261.7304861874397
1991-05-03,262.26034156275523
1991-05-06,261.87342987713737
1991-05-07,261.0286332746546
1991-05-08,261.2685695121721
1991-05-09,264.4174990730871
1991-05-10,260.32872190013694
1991-05-13,260.9797675650306
1991-05-14,257.8128582478434
1991-05-15,255.52313713605412
1991-05-16,258.61709813514517
1991-05-17,258.7789626007912
1991-05-20,259.2736901220298
1991-05-21,262.2141520360269
1991-05-22,262.9694809423946
1991-05-23,262.4247685201163
1991-05-24,263.6081396314035
1991-05-28,266.18506109150076
1991-05-29,265.9849882316304
1991-05-30,267.303992464357
1991-05-31,267.5181504304871
1991-06-03,265.12004736989974
1991-06-04,264.986887891787
1991-06-05,263.79867854327904
1991-06-06,262.412672561915
1991-06-07,260.15715840008005
1991-06-10,259.72248124839564
1991-06-11,261.6876538995121
1991-06-12,259.36556006502747
1991-06-13,260.17078377496136
1991-06-14,263.28567854769926
1991-06-17,262.2258118968398
1991-06-18,260.7711618716421
1991-06-19,258.3374381884847
1991-06-20,259.25399753626255
1991-06-21,260.40736471043647
1991-06-24,256.62982850839654
1991-06-25,256.376773876902
1991-06-26,256.9037640491698
1991-06-27,258.9232863074403
1991-06-28,256.9107968692995
1991-07-01,261.0785078002484
1991-07-02,261.46833102442355
1991-07-03,259.3957438870899
1991-07-05,260.14775491593394
1991-07-08,262.0851541794902
1991-07-09,261.60690338295274
1991-07-10,261.75111788596126
1991-07-11,262.66724841851266
1991-07-12,264.9869301924241
1991-07-15,266.83812876249317
1991-07-16,266.1163824885655
1991-07-17,265.67778316977564
1991-07-18,267.8043330815197
1991-07-19,266.9543175373779
1991-07-22,265.93538758852907
1991-07-23,264.0500911436569
1991-07-24,264.01187777588456
1991-07-25,265.82006748441967
1991-07-26,266.40147550540894
1991-07-29,268.3452461306711
1991-07-30,271.17460329700884
1991-07-31,272.0325556193805
1991-08-01,271.75122231327566
1991-08-02,272.7929820372797
1991-08-05,271.38738305134143
1991-08-06,275.14089746508427
1991-08-07,275.8436594756206
1991-08-08,275.8066328604278
1991-08-09,275.0422662116646
1991-08-12,276.35575194471505
1991-08-13,278.63121659432943
1991-08-14,279.87703965862164
1991-08-15,278.8280393919986
1991-08-16,276.52492923184195
1991-08-19,269.32277127735745
1991-08-20,271.94082399594896
1991-08-21,280.3742882893003
1991-08-22,280.6651776939478
1991-08-23,281.38894341083903
1991-08-26,281.122496140912
1991-08-27,280.84014409107505
1991-08-28,283.60204034668254
1991-08-29,283.88430497563957
1991-08-30,283.24706119066
1991-09-03,280.61230437987746
1991-09-04,278.74764944346776
1991-09-05,277.42225028488275
1991-09-06,277.58506808649867
1991-09-09,277.2813105859674
1991-09-10,274.2262285729501
1991-09-11,274.944119003967
1991-09-12,277.43670265120994
1991-09-13,274.88445387836106
1991-09-16,275.82044329448496
1991-09-17,276.2326763200156
1991-09-18,277.7734893671946
1991-09-19,278.9039403908197
1991-09-20,280.0396328558523
1991-09-23,278.002951932986
1991-09-24,278.8594257441051
1991-09-25,278.02947457864605
1991-09-26,277.3363896162062
1991-09-27,276.92556527819363
1991-09-30,278.2959508685826
1991-10-01,279.77772367329237
1991-10-02,279.08364154859305
1991-10-03,275.94889966620485
1991-10-04,273.84528380394323
1991-10-07,272.02298941383646
1991-10-08,272.66204117747196
1991-10-09,269.7663293301641
1991-10-10,271.26849622314444
1991-10-11,272.30542798681006
1991-10-14,275.2988772408677
1991-10-15,279.41502370811895
1991-10-16,281.2664230954419
1991-10-17,280.2916356103313
1991-10-18,280.4294744292264
1991-10-21,278.16823629008803
1991-10-22,276.33439732114465
1991-10-23,276.79780913113336
1991-10-24,274.62400845312084
1991-10-25,273.91342401024036
1991-10-28,278.07204285872103
1991-10-29,280.01060444865095
1991-10-30,281.8936593763531
1991-10-31,282.5414535665451
1991-11-01,281.707741822847
1991-11-04,280.53069232982676
1991-11-05,279.85366581158104
1991-11-06,280.7274637182419
1991-11-07,284.5852985183009
1991-11-08,284.983261149077
1991-11-11,286.2795224067931
1991-11-12,289.8952003781556
1991-11-13,290.47587538138214
1991-11-14,290.4980276830724
1991-11-15,278.74052298745386
1991-11-18,281.2675284062937
1991-11-19,276.44329110608635
1991-11-20,276.4906261091757
1991-11-21,278.27550664184514
1991-11-22,276.34540137344555
1991-11-25,275.2431770408746
1991-11-26,276.8762102433984
1991-11-27,276.2312294020675
1991-11-29,275.9401039395582
1991-12-02,281.3114389259951
1991-12-03,282.22843486248627
1991-12-04,282.6705673852096
1991-12-05,281.4327344636558
1991-12-06,283.0317699855675
1991-12-09,283.1427716853295
1991-12-10,282.916158593442
1991-12-11,281.9872633627512
1991-12-12,284.78647304988283
1991-12-13,287.13174902731373
1991-12-16,288.56317495798083
1991-12-17,287.6613689214114
1991-12-18,287.7676548738044
1991-12-19,286.461858880001
1991-12-20,289.30583951840003
1991-12-23,296.53874271636363
1991-12-24,299.14327427031617
1991-12-26,304.9747293181801
1991-12-27,307.64641093472557
1991-12-30,314.9008734830816
1991-12-31,315.80485120806316
1992-01-02,315.0536511371965
1992-01-03,316.5987125321569
1992-01-06,316.49446960395426
1992-01-07,316.29314107579745
1992-01-08,317.7016015651421
1992-01-09,317.9820625575739
1992-01-10,315.49225777499464
1992-01-13,314.8004934176221
1992-01-14,318.05004368529313
1992-01-15,316.862736422516
1992-01-16,312.73661437082154
1992-01-17,312.6315858362024
1992-01-20,310.2805748142917
1992-01-21,306.43992212489553
1992-01-22,312.06557070257855
1992-01-23,311.3424297100785
1992-01-24,312.8720172944512
1992-01-27,311.83295425625664
1992-01-28,311.4975922278059
1992-01-29,308.5464909593214
1992-01-30,310.00104063834567
1992-01-31,309.14843316458564
1992-02-03,309.85616780973885
1992-02-04,312.62178159685493
1992-02-05,313.4996258405161
1992-02-06,313.3456387757756
1992-02-07,311.4876211271179
1992-02-10,312.3182055267794
1992-02-11,312.3530948079208
1992-02-12,314.4235447369071
1992-02-13,311.5631110568971
1992-02-14,309.719451181971
1992-02-18,305.6798269949125
1992-02-19,305.0867753747524
1992-02-20,308.31352091398355
1992-02-21,306.66153340378605
1992-02-24,306.72328635784925
1992-02-25,306.5280357562736
1992-02-26,311.3717573294786
1992-02-27,311.5291832570109
1992-02-28,310.3973101425656
1992-03-02,310.71176691348643
1992-03-03,310.2349965374182
1992-03-04,307.69569441415695
1992-03-05,305.19650937038165
1992-03-06,303.51281312633495
1992-03-09,304.62979649730096
1992-03-10,306.5462363072959
1992-03-11,304.38150705898164
1992-03-12,303.5257781350937
1992-03-13,304.0970994380763
1992-03-16,304.72517896892066
1992-03-17,307.2784341111642
1992-03-18,307.58619307316894
1992-03-19,307.89426829043174
1992-03-20,308.36775307327343
1992-03-23,306.95967029524877
1992-03-24,307.04683850465426
1992-03-25,306.4917925423116
1992-03-26,306.2710182391162
1992-03-27,303.75716644874126
1992-03-30,303.44207340116327
1992-03-31,303.9279780448705
1992-04-01,304.10454942684
1992-04-02,300.3729026901885
1992-04-03,299.0370768080221
1992-04-06,301.0705281799476
1992-04-07,295.45321044321895
1992-04-08,291.31794825991585
1992-04-09,296.6684384933175
1992-04-10,299.42586169277354
1992-04-13,300.45120965768547
1992-04-14,305.0809784238526
1992-04-15,309.073187326076
1992-04-16,309.39471710630596
1992-04-20,305.6967233725092
1992-04-21,306.01957996652294
1992-04-22,306.21062409853016
1992-04-23,307.8659170257638
1992-04-24,306.3352034743878
1992-04-27,305.33341103543563
1992-04-28,304.73690364194573
1992-04-29,307.14400847487855
1992-04-30,309.31942795456735
1992-05-01,307.7270842419254
1992-05-04,310.5012243045293
1992-05-05,311.5251671743051
1992-05-06,312.1698113731008
1992-05-07,311.6233107719568
1992-05-08,311.6420972730638
1992-05-11,313.84810470164877
1992-05-12,312.41817556760026
1992-05-13,312.985848345316
1992-05-14,310.463655920764
1992-05-15,308.6233232961568
1992-05-18,310.20386588428426
1992-05-19,312.7320382377466
1992-05-20,313.0708673340952
1992-05-21,310.7575711945702
1992-05-22,311.12419099000977
1992-05-26,308.76745504175074
1992-05-27,309.6020324989192
1992-05-28,312.30285281840185
1992-05-29,312.7489948542325
1992-06-01,313.5580216763888
1992-06-02,312.8987872381466
1992-06-03,312.8432300632979
1992-06-04,310.7333827239311
1992-06-05,310.34757982171135
1992-06-08,311.24059884706696
1992-06-09,308.9427836148226
1992-06-10,306.76267899940336
1992-06-11,307.21829895441283
1992-06-12,308.72955851416026
1992-06-15,308.4601844789941
1992-06-16,307.1206092691148
1992-06-17,302.9635711522273
1992-06-18,301.52921799506134
1992-06-19,303.172168014441
1992-06-22,302.48203065627393
1992-06-23,304.07741189659436
1992-06-24,304.15182692803006
1992-06-25,304.4996147886966
1992-06-26,304.6619607587759
1992-06-29,306.8087233653715
1992-06-30,307.63750955298383
1992-07-01,311.13467658053156
1992-07-02,312.35574769836836
1992-07-06,313.60898470150676
1992-07-07,311.894798194157
1992-07-08,312.14496826106665
1992-07-09,314.91954601411254
1992-07-10,315.80493049217694
1992-07-13,315.8426762198942
1992-07-14,317.3161530166929
1992-07-15,316.67035499980125
1992-07-16,316.60856520398085
1992-07-17,315.4862410989432
1992-07-20,314.4473864143236
1992-07-21,315.11698661124785
1992-07-22,313.0363821163725
1992-07-23,313.4569001928968
1992-07-24,313.4120169405033
1992-07-27,313.1487199877122
1992-07-28,317.1071628437065
1992-07-29,320.66216412332733
1992-07-30,321.5855556779421
1992-07-31,323.02719849910204
1992-08-03,323.48889961067624
1992-08-04,323.18010171811414
1992-08-05,321.21522853965297
1992-08-06,318.6954672422172
1992-08-07,318.12105933224467
1992-08-10,318.6772744620025
1992-08-11,318.49792145864495
1992-08-12,317.798926486835
1992-08-13,317.3361726425833
1992-08-14,318.91485461885895
1992-08-17,319.8436183245107
1992-08-18,320.0140035634936
1992-08-19,317.57725952616073
1992-08-20,317.35966004693984
1992-08-21,315.98053184217434
1992-08-24,310.73626923420295
1992-08-25,310.46128204587234
1992-08-26,312.21665250152546
1992-08-27,313.1536957261585
1992-08-28,313.3203747232077
1992-08-31,313.84657201185223
1992-09-01,314.9400234641576
1992-09-02,316.13638865983756
1992-09-03,316.71669596363523
1992-09-04,316.5113776730548
1992-09-08,313.81532101307744
1992-09-09,314.7576343386057
1992-09-10,316.7559945925314
1992-09-11,316.1117353545473
1992-09-14,322.05079896782433
1992-09-15,318.18783099011193
1992-09-16,316.9101294279699
1992-09-17,317.32481083565585
1992-09-18,320.11843445899507
1992-09-21,320.28134167337754
1992-09-22,316.4927005919512
1992-09-23,315.57132385040836
1992-09-24,317.7079857680713
1992-09-25,314.9059619040394
1992-09-28,316.2039689471916
1992-09-29,316.7490853825239
1992-09-30,318.4041748765395
1992-10-01,317.230860223468
1992-10-02,313.65199944684554
1992-10-05,310.91667564551955
1992-10-06,311.024534443682
1992-10-07,309.207533583027
1992-10-08,310.9435034573762
1992-10-09,309.02601298301687
1992-10-12,312.0088941813851
1992-10-13,313.57324329137356
1992-10-14,313.3029342502379
1992-10-15,313.0067268858745
1992-10-16,313.79729835673874
1992-10-19,315.37093387411437
1992-10-20,315.47023783197943
1992-10-21,314.55050154864136
1992-10-22,313.32322259941446
1992-10-23,312.7144335186843
1992-10-26,314.98400870605946
1992-10-27,315.7371766570333
1992-10-28,317.48136519762863
1992-10-29,318.5227033115728
1992-10-30,317.5656738465587
1992-11-02,319.58837219459815
1992-11-03,317.5581531823181
1992-11-04,316.1838094482376
1992-11-05,317.2640592868179
1992-11-06,317.6235141452625
1992-11-09,318.41746315922273
1992-11-10,318.77515037834326
1992-11-11,321.5028134030949
1992-11-12,321.5311621155743
1992-11-13,321.9810162849215
1992-11-16,321.33489654714015
1992-11-17,321.3223990418614
1992-11-18,323.43423235545293
1992-11-19,324.19536557677594
1992-11-20,325.9190265429248
1992-11-23,325.3626524640434
1992-11-24,326.90489416023365
1992-11-25,328.0199014921616
1992-11-27,328.84631939588394
1992-11-30,329.7625680123687
1992-12-01,329.155857134969
1992-12-02,328.5649108240681
1992-12-03,329.0163795468473
1992-12-04,331.2783300059108
1992-12-07,333.1282858421146
1992-12-08,334.3677045126651
1992-12-09,332.7727773938065
1992-12-10,330.84038739500147
1992-12-11,330.39665350790256
1992-12-14,329.58424340817567
1992-12-15,329.13004033832004
1992-12-16,328.01907029883944
1992-12-17,329.94813137003615
1992-12-18,333.8530082549402
1992-12-21,333.29271811076273
1992-12-22,332.94315157259757
1992-12-23,333.3082912927266
1992-12-24,334.02183945332996
1992-12-28,334.55991952287513
1992-12-29,334.2743606135483
1992-12-30,336.0157766001425
1992-12-31,335.2843298715746
1993-01-04,335.0591453798796
1993-01-05,335.19782593115656
1993-01-06,336.0825277126615
1993-01-07,333.27191627624046
1993-01-08,331.5083645395097
1993-01-11,332.47581481610393
1993-01-12,332.41786584252486
1993-01-13,333.2976270790614
1993-01-14,335.41816813778337
1993-01-15,338.3201024345178
1993-01-18,340.045785802582
1993-01-19,341.42025241429195
1993-01-20,340.07012003429907
1993-01-21,340.57146137629286
1993-01-22,342.82810558682695
1993-01-25,345.4692082365236
1993-01-26,346.20867488045246
1993-01-27,344.65660669979064
1993-01-28,343.69712399519796
1993-01-29,344.17070443623794
1993-02-01,347.47868809324547
1993-02-02,348.67960730748337
1993-02-03,351.91976531722287
1993-02-04,354.18331112186627
1993-02-05,352.0387170466623
1993-02-08,351.29797377372523
1993-02-09,349.7367021394182
1993-02-10,350.55014108666563
1993-02-11,350.79431085253646
1993-02-12,349.5796336031645
1993-02-16,342.13770985808594
1993-02-17,341.1598593525551
1993-02-18,341.2422974296383
1993-02-19,344.45856406379255
1993-02-22,347.1297392277586
1993-02-23,346.0521614468597
1993-02-24,350.0846197044889
1993-02-25,351.61885841325943
1993-02-26,352.4514280141755
1993-03-01,352.45019986600687
1993-03-02,355.5974249948583
1993-03-03,358.5376070283766
1993-03-04,357.45214222203106
1993-03-05,356.79059821838246
1993-03-08,361.8126678306886
1993-03-09,362.60926437242864
1993-03-10,363.84410552232004
1993-03-11,361.62720702463184
1993-03-12,358.4270752764031
1993-03-15,359.81558331970734
1993-03-16,360.878686145455
1993-03-17,359.79854295777267
1993-03-18,363.6593099912082
1993-03-19,363.02704863903244
1993-03-22,361.89812795638414
1993-03-23,362.07895617340944
1993-03-24,361.8968492721506
1993-03-25,363.69605308092105
1993-03-26,362.8992693529335
1993-03-29,364.6258890927695
1993-03-30,365.0243096453502
1993-03-31,365.57406847844646
1993-04-01,364.6662206240153
1993-04-02,359.42090823519504
1993-04-05,361.3874339496993
1993-04-06,362.99419900696137
1993-04-07,364.72953251394404
1993-04-08,365.3111533455303
1993-04-12,369.4714946611542
1993-04-13,371.1366118333519
1993-04-14,370.988321185683
1993-04-15,370.6058951855358
1993-04-16,372.31814238593336
1993-04-19,370.02719264121936
1993-04-20,365.98538480470177
1993-04-21,363.21382854080736
1993-04-22,360.8350355600163
1993-04-23,357.45572851240394
1993-04-26,354.43276168284166
1993-04-27,356.5093175850903
1993-04-28,357.254669614605
1993-04-29,357.8633238489617
1993-04-30,358.81310199320535
1993-05-03,360.25657430811447
1993-05-04,362.5210234830752
1993-05-05,362.890388702283
1993-05-06,361.77595885134826
1993-05-07,360.3797406760746
1993-05-10,361.1000486100592
1993-05-11,362.2955260695407
1993-05-12,362.2693876776083
1993-05-13,356.8397724034905
1993-05-14,356.1657447664464
1993-05-17,355.31965347188924
1993-05-18,355.96132707304105
1993-05-19,362.2756270086177
1993-05-20,364.8107976453362
1993-05-21,361.6909461104755
1993-05-24,363.14349442369837
1993-05-25,365.02107329249907
1993-05-26,368.8386331772043
1993-05-27,368.3122522427841
1993-05-28,367.4256148966366
1993-06-01,370.2526726514377
1993-06-02,370.7389530917637
1993-06-03,370.5211053040531
1993-06-04,369.02255420476064
1993-06-07,367.03799000057484
1993-06-08,365.0931895169377
1993-06-09,366.1196528757583
1993-06-10,365.2695798651911
1993-06-11,367.3419981556621
1993-06-14,367.8399559841424
1993-06-15,368.1409633642154
1993-06-16,368.5892707487534
1993-06-17,369.79815398439683
1993-06-18,368.0231414286947
1993-06-21,370.3985139734731
1993-06-22,371.41557953557646
1993-06-23,370.86466566816574
1993-06-24,373.24809738562305
1993-06-25,373.3906756746296
1993-06-28,377.7687446166434
1993-06-29,377.15573445223754
1993-06-30,378.22109708423284
1993-07-01,378.73084616234
1993-07-02,377.31362973748094
1993-07-06,375.6915631596599
1993-07-07,375.5597052098317
1993-07-08,378.62836292901
1993-07-09,378.7656253410995
1993-07-12,379.2401936132287
1993-07-13,378.51593020718263
1993-07-14,379.9069141592159
1993-07-15,380.77645369606006
1993-07-16,379.7379902826217
1993-07-19,379.7950535385456
1993-07-20,380.30028540766926
1993-07-21,380.31029029374616
1993-07-22,379.4239749420704
1993-07-23,380.7619216062712
1993-07-26,383.63948401896425
1993-07-27,383.30099257211725
1993-07-28,383.216008280909
1993-07-29,385.7278929402273
1993-07-30,384.68808029426896
1993-08-02,386.1109237193646
1993-08-03,385.78829086301795
1993-08-04,385.6143984558038
1993-08-05,386.5767827279371
1993-08-06,386.6257761096763
1993-08-09,388.69301879061226
1993-08-10,389.11015322156766
1993-08-11,389.91625204973485
1993-08-12,389.1259015982797
1993-08-13,389.7084889680527
1993-08-16,390.56553088158944
1993-08-17,390.1465004831575
1993-08-18,390.3934972777802
1993-08-19,389.22211247490736
1993-08-20,390.1718033656338
1993-08-23,389.17414593570726
1993-08-24,393.38733937207087
1993-08-25,395.1383807029457
1993-08-26,396.3963496033226
1993-08-27,396.4657196238903
1993-08-30,398.238956630529
1993-08-31,400.0273318763718
1993-09-01,400.45465479622817
1993-09-02,399.3547930274237
1993-09-03,399.09387186505086
1993-09-07,398.2445906434123
1993-09-08,397.39467467027697
1993-09-09,399.3156656158544
1993-09-10,403.4292876749039
1993-09-13,405.4684040957507
1993-09-14,401.61495678320455
1993-09-15,403.3160670072463
1993-09-16,402.0205694726522
1993-09-17,401.9832951663643
1993-09-20,400.4977022823262
1993-09-21,396.98032895867425
1993-09-22,400.33800174098457
1993-09-23,402.2817477082065
1993-09-24,402.2445358543332
1993-09-27,404.71192653907497
1993-09-28,405.73785893802483
1993-09-29,403.67397568230643
1993-09-30,402.1233721097741
1993-10-01,403.7620000143665
1993-10-04,403.8575550451835
1993-10-05,403.136966817257
1993-10-06,402.66192771858357
1993-10-07,401.37302947862366
1993-10-08,401.4578016965231
1993-10-11,400.36556321252215
1993-10-12,400.6995206448468
1993-10-13,401.9609972786081
1993-10-14,409.02446371444836
1993-10-15,409.5374534158553
1993-10-18,407.0413822399384
1993-10-19,404.496723708955
1993-10-20,404.4818925558837
1993-10-21,403.3671612991333
1993-10-22,402.3824235015055
1993-10-25,400.73203121890145
1993-10-26,400.7274279896606
1993-10-27,402.7430669001148
1993-10-28,406.57547431410836
1993-10-29,406.48734150828494
1993-11-01,407.7784269121329
1993-11-02,406.84536396505763
1993-11-03,399.278475833037
1993-11-04,392.3400631174922
1993-11-05,393.767180924949
1993-11-08,394.45251710420087
1993-11-09,394.47235324949105
1993-11-10,395.89393784756027
1993-11-11,394.603142915772
1993-11-12,395.59693150696796
1993-11-15,393.9402633231813
1993-11-16,396.23009291756136
1993-11-17,394.51096346302427
1993-11-18,393.57923163763513
1993-11-19,391.3704602268378
1993-11-22,385.8475703596536
1993-11-23,388.8438564502544
1993-11-24,391.5243600433487
1993-11-26,393.4143807517977
1993-11-29,394.0251574867235
1993-11-30,391.7337977802836
1993-12-01,393.30832923431484
1993-12-02,394.4019667746711
1993-12-03,395.7877791600368
1993-12-06,397.0134122017592
1993-12-07,397.1312352147172
1993-12-08,395.2110610723467
1993-12-09,394.2394135136952
1993-12-10,396.3210329206417
1993-12-13,396.9359995854155
1993-12-14,394.1792069090878
1993-12-15,393.09580457304656
1993-12-16,393.72308045656
1993-12-17,396.13623230119055
1993-12-20,396.10630987782383
1993-12-21,396.3497043716537
1993-12-22,398.7835028315531
1993-12-23,398.7228515629721
1993-12-27,401.6267482196752
1993-12-28,402.58777264130055
1993-12-29,402.1099280814206
1993-12-30,400.86719686661087
1993-12-31,399.1776209447119
1994-01-03,398.09509735572874
1994-01-04,398.8120254846072
1994-01-05,398.0801213480381
1994-01-06,398.4499300757367
1994-01-07,400.79408212009105
1994-01-10,405.2737771992004
1994-01-11,405.23251348494716
1994-01-12,405.08838871352657
1994-01-13,404.54883687286326
1994-01-14,406.31916001770526
1994-01-17,405.20016000882015
1994-01-18,406.98334065786963
1994-01-19,407.3249880728582
1994-01-20,408.10659610580643
1994-01-21,407.5273068348228
1994-01-24,404.8422650319272
1994-01-25,402.6478538514822
1994-01-26,405.19675883385037
1994-01-27,410.26782208267446
1994-01-28,410.0017862528353
1994-01-31,413.5749529972867
1994-02-01,411.3288125188532
1994-02-02,413.4989677648358
1994-02-03,414.0979647778835
1994-02-04,405.45257943332376
1994-02-07,407.82980035931195
1994-02-08,408.8863746279532
1994-02-09,410.3903405174378
1994-02-10,405.98303076757566
1994-02-11,405.574062828547
1994-02-14,406.5116576308825
1994-02-15,408.70118633889933
1994-02-16,408.51500757931035
1994-02-17,405.8524581835246
1994-02-18,403.6194983444909
1994-02-22,405.271551661807
1994-02-23,403.83073971187315
1994-02-24,398.77431291263787
1994-02-25,399.5017702374996
1994-02-28,400.8652417312431
1994-03-01,398.74092286211743
1994-03-02,399.80860697982
1994-03-03,398.5285021566092
1994-03-04,402.67842875350334
1994-03-07,404.4971852282839
1994-03-08,404.1135314834057
1994-03-09,405.6271360101125
1994-03-10,403.4465729659702
1994-03-11,405.41989046369525
1994-03-14,405.540028987525
1994-03-15,404.1125021992322
1994-03-16,405.98018476558764
1994-03-17,406.42014790464265
1994-03-18,407.0014404228596
1994-03-21,404.0290966195381
1994-03-22,404.4193381907146
1994-03-23,406.16732968430466
1994-03-24,400.33849928566246
1994-03-25,396.6600935900669
1994-03-28,395.16169574676337
1994-03-29,386.65410509301284
1994-03-30,379.6543040719794
1994-03-31,379.2681511134831
1994-04-04,374.596953085856
1994-04-05,384.33952552952064
1994-04-06,385.5011795425296
1994-04-07,387.99806504366364
1994-04-08,383.3629034074462
1994-04-11,383.740321156615
1994-04-12,380.15249457302144
1994-04-13,376.5403041094778
1994-04-14,376.945995737109
1994-04-15,375.790191343736
1994-04-18,371.4950131206955
1994-04-19,367.5625196111628
1994-04-20,362.57332961139576
1994-04-21,369.147783625109
1994-04-22,370.07558398209426
1994-04-25,376.8857071754699
1994-04-26,378.02506962767745
1994-04-28,376.4782831211728
1994-04-29,378.06476184252375
1994-05-02,381.9310182064516
1994-05-03,381.35933887397795
1994-05-04,379.963664084794
1994-05-05,378.8069371956558
1994-05-06,374.6930573385827
1994-05-09,370.6478421433272
1994-05-10,373.4248699740005
1994-05-11,369.26357901280244
1994-05-12,370.5121744503537
1994-05-13,370.2285489564403
1994-05-16,368.95746901298344
1994-05-17,372.2490505841895
1994-05-18,375.80444783664643
1994-05-19,379.7479099785465
1994-05-20,379.20152732345485
1994-05-23,378.17618412434325
1994-05-24,379.8177155695234
1994-05-25,380.76483841144875
1994-05-26,381.12760272846936
1994-05-27,381.81756031737035
1994-05-31,381.5105343316486
1994-06-01,382.4922048530726
1994-06-02,382.106482011408
1994-06-03,382.4463784513452
1994-06-06,382.1786411559697
1994-06-07,380.69361138003717
1994-06-08,379.73542099794525
1994-06-09,379.95681585852844
1994-06-10,380.989364272278
1994-06-13,383.7648888727888
1994-06-14,386.8598216277036
1994-06-15,385.8759618847417
1994-06-16,386.6981904212556
1994-06-17,384.1367658194884
1994-06-20,379.5654239603807
1994-06-21,375.04474032175096
1994-06-22,376.6662673685172
1994-06-23,373.66250415675205
1994-06-24,369.42592960433905
1994-06-27,373.2398498611227
1994-06-28,371.7066448718135
1994-06-29,372.45773782187615
1994-06-30,369.7064016816243
1994-07-01,371.14685501207526
1994-07-05,370.4516101051718
1994-07-06,370.4422317087697
1994-07-07,372.77940192299246
1994-07-08,373.8344333930646
1994-07-11,373.0879631552242
1994-07-12,373.944216826882
1994-07-13,376.28310680250894
1994-07-14,379.3815761478091
1994-07-15,379.09542319601115
1994-07-18,380.1200354701076
1994-07-19,379.03013992766984
1994-07-20,376.3302998165374
1994-07-21,377.6159336421317
1994-07-22,378.78984592301236
1994-07-25,379.36834697223577
1994-07-26,378.7358165387919
1994-07-27,378.0066487985377
1994-07-28,379.7104097338854
1994-07-29,383.9042081510481
1994-08-01,386.0696237937961
1994-08-02,387.4703541503134
1994-08-03,387.5381202935646
1994-08-04,385.6974803085525
1994-08-05,385.0616422606449
1994-08-08,386.09211471393576
1994-08-09,387.6614475302305
1994-08-10,391.66190155078993
1994-08-11,391.0028830195391
1994-08-12,392.67371552380575
1994-08-15,393.56742041311173
1994-08-16,397.27339223488826
1994-08-17,398.8652643821806
1994-08-18,397.23440517427997
1994-08-19,398.0627022951002
1994-08-22,398.07337297613077
1994-08-23,400.18695356101915
1994-08-24,402.8320873595758
1994-08-25,404.10014286686834
1994-08-26,409.36607881885385
1994-08-29,410.4255640638396
1994-08-30,412.7781961227659
1994-08-31,411.9469018831626
1994-09-01,409.87778499692047
1994-09-02,408.08987078342676
1994-09-06,409.93153948978465
1994-09-07,409.8667986409937
1994-09-08,411.3381770738269
1994-09-09,407.3012302769907
1994-09-12,405.12761652943436
1994-09-13,406.97963283975525
1994-09-14,408.491796848547
1994-09-15,414.7163144294268
1994-09-16,412.881791440197
1994-09-19,412.0288726071707
1994-09-20,406.64862549222477
1994-09-21,403.2374194442081
1994-09-22,401.5914108211979
1994-09-23,398.781427677821
1994-09-26,399.66061208633687
1994-09-27,401.50389538714967
1994-09-28,403.62763919301204
1994-09-29,402.4004055932118
1994-09-30,403.04513686164347
1994-10-03,400.82484779042903
1994-10-04,394.36507877876886
1994-10-05,392.4631200881442
1994-10-06,391.54098597412644
1994-10-07,392.6546916443526
1994-10-10,394.9219558368692
1994-10-11,401.14203551045574
1994-10-12,401.188349478088
1994-10-13,402.98190010216524
1994-10-14,404.1222736116338
1994-10-17,404.61039081247606
1994-10-18,403.6339675889959
1994-10-19,405.5352818127728
1994-10-20,403.09479183618504
1994-10-21,401.2137121294288
1994-10-24,398.6572176478385
1994-10-25,398.0853204596058
1994-10-26,398.6496797504161
1994-10-27,401.32275715267076
1994-10-28,406.0456591349304
1994-10-31,404.2467495993604
1994-11-01,401.33360088539064
1994-11-02,399.1260814609112
1994-11-03,398.75545167255297
1994-11-04,394.7678323142985
1994-11-07,394.8593659688415
1994-11-08,398.1514889920468
1994-11-09,399.40731136627534
1994-11-10,398.2931488190898
1994-11-11,396.635982509739
1994-11-14,400.2642798360764
1994-11-15,399.61859489021623
1994-11-16,401.0865109945891
1994-11-17,399.6079461808266
1994-11-18,398.9821117107321
1994-11-21,395.2965618697101
1994-11-22,385.62374629842304
1994-11-23,382.9353404723362
1994-11-25,385.8288851840032
1994-11-28,388.846919065923
1994-11-29,390.5632702848447
1994-11-30,390.8512115422625
1994-12-01,386.74047394063285
1994-12-02,390.4544306145551
1994-12-05,390.06268503509637
1994-12-06,390.3364335062111
1994-12-07,388.511756780637
1994-12-08,383.2564365234578
1994-12-09,385.02487430310754
1994-12-12,386.93765041242966
1994-12-13,386.38888435166393
1994-12-14,389.73830041460866
1994-12-15,390.59652978909565
1994-12-16,392.9516474420988
1994-12-19,391.94957808462874
1994-12-20,392.0623056360791
1994-12-21,395.29930734479086
1994-12-22,395.27647092767353
1994-12-23,396.39272991535483
1994-12-27,398.2330521591314
1994-12-28,396.32644305263085
1994-12-29,397.2851039095049
1994-12-30,396.55448454109376
1995-01-03,394.8395112024963
1995-01-04,395.7350961152785
1995-01-05,395.2786379576976
1995-01-06,395.8985400084678
1995-01-09,395.40336170014376
1995-01-10,397.27852621422534
1995-01-11,396.32481077746735
1995-01-12,396.3183356172725
1995-01-13,399.02857695134577
1995-01-16,401.4699198130577
1995-01-17,403.50048789059275
1995-01-18,404.97981406734175
1995-01-19,403.78167441191937
1995-01-20,401.9270216749299
1995-01-23,402.23233887212547
1995-01-24,402.79781160038414
1995-01-25,402.29023793070013
1995-01-26,401.98097134058133
1995-01-27,402.37466525954085
1995-01-30,399.5050814688607
1995-01-31,401.23932873135675
1995-02-01,401.100756111841
1995-02-02,402.844908589605
1995-02-03,406.4874153624739
1995-02-06,409.87007592365893
1995-02-07,410.38360090176155
1995-02-08,410.5930166247281
1995-02-09,411.10625564271714
1995-02-10,412.4961175001671
1995-02-13,412.59386797506454
1995-02-14,412.95965646989
1995-02-15,413.7491251981981
1995-02-16,414.8607803035072
1995-02-17,412.2506055857792
1995-02-21,411.7191912970131
1995-02-22,412.6294752243082
1995-02-23,414.7187502569902
1995-02-24,416.02095605849405
1995-02-27,413.15337509016643
1995-02-28,417.26956172473024
1995-03-01,416.77251296004425
1995-03-02,416.83590186740093
1995-03-03,418.67830861628113
1995-03-06,419.8723759845177
1995-03-07,416.37641503374516
1995-03-08,416.8927252533065
1995-03-09,417.3352047830727
1995-03-10,421.6814564706391
1995-03-13,423.76697022857405
1995-03-14,426.92735647060505
1995-03-15,426.8747817380627
1995-03-16,429.2180515330748
1995-03-17,430.21803725137477
1995-03-20,432.55258217427513
1995-03-21,432.54311849694204
1995-03-22,432.2277933833139
1995-03-23,433.2389835400952
1995-03-24,437.02096344743205
1995-03-27,438.7266023222438
1995-03-28,439.57592335616266
1995-03-29,436.83113743832473
1995-03-30,433.8654590136019
1995-03-31,432.30923477703016
1995-04-03,434.16512883547534
1995-04-04,435.86664055724526
1995-04-05,435.9086391317892
1995-04-06,436.8998100125501
1995-04-07,437.1496928047455
1995-04-10,439.36474876839264
1995-04-11,439.6513496198504
1995-04-12,441.4698820122021
1995-04-13,444.2248148276783
1995-04-17,442.24850736417244
1995-04-18,441.31349737125083
1995-04-19,437.59412756034243
1995-04-20,437.7387510865887
1995-04-21,441.3948997326248
1995-04-24,446.1780356530501
1995-04-25,445.815019011873
1995-04-26,446.96546904108914
1995-04-27,447.48809647341204
1995-04-28,448.44648701702187
1995-05-01,447.31099249373676
1995-05-02,448.5383131061592
1995-05-03,453.93814804294817
1995-05-04,453.0210398476003
1995-05-05,452.28462584803947
1995-05-08,455.22628926493206
1995-05-09,455.0463254879688
1995-05-10,455.0839374909881
1995-05-11,456.97630974642544
1995-05-12,454.6230515257079
1995-05-15,455.61035506844905
1995-05-16,456.7901059839702
1995-05-17,456.4135871529921
1995-05-18,450.264646623855
1995-05-19,451.690074679885
1995-05-22,455.1560730933354
1995-05-23,460.4203624586763
1995-05-24,460.5482975143512
1995-05-25,461.77075175793414
1995-05-26,457.67906606345724
1995-05-30,454.6750656797534
1995-05-31,462.5474594067283
1995-06-01,463.26964503940593
1995-06-02,462.6752039812074
1995-06-05,464.58107132518165
1995-06-06,464.87334272984623
1995-06-07,464.1625763229865
1995-06-08,464.84422844586305
1995-06-09,462.0221823830444
1995-06-12,464.12251286075644
1995-06-13,466.9947631523494
1995-06-14,467.47602391401256
1995-06-15,469.76730144238854
1995-06-16,473.7394441078915
1995-06-19,479.27015369556585
1995-06-20,480.3538812278077
1995-06-21,481.027234702355
1995-06-22,487.56475879736803
1995-06-23,486.1851278487709
1995-06-26,481.8151433153991
1995-06-27,477.8685428324473
1995-06-28,479.07018259822956
1995-06-29,481.06200736811496
1995-06-30,481.7016483539091
1995-07-03,483.4374878550337
1995-07-05,482.9594256493346
1995-07-06,486.7329572640478
1995-07-07,487.7496584140252
1995-07-10,489.1869953823091
1995-07-11,488.1931574429676
1995-07-12,494.2881334908684
1995-07-13,495.78515580829037
1995-07-14,495.4851505271871
1995-07-17,498.9431539632977
1995-07-18,495.0794838097599
1995-07-19,485.7935439145015
1995-07-20,486.47749554322183
1995-07-21,488.54976109890106
1995-07-24,493.5297490806533
1995-07-25,497.3434117963977
1995-07-26,499.8250597675445
1995-07-27,503.53413868427407
1995-07-28,501.93221000728295
1995-07-31,500.5640194743802
1995-08-01,498.8146717678814
1995-08-02,496.39854820828685
1995-08-03,496.1491980528636
1995-08-04,498.49456069606236
1995-08-07,500.191514584503
1995-08-08,501.0847042324426
1995-08-09,502.5997315986624
1995-08-10,500.87893699712606
1995-08-11,499.5990726903522
1995-08-14,504.9051648156071
1995-08-15,503.8368432346081
1995-08-16,506.1842314401931
1995-08-17,505.71118256898853
1995-08-18,505.11345401947364
1995-08-21,502.6396890992695
1995-08-22,504.5262988770442
1995-08-23,503.99226709277514
1995-08-24,503.49605556669934
1995-08-25,503.5087067225472
1995-08-28,500.05891174353235
1995-08-29,499.71803498969894
1995-08-30,501.6736023993976
1995-08-31,503.3856851079164
1995-09-01,503.1512370923276
1995-09-05,509.0393139415285
1995-09-06,511.8983136417639
1995-09-07,512.4621551585577
1995-09-08,514.5810934536842
1995-09-11,516.3471491285271
1995-09-12,517.2038897240409
1995-09-13,520.3448726277459
1995-09-14,522.2549287513049
1995-09-15,519.5107463864215
1995-09-18,521.5900748578772
1995-09-19,524.3426028021377
1995-09-20,526.323382729327
1995-09-21,525.1898996276025
1995-09-22,524.6131015734306
1995-09-25,523.5700558350422
1995-09-26,523.4046506129522
1995-09-27,521.3552777823321
1995-09-28,525.7812177270027
1995-09-29,524.8001867815775
1995-10-02,521.3096310377442
1995-10-03,521.2882601035047
1995-10-04,517.9408189891078
1995-10-05,520.2156285116714
1995-10-06,520.2474029816295
1995-10-09,511.95837922003795
1995-10-10,510.0574150611308
1995-10-11,514.7778590825412
1995-10-12,521.0607458794766
1995-10-13,523.1971743904436
1995-10-16,523.3149412612058
1995-10-17,528.5209707779476
1995-10-18,531.7765141508373
1995-10-19,532.8790695574199
1995-10-20,527.9416588173885
1995-10-23,527.5664894063992
1995-10-24,528.138066746157
1995-10-25,522.9379226068705
1995-10-26,518.8317615677101
1995-10-27,521.1369590681252
1995-10-30,525.0780880272349
1995-10-31,522.9897977520246
1995-11-01,525.7850846514781
1995-11-02,531.2865152970196
1995-11-03,531.9474359249396
1995-11-06,529.9924753323272
1995-11-07,530.0616142458065
1995-11-08,535.2458324233404
1995-11-09,535.2186226746063
1995-11-10,533.5180697600243
1995-11-13,533.9691234058373
1995-11-14,533.109910155217
1995-11-15,536.3247362378546
1995-11-16,539.2590596731276
1995-11-17,541.1421562175267
1995-11-20,539.2020622991741
1995-11-21,541.4692177284509
1995-11-22,539.159781769169
1995-11-24,539.9875459221678
1995-11-27,541.774876697398
1995-11-28,544.5238702689388
1995-11-29,546.9616689218108
1995-11-30,548.4513654156249
1995-12-01,549.5555315603173
1995-12-04,555.7770520485014
1995-12-05,558.8052449998667
1995-12-06,561.2497637423068
1995-12-07,557.3653149433358
1995-12-08,559.7074277670206
1995-12-11,559.7541234053222
1995-12-12,557.9669179068758
1995-12-13,560.0027948667085
1995-12-14,555.4292346752818
1995-12-15,553.0174967304699
1995-12-18,542.7124121525349
1995-12-19,548.4294969131644
1995-12-20,542.8885363526296
1995-12-21,548.1385273996169
1995-12-22,550.520807659052
1995-12-26,553.7466271832786
1995-12-27,553.688712670389
1995-12-28,553.1534658222249
1995-12-29,555.3711815148073
1996-01-02,556.7084330594953
1996-01-03,554.2497872285456
1996-01-04,549.8999794733973
1996-01-05,547.1371725949672
1996-01-08,549.4023886338872
1996-01-09,543.0574723976284
1996-01-10,532.8500633733494
1996-01-11,535.6161352586519
1996-01-12,537.3928132217375
1996-01-15,537.2147401311415
1996-01-16,543.0514214065223
1996-01-17,543.4540748896841
1996-01-18,545.8600112906511
1996-01-19,548.406973855313
1996-01-22,549.6035511109021
1996-01-23,549.9326766365318
1996-01-24,555.8441804342399
1996-01-25,554.5780216139822
1996-01-26,558.788202259127
1996-01-29,561.2520045401104
1996-01-30,568.9217769162104
1996-01-31,572.7355316419648
1996-02-01,572.9288898737494
1996-02-02,570.9917321304482
1996-02-05,573.984413272752
1996-02-06,577.2728714692834
1996-02-07,580.7734741699219
1996-02-08,587.5183666116695
1996-02-09,588.295670849401
1996-02-12,590.8657879967546
1996-02-13,591.0307538234355
1996-02-14,588.7731607748848
1996-02-15,587.0883654383032
1996-02-16,583.3535358907945
1996-02-20,576.7780558269899
1996-02-21,581.6908451018803
1996-02-22,590.4849440200436
1996-02-23,592.1527822011085
1996-02-26,586.0085768799592
1996-02-27,583.2757912460486
1996-02-28,582.9532794591736
1996-02-29,579.6683612472727
1996-03-01,585.457989275302
1996-03-04,593.9184646207464
1996-03-05,596.1421486965386
1996-03-06,592.7275782850967
1996-03-07,595.5116067629265
1996-03-08,576.0073935919683
1996-03-11,576.78984795889
1996-03-12,573.0521960440267
1996-03-13,571.9548025190135
1996-03-14,572.137983800678
1996-03-15,572.1845183808689
1996-03-18,577.6866559879309
1996-03-19,575.2041637607924
1996-03-20,578.5928538207772
1996-03-21,580.5086155332804
1996-03-22,581.0406333943899
1996-03-25,581.5881357475612
1996-03-26,583.6181221166825
1996-03-27,581.0436816854822
1996-03-28,581.0514427085436
1996-03-29,579.788769626854
1996-04-01,586.703641785191
1996-04-02,587.6506854125261
1996-04-03,587.6475974536518
1996-04-04,587.5305057316211
1996-04-08,574.9625226389498
1996-04-09,572.7906378514814
1996-04-10,561.2065729259119
1996-04-11,558.2933691214764
1996-04-12,565.8775808892779
1996-04-15,568.2374671715893
1996-04-16,567.8193373760047
1996-04-17,564.801362576589
1996-04-18,567.2961130154996
1996-04-19,567.9773953771348
1996-04-22,568.9946282303548
1996-04-23,570.0628761398208
1996-04-24,567.0885722088053
1996-04-25,569.613503345876
1996-04-26,571.1518532994404
1996-04-29,572.5178520304956
1996-04-30,573.740777513509
1996-05-01,575.1930415435
1996-05-02,564.8171302038323
1996-05-03,563.4732303857695
1996-05-06,561.981739402449
1996-05-07,560.5526856879982
1996-05-08,565.5265643697279
1996-05-09,566.0666278837036
1996-05-10,571.8242718084573
1996-05-13,578.0841330419909
1996-05-14,581.7718487750273
1996-05-15,582.0835004786796
1996-05-16,583.6101703834344
1996-05-17,588.5534844023592
1996-05-20,591.7596039934512
1996-05-21,592.3672375371206
1996-05-22,596.2282128926727
1996-05-23,596.521509326628
1996-05-24,600.2083301849383
1996-05-28,593.7616440003593
1996-05-29,590.9810451829551
1996-05-30,595.0449927822816
1996-05-31,591.8966092693029
1996-06-03,592.9798627545097
1996-06-04,597.942865690594
1996-06-05,603.0075877664002
1996-06-06,600.2047285736911
1996-06-07,597.8173635710785
1996-06-10,597.0725602438531
1996-06-11,596.747954194931
1996-06-12,595.8640742989688
1996-06-13,595.4347535789777
1996-06-14,593.9208258500536
1996-06-17,592.8313025547156
1996-06-18,590.3074630048549
1996-06-19,589.5015731558873
1996-06-20,587.4252743533553
1996-06-21,590.0023621961953
1996-06-24,592.1900647456874
1996-06-25,593.0884379845577
1996-06-26,589.2685936783436
1996-06-27,591.0458783306531
1996-06-28,594.1323551069178
1996-07-01,597.9123026009314
1996-07-02,596.4366222478757
1996-07-03,595.0300199108794
1996-07-05,582.2497201291183
1996-07-08,577.0096218805189
1996-07-09,578.3609914811108
1996-07-10,577.4764662536817
1996-07-11,568.3751625620947
1996-07-12,568.4934490814709
1996-07-15,554.9109043130162
1996-07-16,550.6661084147099
1996-07-17,557.2018940079669
1996-07-18,568.4395824923554
1996-07-19,565.1685093814921
1996-07-22,561.7004009941585
1996-07-23,555.8887108247902
1996-07-24,551.8798578952213
1996-07-25,554.8109747943847
1996-07-26,559.9675589284892
1996-07-29,555.9688144810615
1996-07-30,558.7200830747742
1996-07-31,562.4530680562058
1996-08-01,571.823747041395
1996-08-02,582.1054105714132
1996-08-05,579.9804893155938
1996-08-06,580.4587913570447
1996-08-07,581.25796353486
1996-08-08,580.6617725213929
1996-08-09,577.7404687136453
1996-08-12,582.917299322693
1996-08-13,579.8515277987955
1996-08-14,581.9639070072657
1996-08-15,582.8312543549745
1996-08-16,586.0152763451099
1996-08-19,586.8213632531545
1996-08-20,585.9951659716011
1996-08-21,586.0274724177029
1996-08-22,589.7870005405659
1996-08-23,587.1438857560905
1996-08-26,586.3397983776077
1996-08-27,588.8471171821564
1996-08-28,587.5315748929576
1996-08-29,581.8313842001044
1996-08-30,577.5591640831841
1996-09-03,577.7972226664039
1996-09-04,578.756432670844
1996-09-05,575.5412407534089
1996-09-06,581.5685496746141
1996-09-09,588.1392369192841
1996-09-10,589.5936772404193
1996-09-11,590.9742294071648
1996-09-12,594.1058143877192
1996-09-13,600.8051979142641
1996-09-16,602.8047554612496
1996-09-17,601.4363656562291
1996-09-18,600.0530106390637
1996-09-19,600.3631007136146
1996-09-20,602.5027838894939
1996-09-23,602.9744691293911
1996-09-24,604.2950361069768
1996-09-25,605.5535027878383
1996-09-26,609.8108401547786
1996-09-27,609.6878243273142
1996-09-30,610.631488712849
1996-10-01,612.2452036243377
1996-10-02,614.6314443121324
1996-10-03,614.8730176540103
1996-10-04,621.8374200706014
1996-10-07,619.8089687886445
1996-10-08,618.1629091160637
1996-10-09,614.9012930020921
1996-10-10,613.535503347344
1996-10-11,617.6727689440912
1996-10-14,620.81335699296
1996-10-15,620.5200467300594
1996-10-16,620.066065875218
1996-10-17,624.885132088961
1996-10-18,627.0545329429525
1996-10-21,625.8086612844476
1996-10-22,623.5918166723227
1996-10-23,622.6167744569723
1996-10-24,619.887992611796
1996-10-25,617.2729969836288
1996-10-28,613.6491390974728
1996-10-29,616.8150417751833
1996-10-30,615.2026356090057
1996-10-31,618.851135384
1996-11-01,619.1542268641501
1996-11-04,621.557317303885
1996-11-05,627.1776744645347
1996-11-06,638.4674924500665
1996-11-07,639.431785890641
1996-11-08,641.81475535922
1996-11-11,641.0180796103067
1996-11-12,641.123924958368
1996-11-13,642.9225456974431
1996-11-14,645.6016055944168
1996-11-15,645.9088204332546
1996-11-18,645.269672410024
1996-11-19,648.0778609542978
1996-11-20,649.4755142414062
1996-11-21,649.5979353132317
1996-11-22,653.2760364523112
1996-11-25,661.4998589213315
1996-11-26,659.5810452687342
1996-11-27,660.0136986603853
1996-11-29,661.3257017876072
1996-12-02,659.6910826195294
1996-12-03,653.9235871853137
1996-12-04,649.6882629355149
1996-12-05,651.1821765670497
1996-12-06,647.7989820174158
1996-12-09,652.8614191537193
1996-12-10,651.9669838853214
1996-12-11,643.9809805882547
1996-12-12,637.1845346748468
1996-12-13,636.8466262985065
1996-12-16,635.084515714049
1996-12-17,639.6024990389785
1996-12-18,643.120381578811
1996-12-19,656.2085495769018
1996-12-20,660.1217125867239
1996-12-23,657.960160588484
1996-12-24,660.552905252186
1996-12-26,664.2342183280234
1996-12-27,664.6418168913395
1996-12-30,664.672285229619
1996-12-31,656.1268852692549
1997-01-02,652.4051231447132
1997-01-03,659.494306859081
1997-01-06,659.3271805886213
1997-01-07,663.7968617415446
1997-01-08,661.4667525053158
1997-01-09,666.3646444494559
1997-01-10,668.0197359757366
1997-01-13,668.81287863539
1997-01-14,676.5520652734973
1997-01-15,675.6124323898966
1997-01-16,678.7124749560699
1997-01-17,686.2291466173056
1997-01-20,687.7976115513426
1997-01-21,691.1396981911724
1997-01-22,692.0171132756034
1997-01-23,686.8341395195243
1997-01-24,678.7087260916396
1997-01-27,674.6502256935637
1997-01-28,675.4630843868508
1997-01-29,681.125662558956
1997-01-30,689.7188979062737
1997-01-31,690.8571301291507
1997-02-03,693.577612823007
1997-02-04,695.5496789969736
1997-02-05,689.634050173159
1997-02-06,691.1314009376293
1997-02-07,696.8325810493986
1997-02-10,691.6656664735727
1997-02-11,696.2344271595802
1997-02-12,706.9096278556204
1997-02-13,713.5883402988468
1997-02-14,711.519373869842
1997-02-18,716.3606884934317
1997-02-19,712.3939652378849
1997-02-20,704.5053116117721
1997-02-21,705.1583700870218
1997-02-24,707.8685130698653
1997-02-25,709.6066827788685
1997-02-26,704.5034493633575
1997-02-27,697.212292837767
1997-02-28,692.8179533562127
1997-03-03,696.0379051807254
1997-03-04,695.7447021294212
1997-03-05,704.0333156861201
1997-03-06,705.9695020983763
1997-03-07,712.545016055273
1997-03-10,720.3760276767692
1997-03-11,719.3420848043335
1997-03-12,713.7831308162448
1997-03-13,701.7574932338707
1997-03-14,707.4591239192201
1997-03-17,707.795273517425
1997-03-18,701.8516855008323
1997-03-19,700.5188422158203
1997-03-20,697.9704855793748
1997-03-21,701.3102370645089
1997-03-24,707.5530120043213
1997-03-25,705.1359687716019
1997-03-26,704.8561504936278
1997-03-27,691.0821099327561
1997-03-31,678.5761915004407
1997-04-01,679.7700407657642
1997-04-02,671.6824047170973
1997-04-03,670.0609165139664
1997-04-04,676.5367629996742
1997-04-07,679.6551953286802
1997-04-08,683.7348000352326
1997-04-09,683.4561745886695
1997-04-10,681.5199825668993
1997-04-11,664.6117238006387
1997-04-14,668.9929147432297
1997-04-15,680.5140834961524
1997-04-16,689.3929082419414
1997-04-17,687.630134177056
1997-04-18,692.2079079164665
1997-04-21,686.1356666850166
1997-04-22,698.6873605281551
1997-04-23,693.3103292877033
1997-04-24,691.1318355743064
1997-04-25,685.6865595861711
1997-04-28,691.5722214255949
1997-04-29,708.0976486393913
1997-04-30,713.1142219107643
1997-05-01,709.9247166668943
1997-05-02,723.2410389168577
1997-05-05,738.9694794908764
1997-05-06,739.2981735492973
1997-05-07,728.8989541099611
1997-05-08,730.566828700795
1997-05-09,736.1711413619477
1997-05-12,745.5042183163013
1997-05-13,742.8264548998303
1997-05-14,746.1752872517523
1997-05-15,750.5378524124911
1997-05-16,741.6242865606688
1997-05-19,744.9713185719268
1997-05-20,750.8615871695332
1997-05-21,748.7279949758167
1997-05-22,748.2283587032508
1997-05-23,758.0120140307126
1997-05-27,756.6585024704306
1997-05-28,754.4124771380995
1997-05-29,754.110002224116
1997-05-30,759.9336689923852
1997-06-02,756.6770834888789
1997-06-03,758.9426293193177
1997-06-04,754.6324522223695
1997-06-05,758.8913660785036
1997-06-06,769.7867631183727
1997-06-09,773.9948744548677
1997-06-10,778.7779155352866
1997-06-11,782.2867586433958
1997-06-12,797.1020850752137
1997-06-13,803.600356044878
1997-06-16,802.3762327631733
1997-06-17,801.3369822858479
1997-06-18,800.6754896962113
1997-06-19,810.4273737363907
1997-06-20,807.7228901755816
1997-06-23,790.0645641518048
1997-06-24,803.2691543125424
1997-06-25,796.544560191378
1997-06-26,794.3666291501726
1997-06-27,799.9501060266815
1997-06-30,797.9712000547083
1997-07-01,802.0404617011538
1997-07-02,811.8957382084268
1997-07-03,822.6094476419029
1997-07-07,819.5821929134628
1997-07-08,826.7564434288605
1997-07-09,817.4280500548675
1997-07-10,823.1577767304775
1997-07-11,825.5509554146497
1997-07-14,824.3856073398006
1997-07-15,830.2933179783719
1997-07-16,840.6417194632434
1997-07-17,835.181363695055
1997-07-18,822.2957237373178
1997-07-21,820.5170924524697
1997-07-22,837.482305637827
1997-07-23,840.3202840815644
1997-07-24,844.3614129425508
1997-07-25,844.2344920946451
1997-07-28,842.8637472481769
1997-07-29,846.7124273102376
1997-07-30,855.672327737877
1997-07-31,854.7402272267175
1997-08-01,850.0850627537088
1997-08-04,848.1840861558034
1997-08-05,850.4307052866071
1997-08-06,856.0319900887586
1997-08-07,847.3704985548613
1997-08-08,832.5029532137446
1997-08-11,833.5944950525654
1997-08-12,822.6519451120905
1997-08-13,820.2110272181527
1997-08-14,824.5751153953084
1997-08-15,803.3839330987565
1997-08-18,810.3918302418731
1997-08-19,822.3182192893156
1997-08-20,834.9285245678528
1997-08-21,823.8420640423928
1997-08-22,820.7648789272052
1997-08-25,817.2818582226358
1997-08-26,811.4807211490282
1997-08-27,812.0655563038069
1997-08-28,806.609159548102
1997-08-29,804.8339766390767
1997-09-02,827.0422368734337
1997-09-03,828.190870888365
1997-09-04,827.7728126942854
1997-09-05,824.8218595406421
1997-09-08,827.3557889894422
1997-09-09,829.8807803928224
1997-09-10,818.6981501397166
1997-09-11,811.3947926312601
1997-09-12,821.3426817066237
1997-09-15,821.4779801746502
1997-09-16,841.210008559339
1997-09-17,843.1424277196523
1997-09-18,846.0448168031462
1997-09-19,845.3043503350181
1997-09-22,847.8630537555557
1997-09-23,844.1747600792514
1997-09-24,840.6539393379319
1997-09-25,836.6496474690232
1997-09-26,843.2532091986033
1997-09-29,848.556101892608
1997-09-30,844.0082510867107
1997-10-01,851.052878243613
1997-10-02,855.4405861236241
1997-10-03,858.6636182298747
1997-10-06,868.4910661978146
1997-10-07,875.5631873599474
1997-10-08,868.0229161288316
1997-10-09,870.0613980471675
1997-10-10,867.384240585298
1997-10-13,868.899041466121
1997-10-14,868.8964911833447
1997-10-15,867.0643306619868
1997-10-16,860.4862104281634
1997-10-17,850.7149849484326
1997-10-20,860.7127851893972
1997-10-21,871.936408447753
1997-10-22,867.6250991877748
1997-10-23,851.5496113969261
1997-10-24,845.2193607296705
1997-10-27,791.553080055815
1997-10-28,818.6504250460767
1997-10-29,821.5641335230805
1997-10-30,808.9976860444168
1997-10-31,815.3750364950803
1997-11-03,835.7007447045088
1997-11-04,838.7175661849208
1997-11-05,840.891706312206
1997-11-06,838.6628758256272
1997-11-07,825.7698705601202
1997-11-10,822.9528266523622
1997-11-11,819.188440282922
1997-11-12,802.0729299212312
1997-11-13,804.6554555296589
1997-11-14,810.3341978954894
1997-11-17,825.416592252281
1997-11-18,818.8081456468642
1997-11-19,821.4513519371401
1997-11-20,831.1964185405939
1997-11-21,833.3472096367236
1997-11-24,821.4657816280278
1997-11-25,823.2840648363788
1997-11-26,825.4060517979253
1997-11-28,830.5701363405022
1997-12-01,845.6974003553422
1997-12-02,847.4155062152114
1997-12-03,852.2781633336182
1997-12-04,851.5264179967163
1997-12-05,857.1825509635213
1997-12-08,856.8509583905258
1997-12-09,855.8525919383225
1997-12-10,853.9046817947572
1997-12-11,841.1736542919969
1997-12-12,843.2151073194207
1997-12-15,849.4073514202848
1997-12-16,851.0960903699176
1997-12-17,852.1889588919275
1997-12-18,845.9637466135704
1997-12-19,838.4796647721355
1997-12-22,842.1394448306371
1997-12-23,831.9353023646795
1997-12-24,826.7629734778623
1997-12-26,829.0687149410699
1997-12-29,840.6966404237083
1997-12-30,857.4322112573702
1997-12-31,858.7808913243974
1998-01-02,856.6277321942531
1998-01-05,857.3053091511167
1998-01-06,849.3501207342216
1998-01-07,846.4574290322015
1998-01-08,843.7110431357304
1998-01-09,824.1190178291155
1998-01-12,830.484223878
1998-01-13,838.0198874354955
1998-01-14,841.2254794094994
1998-01-15,835.1340746363376
1998-01-16,843.0148416799622
1998-01-20,850.5523704302608
1998-01-21,845.2622804481417
1998-01-22,839.901404056752
1998-01-23,834.5389445037475
1998-01-26,832.0748457101679
1998-01-27,836.368718094589
1998-01-28,841.2774283683459
1998-01-29,845.2312933801143
1998-01-30,841.4800991052207
1998-02-02,856.2818274389449
1998-02-03,861.2298582406344
1998-02-04,860.6854161259744
1998-02-05,860.2887130119672
1998-02-06,867.7846471373957
1998-02-09,865.8427771610905
1998-02-10,871.153981794028
1998-02-11,871.5564087911462
1998-02-12,877.8462724565171
1998-02-13,876.2923383361523
1998-02-17,881.5674735243888
1998-02-18,886.6851958400081
1998-02-19,883.1137410450301
1998-02-20,887.1487648516526
1998-02-23,889.8731368749407
1998-02-24,884.6512729035677
1998-02-25,894.1656799288425
1998-02-26,897.1684498251193
1998-02-27,895.6191020197667
1998-03-02,898.5560383566594
1998-03-03,903.6670020039458
1998-03-04,903.9737914332735
1998-03-05,898.2804843604321
1998-03-06,914.9802266680022
1998-03-09,916.5724531038478
1998-03-10,923.6311105401709
1998-03-11,927.7002017399058
1998-03-12,926.7051512053721
1998-03-13,929.9830257436108
1998-03-16,938.3740089406259
1998-03-17,940.5753275255776
1998-03-18,943.380035783064
1998-03-19,947.3773152170327
1998-03-20,955.8964348343183
1998-03-23,951.7858308253407
1998-03-24,960.8305258865695
1998-03-25,956.064371303344
1998-03-26,953.9742196981022
1998-03-27,949.6660078492171
1998-03-30,949.8921786895224
1998-03-31,958.3097431148756
1998-04-01,959.9161262777667
1998-04-02,965.8062783651682
1998-04-03,970.5783139660999
1998-04-06,971.424678146361
1998-04-07,963.0916966905932
1998-04-08,959.7767518422502
1998-04-09,972.2190131173188
1998-04-13,972.6841770848067
1998-04-14,982.4182026169651
1998-04-15,986.7117284284877
1998-04-16,977.8359510652879
1998-04-17,984.3392778817678
1998-04-20,979.2892232291206
1998-04-21,978.3528922222711
1998-04-22,979.311311262553
1998-04-23,965.6423175774423
1998-04-24,953.458801098482
1998-04-27,933.8583550578373
1998-04-28,934.5458684776862
1998-04-29,943.5098590516545
1998-04-30,957.846783553127
1998-05-01,966.4905619402986
1998-05-04,970.2750487123816
1998-05-05,963.8877652635849
1998-05-06,960.1356113964007
1998-05-07,956.9119369399793
1998-05-08,963.6572727372069
1998-05-11,962.4713689510243
1998-05-12,967.1665797881649
1998-05-13,971.3266327166765
1998-05-14,970.8186838539666
1998-05-15,965.7487868983827
1998-05-18,962.7328401439551
1998-05-19,962.5020826037043
1998-05-20,972.2800307590694
1998-05-21,974.9090846587766
1998-05-22,973.6430315560693
1998-05-26,964.8677814859059
1998-05-27,960.5855374387984
1998-05-28,971.0773062953812
1998-05-29,972.6727117057203
1998-06-01,981.4497427836922
1998-06-02,986.9367903328349
1998-06-03,982.7277662239659
1998-06-04,985.6596949142423
1998-06-05,996.882623947577
1998-06-08,998.2209842842005
1998-06-09,997.8641004166635
1998-06-10,998.184419249589
1998-06-11,986.0476429722938
1998-06-12,985.5967230402723
1998-06-15,970.0604637536106
1998-06-16,975.6224060356486
1998-06-17,989.5611768453487
1998-06-18,988.9726939243919
1998-06-19,985.5062259721823
1998-06-22,990.0545234128934
1998-06-23,1002.5122109140449
1998-06-24,1000.0755430998585
1998-06-25,996.4668053167978
1998-06-26,998.2284232010496
1998-06-29,1004.4915315991396
1998-06-30,1003.1407884578011
1998-07-01,1012.6167541924864
1998-07-02,1010.941164444253
1998-07-06,1022.2265970333104
1998-07-07,1017.8319375572288
1998-07-08,1025.3324223678212
1998-07-09,1017.938063912429
1998-07-10,1018.5068924694591
1998-07-13,1016.7009213790656
1998-07-14,1025.0600569939916
1998-07-15,1024.829694103732
1998-07-16,1031.0205052868605
1998-07-17,1030.040204849358
1998-07-20,1028.44190703522
1998-07-21,1021.9357768517751
1998-07-22,1026.458834093208
1998-07-23,1007.629345191348
1998-07-24,1008.7820882167063
1998-07-27,1009.1826085084348
1998-07-28,997.5041092280809
1998-07-29,995.4062453256239
1998-07-30,1008.587527382403
1998-07-31,989.2256113649823
1998-08-03,983.8020164100895
1998-08-04,951.0514493233019
1998-08-05,952.9192826234638
1998-08-06,966.1571881288504
1998-08-07,970.0162636040272
1998-08-10,967.268607749429
1998-08-11,952.5226056284424
1998-08-12,972.1956330867232
1998-08-13,967.4937915733854
1998-08-14,954.6798373567322
1998-08-17,963.8279520257238
1998-08-18,976.7752695954213
1998-08-19,973.2433786398288
1998-08-20,968.9722476486739
1998-08-21,962.3589971938882
1998-08-24,969.8408466660272
1998-08-25,971.0787425135934
1998-08-26,961.1586036247623
1998-08-27,930.993681118247
1998-08-28,929.9588195716007
1998-08-31,879.979178059636
1998-09-01,900.5274081771421
1998-09-02,892.2123589073045
1998-09-03,884.6544691363587
1998-09-04,881.4573628588852
1998-09-08,919.8759725575884
1998-09-09,911.1133852605938
1998-09-10,888.58136363823
1998-09-11,907.251019891759
1998-09-14,928.1046378245101
1998-09-15,932.6042373628771
1998-09-16,938.3395719662478
1998-09-17,919.5728746904911
1998-09-18,929.428452006383
1998-09-21,925.9011766998952
1998-09-22,931.6384415843353
1998-09-23,955.958017726194
1998-09-24,938.4439391438692
1998-09-25,939.160383575468
1998-09-28,943.7868161341619
1998-09-29,943.7834030788065
1998-09-30,925.629393887632
1998-10-01,904.0818073012213
1998-10-02,919.3467677931453
1998-10-05,918.761036436829
1998-10-06,915.6204676640208
1998-10-07,904.9921335865722
1998-10-08,895.1566814829092
1998-10-09,896.6224521655248
1998-10-12,896.6555727510954
1998-10-13,898.3197167445775
1998-10-14,913.7813431490068
1998-10-15,940.2790589049719
1998-10-16,937.0024013435387
1998-10-19,940.0267919192426
1998-10-20,935.944456554029
1998-10-21,941.7850021376946
1998-10-22,952.85172974698
1998-10-23,947.321077393234
1998-10-26,946.4976127453308
1998-10-27,943.1737402024007
1998-10-28,946.3094495536527
1998-10-29,959.8259141175388
1998-10-30,967.5489820818451
1998-11-02,976.688383989297
1998-11-03,976.7886640402048
1998-11-04,976.7989372980022
1998-11-05,987.3309996897766
1998-11-06,995.4147343800247
1998-11-09,989.4002917978029
1998-11-10,993.8911110807472
1998-11-11,985.4306700784388
1998-11-12,980.6059719225753
1998-11-13,985.066579725219
1998-11-16,994.2552513627647
1998-11-17,996.4237174218184
1998-11-18,1001.6230800341754
1998-11-19,1008.7847291300349
1998-11-20,1016.1260621150825
1998-11-23,1029.1315041281669
1998-11-24,1024.1337346055516
1998-11-25,1030.4894310642974
1998-11-27,1034.3789468872392
1998-11-30,1014.7798086576488
1998-12-01,1023.136721308075
1998-12-02,1024.842907534398
1998-12-03,1014.2911898242158
1998-12-04,1030.9745688343594
1998-12-07,1035.2831485000538
1998-12-08,1033.1202159506734
1998-12-09,1032.797656520281
1998-12-10,1022.6145540032181
1998-12-11,1023.9748515377859
1998-12-14,1003.8691293313112
1998-12-15,1014.6155074956821
1998-12-16,1019.7732911047972
1998-12-17,1033.448550279787
1998-12-18,1034.569260155094
1998-12-21,1042.9061713906062
1998-12-22,1042.5387164882447
1998-12-23,1057.6414098752728
1998-12-24,1057.3150115398596
1998-12-28,1059.7032917320626
1998-12-29,1076.855546469412
1998-12-30,1071.414236713071
1998-12-31,1077.5736323015426
1999-01-04,1068.8175392036528
1999-01-05,1080.95382666365
1999-01-06,1102.393837872712
1999-01-07,1099.8907060333925
1999-01-08,1103.4772422392616
1999-01-11,1093.7297982576088
1999-01-12,1075.519715628349
1999-01-13,1078.0989067576006
1999-01-14,1063.5495398711255
1999-01-15,1085.031576870335
1999-01-19,1103.1916899030496
1999-01-20,1110.0669086255311
1999-01-21,1087.1958602456134
1999-01-22,1084.77409384001
1999-01-25,1085.0742009094804
1999-01-26,1104.789430439134
1999-01-27,1104.2680824871595
1999-01-28,1122.5027967527403
1999-01-29,1134.0788441934815
1999-02-01,1132.612363211706
1999-02-02,1122.5639690596424
1999-02-03,1133.675683361759
1999-02-04,1115.2138243813558
1999-02-05,1102.3046507770478
1999-02-08,1106.6685086650693
1999-02-09,1081.1099058635089
1999-02-10,1079.6428379577626
1999-02-11,1109.552810992981
1999-02-12,1091.535501998428
1999-02-16,1102.7512601485057
1999-02-17,1084.012987692742
1999-02-18,1094.277410383658
1999-02-19,1095.0811243407395
1999-02-22,1122.8200143622466
1999-02-23,1123.1686170927783
1999-02-24,1113.5762306050508
1999-02-25,1104.523552772563
1999-02-26,1102.109799661143
1999-03-01,1099.180259609142
1999-03-02,1091.6860170980472
1999-03-03,1092.3100987285034
1999-03-04,1105.338170399199
1999-03-05,1124.7999728290617
1999-03-08,1131.231621486089
1999-03-09,1129.426969919574
1999-03-10,1128.8639834810951
1999-03-11,1137.4264074593718
1999-03-12,1134.119445550802
1999-03-15,1144.120584902784
1999-03-16,1144.3375796778773
1999-03-17,1136.325435636501
1999-03-18,1147.1514084054431
1999-03-19,1131.4789166681717
1999-03-22,1126.3450844144008
1999-03-23,1100.7943439275716
1999-03-24,1105.6065835980824
1999-03-25,1122.863588641164
1999-03-26,1118.9161091942158
1999-03-29,1136.9233670809492
1999-03-30,1135.4113910974006
1999-03-31,1126.5478754668936
1999-04-01,1132.9460978390832
1999-04-05,1146.5996826918654
1999-04-06,1147.836304598059
1999-04-07,1154.530972464768
1999-04-08,1173.3438875585377
1999-04-09,1180.8675482897906
1999-04-12,1192.3482042926992
1999-04-13,1183.1175411128243
1999-04-14,1154.81425962111
1999-04-15,1137.9807605619185
1999-04-16,1130.7738854203285
1999-04-19,1088.136323297208
1999-04-20,1112.5273297124727
1999-04-21,1147.9017262893444
1999-04-22,1168.3840589256981
1999-04-23,1169.3726408258342
1999-04-26,1171.5689950300011
1999-04-27,1171.3131807201003
1999-04-28,1152.2800100970214
1999-04-29,1138.9255136660558
1999-04-30,1134.5137807158258
1999-05-03,1146.4841800498168
1999-05-04,1130.6442533602485
1999-05-05,1145.124478272077
1999-05-06,1133.6587930430421
1999-05-07,1141.9467356971027
1999-05-10,1136.8606294086676
1999-05-11,1152.9787912546694
1999-05-12,1163.4632345526902
1999-05-13,1167.8588242046142
1999-05-14,1145.6640182481392
1999-05-17,1150.4297242482974
1999-05-18,1144.8483945691044
1999-05-19,1152.1018562790673
1999-05-20,1151.6394941113697
1999-05-21,1141.0979651965247
1999-05-24,1121.5021417404064
1999-05-25,1104.7606940615597
1999-05-26,1115.0351764509055
1999-05-27,1102.3531077193795
1999-05-28,1121.3906262352828
1999-06-01,1114.6497640905536
1999-06-02,1116.9486745756903
1999-06-03,1123.1883117728682
1999-06-04,1147.3410149862154
1999-06-07,1147.133302238157
1999-06-08,1136.4500614565538
1999-06-09,1138.1946563269978
1999-06-10,1124.3772960679983
1999-06-11,1115.981380254813
1999-06-14,1112.6748599334726
1999-06-15,1116.12645478036
1999-06-16,1138.8490246579775
1999-06-17,1145.8903734883788
1999-06-18,1148.5515607397303
1999-06-21,1156.521835090148
1999-06-22,1149.6023783708927
1999-06-23,1145.4860924724615
1999-06-24,1136.5969475791721
1999-06-25,1136.6387315154045
1999-06-28,1151.3171264667426
1999-06-29,1169.690663585146
1999-06-30,1188.8345384814904
1999-07-01,1194.1770098001941
1999-07-02,1201.5059811422134
1999-07-06,1200.2099412569603
1999-07-07,1204.5923926680093
1999-07-08,1205.1770703955574
1999-07-09,1211.1511255549242
1999-07-12,1209.1122457498282
1999-07-13,1206.2651123509381
1999-07-14,1210.47931342403
1999-07-15,1219.5430603778316
1999-07-16,1224.4153523737411
1999-07-19,1219.8254910277722
1999-07-20,1199.8041660125218
1999-07-21,1203.4490734218064
1999-07-22,1188.217761439947
1999-07-23,1188.1485254522925
1999-07-26,1181.8676900574394
1999-07-27,1189.2385172935299
1999-07-28,1188.9018958195584
1999-07-29,1171.9639136194069
1999-07-30,1167.2426856976745
1999-08-02,1167.9317087657275
1999-08-03,1161.2954011636614
1999-08-04,1143.8041486156721
1999-08-05,1149.1815904117211
1999-08-06,1143.238346810302
1999-08-09,1131.2915339940262
1999-08-10,1121.87780709423
1999-08-11,1136.1641612421297
1999-08-12,1134.5772787651338
1999-08-13,1157.0618855064515
1999-08-16,1161.922793087035
1999-08-17,1172.0787908295079
1999-08-18,1161.6225530490594
1999-08-19,1150.5074207172045
1999-08-20,1153.3401923404856
1999-08-23,1169.9592712964009
1999-08-24,1169.6499504221151
1999-08-25,1184.9277817038965
1999-08-26,1175.7099670019882
1999-08-27,1164.3058403256596
1999-08-30,1146.145940868097
1999-08-31,1137.2213073453431
1999-09-01,1146.9005792613148
1999-09-02,1138.6373935233514
1999-09-03,1166.3127701981352
1999-09-07,1166.8692801202328
1999-09-08,1163.0980186007298
1999-09-09,1168.0519217949577
1999-09-10,1173.6747538127547
1999-09-13,1172.8941622920377
1999-09-14,1170.4820785170316
1999-09-15,1157.1499400134953
1999-09-16,1156.383276524392
1999-09-17,1170.2414598644566
1999-09-20,1169.5657112345611
1999-09-21,1153.3288316940902
1999-09-22,1159.695112508663
1999-09-23,1134.106014894528
1999-09-24,1133.7281390226187
1999-09-27,1143.354797910931
1999-09-28,1144.4123979177873
1999-09-29,1137.2456733184933
1999-09-30,1150.068496608268
1999-10-01,1146.0699201228292
1999-10-04,1167.0746707022138
1999-10-05,1164.8450046568655
1999-10-06,1183.72840666971
1999-10-07,1180.6533635882663
1999-10-08,1197.5130378303393
1999-10-11,1200.492799291858
1999-10-12,1178.142538726751
1999-10-13,1155.2599710511925
1999-10-14,1155.1982458699301
1999-10-15,1128.3126261729585
1999-10-18,1127.240582421213
1999-10-19,1128.5869552506947
1999-10-20,1150.7495065752223
1999-10-21,1145.906487032256
1999-10-22,1155.5772610538477
1999-10-25,1151.8448903906449
1999-10-26,1141.7205335134229
1999-10-27,1144.9824769509482
1999-10-28,1181.8084945649318
1999-10-29,1204.081249673227
1999-11-01,1196.0803118945557
1999-11-02,1191.1573439999902
1999-11-03,1197.9454478745408
1999-11-04,1203.752614339967
1999-11-05,1216.4708972481628
1999-11-08,1223.1624250652978
1999-11-09,1213.9592243553943
1999-11-10,1222.6644021903473
1999-11-11,1231.7661186556888
1999-11-12,1243.0173838588105
1999-11-15,1243.9493181626237
1999-11-16,1264.0466886101542
1999-11-17,1261.507930976138
1999-11-18,1276.3769444845495
1999-11-19,1272.7656278418103
1999-11-22,1273.0579147841897
1999-11-23,1259.1216042651665
1999-11-24,1273.0947956846258
1999-11-26,1281.1774640694869
1999-11-29,1279.6213128518045
1999-11-30,1256.1204116318077
1999-12-01,1266.1077757023743
1999-12-02,1277.4200765226142
1999-12-03,1296.137742394783
1999-12-06,1295.9884009123589
1999-12-07,1292.667435409936
1999-12-08,1299.5612026317963
1999-12-09,1305.4786566698035
1999-12-10,1301.1806948018163
1999-12-13,1304.7160899118758
1999-12-14,1296.7874889327243
1999-12-15,1302.8980400692278
1999-12-16,1311.3717273819534
1999-12-17,1317.3887895587109
1999-12-20,1313.886422901472
1999-12-21,1330.5439118738723
1999-12-22,1329.5401322170997
1999-12-23,1348.7670878623253
1999-12-27,1336.1544516523604
1999-12-28,1343.8716937486445
1999-12-29,1349.0998878910616
1999-12-30,1342.464437610816
1999-12-31,1353.4079576048757
