date,equity
1950-01-03,0.9943265556631345
1950-01-04,1.0030411560618204
1950-01-05,1.007515964251865
1950-01-06,1.0092094602933557
1950-01-07,1.013727678963291
1950-01-09,1.0157379732828975
1950-01-10,1.013468844669829
1950-01-11,1.017689935668723
1950-01-12,1.00187192106917
1950-01-13,0.9967501330202538
1950-01-14,0.9992824037630196
1950-01-16,0.9994775441539909
1950-01-17,1.006260787160754
1950-01-18,1.0068557501981472
1950-01-19,1.008569097009045
1950-01-20,1.0123867325645286
1950-01-21,1.0126519951456208
1950-01-23,1.0119134674175236
1950-01-24,1.0101473630068014
1950-01-25,1.0048129920377125
1950-01-26,1.0072109320700124
1950-01-27,1.0111623190489638
1950-01-28,1.0127267322532802
1950-01-30,1.0171375458268812
1950-01-31,1.019771730948843
1950-02-01,1.0207504411215478
1950-02-02,1.0283848818173762
1950-02-03,1.0319018058030074
1950-02-04,1.0331267255053669
1950-02-06,1.0304871004071503
1950-02-07,1.0268803104717803
1950-02-08,1.0299526653007318
1950-02-09,1.0328817076375723
1950-02-10,1.032396383716893
1950-02-11,1.0313035591492432
1950-02-14,1.027443050103058
1950-02-15,1.0273279360808472
1950-02-16,1.0265778965347014
1950-02-17,1.0305019503933674
1950-02-18,1.0338484824861944
1950-02-20,1.0349366665730686
1950-02-21,1.0342427851683382
1950-02-23,1.0358027741427027
1950-02-24,1.0391730185393866
1950-02-25,1.0387101542657806
1950-02-27,1.0400164205742075
1950-02-28,1.0376421336193504
1950-03-01,1.0398104394923675
1950-03-02,1.0403838612609322
1950-03-03,1.0438183494504627
1950-03-04,1.0461156106338108
1950-03-06,1.0462336443094928
1950-03-07,1.04040749212114
1950-03-08,1.040049031664636
1950-03-09,1.0369548604007275
1950-03-10,1.0353325680081862
1950-03-11,1.0380036891612319
1950-03-13,1.0380563258297562
1950-03-14,1.0412803141950675
1950-03-15,1.048889098687997
1950-03-16,1.0532846997169594
1950-03-17,1.052719724346592
1950-03-18,1.053383230489321
1950-03-20,1.053590552684883
1950-03-21,1.0546835731326416
1950-03-22,1.0612160623352715
1950-03-23,1.0641408930314007
1950-03-24,1.0625885819629293
1950-03-25,1.0657357930488178
1950-03-27,1.0592689405525968
1950-03-28,1.063088444356668
1950-03-29,1.0602144857437454
1950-03-30,1.0533436125155986
1950-03-31,1.0524454729749582
1950-04-01,1.0543889546135148
1950-04-03,1.0611500605502369
1950-04-04,1.0589087637684393
1950-04-05,1.0621380421797488
1950-04-06,1.0695536390774845
1950-04-08,1.0717112324672877
1950-04-10,1.0719490376088876
1950-04-11,1.0666755733004734
1950-04-12,1.074547422477899
1950-04-13,1.0765878697732238
1950-04-14,1.074554467083605
1950-04-15,1.071024435063278
1950-04-17,1.0701581744993065
1950-04-18,1.0729764187091388
1950-04-19,1.073795828089867
1950-04-20,1.0685922129933234
1950-04-21,1.0704126081671976
1950-04-22,1.0694664878723603
1950-04-24,1.0583807928617073
1950-04-25,1.0610602610434807
1950-04-26,1.057404710879311
1950-04-27,1.0630125602428673
1950-04-28,1.068675876786636
1950-04-29,1.074063478994997
1950-05-01,1.0786138116471296
1950-05-02,1.0726537673328926
1950-05-03,1.0802487491426436
1950-05-04,1.0731371641615648
1950-05-05,1.076365662225534
1950-05-06,1.0821546660793697
1950-05-08,1.0800285988334681
1950-05-09,1.0832985559996524
1950-05-10,1.0838091630306113
1950-05-11,1.087261591043266
1950-05-12,1.084084188524839
1950-05-13,1.085044274418546
1950-05-15,1.0866080959958084
1950-05-16,1.091058442859097
1950-05-17,1.094767775223022
1950-05-18,1.099833998286367
1950-05-19,1.1050743921562778
1950-05-20,1.1061155474797688
1950-05-22,1.1021049827300342
1950-05-23,1.1067691767139256
1950-05-24,1.1064555368719482
1950-05-25,1.105363068733107
1950-05-26,1.1057769784449631
1950-05-27,1.1049765101776075
1950-05-29,1.1072659078297862
1950-05-31,1.110127014709556
1950-06-01,1.109095031095963
1950-06-02,1.1090062037328698
1950-06-05,1.0979826829747206
1950-06-06,1.1096913007178897
1950-06-07,1.1139167252939277
1950-06-08,1.1211668909674837
1950-06-09,1.1287831372141892
1950-06-12,1.1368218918164783
1950-06-13,1.1301786025678433
1950-06-14,1.115749998095886
1950-06-15,1.1146576480757864
1950-06-16,1.1142774148293806
1950-06-19,1.1099170731393195
1950-06-20,1.1056010771425588
1950-06-21,1.1128498902381438
1950-06-22,1.1187768670894553
1950-06-23,1.1199363486680207
1950-06-26,1.066409366063188
1950-06-27,1.052840777338341
1950-06-28,1.0632519854987843
1950-06-29,1.0255719937347267
1950-06-30,1.0378819160009907
1950-07-03,1.0319305842091029
1950-07-05,1.0378590351686516
1950-07-06,1.0425241546012516
1950-07-07,1.0303145854312672
1950-07-10,1.0234537036276605
1950-07-11,1.006531869293476
1950-07-12,0.9828960886427105
1950-07-13,0.97350373798843
1950-07-14,0.9876048747005378
1950-07-17,0.9791840309516813
1950-07-18,1.000568557784292
1950-07-19,1.0166799099262593
1950-07-20,1.0296357051288767
1950-07-21,1.0273589763071505
1950-07-24,1.021581562106632
1950-07-25,1.0081143100425989
1950-07-26,1.0109681141525115
1950-07-27,1.0227636505441082
1950-07-28,1.030322362978376
1950-07-31,1.0336898199498783
1950-08-01,1.040970326928731
1950-08-02,1.041369856344751
1950-08-03,1.044714461631099
1950-08-04,1.0499523966176387
1950-08-07,1.0649977031263538
1950-08-08,1.0769773271436425
1950-08-09,1.0851665956299719
1950-08-10,1.0872532222458489
1950-08-11,1.0758827256660046
1950-08-14,1.0756710872543849
1950-08-15,1.0771053875813883
1950-08-16,1.0787517040489119
1950-08-17,1.0906476896018464
1950-08-18,1.0967050781185124
1950-08-21,1.0998294042235661
1950-08-22,1.0979798392345475
1950-08-23,1.1042302429083297
1950-08-24,1.1032142631876982
1950-08-25,1.0909627070433152
1950-08-28,1.0916423360864547
1950-08-29,1.094989755064338
1950-08-30,1.0938296305317607
1950-08-31,1.0935041264008156
1950-09-01,1.098577032868052
1950-09-05,1.102887887208737
1950-09-06,1.0974158661150046
1950-09-07,1.099813782830935
1950-09-08,1.1052439891666475
1950-09-11,1.0981145348821197
1950-09-12,1.1066034726822294
1950-09-13,1.1191116089086193
1950-09-14,1.1237894227328893
1950-09-15,1.1289080340282045
1950-09-18,1.1308770992463928
1950-09-19,1.1280638715491085
1950-09-20,1.1226973968071055
1950-09-21,1.1322029249825156
1950-09-22,1.1380427842195266
1950-09-25,1.1352562100338452
1950-09-26,1.1215386658293443
1950-09-27,1.1403053493294877
1950-09-28,1.1412271253825303
1950-09-29,1.1421804178262063
1950-10-02,1.1552460446393593
1950-10-03,1.1516277788275668
1950-10-04,1.1703699124306284
1950-10-05,1.1677093146061466
1950-10-06,1.1780145544004514
1950-10-07,1.180580420043233
1950-10-09,1.170403361913782
1950-10-10,1.1540176670564561
1950-10-11,1.1548190604853545
1950-10-13,1.1553783418958337
1950-10-14,1.1397999744332932
1950-10-16,1.138045330156798
1950-10-17,1.1498391326910486
1950-10-18,1.1553684703983367
1950-10-19,1.153210652042065
1950-10-20,1.1510612478288267
1950-10-21,1.1532861727463717
1950-10-23,1.1512244649759438
1950-10-24,1.155633234819437
1950-10-25,1.1532139070879788
1950-10-26,1.1289499515468158
1950-10-27,1.1361253611091044
1950-10-28,1.1382953695287432
1950-10-30,1.1279727353254603
1950-10-31,1.120443597112033
1950-11-01,1.1250124612468861
1950-11-02,1.1340896915989582
1950-11-03,1.1391097771539562
1950-11-04,1.1369222696876613
1950-11-06,1.112071563951456
1950-11-08,1.1316929714012915
1950-11-09,1.1468992342469035
1950-11-10,1.153505738101864
1950-11-13,1.1582467691959064
1950-11-14,1.1606581317995184
1950-11-15,1.1571024833547694
1950-11-16,1.1538158291670435
1950-11-17,1.163927902499863
1950-11-18,1.1704913174414306
1950-11-20,1.1711876085125534
1950-11-21,1.1718294975573245
1950-11-22,1.1858077276654544
1950-11-24,1.1947015805247831
1950-11-25,1.1936451368976286
1950-11-27,1.1905560357940166
1950-11-28,1.1537068498912346
1950-11-29,1.142136992496242
1950-11-30,1.1537523022745675
1950-12-01,1.1636842118600208
1950-12-02,1.155911303973833
1950-12-04,1.1251908838037932
1950-12-05,1.1418606015408694
1950-12-06,1.1509571640579648
1950-12-07,1.1499180118679504
1950-12-08,1.152989068219464
1950-12-09,1.1587344675802316
1950-12-11,1.170315663904998
1950-12-12,1.170614705477718
1950-12-13,1.1720209732938403
1950-12-14,1.1594917074671491
1950-12-15,1.1563329612320803
1950-12-16,1.17758168691951
1950-12-18,1.1901156946647333
1950-12-19,1.1992522239063461
1950-12-20,1.202418146620947
1950-12-21,1.2004978123255479
1950-12-22,1.2055515893798696
1950-12-26,1.1946125248912107
1950-12-27,1.2199258590330575
1950-12-28,1.2276358679576351
1950-12-29,1.2278807078729568
1950-12-30,1.2286217133364323
1951-01-02,1.2483903188185648
1951-01-03,1.2446448949719369
1951-01-04,1.2536712761844722
1951-01-05,1.2522447294035712
1951-01-06,1.2494142532366244
1951-01-08,1.2514674351844781
1951-01-09,1.2568394462935186
1951-01-10,1.239597194836215
1951-01-11,1.259014883799169
1951-01-12,1.2554414953416504
1951-01-13,1.256276723126912
1951-01-15,1.2655863902716986
1951-01-16,1.2746532723543547
1951-01-17,1.2850629860030025
1951-01-18,1.2815313265755879
1951-01-19,1.2805260444513276
1951-01-20,1.2809537534833682
1951-01-22,1.2634776887133043
1951-01-23,1.2667087023282062
1951-01-24,1.2626901293217547
1951-01-25,1.2518223893557863
1951-01-26,1.2648789046704534
1951-01-27,1.2809431652917114
1951-01-29,1.2914109035656947
1951-01-30,1.2955086444691841
1951-01-31,1.2904807853148101
1951-02-01,1.2980566062312593
1951-02-02,1.3095630948297114
1951-02-03,1.313679539079151
1951-02-05,1.3186963547343091
1951-02-06,1.313854608881647
1951-02-07,1.3098366568839979
1951-02-08,1.31676311486297
1951-02-09,1.3238291131103186
1951-02-10,1.3253488377248384
1951-02-13,1.3270206558841577
1951-02-14,1.3229838862896233
1951-02-15,1.3193795463471198
1951-02-16,1.3251857703311896
1951-02-17,1.3262434002229517
1951-02-19,1.3095735443108882
1951-02-20,1.306152952627221
1951-02-21,1.3121526894169455
1951-02-23,1.3149685692928172
1951-02-24,1.3172356156329996
1951-02-26,1.315145925993218
1951-02-27,1.3033387956138835
1951-02-28,1.306539509930789
1951-03-01,1.3111845708713272
1951-03-02,1.3150228565299151
1951-03-03,1.3141727211122338
1951-03-05,1.3053416984656714
1951-03-06,1.3026479602448557
1951-03-07,1.3064972927351208
1951-03-08,1.3101771111158969
1951-03-09,1.3123004176415445
1951-03-10,1.3092037123795446
1951-03-12,1.2966539172858718
1951-03-13,1.2761675390853926
1951-03-14,1.26454171358324
1951-03-15,1.2661643946280363
1951-03-16,1.286687137450577
1951-03-17,1.289059096595928
1951-03-19,1.2824665931908863
1951-03-20,1.2805205851657517
1951-03-21,1.2882880828154313
1951-03-22,1.2931089277844698
1951-03-24,1.2775342543808226
1951-03-26,1.2799832927096855
1951-03-27,1.2803964462336899
1951-03-28,1.265913201348733
1951-03-29,1.270181450408133
1951-03-30,1.2802845650619108
1951-03-31,1.2757006249486935
1951-04-02,1.272063187522756
1951-04-03,1.2676669513959995
1951-04-04,1.2721793694728598
1951-04-05,1.2903090320464885
1951-04-06,1.2968628770221509
1951-04-07,1.2954268778360725
1951-04-09,1.2967053949769352
1951-04-10,1.295739540219185
1951-04-11,1.293102476213945
1951-04-12,1.304921591183193
1951-04-13,1.3237750937396506
1951-04-14,1.3297039205655043
1951-04-16,1.3213502014990832
1951-04-17,1.3230288768484535
1951-04-18,1.3298239757310868
1951-04-19,1.3237322453703442
1951-04-20,1.322459452024836
1951-04-21,1.322324387710503
1951-04-23,1.3226573670090016
1951-04-24,1.3175210933122201
1951-04-25,1.3188041736169809
1951-04-26,1.3334083963830652
1951-04-27,1.3498832218123515
1951-04-28,1.3542094796591968
1951-04-30,1.3544091397973839
1951-05-01,1.365921782030762
1951-05-02,1.3742929011304468
1951-05-03,1.3855538605636255
1951-05-04,1.3802357698871244
1951-05-05,1.3752081756136394
1951-05-07,1.3708624272953414
1951-05-08,1.3805007256858344
1951-05-09,1.3861276244021807
1951-05-10,1.3790407731351013
1951-05-11,1.3742107718814935
1951-05-12,1.3647928439485097
1951-05-14,1.3624894809019343
1951-05-15,1.3387244236536098
1951-05-16,1.3330051237320395
1951-05-17,1.346319653795113
1951-05-18,1.3242453658776476
1951-05-19,1.323669661077841
1951-05-21,1.316747351691864
1951-05-22,1.3134115352344586
1951-05-23,1.3034138753076057
1951-05-24,1.2959857387265687
1951-05-25,1.2985744986638403
1951-05-26,1.3002143698886575
1951-05-28,1.30640317601183
1951-05-29,1.3172100901198198
1951-05-31,1.3258922762804115
1951-06-01,1.3238199254240675
1951-06-04,1.3116264831247868
1951-06-05,1.3156120503886135
1951-06-06,1.3248736906464527
1951-06-07,1.3382410448219375
1951-06-08,1.3356597589109314
1951-06-11,1.3478290222658753
1951-06-12,1.3466696394921012
1951-06-13,1.3475914218751888
1951-06-14,1.3616757579164058
1951-06-15,1.368168946583668
1951-06-18,1.3667905577473771
1951-06-19,1.3653507862884964
1951-06-20,1.3603484079485773
1951-06-21,1.350666753222623
1951-06-22,1.3373083287840117
1951-06-25,1.3157761361461482
1951-06-26,1.3217760085462313
1951-06-27,1.3319072685977829
1951-06-28,1.3148551555722805
1951-06-29,1.3042622602583382
1951-07-02,1.3065854907624892
1951-07-03,1.3071577816914526
1951-07-05,1.3235807048753965
1951-07-06,1.3213421095930165
1951-07-09,1.3236695158689162
1951-07-10,1.322683513209227
1951-07-11,1.331421963072201
1951-07-12,1.3376911670995688
1951-07-13,1.3452447574133315
1951-07-16,1.3389998669298653
1951-07-17,1.3454478019664742
1951-07-18,1.3423810326227676
1951-07-19,1.346724080215322
1951-07-20,1.3560705763543563
1951-07-23,1.3693521001286955
1951-07-24,1.3824154466015135
1951-07-25,1.3802064139061334
1951-07-26,1.3880968372125952
1951-07-27,1.3946858351136127
1951-07-30,1.41006603532897
1951-07-31,1.405046179302863
1951-08-01,1.412397322961642
1951-08-02,1.421791527876386
1951-08-03,1.417361939689565
1951-08-06,1.423598344995747
1951-08-07,1.4206550196334777
1951-08-08,1.4168433537630427
1951-08-09,1.412580578244939
1951-08-10,1.4097237222876484
1951-08-13,1.4134267824170421
1951-08-14,1.412552350615345
1951-08-15,1.417923030652603
1951-08-16,1.4246075597077652
1951-08-17,1.4275106671351183
1951-08-20,1.4274169731240582
1951-08-21,1.420728972078323
1951-08-22,1.4122138044790038
1951-08-23,1.4164284540392553
1951-08-24,1.4156892370138303
1951-08-27,1.4135738305214238
1951-08-28,1.4109929538908166
1951-08-29,1.4199842173557122
1951-08-30,1.4269829356142727
1951-08-31,1.4282285450911771
1951-09-04,1.4297339996426908
1951-09-05,1.4390310235306238
1951-09-06,1.4438846110228376
1951-09-07,1.4485029252544939
1951-09-10,1.4530592358068157
1951-09-11,1.4443980456282322
1951-09-12,1.4515872016150755
1951-09-13,1.4538475871888108
1951-09-14,1.454624887186671
1951-09-17,1.4482364387587991
1951-09-18,1.449412654311595
1951-09-19,1.448561954385946
1951-09-20,1.4423939059102964
1951-09-21,1.4301945149174564
1951-09-24,1.4225493744886737
1951-09-25,1.4278275131595006
1951-09-26,1.4290683767014858
1951-09-27,1.4227972824709358
1951-09-28,1.422982721725927
1951-10-01,1.4304816395308535
1951-10-02,1.437216786908117
1951-10-03,1.443802763509983
1951-10-04,1.4435477502042746
1951-10-05,1.4453452444333494
1951-10-06,1.4456679486283022
1951-10-08,1.446371055113251
1951-10-09,1.4418136055567263
1951-10-10,1.4400613511804443
1951-10-11,1.443897470272718
1951-10-13,1.4469818420417302
1951-10-15,1.44784470833645
1951-10-16,1.443970428250617
1951-10-17,1.4419244651346061
1951-10-18,1.4392073937936358
1951-10-19,1.422535230750422
1951-10-20,1.4120259233054886
1951-10-22,1.3884141718933354
1951-10-23,1.397359929126976
1951-10-24,1.4086238054012914
1951-10-25,1.401130811141035
1951-10-26,1.3986647915398802
1951-10-27,1.3943760559342853
1951-10-29,1.402190011091347
1951-10-30,1.4025104225753953
1951-10-31,1.4148179711392395
1951-11-01,1.4247603942152889
1951-11-02,1.4175693560744562
1951-11-03,1.4063990532466446
1951-11-05,1.4089638260820185
1951-11-07,1.3975240444529473
1951-11-08,1.4000588611232354
1951-11-09,1.4101351821683614
1951-11-10,1.4144268172572472
1951-11-13,1.4134001184618166
1951-11-14,1.4167821818422646
1951-11-15,1.4147205218574668
1951-11-16,1.4152501719044481
1951-11-17,1.4155610799822749
1951-11-19,1.4120816071576563
1951-11-20,1.410750477856627
1951-11-21,1.4122955887024153
1951-11-23,1.399923290878713
1951-11-24,1.3948127064259552
1951-11-26,1.4032548912366416
1951-11-27,1.4093718237843293
1951-11-28,1.409223584168501
1951-11-29,1.4130308004582863
1951-11-30,1.4229233986089667
1951-12-01,1.425376168041366
1951-12-03,1.4298553906397398
1951-12-04,1.4352411073844027
1951-12-05,1.4381903856023306
1951-12-06,1.4492921532694982
1951-12-07,1.458066238515546
1951-12-08,1.4616077088690884
1951-12-10,1.4628684975453725
1951-12-11,1.456859519204326
1951-12-12,1.4602062473636748
1951-12-13,1.46235717012151
1951-12-14,1.4647312117604525
1951-12-15,1.4655485573485276
1951-12-17,1.4672818880636074
1951-12-18,1.466551818839136
1951-12-19,1.468947695754768
1951-12-20,1.4717052097853738
1951-12-21,1.4685828487021595
1951-12-22,1.4684694030882959
1951-12-24,1.468251815298169
1951-12-26,1.4612789343454244
1951-12-27,1.470471697255181
1951-12-28,1.4770550654615808
1951-12-29,1.4785842160287446
1951-12-31,1.4847945765023398
1952-01-02,1.487013720396594
1952-01-03,1.4889791307752507
1952-01-04,1.4941713820890297
1952-01-05,1.4950821518072883
1952-01-07,1.4956275714038445
1952-01-08,1.4912161046645125
1952-01-09,1.4907629914756393
1952-01-10,1.500962717168744
1952-01-11,1.5056346138110686
1952-01-12,1.5073731372779149
1952-01-14,1.5102905345650468
1952-01-15,1.5050608223539963
1952-01-16,1.5086941577308692
1952-01-17,1.5139066674852237
1952-01-18,1.5144246775215018
1952-01-19,1.5180460490974135
1952-01-21,1.5219630664625217
1952-01-22,1.5280854718554777
1952-01-23,1.524259424245524
1952-01-24,1.5272621711333723
1952-01-25,1.5300024949592437
1952-01-26,1.5314955574049065
1952-01-28,1.5338607395525887
1952-01-29,1.5337871847256541
1952-01-30,1.5201321483733292
1952-01-31,1.5122716042508444
1952-02-01,1.5218984956358872
1952-02-02,1.5259463387738086
1952-02-04,1.5148430689207886
1952-02-05,1.5133834838883133
1952-02-06,1.5180583077960461
1952-02-07,1.5180090932426324
1952-02-08,1.5254018445862867
1952-02-09,1.5262743443423654
1952-02-11,1.5261842914008816
1952-02-13,1.5208193206891665
1952-02-14,1.5169133604016345
1952-02-15,1.519743798541593
1952-02-16,1.5197105571927727
1952-02-18,1.5147490281563423
1952-02-19,1.4978239702156213
1952-02-20,1.4824756610049636
1952-02-21,1.4862298528915812
1952-02-23,1.4942263013254304
1952-02-25,1.4946747518910648
1952-02-26,1.4940053078905122
1952-02-27,1.4940832053272657
1952-02-28,1.4941611068255913
1952-02-29,1.4936776661108322
1952-03-01,1.4953938939294988
1952-03-03,1.4991249462434895
1952-03-04,1.5124110964798114
1952-03-05,1.516436262572686
1952-03-06,1.5174079926153559
1952-03-07,1.521757027771393
1952-03-08,1.5261442711600555
1952-03-10,1.5215442730914508
1952-03-11,1.5280860090579411
1952-03-12,1.529473502093094
1952-03-13,1.5294098149856843
1952-03-14,1.5331492439581074
1952-03-15,1.5345810195287248
1952-03-17,1.5351196139393046
1952-03-18,1.5316020846339313
1952-03-19,1.5285817274330964
1952-03-20,1.532825379423416
1952-03-21,1.5360837207040554
1952-03-22,1.5348474550011966
1952-03-24,1.5333018761825872
1952-03-25,1.5285411900540664
1952-03-26,1.5277419181436152
1952-03-27,1.5331942104963225
1952-03-28,1.5387086293616115
1952-03-29,1.5420953388568432
1952-03-31,1.5430428702120569
1952-04-01,1.5330315291454002
1952-04-02,1.5318944437852757
1952-04-03,1.5337785865546925
1952-04-04,1.5267308286684267
1952-04-05,1.5246608575882334
1952-04-07,1.5118221759339867
1952-04-08,1.5184806225276841
1952-04-09,1.5176189595675695
1952-04-10,1.5236351812307778
1952-04-12,1.5248827985091677
1952-04-14,1.5138675801165888
1952-04-15,1.5005183457242526
1952-04-16,1.4985222860515834
1952-04-17,1.4878717196976394
1952-04-18,1.4921897917094924
1952-04-19,1.4934917157437813
1952-04-21,1.5038188382314954
1952-04-22,1.4979105123437628
1952-04-23,1.4923256693582023
1952-04-24,1.4875695972607477
1952-04-25,1.496552569467648
1952-04-26,1.5008865724587062
1952-04-28,1.4998459928335532
1952-04-29,1.4956011238923221
1952-04-30,1.486611156092056
1952-05-01,1.4766669954365719
1952-05-02,1.4954665864397354
1952-05-03,1.498150764619473
1952-05-05,1.5022959939086364
1952-05-06,1.505683393744148
1952-05-07,1.514443817409334
1952-05-08,1.5201275587505618
1952-05-09,1.521204858474614
1952-05-10,1.5206927362447658
1952-05-12,1.5201526704158173
1952-05-13,1.5211605472607186
1952-05-14,1.5173704975666393
1952-05-15,1.5118550171144471
1952-05-16,1.5141350107000644
1952-05-17,1.5140072360460992
1952-05-19,1.5148739895605872
1952-05-20,1.5210854788627965
1952-05-21,1.5246537301739755
1952-05-22,1.5309009897728292
1952-05-23,1.5311612981517897
1952-05-24,1.5317619145859656
1952-05-26,1.5360024506391803
1952-05-27,1.53462908279569
1952-05-28,1.532234274924922
1952-05-29,1.5322478386501588
1952-06-02,1.532002648753054
1952-06-03,1.5316301055642922
1952-06-04,1.537524761954488
1952-06-05,1.5436189037547325
1952-06-06,1.5484296532714161
1952-06-09,1.5520287948465352
1952-06-10,1.5489233997686027
1952-06-11,1.5514240457837687
1952-06-12,1.5511037680047979
1952-06-13,1.5534755985263877
1952-06-16,1.551704626627611
1952-06-17,1.5520585791325567
1952-06-18,1.554573416397286
1952-06-19,1.5593531455053824
1952-06-20,1.5608580595622565
1952-06-23,1.5609237719449367
1952-06-24,1.560944227011247
1952-06-25,1.5642231727743414
1952-06-26,1.5665885060358393
1952-06-27,1.571040363770042
1952-06-30,1.5749428448519331
1952-07-01,1.5800075485359657
1952-07-02,1.5778202695035042
1952-07-03,1.5785337023357051
1952-07-07,1.5757451347485074
1952-07-08,1.5757518972231512
1952-07-09,1.571813579437197
1952-07-10,1.570228897298025
1952-07-11,1.5760107233651346
1952-07-14,1.578542041245728
1952-07-15,1.584872205143539
1952-07-16,1.5840579039591232
1952-07-17,1.5788599046364358
1952-07-18,1.5714165782001366
1952-07-21,1.572786408004714
1952-07-22,1.5752112537188427
1952-07-23,1.5810761368217925
1952-07-24,1.5871191449907909
1952-07-25,1.5846004976517933
1952-07-28,1.5853862776418381
1952-07-29,1.589614723039297
1952-07-30,1.5929661598361902
1952-07-31,1.5959881977152568
1952-08-01,1.5974025956182807
1952-08-04,1.5964763371191397
1952-08-05,1.5983527996197842
1952-08-06,1.603581214455004
1952-08-07,1.6069894316988256
1952-08-08,1.6086365026267266
1952-08-11,1.6105271580230973
1952-08-12,1.6025095841731982
1952-08-13,1.6042511115278169
1952-08-14,1.6039059940062366
1952-08-15,1.602430807431877
1952-08-18,1.5859972964104243
1952-08-19,1.5844146655211824
1952-08-20,1.588516656203616
1952-08-21,1.590704606837356
1952-08-22,1.5920396386787001
1952-08-25,1.5884064574348207
1952-08-26,1.5881373241349246
1952-08-27,1.5928119062989579
1952-08-28,1.5947792044187996
1952-08-29,1.5991489109521257
1952-09-02,1.6035790153397875
1952-09-03,1.6085426588963487
1952-09-04,1.6089562408020937
1952-09-05,1.6077583830737288
1952-09-08,1.60321893226583
1952-09-09,1.5899059046823458
1952-09-10,1.58275477180421
1952-09-11,1.5860839512716025
1952-09-12,1.5847545288574771
1952-09-15,1.5780872638000532
1952-09-16,1.577695094048914
1952-09-17,1.5778152039764242
1952-09-18,1.577935323047903
1952-09-19,1.5780554512640468
1952-09-22,1.5806734991110478
1952-09-23,1.5873955292945896
1952-09-24,1.5920923556309567
1952-09-25,1.5927138106029697
1952-09-26,1.5908263222703927
1952-09-29,1.5910830707497703
1952-09-30,1.5818891740883223
1952-10-01,1.5796630582517492
1952-10-02,1.581486150442355
1952-10-03,1.579442694951673
1952-10-06,1.5756345486648067
1952-10-07,1.5759419421632117
1952-10-08,1.5813011381230704
1952-10-09,1.5806250584533812
1952-10-10,1.5806852593999043
1952-10-14,1.5763559736248207
1952-10-15,1.55339054785212
1952-10-16,1.5439529574529232
1952-10-17,1.5432791118527767
1952-10-20,1.5433772489714992
1952-10-21,1.5434753923307611
1952-10-22,1.5435735419309593
1952-10-23,1.5436716977724905
1952-10-24,1.5437698598557517
1952-10-27,1.5438680281811397
1952-10-28,1.5439662027490515
1952-10-29,1.5463201589998465
1952-10-30,1.548154640475157
1952-10-31,1.5630573242984334
1952-11-03,1.568990403831178
1952-11-05,1.5773019950338547
1952-11-06,1.5822878318580844
1952-11-07,1.590130687774898
1952-11-10,1.5921787603536428
1952-11-12,1.5935208249031665
1952-11-13,1.595571392858759
1952-11-14,1.5997792426124748
1952-11-17,1.6041085303859963
1952-11-18,1.6227365610523583
1952-11-19,1.628797183396461
1952-11-20,1.6266141767179108
1952-11-21,1.6280110965155359
1952-11-24,1.6371251788357655
1952-11-25,1.6380320361097342
1952-11-26,1.6473148127388908
1952-11-28,1.6553816806695298
1952-12-01,1.6610067782154132
1952-12-02,1.6620283476357816
1952-12-03,1.661671153534297
1952-12-04,1.6580413708833097
1952-12-05,1.6603062496156347
1952-12-08,1.6654437566837843
1952-12-09,1.6709070964752708
1952-12-10,1.672833580103549
1952-12-11,1.6731445216171672
1952-12-12,1.676705390549523
1952-12-15,1.678554377237322
1952-12-16,1.6793673168225065
1952-12-17,1.6761992663331668
1952-12-18,1.6739848196418277
1952-12-19,1.677965278337108
1952-12-22,1.680381070000808
1952-12-23,1.6756886499046648
1952-12-24,1.6765707048008827
1952-12-26,1.6795479975873806
1952-12-29,1.6857739838584447
1952-12-30,1.6940959105020026
1952-12-31,1.696912424578477
1953-01-02,1.6974947320264198
1953-01-05,1.7037835115073092
1953-01-06,1.696667422946977
1953-01-07,1.6947241762303034
1953-01-08,1.6941193667713672
1953-01-09,1.683066926250491
1953-01-12,1.6751625623699034
1953-01-13,1.682533992759988
1953-01-14,1.6836868973861865
1953-01-15,1.68734120508652
1953-01-16,1.6808542603376442
1953-01-19,1.6811476904208513
1953-01-20,1.6889237785923956
1953-01-21,1.6870129797765525
1953-01-22,1.689033709989313
1953-01-23,1.6856341662556877
1953-01-26,1.6819181819661646
1953-01-27,1.6840005220762346
1953-01-28,1.6866379497866868
1953-01-29,1.6917310722448133
1953-01-30,1.6964415466746232
1953-02-02,1.699586019021941
1953-02-03,1.701785009792454
1953-02-04,1.702383996075768
1953-02-05,1.6904722888383092
1953-02-06,1.678944620978045
1953-02-09,1.6737555433727096
1953-02-10,1.6701500944116847
1953-02-11,1.6707375197250314
1953-02-13,1.6761307120017144
1953-02-16,1.6743621750974558
1953-02-17,1.666101571376226
1953-02-18,1.66796271317222
1953-02-19,1.6723008228993905
1953-02-20,1.675205296057104
1953-02-24,1.6835870213311765
1953-02-25,1.6901075502289769
1953-02-26,1.6930830189189618
1953-02-27,1.6934814634656092
1953-03-02,1.6939636099283013
1953-03-03,1.6994819863308495
1953-03-04,1.687225307067149
1953-03-05,1.690036036563093
1953-03-06,1.6944334746025047
1953-03-09,1.697433330830816
1953-03-10,1.7010024049527073
1953-03-11,1.71191190613114
1953-03-12,1.712083562708135
1953-03-13,1.7166353577541498
1953-03-16,1.7211576313182946
1953-03-17,1.725496885512571
1953-03-18,1.7252456178606215
1953-03-19,1.7262798845095122
1953-03-20,1.724690542823992
1953-03-23,1.7168687312677886
1953-03-24,1.7244018281368743
1953-03-25,1.7200370453390954
1953-03-26,1.7100941469699376
1953-03-27,1.7123102572697104
1953-03-30,1.688784454897916
1953-03-31,1.6693460734349608
1953-04-01,1.6708560720532493
1953-04-02,1.6710019793892297
1953-04-06,1.640219061242463
1953-04-07,1.6426797782057503
1953-04-08,1.657143685448122
1953-04-09,1.651553007762173
1953-04-10,1.648976836896086
1953-04-13,1.6472410510016726
1953-04-14,1.652120407255963
1953-04-15,1.6600231825365133
1953-04-16,1.6557279202172095
1953-04-17,1.6429539127048294
1953-04-20,1.6428006937836142
1953-04-21,1.6430037683262422
1953-04-22,1.6334270128832202
1953-04-23,1.6173982970759655
1953-04-24,1.6169038070896145
1953-04-27,1.623351912917952
1953-04-28,1.6286358636196858
1953-04-29,1.6362891388304097
1953-04-30,1.6340988548529645
1953-05-01,1.6391757068101473
1953-05-04,1.6529532702155907
1953-05-05,1.6554180095453412
1953-05-06,1.6563155398349358
1953-05-07,1.6502712152433763
1953-05-08,1.6550042080483256
1953-05-11,1.654314719938893
1953-05-12,1.6461942586439662
1953-05-13,1.6443640404508
1953-05-14,1.6503643723676829
1953-05-15,1.6528672390187495
1953-05-18,1.6512137551657333
1953-05-19,1.6473324025365839
1953-05-20,1.6604666601779763
1953-05-21,1.6636584054675043
1953-05-22,1.6654016701511205
1953-05-25,1.6634020693993241
1953-05-26,1.6593614516168653
1953-05-27,1.6464108092840999
1953-05-28,1.635470075128121
1953-05-29,1.6367597460693246
1953-06-01,1.6151816725148476
1953-06-02,1.6164647577072626
1953-06-03,1.616789857077486
1953-06-04,1.605220203567731
1953-06-05,1.6070030495372118
1953-06-08,1.6043105364381414
1953-06-09,1.5752880622424639
1953-06-10,1.5727443847264206
1953-06-11,1.5822997586896754
1953-06-12,1.5863363529588153
1953-06-15,1.576297854709589
1953-06-16,1.5699109333271215
1953-06-17,1.5851193627544862
1953-06-18,1.5846268949774893
1953-06-19,1.584958502101563
1953-06-22,1.5905279934330578
1953-06-23,1.5979515094907264
1953-06-24,1.5963380670700458
1953-06-25,1.6042687020192778
1953-06-26,1.6026562487958151
1953-06-29,1.6010737672220707
1953-06-30,1.5993705771173776
1953-07-01,1.6049310957100014
1953-07-02,1.6103790032212657
1953-07-03,1.6151979960491563
1953-07-06,1.6180709042434473
1953-07-07,1.6230135474958163
1953-07-08,1.6257273805900272
1953-07-09,1.6230251768959
1953-07-10,1.6222807453724586
1953-07-13,1.6105527846254437
1953-07-14,1.6093545881473068
1953-07-15,1.611637754402107
1953-07-16,1.6138102106355965
1953-07-17,1.619444236034366
1953-07-20,1.6139495925586838
1953-07-21,1.610837775576177
1953-07-22,1.6122370032706859
1953-07-23,1.6154517661928214
1953-07-24,1.615446733351273
1953-07-27,1.6084961222166978
1953-07-28,1.6090399341932617
1953-07-29,1.6160239925283517
1953-07-30,1.6270571901860524
1953-07-31,1.6377976658793876
1953-08-03,1.6435296563793211
1953-08-04,1.6440949362374002
1953-08-05,1.6471774299955426
1953-08-06,1.6535439990058933
1953-08-07,1.6541574541241835
1953-08-10,1.6536600201757203
1953-08-11,1.6543190333953661
1953-08-12,1.6596766479115364
1953-08-13,1.6584544475521845
1953-08-14,1.656107530092189
1953-08-17,1.653878844442945
1953-08-18,1.6488449966372851
1953-08-19,1.6405458216366207
1953-08-20,1.6423884462431717
1953-08-21,1.6447830892183661
1953-08-24,1.6320580535802869
1953-08-25,1.623263528273437
1953-08-26,1.6206629433938573
1953-08-27,1.6136771566750274
1953-08-28,1.6110531167072257
1953-08-31,1.5887495150481479
1953-09-01,1.591881010448787
1953-09-02,1.6000812795198827
1953-09-03,1.5988746931714657
1953-09-04,1.6043641954495134
1953-09-08,1.609179255145231
1953-09-09,1.6099165213389823
1953-09-10,1.6002881657379233
1953-09-11,1.5831855757162492
1953-09-14,1.5614100625645226
1953-09-15,1.565455904057989
1953-09-16,1.575135715312614
1953-09-17,1.5771369921214489
1953-09-18,1.5715533461474742
1953-09-21,1.5696013097235202
1953-09-22,1.584789393628741
1953-09-23,1.5913195188235147
1953-09-24,1.5926050722703866
1953-09-25,1.5962316055293764
1953-09-28,1.603694599263744
1953-09-29,1.607095393825324
1953-09-30,1.6065424375007349
1953-10-01,1.6160987883383562
1953-10-02,1.6218579304401513
1953-10-05,1.6191928777790463
1953-10-06,1.6117014543734898
1953-10-07,1.6225844512263767
1953-10-08,1.6262002885173128
1953-10-09,1.629669365902888
1953-10-13,1.6287996573133372
1953-10-14,1.6346052646246416
1953-10-15,1.6486784870384366
1953-10-16,1.6525358776854198
1953-10-19,1.6544119514328794
1953-10-20,1.6584212207713787
1953-10-21,1.6574116402985055
1953-10-22,1.661098299985623
1953-10-23,1.6602711451711667
1953-10-26,1.6543914966687336
1953-10-27,1.6449096707286313
1953-10-28,1.6472215466019031
1953-10-29,1.6594523699598531
1953-10-30,1.6635276077677712
1953-11-02,1.6696743890132493
1953-11-04,1.6704144724982986
1953-11-05,1.679529488922789
1953-11-06,1.6801582321828286
1953-11-09,1.6803313902826118
1953-11-10,1.6758234921454926
1953-11-12,1.6787086748120064
1953-11-13,1.6812201334810493
1953-11-16,1.6757747898385331
1953-11-17,1.671436642234679
1953-11-18,1.673865082788341
1953-11-19,1.6792629185946282
1953-11-20,1.6818338297017408
1953-11-23,1.6826162335026937
1953-11-24,1.6904849354917457
1953-11-25,1.6945995814306285
1953-11-27,1.7047642879635623
1953-11-30,1.711206868537486
1953-12-01,1.7122315725603818
1953-12-02,1.721086905148039
1953-12-03,1.7237350687631623
1953-12-04,1.720712940842866
1953-12-07,1.7162393248058703
1953-12-08,1.7105986664839345
1953-12-09,1.7117045884706517
1953-12-10,1.7107272419318462
1953-12-11,1.7111069610890048
1953-12-14,1.709679721578015
1953-12-15,1.7098088207886561
1953-12-16,1.7191231752349427
1953-12-17,1.7181357529082095
1953-12-18,1.7208768465469653
1953-12-21,1.7206886465917741
1953-12-22,1.7077967165822678
1953-12-23,1.7074461450378746
1953-12-24,1.7129396664907341
1953-12-28,1.7066887970179996
1953-12-29,1.6956199700423022
1953-12-30,1.7044998960930238
1953-12-31,1.70707027070057
1954-01-04,1.7155424401813049
1954-01-05,1.7227932554091008
1954-01-06,1.7239891192312147
1954-01-07,1.7191863016622195
1954-01-08,1.7133237198927858
1954-01-11,1.7058929808213585
1954-01-12,1.7128133733769548
1954-01-13,1.7202448051818031
1954-01-14,1.7260139457937067
1954-01-15,1.7380586876036417
1954-01-18,1.7411344911597502
1954-01-19,1.7480485092764138
1954-01-20,1.751372996610993
1954-01-21,1.7503738013497288
1954-01-22,1.7515672336333545
1954-01-25,1.7561262293728876
1954-01-26,1.765312327446227
1954-01-27,1.7615093926200762
1954-01-28,1.7633490372735936
1954-01-29,1.7659463657399956
1954-02-01,1.763251689022779
1954-02-02,1.7618799308658701
1954-02-03,1.7713154716603157
1954-02-04,1.7807667439012245
1954-02-05,1.78542077938942
1954-02-08,1.7852091717101461
1954-02-09,1.786879829980998
1954-02-10,1.7843368650949685
1954-02-11,1.7838371215239004
1954-02-12,1.7875149903231573
1954-02-15,1.7846734165070783
1954-02-16,1.7739050668672667
1954-02-17,1.775524945562317
1954-02-18,1.7824027202868216
1954-02-19,1.7805082436081572
1954-02-23,1.7752614107562903
1954-02-24,1.7745299461164907
1954-02-25,1.78274746288904
1954-02-26,1.7992370027653966
1954-03-01,1.811430284204579
1954-03-02,1.8157559096523606
1954-03-03,1.8184211904876408
1954-03-04,1.8212292293549288
1954-03-05,1.82511512597974
1954-03-08,1.8231691740562368
1954-03-09,1.82650518973434
1954-03-10,1.83288076511459
1954-03-11,1.844037258122339
1954-03-12,1.8418232138120794
1954-03-15,1.8367277851114012
1954-03-16,1.8361857788887035
1954-03-17,1.83709337786923
1954-03-18,1.845898961520281
1954-03-19,1.8509495216152136
1954-03-22,1.849079068927889
1954-03-23,1.8405333848586392
1954-03-24,1.833284585856063
1954-03-25,1.8320995283511379
1954-03-26,1.8413265682543287
1954-03-29,1.8480715543753474
1954-03-30,1.8524443956342287
1954-03-31,1.8635985223779452
1954-04-01,1.8739338338801785
1954-04-02,1.8745239262233768
1954-04-05,1.874671216619107
1954-04-06,1.856800578090769
1954-04-07,1.8657089007689553
1954-04-08,1.8765667379044577
1954-04-09,1.8837421326476098
1954-04-12,1.8821256886750841
1954-04-13,1.8841410942444765
1954-04-14,1.89607347301419
1954-04-15,1.9031182621648393
1954-04-19,1.8947435189045625
1954-04-20,1.8952917266314422
1954-04-21,1.8949289330017833
1954-04-22,1.8994597531938484
1954-04-23,1.906454953669869
1954-04-26,1.908325434380264
1954-04-27,1.9064672667237983
1954-04-28,1.9116431124247668
1954-04-29,1.9369796321198631
1954-04-30,1.9391847866812306
1954-05-03,1.937712545318352
1954-05-04,1.936127721435438
1954-05-05,1.9336878934589308
1954-05-06,1.9380892629902826
1954-05-07,1.944543071336673
1954-05-10,1.9453679679230371
1954-05-11,1.941348017551651
1954-05-12,1.9487133546054072
1954-05-13,1.9413467975046048
1954-05-14,1.9488459017400719
1954-05-17,1.9530270364331574
1954-05-18,1.9563794434667925
1954-05-19,1.9531868730227002
1954-05-20,1.9586093031544036
1954-05-21,1.9661018269299768
1954-05-24,1.9666433457776678
1954-05-25,1.9630572361442207
1954-05-26,1.969662010395463
1954-05-27,1.9659542596925326
1954-05-28,1.9691619188404406
1954-06-01,1.974241410543624
1954-06-02,1.9712691864826266
1954-06-03,1.9725150262246716
1954-06-04,1.9702760158611765
1954-06-07,1.9683058479585398
1954-06-08,1.9333456753623646
1954-06-09,1.9247601297282986
1954-06-10,1.933733072609812
1954-06-11,1.9434127575851021
1954-06-14,1.94520633164921
1954-06-15,1.9574164388398494
1954-06-16,1.9752039856040144
1954-06-17,1.9758467489603078
1954-06-18,1.976302894216933
1954-06-21,1.9821775202669463
1954-06-22,1.9924499839789234
1954-06-23,2.0020274629046146
1954-06-24,2.019026917018142
1954-06-25,2.027499190749229
1954-06-28,2.0402627278499383
1954-06-29,2.0411910392982637
1954-06-30,2.0313250552791042
1954-07-01,2.034017575698891
1954-07-02,2.0503097381504056
1954-07-06,2.066531602259807
1954-07-07,2.0669689305111096
1954-07-08,2.0653663909960485
1954-07-09,2.0750400405838496
1954-07-12,2.0804453681552344
1954-07-13,2.0806205891732596
1954-07-14,2.087362604795492
1954-07-15,2.0966989607372724
1954-07-16,2.0955896394315143
1954-07-19,2.097349137799417
1954-07-20,2.0943925216435724
1954-07-21,2.1031902395230713
1954-07-22,2.115237333169593
1954-07-23,2.119098364090299
1954-07-26,2.117469432884027
1954-07-27,2.121442657056883
1954-07-28,2.1260742301085678
1954-07-29,2.134504266848216
1954-07-30,2.1405773109544146
1954-08-02,2.1436292714479044
1954-08-03,2.148616747429047
1954-08-04,2.1473103938771114
1954-08-05,2.147174762342823
1954-08-06,2.1247631548169004
1954-08-09,2.1179109886016776
1954-08-10,2.133759155890089
1954-08-11,2.1469697307181352
1954-08-12,2.1428864718225125
1954-08-13,2.1459259375344675
1954-08-16,2.153994455790819
1954-08-17,2.1523409787515173
1954-08-18,2.1521513488307815
1954-08-19,2.1591324550347273
1954-08-20,2.162801441546298
1954-08-23,2.155387069670189
1954-08-24,2.1491126428933867
1954-08-25,2.137989527709575
1954-08-26,2.130050614921685
1954-08-27,2.13923368989923
1954-08-30,2.1210244517828514
1954-08-31,2.092346105915998
1954-09-01,2.106387763650349
1954-09-02,2.1168598369145375
1954-09-03,2.128395118740347
1954-09-07,2.13974872505801
1954-09-08,2.1425500511938846
1954-09-09,2.144063284684023
1954-09-10,2.149717504466885
1954-09-13,2.1608918593763717
1954-09-14,2.1643620472851053
1954-09-15,2.1588053781563046
1954-09-16,2.166279848204297
1954-09-17,2.1755360535017862
1954-09-20,2.1666595721836965
1954-09-21,2.1753770198805045
1954-09-22,2.1844795786704156
1954-09-23,2.1934652710746727
1954-09-24,2.20434809574382
1954-09-27,2.2120182771454857
1954-09-28,2.215507276082039
1954-09-29,2.20844556462863
1954-09-30,2.1985261760705335
1954-10-01,2.1974597995943803
1954-10-04,2.2068832459058094
1954-10-05,2.2127679531910402
1954-10-06,2.2203050059774125
1954-10-07,2.2151256729614532
1954-10-08,2.2143482608112888
1954-10-11,2.202285177477235
1954-10-12,2.194400101849622
1954-10-13,2.1943018712494786
1954-10-14,2.169949013439154
1954-10-15,2.165660778920226
1954-10-18,2.171234584107065
1954-10-19,2.1812919734553016
1954-10-20,2.1952753088748627
1954-10-21,2.1965646236842895
1954-10-22,2.198330430775191
1954-10-25,2.1861028716119777
1954-10-26,2.1817598487864123
1954-10-27,2.1807445284435047
1954-10-28,2.1761104346984315
1954-10-29,2.1620428127350015
1954-11-01,2.1727099426042455
1954-11-03,2.2186531481181877
1954-11-04,2.2440959781605883
1954-11-05,2.2425700065350953
1954-11-08,2.2637901160169833
1954-11-09,2.271153590161167
1954-11-10,2.2779487636681144
1954-11-11,2.2899326820964943
1954-11-12,2.2964883254979185
1954-11-15,2.2961503846850504
1954-11-16,2.3098754900309415
1954-11-17,2.319936293925011
1954-11-18,2.3137473897221654
1954-11-19,2.3184601417154824
1954-11-22,2.3343140624252983
1954-11-23,2.351881533198229
1954-11-24,2.353807261978623
1954-11-26,2.36493206152521
1954-11-29,2.369608064125967
1954-11-30,2.362550745083664
1954-12-01,2.3561260656329712
1954-12-02,2.3708212687316785
1954-12-03,2.391397768035633
1954-12-06,2.4029031478827334
1954-12-07,2.406731558746283
1954-12-08,2.4055632813336927
1954-12-09,2.396327588089775
1954-12-10,2.3959221334579377
1954-12-13,2.3922197684859645
1954-12-14,2.3806868263635352
1954-12-15,2.388260169996703
1954-12-16,2.407599528870939
1954-12-17,2.4219584375502525
1954-12-20,2.43403610555368
1954-12-21,2.4358812040875124
1954-12-22,2.435844821817073
1954-12-23,2.4417916271323747
1954-12-27,2.4265823434931417
1954-12-28,2.4541493348260395
1954-12-29,2.4767079115533526
1954-12-30,2.4781871879152755
1954-12-31,2.492942949176071
1955-01-03,2.508167073571297
1955-01-04,2.4947814617407293
1955-01-05,2.446048045353703
1955-01-06,2.412579369223089
1955-01-07,2.4393213885395992
1955-01-10,2.472606768829092
1955-01-11,2.4698197770842905
1955-01-12,2.4651519133261157
1955-01-13,2.457206187423174
1955-01-14,2.4540763549562437
1955-01-17,2.4176088204937876
1955-01-18,2.4278884266903678
1955-01-19,2.4382546134953333
1955-01-20,2.444576748760648
1955-01-21,2.460851116686453
1955-01-24,2.463491549370069
1955-01-25,2.460638332907667
1955-01-26,2.479597646229424
1955-01-27,2.4817264095910434
1955-01-28,2.4907520172401907
1955-01-31,2.504404943131984
1955-02-01,2.512167559100676
1955-02-02,2.508703364118592
1955-02-03,2.508736355485963
1955-02-04,2.52814898764891
1955-02-07,2.532813308013512
1955-02-08,2.514719621434714
1955-02-09,2.5427571386512215
1955-02-10,2.557389753034837
1955-02-11,2.565135436042391
1955-02-14,2.562824299350483
1955-02-15,2.569641784991521
1955-02-16,2.563366594256789
1955-02-17,2.5658194366472062
1955-02-18,2.5715719886299984
1955-02-21,2.5763375162756343
1955-02-23,2.578770360675555
1955-02-24,2.565640082427231
1955-02-25,2.5592454075263524
1955-02-28,2.571945374578595
1955-03-01,2.5850242305534636
1955-03-02,2.607124635900265
1955-03-03,2.6090960646922285
1955-03-04,2.6120895370642954
1955-03-07,2.603331028322785
1955-03-08,2.564403770098828
1955-03-09,2.5342692285849373
1955-03-10,2.5491392560957613
1955-03-11,2.517034892870798
1955-03-14,2.456711117922212
1955-03-15,2.5003358634589854
1955-03-16,2.524956694895959
1955-03-17,2.5339936250160404
1955-03-18,2.537553306527223
1955-03-21,2.523324436049877
1955-03-22,2.5382405755557467
1955-03-23,2.5702022480305806
1955-03-24,2.5950310025324703
1955-03-25,2.599776417012176
1955-03-28,2.592352070864066
1955-03-29,2.5965784741457445
1955-03-30,2.5756626663050337
1955-03-31,2.5866664225015756
1955-04-01,2.605574207715647
1955-04-04,2.5986413281804692
1955-04-05,2.6054938404901424
1955-04-06,2.610142736148013
1955-04-07,2.6200942913656515
1955-04-11,2.633325895086764
1955-04-12,2.645268998443902
1955-04-13,2.653591949790297
1955-04-14,2.648049878102637
1955-04-15,2.65102224604129
1955-04-18,2.6608213195965393
1955-04-19,2.659853478954713
1955-04-20,2.663291257939126
1955-04-21,2.658450714579616
1955-04-22,2.639832419412168
1955-04-25,2.647814071957488
1955-04-26,2.6639794629075824
1955-04-27,2.6512992948374254
1955-04-28,2.6315654812490883
1955-04-29,2.6470923382671305
1955-05-02,2.650097275836169
1955-05-03,2.626881689258159
1955-05-04,2.6330046501208426
1955-05-05,2.644497827940359
1955-05-06,2.6553880172856537
1955-05-09,2.6542556730203284
1955-05-10,2.6457980519934052
1955-05-11,2.6304869830658353
1955-05-12,2.6182282725745227
1955-05-13,2.632021787781632
1955-05-16,2.608082985486417
1955-05-17,2.6083117187306915
1955-05-18,2.6247415162546295
1955-05-19,2.6418213263322614
1955-05-20,2.6561382140407375
1955-05-23,2.64282080439892
1955-05-24,2.648331972796851
1955-05-25,2.6607955271085024
1955-05-26,2.678170553192013
1955-05-27,2.6795646118100658
1955-05-31,2.68031654113062
1955-06-01,2.6868266243946137
1955-06-02,2.6949743352287796
1955-06-03,2.7132030684292534
1955-06-06,2.729560939342835
1955-06-07,2.753535023660836
1955-06-08,2.765875941544476
1955-06-09,2.748811247838949
1955-06-10,2.7580945110362722
1955-06-13,2.781554505615941
1955-06-14,2.7821842671104617
1955-06-15,2.8074970323030386
1955-06-16,2.812968593699872
1955-06-17,2.8175229600359604
1955-06-20,2.8248319048292694
1955-06-21,2.834199526118407
1955-06-22,2.8365252076528207
1955-06-23,2.8347508740603544
1955-06-24,2.8295005187017046
1955-06-27,2.826653467032263
1955-06-28,2.8205007918663587
1955-06-29,2.8229410854017782
1955-06-30,2.8397354403977504
1955-07-01,2.854838092297687
1955-07-05,2.891324794193846
1955-07-06,2.9111922227119775
1955-07-07,2.8564067766914887
1955-07-08,2.85343068002288
1955-07-11,2.864999302417407
1955-07-12,2.8532223752433237
1955-07-13,2.8232011315753645
1955-07-14,2.8278185925791517
1955-07-15,2.8428991283452016
1955-07-18,2.839224678595491
1955-07-19,2.838585704321029
1955-07-20,2.8437697886577187
1955-07-21,2.8555771694840626
1955-07-22,2.8683119098796177
1955-07-25,2.8760819716030173
1955-07-26,2.8742909587982406
1955-07-27,2.8739568422419177
1955-07-28,2.863240293232988
1955-07-29,2.862470122353305
1955-08-01,2.837030885457425
1955-08-02,2.8425940948423607
1955-08-03,2.848783260638944
1955-08-04,2.8187161989481884
1955-08-05,2.8311034362234584
1955-08-08,2.818037255794734
1955-08-09,2.7901838996147537
1955-08-10,2.7953478579521422
1955-08-11,2.815797104686871
1955-08-12,2.824175356873388
1955-08-15,2.8202542850136085
1955-08-16,2.8058203342874806
1955-08-17,2.806471461313946
1955-08-18,2.807168975740766
1955-08-19,2.810174343537221
1955-08-22,2.8105073091373147
1955-08-23,2.833632304152346
1955-08-24,2.8470495963857694
1955-08-25,2.855445250705512
1955-08-26,2.865338934260547
1955-08-29,2.8691537325927077
1955-08-30,2.869247776107716
1955-08-31,2.8842121987221616
1955-09-01,2.893145176996409
1955-09-02,2.907296377478543
1955-09-06,2.93127683013812
1955-09-07,2.929228268666854
1955-09-08,2.9363779353987454
1955-09-09,2.9410662487401167
1955-09-12,2.953828897392363
1955-09-13,2.9700442032578307
1955-09-14,2.977445098975245
1955-09-15,2.975052130590481
1955-09-16,2.9890719084747
1955-09-19,2.988874369295058
1955-09-20,2.9884500347432237
1955-09-21,3.0067908972443824
1955-09-22,3.008771245930871
1955-09-23,3.027340723482576
1955-09-26,2.8403213740074453
1955-09-27,2.898341321772653
1955-09-28,2.9384272486952634
1955-09-29,2.921073398592512
1955-09-30,2.9055473148896356
1955-10-03,2.839345209335244
1955-10-04,2.8549141377256606
1955-10-05,2.866406149821355
1955-10-06,2.853458406922483
1955-10-07,2.8348172958665567
1955-10-10,2.763046299582608
1955-10-11,2.7431582904969223
1955-10-12,2.779839389011651
1955-10-13,2.7751674713505907
1955-10-14,2.7725105412079354
1955-10-17,2.7819293647463974
1955-10-18,2.793449266759565
1955-10-19,2.8142199070958562
1955-10-20,2.8393811897817387
1955-10-21,2.843130310701372
1955-10-24,2.8574009082882847
1955-10-25,2.8427119454437992
1955-10-26,2.8226397440147157
1955-10-27,2.8194230510006277
1955-10-28,2.825359923410551
1955-10-31,2.8280589238031655
1955-11-01,2.8273694283646464
1955-11-02,2.834695466772971
1955-11-03,2.863669651660707
1955-11-04,2.8931786732135603
1955-11-07,2.9095518711613413
1955-11-09,2.9404421431184793
1955-11-10,2.929911161587165
1955-11-11,2.953853008462788
1955-11-14,2.998103792040354
1955-11-15,3.01593482482254
1955-11-16,3.0067543977424656
1955-11-17,2.98734371402248
1955-11-18,2.9759697355299437
1955-11-21,2.954983165048777
1955-11-22,2.9781549528718596
1955-11-23,2.982755363627807
1955-11-25,2.9873241995430604
1955-11-28,2.9705629373018128
1955-11-29,2.980593975582172
1955-11-30,2.9875986103847594
1955-12-01,2.9800167187306292
1955-12-02,2.989138249932821
1955-12-05,3.001096438869079
1955-12-06,3.0054693337618854
1955-12-07,3.0007998327458894
1955-12-08,3.0151222884169915
1955-12-09,3.0188023834517432
1955-12-12,3.001618222225406
1955-12-13,3.0028140999918045
1955-12-14,2.9842362124651163
1955-12-15,2.980535264384424
1955-12-16,2.991695528972018
1955-12-19,2.991488584617533
1955-12-20,2.987031320591634
1955-12-21,3.008951870860814
1955-12-22,3.0168728252010326
1955-12-23,3.019336560104006
1955-12-27,3.012498878616484
1955-12-28,3.0016523242360984
1955-12-29,3.0135513408519037
1955-12-30,3.037010695972392
1956-01-03,3.021829313321706
1956-01-04,3.003278251137098
1956-01-05,3.0021742250780648
1956-01-06,3.013048785879629
1956-01-09,2.9779502404423437
1956-01-10,2.954546663658439
1956-01-11,2.9707112316769444
1956-01-12,2.9877187631476416
1956-01-13,2.9868452193627637
1956-01-16,2.959976982013717
1956-01-17,2.965615227021479
1956-01-18,2.942056427546889
1956-01-19,2.915482826014547
1956-01-20,2.89576133781306
1956-01-23,2.8810415355122587
1956-01-24,2.9169167876035043
1956-01-25,2.929095019980929
1956-01-26,2.911109474021338
1956-01-27,2.906089832587134
1956-01-30,2.912592716550039
1956-01-31,2.9347061102057723
1956-02-01,2.9551170937269413
1956-02-02,2.9510165762854172
1956-02-03,2.968522662845229
1956-02-06,2.9695746503426648
1956-02-07,2.9642942900171945
1956-02-08,2.9374823677305315
1956-02-09,2.9100007265649412
1956-02-10,2.9171643638185345
1956-02-13,2.9147281691192375
1956-02-14,2.9009255466944035
1956-02-15,2.9264324246027895
1956-02-16,2.9221256333734233
1956-02-17,2.964528500577852
1956-02-20,2.968095883606878
1956-02-21,2.972342092478946
1956-02-23,3.0091398275097236
1956-02-24,3.032919473524078
1956-02-27,3.034574939312469
1956-02-28,3.0477268873557803
1956-02-29,3.0404509302159886
1956-03-01,3.06588823759743
1956-03-02,3.0957720111902787
1956-03-05,3.117755691810325
1956-03-06,3.1063187995877706
1956-03-07,3.107625447535269
1956-03-08,3.122592455493832
1956-03-09,3.1504148463957775
1956-03-12,3.169157953041224
1956-03-13,3.170631751778583
1956-03-14,3.1841516841657898
1956-03-15,3.1983968462780936
1956-03-16,3.200483766545471
1956-03-19,3.217232182961289
1956-03-20,3.221532208054457
1956-03-21,3.1930571613637184
1956-03-22,3.2136879962844622
1956-03-23,3.2327725916893635
1956-03-26,3.2392265435741403
1956-03-27,3.2207304896904074
1956-03-28,3.233208601081031
1956-03-29,3.251409067773291
1956-04-02,3.2873185706495045
1956-04-03,3.279598304967755
1956-04-04,3.2994367585889055
1956-04-05,3.2868723972880094
1956-04-06,3.3073767181575935
1956-04-09,3.285731855720892
1956-04-10,3.2348477578844084
1956-04-11,3.264954928493568
1956-04-12,3.2426728484026093
1956-04-13,3.243805064032646
1956-04-16,3.245888223545047
1956-04-17,3.248349135712575
1956-04-18,3.23791766792033
1956-04-19,3.226847896423934
1956-04-20,3.242973950214218
1956-04-23,3.2399858800196277
1956-04-24,3.2095890784192176
1956-04-25,3.2093230070228884
1956-04-26,3.234132032601054
1956-04-27,3.2678359387537936
1956-04-30,3.28846017513086
1956-05-01,3.2759816315824355
1956-05-02,3.2787218731344074
1956-05-03,3.2930036703662786
1956-05-04,3.31192390088946
1956-05-07,3.306601526257272
1956-05-08,3.3013415644614676
1956-05-09,3.297142172518455
1956-05-10,3.247726392700585
1956-05-11,3.2542938712378593
1956-05-14,3.219174666288104
1956-05-15,3.196998707000592
1956-05-16,3.1931296781203904
1956-05-17,3.2184112405970984
1956-05-18,3.2067182145592183
1956-05-21,3.166905911838261
1956-05-22,3.1184775165248237
1956-05-23,3.1050680396313055
1956-05-24,3.0605433023591493
1956-05-25,3.067022497773984
1956-05-28,3.0264747087070574
1956-05-29,3.1020027355867823
1956-05-31,3.1007755143935936
1956-06-01,3.1202576182619803
1956-06-04,3.1362296984168156
1956-06-05,3.1375571618205527
1956-06-06,3.1247138029309496
1956-06-07,3.1407415724001915
1956-06-08,3.0807260862047263
1956-06-11,3.111918097099131
1956-06-12,3.1399579423502684
1956-06-13,3.146061851393138
1956-06-14,3.1363866539208383
1956-06-15,3.1447133023281966
1956-06-18,3.1132115049450797
1956-06-19,3.1342531168231615
1956-06-20,3.1378292280363205
1956-06-21,3.1528632686341282
1956-06-22,3.1507156410725714
1956-06-25,3.1383290360506866
1956-06-26,3.1522608509099688
1956-06-27,3.1775069178690063
1956-06-28,3.182889067175085
1956-06-29,3.1931008503433334
1956-07-02,3.1932078128505403
1956-07-03,3.2076895800759626
1956-07-05,3.2349930011146557
1956-07-06,3.249232170594602
1956-07-09,3.260485476353497
1956-07-10,3.2709385042809567
1956-07-11,3.277497824345223
1956-07-12,3.2707209929742245
1956-07-13,3.285128461641496
1956-07-16,3.2966748876714225
1956-07-17,3.3056046183894905
1956-07-18,3.2998007195973225
1956-07-19,3.3041317783209614
1956-07-20,3.31088278201192
1956-07-23,3.313973673378951
1956-07-24,3.317077180348697
1956-07-25,3.3227900611764705
1956-07-26,3.3333558143500204
1956-07-27,3.322630421748927
1956-07-30,3.3189243549869616
1956-07-31,3.330682976169293
1956-08-01,3.3352021277996
1956-08-02,3.3513952131245643
1956-08-03,3.3458478837236703
1956-08-06,3.31294024583462
1956-08-07,3.3360025648310456
1956-08-08,3.347951038003612
1956-08-09,3.3467903627753595
1956-08-10,3.3311283490459305
1956-08-13,3.3118598451474988
1956-08-14,3.320477808315123
1956-08-15,3.3195986494805494
1956-08-16,3.31813178907602
1956-08-17,3.3154725970358507
1956-08-20,3.289724158183013
1956-08-21,3.253393134753754
1956-08-22,3.242009108058646
1956-08-23,3.2656541073162346
1956-08-24,3.2677955249745
1956-08-27,3.250056768289243
1956-08-28,3.2384307291684085
1956-08-29,3.2215556581194154
1956-08-30,3.19320937346293
1956-08-31,3.227002587707274
1956-09-04,3.2498022950984424
1956-09-05,3.2605104944681793
1956-09-06,3.262004547937045
1956-09-07,3.247274766852295
1956-09-10,3.237403095622651
1956-09-11,3.21765275806379
1956-09-12,3.2104196642150455
1956-09-13,3.199258126474992
1956-09-14,3.2077287097382317
1956-09-17,3.2063210758316774
1956-09-18,3.1818485254112088
1956-09-19,3.156081324954829
1956-09-20,3.1506062822840253
1956-09-21,3.1558201756290254
1956-09-24,3.1390905962163203
1956-09-25,3.106281377943572
1956-09-26,3.095955524586505
1956-09-27,3.0947004634425945
1956-09-28,3.094993407788464
1956-10-01,3.0953294312227477
1956-10-02,3.095665491139096
1956-10-03,3.096001587541469
1956-10-04,3.0963377204338287
1956-10-05,3.105120312677011
1956-10-08,3.1080718971481285
1956-10-09,3.0936703469655473
1956-10-10,3.1294175231832555
1956-10-11,3.1300259173564693
1956-10-12,3.139487775322542
1956-10-15,3.143433525743208
1956-10-16,3.134363492819099
1956-10-17,3.1176527959423455
1956-10-18,3.125424319866764
1956-10-19,3.126395991405256
1956-10-22,3.1203904849802107
1956-10-23,3.1184728000503523
1956-10-24,3.10557160366886
1956-10-25,3.093538100971041
1956-10-26,3.117456086285972
1956-10-29,3.128792025594193
1956-10-30,3.1183749596517347
1956-10-31,3.070141191402895
1956-11-01,3.119887740630711
1956-11-02,3.1507935579285458
1956-11-05,3.1958435075419005
1956-11-07,3.180767207121693
1956-11-08,3.1609113848862695
1956-11-09,3.144532769756512
1956-11-12,3.1618839712131632
1956-11-13,3.162256735204149
1956-11-14,3.1439983316941644
1956-11-15,3.1323978881817336
1956-11-16,3.125869064971786
1956-11-19,3.100721345426854
1956-11-20,3.080772634937661
1956-11-21,3.074239328434144
1956-11-23,3.0947369495403496
1956-11-26,3.087154890284131
1956-11-27,3.089058909410802
1956-11-28,3.067292323100751
1956-11-29,3.0607182356307066
1956-11-30,3.1078718899461135
1956-12-03,3.1593958578021275
1956-12-04,3.155069180503849
1956-12-05,3.1823134868541674
1956-12-06,3.200642361501944
1956-12-07,3.2049120663304262
1956-12-10,3.1983741086291184
1956-12-11,3.192006550953899
1956-12-12,3.1786068314860154
1956-12-13,3.1990755430701356
1956-12-14,3.2099543019552033
1956-12-17,3.2082736205537326
1956-12-18,3.2071645255578183
1956-12-19,3.1971459283461465
1956-12-20,3.178754346760795
1956-12-21,3.1949998641423294
1956-12-26,3.1999097572851003
1956-12-27,3.2012375979265824
1956-12-28,3.209658954896459
1956-12-31,3.21971214152578
1957-01-02,3.199145047649299
1957-01-03,3.2130255726595776
1957-01-04,3.2232748857905835
1957-01-07,3.2204758728951157
1957-01-08,3.2185403334584683
1957-01-09,3.2179747429193104
1957-01-10,3.226954765396601
1957-01-11,3.2304123382995846
1957-01-14,3.2197826806394176
1957-01-15,3.197105372022986
1957-01-16,3.1975803212426825
1957-01-17,3.193998687127151
1957-01-18,3.19382144284915
1957-01-21,3.1942129095434
1957-01-22,3.194604424219723
1957-01-23,3.1949959868839994
1957-01-24,3.195387597542112
1957-01-25,3.195779256199943
1957-01-28,3.1961709628633757
1957-01-29,3.196562717538294
1957-01-30,3.1969545202305825
1957-01-31,3.192507791346563
1957-02-01,3.19131413475957
1957-02-04,3.1917167828639523
1957-02-05,3.1691618848059617
1957-02-06,3.168905664389191
1957-02-07,3.1682098671954697
1957-02-08,3.1686096002344137
1957-02-11,3.169009383707675
1957-02-12,3.169409217621617
1957-02-13,3.169809101982604
1957-02-14,3.170209036797001
1957-02-15,3.170609022071173
1957-02-18,3.171009057811488
1957-02-19,3.1714091440243117
1957-02-20,3.171809280716013
1957-02-21,3.1555567579762127
1957-02-25,3.152515309059489
1957-02-26,3.157318363236706
1957-02-27,3.1500245776860623
1957-02-28,3.1497999896350803
1957-03-01,3.169102515145187
1957-03-04,3.189407861001595
1957-03-05,3.2068157996348097
1957-03-06,3.2110795732872615
1957-03-07,3.2145881647904706
1957-03-08,3.210455686436635
1957-03-11,3.202119981987417
1957-03-12,3.205553222661117
1957-03-13,3.218389740767285
1957-03-14,3.2217201514214655
1957-03-15,3.232328129365522
1957-03-18,3.2305998065516865
1957-03-19,3.246657733409556
1957-03-20,3.2453894113067085
1957-03-21,3.245744456908305
1957-03-22,3.2460995413518905
1957-03-25,3.246454664641714
1957-03-26,3.246809826782026
1957-03-27,3.2471650277770756
1957-03-28,3.254357513390702
1957-03-29,3.2508203180973685
1957-04-01,3.257308095652406
1957-04-02,3.2560665744469817
1957-04-03,3.2588314604289437
1957-04-04,3.2589267756697304
1957-04-05,3.2593142946526257
1957-04-08,3.259701859715403
1957-04-09,3.266334844532104
1957-04-10,3.2659829708907555
1957-04-11,3.2663713289258243
1957-04-12,3.266759733140547
1957-04-15,3.267148183540415
1957-04-16,3.271079431824893
1957-04-17,3.283795966635859
1957-04-18,3.3024551567634726
1957-04-22,3.3089539762055087
1957-04-23,3.3290736775409857
1957-04-24,3.330083167660537
1957-04-25,3.3186436501603893
1957-04-26,3.3115399209727086
1957-04-29,3.3160669877082354
1957-04-30,3.317992066603407
1957-05-01,3.3290265817828257
1957-05-02,3.3434591394644917
1957-05-03,3.345608860574667
1957-05-06,3.3478734947103073
1957-05-07,3.344571200642457
1957-05-08,3.356878728800938
1957-05-09,3.3628103624999923
1957-05-10,3.3688241558117515
1957-05-13,3.4002687989552385
1957-05-14,3.3957340529403583
1957-05-15,3.3945022403705205
1957-05-16,3.404422770790526
1957-05-17,3.4125180595529936
1957-05-20,3.4249024461863224
1957-05-21,3.4233301650206567
1957-05-22,3.4114085284750857
1957-05-23,3.4001274523117013
1957-05-24,3.402879069492139
1957-05-27,3.3818456334321354
1957-05-28,3.375058640437048
1957-05-29,3.3926021614206254
1957-05-31,3.408714665278265
1957-06-03,3.4079062632478396
1957-06-04,3.4056417701886894
1957-06-05,3.40681431259461
1957-06-06,3.427679659185307
1957-06-07,3.432613717863922
1957-06-10,3.411707215679403
1957-06-11,3.4570289871111313
1957-06-12,3.4558993563376244
1957-06-13,3.459555254991545
1957-06-14,3.4681758671714356
1957-06-17,3.4896749686072255
1957-06-18,3.4791544569408295
1957-06-19,3.449455629379086
1957-06-20,3.446292634308041
1957-06-21,3.430543397912344
1957-06-24,3.4123000019241028
1957-06-25,3.4436469615520378
1957-06-26,3.4423376872183113
1957-06-27,3.4427502858135015
1957-06-28,3.443162933862759
1957-07-01,3.443999938680232
1957-07-02,3.489367343159448
1957-07-03,3.5322334618426137
1957-07-05,3.5648354620291194
1957-07-08,3.5927418215146583
1957-07-09,3.5781253893746654
1957-07-10,3.601958431869139
1957-07-11,3.5884934435596954
1957-07-12,3.6123339838152293
1957-07-15,3.611662867488113
1957-07-16,3.583719167804913
1957-07-17,3.5507916896885976
1957-07-18,3.5536579787549702
1957-07-19,3.5519608096223956
1957-07-22,3.5362982779109493
1957-07-23,3.5271021015060957
1957-07-24,3.5280748372075847
1957-07-25,3.532297242692717
1957-07-26,3.5185452061996574
1957-07-29,3.4607872622999176
1957-07-30,3.4614473644529555
1957-07-31,3.4729484056795163
1957-08-01,3.4658524354588462
1957-08-02,3.4635991056207445
1957-08-05,3.4376088821189246
1957-08-06,3.436280051201682
1957-08-07,3.4602290428574727
1957-08-08,3.4524118396182724
1957-08-09,3.452729917669386
1957-08-12,3.4495980045567984
1957-08-13,3.449795881721385
1957-08-14,3.450187433553961
1957-08-15,3.4505790298276695
1957-08-16,3.450970670547555
1957-08-19,3.4513623557186626
1957-08-20,3.451754085346037
1957-08-21,3.452145859434724
1957-08-22,3.45253767798977
1957-08-23,3.452929541016222
1957-08-26,3.392718003378136
1957-08-27,3.436195572658414
1957-08-28,3.4352436955662093
1957-08-29,3.418349523336268
1957-08-30,3.4172513879127457
1957-09-03,3.4176950838329523
1957-09-04,3.4181388373626374
1957-09-05,3.4108889005996996
1957-09-06,3.4086302113837195
1957-09-09,3.387923698188203
1957-09-10,3.3585700690015905
1957-09-11,3.3858961662559075
1957-09-12,3.4202358695580695
1957-09-13,3.4240601207044956
1957-09-16,3.406221370015545
1957-09-17,3.4104513797364793
1957-09-18,3.411922224863825
1957-09-19,3.398652864502907
1957-09-20,3.3391112087674304
1957-09-23,3.311976784482198
1957-09-24,3.3119157446629144
1957-09-25,3.3123457638032017
1957-09-26,3.312775838777174
1957-09-27,3.3132059695920812
1957-09-30,3.313636156255173
1957-10-01,3.314053376183607
1957-10-02,3.314470648644202
1957-10-03,3.3148879736435726
1957-10-04,3.315305351188334
1957-10-07,3.315722781285102
1957-10-08,3.2930462868147794
1957-10-09,3.302426795213572
1957-10-10,3.3011911824694717
1957-10-11,3.301606835451256
1957-10-14,3.302022540767908
1957-10-15,3.302438298426016
1957-10-16,3.3028541084321708
1957-10-17,3.303269970792963
1957-10-18,3.3036858855149855
1957-10-21,3.3041018526048305
1957-10-22,3.3045178720690918
1957-10-23,3.3049339439143637
1957-10-24,3.305350068147242
1957-10-25,3.305766244774322
1957-10-28,3.306182473802201
1957-10-29,3.3065987552374776
1957-10-30,3.320003175082296
1957-10-31,3.321542035224343
1957-11-01,3.286371981784914
1957-11-04,3.2775667943065256
1957-11-06,3.2937999895793126
1957-11-07,3.3124555510795504
1957-11-08,3.3110144385427094
1957-11-11,3.315059808682823
1957-11-12,3.3144383949753076
1957-11-13,3.314926180873896
1957-11-14,3.3154140385599353
1957-11-15,3.31590196804399
1957-11-18,3.316389969336627
1957-11-19,3.316878042448414
1957-11-20,3.317366187389921
1957-11-21,3.3178544041717193
1957-11-22,3.3183426928043813
1957-11-25,3.318831053298481
1957-11-26,3.319319485664595
1957-11-27,3.3198079899133
1957-11-29,3.342524327960221
1957-12-02,3.335459615871012
1957-12-03,3.34091812576222
1957-12-04,3.355840846927806
1957-12-05,3.354902656600301
1957-12-06,3.342115553416685
1957-12-09,3.325713724547338
1957-12-10,3.3082576427498243
1957-12-11,3.305981586400624
1957-12-12,3.3137706168776444
1957-12-13,3.3178530145434775
1957-12-16,3.298576865578681
1957-12-17,3.2980149182692164
1957-12-18,3.2983914196522863
1957-12-19,3.298767964016754
1957-12-20,3.299144551367527
1957-12-23,3.2995211817095114
1957-12-24,3.2998978550476155
1957-12-26,3.300274571386748
1957-12-27,3.3006513307318177
1957-12-30,3.3010281330877342
1957-12-31,3.301404978459408
1958-01-02,3.304395682545375
1958-01-03,3.330224302484592
1958-01-06,3.3212398714321845
1958-01-07,3.327063405368009
1958-01-08,3.3321888900552197
1958-01-09,3.3266983697604773
1958-01-10,3.3089586421638493
1958-01-13,3.317601837474105
1958-01-14,3.3375243671986423
1958-01-15,3.3602919051377262
1958-01-16,3.3715348580675224
1958-01-17,3.3776152999886286
1958-01-20,3.3971636044378575
1958-01-21,3.398032295563725
1958-01-22,3.3976642640201393
1958-01-23,3.396948783256587
1958-01-24,3.397380535446939
1958-01-27,3.3978123425129945
1958-01-28,3.398244204461728
1958-01-29,3.3986761213001153
1958-01-30,3.3991080930351325
1958-01-31,3.3995401196737576
1958-02-03,3.399743990094734
1958-02-04,3.421155554518329
1958-02-05,3.4170649264336563
1958-02-06,3.424950834401226
1958-02-07,3.4054894576786188
1958-02-10,3.3989340854758616
1958-02-11,3.396667637246928
1958-02-12,3.3971278114049266
1958-02-13,3.397039702051535
1958-02-14,3.397243422522467
1958-02-17,3.397447155210515
1958-02-18,3.397650900116413
1958-02-19,3.3978546572408925
1958-02-20,3.398058426584687
1958-02-21,3.398262208148529
1958-02-24,3.3864689253694285
1958-02-25,3.3840146205469988
1958-02-26,3.402913874243573
1958-02-27,3.399115731868754
1958-02-28,3.3988681222111468
1958-03-03,3.4026315969279275
1958-03-04,3.4106103085583013
1958-03-05,3.409243654218369
1958-03-06,3.4137515492786026
1958-03-07,3.4142664250203265
1958-03-10,3.4239604455595973
1958-03-11,3.4493644760410396
1958-03-12,3.448682648404676
1958-03-13,3.4505092591889834
1958-03-14,3.454263175330558
1958-03-17,3.443905487849571
1958-03-18,3.4427426103524645
1958-03-19,3.4644568953650565
1958-03-20,3.4631595417765184
1958-03-21,3.4633079035312884
1958-03-24,3.463456271641876
1958-03-25,3.4636046461085535
1958-03-26,3.463753026931593
1958-03-27,3.463901414111267
1958-03-28,3.4662924778028805
1958-03-31,3.465894134635368
1958-04-01,3.4632491164341146
1958-04-02,3.439371995759656
1958-04-03,3.432758848821595
1958-04-07,3.431173123494419
1958-04-08,3.4313037825669612
1958-04-09,3.4314344466150013
1958-04-10,3.4315651156387283
1958-04-11,3.4316957896383316
1958-04-14,3.431826468614001
1958-04-15,3.431957152565926
1958-04-16,3.4320878414942952
1958-04-17,3.4322185353992993
1958-04-18,3.4323492342811273
1958-04-21,3.4464440956367732
1958-04-22,3.441792528027239
1958-04-23,3.449126470987234
1958-04-24,3.4677517094802415
1958-04-25,3.4808241936847013
1958-04-28,3.4745336990513183
1958-04-29,3.4700326109234654
1958-04-30,3.4890567896897102
1958-05-01,3.4919599091484845
1958-05-02,3.5040119599111494
1958-05-05,3.5186125565317234
1958-05-06,3.5396181752820612
1958-05-07,3.536197857878469
1958-05-08,3.539383764437213
1958-05-09,3.5421777979771054
1958-05-12,3.537293771880562
1958-05-13,3.5336286780565764
1958-05-14,3.5078253050643418
1958-05-15,3.519806574556445
1958-05-16,3.521845356379293
1958-05-19,3.5206927516885873
1958-05-20,3.522262743076523
1958-05-21,3.525165606607166
1958-05-22,3.525492040747472
1958-05-23,3.534305735163787
1958-05-26,3.529688896263402
1958-05-27,3.5327089655842685
1958-05-28,3.536435039217226
1958-05-29,3.549392542593611
1958-06-02,3.5595296093585436
1958-06-03,3.5661034475907463
1958-06-04,3.5670936667139217
1958-06-05,3.575444733007931
1958-06-06,3.581920134813974
1958-06-09,3.5812523374251826
1958-06-10,3.576627693517668
1958-06-11,3.5765762997856148
1958-06-12,3.5902195095764
1958-06-13,3.6002666243595285
1958-06-16,3.6076779821266975
1958-06-17,3.6123098101146063
1958-06-18,3.605373018127616
1958-06-19,3.5758834439310307
1958-06-20,3.587957600503412
1958-06-23,3.584718410731783
1958-06-24,3.5807557606334726
1958-06-25,3.5898036721326165
1958-06-26,3.6054017025764327
1958-06-27,3.6203187591974184
1958-06-30,3.631110808517753
1958-07-01,3.6337468433329434
1958-07-02,3.6385290763613605
1958-07-03,3.647302001834737
1958-07-07,3.651186749991705
1958-07-08,3.6419990280181342
1958-07-09,3.638361954284072
1958-07-10,3.6536081026342275
1958-07-11,3.67104617836625
1958-07-14,3.648608841663414
1958-07-15,3.643293119708167
1958-07-16,3.6421408683556225
1958-07-17,3.6495244360081656
1958-07-18,3.6503918913583093
1958-07-21,3.667456483156789
1958-07-22,3.665739358375045
1958-07-23,3.666073841311888
1958-07-24,3.6837017456046652
1958-07-25,3.7129348640077318
1958-07-28,3.7317640303969157
1958-07-29,3.7313591006768148
1958-07-30,3.747848703208996
1958-07-31,3.737660966809353
1958-08-01,3.7617617987820604
1958-08-04,3.785872526291944
1958-08-05,3.765110446630022
1958-08-06,3.7472995634125867
1958-08-07,3.767958040321392
1958-08-08,3.7836270009939867
1958-08-11,3.796678644931133
1958-08-12,3.779441036084499
1958-08-13,3.7870428990487484
1958-08-14,3.793826079550378
1958-08-15,3.7776316208864515
1958-08-18,3.7660667472891536
1958-08-19,3.777388059617798
1958-08-20,3.7947867953917744
1958-08-21,3.8135294656263197
1958-08-22,3.819953724489147
1958-08-25,3.8317341461146577
1958-08-26,3.842420942174636
1958-08-27,3.8390149505556854
1958-08-28,3.8225081961603076
1958-08-29,3.8396349985134495
1958-09-02,3.8590142030066508
1958-09-03,3.8775241811580456
1958-09-04,3.8763265563391434
1958-09-05,3.872724002960673
1958-09-08,3.8915633532679905
1958-09-09,3.901861959537938
1958-09-10,3.896112137340827
1958-09-11,3.914327374410088
1958-09-12,3.912666594172107
1958-09-15,3.9337944327379577
1958-09-16,3.945220618784963
1958-09-17,3.938041927229427
1958-09-18,3.927084226109944
1958-09-19,3.948547239754142
1958-09-22,3.9344629739030443
1958-09-23,3.9507018552824684
1958-09-24,3.957842633123007
1958-09-25,3.954344438204534
1958-09-26,3.9654704105382255
1958-09-29,3.9812422466237374
1958-09-30,3.989631665948441
1958-10-01,3.9728634700752554
1958-10-02,3.9784693243080635
1958-10-03,3.995739252929082
1958-10-06,4.012671237363025
1958-10-07,4.02020967402347
1958-10-08,4.023722134265941
1958-10-09,4.029080815637203
1958-10-10,4.038889551192537
1958-10-13,4.04665389827855
1958-10-14,4.023079121253167
1958-10-15,3.9984294581168918
1958-10-16,4.021938044927366
1958-10-17,4.048284971499653
1958-10-20,4.046358911827499
1958-10-21,4.044449591671564
1958-10-22,4.036273422636144
1958-10-23,4.0389742974866
1958-10-24,4.037195298272045
1958-10-27,4.014886705638691
1958-10-28,4.031174955790339
1958-10-29,4.063417972309637
1958-10-30,4.063294708806702
1958-10-31,4.072614165725961
1958-11-03,4.084715067159961
1958-11-05,4.119380803069595
1958-11-06,4.137924683317649
1958-11-07,4.140993405632279
1958-11-10,4.168667068542934
1958-11-11,4.198328814456391
1958-11-12,4.208373056483958
1958-11-13,4.210809257317851
1958-11-14,4.231055390883441
1958-11-17,4.250303322014396
1958-11-18,4.246890874239484
1958-11-19,4.263563343106937
1958-11-20,4.268920319034669
1958-11-21,4.249066404650617
1958-11-24,4.160668604808739
1958-11-25,4.1303043756697075
1958-11-26,4.186864567590356
1958-11-28,4.228319888958645
1958-12-01,4.249021087910234
1958-12-02,4.24209314602013
1958-12-03,4.245061230876163
1958-12-04,4.255953464883639
1958-12-05,4.2721924041030785
1958-12-08,4.292744560163144
1958-12-09,4.314205337964594
1958-12-10,4.34082256665801
1958-12-11,4.330324843756416
1958-12-12,4.327540567423114
1958-12-15,4.3257453910208845
1958-12-16,4.337632234831139
1958-12-17,4.378160196276817
1958-12-18,4.39131416881857
1958-12-19,4.384500912171313
1958-12-22,4.374126850436921
1958-12-23,4.358581909150999
1958-12-24,4.392088519440811
1958-12-29,4.427037281265436
1958-12-30,4.443878516129496
1958-12-31,4.457556442284433
1959-01-02,4.46952849424505
1959-01-05,4.493422120453019
1959-01-06,4.493331314885797
1959-01-07,4.457522870926657
1959-01-08,4.494789096837483
1959-01-09,4.524486536789535
1959-01-12,4.536384177688163
1959-01-13,4.526466815571858
1959-01-14,4.538610921038461
1959-01-15,4.562042956113988
1959-01-16,4.56503924038782
1959-01-19,4.564159953181959
1959-01-20,4.565380006939608
1959-01-21,4.58063985399023
1959-01-22,4.572206097827638
1959-01-23,4.57060048392783
1959-01-26,4.5577826592367705
1959-01-27,4.557868455981692
1959-01-28,4.511549772355649
1959-01-29,4.516725958102814
1959-01-30,4.524670670196738
1959-02-02,4.51572657642405
1959-02-03,4.518971701121302
1959-02-04,4.50900400165536
1959-02-05,4.497913177437499
1959-02-06,4.479736632995928
1959-02-09,4.434321047960031
1959-02-10,4.487613562928935
1959-02-11,4.494276894978779
1959-02-12,4.488437177420228
1959-02-13,4.517073067019096
1959-02-16,4.535149716971705
1959-02-17,4.532541376820554
1959-02-18,4.549865840868767
1959-02-19,4.5771514896470435
1959-02-20,4.605044005663635
1959-02-24,4.611527039791105
1959-02-25,4.6027175607844795
1959-02-26,4.620392091108271
1959-02-27,4.629180287898436
1959-03-02,4.638024964303233
1959-03-03,4.663463591644775
1959-03-04,4.668251039690454
1959-03-05,4.681953960515653
1959-03-06,4.67540246494838
1959-03-09,4.67680332713483
1959-03-10,4.687189710694666
1959-03-11,4.698688382755347
1959-03-12,4.713738257503608
1959-03-13,4.724147699946482
1959-03-16,4.6922571927897545
1959-03-17,4.718062288185013
1959-03-18,4.715962110916626
1959-03-19,4.708108652221935
1959-03-20,4.706087132360008
1959-03-23,4.677186269460611
1959-03-24,4.686664574047868
1959-03-25,4.682747423944278
1959-03-26,4.677197462907615
1959-03-30,4.655820033800549
1959-03-31,4.655638144835952
1959-04-01,4.668288471660924
1959-04-02,4.692249882184699
1959-04-03,4.723310312182975
1959-04-06,4.73600285699596
1959-04-07,4.729620372201342
1959-04-08,4.718016192706504
1959-04-09,4.72255132645559
1959-04-10,4.7299525398971
1959-04-13,4.753682170572676
1959-04-14,4.782198230456824
1959-04-15,4.792179901362395
1959-04-16,4.797943865995766
1959-04-17,4.81946447826055
1959-04-20,4.825539702921725
1959-04-21,4.826855089551773
1959-04-22,4.801084559588782
1959-04-23,4.781018075167048
1959-04-24,4.803229255729679
1959-04-27,4.8169813345279024
1959-04-28,4.808723833038833
1959-04-29,4.801742002395504
1959-04-30,4.793709000143316
1959-05-01,4.794265729928419
1959-05-04,4.805658849674762
1959-05-05,4.817805583356301
1959-05-06,4.822148224405984
1959-05-07,4.760003812957395
1959-05-08,4.78565935116158
1959-05-11,4.79390992332139
1959-05-12,4.798392632436065
1959-05-13,4.8138974810341
1959-05-14,4.833954245790991
1959-05-15,4.821609562986985
1959-05-18,4.801911906890049
1959-05-19,4.808738303097868
1959-05-20,4.79747817057425
1959-05-21,4.805149712398748
1959-05-22,4.821890564046113
1959-05-25,4.803937215429865
1959-05-26,4.7974540107764945
1959-05-27,4.810651246457592
1959-05-28,4.8315491323967565
1959-05-29,4.861732456458509
1959-06-01,4.857256320230356
1959-06-02,4.83321750217237
1959-06-03,4.832796006723905
1959-06-04,4.7811442321573105
1959-06-05,4.77146582647523
1959-06-08,4.701380407213975
1959-06-09,4.667505344043046
1959-06-10,4.737516059285092
1959-06-11,4.752995434502387
1959-06-12,4.751962638677805
1959-06-15,4.734737387283408
1959-06-16,4.711510693246968
1959-06-17,4.754756419581475
1959-06-18,4.765197373570581
1959-06-19,4.783290906556749
1959-06-22,4.788417681376418
1959-06-23,4.781869974730877
1959-06-24,4.804285652523415
1959-06-25,4.8189898145464145
1959-06-26,4.836281643515499
1959-06-29,4.866120635431884
1959-06-30,4.886200831433194
1959-07-01,4.918557374196943
1959-07-02,4.937660986877172
1959-07-06,4.961631069010964
1959-07-07,4.981753355379634
1959-07-08,4.98625890572097
1959-07-09,4.987964969900335
1959-07-10,4.995673255486069
1959-07-13,4.959134427234033
1959-07-14,4.969986382174114
1959-07-15,4.974374450957786
1959-07-16,4.963929729727002
1959-07-17,4.95262703940341
1959-07-20,4.9382403379197255
1959-07-21,4.972226782646852
1959-07-22,4.993187782052265
1959-07-23,5.003878188966405
1959-07-24,5.0101843066233185
1959-07-27,5.030118733910316
1959-07-28,5.0462782192177436
1959-07-29,5.0458754044134
1959-07-30,5.036291530100284
1959-07-31,5.038184102019501
1959-08-03,5.046545390981877
1959-08-04,5.038807480650407
1959-08-05,5.017717489395528
1959-08-06,5.014967345760194
1959-08-07,4.996041606539131
1959-08-10,4.907413346279589
1959-08-11,4.956587524632275
1959-08-12,4.949436445141398
1959-08-13,4.942061687974151
1959-08-14,4.9523116163940175
1959-08-17,4.946050401818988
1959-08-18,4.910312716170142
1959-08-19,4.879726770824075
1959-08-20,4.93748984152424
1959-08-21,4.947654688162452
1959-08-24,4.932365821399616
1959-08-25,4.941316741479128
1959-08-26,4.947327821693453
1959-08-27,4.981376755057445
1959-08-28,4.979299007604544
1959-08-31,4.989281194050919
1959-09-01,4.937964055526677
1959-09-02,4.933777612395262
1959-09-03,4.884728409536876
1959-09-04,4.90200924710329
1959-09-08,4.841147441439221
1959-09-09,4.8029218742983
1959-09-10,4.779779265864048
1959-09-11,4.8149203846500175
1959-09-14,4.788076286600559
1959-09-15,4.754981864223493
1959-09-16,4.760330524376968
1959-09-17,4.739483385683686
1959-09-18,4.706647485085425
1959-09-21,4.634527599574294
1959-09-22,4.620602456031436
1959-09-23,4.675187944232849
1959-09-24,4.75827085452227
1959-09-25,4.7637765745653295
1959-09-28,4.794835949112509
1959-09-29,4.8206244340651105
1959-09-30,4.784012444999616
1959-10-01,4.799115882788685
1959-10-02,4.820597712147588
1959-10-05,4.815626987388517
1959-10-06,4.819296345234577
1959-10-07,4.8154726383233255
1959-10-08,4.816383874370908
1959-10-09,4.8248785327580785
1959-10-12,4.842545280838982
1959-10-13,4.827373461563242
1959-10-14,4.804240673321571
1959-10-15,4.816801685671874
1959-10-16,4.8517707547617075
1959-10-19,4.845052663047949
1959-10-20,4.827908627575612
1959-10-21,4.818844260927556
1959-10-22,4.7843053509744715
1959-10-23,4.824340376903209
1959-10-26,4.8474658745304975
1959-10-27,4.8625415251163595
1959-10-28,4.868731114462506
1959-10-29,4.875606534682588
1959-10-30,4.876631737502423
1959-11-02,4.873818943281354
1959-11-04,4.881565262317417
1959-11-05,4.885959276750011
1959-11-06,4.909990440947493
1959-11-09,4.906641312404055
1959-11-10,4.915161946504744
1959-11-11,4.928041679991494
1959-11-12,4.9098228971324405
1959-11-13,4.891189725222511
1959-11-16,4.857723532455135
1959-11-17,4.858847939144212
1959-11-18,4.896618818674504
1959-11-19,4.90466873591094
1959-11-20,4.9147271051170165
1959-11-23,4.926922944962692
1959-11-24,4.946394788994461
1959-11-25,4.953208971756024
1959-11-27,4.963055223586721
1959-11-30,4.9966502254386
1959-12-01,5.026425920265659
1959-12-02,5.007752837857629
1959-12-03,5.007176010647437
1959-12-04,5.0323806940980065
1959-12-07,5.042462141473561
1959-12-08,5.076626671967072
1959-12-09,5.034110972685241
1959-12-10,5.048188612103105
1959-12-11,5.037915928996053
1959-12-14,5.04995073809924
1959-12-15,5.041526369215146
1959-12-16,5.048884336686353
1959-12-17,5.049979800309263
1959-12-18,5.069295603088924
1959-12-21,5.076897711504059
1959-12-22,5.061301971613458
1959-12-23,5.059128685257663
1959-12-24,5.056725077108049
1959-12-28,5.055819709460456
1959-12-29,5.064425927159683
1959-12-30,5.0841892434954685
1959-12-31,5.096058623678046
1960-01-04,5.08643070940911
1960-01-05,5.114047166498303
1960-01-06,5.096301347413044
1960-01-07,5.080829562112857
1960-01-08,5.081877949811434
1960-01-11,5.04303678757994
1960-01-12,5.028525442354715
1960-01-13,5.013738583366075
1960-01-14,5.0396609205503635
1960-01-15,5.052748470047118
1960-01-18,5.025076146309347
1960-01-19,5.023391025365013
1960-01-20,5.024218578802532
1960-01-21,5.025046268571204
1960-01-22,5.025874094693489
1960-01-25,5.026702057191848
1960-01-26,5.0275301560887495
1960-01-27,5.028358391406663
1960-01-28,5.029186763168064
1960-01-29,4.983149148321329
1960-02-01,4.993318436486607
1960-02-02,4.992333822082225
1960-02-03,4.993056712019662
1960-02-04,4.993779706631562
1960-02-05,4.994502805933082
1960-02-08,4.995226009939381
1960-02-09,5.03492927896918
1960-02-10,5.022140614075384
1960-02-11,5.000123777599559
1960-02-12,5.020228668705711
1960-02-15,5.018445120018031
1960-02-16,5.019171790871409
1960-02-17,5.019898566946727
1960-02-18,5.020625448259221
1960-02-19,5.021352434824128
1960-02-23,5.02207952665669
1960-02-24,5.02280672377215
1960-02-25,5.023534026185752
1960-02-26,5.03507481487354
1960-02-29,5.033884531250757
1960-03-01,5.030133769997965
1960-03-02,5.004477171619506
1960-03-03,4.930537358913516
1960-03-04,4.921836126135262
1960-03-07,4.921862619997989
1960-03-08,4.922610349367219
1960-03-09,4.923358192331495
1960-03-10,4.9241061489080735
1960-03-11,4.9248542191142155
1960-03-14,4.925602402967183
1960-03-15,4.9263507004842415
1960-03-16,4.927099111682659
1960-03-17,4.927847636579705
1960-03-18,4.928596275192654
1960-03-21,4.9245811245493964
1960-03-22,4.942647301720184
1960-03-23,4.9630162899884676
1960-03-24,4.984541551683799
1960-03-25,4.982806153834713
1960-03-28,4.983563141745604
1960-03-29,4.97627122455944
1960-03-30,4.974071571269017
1960-03-31,4.9566934267494664
1960-04-01,4.967577055468332
1960-04-04,4.975190904611075
1960-04-05,4.9962067431799735
1960-04-06,5.030808938324985
1960-04-07,5.039016300580059
1960-04-08,5.042833870686521
1960-04-11,5.033892199916987
1960-04-12,5.045903053941927
1960-04-13,5.049988732382536
1960-04-14,5.0614353682259665
1960-04-18,5.090686688779789
1960-04-19,5.059711763253848
1960-04-20,4.987404435344336
1960-04-21,4.992669378494587
1960-04-22,4.991575979567746
1960-04-25,4.990096719726319
1960-04-26,4.990570329805989
1960-04-27,4.991043984835991
1960-04-28,4.991517684820592
1960-04-29,4.991991429764059
1960-05-02,4.992632451383555
1960-05-03,4.993273555316637
1960-05-04,4.993914741573876
1960-05-05,4.994556010165843
1960-05-06,4.995197361103108
1960-05-09,4.995838794396248
1960-05-10,4.984507523160082
1960-05-11,4.997169929158784
1960-05-12,5.025378310262654
1960-05-13,5.053794635279298
1960-05-16,5.052521858039573
1960-05-17,5.05805578821432
1960-05-18,5.0575319011166835
1960-05-19,5.058181338788106
1960-05-20,5.0595881290310025
1960-05-23,5.064664451209519
1960-05-24,5.08068794777889
1960-05-25,5.08412223713761
1960-05-26,5.083026396784147
1960-05-27,5.083679108203759
1960-05-31,5.084331903438044
1960-06-01,5.097531598184273
1960-06-02,5.1084129029923036
1960-06-03,5.108668060165444
1960-06-06,5.133702605087679
1960-06-07,5.132231410497023
1960-06-08,5.164648881333166
1960-06-09,5.176449625466313
1960-06-10,5.18786789997455
1960-06-13,5.206398670648804
1960-06-14,5.223173518706771
1960-06-15,5.211542338225735
1960-06-16,5.211777763972219
1960-06-17,5.212889384663353
1960-06-20,5.207468148238278
1960-06-21,5.203423140854548
1960-06-22,5.207228219145945
1960-06-23,5.226603999809521
1960-06-24,5.229376840703555
1960-06-27,5.223077830052041
1960-06-28,5.181024472818072
1960-06-29,5.187837452093776
1960-06-30,5.196600729675646
1960-07-01,5.205225602995126
1960-07-05,5.210269838557317
1960-07-06,5.210763341550223
1960-07-07,5.208657208207116
1960-07-08,5.208995562579362
1960-07-11,5.209333938931107
1960-07-12,5.20967233726378
1960-07-13,5.210010757578808
1960-07-14,5.21034919987762
1960-07-15,5.210687664161644
1960-07-18,5.211026150432308
1960-07-19,5.21136465869104
1960-07-20,5.211703188939269
1960-07-21,5.212041741178422
1960-07-22,5.212380315409929
1960-07-25,5.212718911635218
1960-07-26,5.213057529855718
1960-07-27,5.213396170072857
1960-07-28,5.213734832288065
1960-07-29,5.21407351650277
1960-08-01,5.214458575831964
1960-08-02,5.214843663597788
1960-08-03,5.200275261575697
1960-08-04,5.209867651142269
1960-08-05,5.255680931636676
1960-08-08,5.26648377924295
1960-08-09,5.2978025538760605
1960-08-10,5.305946557775494
1960-08-11,5.326239485101165
1960-08-12,5.356271639537225
1960-08-15,5.364666478385149
1960-08-16,5.382405975893311
1960-08-17,5.391273003381119
1960-08-18,5.401076775480878
1960-08-19,5.408827598183686
1960-08-22,5.417437920289537
1960-08-23,5.45469996092641
1960-08-24,5.484474987549656
1960-08-25,5.47210232505812
1960-08-26,5.462496609169353
1960-08-29,5.463804752628747
1960-08-30,5.425491652526619
1960-08-31,5.447002267364825
1960-09-01,5.467962365480838
1960-09-02,5.459209193803202
1960-09-06,5.433027381021241
1960-09-07,5.376715396550951
1960-09-08,5.3744361635311435
1960-09-09,5.3748453193562735
1960-09-12,5.358688080643259
1960-09-13,5.357788266418757
1960-09-14,5.358196154839479
1960-09-15,5.358604074312748
1960-09-16,5.359012024840926
1960-09-19,5.359420006426377
1960-09-20,5.359828019071466
1960-09-21,5.360236062778559
1960-09-22,5.360644137550018
1960-09-23,5.36105224338821
1960-09-26,5.361460380295499
1960-09-27,5.361868548274251
1960-09-28,5.362276747326832
1960-09-29,5.362684977455606
1960-09-30,5.36309323866294
1960-10-03,5.363654486370366
1960-10-04,5.364215792812364
1960-10-05,5.364777157995081
1960-10-06,5.401110258774373
1960-10-07,5.428355422708064
1960-10-10,5.447249374403559
1960-10-11,5.4453909556497075
1960-10-12,5.440570401558163
1960-10-13,5.480697741552882
1960-10-14,5.499906331017513
1960-10-17,5.4866979113077194
1960-10-18,5.471857158864469
1960-10-19,5.467836153692761
1960-10-20,5.428798493160851
1960-10-21,5.380238706217011
1960-10-24,5.317526341349049
1960-10-25,5.288656011771425
1960-10-26,5.3424083724472275
1960-10-27,5.384467095275939
1960-10-28,5.382439030208983
1960-10-31,5.379766225234267
1960-11-01,5.413036170433261
1960-11-02,5.444571895637597
1960-11-03,5.461510344719
1960-11-04,5.490345541996557
1960-11-07,5.5106364124340015
1960-11-09,5.528194282931423
1960-11-10,5.603746939570534
1960-11-11,5.591730116581348
1960-11-14,5.594326867275843
1960-11-15,5.615895142535749
1960-11-16,5.61265714694503
1960-11-17,5.617399195661346
1960-11-18,5.654898292561097
1960-11-21,5.681170163210006
1960-11-22,5.675295931080481
1960-11-23,5.699725062581734
1960-11-25,5.740233205900372
1960-11-28,5.745998881751317
1960-11-29,5.7348739655212375
1960-11-30,5.716506335611117
1960-12-01,5.7090301028078745
1960-12-02,5.736736026765375
1960-12-05,5.747553387379473
1960-12-06,5.769013564446632
1960-12-07,5.803457249467301
1960-12-08,5.811398396095992
1960-12-09,5.852672855074833
1960-12-12,5.8784067725533085
1960-12-13,5.892564681023128
1960-12-14,5.89423129167216
1960-12-15,5.887257580543045
1960-12-16,5.9323487055618305
1960-12-19,5.9320061436155465
1960-12-20,5.938853482658616
1960-12-21,5.958796722612618
1960-12-22,5.953970069611778
1960-12-23,5.953221286208747
1960-12-27,5.969982979693785
1960-12-28,5.996485738475024
1960-12-29,6.030724544429679
1960-12-30,6.041894508468358
1961-01-03,5.982197477483229
1961-01-04,6.026594957647668
1961-01-05,6.045533740026241
1961-01-06,6.044068508077199
1961-01-09,6.080921390008251
1961-01-10,6.094477847054609
1961-01-11,6.1085641826128825
1961-01-12,6.129829986311819
1961-01-13,6.147359463653803
1961-01-16,6.147101664774228
1961-01-17,6.134120475852191
1961-01-18,6.168222555874384
1961-01-19,6.177595513690814
1961-01-20,6.204342903098742
1961-01-23,6.230794239487325
1961-01-24,6.242797019634076
1961-01-25,6.251913638674514
1961-01-26,6.260939642734212
1961-01-27,6.307112142737638
1961-01-30,6.368813622361389
1961-01-31,6.3583954737845545
1961-02-01,6.381493365992221
1961-02-02,6.420590616967139
1961-02-03,6.411199335656143
1961-02-06,6.385097092124333
1961-02-07,6.3899803391166055
1961-02-08,6.447757563518462
1961-02-09,6.458415201235835
1961-02-10,6.423652007638497
1961-02-13,6.3927384770400995
1961-02-14,6.424499626199448
1961-02-15,6.462372503356261
1961-02-16,6.492851788066847
1961-02-17,6.493644538699695
1961-02-20,6.524724945497877
1961-02-21,6.5376227947871355
1961-02-23,6.5847850559433185
1961-02-24,6.609781288488871
1961-02-27,6.644926839036584
1961-02-28,6.650319765174703
1961-03-01,6.647487333330618
1961-03-02,6.680474838200413
1961-03-03,6.690909094324202
1961-03-06,6.703888968418543
1961-03-07,6.669530750563111
1961-03-08,6.674571687643409
1961-03-09,6.677267782457269
1961-03-10,6.669813485379072
1961-03-13,6.689229222701997
1961-03-14,6.677108623487604
1961-03-15,6.7047273668332235
1961-03-16,6.755294350290768
1961-03-17,6.7949648026597975
1961-03-20,6.820160634539096
1961-03-21,6.822361039154094
1961-03-22,6.830946622509246
1961-03-23,6.794939115321819
1961-03-24,6.801431928584005
1961-03-27,6.804338658391697
1961-03-28,6.810177666088803
1961-03-29,6.8437574759752
1961-03-30,6.853984071745108
1961-04-03,6.906685855973953
1961-04-04,6.905056388208696
1961-04-05,6.881326326728129
1961-04-06,6.888750576858911
1961-04-07,6.913991516757688
1961-04-10,6.9595359311728915
1961-04-11,6.9529722978847905
1961-04-12,6.936184503333002
1961-04-13,6.943203030848468
1961-04-14,6.950314894551945
1961-04-17,6.967121158357281
1961-04-18,6.926971106110135
1961-04-19,6.899848347841608
1961-04-20,6.897984797996785
1961-04-21,6.899986326304935
1961-04-24,6.759745190236975
1961-04-25,6.834257920740771
1961-04-26,6.872372805113986
1961-04-27,6.877181161874316
1961-04-28,6.858804872311965
1961-05-01,6.849404603910983
1961-05-02,6.887805090217671
1961-05-03,6.9351182681814
1961-05-04,6.958428660607584
1961-05-05,6.974053260364558
1961-05-08,6.978224045470482
1961-05-09,6.995088058714165
1961-05-10,6.996670376938048
1961-05-11,7.00430297197762
1961-05-12,7.015662717345874
1961-05-15,7.056058858611235
1961-05-16,7.085366897677085
1961-05-17,7.104554184138912
1961-05-18,7.065654166315837
1961-05-19,7.086595904806311
1961-05-22,7.0610216460572985
1961-05-23,7.033656605770378
1961-05-24,7.024082604999828
1961-05-25,7.019464700562903
1961-05-26,7.043311218339978
1961-05-31,7.039868808190819
1961-06-01,7.037545409957675
1961-06-02,7.048094669732377
1961-06-05,7.0853253981100845
1961-06-06,7.072922866633929
1961-06-07,7.0421166531052855
1961-06-08,7.0371251404932655
1961-06-09,7.035632390676563
1961-06-12,7.002968231307606
1961-06-13,6.975989480549812
1961-06-14,6.986282025095783
1961-06-15,6.968734159110937
1961-06-16,6.922898470010539
1961-06-19,6.874310704906089
1961-06-20,6.923051981145348
1961-06-21,6.926588791171406
1961-06-22,6.912957132919044
1961-06-23,6.932476224368655
1961-06-26,6.88978731851428
1961-06-27,6.875306057053144
1961-06-28,6.893448707554348
1961-06-29,6.891201642050803
1961-06-30,6.9012818444454185
1961-07-03,6.9456249636417
1961-07-05,6.998430634416363
1961-07-06,7.021068630887035
1961-07-07,7.023353191427375
1961-07-10,7.029365999681093
1961-07-11,7.025556558032897
1961-07-12,6.9893169468043554
1961-07-13,6.947304775605223
1961-07-14,6.9878218068033
1961-07-17,6.951258524026746
1961-07-18,6.919182191161342
1961-07-19,6.929917178680872
1961-07-20,6.94635526465165
1961-07-21,6.959455935355994
1961-07-24,6.949681668589781
1961-07-25,6.971940334072853
1961-07-26,7.016532915561721
1961-07-27,7.06331036224451
1961-07-28,7.071404271367513
1961-07-31,7.077584770190796
1961-08-01,7.131199729031179
1961-08-02,7.141757106536094
1961-08-03,7.189130224622952
1961-08-04,7.237754273792435
1961-08-07,7.241165472609063
1961-08-08,7.248114829774317
1961-08-09,7.25737292830375
1961-08-10,7.274875714364136
1961-08-11,7.291726045621995
1961-08-14,7.264278427975577
1961-08-15,7.270060569514717
1961-08-16,7.286502063034141
1961-08-17,7.339675637809626
1961-08-18,7.379409722689571
1961-08-21,7.387428426272755
1961-08-22,7.394543456747968
1961-08-23,7.375108009769308
1961-08-24,7.336669795971903
1961-08-25,7.34973311236645
1961-08-28,7.355311334101693
1961-08-29,7.35481575485632
1961-08-30,7.388803846703384
1961-08-31,7.40878652464492
1961-09-01,7.4396638540794875
1961-09-05,7.420763051528195
1961-09-06,7.471042727304492
1961-09-07,7.46964979818337
1961-09-08,7.431700223979217
1961-09-11,7.3877483266034725
1961-09-12,7.448256985949344
1961-09-13,7.449067237536342
1961-09-14,7.418369129744919
1961-09-15,7.421459475382976
1961-09-18,7.383151377666279
1961-09-19,7.3301398938743345
1961-09-20,7.358396522623115
1961-09-21,7.3817041439651
1961-09-22,7.367342236053956
1961-09-25,7.278214559374126
1961-09-26,7.288002186474453
1961-09-27,7.340864196625526
1961-09-28,7.362676076850948
1961-09-29,7.393704411986592
1961-10-02,7.410548864314021
1961-10-03,7.417722913032285
1961-10-04,7.473740800682861
1961-10-05,7.531807635416952
1961-10-06,7.567654095993816
1961-10-09,7.585780771626071
1961-10-10,7.612736940383974
1961-10-11,7.61780419850893
1961-10-12,7.603776828918667
1961-10-13,7.595054456681731
1961-10-16,7.571324053388683
1961-10-17,7.584503986316564
1961-10-18,7.623818003728751
1961-10-19,7.671805542310027
1961-10-20,7.687947279868726
1961-10-23,7.653438365118298
1961-10-24,7.634312720292319
1961-10-25,7.667227459088619
1961-10-26,7.692656885422927
1961-10-27,7.681023526415992
1961-10-30,7.697347836781152
1961-10-31,7.713609912075743
1961-11-01,7.730056542340869
1961-11-02,7.754680568507297
1961-11-03,7.796667603578183
1961-11-06,7.8560268326727245
1961-11-08,7.925695190385501
1961-11-09,7.92858959974903
1961-11-10,7.9719406846250624
1961-11-13,8.012954760839328
1961-11-14,8.076708958664444
1961-11-15,8.091711290060704
1961-11-16,8.099208465236432
1961-11-17,8.104356953986517
1961-11-20,8.124501726375096
1961-11-21,8.122437925546315
1961-11-22,8.11907250613448
1961-11-24,8.150348188275537
1961-11-27,8.146909186680304
1961-11-28,8.13586077643298
1961-11-29,8.118329631308152
1961-11-30,8.076984229719303
1961-12-01,8.126076445643028
1961-12-04,8.088280338329945
1961-12-05,8.068957161901636
1961-12-06,8.086675011281613
1961-12-07,8.052612395486955
1961-12-08,8.086385602854635
1961-12-11,8.104710188044837
1961-12-12,8.11858043035128
1961-12-13,8.102105978933913
1961-12-14,8.032564152821644
1961-12-15,8.020872726476288
1961-12-18,7.990014551100721
1961-12-19,7.954629725658064
1961-12-20,7.9401975964745795
1961-12-21,7.903300320554565
1961-12-22,7.8943429980126565
1961-12-26,7.870212914666695
1961-12-27,7.917947201590356
1961-12-28,7.932756503673634
1961-12-29,7.931911311640488
1962-01-02,7.839890819702123
1962-01-03,7.831859852992263
1962-01-04,7.735568331954265
1962-01-05,7.627808865507633
1962-01-08,7.5783383819934
1962-01-09,7.579011729546443
1962-01-10,7.567538211255361
1962-01-11,7.614918009911498
1962-01-12,7.653826049800192
1962-01-15,7.630071499753128
1962-01-16,7.593293971162161
1962-01-17,7.529209950541975
1962-01-18,7.51297477692545
1962-01-19,7.558170795424135
1962-01-22,7.546564436286015
1962-01-23,7.499304493443718
1962-01-24,7.495616693602936
1962-01-25,7.476468100750043
1962-01-26,7.446041850843304
1962-01-29,7.419035195500269
1962-01-30,7.461935461703536
1962-01-31,7.523434566415926
1962-02-01,7.564849428272659
1962-02-02,7.61100194236624
1962-02-05,7.627030618190041
1962-02-06,7.6299046452191455
1962-02-07,7.674555529612151
1962-02-08,7.680244138436343
1962-02-09,7.669964027477625
1962-02-12,7.6722376613692225
1962-02-13,7.675191765615848
1962-02-14,7.68683616521914
1962-02-15,7.715866956931052
1962-02-16,7.701250713287496
1962-02-19,7.6895080429642375
1962-02-20,7.708059554197007
1962-02-21,7.678721981775565
1962-02-23,7.681656332689517
1962-02-26,7.6512188553391125
1962-02-27,7.661496079849922
1962-02-28,7.668267449286626
1962-03-01,7.6839843615656855
1962-03-02,7.674077513503436
1962-03-05,7.655769913888118
1962-03-06,7.629305963081793
1962-03-07,7.612601306300251
1962-03-08,7.642475703036174
1962-03-09,7.668035861084229
1962-03-12,7.661744839993162
1962-03-13,7.673243735561962
1962-03-14,7.703779001173677
1962-03-15,7.723573033147042
1962-03-16,7.729068135492136
1962-03-19,7.726477098856341
1962-03-20,7.7229305592594395
1962-03-21,7.720626229435605
1962-03-22,7.716505466327951
1962-03-23,7.724337189710158
1962-03-26,7.684051795272225
1962-03-27,7.661973578253275
1962-03-28,7.689428956414512
1962-03-29,7.686752980974147
1962-03-30,7.643892288473391
1962-04-02,7.625895002913936
1962-04-03,7.577597023488698
1962-04-04,7.545454819695806
1962-04-05,7.587345768822292
1962-04-06,7.589796355863982
1962-04-09,7.536117435744268
1962-04-10,7.563272791350946
1962-04-11,7.55856072990273
1962-04-12,7.492954363952974
1962-04-13,7.491633830253748
1962-04-16,7.476410694624435
1962-04-17,7.513800503507536
1962-04-18,7.557396836620832
1962-04-19,7.58797403976143
1962-04-23,7.587566923773637
1962-04-24,7.579863385224478
1962-04-25,7.516377456440449
1962-04-26,7.458655277853294
1962-04-27,7.382608768400233
1962-04-30,7.260183813430238
1962-05-01,7.285902413484165
1962-05-02,7.283053010091028
1962-05-03,7.2838466443775385
1962-05-04,7.284640365146377
1962-05-07,7.285434172406967
1962-05-08,7.19689012710855
1962-05-09,7.1123721595159655
1962-05-10,7.021502880804686
1962-05-11,6.921757709622763
1962-05-14,6.944724763281647
1962-05-15,7.0872733530083085
1962-05-16,7.084501630358994
1962-05-17,7.085273628501655
1962-05-18,7.086045710768953
1962-05-21,7.072989200058699
1962-05-22,6.956458925832214
1962-05-23,6.813291830596804
1962-05-24,6.748450728972723
1962-05-25,6.579465711355688
1962-05-28,6.129580816562605
1962-05-29,6.127371401475177
1962-05-31,6.128039101136796
1962-06-01,6.128622184057269
1962-06-04,6.129205322458081
1962-06-05,6.1297885163445125
1962-06-06,6.130371765721843
1962-06-07,6.130955070595351
1962-06-08,6.131542323988389
1962-06-11,6.092753500336945
1962-06-12,6.001433686789028
1962-06-13,5.924793482697033
1962-06-14,5.81797867297869
1962-06-15,5.816234446922216
1962-06-18,5.81678786162984
1962-06-19,5.817341328994874
1962-06-20,5.817894849022327
1962-06-21,5.818448421717211
1962-06-22,5.768266646670861
1962-06-25,5.742614533913975
1962-06-26,5.738420550217275
1962-06-27,5.7476664195821545
1962-06-28,5.897561569852645
1962-06-29,5.896026588217265
1962-07-02,5.896783696991458
1962-07-03,5.897540902985989
1962-07-05,5.898298206213342
1962-07-06,5.845710078415606
1962-07-09,5.860958307791896
1962-07-10,5.920061673418534
1962-07-11,5.9576855224516745
1962-07-12,5.984788571537636
1962-07-13,5.982564299698989
1962-07-16,5.983332520780714
1962-07-17,5.984100840509709
1962-07-18,5.984869258898639
1962-07-19,5.985637775960175
1962-07-20,5.9864063917069865
1962-07-23,5.987021291642628
1962-07-24,5.979726003416922
1962-07-25,5.986071353608229
1962-07-26,6.009463432546952
1962-07-27,6.060362886227243
1962-07-30,6.1377698113802746
1962-07-31,6.175152232768237
1962-08-01,6.126278352542023
1962-08-02,6.1238268613334155
1962-08-03,6.124438570398594
1962-08-06,6.125050340567391
1962-08-07,6.12566217184591
1962-08-08,6.126274064240255
1962-08-09,6.126886017756532
1962-08-10,6.130762335684499
1962-08-13,6.15447654818706
1962-08-14,6.202115163891298
1962-08-15,6.239998868994974
1962-08-16,6.2443655838032495
1962-08-17,6.301240070681971
1962-08-20,6.306761260804014
1962-08-21,6.3067627332706975
1962-08-22,6.307392715800124
1962-08-23,6.308022761258505
1962-08-24,6.308652869652128
1962-08-27,6.309283040987277
1962-08-28,6.309913275270241
1962-08-29,6.310543572507308
1962-08-30,6.311173932704766
1962-08-31,6.311804355868904
1962-09-04,6.289332095609121
1962-09-05,6.2578403973075485
1962-09-06,6.285083771454005
1962-09-07,6.288386440699649
1962-09-10,6.2972882882003685
1962-09-11,6.310719320004612
1962-09-12,6.336256644031325
1962-09-13,6.3281930603383785
1962-09-14,6.352424277210575
1962-09-17,6.349949149043314
1962-09-18,6.350650310428351
1962-09-19,6.351351549235629
1962-09-20,6.352052865473695
1962-09-21,6.352754259151101
1962-09-24,6.305804398808703
1962-09-25,6.348891675761609
1962-09-26,6.296062752740669
1962-09-27,6.295038561320892
1962-09-28,6.295733659478833
1962-10-01,6.296444447808987
1962-10-02,6.297155316387145
1962-10-03,6.297866265222365
1962-10-04,6.298577294323708
1962-10-05,6.2992884037002375
1962-10-08,6.299999593361015
1962-10-09,6.302983296845684
1962-10-10,6.275752142104642
1962-10-11,6.27293007525552
1962-10-12,6.272190977557642
1962-10-15,6.272899107919009
1962-10-16,6.273607318228293
1962-10-17,6.27431560849452
1962-10-18,6.275023978726719
1962-10-19,6.1864142470114185
1962-10-22,6.112988601099985
1962-10-23,6.110621918134293
1962-10-24,6.111311807348851
1962-10-25,6.09958263396096
1962-10-26,6.099685238341905
1962-10-29,6.100373892805314
1962-10-30,6.101062625017812
1962-10-31,6.101751434988176
1962-11-01,6.102361060974046
1962-11-02,6.102970747867649
1962-11-05,6.169823065438368
1962-11-07,6.191861003955812
1962-11-08,6.151554278056742
1962-11-09,6.1903025003555125
1962-11-12,6.251844704395077
1962-11-13,6.257539498950686
1962-11-14,6.330095930970727
1962-11-15,6.309266420718412
1962-11-16,6.3262661597054874
1962-11-19,6.314559902544159
1962-11-20,6.367474759958148
1962-11-21,6.365931477041083
1962-11-23,6.366567497254954
1962-11-26,6.367203581013606
1962-11-27,6.376953978428952
1962-11-28,6.3768335536389875
1962-11-29,6.411021675472613
1962-11-30,6.397891868972578
1962-12-03,6.388354396879706
1962-12-04,6.459720064267832
1962-12-05,6.515789650143778
1962-12-06,6.507865161089382
1962-12-07,6.537075442707066
1962-12-10,6.451804320626881
1962-12-11,6.476813611651814
1962-12-12,6.502778610539338
1962-12-13,6.488198769587775
1962-12-14,6.494709733569714
1962-12-17,6.479661594648557
1962-12-18,6.4666552061272915
1962-12-19,6.524030762716308
1962-12-20,6.5557067208479
1962-12-21,6.523655999768145
1962-12-24,6.525090833094316
1962-12-26,6.557783833735579
1962-12-27,6.526163590667676
1962-12-28,6.5145497188385315
1962-12-31,6.513669783216124
1963-01-02,6.51440908473652
1963-01-03,6.515148470167638
1963-01-04,6.515887939519002
1963-01-07,6.516627492800138
1963-01-08,6.567753938831662
1963-01-09,6.554732390996522
1963-01-10,6.572282836024113
1963-01-11,6.580237179110655
1963-01-14,6.6122023801453365
1963-01-15,6.608376112815343
1963-01-16,6.577321780004355
1963-01-17,6.610154916987708
1963-01-18,6.615045975822621
1963-01-21,6.625362797854569
1963-01-22,6.638366245400923
1963-01-23,6.6481414537985115
1963-01-24,6.645571569844591
1963-01-25,6.646325842217769
1963-01-28,6.686463131590497
1963-01-29,6.680852569741983
1963-01-30,6.637793584250573
1963-01-31,6.674871846333654
1963-02-01,6.691379601457376
1963-02-04,6.679632705727962
1963-02-05,6.665796413024289
1963-02-06,6.704089590609967
1963-02-07,6.702702429921194
1963-02-08,6.6955233857713266
1963-02-11,6.646708451823095
1963-02-12,6.6558123748217835
1963-02-13,6.686022725652824
1963-02-14,6.710943269968078
1963-02-15,6.718720172371071
1963-02-18,6.7145628826687584
1963-02-19,6.683927347097558
1963-02-20,6.6457723303130996
1963-02-21,6.653116949750658
1963-02-25,6.621119595592988
1963-02-26,6.623773956500715
1963-02-27,6.583410593267653
1963-02-28,6.511456725892718
1963-03-01,6.494330883586218
1963-03-04,6.492798218080417
1963-03-05,6.4935085302054745
1963-03-06,6.494218920038678
1963-03-07,6.49492938758853
1963-03-08,6.495639932863532
1963-03-11,6.496350555872187
1963-03-12,6.497061256622999
1963-03-13,6.520377591438709
1963-03-14,6.491184173991964
1963-03-15,6.540306603870978
1963-03-18,6.501956617841813
1963-03-19,6.4935275198040765
1963-03-20,6.5526575451660065
1963-03-21,6.555191628202294
1963-03-22,6.592090344529585
1963-03-25,6.601230422390128
1963-03-26,6.603748994698215
1963-03-27,6.60668973159259
1963-03-28,6.606145679482606
1963-03-29,6.605584468836855
1963-04-01,6.653370076400057
1963-04-02,6.674509227150258
1963-04-03,6.743547876973306
1963-04-04,6.7795166924941554
1963-04-05,6.815778270393737
1963-04-08,6.840366184401735
1963-04-09,6.834147212233313
1963-04-10,6.760283554917692
1963-04-11,6.8291315607018275
1963-04-15,6.86661608442246
1963-04-16,6.854194470072123
1963-04-17,6.831275061002
1963-04-18,6.843345173617973
1963-04-19,6.859459801574311
1963-04-22,6.868996866441111
1963-04-23,6.900810330386722
1963-04-24,6.913504813932584
1963-04-25,6.913334156425202
1963-04-26,6.903219221436874
1963-04-29,6.901598677293936
1963-04-30,6.931878798014931
1963-05-01,6.955090825342026
1963-05-02,6.975184425923066
1963-05-03,6.960526069089892
1963-05-06,6.909166948013543
1963-05-07,6.91020962243293
1963-05-08,6.965175430308292
1963-05-09,6.979185034664146
1963-05-10,7.005979730193786
1963-05-13,6.986111753189803
1963-05-14,6.947613063065411
1963-05-15,6.984439193764968
1963-05-16,6.980793312686673
1963-05-17,6.979198480111501
1963-05-20,6.967613483604324
1963-05-21,6.996144004880305
1963-05-22,7.01982959796769
1963-05-23,7.021697074850002
1963-05-24,7.019291962911373
1963-05-27,7.01374339316751
1963-05-28,7.019871641130613
1963-05-29,7.066907889803977
1963-05-31,7.101699748212872
1963-06-03,7.107052642013535
1963-06-04,7.101212247967773
1963-06-05,7.067916312874953
1963-06-06,7.069292528038003
1963-06-07,7.046872192036447
1963-06-10,6.992961306221747
1963-06-11,7.000866117317108
1963-06-12,7.030267465202509
1963-06-13,7.018849980622549
1963-06-14,7.019741886688633
1963-06-17,6.999935617810669
1963-06-18,7.0109035475157535
1963-06-19,7.012192303687985
1963-06-20,6.998204948504397
1963-06-21,7.030285053501631
1963-06-24,7.043855566557584
1963-06-25,7.041142361899391
1963-06-26,7.009336430832245
1963-06-27,6.956447868746691
1963-06-28,6.953768332435418
1963-07-01,6.954620655819925
1963-07-02,6.955473083673709
1963-07-03,6.956325616009575
1963-07-05,6.95717825284033
1963-07-08,6.958030994178781
1963-07-09,6.9975871210978635
1963-07-10,6.994072970229581
1963-07-11,6.984192080304601
1963-07-12,6.988791137582493
1963-07-15,6.939236800169399
1963-07-16,6.931911153752731
1963-07-17,6.91353729801676
1963-07-18,6.868608471633427
1963-07-19,6.844589023790898
1963-07-22,6.790817792569961
1963-07-23,6.788254318035245
1963-07-24,6.789086354367006
1963-07-25,6.789918492681461
1963-07-26,6.79075073299111
1963-07-29,6.791583075308453
1963-07-30,6.792415519645994
1963-07-31,6.793248066016237
1963-08-01,6.781351561204604
1963-08-02,6.807865176361058
1963-08-05,6.851493564028259
1963-08-06,6.888581924782839
1963-08-07,6.873668428688895
1963-08-08,6.8828547740505925
1963-08-09,6.917608212396918
1963-08-12,6.929292221030125
1963-08-13,6.948201410584214
1963-08-14,6.9546671582737485
1963-08-15,6.995968244824477
1963-08-16,7.011987729206997
1963-08-19,7.013101582896821
1963-08-20,7.01455296165996
1963-08-21,7.008506676488938
1963-08-22,7.027391934137135
1963-08-23,7.037925033217997
1963-08-26,7.047524533986222
1963-08-27,7.017348853810648
1963-08-28,7.072671311078217
1963-08-29,7.087790012364254
1963-08-30,7.120790810591397
1963-09-03,7.138726125434349
1963-09-04,7.130273680005429
1963-09-05,7.1592434407890835
1963-09-06,7.123226000620382
1963-09-09,7.090614955007613
1963-09-10,7.136437192986338
1963-09-11,7.157691903229329
1963-09-12,7.146662302736351
1963-09-13,7.138908937322302
1963-09-16,7.130539711540326
1963-09-17,7.135847138346784
1963-09-18,7.094373521273201
1963-09-19,7.133404218938789
1963-09-20,7.14510035202329
1963-09-23,7.107076385115051
1963-09-24,7.111421537157191
1963-09-25,7.074300050810344
1963-09-26,7.012770075847665
1963-09-27,6.995041177916638
1963-09-30,6.946364855359267
1963-10-01,6.998893206335239
1963-10-02,6.999868741510459
1963-10-03,6.999328311423353
1963-10-04,7.000209596851044
1963-10-07,7.001090993241383
1963-10-08,7.001972500608342
1963-10-09,6.953489455665889
1963-10-10,6.956359260076528
1963-10-11,6.9745180145710135
1963-10-14,6.98081505754665
1963-10-15,6.994186526946136
1963-10-16,7.05670913351085
1963-10-17,7.079257293496229
1963-10-18,7.090009561473316
1963-10-21,7.083319667341739
1963-10-22,7.053964325408413
1963-10-23,7.039143025365615
1963-10-24,7.060418329864744
1963-10-25,7.095759476608361
1963-10-28,7.11480308172318
1963-10-29,7.109344541951876
1963-10-30,7.034644525904195
1963-10-31,7.059656518416525
1963-11-01,7.025979271015244
1963-11-04,6.962310059738921
1963-11-06,6.899883586905901
1963-11-07,6.91881848357637
1963-11-08,6.949853927447981
1963-11-11,6.972529130844776
1963-11-12,6.948415290133295
1963-11-13,6.955286532354739
1963-11-14,6.937037459707491
1963-11-15,6.902823427032055
1963-11-18,6.852187333759845
1963-11-19,6.865266205966681
1963-11-20,6.899665208712145
1963-11-21,6.796963599109212
1963-11-22,6.5645439530550345
1963-11-26,6.874427788297785
1963-11-27,6.8718203235387785
1963-11-29,6.910966273896889
1963-12-02,6.953130169086186
1963-12-03,6.9544768211446994
1963-12-04,6.971496779180368
1963-12-05,7.022078992419238
1963-12-06,7.002176459298816
1963-12-09,6.985932373933041
1963-12-10,6.99728466533556
1963-12-11,6.993950563098072
1963-12-12,6.9963579855537
1963-12-13,7.009992041272185
1963-12-16,7.027835487103539
1963-12-17,7.038196572840568
1963-12-18,7.0376931832769065
1963-12-19,7.0025734701144104
1963-12-20,6.981215343221219
1963-12-23,6.9384315470930185
1963-12-24,6.947072738416386
1963-12-26,6.982610872953625
1963-12-27,7.003415723739104
1963-12-30,7.006402279022373
1963-12-31,7.0519794484641025
1964-01-02,7.10107541242206
1964-01-03,7.095920588198316
1964-01-06,7.10993054283838
1964-01-07,7.1119959159994455
1964-01-08,7.12817117767631
1964-01-09,7.147464073564739
1964-01-10,7.155827744941016
1964-01-13,7.158819989823351
1964-01-14,7.169954014200023
1964-01-15,7.182206239765755
1964-01-16,7.180804135291707
1964-01-17,7.187811008655644
1964-01-20,7.174237693823213
1964-01-21,7.185284684029499
1964-01-22,7.226354593380897
1964-01-23,7.228886943427143
1964-01-24,7.2231153285529
1964-01-27,7.203626641885939
1964-01-28,7.19265060250873
1964-01-29,7.141993984031218
1964-01-30,7.141635757515987
1964-01-31,7.161434605363211
1964-02-03,7.16612632928514
1964-02-04,7.156914579841713
1964-02-05,7.1563018446349576
1964-02-06,7.175054984176566
1964-02-07,7.219332851736301
1964-02-10,7.197218250859519
1964-02-11,7.217490449677297
1964-02-12,7.22823753404516
1964-02-13,7.228625579166426
1964-02-14,7.235842503266463
1964-02-17,7.240159894376545
1964-02-18,7.234927481791827
1964-02-19,7.234264992497443
1964-02-20,7.246456551174833
1964-02-24,7.268666662881439
1964-02-25,7.276711317190656
1964-02-26,7.3125800578233005
1964-02-27,7.288999357527322
1964-02-28,7.316380981750684
1964-03-02,7.332884965300747
1964-03-03,7.327767496062868
1964-03-04,7.307653085528403
1964-03-05,7.3149616783078795
1964-03-06,7.339491241432685
1964-03-09,7.349990867116718
1964-03-10,7.369191152253201
1964-03-11,7.398884415567177
1964-03-12,7.409161208880984
1964-03-13,7.4104731307925205
1964-03-16,7.406672691569851
1964-03-17,7.429053071750842
1964-03-18,7.441808400914825
1964-03-19,7.433844485584171
1964-03-20,7.406524252082768
1964-03-23,7.409869783870875
1964-03-24,7.390643265970717
1964-03-25,7.41096275759337
1964-03-26,7.44760084499577
1964-03-30,7.453623026913615
1964-03-31,7.438070260117058
1964-04-01,7.4696379511756055
1964-04-02,7.521350560875043
1964-04-03,7.542017444974414
1964-04-06,7.558765310863279
1964-04-07,7.542479779531125
1964-04-08,7.5423547564041185
1964-04-09,7.5401453348215135
1964-04-10,7.56089372787497
1964-04-13,7.556122857999684
1964-04-14,7.570998904659767
1964-04-15,7.579024366269873
1964-04-16,7.579573259875545
1964-04-17,7.608687190164916
1964-04-20,7.609154779751802
1964-04-21,7.612839418864511
1964-04-22,7.600994987261722
1964-04-23,7.58780803525453
1964-04-24,7.523554672967354
1964-04-27,7.499759457528713
1964-04-28,7.549189623743676
1964-04-29,7.52875901172024
1964-04-30,7.527375301391057
1964-05-01,7.52835265580019
1964-05-04,7.529330137109019
1964-05-05,7.530307745334022
1964-05-06,7.549509752812922
1964-05-07,7.545511940686162
1964-05-08,7.5386578915441484
1964-05-11,7.542934865375295
1964-05-12,7.569938880738553
1964-05-13,7.546047851987674
1964-05-14,7.5368477332279
1964-05-15,7.561450277879841
1964-05-18,7.529807065526777
1964-05-19,7.5139628937853695
1964-05-20,7.555057393369248
1964-05-21,7.557209651511462
1964-05-22,7.5607387225845315
1964-05-25,7.556306973086178
1964-05-26,7.543663095846653
1964-05-27,7.521891161862648
1964-05-28,7.529974250635137
1964-06-01,7.505482079822579
1964-06-02,7.462678092597336
1964-06-03,7.44782838927441
1964-06-04,7.360014987081075
1964-06-05,7.389086317027496
1964-06-08,7.346071491406093
1964-06-09,7.343398270058097
1964-06-10,7.344398220600531
1964-06-11,7.34539830730623
1964-06-12,7.346398530193736
1964-06-15,7.3473988892815925
1964-06-16,7.3845828944677265
1964-06-17,7.423192530610915
1964-06-18,7.415111995846656
1964-06-19,7.419641708263699
1964-06-22,7.4402234871627835
1964-06-23,7.414294472967457
1964-06-24,7.442030229128772
1964-06-25,7.456158723402937
1964-06-26,7.470103249458259
1964-06-29,7.481808933767069
1964-06-30,7.496955300454743
1964-07-01,7.545644745317894
1964-07-02,7.5689730052882975
1964-07-06,7.592987710823026
1964-07-07,7.598070998393123
1964-07-08,7.602356217910562
1964-07-09,7.604452403632263
1964-07-10,7.625126979015741
1964-07-13,7.622433641532351
1964-07-14,7.608596636559819
1964-07-15,7.633536698406702
1964-07-16,7.656134994725716
1964-07-17,7.688519003214825
1964-07-20,7.673499744022898
1964-07-21,7.66347905786597
1964-07-22,7.675660355211446
1964-07-23,7.676084568560709
1964-07-24,7.680118324493875
1964-07-27,7.655766816746386
1964-07-28,7.636959234764226
1964-07-29,7.652121700910226
1964-07-30,7.657492079800136
1964-07-31,7.662643126676734
1964-08-03,7.647842960807248
1964-08-04,7.56909108938968
1964-08-05,7.568994562232953
1964-08-06,7.515214191634905
1964-08-07,7.553684139930761
1964-08-10,7.560545037272965
1964-08-11,7.563161951176831
1964-08-12,7.56038697729134
1964-08-13,7.561393718421236
1964-08-14,7.562400593608782
1964-08-17,7.55857293623228
1964-08-18,7.5592030633780976
1964-08-19,7.552894596976074
1964-08-20,7.524943011431768
1964-08-21,7.535525321851999
1964-08-24,7.524277246678875
1964-08-25,7.49359962441927
1964-08-26,7.477629746581669
1964-08-27,7.499587951358818
1964-08-28,7.519768888076421
1964-08-31,7.505465333274962
1964-09-01,7.5370410850692595
1964-09-02,7.55086137756253
1964-09-03,7.566056129162794
1964-09-04,7.575431167651507
1964-09-08,7.586956953000159
1964-09-09,7.606923014741568
1964-09-10,7.624784753730336
1964-09-11,7.652071745704311
1964-09-14,7.646490134909982
1964-09-15,7.628049500534825
1964-09-16,7.6399167001581745
1964-09-17,7.674530228753185
1964-09-18,7.657971135793536
1964-09-21,7.68979132824353
1964-09-22,7.69248591880469
1964-09-23,7.696248722516641
1964-09-24,7.699181084451895
1964-09-25,7.710287608389336
1964-09-28,7.7256227334063805
1964-09-29,7.720638666290853
1964-09-30,7.716629833853158
1964-10-01,7.7109814142302975
1964-10-02,7.718691818411198
1964-10-05,7.749389257898355
1964-10-06,7.746809958412953
1964-10-07,7.758247193520808
1964-10-08,7.77490187648771
1964-10-09,7.793279801550684
1964-10-12,7.797955056854563
1964-10-13,7.788581001554832
1964-10-14,7.772220229563743
1964-10-15,7.7155070507404115
1964-10-16,7.771514199812298
1964-10-19,7.793655762193162
1964-10-20,7.810180545701467
1964-10-21,7.807536689623957
1964-10-22,7.801320889899395
1964-10-23,7.817684626101459
1964-10-26,7.8093121801754295
1964-10-27,7.8012839985869045
1964-10-28,7.7682490776397275
1964-10-29,7.770356777010479
1964-10-30,7.788697695341638
1964-11-02,7.818035623120351
1964-11-04,7.815200382769983
1964-11-05,7.8229755838326325
1964-11-06,7.850968638610748
1964-11-09,7.8539384515561625
1964-11-10,7.830013193559075
1964-11-11,7.864046442244869
1964-11-12,7.884631628913895
1964-11-13,7.898500581345675
1964-11-16,7.935396143573617
1964-11-17,7.974735565936336
1964-11-18,8.00629379478255
1964-11-19,8.00739896857102
1964-11-20,8.028096951396812
1964-11-23,8.016079395129369
1964-11-24,7.9846940975757725
1964-11-25,7.966235729957932
1964-11-27,7.938519884077832
1964-11-30,7.873241842989043
1964-12-01,7.7765638398183885
1964-12-02,7.793812811434797
1964-12-03,7.823061584681629
1964-12-04,7.83647300257028
1964-12-07,7.833656806524581
1964-12-08,7.834759002037258
1964-12-09,7.79533514251268
1964-12-10,7.788142703858744
1964-12-11,7.792415629881498
1964-12-14,7.7750353194539334
1964-12-15,7.746917549436534
1964-12-16,7.772344995064321
1964-12-17,7.797082010722093
1964-12-18,7.8195755929047674
1964-12-21,7.827684293109908
1964-12-22,7.828715137887133
1964-12-23,7.824823213625269
1964-12-24,7.832356157600081
1964-12-28,7.8255248736039045
1964-12-29,7.796702991735644
1964-12-30,7.840619091875637
1964-12-31,7.874682008247131
1965-01-04,7.825396603383999
1965-01-05,7.862716692548346
1965-01-06,7.891827128922097
1965-01-07,7.912223773880979
1965-01-08,7.934596246068884
1965-01-11,7.94610601867206
1965-01-12,7.976532905028197
1965-01-13,8.010886772593533
1965-01-14,8.017418608483457
1965-01-15,8.042799937612033
1965-01-18,8.06485481434284
1965-01-19,8.082712333598604
1965-01-20,8.085917791053113
1965-01-21,8.080240151436072
1965-01-22,8.104981838029259
1965-01-25,8.119106632626728
1965-01-26,8.124422797218626
1965-01-27,8.147688024082505
1965-01-28,8.17289188448922
1965-01-29,8.197587523963035
1965-02-01,8.207952568557179
1965-02-02,8.216948425746773
1965-02-03,8.234618354981055
1965-02-04,8.25349247776163
1965-02-05,8.251771458241546
1965-02-08,8.219728097566943
1965-02-09,8.249370546293346
1965-02-10,8.192194717962728
1965-02-11,8.1315713696013
1965-02-12,8.162982659729504
1965-02-15,8.163488226628496
1965-02-16,8.133833222799836
1965-02-17,8.145690711968982
1965-02-18,8.16792485235991
1965-02-19,8.182741848117095
1965-02-23,8.215694492145067
1965-02-24,8.25730391211985
1965-02-25,8.266997426554664
1965-02-26,8.276989635542067
1965-03-01,8.275523806977604
1965-03-02,8.293514391904504
1965-03-03,8.299904911120828
1965-03-04,8.279946114958236
1965-03-05,8.265526762930731
1965-03-08,8.271734232692323
1965-03-09,8.265022127829106
1965-03-10,8.258399840465065
1965-03-11,8.2895735114111
1965-03-12,8.304159721239133
1965-03-15,8.29812830356352
1965-03-16,8.27893892912598
1965-03-17,8.266919018868052
1965-03-18,8.244638650565506
1965-03-19,8.25380146322919
1965-03-22,8.249261963132172
1965-03-23,8.256579761513246
1965-03-24,8.275820654641649
1965-03-25,8.25616394797989
1965-03-26,8.19773874053209
1965-03-29,8.16817374091265
1965-03-30,8.180310477460964
1965-03-31,8.185434878483575
1965-04-01,8.193187638023494
1965-04-02,8.213611094878688
1965-04-05,8.213290439944105
1965-04-06,8.210222926258236
1965-04-07,8.21830479680526
1965-04-08,8.256186456301322
1965-04-09,8.300337731857232
1965-04-12,8.337679948275564
1965-04-13,8.350079266971562
1965-04-14,8.370759789867149
1965-04-15,8.369571971220967
1965-04-19,8.4076832799303
1965-04-20,8.404006563287538
1965-04-21,8.37501675482902
1965-04-22,8.40594035814445
1965-04-23,8.420277660968813
1965-04-26,8.422754122890508
1965-04-27,8.436625257639637
1965-04-28,8.426925940057494
1965-04-29,8.425904377246571
1965-04-30,8.461704165207902
1965-05-03,8.49131968389772
1965-05-04,8.551499580389939
1965-05-05,8.551890618705176
1965-05-06,8.571285498351857
1965-05-07,8.576017831071901
1965-05-10,8.567971821864731
1965-05-11,8.560026032488208
1965-05-12,8.584303026045195
1965-05-13,8.61425433370336
1965-05-14,8.603341784989063
1965-05-17,8.54059580126682
1965-05-18,8.525228247988455
1965-05-19,8.535419215043461
1965-05-20,8.484326534982044
1965-05-21,8.446768949444932
1965-05-24,8.37814493891368
1965-05-25,8.431797819615658
1965-05-26,8.410393796701861
1965-05-27,8.346120370402883
1965-05-28,8.398744940443809
1965-06-01,8.342346274539397
1965-06-02,8.263366915024184
1965-06-03,8.248606138277445
1965-06-04,8.256580237631818
1965-06-07,8.231356829298397
1965-06-08,8.134165225759274
1965-06-09,8.06224138087204
1965-06-10,8.009552215678832
1965-06-11,8.04255798199632
1965-06-14,7.928362848853604
1965-06-15,7.97452654282098
1965-06-16,8.054034160721093
1965-06-17,8.10469537472923
1965-06-18,8.082232538880481
1965-06-21,8.049335569899197
1965-06-22,8.049285179666791
1965-06-23,7.995215499756925
1965-06-24,7.879004274031103
1965-06-25,7.823329843751236
1965-06-28,7.658669503144486
1965-06-29,7.721408395994036
1965-06-30,7.900617481798375
1965-07-01,7.945815839882451
1965-07-02,8.002301760755687
1965-07-06,7.992403321618865
1965-07-07,7.96688643959325
1965-07-08,8.031545318825087
1965-07-09,8.072550882046263
1965-07-12,8.08410150777818
1965-07-13,8.068359462154291
1965-07-14,8.081927339579957
1965-07-15,8.080451688018465
1965-07-16,8.080313265240486
1965-07-19,8.074855386966671
1965-07-20,7.968169532196302
1965-07-21,7.912258197003232
1965-07-22,7.894254164661992
1965-07-23,7.914148820987267
1965-07-26,7.914540658258346
1965-07-27,7.89795243397034
1965-07-28,7.915654582675801
1965-07-29,7.979766670483068
1965-07-30,8.034334347465057
1965-08-02,8.045906036271987
1965-08-03,8.075102429245321
1965-08-04,8.123325378538315
1965-08-05,8.127320260982186
1965-08-06,8.160609036243821
1965-08-09,8.156446994265199
1965-08-10,8.153493297950929
1965-08-11,8.188221172039473
1965-08-12,8.220310211100909
1965-08-13,8.25895881130205
1965-08-16,8.26872481467299
1965-08-17,8.267674312260537
1965-08-18,8.27646228172573
1965-08-19,8.236472947690343
1965-08-20,8.231319587728374
1965-08-23,8.2300699350588
1965-08-24,8.255461241309114
1965-08-25,8.267262732051364
1965-08-26,8.29608258078659
1965-08-27,8.310141019290308
1965-08-30,8.31605316523006
1965-08-31,8.32154785822165
1965-09-01,8.322932757137714
1965-09-02,8.381767423329128
1965-09-03,8.429757313318833
1965-09-07,8.462639245612767
1965-09-08,8.469462130064377
1965-09-09,8.4837952868947
1965-09-10,8.480003788271041
1965-09-13,8.491497880142338
1965-09-14,8.452240707736532
1965-09-15,8.487167323348789
1965-09-16,8.530588090212362
1965-09-17,8.532334571862917
1965-09-20,8.542860596233373
1965-09-21,8.521961806709617
1965-09-22,8.57452325760569
1965-09-23,8.532160145630998
1965-09-24,8.556311216260697
1965-09-27,8.611953389524032
1965-09-28,8.596373211672915
1965-09-29,8.541287870878666
1965-09-30,8.525486218109174
1965-10-01,8.504967075985233
1965-10-04,8.543946256529592
1965-10-05,8.609238687490025
1965-10-06,8.607685505424683
1965-10-07,8.60339156065165
1965-10-08,8.66483991264135
1965-10-11,8.732361751202001
1965-10-12,8.725386889482886
1965-10-13,8.731788818244016
1965-10-14,8.730927345440541
1965-10-15,8.75864342481563
1965-10-18,8.79858951776251
1965-10-19,8.79454943251819
1965-10-20,8.808334926624422
1965-10-21,8.820870946087059
1965-10-22,8.810198883136866
1965-10-25,8.750124203752023
1965-10-26,8.789097193919666
1965-10-27,8.83572455945554
1965-10-28,8.819454615369782
1965-10-29,8.840952443441651
1965-11-01,8.82195816084886
1965-11-03,8.82990991308611
1965-11-04,8.8476750007124
1965-11-05,8.854607499912461
1965-11-08,8.829283004322308
1965-11-09,8.81860781492312
1965-11-10,8.820296019904147
1965-11-11,8.842914362263308
1965-11-12,8.890323364766674
1965-11-15,8.909284494132068
1965-11-16,8.90564203640016
1965-11-17,8.889137211747556
1965-11-18,8.86675643827585
1965-11-19,8.880706951395005
1965-11-22,8.834328906371692
1965-11-23,8.855445385337468
1965-11-24,8.881540484974286
1965-11-26,8.924619520497457
1965-11-29,8.933502542902373
1965-11-30,8.928908456633968
1965-12-01,8.941142915045534
1965-12-02,8.946787531201302
1965-12-03,8.955263534566537
1965-12-06,8.869846797801472
1965-12-07,8.95902615874705
1965-12-08,8.9778847563145
1965-12-09,9.010811464440192
1965-12-10,9.030782803979584
1965-12-13,9.055035622439368
1965-12-14,9.074968509054404
1965-12-15,9.09532139610214
1965-12-16,9.137466631123951
1965-12-17,9.151143824463567
1965-12-20,9.10144833462399
1965-12-21,9.12969851981812
1965-12-22,9.122246796974197
1965-12-23,9.100180997979203
1965-12-27,9.051586284374759
1965-12-28,9.028383732151504
1965-12-29,9.05148262141246
1965-12-30,9.075175220484091
1965-12-31,9.110881509439006
1966-01-03,9.095086134052172
1966-01-04,9.106146594431555
1966-01-05,9.168923574232647
1966-01-06,9.189566487509355
1966-01-07,9.196273904088635
1966-01-10,9.233754028155614
1966-01-11,9.259844764424887
1966-01-12,9.25960810140091
1966-01-13,9.292799118963691
1966-01-14,9.318197948665919
1966-01-17,9.357905426372497
1966-01-18,9.385203332205636
1966-01-19,9.353506227791351
1966-01-20,9.331479096300725
1966-01-21,9.341661290478687
1966-01-24,9.377119461239735
1966-01-25,9.414108301591241
1966-01-26,9.428848861548277
1966-01-27,9.45185354592943
1966-01-28,9.424206222115354
1966-01-31,9.36082536772595
1966-02-01,9.245156487441198
1966-02-02,9.292787596679677
1966-02-03,9.30177382019015
1966-02-04,9.363157326998971
1966-02-07,9.408029385555691
1966-02-08,9.418520973799613
1966-02-09,9.49954447321591
1966-02-10,9.50073659982221
1966-02-11,9.52470368482398
1966-02-14,9.530850534357306
1966-02-15,9.496308801656234
1966-02-16,9.506334467588195
1966-02-17,9.456951281799876
1966-02-18,9.436656365511254
1966-02-21,9.37749543392537
1966-02-23,9.326041119230455
1966-02-24,9.28927606166996
1966-02-25,9.337626332672244
1966-02-28,9.389234026502821
1966-03-01,9.253722371519261
1966-03-02,9.132992576778182
1966-03-03,9.201722321675241
1966-03-04,9.14738190279833
1966-03-07,8.983460826700604
1966-03-08,8.982990795029517
1966-03-09,9.080675999492941
1966-03-10,9.066576091976799
1966-03-11,9.048250661691574
1966-03-14,8.922551654775843
1966-03-15,8.825342927958902
1966-03-16,8.884718476124746
1966-03-17,8.927511099779778
1966-03-18,8.995269062203864
1966-03-21,9.105619639719784
1966-03-22,9.140288994626763
1966-03-23,9.122122382533899
1966-03-24,9.154173212937797
1966-03-25,9.205665187231926
1966-03-28,9.249994759969905
1966-03-29,9.208621617013407
1966-03-30,9.126048481128686
1966-03-31,9.183567716773672
1966-04-01,9.266803011886843
1966-04-04,9.35720299160941
1966-04-05,9.414524522269359
1966-04-06,9.448242445083682
1966-04-07,9.518268902184216
1966-04-11,9.56769345377612
1966-04-12,9.545110000054734
1966-04-13,9.570680589816293
1966-04-14,9.624199958373168
1966-04-15,9.621559492802962
1966-04-18,9.555116460595011
1966-04-19,9.563197333756904
1966-04-20,9.606645342304557
1966-04-21,9.63199963705763
1966-04-22,9.600463602670235
1966-04-25,9.579139934539864
1966-04-26,9.571547981293733
1966-04-27,9.529058545622586
1966-04-28,9.445537475219906
1966-04-29,9.462527428039781
1966-05-02,9.447073700988561
1966-05-03,9.313245090523056
1966-05-04,9.251706298580881
1966-05-05,9.029711647257557
1966-05-06,9.001979820310044
1966-05-09,8.806066834433254
1966-05-10,8.901012836947091
1966-05-11,8.903539531832504
1966-05-12,8.893290039689338
1966-05-13,8.894683379907397
1966-05-16,8.896416597910804
1966-05-17,8.898150153649071
1966-05-18,8.89988404718801
1966-05-19,8.901618278593444
1966-05-20,8.90335284793121
1966-05-23,8.905087755267157
1966-05-24,8.991772199634124
1966-05-25,9.049382960904124
1966-05-26,9.051095459326007
1966-05-27,9.090337044315268
1966-05-31,8.936925892446032
1966-06-01,8.942524471141649
1966-06-02,8.941201538856523
1966-06-03,8.957528525387195
1966-06-06,8.879416861966225
1966-06-07,8.809007021531576
1966-06-08,8.853133665450942
1966-06-09,8.97014514551683
1966-06-10,9.089833143547125
1966-06-13,9.125535731817905
1966-06-14,9.175357951779084
1966-06-15,9.149069115816408
1966-06-16,9.166292460498315
1966-06-17,9.188961868236575
1966-06-20,9.19350251599824
1966-06-21,9.251113074938845
1966-06-22,9.276090432418673
1966-06-23,9.197518044812549
1966-06-24,9.174053300518844
1966-06-27,9.075190313195154
1966-06-28,9.051854799318985
1966-06-29,8.93394563135694
1966-06-30,8.926449408530374
1966-07-01,9.022890827392335
1966-07-05,9.020127717617266
1966-07-06,9.15343665254298
1966-07-07,9.183371327567649
1966-07-08,9.202964984987473
1966-07-11,9.188897206802721
1966-07-12,9.146052110279067
1966-07-13,9.079103376550663
1966-07-14,9.141058080808843
1966-07-15,9.171691142694932
1966-07-18,9.152652975633181
1966-07-19,9.06954977626755
1966-07-20,8.98894044119872
1966-07-21,8.990873704936593
1966-07-22,8.992462320725892
1966-07-25,8.771556032359705
1966-07-26,8.75682530226621
1966-07-27,8.810346155430182
1966-07-28,8.777205503051523
1966-07-29,8.773743195081297
1966-08-01,8.772510739961351
1966-08-02,8.774071457347096
1966-08-03,8.775632452400073
1966-08-04,8.777193725169678
1966-08-05,8.776493518606296
1966-08-08,8.76144462612597
1966-08-09,8.756279776048611
1966-08-10,8.71066333129617
1966-08-11,8.72681562168361
1966-08-12,8.782388684423022
1966-08-15,8.745306773289519
1966-08-16,8.628633193064614
1966-08-17,8.580556414751651
1966-08-18,8.452925914197642
1966-08-19,8.381261617000234
1966-08-22,8.378561350890887
1966-08-23,8.380051980740824
1966-08-24,8.381542875788716
1966-08-25,8.383034036081746
1966-08-26,8.384525461667105
1966-08-29,8.38601715259199
1966-08-30,8.387509108903606
1966-08-31,8.38900133064917
1966-09-01,8.39059616369214
1966-09-02,8.392191299928818
1966-09-06,8.393786739416846
1966-09-07,8.389263632814322
1966-09-08,8.36106431674833
1966-09-09,8.365370870196799
1966-09-12,8.536535348787666
1966-09-13,8.576419937559017
1966-09-14,8.67084398575516
1966-09-15,8.68847179513531
1966-09-16,8.682185505719684
1966-09-19,8.633614592849748
1966-09-20,8.581678547378225
1966-09-21,8.404537976711298
1966-09-22,8.433555304063216
1966-09-23,8.407734335241907
1966-09-26,8.436114414463225
1966-09-27,8.433499345072471
1966-09-28,8.407537813783174
1966-09-29,8.408136257701992
1966-09-30,8.431167613649755
1966-10-03,8.209333170002521
1966-10-04,8.209915425363384
1966-10-05,8.141072151519667
1966-10-06,8.03121714853216
1966-10-07,7.996353086882226
1966-10-10,7.997085086263587
1966-10-11,7.998795102967583
1966-10-12,8.056586737334428
1966-10-13,8.072564323473605
1966-10-14,8.059255733582429
1966-10-17,8.143086571300099
1966-10-18,8.288786978558162
1966-10-19,8.222907619691217
1966-10-20,8.204436039708675
1966-10-21,8.220446880081662
1966-10-24,8.248702639343051
1966-10-25,8.285215463271904
1966-10-26,8.35041748489008
1966-10-27,8.358715066201576
1966-10-28,8.360483928685204
1966-10-31,8.352623377823706
1966-11-01,8.422048966050077
1966-11-02,8.422571829079958
1966-11-03,8.40525492348505
1966-11-04,8.447065416489027
1966-11-07,8.452867496508421
1966-11-09,8.566775214097337
1966-11-10,8.616195386922008
1966-11-11,8.633921162094405
1966-11-14,8.599154239819134
1966-11-15,8.679718179467315
1966-11-16,8.778791268968066
1966-11-17,8.700081017040159
1966-11-18,8.656590493577491
1966-11-21,8.533597173312259
1966-11-22,8.514850917183074
1966-11-23,8.610836090013972
1966-11-25,8.7092487574929
1966-11-28,8.722019283643029
1966-11-29,8.700841970189476
1966-11-30,8.747092285026788
1966-12-01,8.706648112145507
1966-12-02,8.70651007830354
1966-12-05,8.740960989058618
1966-12-06,8.823150827541147
1966-12-07,8.92142891274008
1966-12-08,8.951838719186235
1966-12-09,8.953434135127033
1966-12-12,9.04215042393028
1966-12-13,9.019203849403642
1966-12-14,9.027870109922992
1966-12-15,8.934521207446894
1966-12-16,8.921423169545559
1966-12-19,8.902100365406536
1966-12-20,8.852555445327715
1966-12-21,8.903633535415599
1966-12-22,8.940493347268752
1966-12-23,8.921828979291016
1966-12-27,8.871587067372303
1966-12-28,8.827983630540478
1966-12-29,8.781716267942498
1966-12-30,8.786907702682127
1967-01-03,8.782581067643589
1967-01-04,8.796511052264785
1967-01-05,8.918895674742886
1967-01-06,9.009250249478631
1967-01-09,9.019933195013273
1967-01-10,9.016324144203674
1967-01-11,9.124390083069347
1967-01-12,9.19100674517293
1967-01-13,9.254949664824514
1967-01-16,9.2361398536435
1967-01-17,9.349549806988886
1967-01-18,9.372935595683884
1967-01-19,9.373643146816864
1967-01-20,9.428122518318315
1967-01-23,9.440524175320949
1967-01-24,9.464143994937414
1967-01-25,9.405903508395982
1967-01-26,9.419091002572724
1967-01-27,9.445370532520036
1967-01-30,9.479494330701396
1967-01-31,9.465428441956744
1967-02-01,9.43738156031277
1967-02-02,9.478556901405039
1967-02-03,9.533301015428787
1967-02-06,9.527330107268071
1967-02-07,9.508027144307903
1967-02-08,9.581855321999795
1967-02-09,9.560301047994843
1967-02-10,9.573500140916746
1967-02-13,9.58479825762601
1967-02-14,9.665122036976117
1967-02-15,9.671815815280649
1967-02-16,9.609923418142392
1967-02-17,9.617466470445605
1967-02-20,9.593927735590066
1967-02-21,9.61005818027455
1967-02-23,9.614237403204173
1967-02-24,9.626419694754453
1967-02-27,9.515101215261145
1967-02-28,9.587260253005697
1967-03-01,9.706313225555737
1967-03-02,9.74884093124673
1967-03-03,9.760093533013983
1967-03-06,9.760972137066673
1967-03-07,9.790638713558145
1967-03-08,9.804559377326134
1967-03-09,9.854434640377987
1967-03-10,9.88336367282429
1967-03-13,9.823492451224622
1967-03-14,9.80283529418773
1967-03-15,9.898511487318746
1967-03-16,9.978960126264859
1967-03-17,10.000003014080976
1967-03-20,9.992228928012839
1967-03-21,9.969860683874282
1967-03-22,10.005108185373965
1967-03-23,10.05850958171934
1967-03-27,10.05331582444715
1967-03-28,10.056157499320491
1967-03-29,10.064155515610835
1967-03-30,10.096898728982092
1967-03-31,10.04371917515553
1967-04-03,9.917667423801737
1967-04-04,9.925998538462423
1967-04-05,9.989165236759217
1967-04-06,10.02288125602588
1967-04-07,9.966228695187924
1967-04-10,9.848842454108171
1967-04-11,9.919912681151477
1967-04-12,9.919412660655105
1967-04-13,9.980523563764155
1967-04-14,10.063486967629384
1967-04-17,10.096826025157732
1967-04-18,10.164676780145573
1967-04-19,10.189963776020603
1967-04-20,10.229982992770331
1967-04-21,10.254789523772358
1967-04-24,10.300640467896336
1967-04-25,10.363647636699598
1967-04-26,10.362174601802693
1967-04-27,10.45196231840608
1967-04-28,10.48082768695114
1967-05-01,10.496678001025492
1967-05-02,10.511634073276083
1967-05-03,10.547604200325722
1967-05-04,10.580705993944877
1967-05-05,10.571716538871335
1967-05-08,10.58000404459561
1967-05-09,10.479904956298856
1967-05-10,10.44028717429288
1967-05-11,10.471281372896076
1967-05-12,10.444291228117583
1967-05-15,10.36495077919609
1967-05-16,10.401742170264269
1967-05-17,10.381703914693764
1967-05-18,10.365633296866326
1967-05-19,10.329109110007492
1967-05-22,10.310161541275937
1967-05-23,10.291514259772493
1967-05-24,10.165449354497119
1967-05-25,10.249984494874097
1967-05-26,10.24424101590889
1967-05-29,10.202626475621422
1967-05-31,10.00748388209859
1967-06-01,10.137652236608172
1967-06-02,10.115683471305907
1967-06-05,9.94305961549891
1967-06-06,10.142623320670106
1967-06-07,10.234891443483441
1967-06-08,10.29666340580941
1967-06-09,10.340127103129644
1967-06-12,10.410055181001495
1967-06-13,10.48183120828371
1967-06-14,10.487852403743481
1967-06-15,10.496041556116293
1967-06-16,10.491001378162574
1967-06-19,10.499251697621148
1967-06-20,10.50448630028314
1967-06-21,10.482251592049986
1967-06-22,10.472261169927238
1967-06-23,10.4832984390182
1967-06-26,10.463440809986674
1967-06-27,10.413076938123407
1967-06-28,10.419994870716286
1967-06-29,10.356502746286267
1967-06-30,10.345203684600943
1967-07-03,10.387226647802756
1967-07-05,10.458294122110468
1967-07-06,10.467852643495421
1967-07-07,10.549316455857218
1967-07-10,10.63596760802983
1967-07-11,10.672951394172486
1967-07-12,10.698966595720622
1967-07-13,10.71469385092073
1967-07-14,10.736261644178535
1967-07-17,10.738112027082797
1967-07-18,10.802937945943636
1967-07-19,10.839700728286534
1967-07-20,10.84937888332904
1967-07-21,10.847428161715523
1967-07-24,10.802441141000761
1967-07-25,10.814903441733128
1967-07-26,10.844966955112968
1967-07-27,10.872200422034211
1967-07-28,10.90405794193062
1967-07-31,10.935069056635017
1967-08-01,10.999187295106056
1967-08-02,11.035541050319335
1967-08-03,11.014348264242498
1967-08-04,11.046478692657415
1967-08-07,11.02899389712917
1967-08-08,11.02935696289476
1967-08-09,11.045068612487922
1967-08-10,11.012756440323924
1967-08-11,10.952327421118625
1967-08-14,10.904084621872578
1967-08-15,10.926711781937843
1967-08-16,10.912396580784584
1967-08-17,10.917981872470738
1967-08-18,10.927791231197787
1967-08-21,10.874865127584025
1967-08-22,10.829702204028456
1967-08-23,10.819507971180093
1967-08-24,10.763242094731734
1967-08-25,10.72491049874741
1967-08-28,10.727050345279524
1967-08-29,10.769706815739198
1967-08-30,10.811376697381418
1967-08-31,10.895447239979559
1967-09-01,10.930450813702468
1967-09-05,10.990910541158362
1967-09-06,11.022548698954482
1967-09-07,11.018857234606246
1967-09-08,11.040943155026094
1967-09-11,11.070167021946407
1967-09-12,11.131667300645653
1967-09-13,11.206037025330465
1967-09-14,11.213516728509365
1967-09-15,11.230080784619897
1967-09-18,11.252761332150184
1967-09-19,11.208100373074274
1967-09-20,11.209375561558097
1967-09-21,11.257833171802131
1967-09-22,11.285896582130041
1967-09-25,11.328188235290254
1967-09-26,11.235907421724706
1967-09-27,11.246107231193372
1967-09-28,11.25707910430758
1967-09-29,11.264031795098946
1967-10-02,11.226751836864505
1967-10-03,11.274673087180815
1967-10-04,11.269424721631946
1967-10-05,11.307462383854526
1967-10-06,11.394058165092915
1967-10-09,11.426793196285029
1967-10-10,11.358479146777633
1967-10-11,11.315608708855466
1967-10-12,11.25146492830023
1967-10-13,11.283766890806552
1967-10-16,11.194848167098288
1967-10-17,11.16625096288335
1967-10-18,11.229396089602384
1967-10-19,11.255506046208627
1967-10-20,11.255758821987495
1967-10-23,11.201893417992055
1967-10-24,11.16165456763491
1967-10-25,11.21187988419143
1967-10-26,11.302958685928541
1967-10-27,11.302003216735914
1967-10-30,11.276476714094134
1967-10-31,11.172589396417244
1967-11-01,11.025136736938274
1967-11-02,10.951164411144694
1967-11-03,10.906092351269516
1967-11-06,10.875339726334053
1967-11-08,10.820158229224742
1967-11-09,10.860439216438536
1967-11-10,10.856959533396958
1967-11-13,10.858910420455514
1967-11-14,10.762683487354556
1967-11-15,10.82328652956365
1967-11-16,10.955705238602343
1967-11-17,11.00492709261575
1967-11-20,10.80760822084428
1967-11-21,11.06620431316698
1967-11-22,11.119935077836185
1967-11-24,11.15324115863974
1967-11-27,11.189469424091884
1967-11-28,11.222733317893066
1967-11-29,11.225739680447264
1967-11-30,11.180288011603297
1967-12-01,11.241432608568658
1967-12-04,11.328009709631283
1967-12-05,11.344266789339914
1967-12-06,11.387334066316617
1967-12-07,11.37965881689044
1967-12-08,11.391988756976845
1967-12-11,11.379176753887457
1967-12-12,11.366318115271831
1967-12-13,11.42757884759639
1967-12-14,11.454615284962125
1967-12-15,11.360933039609849
1967-12-18,11.268567516038777
1967-12-19,11.265636318835307
1967-12-20,11.332420309983117
1967-12-21,11.365256356509015
1967-12-22,11.353062975716233
1967-12-26,11.36708925318063
1967-12-27,11.459189471419922
1967-12-28,11.45384716946272
1967-12-29,11.531365366882858
1968-01-02,11.471819606945147
1968-01-03,11.417706418795367
1968-01-04,11.399824654892589
1968-01-05,11.462350458214358
1968-01-08,11.554809820875263
1968-01-09,11.562179559923017
1968-01-10,11.582072422684824
1968-01-11,11.655499362282633
1968-01-12,11.691900507662352
1968-01-15,11.694375045185232
1968-01-16,11.64253877816523
1968-01-17,11.665909251244804
1968-01-18,11.680714254355335
1968-01-19,11.638302376356325
1968-01-22,11.466268177271587
1968-01-23,11.44251190573837
1968-01-24,11.384544324687761
1968-01-25,11.405835492461858
1968-01-26,11.430282924519888
1968-01-29,11.419802679492191
1968-01-30,11.420435293171355
1968-01-31,11.298979534945008
1968-02-01,11.341574298433024
1968-02-02,11.294792690459944
1968-02-05,11.247703956101955
1968-02-06,11.260843315379216
1968-02-07,11.282251540157477
1968-02-08,11.124349503075786
1968-02-09,10.973740766457054
1968-02-13,10.854669465856208
1968-02-14,10.943390385956599
1968-02-15,10.959789125170065
1968-02-16,10.95258834263025
1968-02-19,10.954160025406388
1968-02-20,10.956404313712394
1968-02-21,10.967638367018992
1968-02-23,10.863879091114073
1968-02-26,10.777428623749866
1968-02-27,10.840970099927485
1968-02-28,10.787058873208972
1968-02-29,10.699148987470883
1968-03-01,10.64397703048735
1968-03-04,10.469151525312737
1968-03-05,10.422254385476876
1968-03-06,10.627287171640914
1968-03-07,10.623892175133467
1968-03-08,10.62581116877706
1968-03-11,10.627730509048476
1968-03-12,10.662681842798357
1968-03-13,10.645690456513265
1968-03-14,10.409387430679201
1968-03-15,10.501439316474281
1968-03-18,10.58594935015468
1968-03-19,10.522980017118826
1968-03-20,10.522453394905943
1968-03-21,10.4367558207137
1968-03-22,10.450749876644066
1968-03-25,10.441013260216799
1968-03-26,10.522418470348898
1968-03-27,10.62607108214195
1968-03-28,10.628431343267938
1968-03-29,10.725494850433762
1968-04-01,10.995173006738115
1968-04-02,11.040865792044785
1968-04-03,11.16468225712723
1968-04-04,11.202313991198912
1968-04-05,11.126370410793688
1968-04-08,11.338953314472937
1968-04-10,11.471248153401111
1968-04-11,11.568880684136744
1968-04-15,11.567931534761001
1968-04-16,11.627253952876057
1968-04-17,11.69646571229534
1968-04-18,11.743813349362346
1968-04-19,11.580699371372978
1968-04-22,11.529970276339887
1968-04-23,11.705418130177634
1968-04-24,11.744945511594775
1968-04-25,11.796541345935228
1968-04-26,11.847543871602335
1968-04-29,11.886059049387365
1968-04-30,11.916939903300877
1968-05-01,11.975257746811051
1968-05-02,12.038203349711326
1968-05-03,12.049263276156033
1968-05-06,12.049518057238524
1968-05-07,12.11926177981757
1968-05-08,12.137787777676213
1968-05-09,12.079132259589128
1968-05-10,12.13762919942678
1968-05-13,12.144659819528634
1968-05-14,12.159222236741199
1968-05-15,12.173825870165548
1968-05-16,12.129854107038515
1968-05-17,12.078889149844537
1968-05-20,12.03229817688212
1968-05-21,12.110102132541215
1968-05-22,12.159465660072087
1968-05-23,12.178546003968828
1968-05-24,12.222350038840004
1968-05-27,12.218150395883852
1968-05-28,12.26057133899056
1968-05-29,12.305994040366349
1968-05-31,12.411810224398968
1968-06-03,12.565858282713014
1968-06-04,12.647771903644877
1968-06-05,12.579923847897675
1968-06-06,12.710406349068167
1968-06-07,12.806158880955131
1968-06-10,12.819342377112724
1968-06-11,12.87230925497175
1968-06-13,12.827674850452873
1968-06-14,12.796057912774263
1968-06-17,12.653544497131865
1968-06-18,12.645571127580757
1968-06-20,12.70802161478326
1968-06-21,12.756443312860133
1968-06-24,12.750813586749517
1968-06-25,12.721824232555134
1968-06-27,12.742739355278353
1968-06-28,12.725713099138137
1968-07-01,12.71993559206442
1968-07-02,12.822239853694256
1968-07-03,13.073481021063218
1968-07-08,13.266613397680127
1968-07-09,13.28476976054284
1968-07-11,13.292281733979054
1968-07-12,13.291090350006542
1968-07-15,13.281763996527959
1968-07-16,13.239327508864804
1968-07-18,13.216346175700012
1968-07-19,13.087173433603597
1968-07-22,12.869515336781257
1968-07-23,12.803481941947968
1968-07-25,12.6164104536119
1968-07-26,12.641472662590793
1968-07-29,12.509599702905975
1968-07-30,12.509659473605835
1968-08-01,12.456916166603435
1968-08-02,12.381531110188496
1968-08-05,12.446030119137879
1968-08-06,12.535923902894863
1968-08-08,12.540923132033539
1968-08-09,12.549360738802166
1968-08-12,12.698606127656012
1968-08-13,12.756850101347013
1968-08-15,12.732767759016227
1968-08-16,12.796821972016836
1968-08-19,12.873812157755019
1968-08-20,12.918926310552676
1968-08-22,12.854205664777949
1968-08-23,12.86929105019732
1968-08-26,12.88091038718011
1968-08-27,12.83520437444642
1968-08-29,12.78578527100491
1968-08-30,12.828736122468387
1968-09-03,12.868449970940874
1968-09-04,12.926670688352166
1968-09-05,13.01545530049181
1968-09-06,13.08597039626562
1968-09-09,13.127006744654942
1968-09-10,13.070974825381631
1968-09-12,13.059813464165993
1968-09-13,13.121883143070615
1968-09-16,13.194615429286934
1968-09-17,13.258416139898175
1968-09-19,13.329965638944083
1968-09-20,13.382646433971445
1968-09-23,13.446589193765622
1968-09-24,13.497803248192517
1968-09-26,13.479526182139836
1968-09-27,13.540211079467385
1968-09-30,13.637221802738559
1968-10-01,13.679286163954524
1968-10-03,13.721665127377035
1968-10-04,13.749567781884618
1968-10-07,13.742651795621006
1968-10-08,13.730202607499761
1968-10-10,13.677158049712647
1968-10-11,13.711124063653589
1968-10-14,13.743470568145252
1968-10-15,13.774975059588181
1968-10-17,13.860620914369074
1968-10-18,13.948306242297784
1968-10-21,13.979399474679587
1968-10-22,13.9469420039381
1968-10-24,13.907656306345583
1968-10-25,13.951129574145813
1968-10-28,13.922028310627677
1968-10-29,13.844138075869296
1968-10-31,13.830833836661077
1968-11-01,13.776142552330235
1968-11-04,13.759131695866518
1968-11-06,13.783471927483136
1968-11-07,13.800636779933921
1968-11-08,13.879155162329683
1968-11-12,13.968810997986246
1968-11-13,14.04180453868791
1968-11-14,14.064760248008035
1968-11-15,14.101911957258938
1968-11-18,14.108704684067025
1968-11-19,14.177258382245764
1968-11-21,14.158838037335855
1968-11-22,14.243071476409947
1968-11-25,14.291543224133529
1968-11-26,14.387748859157789
1968-11-27,14.460929270045922
1968-11-29,14.596315461911141
1968-12-02,14.589489069792748
1968-12-03,14.557400835788451
1968-12-05,14.520584565430214
1968-12-06,14.549573936072994
1968-12-09,14.547232435162341
1968-12-10,14.513621878859823
1968-12-12,14.536960352323412
1968-12-13,14.601541060372368
1968-12-16,14.5469161436671
1968-12-17,14.46599859710924
1968-12-19,14.477528068713795
1968-12-20,14.429449113862262
1968-12-23,14.271187123765564
1968-12-24,14.24118017958586
1968-12-26,14.266858884447185
1968-12-27,14.198838775732268
1968-12-30,14.038493395801218
1968-12-31,14.072316020704536
1969-01-02,14.102022523049957
1969-01-03,14.096540461546475
1969-01-06,13.891704430350641
1969-01-07,13.673001011389978
1969-01-08,13.592722003366186
1969-01-09,13.651790375841705
1969-01-10,13.62503145736963
1969-01-13,13.502669352292527
1969-01-14,13.613587587184458
1969-01-15,13.705874477732467
1969-01-16,13.784540861555524
1969-01-17,13.788211422074632
1969-01-20,13.792767260879206
1969-01-21,13.750597865024895
1969-01-22,13.7980643581398
1969-01-23,13.884207136647673
1969-01-24,13.873301811119493
1969-01-27,13.878623196010345
1969-01-28,13.88151279277404
1969-01-29,13.894082148177858
1969-01-30,13.89961140690658
1969-01-31,13.957704908752874
1969-02-03,13.960238457255421
1969-02-04,13.962056545319822
1969-02-05,13.99055507097665
1969-02-06,14.02587257194106
1969-02-07,14.028188090372172
1969-02-11,14.028883396517363
1969-02-12,14.027294650670706
1969-02-13,14.015376649762572
1969-02-14,14.00366652844701
1969-02-17,13.82416195475048
1969-02-18,13.627647533274443
1969-02-19,13.508099558764979
1969-02-20,13.36751045693417
1969-02-24,13.16008975917887
1969-02-25,13.068491680782875
1969-02-26,13.117174093568357
1969-02-27,13.038410079954495
1969-02-28,13.042525362901545
1969-03-03,13.040425831865873
1969-03-04,13.168004077532384
1969-03-05,13.220240455832078
1969-03-06,13.065057467259225
1969-03-07,13.066435222527577
1969-03-10,13.100792143047466
1969-03-11,13.150321145519085
1969-03-12,13.133034269711553
1969-03-13,13.076416878508402
1969-03-14,13.00355362606983
1969-03-17,13.015876752607014
1969-03-18,13.076518724344737
1969-03-19,13.174287116847598
1969-03-20,13.258629006108846
1969-03-21,13.238074404427454
1969-03-24,13.221052033479506
1969-03-25,13.245238127542809
1969-03-26,13.362213917422203
1969-03-27,13.4494640804365
1969-03-28,13.510090586741478
1969-04-01,13.492815963727232
1969-04-02,13.397075409759111
1969-04-03,13.367578915343135
1969-04-07,13.26110642717766
1969-04-08,13.300535820316599
1969-04-09,13.426114601161526
1969-04-10,13.492100827990736
1969-04-11,13.514060880006626
1969-04-14,13.506273634537827
1969-04-15,13.499622978610665
1969-04-16,13.354929154459972
1969-04-17,13.364532816205871
1969-04-18,13.449623007007096
1969-04-21,13.363036297786921
1969-04-22,13.372296868509332
1969-04-23,13.409198089343622
1969-04-24,13.459767917923019
1969-04-25,13.517479575888423
1969-04-28,13.558262877320693
1969-04-29,13.671607376315125
1969-04-30,13.769612661487994
1969-05-01,13.758560075780379
1969-05-02,13.827301998319173
1969-05-05,13.92031703304549
1969-05-06,13.953846285217372
1969-05-07,13.888087612328922
1969-05-08,13.941416816444526
1969-05-09,13.952670553736468
1969-05-12,13.934590436406303
1969-05-13,14.005993943819593
1969-05-14,14.10679927346699
1969-05-15,14.07622567979996
1969-05-16,14.069137100135704
1969-05-19,13.925424183694371
1969-05-20,13.80570690226884
1969-05-21,13.87712913825784
1969-05-22,13.90629551246622
1969-05-23,13.872140658921305
1969-05-26,13.864432551858
1969-05-27,13.78513009849142
1969-05-28,13.744875618847756
1969-05-29,13.800683579872121
1969-06-02,13.724807516867186
1969-06-03,13.691099891423132
1969-06-04,13.70410582335699
1969-06-05,13.71922984729004
1969-06-06,13.627882810581628
1969-06-09,13.492247963481107
1969-06-10,13.392614979430487
1969-06-11,13.278516978192629
1969-06-12,13.09691575779384
1969-06-13,13.127159825619744
1969-06-16,13.123774972559382
1969-06-17,13.0953469134798
1969-06-18,13.096221799129422
1969-06-19,13.096838952356086
1969-06-20,13.099900906293103
1969-06-23,13.073472206784295
1969-06-24,13.08952033248539
1969-06-25,13.09197940891113
1969-06-26,13.091582935604487
1969-06-27,13.095723659097718
1969-06-30,13.138392035886298
1969-07-01,13.182058223809635
1969-07-02,13.294023489290112
1969-07-03,13.381700534572463
1969-07-07,13.324296903546545
1969-07-08,13.124501876254442
1969-07-09,13.027328778380301
1969-07-10,12.818261646628798
1969-07-11,12.85053495487781
1969-07-14,12.694946409100764
1969-07-15,12.620337972250175
1969-07-16,12.73679626160375
1969-07-17,12.748601517099923
1969-07-18,12.7507256859004
1969-07-22,12.716325125394338
1969-07-23,12.628197316938584
1969-07-24,12.593528068775989
1969-07-25,12.466719198728184
1969-07-28,12.163499909775192
1969-07-29,12.020073002381892
1969-07-30,12.07024159144863
1969-07-31,12.12570420557154
1969-08-01,12.127365919369892
1969-08-04,12.130246532596718
1969-08-05,12.133127830055605
1969-08-06,12.228727650251074
1969-08-07,12.251817862613239
1969-08-08,12.26105308968042
1969-08-11,12.205052383177351
1969-08-12,12.118361144829366
1969-08-13,12.119211704713
1969-08-14,12.257995997598155
1969-08-15,12.395642187752747
1969-08-18,12.476002902630448
1969-08-19,12.58375441726299
1969-08-20,12.59986901793579
1969-08-21,12.646518784640202
1969-08-22,12.738971234900955
1969-08-25,12.616986759688118
1969-08-26,12.51057136527292
1969-08-27,12.56698925841059
1969-08-28,12.627062170417295
1969-08-29,12.716060584240946
1969-09-02,12.707314393893201
1969-09-03,12.62378703477846
1969-09-04,12.509923015992975
1969-09-05,12.429549695613572
1969-09-08,12.28176689293708
1969-09-09,12.37545269488306
1969-09-10,12.60317874695767
1969-09-11,12.49921103018893
1969-09-12,12.503115657986122
1969-09-15,12.595656799929905
1969-09-16,12.630528708513216
1969-09-17,12.621976833205796
1969-09-18,12.680744186771998
1969-09-19,12.755593308511552
1969-09-22,12.834842202118443
1969-09-23,12.87557770873069
1969-09-24,12.83615352252616
1969-09-25,12.76880473912897
1969-09-26,12.690194188131244
1969-09-29,12.60089555571224
1969-09-30,12.558693987963391
1969-10-01,12.500145890564987
1969-10-02,12.585911229670891
1969-10-03,12.583319001403185
1969-10-06,12.586592174341831
1969-10-07,12.589866198698221
1969-10-08,12.524531028877472
1969-10-09,12.564102840889793
1969-10-10,12.668111282413424
1969-10-13,12.842313831118163
1969-10-14,13.016434735440733
1969-10-15,13.035505464475852
1969-10-16,13.190194859941155
1969-10-17,13.172788140299124
1969-10-20,13.171673626285841
1969-10-21,13.310078637287136
1969-10-22,13.463956648103535
1969-10-23,13.409158570725287
1969-10-24,13.506527152377389
1969-10-27,13.493621572326807
1969-10-28,13.450921711943723
1969-10-29,13.331958810347874
1969-10-30,13.340804141013491
1969-10-31,13.37766089927637
1969-11-03,13.349830425476913
1969-11-04,13.370098496668959
1969-11-05,13.439904049871311
1969-11-06,13.483365962495567
1969-11-07,13.572929641720735
1969-11-10,13.601364778581884
1969-11-11,13.56209776283087
1969-11-12,13.546824707612235
1969-11-13,13.543747864662546
1969-11-14,13.490944934464661
1969-11-17,13.391610680620156
1969-11-18,13.383130745541605
1969-11-19,13.35049844221802
1969-11-20,13.216875363757172
1969-11-21,13.213873461048781
1969-11-24,13.21748098064238
1969-11-25,13.221089485124903
1969-11-26,13.224698974765236
1969-11-28,13.228309449832334
1969-12-01,13.232145924138974
1969-12-02,13.235983511099892
1969-12-03,13.239822211037781
1969-12-04,13.243662024275427
1969-12-05,13.247502951135708
1969-12-08,13.251344991941597
1969-12-09,13.25518814701616
1969-12-10,13.259032416682558
1969-12-11,13.262877801264045
1969-12-12,13.266724301083968
1969-12-15,13.27057191646577
1969-12-16,13.274420647732983
1969-12-17,13.278270495209238
1969-12-18,13.282121459218258
1969-12-19,13.28597354008386
1969-12-22,13.209795811867703
1969-12-23,13.141651975889543
1969-12-24,13.29100919538438
1969-12-26,13.355623261523665
1969-12-29,13.3242801451269
1969-12-30,13.323203754227327
1969-12-31,13.388746564581162
1970-01-02,13.387925013735924
1970-01-05,13.3949280716724
1970-01-06,13.320223755187142
1970-01-07,13.319087366915907
1970-01-08,13.31622053391929
1970-01-09,13.320014325149405
1970-01-12,13.23429054735046
1970-01-13,13.232008245172866
1970-01-14,13.229522426567327
1970-01-15,13.213987918446383
1970-01-16,13.160853961175494
1970-01-19,13.158366810125997
1970-01-20,13.162115628830202
1970-01-21,13.165865515572856
1970-01-22,13.169616470658243
1970-01-23,13.173368494390733
1970-01-26,13.177121587074785
1970-01-27,13.180875749014943
1970-01-28,13.184630980515838
1970-01-29,13.188387281882187
1970-01-30,13.192144653418795
1970-02-02,13.19643684960323
1970-02-03,13.200730442296617
1970-02-04,13.205025431953322
1970-02-05,13.209321819027862
1970-02-06,13.2136196039749
1970-02-09,13.217918787249248
1970-02-10,13.222219369305867
1970-02-11,13.226521350599864
1970-02-12,13.230824731586495
1970-02-13,13.235129512721162
1970-02-16,13.23943569445942
1970-02-17,13.243743277256968
1970-02-18,13.313427010935843
1970-02-19,13.313124324973145
1970-02-20,13.315755310823562
1970-02-24,13.311329352342907
1970-02-25,13.312609792510019
1970-02-26,13.316941183232109
1970-02-27,13.336312773804805
1970-03-02,13.338866658050415
1970-03-03,13.455692989112721
1970-03-04,13.43560062093197
1970-03-05,13.437045116080354
1970-03-06,13.365473422062461
1970-03-09,13.25419285444757
1970-03-10,13.230865943245645
1970-03-11,13.227309640234516
1970-03-12,13.230170415174612
1970-03-13,13.233751690004295
1970-03-16,13.237333934249262
1970-03-17,13.240917148171924
1970-03-18,13.244501332034764
1970-03-19,13.248086486100332
1970-03-20,13.251672610631255
1970-03-23,13.255259705890227
1970-03-24,13.258847772140015
1970-03-25,13.262436809643456
1970-03-26,13.266026818663459
1970-03-30,13.269617799463003
1970-03-31,13.259596429812591
1970-04-01,13.295205493768506
1970-04-02,13.24697554540783
1970-04-03,13.176376303982689
1970-04-06,13.074328381602966
1970-04-07,13.014085243432143
1970-04-08,12.98851966601267
1970-04-09,12.984968820800008
1970-04-10,12.98791290278075
1970-04-13,12.990857652273197
1970-04-14,12.993803069428697
1970-04-15,12.99674915439863
1970-04-16,12.999695907334408
1970-04-17,13.002643328387478
1970-04-20,13.005591417709324
1970-04-21,13.008540175451461
1970-04-22,13.011489601765442
1970-04-23,13.014439696802851
1970-04-24,13.017390460715308
1970-04-27,13.020341893654468
1970-04-28,13.023293995772017
1970-04-29,13.026246767219678
1970-04-30,12.986518650452007
1970-05-01,12.976737631436247
1970-05-04,12.800165623688583
1970-05-05,12.799841835024415
1970-05-06,12.803064195206384
1970-05-07,12.806287366617529
1970-05-08,12.809511349462076
1970-05-11,12.812736143944305
1970-05-12,12.815961750268544
1970-05-13,12.819188168639176
1970-05-14,12.822415399260633
1970-05-15,12.825643442337398
1970-05-18,12.828872298074009
1970-05-19,12.590689018702463
1970-05-20,12.263386159294054
1970-05-21,12.011001418694667
1970-05-22,11.975681722786039
1970-05-25,11.521015019374293
1970-05-26,11.360728240199371
1970-05-27,12.076340423399548
1970-05-28,12.43002904342386
1970-05-29,12.785302261671548
1970-06-01,13.071164102831297
1970-06-02,13.04701494039816
1970-06-03,13.169998083631354
1970-06-04,12.919925404038853
1970-06-05,12.699899477029703
1970-06-08,12.734432086912447
1970-06-09,12.798162235239596
1970-06-10,12.692739257660229
1970-06-11,12.689728267585592
1970-06-12,12.693064524044422
1970-06-15,12.696401657638438
1970-06-16,12.699739668598248
1970-06-17,12.70307855715452
1970-06-18,12.706418323537982
1970-06-19,12.709758967979424
1970-06-22,12.713100490709696
1970-06-23,12.716442891959709
1970-06-24,12.719786171960434
1970-06-25,12.723130330942904
1970-06-26,12.726475369138212
1970-06-29,12.729821286777513
1970-06-30,12.73316808409202
1970-07-01,12.738390576871344
1970-07-02,12.733086072321608
1970-07-06,12.709135131664398
1970-07-07,12.660027433511349
1970-07-08,12.660173197556643
1970-07-09,12.663158213193162
1970-07-10,12.666143932636668
1970-07-13,12.669130356053104
1970-07-14,12.672117483608453
1970-07-15,12.675105315468738
1970-07-16,12.678093851800018
1970-07-17,12.681083092768393
1970-07-20,12.684073038540005
1970-07-21,12.68706368928103
1970-07-22,12.690055045157688
1970-07-23,12.693047106336234
1970-07-24,12.696039872982965
1970-07-27,12.699033345264215
1970-07-28,12.702027523346361
1970-07-29,12.705022407395814
1970-07-30,12.708017997579029
1970-07-31,12.711719704737959
1970-08-03,12.559852641957553
1970-08-04,12.582399728972867
1970-08-05,12.568604524436294
1970-08-06,12.552872928118905
1970-08-07,12.595234982030444
1970-08-10,12.409562684823563
1970-08-11,12.35570401623074
1970-08-12,12.35263515743447
1970-08-13,12.355744933335355
1970-08-14,12.358855492122323
1970-08-17,12.361966833992467
1970-08-18,12.365078959142926
1970-08-19,12.368191867770891
1970-08-20,12.371305560073603
1970-08-21,12.374420036248353
1970-08-24,12.377535296492479
1970-08-25,12.359742231314874
1970-08-26,12.37622412469577
1970-08-27,12.361252708439704
1970-08-28,12.446658155583485
1970-08-31,12.423437561873238
1970-09-01,12.365349927269595
1970-09-02,12.36478431577379
1970-09-03,12.572910000535153
1970-09-04,12.683715660220319
1970-09-08,12.721833279415442
1970-09-09,12.705402328438645
1970-09-10,12.624828577655732
1970-09-11,12.675164567262103
1970-09-14,12.645844443549489
1970-09-15,12.510688697832991
1970-09-16,12.497072792424706
1970-09-17,12.54279579841178
1970-09-18,12.582659176006644
1970-09-21,12.499942940956442
1970-09-22,12.434842323785398
1970-09-23,12.594407496815391
1970-09-24,12.777582128312051
1970-09-25,12.803119960909935
1970-09-28,12.793214523012239
1970-09-29,12.898321109464494
1970-09-30,12.8792923188539
1970-10-01,12.920037455238685
1970-10-02,13.068906283995505
1970-10-05,13.273119936291577
1970-10-06,13.2878285730501
1970-10-07,13.278959336116388
1970-10-08,13.118321022523867
1970-10-09,12.975829968646108
1970-10-12,12.861214427146589
1970-10-13,12.833338921826067
1970-10-14,12.875725150996095
1970-10-15,12.87197220782758
1970-10-16,12.874657687389298
1970-10-19,12.877343727222618
1970-10-20,12.880030327444427
1970-10-21,12.882717488171641
1970-10-22,12.885405209521197
1970-10-23,12.888093491610059
1970-10-26,12.890782334555213
1970-10-27,12.893471738473671
1970-10-28,12.903994150863111
1970-10-29,12.904361142532723
1970-10-30,12.89676709928766
1970-11-02,12.931323131468334
1970-11-03,13.02552837789289
1970-11-04,13.066301412928656
1970-11-05,13.036950838078974
1970-11-06,13.046629751022856
1970-11-09,13.076067681986697
1970-11-10,13.074910990564824
1970-11-11,13.117639868955452
1970-11-12,12.954115783933503
1970-11-13,12.851264429257638
1970-11-16,12.833382755308675
1970-11-17,12.858221267748089
1970-11-18,12.78529582979274
1970-11-19,12.784385636782712
1970-11-20,12.780925993459713
1970-11-23,12.783859215975212
1970-11-24,12.78679311166528
1970-11-25,12.827285466375256
1970-11-27,12.928611068094451
1970-11-30,13.13640660983713
1970-12-01,13.178046084000764
1970-12-02,13.315038337146053
1970-12-03,13.385516599155412
1970-12-04,13.461849063058624
1970-12-07,13.515118372764594
1970-12-08,13.446828672417123
1970-12-09,13.435370494090936
1970-12-10,13.461195562245335
1970-12-11,13.518042928029272
1970-12-14,13.454272364544035
1970-12-15,13.433656108951926
1970-12-16,13.44888783499625
1970-12-17,13.493875443822052
1970-12-18,13.521365542149773
1970-12-21,13.46467937593437
1970-12-22,13.529939216705625
1970-12-23,13.571233326081462
1970-12-24,13.637346853818356
1970-12-28,13.700870546588796
1970-12-29,13.833018679304315
1970-12-30,13.859573547343084
1970-12-31,13.845433840161677
1971-01-04,13.74363301125617
1971-01-05,13.843852259919638
1971-01-06,13.952094835088461
1971-01-07,13.998873102942126
1971-01-08,14.024941846953851
1971-01-11,14.05761013398421
1971-01-12,14.21947994353769
1971-01-13,14.251934671592787
1971-01-14,14.279307311433987
1971-01-15,14.339489927431996
1971-01-18,14.41266401642932
1971-01-19,14.446062526540132
1971-01-20,14.44082255199887
1971-01-21,14.47905942389479
1971-01-22,14.531393670292415
1971-01-25,14.569779333387652
1971-01-26,14.590993020461807
1971-01-27,14.490451355826846
1971-01-28,14.560491210835753
1971-01-29,14.63221062821209
1971-02-01,14.720356194573252
1971-02-02,14.755063641251672
1971-02-03,14.804742522258266
1971-02-04,14.80797724830457
1971-02-05,14.852966284979086
1971-02-08,14.926677595992398
1971-02-09,14.933542484394387
1971-02-10,14.926144298588001
1971-02-11,15.020711543489597
1971-02-12,15.106905243079451
1971-02-16,15.14371919943679
1971-02-17,15.085128156688613
1971-02-18,14.990714885081191
1971-02-19,14.850201623472007
1971-02-22,14.690388125260629
1971-02-23,14.783706795126959
1971-02-24,14.899579856365447
1971-02-25,14.958541656941886
1971-02-26,14.91425241994887
1971-03-01,14.984119198594318
1971-03-02,15.02565673044518
1971-03-03,15.055711668331515
1971-03-04,15.203438481835377
1971-03-05,15.369226919138837
1971-03-08,15.467174118276084
1971-03-09,15.54959143122149
1971-03-10,15.531745750769428
1971-03-11,15.514182259264793
1971-03-12,15.505112487113726
1971-03-15,15.639819208388273
1971-03-16,15.722035500417576
1971-03-17,15.709192144981717
1971-03-18,15.755147310767033
1971-03-19,15.734831041079016
1971-03-22,15.677078815469335
1971-03-23,15.615932989643868
1971-03-24,15.524648562741554
1971-03-25,15.511891695397235
1971-03-26,15.58607119988143
1971-03-29,15.609395215815503
1971-03-30,15.633617975969702
1971-03-31,15.66636769974274
1971-04-01,15.695117334149217
1971-04-02,15.73541938026194
1971-04-05,15.755913179714979
1971-04-06,15.814561009046079
1971-04-07,15.902352221625488
1971-04-08,15.941619291190264
1971-04-12,16.10170972071855
1971-04-13,16.142602843639008
1971-04-14,16.19050876791883
1971-04-15,16.240685412194644
1971-04-16,16.250675391868008
1971-04-19,16.33191372408311
1971-04-20,16.255246647462293
1971-04-21,16.218635617344916
1971-04-22,16.27525055589301
1971-04-23,16.342675790514345
1971-04-26,16.371873341983328
1971-04-27,16.456510816169974
1971-04-28,16.51302417539895
1971-04-29,16.438645772513514
1971-04-30,16.316171346314235
1971-05-03,16.228136928748917
1971-05-04,16.32716450136046
1971-05-05,16.339167589867404
1971-05-06,16.258539571868305
1971-05-07,16.216538957322335
1971-05-10,16.127835558849046
1971-05-11,16.18637344059626
1971-05-12,16.220613926253243
1971-05-13,16.22204528822254
1971-05-14,16.176811202994493
1971-05-17,15.910852899249509
1971-05-18,15.90405481293171
1971-05-19,15.924203815301235
1971-05-20,15.955571752451036
1971-05-21,15.933437989197213
1971-05-24,15.823085585647622
1971-05-25,15.724373854455132
1971-05-26,15.750673380516961
1971-05-27,15.73790230838939
1971-05-28,15.781914275593623
1971-06-01,15.889063307484044
1971-06-02,16.04229366848614
1971-06-03,16.1094818350145
1971-06-04,16.160960389212185
1971-06-07,16.15677864106499
1971-06-08,16.03429762940495
1971-06-09,16.002609292300875
1971-06-10,16.03295643940633
1971-06-11,16.067862554626583
1971-06-14,15.9519268034125
1971-06-15,15.942203290025764
1971-06-16,15.971001918243811
1971-06-17,15.953684225124801
1971-06-18,15.72847087815569
1971-06-21,15.528635304224222
1971-06-22,15.473134537555014
1971-06-23,15.630325949563273
1971-06-24,15.616299518407793
1971-06-25,15.580615765526831
1971-06-28,15.53006600666967
1971-06-29,15.693586696884704
1971-06-30,15.831970226057038
1971-07-01,15.876307997432182
1971-07-02,15.882636860073257
1971-07-06,15.909545261473836
1971-07-07,15.980534443593971
1971-07-08,16.036690457256665
1971-07-09,16.077047768474696
1971-07-12,16.088487875738668
1971-07-13,15.923321034372584
1971-07-14,15.90587868900676
1971-07-15,15.946197873963232
1971-07-16,15.928504588906321
1971-07-19,15.871979923562252
1971-07-20,15.92554933016162
1971-07-21,15.90188460946916
1971-07-22,15.864297724388772
1971-07-23,15.833140566563076
1971-07-26,15.76671459238401
1971-07-27,15.634283391267301
1971-07-28,15.481099130592161
1971-07-29,15.2774587745826
1971-07-30,15.225793054685843
1971-08-02,15.289134306675875
1971-08-03,15.277080522182615
1971-08-04,15.280106717220606
1971-08-05,15.283363824768449
1971-08-06,15.286621626601335
1971-08-09,15.28988012286726
1971-08-10,15.282022680865987
1971-08-11,15.469520074742912
1971-08-12,15.695948983108615
1971-08-13,15.664018327612284
1971-08-16,16.21589836867476
1971-08-17,16.395723210704027
1971-08-18,16.195610957983718
1971-08-19,16.15143728034813
1971-08-20,16.195309542814496
1971-08-23,16.317884997951882
1971-08-24,16.462940440354725
1971-08-25,16.52274432143921
1971-08-26,16.542437756416252
1971-08-27,16.59364559371589
1971-08-30,16.42404596526806
1971-08-31,16.35675875791775
1971-09-01,16.380566735877746
1971-09-02,16.430813231740633
1971-09-03,16.63366464343633
1971-09-07,16.732444622274222
1971-09-08,16.760025129904317
1971-09-09,16.719310227586643
1971-09-10,16.657680729415596
1971-09-13,16.621168233176107
1971-09-14,16.499601415144
1971-09-15,16.55940977787808
1971-09-16,16.538060227996873
1971-09-17,16.587663494282186
1971-09-20,16.54264891060408
1971-09-21,16.48779494031992
1971-09-22,16.368503518113737
1971-09-23,16.350224374934648
1971-09-24,16.344593303808338
1971-09-27,16.24198255028569
1971-09-28,16.27285324693908
1971-09-29,16.260764239893422
1971-09-30,16.33613654700916
1971-10-01,16.43263411387298
1971-10-04,16.4530771938094
1971-10-05,16.424302732737488
1971-10-06,16.54796999849099
1971-10-07,16.611880096958828
1971-10-08,16.52335123013307
1971-10-11,16.50562181024429
1971-10-12,16.549655160362715
1971-10-13,16.488118381326213
1971-10-14,16.33667779102586
1971-10-15,16.241772620127232
1971-10-18,16.123013406990236
1971-10-19,16.035363103197326
1971-10-20,15.820974211368549
1971-10-21,15.81584492591069
1971-10-22,15.81862661671626
1971-10-25,15.821408796765608
1971-10-26,15.824191466144784
1971-10-27,15.826974624939849
1971-10-28,15.829758273236884
1971-10-29,15.832542411121981
1971-11-01,15.83532703868125
1971-11-02,15.838112156000813
1971-11-03,15.84089776316681
1971-11-04,15.843683860265395
1971-11-05,15.846470447382739
1971-11-08,15.849257524605024
1971-11-09,15.852045092018452
1971-11-10,15.854833149709236
1971-11-11,15.857621697763607
1971-11-12,15.86041073626781
1971-11-15,15.863200265308103
1971-11-16,15.865990284970765
1971-11-17,15.868780795342087
1971-11-18,15.871571796508372
1971-11-19,15.874363288555942
1971-11-22,15.877155271571134
1971-11-23,15.879947745640298
1971-11-24,15.900528614412712
1971-11-26,16.165609099523902
1971-11-29,16.42267212674795
1971-11-30,16.56921861399705
1971-12-01,16.89298418053017
1971-12-02,16.943852318545808
1971-12-03,17.128443470294496
1971-12-06,17.091245151395835
1971-12-07,17.183925024709325
1971-12-08,17.22692602341788
1971-12-09,17.207604714298814
1971-12-10,17.317651210259694
1971-12-13,17.352737140537208
1971-12-14,17.295670233436155
1971-12-15,17.432391237214784
1971-12-16,17.42660030239891
1971-12-17,17.429526054323677
1971-12-20,17.432452297452937
1971-12-21,17.441698364610193
1971-12-22,17.294263499524394
1971-12-23,17.22731406091126
1971-12-27,17.227823436079703
1971-12-28,17.34374714302507
1971-12-29,17.396525473852712
1971-12-30,17.35148351604856
1971-12-31,17.39058591436861
1972-01-03,17.374440238268907
1972-01-04,17.458967698768937
1972-01-05,17.674129484740774
1972-01-06,17.78857405964136
1972-01-07,17.781537611941157
1972-01-10,17.780102320544774
1972-01-11,17.857466760539424
1972-01-12,17.913991458404517
1972-01-13,17.829481270530195
1972-01-14,17.898939681579936
1972-01-17,17.899506308082128
1972-01-18,17.878856645089627
1972-01-19,17.799302160429153
1972-01-20,17.68916635661481
1972-01-21,17.68558808228232
1972-01-24,17.462190144223563
1972-01-25,17.527798794847843
1972-01-26,17.539084148245784
1972-01-27,17.734864415974986
1972-01-28,17.864315359900402
1972-01-31,17.880908545624486
1972-02-01,17.934063277847205
1972-02-02,18.101793772624458
1972-02-03,18.131330281913662
1972-02-04,18.238338019833876
1972-02-07,18.161558481126097
1972-02-08,18.197776305828224
1972-02-09,18.346596769579154
1972-02-10,18.37373742307692
1972-02-11,18.30299260163984
1972-02-14,18.228397369542396
1972-02-15,18.30255167943649
1972-02-16,18.413059898716124
1972-02-17,18.447883703811627
1972-02-18,18.394112119969847
1972-02-22,18.37969582565703
1972-02-23,18.39941265022375
1972-02-24,18.411870467426734
1972-02-25,18.50534488873366
1972-02-28,18.507208467088137
1972-02-29,18.612941023878992
1972-03-01,18.781598101402874
1972-03-02,18.769817196302892
1972-03-03,18.87869112266404
1972-03-06,19.025900622589
1972-03-07,19.05004394342831
1972-03-08,19.098952133215448
1972-03-09,19.1069118944802
1972-03-10,18.98992773810404
1972-03-13,18.769930770961203
1972-03-14,18.840331497999433
1972-03-15,18.849144292911067
1972-03-16,18.75723190477623
1972-03-17,18.768569085517605
1972-03-20,18.714861293744516
1972-03-21,18.537656304467394
1972-03-22,18.58284601577319
1972-03-23,18.78470225828475
1972-03-24,18.765372410011857
1972-03-27,18.737049267495152
1972-03-28,18.733840461997012
1972-03-29,18.63414910283102
1972-03-30,18.722028290360225
1972-04-03,18.762424444477393
1972-04-04,18.890402850801166
1972-04-05,19.063767409729262
1972-04-06,19.16998321120047
1972-04-07,19.23461091243108
1972-04-10,19.21125441746819
1972-04-11,19.291736204244383
1972-04-12,19.3691849753029
1972-04-13,19.329508678248402
1972-04-14,19.33585907061436
1972-04-17,19.293779658987194
1972-04-18,19.34684798649751
1972-04-19,19.231291327463047
1972-04-20,19.183076017764268
1972-04-21,19.155913245678974
1972-04-24,19.017884896699787
1972-04-25,18.82275788700464
1972-04-26,18.771503265162004
1972-04-27,18.79654954231722
1972-04-28,18.83248488862189
1972-05-01,18.831549831398025
1972-05-02,18.834114123538566
1972-05-03,18.836678764858767
1972-05-04,18.839243755406176
1972-05-05,18.84180909522835
1972-05-08,18.844374784372846
1972-05-09,18.581903365451467
1972-05-10,18.726728446361037
1972-05-11,18.753370964499503
1972-05-12,18.882984014409015
1972-05-15,19.011629438608832
1972-05-16,18.99336516784296
1972-05-17,19.021650740466942
1972-05-18,19.224725093637936
1972-05-19,19.43138916048676
1972-05-22,19.5500591595084
1972-05-23,19.605150477035966
1972-05-24,19.70204271666636
1972-05-25,19.72217356620611
1972-05-26,19.710716482028815
1972-05-30,19.64733150723215
1972-05-31,19.514529898330224
1972-06-01,19.561403230308454
1972-06-02,19.61492613786655
1972-06-05,19.465026470004556
1972-06-06,19.382381002246408
1972-06-07,19.2895583886803
1972-06-08,19.282451617313516
1972-06-09,19.28498995924442
1972-06-12,19.287528635322655
1972-06-13,19.29006764559221
1972-06-14,19.292606990097074
1972-06-15,19.29514666888125
1972-06-16,19.297686681988743
1972-06-19,19.30022702946356
1972-06-20,19.30276771134972
1972-06-21,19.30530872769124
1972-06-22,19.264030696692036
1972-06-23,19.19460848595271
1972-06-26,19.087288993841284
1972-06-27,19.08166801048033
1972-06-28,19.037695484858254
1972-06-29,18.987932201666936
1972-06-30,19.090744943905577
1972-07-03,19.084152768691297
1972-07-05,19.087106423015307
1972-07-06,19.090060534476397
1972-07-07,19.093015103145316
1972-07-10,18.98238047890707
1972-07-11,18.865602441406523
1972-07-12,18.78002427386554
1972-07-13,18.67492576658585
1972-07-14,18.732449653765762
1972-07-17,18.729332762648653
1972-07-18,18.732231501480328
1972-07-19,18.735130688949813
1972-07-20,18.73803032512654
1972-07-21,18.74093041007996
1972-07-24,18.74383094387953
1972-07-25,18.746731926594713
1972-07-26,18.74963335829499
1972-07-27,18.715636957979825
1972-07-28,18.730616290263736
1972-07-31,18.722295311128452
1972-08-01,18.946708407620317
1972-08-02,19.136696012370468
1972-08-03,19.29912104072274
1972-08-04,19.365495868740982
1972-08-07,19.391811600587133
1972-08-08,19.39236288713112
1972-08-09,19.425642287458526
1972-08-10,19.53379608932727
1972-08-11,19.69267044635948
1972-08-14,19.8043561474752
1972-08-15,19.71701187366595
1972-08-16,19.662261430541985
1972-08-17,19.61269118758213
1972-08-18,19.717390547952387
1972-08-21,19.72452261879427
1972-08-22,19.865747823516926
1972-08-23,19.807705323933945
1972-08-24,19.62865402322731
1972-08-25,19.552712921236218
1972-08-28,19.476166047584666
1972-08-29,19.509146253266444
1972-08-30,19.53926146150406
1972-08-31,19.603849464881574
1972-09-01,19.597373237838127
1972-09-05,19.600699499997788
1972-09-06,19.604026326723925
1972-09-07,19.60735371811236
1972-09-08,19.610681674258938
1972-09-11,19.47304015709095
1972-09-12,19.285939849647576
1972-09-13,19.33757303172812
1972-09-14,19.332389505776387
1972-09-15,19.334990519065514
1972-09-18,19.338272247006316
1972-09-19,19.341554531954802
1972-09-20,19.34483737400551
1972-09-21,19.348120773253005
1972-09-22,19.35140472979185
1972-09-25,19.296932257037216
1972-09-26,19.281898438002024
1972-09-27,19.39664804255679
1972-09-28,19.409161827076215
1972-09-29,19.41026250318004
1972-10-02,19.35950618930846
1972-10-03,19.391851296022967
1972-10-04,19.380801386051928
1972-10-05,19.21267917453333
1972-10-06,19.315630796556146
1972-10-09,19.372854378983494
1972-10-10,19.405630562275693
1972-10-11,19.356068428078228
1972-10-12,19.349901183328967
1972-10-13,19.353412609896708
1972-10-16,19.187797844202983
1972-10-17,19.18168421395083
1972-10-18,19.185165114185136
1972-10-19,19.18864664609841
1972-10-20,19.192128809805276
1972-10-23,19.195611605420392
1972-10-24,19.199095033058427
1972-10-25,19.202579092834075
1972-10-26,19.20977755645381
1972-10-27,19.183842456011174
1972-10-30,19.18655140978593
1972-10-31,19.37624373172385
1972-11-01,19.604959258506128
1972-11-02,19.683602573958318
1972-11-03,19.86107631543579
1972-11-06,19.866057585334463
1972-11-08,19.7841548785011
1972-11-09,19.792408696165683
1972-11-10,19.85802526543037
1972-11-13,19.884258042569154
1972-11-14,20.014822939771204
1972-11-15,19.990705022568417
1972-11-16,19.984399707519
1972-11-17,19.988090426456985
1972-11-20,19.997681164350787
1972-11-21,20.085891644727976
1972-11-22,20.24404035631436
1972-11-24,20.355793311995914
1972-11-27,20.287438617613148
1972-11-28,20.23805519404889
1972-11-29,20.19892360440959
1972-11-30,20.19782674721548
1972-12-01,20.30985286708614
1972-12-04,20.348155915052306
1972-12-05,20.312367626198807
1972-12-06,20.374293676672593
1972-12-07,20.477096110361963
1972-12-08,20.532418415347305
1972-12-11,20.56419376876914
1972-12-12,20.528683101763814
1972-12-13,20.47588251627526
1972-12-14,20.409833513449033
1972-12-15,20.37196357129967
1972-12-18,20.14566142864173
1972-12-19,20.073171577087614
1972-12-20,20.019953139498153
1972-12-21,19.827990997625193
1972-12-22,20.039279929457784
1972-12-26,20.12253197372028
1972-12-27,20.116380572039006
1972-12-29,20.27723653706478
1973-01-02,20.436321275532592
1973-01-03,20.56477386940197
1973-01-04,20.50578169989347
1973-01-05,20.585905800808717
1973-01-08,20.598421847738965
1973-01-09,20.593932014981394
1973-01-10,20.585082080493333
1973-01-11,20.74552661096394
1973-01-12,20.639388533599632
1973-01-15,20.49383578092059
1973-01-16,20.456373795994768
1973-01-17,20.57117436380029
1973-01-18,20.668967687792787
1973-01-19,20.703392588474422
1973-01-22,20.66145713840391
1973-01-23,20.653248633724424
1973-01-24,20.392474830998395
1973-01-26,20.328094508140634
1973-01-29,20.284932269798684
1973-01-30,20.28253421199729
1973-01-31,20.346411253583803
1973-02-01,20.340724425432768
1973-02-02,20.34521179264826
1973-02-05,20.349700149821835
1973-02-06,20.354189497171888
1973-02-07,20.358679834916856
1973-02-08,20.363171163275236
1973-02-09,20.367663482465566
1973-02-12,20.37215679270643
1973-02-13,20.37665109421647
1973-02-14,20.381146387214365
1973-02-15,20.38564267191885
1973-02-16,20.43616088898425
1973-02-20,20.488250890461728
1973-02-21,20.48252441808893
1973-02-22,20.4870430678008
1973-02-23,20.491562714371987
1973-02-26,20.496083358022403
1973-02-27,20.500604998972015
1973-02-28,20.505127637440836
1973-03-01,20.509405622219834
1973-03-02,20.513684499514795
1973-03-05,20.51796426951193
1973-03-06,20.522244932397474
1973-03-07,20.526526488357717
1973-03-08,20.485666623118092
1973-03-09,20.396469866375092
1973-03-12,20.40247316282964
1973-03-13,20.48323002338985
1973-03-14,20.550066593150397
1973-03-15,20.44829303226543
1973-03-16,20.34974535878535
1973-03-19,20.092606176053817
1973-03-20,20.077339270805098
1973-03-21,19.890476695048722
1973-03-22,19.88467913197901
1973-03-23,19.888827672586313
1973-03-26,19.892977078703645
1973-03-27,19.897127350511575
1973-03-28,19.90127848819071
1973-03-29,19.9054304919217
1973-03-30,19.90958336188523
1973-04-02,19.914747111425967
1973-04-03,19.72355946608255
1973-04-04,19.6204297917529
1973-04-05,19.577123724755452
1973-04-06,19.57842795947193
1973-04-09,19.5835058205475
1973-04-10,19.58858499861712
1973-04-11,19.59366549402236
1973-04-12,19.59874730710489
1973-04-13,19.60383043820646
1973-04-16,19.59755323232496
1973-04-17,19.5292261800669
1973-04-18,19.63501758730644
1973-04-19,19.786056223059422
1973-04-23,19.7307766163068
1973-04-24,19.731459585210747
1973-04-25,19.73657713656877
1973-04-26,19.740994637661593
1973-04-27,19.743462013751856
1973-04-30,19.748582678059744
1973-05-01,19.753149735289874
1973-05-02,19.75771784869766
1973-05-03,19.76228701852735
1973-05-04,19.766857245023257
1973-05-07,19.77142852842974
1973-05-08,19.776000868991225
1973-05-09,19.666068862698392
1973-05-10,19.54290630952185
1973-05-11,19.350060034341546
1973-05-14,18.992464171620245
1973-05-15,19.0953351574775
1973-05-16,19.090201269113678
1973-05-17,19.094616069059175
1973-05-18,19.099031889971307
1973-05-21,19.103448732086182
1973-05-22,19.107866595639965
1973-05-23,19.112285480868874
1973-05-24,19.11670538800918
1973-05-25,19.12112631729721
1973-05-29,19.12554826896935
1973-05-30,19.129971243262034
1973-05-31,19.134395240411752
1973-06-01,19.065925614869514
1973-06-04,18.862336219623902
1973-06-05,18.857472544820922
1973-06-06,18.862041144694356
1973-06-07,18.86661085140248
1973-06-08,18.87118166521345
1973-06-11,18.87575358639548
1973-06-12,18.880326615216855
1973-06-13,18.884900751945924
1973-06-14,18.889475996851097
1973-06-15,18.894052350200855
1973-06-18,18.89862981226374
1973-06-19,18.903208383308357
1973-06-20,18.90778806360338
1973-06-21,18.91236885341755
1973-06-22,18.91695075301967
1973-06-25,18.921533762678603
1973-06-26,18.926117882663288
1973-06-27,18.93070311324272
1973-06-28,18.935289454685968
1973-06-29,18.939876907262153
1973-07-02,18.945631599461656
1973-07-03,18.951388040166837
1973-07-05,18.95714622990896
1973-07-06,18.962906169219455
1973-07-09,18.96866785862991
1973-07-10,18.974431298672076
1973-07-11,18.980196489877866
1973-07-12,18.98596343277935
1973-07-13,18.991732127908765
1973-07-16,19.19044717652774
1973-07-17,19.283292195654585
1973-07-18,19.45635599806494
1973-07-19,19.53873541608784
1973-07-20,19.609673441694117
1973-07-23,19.609662844561353
1973-07-24,19.615621044520044
1973-07-25,19.62158105481821
1973-07-26,19.627542876005908
1973-07-27,19.633506508633353
1973-07-30,19.639471953250936
1973-07-31,19.64543921040921
1973-08-01,19.651398261484903
1973-08-02,19.65735912011956
1973-08-03,19.663321786861463
1973-08-06,19.66928626225907
1973-08-07,19.675252546861
1973-08-08,19.681220641216036
1973-08-09,19.687190545873136
1973-08-10,19.693162261381413
1973-08-13,19.699135788290157
1973-08-14,19.705111127148818
1973-08-15,19.711088278507017
1973-08-16,19.717067242914535
1973-08-17,19.723048020921325
1973-08-20,19.72903061307751
1973-08-21,19.73501501993337
1973-08-22,19.741001242039367
1973-08-23,19.746989279946114
1973-08-24,19.7529791342044
1973-08-27,19.758970805365177
1973-08-28,19.764964293979567
1973-08-29,19.770959600598857
1973-08-30,19.776956725774507
1973-08-31,19.82254351866687
1973-09-04,19.790705769013073
1973-09-05,19.76097500755119
1973-09-06,19.875893432323373
1973-09-07,19.87835462932831
1973-09-10,19.87550350922615
1973-09-11,19.882594095103062
1973-09-12,19.889687210546487
1973-09-13,19.89678285645885
1973-09-14,19.903881033742888
1973-09-17,19.910981743301672
1973-09-18,19.929112228986167
1973-09-19,20.31473750675532
1973-09-20,20.508587316173028
1973-09-21,20.59172413302911
1973-09-24,20.705475987589548
1973-09-25,20.774435879426377
1973-09-26,20.923755476509584
1973-09-27,21.055790973644385
1973-09-28,20.978264724845374
1973-10-01,20.92239755357537
1973-10-02,21.03258202324176
1973-10-03,21.099907430989433
1973-10-04,21.00755233161093
1973-10-05,21.189923260469914
1973-10-08,21.17900647989682
1973-10-09,21.074131543388486
1973-10-10,20.849901332603277
1973-10-11,21.250866877108493
1973-10-12,21.333588909199566
1973-10-15,21.06664259858327
1973-10-16,21.071844414094823
1973-10-17,21.000775632947192
1973-10-18,21.023607365958533
1973-10-19,21.091298837967987
1973-10-22,20.857733867957414
1973-10-23,20.960445160691325
1973-10-24,21.063680733321306
1973-10-25,21.05908019659226
1973-10-26,21.065013171256044
1973-10-29,21.069962015230498
1973-10-30,20.738644722365624
1973-10-31,20.519720433187537
1973-11-01,20.510015434425394
1973-11-02,20.431546336933188
1973-11-05,20.42676182084146
1973-11-06,20.43219452241533
1973-11-07,20.43762866887051
1973-11-08,20.44306426059128
1973-11-09,20.448501297962025
1973-11-12,20.45393978136723
1973-11-13,20.459379711191477
1973-11-14,20.464821087819463
1973-11-15,20.47026391163598
1973-11-16,20.475708183025915
1973-11-19,20.48115390237427
1973-11-20,20.486601070066143
1973-11-21,20.492049686486737
1973-11-23,20.497499752021355
1973-11-26,20.5029512670554
1973-11-27,20.508404231974385
1973-11-28,20.513858647163918
1973-11-29,20.519314513009714
1973-11-30,20.524771829897592
1973-12-03,20.531319847854483
1973-12-04,20.537869954825545
1973-12-05,20.544422151477235
1973-12-06,20.55097643847622
1973-12-07,20.557532816489385
1973-12-10,20.564091286183828
1973-12-11,20.57065184822686
1973-12-12,20.577214503285997
1973-12-13,20.583779252028982
1973-12-14,20.590346095123756
1973-12-17,20.596915033238485
1973-12-18,20.60348606704154
1973-12-19,20.610059197201508
1973-12-20,20.61663442438719
1973-12-21,20.6232117492676
1973-12-24,20.62979117251197
1973-12-26,20.636372694789735
1973-12-27,20.642956316770555
1973-12-28,20.649542039124295
1973-12-31,20.656129862521038
1974-01-02,20.662027394158088
1974-01-03,20.667926609599395
1974-01-04,20.673827509325704
1974-01-07,20.679730093817895
1974-01-08,20.685634363556982
1974-01-09,20.691540319024124
1974-01-10,20.69744796070061
1974-01-11,20.703357289067874
1974-01-14,20.709268304607477
1974-01-15,20.715181007801128
1974-01-16,20.721095399130668
1974-01-17,20.727011479078076
1974-01-18,20.73292924812547
1974-01-21,20.738848706755103
1974-01-22,20.74476985544937
1974-01-23,20.7506926946908
1974-01-24,20.756617224962064
1974-01-25,20.762543446745966
1974-01-28,20.76847136052545
1974-01-29,20.774400966783595
1974-01-30,20.780332266003622
1974-01-31,20.78626525866889
1974-02-01,20.77483605861224
1974-02-04,20.78047643933707
1974-02-05,20.786802639779495
1974-02-06,20.793130766107122
1974-02-07,20.799460818906248
1974-02-08,20.805792798763346
1974-02-11,20.812126706265072
1974-02-12,20.818462541998258
1974-02-13,20.824800306549918
1974-02-14,20.83114000050724
1974-02-15,20.837481624457592
1974-02-19,20.843825178988524
1974-02-20,20.850170664687763
1974-02-21,20.85651808214321
1974-02-22,20.862867431942956
1974-02-25,20.86921871467526
1974-02-26,20.875571930928565
1974-02-27,20.881927081291497
1974-02-28,20.888284166352854
1974-03-01,20.893839614409735
1974-03-04,20.89939653999358
1974-03-05,20.904954943497355
1974-03-06,20.910514825314124
1974-03-07,20.916076185837063
1974-03-08,20.921639025459445
1974-03-11,20.927203344574654
1974-03-12,20.932769143576174
1974-03-13,20.938336422857596
1974-03-14,20.943905182812617
1974-03-15,20.949475423835036
1974-03-18,20.95504714631876
1974-03-19,20.96062035065779
1974-03-20,20.96619503724625
1974-03-21,20.971771206478355
1974-03-22,20.977348858748428
1974-03-25,20.9829279944509
1974-03-26,20.9885086139803
1974-03-27,20.99409071773127
1974-03-28,20.571639479458042
1974-03-29,20.352775637071236
1974-04-01,20.34983857004753
1974-04-02,20.357080467099454
1974-04-03,20.36432494132528
1974-04-04,20.371571993642146
1974-04-05,20.37882162496752
1974-04-08,20.386073836219197
1974-04-09,20.39332862831529
1974-04-10,20.400586002174247
1974-04-11,20.40784595871484
1974-04-15,20.415108498856167
1974-04-16,20.422373623517654
1974-04-17,20.429641333619053
1974-04-18,20.436911630080445
1974-04-19,20.44418451382224
1974-04-22,20.451459985765172
1974-04-23,20.458738046830305
1974-04-24,20.466018697939028
1974-04-25,20.473301940013062
1974-04-26,20.480587773974452
1974-04-29,20.48108434229138
1974-04-30,20.544245315174688
1974-05-01,20.76214352065645
1974-05-02,20.760574110990397
1974-05-03,20.729848542103376
1974-05-06,20.73499819892656
1974-05-07,20.742041670464754
1974-05-08,20.75247943776193
1974-05-09,20.934404474124833
1974-05-10,20.82170419026596
1974-05-13,20.6144741942844
1974-05-14,20.690187945779634
1974-05-15,20.69222641050658
1974-05-16,20.690848888914726
1974-05-17,20.428451321020383
1974-05-20,20.428227065252145
1974-05-21,20.43516632970394
1974-05-22,20.442107951354476
1974-05-23,20.44905193100447
1974-05-24,20.45599826945491
1974-05-28,20.462946967507058
1974-05-29,20.469898025962447
1974-05-30,20.476851445622884
1974-05-31,20.483807227290445
1974-06-03,20.489934958222488
1974-06-04,20.72059812250015
1974-06-05,20.729483902490966
1974-06-06,20.727161487039787
1974-06-07,20.861464281178005
1974-06-10,21.014107878247348
1974-06-11,20.803084208515763
1974-06-12,20.766140726706812
1974-06-13,20.793690754174296
1974-06-14,20.610937358306362
1974-06-17,20.33136883380216
1974-06-18,20.327282237307397
1974-06-19,20.333363143788688
1974-06-20,20.339445869373154
1974-06-21,20.345530414604976
1974-06-24,20.351616780028507
1974-06-25,20.357704966188255
1974-06-26,20.36379497362889
1974-06-27,20.36988680289525
1974-06-28,20.37598045453234
1974-07-01,20.38244208545408
1974-07-02,20.38890576548822
1974-07-03,20.395371495284575
1974-07-05,20.40183927549316
1974-07-08,20.408309106764204
1974-07-09,20.41478098974814
1974-07-10,20.42125492509561
1974-07-11,20.42773091345746
1974-07-12,20.434208955484735
1974-07-15,20.4406890518287
1974-07-16,20.415271146345756
1974-07-17,20.420525691729413
1974-07-18,20.427001448836776
1974-07-19,20.433479259536234
1974-07-22,20.43995912447902
1974-07-23,20.446441044316575
1974-07-24,20.44958097323167
1974-07-25,20.30772487854669
1974-07-26,20.309549787454998
1974-07-29,20.315990351883595
1974-07-30,20.322432958743985
1974-07-31,20.328877608683865
1974-08-01,20.334406046949546
1974-08-02,20.33993598867401
1974-08-05,20.34546743426613
1974-08-06,20.351000384134878
1974-08-07,20.356534838689342
1974-08-08,20.36207079833872
1974-08-09,20.367608263492325
1974-08-12,20.373147234559582
1974-08-13,20.37868771195002
1974-08-14,20.38422969607328
1974-08-15,20.389773187339127
1974-08-16,20.39531818615742
1974-08-19,20.400864692938146
1974-08-20,20.406412708091388
1974-08-21,20.29986438009093
1974-08-22,20.209976432894287
1974-08-23,20.21231922479739
1974-08-26,20.217815965010573
1974-08-27,20.223314200062255
1974-08-28,20.22881393035896
1974-08-29,20.234315156307318
1974-08-30,20.239817878314074
1974-09-03,20.24798363283708
1974-09-04,20.25615268183375
1974-09-05,20.264325026633237
1974-09-06,20.272500668565232
1974-09-09,20.280679608959968
1974-09-10,20.288861849148205
1974-09-11,20.297047390461245
1974-09-12,20.30523623423093
1974-09-13,20.31342838178963
1974-09-16,20.321623834470266
1974-09-17,20.329822593606284
1974-09-18,20.338024660531676
1974-09-19,20.34623003658097
1974-09-20,20.35443872308923
1974-09-23,20.362650721392065
1974-09-24,20.370866032825614
1974-09-25,20.37908465872656
1974-09-26,20.387306600432122
1974-09-27,20.39553185928007
1974-09-30,20.403760436608696
1974-10-01,20.408273748417272
1974-10-02,20.41278805857042
1974-10-03,20.417303367288973
1974-10-04,20.419088249722893
1974-10-07,21.109195751119554
1974-10-08,21.08389233114735
1974-10-09,21.083654930670402
1974-10-10,21.088318635141064
1974-10-11,21.092983371223156
1974-10-14,21.097649139144867
1974-10-15,21.102315939134446
1974-10-16,20.965328830573473
1974-10-17,21.15633932969201
1974-10-18,21.43163248594181
1974-10-21,21.425654976466177
1974-10-22,21.43039433134697
1974-10-23,21.43513473457306
1974-10-24,21.43987618637635
1974-10-25,21.444618686988775
1974-10-28,21.449362236642337
1974-10-29,21.454106835569082
1974-10-30,21.45885248400111
1974-10-31,21.46359918217057
1974-11-01,21.469379544066317
1974-11-04,21.47516146267133
1974-11-05,21.480944938404843
1974-11-06,21.486729971686202
1974-11-07,21.492516562934878
1974-11-08,21.49830471257044
1974-11-11,21.50409442101258
1974-11-12,21.509885688681102
1974-11-13,21.51567851599592
1974-11-14,21.521472903377063
1974-11-15,21.52726885124467
1974-11-18,21.533066360019
1974-11-19,21.538865430120417
1974-11-20,21.5446660619694
1974-11-21,21.55046825598655
1974-11-22,21.556272012592572
1974-11-25,21.562077332208283
1974-11-26,21.56788421525462
1974-11-27,21.573692662152627
1974-11-29,21.57950267332347
1974-12-02,21.58667203149663
1974-12-03,21.593843771545654
1974-12-04,21.601017894261872
1974-12-05,21.608194400436883
1974-12-06,21.61537329086254
1974-12-09,21.62255456633096
1974-12-10,21.629738227634533
1974-12-11,21.6369242755659
1974-12-12,21.64411271091797
1974-12-13,21.651303534483915
1974-12-16,21.658496747057175
1974-12-17,21.66569234943145
1974-12-18,21.6728903424007
1974-12-19,21.680090726759154
1974-12-20,21.687293503301305
1974-12-23,21.694498672821904
1974-12-24,21.701706236115974
1974-12-26,21.708916193978798
1974-12-27,21.716128547205923
1974-12-30,21.72334329659316
1974-12-31,21.730560442936586
1975-01-02,21.736273624582637
1975-01-03,21.741988308281275
1975-01-06,21.759720446787206
1975-01-07,21.762506455941423
1975-01-08,21.5735066439617
1975-01-09,21.884448741887716
1975-01-10,22.35369642102471
1975-01-13,22.37139726709501
1975-01-14,22.310065048696764
1975-01-15,22.310814353810535
1975-01-16,22.316680090012294
1975-01-17,22.32254736837476
1975-01-20,22.32841618930338
1975-01-21,22.334286553203707
1975-01-22,22.340158460481412
1975-01-23,22.34603191154226
1975-01-24,22.351906906792124
1975-01-27,22.35778344663699
1975-01-28,22.363661531482947
1975-01-29,22.47228319555138
1975-01-30,22.311905912752874
1975-01-31,22.46177573760229
1975-02-03,22.703557308516896
1975-02-04,22.508615370241518
1975-02-05,23.04056758044079
1975-02-06,22.95258498562237
1975-02-07,23.051715110221803
1975-02-10,23.044792858945545
1975-02-11,23.128506609626196
1975-02-12,23.60604333560759
1975-02-13,23.89088767592289
1975-02-14,24.033012687590496
1975-02-18,23.864229311361587
1975-02-19,23.9959937725293
1975-02-20,24.164591779704597
1975-02-21,24.270628941787784
1975-02-24,23.905105949066556
1975-02-25,23.42744375462989
1975-02-26,23.605225757043776
1975-02-27,23.70610604323228
1975-02-28,23.91777947304319
1975-03-03,24.264339845834073
1975-03-04,24.489572915533596
1975-03-05,24.379453624353587
1975-03-06,24.59657872951818
1975-03-07,24.80562883241115
1975-03-10,25.048275800442624
1975-03-11,24.94344312877933
1975-03-12,24.657426478420785
1975-03-13,24.69213014201783
1975-03-14,25.016140636397424
1975-03-17,25.454730624549647
1975-03-18,25.22563356592143
1975-03-19,25.001386310738006
1975-03-20,24.845469635333007
1975-03-21,24.803097554883713
1975-03-24,24.220677588016386
1975-03-25,24.362482612433617
1975-03-26,24.819298370873348
1975-03-27,24.958581533100517
1975-03-31,24.84253931516989
1975-04-01,24.62196453980585
1975-04-02,24.61306102057377
1975-04-03,24.397752166478437
1975-04-04,24.22663403486476
1975-04-07,24.054313307675766
1975-04-08,24.16261257270492
1975-04-09,24.582812543895106
1975-04-10,24.860651013166244
1975-04-11,25.03213902905376
1975-04-14,25.292069560021265
1975-04-15,25.461942471222837
1975-04-16,25.579903539898698
1975-04-17,25.70586824811603
1975-04-18,25.442195906313767
1975-04-21,25.710479663436182
1975-04-22,25.673210511933956
1975-04-23,25.413543295930005
1975-04-24,25.403872413598293
1975-04-25,25.602670872959777
1975-04-28,25.491939118315806
1975-04-29,25.27323737608484
1975-04-30,25.6538289627348
1975-05-01,25.870659044385327
1975-05-02,26.22761488820013
1975-05-05,26.45374391353734
1975-05-06,26.045429998409112
1975-05-07,26.13385504736134
1975-05-08,26.309680334292615
1975-05-09,26.582060982013747
1975-05-12,26.588813240346713
1975-05-13,26.77444127657338
1975-05-14,27.001706433435785
1975-05-15,26.830648329825767
1975-05-16,26.536612598002176
1975-05-19,26.535211630895084
1975-05-20,26.426828536257407
1975-05-21,26.133299412291585
1975-05-22,26.244041733340154
1975-05-23,26.558824599658898
1975-05-27,26.53241925307377
1975-05-28,26.3023102448306
1975-05-29,26.225684125131597
1975-05-30,26.64836364198012
1975-06-02,27.01765382048677
1975-06-03,27.101546022875993
1975-06-04,27.08660321333412
1975-06-05,27.130226715972903
1975-06-06,27.16647372316776
1975-06-09,26.86749067981964
1975-06-10,26.649391210863197
1975-06-11,26.704574945460834
1975-06-12,26.57923793683803
1975-06-13,26.705424875297666
1975-06-16,26.938291429809055
1975-06-17,26.729490882396288
1975-06-18,26.660388284866166
1975-06-19,27.07787426882159
1975-06-20,27.275461151318623
1975-06-23,27.513725534919114
1975-06-24,27.712296639124176
1975-06-25,27.772702812340285
1975-06-26,27.80445997044017
1975-06-27,27.762280477378823
1975-06-30,27.876719550582166
1975-07-01,27.79200760933119
1975-07-02,27.558010921457655
1975-07-03,27.706222246232844
1975-07-07,27.504913566669483
1975-07-08,27.49281728910747
1975-07-09,27.923354004303118
1975-07-10,28.00793230157532
1975-07-11,28.01447690617052
1975-07-14,28.155660879814857
1975-07-15,28.33938773782526
1975-07-16,28.045557534952426
1975-07-17,27.811019689423084
1975-07-18,27.71382286380507
1975-07-21,27.555883730126833
1975-07-22,27.233501986245525
1975-07-23,26.857707891926577
1975-07-24,26.743436903409123
1975-07-25,26.55272729577744
1975-07-28,26.353159968491344
1975-07-29,26.180083628806475
1975-07-30,26.414878514976774
1975-07-31,26.409853800886815
1975-08-01,26.10491583986169
1975-08-04,25.820942263216033
1975-08-05,25.5371757444034
1975-08-06,25.535247062983153
1975-08-07,25.527132761482022
1975-08-08,25.456595606244047
1975-08-11,25.452092095218045
1975-08-12,25.45789644482036
1975-08-13,25.463702118104603
1975-08-14,25.469509115372638
1975-08-15,25.64252897911207
1975-08-18,25.586117237108812
1975-08-19,25.20534085695549
1975-08-20,24.65986310059199
1975-08-21,24.61918728897775
1975-08-22,24.950441401751625
1975-08-25,25.101757556277143
1975-08-26,25.09907440235181
1975-08-27,25.10479824626927
1975-08-28,25.110523395509333
1975-08-29,25.11624985036968
1975-09-02,25.122572866269515
1975-09-03,25.24165301598116
1975-09-04,25.313678287012827
1975-09-05,25.204066287168807
1975-09-08,25.26352811257344
1975-09-09,24.93688089858949
1975-09-10,24.744998969214443
1975-09-11,24.45762511987279
1975-09-12,24.451550435833223
1975-09-15,24.457706113655448
1975-09-16,24.463863341169564
1975-09-17,24.470022118765705
1975-09-18,24.476182446834105
1975-09-19,24.482344325765098
1975-09-22,24.48850775594911
1975-09-23,24.494672737776675
1975-09-24,24.500839271638412
1975-09-25,24.50700735792505
1975-09-26,24.65014865863715
1975-09-29,24.37551794045734
1975-09-30,24.019884087238633
1975-10-01,23.716448379998546
1975-10-02,23.971945892234835
1975-10-03,23.965778116355917
1975-10-06,23.97159772625591
1975-10-07,23.977418749331775
1975-10-08,23.983241185926673
1975-10-09,23.98906503638385
1975-10-10,23.921501398854744
1975-10-13,24.238769134882364
1975-10-14,24.193394368549374
1975-10-15,24.18435941937675
1975-10-16,24.313654137246896
1975-10-17,24.21936045442661
1975-10-20,24.213129020904894
1975-10-21,24.27440545656604
1975-10-22,24.31980408947506
1975-10-23,24.3523670673459
1975-10-24,24.292370032099633
1975-10-27,24.279486643112218
1975-10-28,24.29789376929757
1975-10-29,24.019695060887003
1975-10-30,24.01988624628517
1975-10-31,23.980417594454195
1975-11-03,23.770782053190302
1975-11-04,23.866787981424768
1975-11-05,24.146563154149
1975-11-06,24.327732240507114
1975-11-07,24.29671372359002
1975-11-10,24.272331504754565
1975-11-11,24.452425640136234
1975-11-12,24.627492014814738
1975-11-13,24.603707555971873
1975-11-14,24.567588038830895
1975-11-17,24.707696013136864
1975-11-18,24.68395801559523
1975-11-19,24.431596986035526
1975-11-20,24.33492999045068
1975-11-21,24.298981764757073
1975-11-24,24.377366024414968
1975-11-25,24.564534980383435
1975-11-26,24.601341048797455
1975-11-28,24.640400697126836
1975-12-01,24.522262076819214
1975-12-02,24.25327774720416
1975-12-03,23.8441109220652
1975-12-04,23.893729289244288
1975-12-05,23.75329514371681
1975-12-08,23.816591442365223
1975-12-09,23.81190893008677
1975-12-10,23.81709230642267
1975-12-11,23.82227681107593
1975-12-12,23.827462444292166
1975-12-15,23.83264920631704
1975-12-16,23.83783709739627
1975-12-17,23.843026117775633
1975-12-18,23.945721140769738
1975-12-19,23.78324884871229
1975-12-22,23.666741853275624
1975-12-23,23.77582577819615
1975-12-24,23.931441714282524
1975-12-26,24.131766044451645
1975-12-29,24.12245260682463
1975-12-30,24.060608773064494
1975-12-31,24.24074645477445
1976-01-02,24.44750771476288
1976-01-05,24.875044587535115
1976-01-06,25.135707074901337
1976-01-07,25.23167001366122
1976-01-08,25.39921025731364
1976-01-09,25.503816861627822
1976-01-12,25.7846629363069
1976-01-13,25.607067937438412
1976-01-14,26.013390147582935
1976-01-15,25.91257258126496
1976-01-16,26.034884166203412
1976-01-19,26.358675408800558
1976-01-20,26.538758132899975
1976-01-21,26.45217022308412
1976-01-22,26.427405253733884
1976-01-23,26.712645828505792
1976-01-26,26.824107508905204
1976-01-27,26.65450717239037
1976-01-28,26.51559237367424
1976-01-29,26.924620985395528
1976-01-30,27.089182359436343
1976-02-02,27.10227415997839
1976-02-03,27.18489850945298
1976-02-04,27.367106271253913
1976-02-05,27.00115390651756
1976-02-06,26.758914605588284
1976-02-09,26.87575890636424
1976-02-10,27.08406460983855
1976-02-11,27.23686071474678
1976-02-12,27.16446290928143
1976-02-13,27.07165812588313
1976-02-17,27.010422556128322
1976-02-18,27.267598571156842
1976-02-19,27.740026944924246
1976-02-20,27.97286216825516
1976-02-23,27.93333752769673
1976-02-24,28.134066179563618
1976-02-25,28.138895212010222
1976-02-26,27.758011020409548
1976-02-27,27.547983175099947
1976-03-01,27.636350246062715
1976-03-02,27.80139623735087
1976-03-03,27.64442600867205
1976-03-04,27.38320824525268
1976-03-05,27.451016268109434
1976-03-08,27.77547707199574
1976-03-09,27.82649046491465
1976-03-10,27.918785864137906
1976-03-11,28.144353301096633
1976-03-12,27.847316503550722
1976-03-15,27.53474728396767
1976-03-16,27.820955729124496
1976-03-17,27.8291751578759
1976-03-18,27.68579627451897
1976-03-19,27.685641188295804
1976-03-22,27.674712700875325
1976-03-23,27.933657857442526
1976-03-24,28.185772062364958
1976-03-25,28.00369370171114
1976-03-26,28.037412961098784
1976-03-29,27.903107747773177
1976-03-30,27.78094286083327
1976-03-31,27.917114496542325
1976-04-01,27.78581558745258
1976-04-02,27.802848742099567
1976-04-05,28.15256557546283
1976-04-06,28.148408409790722
1976-04-07,27.83756840395109
1976-04-08,27.582265014406943
1976-04-09,27.30849795377302
1976-04-12,27.26054872790575
1976-04-13,27.48687234472858
1976-04-14,27.33337127393129
1976-04-15,27.41849678702421
1976-04-19,27.427127917630344
1976-04-20,27.431159317048
1976-04-21,27.500384531112235
1976-04-22,27.493030575048902
1976-04-23,27.328006334808048
1976-04-26,27.367532673917573
1976-04-27,27.21487849020399
1976-04-28,27.28974349674262
1976-04-29,27.311843936770934
1976-04-30,27.225895372310365
1976-05-03,26.993021077939126
1976-05-04,27.106298258351703
1976-05-05,26.973934867043347
1976-05-06,27.064551925831992
1976-05-07,27.23262490687371
1976-05-10,27.529452289231614
1976-05-11,27.47598144875763
1976-05-12,27.43986660195701
1976-05-13,27.301164991113914
1976-05-14,27.120950949348707
1976-05-17,27.044594358757816
1976-05-18,27.100902791727965
1976-05-19,27.091582654477197
1976-05-20,27.250985908811035
1976-05-21,27.089978733053965
1976-05-24,26.627696830289633
1976-05-25,26.610042475868728
1976-05-26,26.619922608853187
1976-05-27,26.601237635916625
1976-05-28,26.785514135161797
1976-06-01,26.77734328036902
1976-06-02,26.794936347570157
1976-06-03,26.798768079435405
1976-06-04,26.8039951791493
1976-06-07,26.65932410403382
1976-06-08,26.700064214834818
1976-06-09,26.69195409173829
1976-06-10,26.897182706493712
1976-06-11,27.164311494969205
1976-06-14,27.429897034651418
1976-06-15,27.318314939090012
1976-06-16,27.45998197933386
1976-06-17,27.830214586914817
1976-06-18,27.8777046063738
1976-06-21,27.962826012376823
1976-06-22,27.78384950851525
1976-06-23,27.743079438888675
1976-06-24,27.9605049209127
1976-06-25,27.964768635552595
1976-06-28,27.895597683715085
1976-06-29,28.006943271548696
1976-06-30,28.127872881552964
1976-07-01,27.986256027438102
1976-07-02,28.134499114221867
1976-07-06,28.020232036965798
1976-07-07,28.129349030572072
1976-07-08,28.145215062895538
1976-07-09,28.279048991245286
1976-07-12,28.27639363132993
1976-07-13,28.281071464859316
1976-07-14,28.322469960633942
1976-07-15,28.201181802888925
1976-07-16,28.09984368628259
1976-07-19,28.00447243657581
1976-07-20,27.86991856443656
1976-07-21,27.858183364593806
1976-07-22,27.88151535208794
1976-07-23,27.873797702494578
1976-07-26,27.87726866673833
1976-07-27,27.882052956059677
1976-07-28,27.888279297305296
1976-07-29,27.83036002574509
1976-07-30,27.952527998877425
1976-08-02,27.9802002490424
1976-08-03,28.27291045250692
1976-08-04,28.315717969282296
1976-08-05,28.216005262544577
1976-08-06,28.258548100416967
1976-08-09,28.2017390898489
1976-08-10,28.382847935567334
1976-08-11,28.361069612305535
1976-08-12,28.35914606644899
1976-08-13,28.364549334549032
1976-08-16,28.369953632133743
1976-08-17,28.375358959399275
1976-08-18,28.38076531654181
1976-08-19,28.386172703757573
1976-08-20,28.391581121242822
1976-08-23,28.396990569193854
1976-08-24,28.402401047807004
1976-08-25,28.407812557278643
1976-08-26,28.41322509780518
1976-08-27,28.418638669583068
1976-08-30,28.424053272808784
1976-08-31,28.429468907678853
1976-09-01,28.43541322533276
1976-09-02,28.441358785884045
1976-09-03,28.551677575492732
1976-09-07,28.72777055864965
1976-09-08,28.76082242923905
1976-09-09,28.726866685610762
1976-09-10,28.84954377912103
1976-09-13,28.845546692116383
1976-09-14,28.803498684401596
1976-09-15,28.89607794951421
1976-09-16,29.087908604837956
1976-09-17,29.333012954016183
1976-09-20,29.401346007966197
1976-09-21,29.676715405931112
1976-09-22,29.627021171497358
1976-09-23,29.542723892703297
1976-09-24,29.461312176796547
1976-09-27,29.528538278399566
1976-09-28,29.274505508377626
1976-09-29,29.17349181486958
1976-09-30,29.165001904423015
1976-10-01,29.170684996694106
1976-10-04,29.17636919637256
1976-10-05,29.18205450367416
1976-10-06,29.187740918814743
1976-10-07,29.19342844201018
1976-10-08,29.199117073476387
1976-10-11,29.20480681342932
1976-10-12,29.210497662084983
1976-10-13,29.216189619659414
1976-10-14,29.221882686368698
1976-10-15,29.22757686242896
1976-10-18,29.233272148056372
1976-10-19,29.238968543467138
1976-10-20,29.244666048877516
1976-10-21,29.2503646645038
1976-10-22,29.256064390562322
1976-10-25,29.24651806107507
1976-10-26,29.488896058345844
1976-10-27,29.698873259685488
1976-10-28,29.67234384844085
1976-10-29,30.044466878741186
1976-11-01,30.136788641883587
1976-11-03,29.852164228806476
1976-11-04,30.03052588395919
1976-11-05,29.84189535232018
1976-11-08,29.580353007690942
1976-11-09,29.558649312775394
1976-11-10,29.54976753544604
1976-11-11,29.55566626004147
1976-11-12,29.561566162140302
1976-11-15,29.56746724197759
1976-11-16,29.573369499788434
1976-11-17,29.579272935807985
1976-11-18,29.585177550271432
1976-11-19,29.59108334341402
1976-11-22,29.596990315471036
1976-11-23,29.5552780800664
1976-11-24,29.72486551720097
1976-11-26,29.930622335606483
1976-11-29,29.76807266177039
1976-11-30,29.704148709903244
1976-12-01,29.892222578691534
1976-12-02,29.88269829676273
1976-12-03,29.888121110022645
1976-12-06,29.964396557149644
1976-12-07,29.943098778688686
1976-12-08,30.1197320393498
1976-12-09,30.319621834700726
1976-12-10,30.4383309481824
1976-12-13,30.49896029904494
1976-12-14,30.608386362522136
1976-12-15,30.67211458441485
1976-12-16,30.606185264785367
1976-12-17,30.465738993248618
1976-12-20,30.34315024980498
1976-12-21,30.45446954039903
1976-12-22,30.607051449533582
1976-12-23,30.609015135983384
1976-12-27,30.863201955571547
1976-12-28,31.03195468206655
1976-12-29,30.93691472489612
1976-12-30,31.07445241393811
1976-12-31,31.251564484984208
1977-01-03,31.203857885073106
1977-01-04,30.98963311787722
1977-01-05,30.79040333697471
1977-01-06,30.86851340952868
1977-01-07,30.898566552004088
1977-01-10,30.896529694346018
1977-01-11,30.681775219936913
1977-01-12,30.47491623445924
1977-01-13,30.698847568182828
1977-01-14,30.7236070249444
1977-01-17,30.69189084978708
1977-01-18,30.66068808093073
1977-01-19,30.780891350532126
1977-01-20,30.62175046664234
1977-01-21,30.762152862449113
1977-01-24,30.840271841898705
1977-01-25,30.9216418821714
1977-01-26,30.784405464245655
1977-01-27,30.64824915409676
1977-01-28,30.638746361046483
1977-01-31,30.632916699591405
1977-02-01,30.74180448901756
1977-02-02,30.74806421409732
1977-02-03,30.698909903329522
1977-02-04,30.69519868543549
1977-02-07,30.722600147197305
1977-02-08,30.685219433634458
1977-02-09,30.404747586420946
1977-02-10,30.361475468495282
1977-02-11,30.181561998277164
1977-02-14,30.268491889712944
1977-02-15,30.26237671057342
1977-02-16,30.267942264274264
1977-02-17,30.27350884153609
1977-02-18,30.279076442547137
1977-02-22,30.28464506749569
1977-02-23,30.290214716570052
1977-02-24,30.27803335642573
1977-02-25,30.280648038136654
1977-02-28,30.28621695211735
1977-03-01,30.291211755017095
1977-03-02,30.296207381659734
1977-03-03,30.301203832181116
1977-03-04,30.30620110671712
1977-03-07,30.31119920540364
1977-03-08,30.316198128376595
1977-03-09,30.321197875771926
1977-03-10,30.3261984477256
1977-03-11,30.331199844373597
1977-03-14,30.336202065851932
1977-03-15,30.34120511229663
1977-03-16,30.346208983843752
1977-03-17,30.351213680629368
1977-03-18,30.35621920278958
1977-03-21,30.24700435582924
1977-03-22,30.24170344744551
1977-03-23,30.121908182734945
1977-03-24,29.99293809638961
1977-03-25,29.982885589474602
1977-03-28,29.98783036696602
1977-03-29,29.99277595995014
1977-03-30,29.997722368561455
1977-03-31,30.002669592934478
1977-04-01,30.008359899249474
1977-04-04,30.014051284787964
1977-04-05,30.019743749754635
1977-04-06,30.025437294354212
1977-04-07,30.03113191879146
1977-04-11,30.036827623271176
1977-04-12,30.042524407998204
1977-04-13,30.048222273177426
1977-04-14,30.053921219013755
1977-04-15,30.05366567810473
1977-04-18,29.9226893369828
1977-04-19,29.824453766706256
1977-04-20,29.943379762182325
1977-04-21,29.81485062415509
1977-04-22,29.53801171865954
1977-04-25,29.52884209101312
1977-04-26,29.534442531204103
1977-04-27,29.54004403357457
1977-04-28,29.545646598325977
1977-04-29,29.551250225659814
1977-05-02,29.556447699549505
1977-05-03,29.561646087570903
1977-05-04,29.566845389884786
1977-05-05,29.57204560665196
1977-05-06,29.57724673803326
1977-05-09,29.507997399303427
1977-05-10,29.580783744933374
1977-05-11,29.500799639097373
1977-05-12,29.487522151495142
1977-05-13,29.56930117607864
1977-05-16,29.559714573857107
1977-05-17,29.574465334066886
1977-05-18,29.641682434919318
1977-05-19,29.601983814371632
1977-05-20,29.59676958592306
1977-05-23,29.315261745349094
1977-05-24,29.195266201667994
1977-05-25,29.185205653428838
1977-05-26,29.19029161858952
1977-05-27,29.195425607079397
1977-05-31,29.20056049853517
1977-06-01,29.20585952424884
1977-06-02,29.211159511576707
1977-06-03,29.216460460693273
1977-06-06,29.221762371773075
1977-06-07,29.22706524499068
1977-06-08,29.232369080520687
1977-06-09,29.23767387853773
1977-06-10,29.24297963921647
1977-06-13,29.248286362731598
1977-06-14,29.253594049257842
1977-06-15,29.258902698969962
1977-06-16,29.264212312042744
1977-06-17,29.26952288865101
1977-06-20,29.274834428969616
1977-06-21,29.380274376045016
1977-06-22,29.370954176460717
1977-06-23,29.448445378840052
1977-06-24,29.565043431325034
1977-06-27,29.58959856773913
1977-06-28,29.45724901904419
1977-06-29,29.447863328710667
1977-06-30,29.52034413981652
1977-07-01,29.461809605657844
1977-07-05,29.454225569624366
1977-07-06,29.383231211733285
1977-07-07,29.50503867216879
1977-07-08,29.53368802446302
1977-07-11,29.50278002771019
1977-07-12,29.523581189729885
1977-07-13,29.614304937268663
1977-07-15,29.758939578671658
1977-07-18,29.907850200601438
1977-07-19,30.07483350555047
1977-07-20,30.067055890344704
1977-07-21,30.022940221582004
1977-07-22,30.05836081620445
1977-07-25,29.912307047626797
1977-07-26,29.822598678963292
1977-07-27,29.416613810537985
1977-07-28,29.35784384647741
1977-07-29,29.34963832016818
1977-08-01,29.3552411661235
1977-08-02,29.360845081662113
1977-08-03,29.366450066988204
1977-08-04,29.37205612230599
1977-08-05,29.37766324781974
1977-08-08,29.383271443733747
1977-08-09,29.387925251612657
1977-08-10,29.559337019945495
1977-08-11,29.413126834008875
1977-08-12,29.34128481299359
1977-08-15,29.401663953936637
1977-08-16,29.392573093219653
1977-08-17,29.424036815147584
1977-08-18,29.430285669425913
1977-08-19,29.413032968132296
1977-08-22,29.541431008310962
1977-08-23,29.454061270630902
1977-08-24,29.287535149808424
1977-08-25,29.062825683400664
1977-08-26,29.038054805952406
1977-08-29,29.09494371274696
1977-08-30,29.096929170978203
1977-08-31,29.102483774756944
1977-09-01,29.10843057629148
1977-09-02,29.11437859299544
1977-09-06,29.120327825117133
1977-09-07,29.151379186596877
1977-09-08,28.97485790120901
1977-09-09,28.75855392540773
1977-09-12,28.737701780588463
1977-09-13,28.7395469035339
1977-09-14,28.745419542548166
1977-09-15,28.75129338157749
1977-09-16,28.75716842086708
1977-09-19,28.763044660662203
1977-09-20,28.76892210120816
1977-09-21,28.774800742750323
1977-09-22,28.73670075626097
1977-09-23,28.749146821421768
1977-09-26,28.740643911372217
1977-09-27,28.746516774549068
1977-09-28,28.75239083778678
1977-09-29,28.758266101330573
1977-09-30,28.76414256542572
1977-10-03,28.770838570173527
1977-10-04,28.77753613368428
1977-10-05,28.78423525632084
1977-10-06,28.79093593844616
1977-10-07,28.797638180423274
1977-10-10,28.8043419826153
1977-10-11,28.811047345385433
1977-10-12,28.817754269096966
1977-10-13,28.82446275411327
1977-10-14,28.831172800797802
1977-10-17,28.837884409514103
1977-10-18,28.8445975806258
1977-10-19,28.851312314496596
1977-10-20,28.85802861149029
1977-10-21,28.86474647197076
1977-10-24,28.871465896301974
1977-10-25,28.878186884847977
1977-10-26,28.884909437972905
1977-10-27,28.891633556040972
1977-10-28,28.898359239416486
1977-10-31,28.905086488463834
1977-11-01,28.911952313657437
1977-11-02,28.918819769690497
1977-11-03,28.92568885695039
1977-11-04,28.93255957582458
1977-11-07,28.939431926700625
1977-11-08,28.94630590996617
1977-11-09,28.95318152600896
1977-11-10,28.960058775216833
1977-11-11,28.96693765797771
1977-11-14,28.973818174679607
1977-11-15,28.980700325710636
1977-11-16,28.987584111459
1977-11-17,28.94916218565604
1977-11-18,29.03021244122502
1977-11-21,29.022366942264213
1977-11-22,29.029048831814116
1977-11-23,29.035944101783134
1977-11-25,29.04284100958563
1977-11-28,29.049739555610635
1977-11-29,29.056639740247277
1977-11-30,29.063541563884776
1977-12-01,29.070307265725436
1977-12-02,29.077074542553827
1977-12-05,29.08384339473659
1977-12-06,29.090613822640453
1977-12-07,29.097385826632227
1977-12-08,29.10415940707881
1977-12-09,29.110934564347186
1977-12-12,29.117711298804423
1977-12-13,29.124489610817676
1977-12-14,29.131269500754183
1977-12-15,29.138050968981265
1977-12-16,29.144834015866337
1977-12-19,29.151618641776892
1977-12-20,29.158404847080515
1977-12-21,29.16519263214487
1977-12-22,29.17198199733771
1977-12-23,29.17877294302687
1977-12-27,29.185565469580283
1977-12-28,29.19235957736595
1977-12-29,29.199155266751966
1977-12-30,29.205952538106516
1978-01-03,29.212751391797863
1978-01-04,29.219551828194362
1978-01-05,29.22635384766445
1978-01-06,29.23315745057665
1978-01-09,29.23996263729957
1978-01-10,29.24676940820191
1978-01-11,29.253577763652448
1978-01-12,29.26038770402005
1978-01-13,29.267199229673672
1978-01-16,29.27401234098235
1978-01-17,29.28082703831521
1978-01-18,29.28764332204146
1978-01-19,29.294461192530402
1978-01-20,29.301280650151416
1978-01-23,29.30810169527397
1978-01-24,29.314924328267615
1978-01-25,29.321748549501997
1978-01-26,29.328574359346838
1978-01-27,29.335401758171955
1978-01-30,29.34223074634724
1978-01-31,29.349061324242687
1978-02-01,29.356151470477396
1978-02-02,29.363243329549633
1978-02-03,29.272438605495502
1978-02-06,29.260796698469896
1978-02-07,29.283719806537448
1978-02-08,29.288868408640898
1978-02-09,29.295944013471058
1978-02-10,29.30302132762583
1978-02-13,29.31010035151816
1978-02-14,29.317181085561078
1978-02-15,29.324263530167727
1978-02-16,29.331347685751343
1978-02-17,29.338433552725267
1978-02-21,29.345521131502935
1978-02-22,29.352610422497882
1978-02-23,29.35970142612375
1978-02-24,29.36679414279427
1978-02-27,29.373888572923285
1978-02-28,29.38098471692473
1978-03-01,29.388044967552204
1978-03-02,29.395106914757907
1978-03-03,29.373591528977656
1978-03-06,29.316246995447884
1978-03-07,29.476584904858733
1978-03-08,29.559587155451748
1978-03-09,29.624384544181563
1978-03-10,29.622072279185886
1978-03-13,29.629190463154572
1978-03-14,29.636310357622868
1978-03-15,29.643431963001802
1978-03-16,29.650555279702512
1978-03-17,29.657680308136225
1978-03-20,29.81476198919842
1978-03-21,29.573654905397625
1978-03-22,29.56597107394406
1978-03-23,29.57307577679313
1978-03-27,29.58018218690229
1978-03-28,29.770756515564653
1978-03-29,29.849309456288534
1978-03-30,29.791943576478126
1978-03-31,29.744927777568694
1978-04-03,29.53985520995604
1978-04-04,29.655132845851387
1978-04-05,29.87494297275202
1978-04-06,29.961951222906656
1978-04-07,30.105372159279696
1978-04-10,30.197547470066542
1978-04-11,30.13476621705609
1978-04-12,30.163957571823637
1978-04-13,30.49024365735021
1978-04-14,31.012233592609128
1978-04-17,31.403444281905713
1978-04-18,31.077266101608096
1978-04-19,31.177126845656268
1978-04-20,31.43992122664722
1978-04-21,31.427805872755062
1978-04-24,31.819994430848993
1978-04-25,32.11285336201389
1978-04-26,32.19829479987678
1978-04-27,31.921191171609614
1978-04-28,32.22960046829927
1978-05-01,32.49988314132493
1978-05-02,32.39085284778978
1978-05-03,32.175221547343966
1978-05-04,32.159138092917445
1978-05-05,32.37097406532685
1978-05-08,32.27620520021363
1978-05-09,32.215573934257186
1978-05-10,32.29878800569241
1978-05-11,32.69152166420426
1978-05-12,33.02960251026459
1978-05-15,33.20531559664099
1978-05-16,33.480943705298436
1978-05-17,33.60161195975568
1978-05-18,33.36197190854952
1978-05-19,33.172261212440105
1978-05-22,33.4928478917084
1978-05-23,33.197447446801746
1978-05-24,32.85561135145778
1978-05-25,32.801815616878194
1978-05-26,32.779835800472526
1978-05-30,32.87573945772559
1978-05-31,33.04588098622888
1978-06-01,33.08864501131285
1978-06-02,33.43366034815292
1978-06-05,34.09116959238728
1978-06-06,34.25554429494664
1978-06-07,34.21740064274396
1978-06-08,34.29823944033646
1978-06-09,34.219633513815104
1978-06-12,34.085283495389326
1978-06-13,34.12321251892013
1978-06-14,34.1692724408621
1978-06-15,33.83916636095505
1978-06-16,33.53017061278825
1978-06-19,33.45349833393233
1978-06-20,33.14104708727066
1978-06-21,32.8871315603103
1978-06-22,32.97834002557503
1978-06-23,32.93394375422181
1978-06-26,32.45307083663681
1978-06-27,32.52853245938064
1978-06-28,32.668162495307264
1978-06-29,32.659822234691944
1978-06-30,32.66781801237144
1978-07-03,32.67694082722957
1978-07-05,32.68606618972498
1978-07-06,32.69519410056912
1978-07-07,32.70432456047364
1978-07-10,32.71345757015039
1978-07-11,32.722593130311424
1978-07-12,32.73173124166899
1978-07-13,32.74087190493553
1978-07-14,32.7500151208237
1978-07-17,32.75916089004633
1978-07-18,32.4622059562078
1978-07-19,32.87915049056886
1978-07-20,32.92498918667223
1978-07-21,32.79027382827018
1978-07-24,32.78319930141474
1978-07-25,33.016001225831346
1978-07-26,33.24901499094179
1978-07-27,33.46811297508844
1978-07-28,33.68512764227058
1978-07-31,34.01366868302077
1978-08-01,34.060787937631545
1978-08-02,34.75317573853225
1978-08-03,34.90204749748295
1978-08-04,35.047754418501746
1978-08-07,35.03731391927922
1978-08-08,35.21456186304586
1978-08-09,35.42200598746009
1978-08-10,35.21313194835738
1978-08-11,35.3145624977338
1978-08-14,35.34518021650368
1978-08-15,35.27282698312377
1978-08-16,35.56829471011676
1978-08-17,35.824167174107465
1978-08-18,35.76669784204788
1978-08-21,35.42286140245201
1978-08-22,35.52026128668628
1978-08-23,35.795179447083584
1978-08-24,35.96608985172209
1978-08-25,36.049333305969874
1978-08-28,35.86384517286695
1978-08-29,35.683181620518795
1978-08-30,35.80657996275934
1978-08-31,35.71404811220512
1978-09-01,35.83463014750214
1978-09-05,36.04941524455748
1978-09-06,36.345286052112066
1978-09-07,36.434706990678656
1978-09-08,36.87000725007268
1978-09-11,36.97057022456763
1978-09-12,37.028141760145346
1978-09-13,36.86095607108849
1978-09-14,36.47702615047547
1978-09-15,36.09848005294214
1978-09-18,35.586460577955116
1978-09-19,35.21311054494828
1978-09-20,34.75447373191376
1978-09-21,34.768513328404964
1978-09-22,34.83098056439851
1978-09-25,34.82026172460837
1978-09-26,35.13874369871685
1978-09-27,34.8187179860308
1978-09-28,34.918399846527564
1978-09-29,35.107336330494455
1978-10-02,35.23927477219451
1978-10-03,35.15164184480595
1978-10-04,35.27967163477257
1978-10-05,35.368190741469164
1978-10-06,35.44353952868837
1978-10-09,35.73880894349889
1978-10-10,35.70038600493158
1978-10-11,35.94402062301768
1978-10-12,35.799699290257536
1978-10-13,35.7415640658591
1978-10-16,35.135796774845026
1978-10-17,34.54687940094937
1978-10-18,34.11897210559519
1978-10-19,33.63775526063249
1978-10-20,32.846357014302804
1978-10-23,32.732285432107325
1978-10-24,32.545551122617944
1978-10-25,32.52385762388539
1978-10-26,31.784608006199665
1978-10-27,31.032991927312445
1978-10-30,30.858378985688528
1978-10-31,30.3698026575778
1978-11-01,31.541636266482648
1978-11-02,31.3276954997099
1978-11-03,31.485589295275673
1978-11-06,31.24375279494503
1978-11-07,31.232102578839054
1978-11-08,31.242295412259534
1978-11-09,31.252675040064346
1978-11-10,31.263058116292903
1978-11-13,31.273444642090876
1978-11-14,31.283834618604317
1978-11-15,31.34214455815043
1978-11-16,31.559004531702005
1978-11-17,31.717049797970866
1978-11-20,31.902080754991406
1978-11-21,31.9038971167757
1978-11-22,31.914496548514805
1978-11-24,31.925099501703116
1978-11-27,31.935705977510565
1978-11-28,31.94631597710747
1978-11-29,31.956929501664543
1978-11-30,31.96754655235288
1978-12-01,31.97996786224126
1978-12-04,31.983131920046546
1978-12-05,32.42209526697091
1978-12-06,32.506927152570555
1978-12-07,32.40953234101045
1978-12-08,32.297417332766905
1978-12-11,32.293811833837104
1978-12-12,32.30635991736326
1978-12-13,32.31891287657275
1978-12-14,32.29095984320837
1978-12-15,32.279303163239106
1978-12-18,31.850421278002468
1978-12-19,32.05442617097621
1978-12-20,32.195255739060336
1978-12-21,32.192998230437404
1978-12-22,32.20550714182982
1978-12-26,32.218020913684846
1978-12-27,32.23053954789107
1978-12-28,32.18508599158645
1978-12-29,32.090283828611504
1979-01-02,32.09495694885037
1979-01-03,32.10552880759291
1979-01-04,32.150891682194754
1979-01-05,32.159260871805586
1979-01-08,32.1491679024469
1979-01-09,32.31135126585019
1979-01-10,32.1729965481452
1979-01-11,32.185806254483026
1979-01-12,32.19454249038894
1979-01-15,32.26055115634422
1979-01-16,31.91453450708803
1979-01-17,31.901732595140064
1979-01-18,32.05264024528513
1979-01-19,31.99946918200774
1979-01-22,32.052996955722485
1979-01-23,32.24966548714876
1979-01-24,32.09876815316844
1979-01-25,32.39007265975234
1979-01-26,32.57461971982575
1979-01-29,32.454666586086546
1979-01-30,32.37781033053323
1979-01-31,32.03887816919675
1979-02-01,32.193286889659994
1979-02-02,32.18537111340529
1979-02-05,31.794986525557132
1979-02-06,31.815173291804136
1979-02-07,31.52152567661261
1979-02-08,31.517828156102144
1979-02-09,31.529896017324834
1979-02-12,31.54196849921091
1979-02-13,31.554045603529573
1979-02-14,31.56612733205071
1979-02-15,31.578213686544878
1979-02-16,31.600519164595298
1979-02-20,31.79300150309876
1979-02-21,31.717772522584614
1979-02-22,31.551948470093777
1979-02-23,31.38347408480127
1979-02-26,31.347655138104823
1979-02-27,30.790638726010588
1979-02-28,30.81375797891565
1979-03-01,30.93573818378257
1979-03-02,30.938170224068145
1979-03-05,30.94951741676123
1979-03-06,30.960868771264177
1979-03-07,30.972224289103416
1979-03-08,30.98358397180593
1979-03-09,30.998385005708514
1979-03-12,31.048456447707736
1979-03-13,31.163671470322804
1979-03-14,31.18416024886982
1979-03-15,31.37210630955285
1979-03-16,31.736090335261743
1979-03-19,31.86120439192773
1979-03-20,31.85695368079963
1979-03-21,31.897007852672857
1979-03-22,31.957619828519142
1979-03-23,31.873967351694528
1979-03-26,31.757402991183557
1979-03-27,32.19734392455965
1979-03-28,32.09013263882658
1979-03-29,32.135088701245266
1979-03-30,32.06713373394364
1979-04-02,31.83417317543457
1979-04-03,32.293066177321066
1979-04-04,32.4033650383438
1979-04-05,32.635702190096616
1979-04-06,32.663886340151855
1979-04-09,32.57558505412592
1979-04-10,32.71118265246788
1979-04-11,32.437882928864404
1979-04-12,32.34452379090411
1979-04-16,32.00977233001251
1979-04-17,31.97960540004626
1979-04-18,32.1550656209939
1979-04-19,32.08861775997841
1979-04-20,32.13918836319518
1979-04-23,32.221287631761314
1979-04-24,32.37212267688597
1979-04-25,32.487670226423816
1979-04-26,32.378274731801
1979-04-27,32.31141504669309
1979-04-30,32.278508122171424
1979-05-01,32.29319844900725
1979-05-02,32.373843836921544
1979-05-03,32.36296947279296
1979-05-04,32.01999597008232
1979-05-07,31.387734077570553
1979-05-08,31.3915240995905
1979-05-09,31.524194036774837
1979-05-10,31.36819036417386
1979-05-11,31.371942750165932
1979-05-14,31.38359052507021
1979-05-15,31.395242624560357
1979-05-16,31.406899050242004
1979-05-17,31.418559803721376
1979-05-18,31.430224886605302
1979-05-21,31.548586325762663
1979-05-22,31.71337093131158
1979-05-23,31.55279286801343
1979-05-24,31.5843668933796
1979-05-25,31.709468555239763
1979-05-29,31.689659527355104
1979-05-30,31.410695784427926
1979-05-31,31.381882580696725
1979-06-01,31.442384967731176
1979-06-04,31.52548610647841
1979-06-05,31.911545530728954
1979-06-06,32.14787974320094
1979-06-07,32.35539640796052
1979-06-08,32.27660168932975
1979-06-11,32.37570726429105
1979-06-12,32.649939194256454
1979-06-13,32.47057095700573
1979-06-14,32.45253755601306
1979-06-15,32.49934052579566
1979-06-18,32.37004080201659
1979-06-19,32.39784343664737
1979-06-20,32.47137048840477
1979-06-21,32.58161193294295
1979-06-22,32.71385445535335
1979-06-25,32.57775430606328
1979-06-26,32.48104349278974
1979-06-27,32.73467494484353
1979-06-28,32.990462928058
1979-06-29,33.02130424169721
1979-07-02,32.73769075798087
1979-07-03,32.79341645562285
1979-07-05,32.99076068739104
1979-07-06,33.369076484197514
1979-07-09,33.73109078580251
1979-07-10,33.635131359100676
1979-07-11,33.405230854753064
1979-07-12,33.14691520129937
1979-07-13,33.066284137404374
1979-07-16,33.22300659845732
1979-07-17,32.92770003135832
1979-07-18,32.79247196134532
1979-07-19,32.788049809109395
1979-07-20,32.80002826734616
1979-07-23,32.812011101673065
1979-07-24,32.82399831368884
1979-07-25,32.83598990499278
1979-07-26,32.91472934708085
1979-07-27,32.97206792906658
1979-07-30,33.03411471608563
1979-07-31,33.24703477576136
1979-08-01,33.387033692463895
1979-08-02,33.43075291751009
1979-08-03,33.41564396833179
1979-08-06,33.4523972276718
1979-08-07,33.86428266295074
1979-08-08,34.01834598064891
1979-08-09,33.9380888360878
1979-08-10,34.23047508061202
1979-08-13,34.59306881423052
1979-08-14,34.654807209719344
1979-08-15,34.88966532759027
1979-08-16,34.89234244358334
1979-08-17,34.918556833845045
1979-08-20,35.02494287071068
1979-08-21,35.04064833365015
1979-08-22,35.10293420330612
1979-08-23,35.05180066818226
1979-08-24,35.04966108403182
1979-08-27,35.26209788564779
1979-08-28,35.22888256583636
1979-08-29,35.2334719569042
1979-08-30,35.20908143714303
1979-08-31,35.3102665475019
1979-09-04,34.72069006505556
1979-09-05,34.242234212181266
1979-09-06,34.49402577043505
1979-09-07,34.82762403562353
1979-09-10,35.03648618182188
1979-09-11,35.008584818831665
1979-09-12,35.0219453869942
1979-09-13,34.99553878167287
1979-09-14,35.42601978476546
1979-09-17,35.34516050772339
1979-09-18,35.136986784912835
1979-09-19,35.268039660673935
1979-09-20,35.84674641172366
1979-09-21,35.895939044824246
1979-09-24,35.646056288676775
1979-09-25,35.66278516661097
1979-09-26,35.7434168158573
1979-09-27,35.789938043765
1979-09-28,35.52186394473162
1979-10-01,35.3049701938534
1979-10-02,35.629584182958304
1979-10-03,35.694681117778025
1979-10-04,35.92770655162928
1979-10-05,36.302712550665206
1979-10-08,35.84848982769257
1979-10-09,34.50618439918847
1979-10-10,33.84780225629402
1979-10-11,33.859557320808264
1979-10-12,33.74446594759808
1979-10-15,33.74029889917658
1979-10-16,33.7530088697719
1979-10-17,33.76572362821314
1979-10-18,33.77844317630388
1979-10-19,33.79116751584839
1979-10-22,33.80389664865161
1979-10-23,33.81663057651915
1979-10-24,33.82936930125732
1979-10-25,33.8421128246731
1979-10-26,33.85486114857415
1979-10-29,33.86761427476882
1979-10-30,33.880372205066124
1979-10-31,33.89313494127577
1979-11-01,33.90903827805292
1979-11-02,33.96738778233162
1979-11-05,33.73847959595976
1979-11-06,33.52912132590391
1979-11-07,33.09379443093568
1979-11-08,33.29878338900119
1979-11-09,33.791526607836
1979-11-12,34.51799964740166
1979-11-13,34.41314648458815
1979-11-14,34.58972493432984
1979-11-15,34.93802408230288
1979-11-16,34.93197975911127
1979-11-19,35.26656998720245
1979-11-20,35.11538942739478
1979-11-21,35.13935075136371
1979-11-23,35.502571615872625
1979-11-26,36.09420267144636
1979-11-27,35.70757617636858
1979-11-28,35.8036673555725
1979-11-29,35.813440788780795
1979-11-30,35.65267381095083
1979-12-03,35.54694301756132
1979-12-04,35.836246814263355
1979-12-05,36.03569455783748
1979-12-06,36.31103664048857
1979-12-07,36.209076981595096
1979-12-10,36.31745896500065
1979-12-11,36.282514081226594
1979-12-12,36.355402698286184
1979-12-13,36.432936512383506
1979-12-14,36.858325288008444
1979-12-17,37.02974846866685
1979-12-18,36.69861279444179
1979-12-19,36.669055790660046
1979-12-20,36.7488523019061
1979-12-21,36.538497354324136
1979-12-24,36.54224496710344
1979-12-26,36.58581106607376
1979-12-27,36.659592457448404
1979-12-28,36.703080436028955
1979-12-31,36.7702099600581
1980-01-02,36.09408695503102
1980-01-03,35.74750464961242
1980-01-04,36.25120359013029
1980-01-07,36.37454104267657
1980-01-08,36.97649764096479
1980-01-09,37.158828922666224
1980-01-10,37.59074200907887
1980-01-11,37.72629304202314
1980-01-14,37.885280112345896
1980-01-15,38.09325205308061
1980-01-16,38.09930395965831
1980-01-17,37.953407929609035
1980-01-18,38.02226342127367
1980-01-21,38.33282932089297
1980-01-22,38.08204682418636
1980-01-23,38.729173299764675
1980-01-24,38.914137483765316
1980-01-25,38.94329338128421
1980-01-28,39.54297659946532
1980-01-29,39.255695013062905
1980-01-30,39.76426145439118
1980-01-31,39.522460264244295
1980-02-01,39.847033420903536
1980-02-04,39.69339749106308
1980-02-05,39.787425578256425
1980-02-06,40.212506076385154
1980-02-07,40.48503302453397
1980-02-08,41.077551092462265
1980-02-11,40.80266712312575
1980-02-12,41.045378040192034
1980-02-13,41.145263650666166
1980-02-14,40.45081603279462
1980-02-15,40.045683082653994
1980-02-19,39.75747720692857
1980-02-20,40.37254929445063
1980-02-21,40.033467938870515
1980-02-22,39.84466870400161
1980-02-25,39.276813329696445
1980-02-26,39.583286935378815
1980-02-27,39.081638606070115
1980-02-28,39.08412750021748
1980-02-29,39.41497942850785
1980-03-03,39.027585556910864
1980-03-04,39.21046737455717
1980-03-05,38.71863052219099
1980-03-06,37.599071993924554
1980-03-07,36.78862849442981
1980-03-10,36.348607133083334
1980-03-11,36.7737697279792
1980-03-12,36.572844117468534
1980-03-13,36.57549980151351
1980-03-14,36.5964539053498
1980-03-17,36.61742001379218
1980-03-18,36.638398133718084
1980-03-19,36.6593882720089
1980-03-20,36.68039043554993
1980-03-21,36.70140463123046
1980-03-24,36.72243086594369
1980-03-25,36.7434691465868
1980-03-26,36.76451948006088
1980-03-27,36.78558187327101
1980-03-28,36.80665633312621
1980-03-31,36.82774286653947
1980-04-01,36.84970803721736
1980-04-02,36.871686308582
1980-04-03,36.89367768844703
1980-04-07,36.915682184630754
1980-04-08,36.93769980495614
1980-04-09,36.959730557250815
1980-04-10,37.211054668392
1980-04-11,37.20420310387636
1980-04-14,36.81769419256232
1980-04-15,36.75080454669833
1980-04-16,36.701952402808864
1980-04-17,36.721152020127306
1980-04-18,36.710690078626754
1980-04-21,36.599159642138005
1980-04-22,37.0738412252855
1980-04-23,37.19036057269076
1980-04-24,37.56752436178038
1980-04-25,37.57131802384825
1980-04-28,37.59372668505722
1980-04-29,37.61614871146399
1980-04-30,37.753044043408465
1980-05-01,37.62296427581294
1980-05-02,37.62821403613092
1980-05-05,37.81657389285904
1980-05-06,37.82698923148581
1980-05-07,37.8428685830324
1980-05-08,37.64089991968334
1980-05-09,37.294423712057025
1980-05-12,37.290098971805676
1980-05-13,37.30442694653362
1980-05-14,37.539423344968235
1980-05-15,37.69209599318146
1980-05-16,37.81802069371716
1980-05-19,37.87663301963871
1980-05-20,37.835241281155106
1980-05-21,37.8269224498619
1980-05-22,38.28482810474026
1980-05-23,38.82054137039963
1980-05-27,38.89402130011942
1980-05-28,39.03175395160801
1980-05-29,38.470407557475234
1980-05-30,38.71788040046771
1980-06-02,38.657751271401615
1980-06-03,38.56268234133233
1980-06-04,39.32431082189732
1980-06-05,39.384370331480184
1980-06-06,39.56188428824094
1980-06-09,39.77117766641632
1980-06-10,40.10723658600985
1980-06-11,40.55101339484912
1980-06-12,40.429947735243736
1980-06-13,40.462346781976485
1980-06-16,40.481818163067175
1980-06-17,40.52586896744814
1980-06-18,40.6289303336288
1980-06-19,40.22578914392417
1980-06-20,40.05422799311918
1980-06-23,40.137962934363095
1980-06-24,40.35052874568195
1980-06-25,40.80821555539996
1980-06-26,40.711480364034884
1980-06-27,40.69831870106235
1980-06-30,40.1430069975878
1980-07-01,40.36564847703616
1980-07-02,40.637359975130245
1980-07-03,41.177636805713654
1980-07-07,41.51978279866577
1980-07-08,41.482821956357064
1980-07-09,41.57866977532232
1980-07-10,41.32824852866359
1980-07-11,41.59258269030244
1980-07-14,42.245983599971225
1980-07-15,42.183718464318844
1980-07-16,42.33132261791178
1980-07-17,42.82137191949709
1980-07-18,43.09805694899604
1980-07-21,43.24185835606355
1980-07-22,43.211150403619826
1980-07-23,43.113073782466934
1980-07-24,43.050290964867195
1980-07-25,42.780004003030506
1980-07-28,42.98955139094147
1980-07-29,43.42678666337607
1980-07-30,43.71413639604528
1980-07-31,43.646006144038175
1980-08-01,43.65884403514977
1980-08-04,43.58314054507846
1980-08-05,43.68932481024261
1980-08-06,44.00626751306445
1980-08-07,44.693606478023234
1980-08-08,44.85125298650896
1980-08-11,45.17868032338499
1980-08-12,44.88023349390019
1980-08-13,44.75715339239921
1980-08-14,45.34910882107289
1980-08-15,45.51708936432949
1980-08-18,44.65632343753999
1980-08-19,44.33806083475306
1980-08-20,44.71479771463018
1980-08-21,45.33288572384537
1980-08-22,45.62505084254375
1980-08-25,45.372308843333926
1980-08-26,45.36138984975959
1980-08-27,44.93119364093597
1980-08-28,44.45476467789506
1980-08-29,44.5775248254135
1980-09-02,45.06372270235484
1980-09-03,45.97809696248779
1980-09-04,45.97779433222159
1980-09-05,45.94563617752328
1980-09-08,45.66000977629248
1980-09-09,45.866988069426704
1980-09-10,46.290915060746876
1980-09-11,46.672719821710174
1980-09-12,46.81429927637233
1980-09-15,46.844381966554415
1980-09-16,47.36133299012068
1980-09-17,48.07262201737742
1980-09-18,47.95138906187346
1980-09-19,48.34680182987017
1980-09-22,48.74535303978173
1980-09-23,48.19501438952501
1980-09-24,48.16664790881875
1980-09-25,47.62158093104366
1980-09-26,46.62152916676364
1980-09-29,45.46261970220873
1980-09-30,46.183117181567674
1980-10-01,46.78795442954973
1980-10-02,47.148012679263495
1980-10-03,47.454540841741114
1980-10-06,48.3450669992046
1980-10-07,48.16061354628648
1980-10-08,48.411477849868554
1980-10-09,48.28461911300041
1980-10-10,48.10561292602709
1980-10-13,48.496428259231116
1980-10-14,48.59624525170302
1980-10-15,49.002533647819384
1980-10-16,48.41439335906482
1980-10-17,48.18118432735745
1980-10-20,48.39508752509898
1980-10-21,48.12243315791028
1980-10-22,48.27921690098835
1980-10-23,47.394275801108826
1980-10-24,47.532977303616725
1980-10-27,46.949396264468604
1980-10-28,46.92053090261757
1980-10-29,46.97024172161544
1980-10-30,46.35171168656421
1980-10-31,46.676620058151705
1980-11-03,47.08429392478457
1980-11-05,47.84261714515579
1980-11-06,47.00695478649774
1980-11-07,46.97650166146706
1980-11-10,47.08524866665962
1980-11-11,47.575617725723156
1980-11-12,48.7624203795439
1980-11-13,49.50468543726415
1980-11-14,49.79741099013874
1980-11-17,50.05890898522329
1980-11-18,50.845549787587636
1980-11-19,50.74828177125032
1980-11-20,51.24745573889858
1980-11-21,50.843328417798425
1980-11-24,50.4621307318662
1980-11-25,50.83298863395679
1980-11-26,51.149571347735346
1980-11-28,51.36472285071568
1980-12-01,50.29332078731246
1980-12-02,50.0986758346136
1980-12-03,50.15027784083358
1980-12-04,50.07338854969907
1980-12-05,49.077248936293486
1980-12-08,47.608042731722726
1980-12-09,47.434516975775516
1980-12-10,47.438855532128336
1980-12-11,47.46692794927803
1980-12-12,47.495016978561296
1980-12-15,47.52312262980853
1980-12-16,47.55124491285595
1980-12-17,47.579383837545585
1980-12-18,47.666692277940456
1980-12-19,47.910207187589684
1980-12-22,48.466920796260645
1980-12-23,48.27953734048501
1980-12-24,48.41979216550094
1980-12-26,48.67417292706991
1980-12-29,48.27229285712409
1980-12-30,48.431841726631625
1980-12-31,48.7874611427064
1981-01-02,49.052355464740316
1981-01-05,49.691146855392546
1981-01-06,49.9663642172359
1981-01-07,48.63330154689496
1981-01-08,48.14431826622904
1981-01-09,48.365130214160224
1981-01-12,48.41631178129782
1981-01-13,48.190332757115144
1981-01-14,48.30281843589286
1981-01-15,48.335889728237824
1981-01-16,48.491122082303136
1981-01-19,48.4475256144153
1981-01-20,47.613822952683776
1981-01-21,47.43030945231687
1981-01-22,47.0776669625271
1981-01-23,47.13055180692987
1981-01-26,46.81524178195654
1981-01-27,47.2320039080041
1981-01-28,47.083277226813934
1981-01-29,47.22236089602617
1981-01-30,47.039670265289644
1981-02-02,45.89431848606205
1981-02-03,46.37173899910023
1981-02-04,46.59509003043381
1981-02-05,47.09304985081334
1981-02-06,47.45035512689969
1981-02-09,47.1762780450344
1981-02-10,47.15100858445723
1981-02-11,46.883731835988556
1981-02-12,46.55726429573973
1981-02-13,46.41815597084424
1981-02-17,46.580754864354965
1981-02-18,46.748716707579526
1981-02-19,46.137555702106404
1981-02-20,46.04695921123752
1981-02-23,46.343430550921106
1981-02-24,46.527004527345596
1981-02-25,46.905385751322385
1981-02-26,47.5765252068764
1981-02-27,48.00109809933287
1981-03-02,48.20281214335267
1981-03-03,47.87132193437339
1981-03-04,48.0764052782512
1981-03-05,47.99391855485408
1981-03-06,48.157866658223334
1981-03-09,48.5840454644793
1981-03-10,48.43487840926695
1981-03-11,48.403434241191505
1981-03-12,49.319406894555435
1981-03-13,49.53855744422347
1981-03-16,50.0821540027616
1981-03-17,49.92253375264113
1981-03-18,50.193443781427064
1981-03-19,50.182753098196834
1981-03-20,50.61602712090878
1981-03-23,51.0229230600417
1981-03-24,50.860037093574846
1981-03-25,50.86571747576327
1981-03-26,50.8935333933649
1981-03-27,50.921364522101065
1981-03-30,50.927738355639356
1981-03-31,51.18393993904662
1981-04-01,51.34108220305448
1981-04-02,51.47292666791912
1981-04-03,51.287375447859
1981-04-06,50.80617396329611
1981-04-07,50.82560687884851
1981-04-08,51.08187445631432
1981-04-09,51.61020707356038
1981-04-10,51.88762239508909
1981-04-13,51.55108951291872
1981-04-14,51.270405513821395
1981-04-15,51.824554954300865
1981-04-16,52.12807589270122
1981-04-20,52.5635369711628
1981-04-21,52.29759074943281
1981-04-22,52.360431008419766
1981-04-23,52.54816405698569
1981-04-24,52.64769912968459
1981-04-27,52.701048981031136
1981-04-28,52.52590647822381
1981-04-29,51.8823124397002
1981-04-30,51.718468980336866
1981-05-01,51.51022146415636
1981-05-04,50.65237912795718
1981-05-05,50.3819894348399
1981-05-06,50.589279882025686
1981-05-07,50.597898530153614
1981-05-08,50.626834456365046
1981-05-11,50.65578693045396
1981-05-12,50.684755961883745
1981-05-13,50.638434607870636
1981-05-14,50.912940299070875
1981-05-15,51.24822608135071
1981-05-18,51.384198068927326
1981-05-19,51.32200109454831
1981-05-20,51.32895115590411
1981-05-21,51.354373613552816
1981-05-22,51.37933928874187
1981-05-26,51.408722105294316
1981-05-27,51.43812172529189
1981-05-28,51.467538158344155
1981-05-29,51.49697141406615
1981-06-01,51.528370147476735
1981-06-02,51.55978802532305
1981-06-03,51.591225059277846
1981-06-04,51.622681261020986
1981-06-05,51.65415664223945
1981-06-08,51.68565121462735
1981-06-09,51.61485836900223
1981-06-10,51.6581439771405
1981-06-11,51.9193000437476
1981-06-12,52.03266568343904
1981-06-15,52.254830140618175
1981-06-16,52.26054761017369
1981-06-17,52.29241191126256
1981-06-18,52.32429564065309
1981-06-19,52.3561988101911
1981-06-22,52.38812143172965
1981-06-23,52.420063517129
1981-06-24,52.08580921915667
1981-06-25,52.061561576802056
1981-06-26,51.95671144505923
1981-06-29,51.63659705233753
1981-06-30,51.26255752159718
1981-07-01,50.78356907796713
1981-07-02,50.59004892134208
1981-07-06,50.607726932694106
1981-07-07,50.63608396032631
1981-07-08,50.66445687725181
1981-07-09,50.692845692373844
1981-07-10,50.721250414600654
1981-07-13,50.74967105284547
1981-07-14,50.77810761602652
1981-07-15,50.843012918286895
1981-07-16,50.86585143075724
1981-07-17,50.89435309328944
1981-07-20,50.92287072615821
1981-07-21,50.9514043383122
1981-07-22,50.979953938705094
1981-07-23,51.00677486288004
1981-07-24,51.1950799963905
1981-07-27,51.21165185105709
1981-07-28,51.2403472759388
1981-07-29,51.269058779727935
1981-07-30,51.297786371433986
1981-07-31,51.3265300600715
1981-08-03,51.35762572504309
1981-08-04,51.38874022901235
1981-08-05,51.41987358339269
1981-08-06,51.45102579960445
1981-08-07,51.482196889074885
1981-08-10,51.51338686323816
1981-08-11,51.54459573353538
1981-08-12,51.57582351141458
1981-08-13,51.600993072039344
1981-08-14,51.21909422490064
1981-08-17,50.73290878700664
1981-08-18,50.2407001834439
1981-08-19,50.284897978756476
1981-08-20,50.30342862835424
1981-08-21,50.32788893982109
1981-08-24,50.35837958805639
1981-08-25,50.388888708746016
1981-08-26,50.41941631308132
1981-08-27,50.44996241226043
1981-08-28,50.48052701748828
1981-08-31,50.51111013997655
1981-09-01,50.54076117185092
1981-09-02,50.57042960947402
1981-09-03,50.600115463063375
1981-09-04,50.6298187428425
1981-09-08,50.65953945904093
1981-09-09,50.68927762189418
1981-09-10,51.31008909031608
1981-09-11,51.899899845484676
1981-09-14,51.71488663254015
1981-09-15,51.47340851940619
1981-09-16,51.12284222548751
1981-09-17,50.80678792187528
1981-09-18,50.820929615086236
1981-09-21,50.85076251718888
1981-09-22,50.88061293180172
1981-09-23,50.910480869204946
1981-09-24,50.940366339684786
1981-09-25,50.67657812606402
1981-09-28,50.89932066895984
1981-09-29,51.19701553383282
1981-09-30,51.237455611290066
1981-10-01,51.521700590609335
1981-10-02,52.44213334770417
1981-10-05,52.44457592266121
1981-10-06,52.47325523900452
1981-10-07,52.50195023863198
1981-10-08,52.53066093011998
1981-10-09,52.559387322049616
1981-10-12,52.47341722485186
1981-10-13,52.45904607624881
1981-10-14,52.478721746275795
1981-10-15,52.50741973526275
1981-10-16,52.536133417744985
1981-10-19,52.56486280230448
1981-10-20,52.97900125161096
1981-10-21,52.92011183214512
1981-10-22,52.681439322794326
1981-10-23,52.31224300358206
1981-10-26,52.11733009264376
1981-10-27,52.642793155888214
1981-10-28,52.86721095866333
1981-10-29,52.68064887777288
1981-10-30,53.62446342661591
1981-11-02,54.64902966548648
1981-11-03,54.910156935697636
1981-11-04,54.91199087892866
1981-11-05,54.55390141738248
1981-11-06,54.35312391811444
1981-11-09,54.84875338433034
1981-11-10,54.725151454316496
1981-11-11,54.92264993909216
1981-11-12,54.92440932302191
1981-11-13,54.95364558610455
1981-11-16,54.98289741165003
1981-11-17,55.01216480794225
1981-11-18,55.04144778326951
1981-11-19,55.07074634592454
1981-11-20,55.10006050420447
1981-11-23,55.12939026641086
1981-11-24,55.15873564084966
1981-11-25,55.188096635831286
1981-11-27,55.24008815160701
1981-11-30,55.2663788535294
1981-12-01,55.2881438588495
1981-12-02,55.30991743566399
1981-12-03,55.428225840487904
1981-12-04,55.78544990273032
1981-12-07,55.40327856045068
1981-12-08,55.06892899960798
1981-12-09,55.31728478125807
1981-12-10,55.31140029943345
1981-12-11,54.913429784027095
1981-12-14,54.063784753259775
1981-12-15,54.05803361489482
1981-12-16,54.079322749693034
1981-12-17,54.12613769633698
1981-12-18,54.136565376752394
1981-12-21,54.157885438929064
1981-12-22,54.17921389737262
1981-12-23,54.200550755389685
1981-12-24,54.22189601628817
1981-12-28,54.18203394970499
1981-12-29,53.89133235613871
1981-12-30,54.061987174655286
1981-12-31,54.06593075284044
1982-01-04,54.08747548558614
1982-01-05,54.10902880369239
1982-01-06,54.12283599978523
1982-01-07,54.13341638046944
1982-01-08,54.12791051156012
1982-01-11,54.14947994261987
1982-01-12,54.1710579688822
1982-01-13,54.19264459377222
1982-01-14,54.214239820716394
1982-01-15,54.23584365314255
1982-01-18,54.25745609447989
1982-01-19,54.27907714815898
1982-01-20,54.300706817611754
1982-01-21,54.322345106271506
1982-01-22,54.041172984120415
1982-01-25,53.88031697683951
1982-01-26,53.87343915268423
1982-01-27,54.116491341410786
1982-01-28,55.52254909694742
1982-01-29,55.542025433661806
1982-02-01,55.56775397705642
1982-02-02,55.594543746926306
1982-02-03,55.62134643241214
1982-02-04,55.648162039740676
1982-02-05,55.67499057514166
1982-02-08,55.70183204484785
1982-02-09,55.728686455094994
1982-02-10,55.75555381212187
1982-02-11,55.78243412217024
1982-02-12,55.80932739148488
1982-02-16,55.83623362631359
1982-02-17,55.86315283290718
1982-02-18,55.89008501751946
1982-02-19,55.91703018640726
1982-02-22,55.943988345830434
1982-02-23,55.97095950205185
1982-02-24,55.99794366133739
1982-02-25,56.02494082995596
1982-02-26,56.04116230642445
1982-03-01,56.305077628149725
1982-03-02,56.38785593867504
1982-03-03,56.00601248405171
1982-03-04,55.61491577182549
1982-03-05,55.610682806575525
1982-03-08,55.6342672971538
1982-03-09,55.65786178991452
1982-03-10,55.681466289099625
1982-03-11,55.705080798952835
1982-03-12,55.72870532371967
1982-03-15,55.752339867647464
1982-03-16,55.77598443498533
1982-03-17,55.79963902998421
1982-03-18,56.14732323868686
1982-03-19,56.24292942277289
1982-03-22,57.45625307175548
1982-03-23,57.75302756160946
1982-03-24,57.50971482828752
1982-03-25,57.77887521343844
1982-03-26,57.26290778199191
1982-03-29,57.34624128827093
1982-03-30,57.371515926490986
1982-03-31,57.38568289953044
1982-04-01,57.4091121294545
1982-04-02,57.43983863444842
1982-04-05,57.470581584882346
1982-04-06,57.53077636559334
1982-04-07,57.59192426009913
1982-04-08,57.970011116132596
1982-04-12,57.97203730656943
1982-04-13,58.00306510037665
1982-04-14,58.03410950087967
1982-04-15,58.19071402851941
1982-04-16,58.42096993030532
1982-04-19,58.5934118140192
1982-04-20,58.214525707578225
1982-04-21,58.36231801140724
1982-04-22,58.87042210095111
1982-04-23,59.51859335321325
1982-04-26,59.9133846028088
1982-04-27,59.4671412002067
1982-04-28,59.19672266376097
1982-04-29,58.64986105280323
1982-04-30,58.724615006190625
1982-05-03,58.72620564019819
1982-05-04,58.75717490474255
1982-05-05,58.78816050092857
1982-05-06,58.81916243736874
1982-05-07,58.850180722680086
1982-05-10,58.881215365484195
1982-05-11,58.91226637440719
1982-05-12,58.82778319015336
1982-05-13,58.48256266855178
1982-05-14,58.42249241267921
1982-05-17,57.83564048033462
1982-05-18,57.41515047240557
1982-05-19,57.11962597432028
1982-05-20,57.121173135073306
1982-05-21,57.15129598572609
1982-05-24,57.18143472166416
1982-05-25,57.211589351264635
1982-05-26,57.24175988290903
1982-05-27,57.27194632498328
1982-05-28,57.30214868587777
1982-06-01,57.32703959322394
1982-06-02,57.35194131268244
1982-06-03,57.37685384894984
1982-06-04,57.401777206724745
1982-06-07,57.4267113907078
1982-06-08,57.451656405601696
1982-06-09,57.47661225611116
1982-06-10,57.50157894694297
1982-06-11,57.526556482805944
1982-06-14,57.55154486841094
1982-06-15,57.576544108470884
1982-06-16,57.60155420770072
1982-06-17,57.62657517081746
1982-06-18,57.45025938490159
1982-06-21,57.508264426840455
1982-06-22,58.106586873744774
1982-06-23,58.10276129934452
1982-06-24,58.12799997679773
1982-06-25,58.15324961742765
1982-06-28,58.17851022599646
1982-06-29,58.20378180726843
1982-06-30,58.229064366009865
1982-07-01,58.25803449011324
1982-07-02,58.287019027432756
1982-07-06,58.31601798513928
1982-07-07,58.34503137040724
1982-07-08,58.37405919041464
1982-07-09,58.40310145234305
1982-07-12,58.432158163377615
1982-07-13,58.461229330707056
1982-07-14,58.490314961523666
1982-07-15,58.51941506302332
1982-07-16,58.54852964240547
1982-07-19,58.57765870687315
1982-07-20,58.60680226363299
1982-07-21,58.63596031989519
1982-07-22,58.66513288287354
1982-07-23,58.694319959785425
1982-07-26,58.72352155785181
1982-07-27,58.41837152790805
1982-07-28,57.61524980176174
1982-07-29,57.47503817593175
1982-07-30,57.4225711947765
1982-08-02,57.43395004387969
1982-08-03,57.45371938382429
1982-08-04,57.473495528573395
1982-08-05,57.493278480469286
1982-08-06,57.513068241855045
1982-08-09,57.53286481507457
1982-08-10,57.55266820247256
1982-08-11,57.57247840639453
1982-08-12,57.59229542918679
1982-08-13,57.61211927319647
1982-08-16,57.63194994077149
1982-08-17,57.651787434260605
1982-08-18,57.65862366477662
1982-08-19,57.750131829759944
1982-08-20,59.41522805219038
1982-08-23,60.850153164320474
1982-08-24,60.48476458346661
1982-08-25,61.383197872267
1982-08-26,61.981883876279426
1982-08-27,61.280132457902546
1982-08-30,61.688384188918256
1982-08-31,62.74123083003681
1982-09-01,62.161512141935304
1982-09-02,63.27207467135119
1982-09-03,64.43319573198045
1982-09-07,63.77065281784481
1982-09-08,64.06858197393883
1982-09-09,64.03460612605514
1982-09-10,63.57475672964597
1982-09-13,64.19543719178819
1982-09-14,64.92686264868716
1982-09-15,65.5060699402412
1982-09-16,65.38547336859767
1982-09-17,64.72941953288635
1982-09-20,64.6534802435576
1982-09-21,65.241011175121
1982-09-22,65.06232433358065
1982-09-23,64.99821371018508
1982-09-24,64.92727589683922
1982-09-27,65.18912083266859
1982-09-28,65.12196782542001
1982-09-29,64.3104740934199
1982-09-30,63.71657376644023
1982-10-01,64.43553480914
1982-10-04,64.31255705184404
1982-10-05,64.63719288428531
1982-10-06,64.62297463547239
1982-10-07,64.641080054276
1982-10-08,65.9486305115062
1982-10-11,67.4229860402133
1982-10-12,66.96608617203854
1982-10-13,67.74586775240219
1982-10-14,66.60146471583766
1982-10-15,66.2562560176234
1982-10-18,67.5281129488286
1982-10-19,67.57311859161625
1982-10-20,68.62219314833452
1982-10-21,68.31915346582714
1982-10-22,68.16059182760631
1982-10-25,65.63800178349035
1982-10-26,66.09368687569436
1982-10-27,66.81581060469246
1982-10-28,66.29461280183817
1982-10-29,66.6418246091636
1982-11-01,67.50256552726732
1982-11-02,67.48899416684422
1982-11-03,67.50918012499953
1982-11-04,67.52937212077492
1982-11-05,67.62067977115132
1982-11-08,66.93178437171636
1982-11-09,68.11836786101578
1982-11-10,67.47946972408471
1982-11-11,67.85580158275785
1982-11-12,67.4155604712535
1982-11-15,66.24166093009354
1982-11-16,65.25320294325864
1982-11-17,66.26539060434858
1982-11-18,66.60054320730016
1982-11-19,66.31193200946034
1982-11-22,64.99643822437149
1982-11-23,64.60095259152646
1982-11-24,65.1855652901493
1982-11-26,65.82422835467004
1982-11-29,65.71696079879742
1982-11-30,67.62828820189826
1982-12-01,67.9551924418997
1982-12-02,68.02847633817386
1982-12-03,67.9683322653832
1982-12-06,69.37814219504764
1982-12-07,69.85762498246947
1982-12-08,69.41275381749207
1982-12-09,68.06844322954116
1982-12-10,67.29056187438076
1982-12-13,67.49006956000821
1982-12-14,66.38672268142045
1982-12-15,65.19787933557805
1982-12-16,65.15684530837247
1982-12-17,65.89690166402097
1982-12-20,65.88394819210542
1982-12-21,65.90394924109758
1982-12-22,65.92395636200818
1982-12-23,65.94396955668056
1982-12-27,65.97028110380751
1982-12-28,65.31862909435569
1982-12-29,65.42210220064933
1982-12-30,64.87625761414317
1982-12-31,64.90788523958683
1983-01-03,64.19057844661856
1983-01-04,65.02040043097539
1983-01-05,65.2016763855574
1983-01-06,66.4928484308713
1983-01-07,66.69274420756646
1983-01-10,67.33443124573711
1983-01-11,67.07270153009024
1983-01-12,67.52002745164332
1983-01-13,67.34337996543766
1983-01-14,67.75904844447038
1983-01-17,68.04897190188241
1983-01-18,67.97038048242955
1983-01-19,67.28372553053676
1983-01-20,67.248828887995
1983-01-21,66.20217274017436
1983-01-24,64.61543985498729
1983-01-25,65.78008617540466
1983-01-26,65.86218289345916
1983-01-27,66.42150555052126
1983-01-28,66.38934255131903
1983-01-31,66.38660925967059
1983-02-01,66.40820880685932
1983-02-02,66.42981538167672
1983-02-03,66.8827449447482
1983-02-04,67.76568186224092
1983-02-07,68.16586401078347
1983-02-08,67.73485942818368
1983-02-09,67.53661925070509
1983-02-10,67.52838512542021
1983-02-11,67.5601999371145
1983-02-14,67.94889777936818
1983-02-15,67.81782012816063
1983-02-16,67.390197801917
1983-02-17,67.32668765446749
1983-02-18,67.64761280145845
1983-02-22,66.9436562586668
1983-02-23,67.54859377544125
1983-02-24,68.59243609549421
1983-02-25,68.54653009534326
1983-02-28,67.99044372896184
1983-03-01,69.17337408011664
1983-03-02,69.57292532294629
1983-03-03,69.98297770565622
1983-03-04,70.18094558940726
1983-03-07,70.09819734947203
1983-03-08,69.2486078118814
1983-03-09,69.78814261350148
1983-03-10,69.60756717049411
1983-03-11,69.4205459411126
1983-03-14,69.07316940199456
1983-03-15,69.37301939271987
1983-03-16,69.19389379365695
1983-03-17,69.2615681746781
1983-03-18,69.67419095798523
1983-03-21,70.06190207243989
1983-03-22,70.06961575178752
1983-03-23,70.97446937593124
1983-03-24,71.3176601896419
1983-03-25,71.09913971119408
1983-03-28,70.66874099515712
1983-03-29,70.55522462810457
1983-03-30,71.21120801177183
1983-03-31,70.73908406818032
1983-04-04,70.64041357860702
1983-04-05,70.38940522627678
1983-04-06,70.00340176428001
1983-04-07,70.29923736272835
1983-04-08,70.66495106817368
1983-04-11,71.58053720725673
1983-04-12,72.08523758438132
1983-04-13,72.77925874835556
1983-04-14,73.45095817548655
1983-04-15,73.97621860674019
1983-04-18,74.28207324282891
1983-04-19,73.75712656485149
1983-04-20,74.6867364909196
1983-04-21,74.70795135449234
1983-04-22,74.85853794255682
1983-04-25,74.1540601288189
1983-04-26,75.02282509963271
1983-04-27,74.95533191353196
1983-04-28,75.53773181501829
1983-04-29,76.02611412276634
1983-05-02,74.9435109892253
1983-05-03,74.77163444310764
1983-05-04,75.41711601913637
1983-05-05,76.12414315080862
1983-05-06,76.90556132148332
1983-05-09,76.88668357803114
1983-05-10,77.16434093038694
1983-05-11,76.54764224007472
1983-05-12,76.26725561302345
1983-05-13,76.6365040309846
1983-05-16,75.78132489000113
1983-05-17,76.0724193030282
1983-05-18,76.25858317773955
1983-05-19,75.7538467633739
1983-05-20,75.73256641569996
1983-05-23,76.09808955834683
1983-05-24,76.97594779478082
1983-05-25,77.43403929908942
1983-05-26,77.29533787441684
1983-05-27,77.02728506447143
1983-05-31,76.08373263720102
1983-06-01,76.08123902369233
1983-06-02,76.75055227592465
1983-06-03,77.0919806870935
1983-06-06,77.41584332906113
1983-06-07,76.79699444864522
1983-06-08,76.23160030982807
1983-06-09,76.47254185779877
1983-06-10,76.9895988291521
1983-06-13,77.91503415040482
1983-06-14,78.34241091641658
1983-06-15,79.39184473903123
1983-06-16,80.14315949239105
1983-06-17,79.90396272186264
1983-06-20,79.85165676231456
1983-06-21,80.27367802767809
1983-06-22,80.43364581186302
1983-06-23,80.1788990043673
1983-06-24,80.37635984914913
1983-06-27,79.4042738445784
1983-06-28,77.76318940515573
1983-06-29,78.24081119371549
1983-06-30,79.02564262370011
1983-07-01,79.13875802924747
1983-07-05,78.69403208946915
1983-07-06,79.32840781124716
1983-07-07,79.0699457896231
1983-07-08,78.9315905781191
1983-07-11,79.38397960041529
1983-07-12,78.21441111713392
1983-07-13,77.92614103757148
1983-07-14,78.1839832395848
1983-07-15,77.40495104574379
1983-07-18,77.04966830625126
1983-07-19,77.41589914933552
1983-07-20,79.27202069471211
1983-07-21,79.475527783673
1983-07-22,79.46967924183782
1983-07-25,79.71592041915243
1983-07-26,80.08032162831528
1983-07-27,78.73021896856406
1983-07-28,77.3974468510655
1983-07-29,76.34153884895045
1983-08-01,75.87927438955126
1983-08-02,75.7333495336522
1983-08-03,75.72040483966184
1983-08-04,75.74533502575125
1983-08-05,75.77027341985512
1983-08-08,75.79522002467586
1983-08-09,75.82017484291677
1983-08-10,75.84513787728204
1983-08-11,75.87010913047675
1983-08-12,76.29423521835028
1983-08-15,76.87903911346247
1983-08-16,76.6025614847318
1983-08-17,77.40305566910617
1983-08-18,76.7709682195388
1983-08-19,76.94709710833504
1983-08-22,77.08922171527112
1983-08-23,76.45422069570544
1983-08-24,75.95883506580726
1983-08-25,75.80412975763869
1983-08-26,76.09688522577818
1983-08-29,76.09733761039577
1983-08-30,76.31681414667788
1983-08-31,77.20136098736909
1983-09-01,77.12614878815965
1983-09-02,77.67993261344387
1983-09-06,79.02992342465413
1983-09-07,78.95577191403287
1983-09-08,79.04094558511397
1983-09-09,78.98728818799802
1983-09-12,78.34609589700268
1983-09-13,77.85193763562599
1983-09-14,78.09176154962573
1983-09-15,77.81953828663374
1983-09-16,78.42902842772605
1983-09-19,79.12382352884447
1983-09-20,79.77028863543059
1983-09-21,79.63507199696348
1983-09-22,80.05679110130295
1983-09-23,80.01884587120482
1983-09-26,80.20902747501285
1983-09-27,79.61550805939486
1983-09-28,79.42947684649053
1983-09-29,79.22799311709498
1983-09-30,78.9629901360969
1983-10-03,79.04355406638096
1983-10-04,79.69055825380649
1983-10-05,80.4962060013909
1983-10-06,81.36486846324247
1983-10-07,81.26247318099321
1983-10-10,81.48325668429912
1983-10-11,80.59373347570627
1983-10-12,80.12954224190821
1983-10-13,79.99694600207157
1983-10-14,80.0104124519075
1983-10-17,80.21901059966054
1983-10-18,79.03145022342393
1983-10-19,78.48289309805327
1983-10-20,78.74266610015498
1983-10-21,78.19794637234364
1983-10-24,78.17587424973115
1983-10-25,78.1961599887871
1983-10-26,78.22435752407907
1983-10-27,78.25256522740226
1983-10-28,78.28078310242326
1983-10-31,78.30901115281
1983-11-01,78.20313361386353
1983-11-02,78.75329610603185
1983-11-03,78.33840498511826
1983-11-04,77.82118998360025
1983-11-07,77.36469632323215
1983-11-08,77.0922368229007
1983-11-09,77.8297143078872
1983-11-10,78.14125291490826
1983-11-11,79.2788711937775
1983-11-14,79.77625735691645
1983-11-15,79.30678594838948
1983-11-16,79.55286282733249
1983-11-17,79.70254629217827
1983-11-18,79.63606733277145
1983-11-21,80.07959205352935
1983-11-22,80.34057340673544
1983-11-23,80.32708132296065
1983-11-25,80.35376838918857
1983-11-28,80.38046432166051
1983-11-29,80.40716912332209
1983-11-30,80.43388279711992
1983-12-01,80.46174670279851
1983-12-02,80.48962026109129
1983-12-05,80.51750347534214
1983-12-06,80.52161356296173
1983-12-07,80.68965598270894
1983-12-08,80.34115222303485
1983-12-09,80.29556586573062
1983-12-12,80.38897942600212
1983-12-13,80.09674331547397
1983-12-14,79.37249913157437
1983-12-15,78.65515040657085
1983-12-16,79.07691761964996
1983-12-19,79.17715908366208
1983-12-20,79.1649853412943
1983-12-21,79.19240967551623
1983-12-22,79.21984351007603
1983-12-23,79.24728684826479
1983-12-27,79.27473969337477
1983-12-28,79.30220204869936
1983-12-29,79.32967391753307
1983-12-30,79.3571553031716
1984-01-03,79.38577149337392
1984-01-04,79.41439800257444
1984-01-05,79.44303483449417
1984-01-06,79.4716819928555
1984-01-09,79.50033948138213
1984-01-10,79.40239338638732
1984-01-11,79.2740673458036
1984-01-12,79.2750859489424
1984-01-13,79.08693751767237
1984-01-16,79.01599644801384
1984-01-17,79.20614178158137
1984-01-18,79.12845027574325
1984-01-19,79.10391544570774
1984-01-20,78.72889562476034
1984-01-23,78.09775860194421
1984-01-24,78.62325593495927
1984-01-25,78.47642377554521
1984-01-26,78.4784715469344
1984-01-27,78.50677088377422
1984-01-30,78.53508042535492
1984-01-31,78.5634001753563
1984-02-01,78.59119669197236
1984-02-02,78.61900304327395
1984-02-03,78.6468192327407
1984-02-06,78.67464526385344
1984-02-07,78.70248114009424
1984-02-08,78.73032686494642
1984-02-09,78.7581824418945
1984-02-10,78.78604787442427
1984-02-13,78.81392316602272
1984-02-14,78.84180832017809
1984-02-15,78.86970334037986
1984-02-16,78.89760823011872
1984-02-17,78.84381150639697
1984-02-21,78.86189521405059
1984-02-22,78.90476703143545
1984-02-23,78.91498359723474
1984-02-24,80.35071390667672
1984-02-27,81.45356721860463
1984-02-28,80.49418229959947
1984-02-29,80.48240061526577
1984-03-01,80.50901373067722
1984-03-02,80.53563564624756
1984-03-05,80.56226636488671
1984-03-06,80.5889058895056
1984-03-07,80.61555422301609
1984-03-08,80.64221136833102
1984-03-09,80.66887732836419
1984-03-12,80.69555210603036
1984-03-13,80.72223570424526
1984-03-14,80.74892812592559
1984-03-15,80.77562937398899
1984-03-16,80.8023394513541
1984-03-19,80.8290583609405
1984-03-20,80.85578610566871
1984-03-21,80.88252268846028
1984-03-22,80.90926811223768
1984-03-23,80.93602237992437
1984-03-26,80.96278549444474
1984-03-27,80.9895574587242
1984-03-28,81.0399410132555
1984-03-29,80.82919096505854
1984-03-30,80.828861247226
1984-04-02,80.82104091547055
1984-04-03,80.8536481644279
1984-04-04,80.88626856877984
1984-04-05,80.91890213383392
1984-04-06,80.95154886489982
1984-04-09,80.98420876728937
1984-04-10,81.01688184631654
1984-04-11,81.04956810729745
1984-04-12,81.08226755555035
1984-04-13,81.11498019639563
1984-04-16,81.14770603515588
1984-04-17,81.18044507715577
1984-04-18,81.21319732772216
1984-04-19,81.24596279218403
1984-04-23,81.27874147587255
1984-04-24,81.31153338412099
1984-04-25,81.34433852226482
1984-04-26,81.70927269510112
1984-04-27,81.537172540599
1984-04-30,81.53752746804977
1984-05-01,81.94841651217521
1984-05-02,81.93637446976413
1984-05-03,81.96531685531808
1984-05-04,81.99426946419088
1984-05-07,82.02323229999371
1984-05-08,82.05220536633904
1984-05-09,82.08118866684059
1984-05-10,81.81757506689584
1984-05-11,81.15250853963366
1984-05-14,80.64364277961941
1984-05-15,80.96229037110321
1984-05-16,81.04314492749462
1984-05-17,80.68507152737347
1984-05-18,80.47041303122697
1984-05-21,80.46897173504793
1984-05-22,80.4973957899339
1984-05-23,80.52582988504878
1984-05-24,80.55427402393907
1984-05-25,80.58272821015255
1984-05-29,80.61119244723822
1984-05-30,80.63966673874636
1984-05-31,80.66815108822848
1984-06-01,80.69685846315625
1984-06-04,80.72557605417752
1984-06-05,80.75430386492792
1984-06-06,80.78304189904432
1984-06-07,80.81179016016493
1984-06-08,80.84054865192923
1984-06-11,80.86931737797798
1984-06-12,80.89809634195328
1984-06-13,80.92688554749849
1984-06-14,80.29136666631234
1984-06-15,80.2864247868264
1984-06-18,80.31499631681528
1984-06-19,80.34357801455454
1984-06-20,80.37216988366256
1984-06-21,80.40077192775905
1984-06-22,80.42938415046498
1984-06-25,80.4580065554026
1984-06-26,80.48663914619547
1984-06-27,80.51528192646842
1984-06-28,80.54393489984759
1984-06-29,80.57259806996039
1984-07-02,80.60393758770569
1984-07-03,80.6352892952698
1984-07-05,80.66665319739408
1984-07-06,80.69802929882174
1984-07-09,80.72941760429781
1984-07-10,80.76081811856918
1984-07-11,80.31960135929981
1984-07-12,80.26305569810503
1984-07-13,80.39947039191902
1984-07-16,80.39052719863771
1984-07-17,80.42179589809689
1984-07-18,80.45307675982941
1984-07-19,80.48436978856591
1984-07-20,80.51567498903887
1984-07-23,79.91676771146535
1984-07-24,79.39646810302948
1984-07-25,79.3876364781862
1984-07-26,79.41851509327076
1984-07-27,79.44940571890143
1984-07-30,79.48030835974986
1984-07-31,79.51122302048947
1984-08-01,79.53980253449195
1984-08-02,79.56839232111496
1984-08-03,79.59699238405085
1984-08-06,79.62560272699338
1984-08-07,79.70022122932018
1984-08-08,79.00888685353144
1984-08-09,80.56166884502994
1984-08-10,80.75054082544419
1984-08-13,80.54417977369661
1984-08-14,80.16551245443581
1984-08-15,79.50328384206948
1984-08-16,79.77211995674901
1984-08-17,79.7759031754148
1984-08-20,79.80115509847799
1984-08-21,79.82983882566658
1984-08-22,79.65895046426742
1984-08-23,79.7688584766353
1984-08-24,79.7642311944133
1984-08-27,79.40197270598247
1984-08-28,79.65932751492839
1984-08-29,79.62855618803896
1984-08-30,79.36497702506219
1984-08-31,79.43208562235965
1984-09-04,78.85197353651817
1984-09-05,78.66484469972846
1984-09-06,79.22356252210378
1984-09-07,78.86818279440926
1984-09-10,78.77876851154465
1984-09-11,78.9365059910985
1984-09-12,78.99631388554158
1984-09-13,80.10792414883258
1984-09-14,80.62118117318164
1984-09-17,80.63358082506213
1984-09-18,80.27198334175146
1984-09-19,80.27168612273495
1984-09-20,80.68452863475967
1984-09-21,80.09879906064018
1984-09-24,79.89589836239828
1984-09-25,80.02200686227907
1984-09-26,80.24614410054869
1984-09-27,80.66774899238989
1984-09-28,80.43283671145446
1984-10-01,79.95474862211947
1984-10-02,79.58954350518287
1984-10-03,79.09538353813343
1984-10-04,79.230411588886
1984-10-05,79.22506382450246
1984-10-08,79.2593460941206
1984-10-09,79.29364319836246
1984-10-10,79.32795514364726
1984-10-11,79.36228193639703
1984-10-12,79.39662358303654
1984-10-15,79.4309800899934
1984-10-16,79.13724520853008
1984-10-17,79.36179120847953
1984-10-18,80.9352025782553
1984-10-19,80.93204746152422
1984-10-22,80.5154000057655
1984-10-23,80.2794868263945
1984-10-24,80.09294056415472
1984-10-25,79.76105359458052
1984-10-26,79.26694057275701
1984-10-29,79.04253286453869
1984-10-30,79.84637375700426
1984-10-31,79.67185161929874
1984-11-01,80.36336270964183
1984-11-02,80.41119918174309
1984-11-05,80.95246661182568
1984-11-06,81.76074011920113
1984-11-07,81.40021417827099
1984-11-08,81.25282738344808
1984-11-09,81.09057613994683
1984-11-12,80.88964146484298
1984-11-13,80.42867507153684
1984-11-14,80.25489157687068
1984-11-15,80.24255212967255
1984-11-16,80.27034975458132
1984-11-19,80.29815700914331
1984-11-20,80.32597389669442
1984-11-21,80.35380042057172
1984-11-23,80.38163658411342
1984-11-26,80.4094823906589
1984-11-27,80.43733784354868
1984-11-28,80.11120336740885
1984-11-29,79.88732070941583
1984-11-30,79.83718904475158
1984-12-03,79.5510722269041
1984-12-04,79.53719970209053
1984-12-05,79.56257445491148
1984-12-06,79.58795730303983
1984-12-07,79.61334824905822
1984-12-10,79.63874729555012
1984-12-11,79.66415444509981
1984-12-12,79.68956970029244
1984-12-13,79.71499306371392
1984-12-14,79.99444655469279
1984-12-17,80.51114883120529
1984-12-18,82.34515987889229
1984-12-19,82.26815499339595
1984-12-20,81.9800617492158
1984-12-21,81.57661934232445
1984-12-24,82.12413206362422
1984-12-26,82.01102038166731
1984-12-27,81.73916367522718
1984-12-28,81.93155476607019
1984-12-31,82.49626226581714
1985-01-02,81.89018206384544
1985-01-03,81.76520956996832
1985-01-04,81.49288248453809
1985-01-07,81.48250141045605
1985-01-08,81.50623228926432
1985-01-09,81.53023913492281
1985-01-10,81.55425305155761
1985-01-11,81.44869023580678
1985-01-14,82.11374001418535
1985-01-15,82.18907283187038
1985-01-16,82.41318999492215
1985-01-17,82.30815700857252
1985-01-18,82.58106385303005
1985-01-21,83.95168404200261
1985-01-22,84.0150563236492
1985-01-23,84.82391595308225
1985-01-24,84.71216784423476
1985-01-25,85.06768282207781
1985-01-28,85.13020526839367
1985-01-29,85.84501989797731
1985-01-30,86.04631083534795
1985-01-31,86.00285308849273
1985-02-01,85.66422643870158
1985-02-04,86.45494463286207
1985-02-05,86.77577472950843
1985-02-06,86.9662326007882
1985-02-07,87.56875101963557
1985-02-08,87.8370142845548
1985-02-11,87.33741409336278
1985-02-12,87.47336282479978
1985-02-13,88.70270171345668
1985-02-14,88.5990952743759
1985-02-15,88.32628623841579
1985-02-19,88.26061832979065
1985-02-20,88.21929182950018
1985-02-21,87.76920940650787
1985-02-22,87.3591058067507
1985-02-25,87.08455551961552
1985-02-26,87.77824144276849
1985-02-27,87.71342544757707
1985-02-28,87.86401671900985
1985-03-01,88.81932963849978
1985-03-04,88.40861253756113
1985-03-05,88.59061827534914
1985-03-06,88.12226938288445
1985-03-07,87.8580428596372
1985-03-08,87.62071007607952
1985-03-11,87.45418985772938
1985-03-12,87.92566249912265
1985-03-13,87.6405515070858
1985-03-14,87.68531555485649
1985-03-15,87.55601825422498
1985-03-18,87.88979279256205
1985-03-19,88.8972151452868
1985-03-20,89.00761336013844
1985-03-21,89.28682045275632
1985-03-22,89.32278090554586
1985-03-25,89.020817275638
1985-03-26,89.24094512996423
1985-03-27,89.80196454195584
1985-03-28,89.94921006385673
1985-03-29,90.60379523652635
1985-04-01,90.83774060137227
1985-04-02,90.58493142066818
1985-04-03,90.13225325608741
1985-04-04,90.12922938247335
1985-04-08,89.9396408274533
1985-04-09,89.92538711717597
1985-04-10,90.37451595163124
1985-04-11,90.36019332197675
1985-04-12,90.39106849643294
1985-04-15,90.42195422062748
1985-04-16,90.45285049816512
1985-04-17,90.48375733265183
1985-04-18,90.51467472769482
1985-04-19,90.54560268690253
1985-04-22,90.372946122415
1985-04-23,90.77582572606343
1985-04-24,90.89845252753379
1985-04-25,91.3018106343584
1985-04-26,90.95668628875063
1985-04-29,90.42481499600531
1985-04-30,90.01624638850215
1985-05-01,89.8941758202931
1985-05-02,89.9115757427137
1985-05-03,89.93846469855531
1985-05-06,89.96536169580806
1985-05-07,89.9922667368768
1985-05-08,90.01917982416713
1985-05-09,90.04610096008533
1985-05-10,90.07303014703844
1985-05-13,90.18383119387478
1985-05-14,90.09739756866118
1985-05-15,90.45308509917956
1985-05-16,91.16507643064996
1985-05-17,92.09946901364441
1985-05-20,92.99151621469684
1985-05-21,92.81580473814311
1985-05-22,92.2216119335654
1985-05-23,91.79322136099734
1985-05-24,92.1132285933804
1985-05-28,92.09007923147142
1985-05-29,92.12825138952077
1985-05-30,92.34297600953013
1985-05-31,93.30465754700799
1985-06-03,93.47517431181467
1985-06-04,93.95369467376912
1985-06-05,94.22258572402257
1985-06-06,94.55754421311879
1985-06-07,94.1786317546049
1985-06-10,93.93582729463131
1985-06-11,93.7762258753005
1985-06-12,93.42645452500561
1985-06-13,92.6534366105289
1985-06-14,93.34039910736387
1985-06-17,93.34201990570173
1985-06-18,93.86539705331833
1985-06-19,93.83111916220962
1985-06-20,93.8704190014931
1985-06-21,94.78025676716007
1985-06-24,94.62250141559721
1985-06-25,94.75392004933082
1985-06-26,94.71775629538676
1985-06-27,95.23338926869077
1985-06-28,95.68461686450497
1985-07-01,95.8950369384124
1985-07-02,95.7313890128755
1985-07-03,95.64275785712296
1985-07-05,96.18712219122149
1985-07-08,96.06866155903712
1985-07-09,95.77464650729354
1985-07-10,96.34004627241049
1985-07-11,96.76745140761086
1985-07-12,97.08471842443934
1985-07-15,96.90582927939244
1985-07-16,97.5227472123825
1985-07-17,97.66843643515021
1985-07-18,97.04017277733082
1985-07-19,97.1676049791935
1985-07-22,96.61020521345469
1985-07-23,95.46748184618141
1985-07-24,94.64630906472277
1985-07-25,94.53225364543093
1985-07-26,94.5012608030523
1985-07-29,94.51342077951044
1985-07-30,94.54669350095214
1985-07-31,94.57051984574898
1985-08-01,94.59410100487251
1985-08-02,94.3621407219618
1985-08-05,93.93595738059734
1985-08-06,92.8553310973103
1985-08-07,92.62166634152811
1985-08-08,93.37237616437912
1985-08-09,93.34896073709253
1985-08-12,93.37223730045233
1985-08-13,93.3955196678232
1985-08-14,93.41880784065236
1985-08-15,93.44210182038744
1985-08-16,93.46540160847636
1985-08-19,93.63289498277248
1985-08-20,94.29561069512869
1985-08-21,94.72413255480478
1985-08-22,94.19106128315063
1985-08-23,94.1352472424354
1985-08-26,94.11210414862221
1985-08-27,94.42297803480194
1985-08-28,94.4101724924118
1985-08-29,94.43233880977266
1985-08-30,94.41435664430014
1985-09-03,94.43121129375089
1985-09-04,94.4609476821873
1985-09-05,94.49069343461241
1985-09-06,94.52044855397497
1985-09-09,94.55021304322462
1985-09-10,93.81024906671273
1985-09-11,92.82002133013899
1985-09-12,92.01163051990548
1985-09-13,91.49723372965143
1985-09-16,91.48028318544861
1985-09-17,91.5090903266237
1985-09-18,91.53790653916757
1985-09-19,91.56673182593676
1985-09-20,91.59556618978874
1985-09-23,91.6244096335819
1985-09-24,91.58804093600267
1985-09-25,90.84084166584897
1985-09-26,90.74898692329187
1985-09-30,90.92881602919584
1985-10-01,92.10739026616237
1985-10-02,91.81732871722555
1985-10-03,91.88081993666835
1985-10-04,91.60513617236495
1985-10-07,91.58512861533511
1985-10-08,91.61093089361991
1985-10-09,91.63674044118056
1985-10-10,91.66255726006506
1985-10-11,91.68838135232194
1985-10-14,92.44277721524828
1985-10-15,92.26396298292478
1985-10-16,93.02382185269681
1985-10-17,93.09807169614176
1985-10-18,93.01034642245456
1985-10-21,93.0009986320069
1985-10-22,93.0271998033515
1985-10-23,93.05414190451648
1985-10-24,93.08022693340173
1985-10-25,93.10645042573567
1985-10-28,93.13268130601412
1985-10-29,93.29059300156229
1985-10-30,93.30763672813973
1985-10-31,93.26738642673511
1985-11-01,93.85143638653135
1985-11-04,93.84027382940036
1985-11-05,93.86881253347735
1985-11-06,93.89735991674503
1985-11-07,93.92591598184292
1985-11-08,93.95448073141132
1985-11-11,94.60683485790832
1985-11-12,95.08693129972586
1985-11-13,94.66955288214712
1985-11-14,95.41706595925525
1985-11-15,95.04658817255458
1985-11-18,95.18156638887415
1985-11-19,95.20718251357299
1985-11-20,95.33499389499993
1985-11-21,96.23126133592741
1985-11-22,96.449166172601
1985-11-25,95.97272206642211
1985-11-26,96.1604993329314
1985-11-27,96.91613993929441
1985-11-29,96.99912078402961
1985-12-02,96.3808919507961
1985-12-03,96.58077229512557
1985-12-04,97.96778039260626
1985-12-05,98.0992482805723
1985-12-06,97.53911936248727
1985-12-09,98.38656334487528
1985-12-10,98.61444438203047
1985-12-11,99.51176182682597
1985-12-12,99.70681711294925
1985-12-13,101.15985990365857
1985-12-16,102.00828202423158
1985-12-17,101.6201366221271
1985-12-18,101.27116083597267
1985-12-19,101.19217546449075
1985-12-20,101.64258957219477
1985-12-23,100.85858273754424
1985-12-24,100.22590137107916
1985-12-26,100.35197640597988
1985-12-27,101.04844277262744
1985-12-30,101.35227889290952
1985-12-31,101.68498809127139
1986-01-02,100.91073071376043
1986-01-03,101.47726728231419
1986-01-06,101.40297627505531
1986-01-07,102.73872499451164
1986-01-08,100.74292050613077
1986-01-09,99.18363219150127
1986-01-10,99.27424194674515
1986-01-13,99.52738280733907
1986-01-14,99.65202629476988
1986-01-15,100.33236538804061
1986-01-16,100.72580482877989
1986-01-17,100.72084639907763
1986-01-20,100.35247490405702
1986-01-21,99.74590427609083
1986-01-22,98.89716781419257
1986-01-23,99.19575243600991
1986-01-24,100.17904633897822
1986-01-27,100.76620528884513
1986-01-28,101.88142947327954
1986-01-29,102.19973535610274
1986-01-30,101.8436752004051
1986-01-31,102.76715847956535
1986-02-03,103.73799936520504
1986-02-04,103.68427862905033
1986-02-05,103.73586828750246
1986-02-06,103.98286921448594
1986-02-07,104.39209558849704
1986-02-10,105.15560634752961
1986-02-11,105.31014111624854
1986-02-12,105.47016705978747
1986-02-13,106.14132190850212
1986-02-14,107.25312001258332
1986-02-18,108.46932882773248
1986-02-19,107.49818134219657
1986-02-20,108.54582967007313
1986-02-21,109.79075897965097
1986-02-24,109.5649296485834
1986-02-25,109.28173346903965
1986-02-26,109.39855794473507
1986-02-27,111.0108245346071
1986-02-28,111.61722863570212
1986-03-03,111.19230883526706
1986-03-04,111.08026225441579
1986-03-05,110.89916985774364
1986-03-06,111.5668229367049
1986-03-07,112.06167797859908
1986-03-10,112.55973558696297
1986-03-11,114.41909137340538
1986-03-12,114.96705752618155
1986-03-13,115.40421312674736
1986-03-14,116.85149806420507
1986-03-17,115.7559410170762
1986-03-18,116.29396450550914
1986-03-19,116.19342393546361
1986-03-20,116.77576720919575
1986-03-21,115.73960982065724
1986-03-24,116.559158940899
1986-03-25,116.33589887851016
1986-03-26,117.6345076651033
1986-03-27,118.57431969364742
1986-03-31,118.57283816580264
1986-04-01,117.02476283589262
1986-04-02,117.0237302983864
1986-04-03,115.76872560201636
1986-04-04,113.89057529072078
1986-04-07,113.39227570835101
1986-04-08,115.68872673006449
1986-04-09,116.20294190120828
1986-04-10,117.30855813203144
1986-04-11,117.24526166814546
1986-04-14,117.830876462954
1986-04-15,117.92760755553819
1986-04-16,120.42956345652381
1986-04-17,121.09857811896875
1986-04-18,121.17956271391158
1986-04-21,122.174461226205
1986-04-22,121.25971287044689
1986-04-23,120.61628892766213
1986-04-24,120.73966523566197
1986-04-25,120.56733062768429
1986-04-28,120.7059806390863
1986-04-29,119.74211429749971
1986-04-30,117.45901141179718
1986-05-01,117.13453507749416
1986-05-02,116.88860759930186
1986-05-05,118.23760816318196
1986-05-06,117.89005747537034
1986-05-07,117.49637278836177
1986-05-08,118.11822665329015
1986-05-09,118.47969503123966
1986-05-12,118.2123998234224
1986-05-13,118.00967647807269
1986-05-14,118.80933410369067
1986-05-15,117.61933733039899
1986-05-16,116.95638934727889
1986-05-19,117.07071880188344
1986-05-20,118.57483399324019
1986-05-21,118.61425269493054
1986-05-22,120.94849651818673
1986-05-23,121.62871586485502
1986-05-27,123.40573714266782
1986-05-28,124.27278912734526
1986-05-29,124.81627002530277
1986-05-30,124.69092094546737
1986-06-02,123.69103878172947
1986-06-03,123.86641874986071
1986-06-04,123.47445789795411
1986-06-05,124.14847496284004
1986-06-06,124.39860255317737
1986-06-09,121.87936582753147
1986-06-10,121.57978097343947
1986-06-11,122.48170533685521
1986-06-12,122.93701345475931
1986-06-13,124.85245156298755
1986-06-16,125.02357315601722
1986-06-17,124.53141902890872
1986-06-18,124.66204087011192
1986-06-19,124.60057935788825
1986-06-20,125.65808174314346
1986-06-23,125.27439328632558
1986-06-24,126.43906238895242
1986-06-25,127.44280547853499
1986-06-26,127.52219709991553
1986-06-27,127.94177794893868
1986-06-30,128.75114198714738
1986-07-01,129.48629955459896
1986-07-02,129.98405183001515
1986-07-03,129.72360820888989
1986-07-07,125.44246614034684
1986-07-08,123.16015641234928
1986-07-09,124.40513877302367
1986-07-10,124.51621954209361
1986-07-11,124.94291396022601
1986-07-14,123.50879500319492
1986-07-15,122.24385453314059
1986-07-16,122.58558186385136
1986-07-17,123.0181027423895
1986-07-18,123.02896072384895
1986-07-21,123.10915652020714
1986-07-22,124.25664047691276
1986-07-23,124.7024756406014
1986-07-24,124.51903831942253
1986-07-25,125.531658655748
1986-07-28,123.39106001658939
1986-07-29,122.62878731317203
1986-07-30,123.05637971532092
1986-07-31,123.04213420077961
1986-08-01,122.65150345184941
1986-08-04,122.60568444687988
1986-08-05,122.56434520763955
1986-08-06,122.35841799443487
1986-08-07,122.44146656186955
1986-08-08,122.3756278639791
1986-08-11,124.31007004273359
1986-08-12,125.50891390632309
1986-08-13,126.6619930610378
1986-08-14,127.25681846547029
1986-08-15,127.6143044039741
1986-08-18,127.90528621552835
1986-08-19,128.1365435930364
1986-08-20,129.91929620036936
1986-08-21,129.9057950058276
1986-08-22,129.68096618515145
1986-08-25,128.29125146334553
1986-08-26,130.07693505359185
1986-08-27,130.21690932453393
1986-08-28,130.24419843976125
1986-08-29,130.46970836141108
1986-09-02,128.82534721374745
1986-09-03,129.34619446741578
1986-09-04,130.76768537145094
1986-09-05,129.01970556869904
1986-09-08,127.61902357829057
1986-09-09,127.35430014128053
1986-09-10,126.75261709578525
1986-09-11,121.02812250069293
1986-09-12,119.05832131297532
1986-09-15,119.40527074480829
1986-09-16,119.07648157928037
1986-09-17,119.26345729719549
1986-09-18,119.24305592392187
1986-09-19,119.2685536665701
1986-09-22,119.29405686140063
1986-09-23,119.31956550957932
1986-09-24,119.54419169874856
1986-09-25,118.67805365712957
1986-09-26,118.81075510042301
1986-09-29,117.51638858537528
1986-09-30,118.11611731179096
1986-10-01,119.09813621556725
1986-10-02,119.35985036276553
1986-10-03,119.3634192634309
1986-10-06,119.83164780274132
1986-10-07,119.83319792162689
1986-10-08,121.03140180738114
1986-10-09,120.73337367450745
1986-10-10,120.59619456931753
1986-10-13,120.80225919492396
1986-10-14,120.61119860140063
1986-10-15,122.29788890966596
1986-10-16,122.54755822433111
1986-10-17,122.19484251366666
1986-10-20,120.95026809393032
1986-10-21,120.77798066322687
1986-10-22,121.01794589375356
1986-10-23,122.47241006920473
1986-10-24,122.08147914670877
1986-10-27,122.40053152321862
1986-10-28,122.91061107663572
1986-10-29,123.8245829828135
1986-10-30,125.004956428722
1986-10-31,125.07602385728039
1986-11-03,125.81086206200288
1986-11-04,126.0839663345254
1986-11-05,126.42679534695175
1986-11-06,126.30697761104445
1986-11-07,126.25218960896868
1986-11-10,126.35448362506492
1986-11-11,126.71006625063289
1986-11-12,126.51980979513637
1986-11-13,125.04007633178811
1986-11-14,125.60030727521438
1986-11-17,124.86307555407762
1986-11-18,121.93317085519266
1986-11-19,121.94203657327223
1986-11-20,123.97820584653168
1986-11-21,125.67243221750473
1986-11-24,126.59785361745307
1986-11-25,126.86462870462466
1986-11-26,126.90586505775218
1986-11-28,127.0970462299629
1986-12-01,126.85462760971018
1986-12-02,129.27393529521382
1986-12-03,129.61647351575317
1986-12-04,129.46036938750402
1986-12-05,128.54507876197943
1986-12-08,128.4357032829457
1986-12-09,127.51723734783667
1986-12-10,128.13804836961833
1986-12-11,126.8331756410606
1986-12-12,125.9571010216754
1986-12-15,126.17297001912249
1986-12-16,127.04252273952591
1986-12-17,126.20325845802901
1986-12-18,125.47155761978637
1986-12-19,126.50266840464272
1986-12-22,126.13629929443414
1986-12-23,125.08365320105517
1986-12-24,125.48197242922663
1986-12-26,125.62295159994483
1986-12-29,124.48269636773475
1986-12-30,123.71075069294422
1986-12-31,123.08215565411139
1987-01-02,125.27805347208013
1987-01-05,128.4204153247609
1987-01-06,128.8310424510406
1987-01-07,130.18522443188525
1987-01-08,131.25629432493332
1987-01-09,131.84066395509237
1987-01-12,132.51118829085732
1987-01-13,132.61384529591723
1987-01-14,133.8684418062263
1987-01-15,135.6656512582121
1987-01-16,135.73245955747703
1987-01-19,136.97335476830344
1987-01-20,137.0331695308628
1987-01-21,136.39170162409343
1987-01-22,139.34581481876808
1987-01-23,136.99839715631063
1987-01-26,136.822746701003
1987-01-27,138.65267500046724
1987-01-28,139.54103744033276
1987-01-29,139.09448725907959
1987-01-30,139.17347972707242
1987-02-02,140.94187148489277
1987-02-03,140.79125176806411
1987-02-04,142.63922694946007
1987-02-05,143.8450551969971
1987-02-06,143.23602355454244
1987-02-09,142.34389931290778
1987-02-10,140.85508573184657
1987-02-11,142.29328748914267
1987-02-12,141.56977477806362
1987-02-13,143.72835908474372
1987-02-17,146.9415250376269
1987-02-18,146.81745726241738
1987-02-19,146.83815522681115
1987-02-20,146.67948181989337
1987-02-23,145.4687773560531
1987-02-24,146.0677709248476
1987-02-25,147.0623805111423
1987-02-26,146.73909617551317
1987-02-27,147.28767415463486
1987-03-02,147.04384648455613
1987-03-03,147.60591791629415
1987-03-04,149.88997096265993
1987-03-05,151.04156600271241
1987-03-06,150.82214830391388
1987-03-09,149.5833194287077
1987-03-10,150.89664435552777
1987-03-11,150.93494103733238
1987-03-12,151.2331637461549
1987-03-13,150.5144787003869
1987-03-16,149.53822001460102
1987-03-17,151.56869713804466
1987-03-18,152.08356065187021
1987-03-19,152.65302916647684
1987-03-20,154.61542714443186
1987-03-23,156.19389522761242
1987-03-24,156.27242236155047
1987-03-25,155.7673449336626
1987-03-26,156.13013074294832
1987-03-27,154.17014734500341
1987-03-30,150.60997678557152
1987-03-31,151.81629886742385
1987-04-01,152.4003559302416
1987-04-02,153.32808283449148
1987-04-03,156.83960261712755
1987-04-06,157.85363659217407
1987-04-07,155.71905566824702
1987-04-08,155.800889362796
1987-04-09,153.80969173540907
1987-04-10,153.6898946434298
1987-04-13,150.21278795842855
1987-04-14,146.53305376680973
1987-04-15,149.0534408448089
1987-04-16,149.01006412554077
1987-04-20,149.04122063984877
1987-04-21,149.07238366867236
1987-04-22,149.10355321337366
1987-04-23,148.79137870132112
1987-04-24,146.29753844876566
1987-04-27,145.72708331593432
1987-04-28,146.0463399197501
1987-04-29,147.24267342243053
1987-04-30,149.1874103701633
1987-05-01,149.52512690358466
1987-05-04,150.0029420870469
1987-05-05,152.95843042796355
1987-05-06,152.95375774981426
1987-05-07,152.67804844146875
1987-05-08,152.2450973450084
1987-05-11,151.50812033947136
1987-05-12,152.0003602881528
1987-05-13,152.27516837683493
1987-05-14,152.08273189801017
1987-05-15,149.13874419722922
1987-05-18,148.55372940494956
1987-05-19,145.18910673978218
1987-05-20,144.3140785467975
1987-05-21,145.1238807169805
1987-05-22,145.0788292097412
1987-05-26,145.10634486048912
1987-05-27,145.13386572985536
1987-05-28,145.16139181882969
1987-05-29,145.18892312840205
1987-06-01,144.90095097131447
1987-06-02,144.3914930406124
1987-06-03,146.6238774945256
1987-06-04,147.42751431103838
1987-06-05,146.92880757476323
1987-06-08,148.40676277251254
1987-06-09,148.67122193836002
1987-06-10,149.0120372452271
1987-06-11,149.68042666182177
1987-06-12,151.02252688860963
1987-06-15,151.73118144725683
1987-06-16,152.4952829030303
1987-06-17,152.7312793782979
1987-06-18,153.17355610542538
1987-06-19,153.78251503085846
1987-06-22,154.85186308216183
1987-06-23,154.29047116469673
1987-06-24,153.51622882664893
1987-06-25,154.5214607968041
1987-06-26,153.7419705349385
1987-06-29,153.8964335888026
1987-06-30,152.0110792384635
1987-07-01,151.4415210801659
1987-07-02,152.6999769726298
1987-07-06,152.8780354744565
1987-07-07,154.57812681537035
1987-07-08,154.79626819777448
1987-07-09,154.756619527308
1987-07-10,154.9032008711385
1987-07-13,154.2281210319674
1987-07-14,155.41779749325048
1987-07-15,155.61960629085354
1987-07-16,156.55033431829875
1987-07-17,157.31791778545232
1987-07-20,156.02793884951478
1987-07-21,154.88768013678032
1987-07-22,154.8491976289433
1987-07-23,154.4834213261136
1987-07-24,155.07644119090403
1987-07-27,155.65287582168077
1987-07-28,156.41333646968704
1987-07-29,158.15020327735556
1987-07-30,159.5864702106406
1987-07-31,160.14595045612782
1987-08-03,159.40138577864613
1987-08-04,158.72479134807134
1987-08-05,159.87690947699107
1987-08-06,161.3651424682235
1987-08-07,161.9462791450445
1987-08-10,163.92555502220938
1987-08-11,165.94797990412877
1987-08-12,165.44813576670373
1987-08-13,166.20539888107905
1987-08-14,166.04131791000842
1987-08-17,166.27797419039032
1987-08-18,163.88295354760186
1987-08-19,164.13151430479854
1987-08-20,166.71073295769216
1987-08-21,167.137780812387
1987-08-24,166.13863641780023
1987-08-25,167.85162104218782
1987-08-26,166.76209388368898
1987-08-27,165.2044109075696
1987-08-28,163.20721228286402
1987-08-31,164.15083381052804
1987-09-01,161.58018928441152
1987-09-02,160.45726635487742
1987-09-03,159.79328840007318
1987-09-04,158.90197468325272
1987-09-08,158.89378710737313
1987-09-09,158.9277633658703
1987-09-10,158.96174688951083
1987-09-11,158.99573767984822
1987-09-14,159.0297357384363
1987-09-15,159.06374106682927
1987-09-16,159.0977536665816
1987-09-17,159.13401578653924
1987-09-18,159.1483122790854
1987-09-21,157.0945584282823
1987-09-22,160.41162614589516
1987-09-23,161.7863758965582
1987-09-24,161.56569625831327
1987-09-25,161.73392046231416
1987-09-28,161.6876197745134
1987-09-29,161.7221934382498
1987-09-30,161.800266727975
1987-10-01,164.20033285455006
1987-10-02,164.740267855822
1987-10-05,164.55664628008788
1987-10-06,160.81824581693314
1987-10-07,160.46917763060023
1987-10-08,158.13238068988434
1987-10-09,156.5389723195484
1987-10-12,155.73750924830975
1987-10-13,157.81676163820836
1987-10-14,156.38327567115053
1987-10-15,154.3681288934205
1987-10-16,154.36756719566247
1987-10-19,154.40954745556132
1987-10-20,154.45153913199184
1987-10-21,154.49354222805877
1987-10-22,154.53555674686768
1987-10-23,154.57758269152498
1987-10-26,154.61962006513792
1987-10-27,154.74098007894867
1987-10-28,154.89318716283478
1987-10-29,161.85886958465116
1987-10-30,167.3831290278724
1987-11-02,169.02062786106805
1987-11-03,165.57402011119586
1987-11-04,164.5169861110573
1987-11-05,168.40972805508676
1987-11-06,167.25734984887808
1987-11-09,167.2338974499569
1987-11-10,167.2631148841804
1987-11-11,167.2923374229818
1987-11-12,169.1737440702829
1987-11-13,167.94070274572348
1987-11-16,168.44058399203809
1987-11-17,166.13622916995857
1987-11-18,167.75279514411386
1987-11-19,164.3663065177007
1987-11-20,165.05287653871486
1987-11-23,165.5251668060842
1987-11-24,167.63537163475806
1987-11-25,167.07403393363384
1987-11-27,164.93045075712956
1987-11-30,157.89592349270026
1987-12-01,158.6774445693884
1987-12-02,159.28838394288832
1987-12-03,154.9746349739542
1987-12-04,152.99841311463047
1987-12-07,156.2291451475029
1987-12-08,159.9635460510314
1987-12-09,163.32251497297486
1987-12-10,160.69839176670442
1987-12-11,161.4934280807606
1987-12-14,165.18164212897733
1987-12-15,165.47931529957384
1987-12-16,165.4877774306093
1987-12-17,165.51705883794787
1987-12-18,165.54634542633866
1987-12-21,165.5756371966984
1987-12-22,165.604934149944
1987-12-23,165.6342362869925
1987-12-24,165.6554304168082
1987-12-28,164.69162926298512
1987-12-29,164.22162570241213
1987-12-30,165.94895929740593
1987-12-31,165.79017822157795
1988-01-04,170.81463432583968
1988-01-05,173.07901221650408
1988-01-06,173.57401922569684
1988-01-07,174.70709049926637
1988-01-08,164.04404792996556
1988-01-11,165.58141172798406
1988-01-12,163.83792501081396
1988-01-13,163.87130125281521
1988-01-14,163.98186256251435
1988-01-15,167.83540537205218
1988-01-18,168.01535345132928
1988-01-19,166.95529589171085
1988-01-20,162.38624219728342
1988-01-21,162.50692491153896
1988-01-22,164.64212430209483
1988-01-25,167.6221257878237
1988-01-26,166.67308873660335
1988-01-27,166.2634880268628
1988-01-28,169.2052719972186
1988-01-29,171.37269767268856
1988-02-01,170.33506322697107
1988-02-02,170.80045164062696
1988-02-03,169.43651052146848
1988-02-04,169.57785583671563
1988-02-05,169.1983664491567
1988-02-08,168.4867555093527
1988-02-09,169.07171114128644
1988-02-10,170.56047100548884
1988-02-11,170.33430812809831
1988-02-12,171.3379077972229
1988-02-16,173.09016934040497
1988-02-17,172.81191353833975
1988-02-18,172.23588992425826
1988-02-19,174.44888822734407
1988-02-22,176.0867138272407
1988-02-23,176.04197463350596
1988-02-24,176.05135474950941
1988-02-25,175.45787378289052
1988-02-26,175.71454943744874
1988-02-29,179.2678421350507
1988-03-01,179.144137449235
1988-03-02,179.8923336697919
1988-03-03,179.85272768968386
1988-03-04,179.88706157539983
1988-03-07,179.92140201545456
1988-03-08,179.9557490110993
1988-03-09,179.9901025635855
1988-03-10,177.65945551333496
1988-03-11,177.63197070852897
1988-03-14,178.1232151688808
1988-03-15,177.96443718808803
1988-03-16,179.62564360493192
1988-03-17,181.33100519625165
1988-03-18,181.643652927209
1988-03-21,180.63349527604302
1988-03-22,180.28084563011788
1988-03-23,180.22510361292692
1988-03-24,180.25950858520662
1988-03-25,180.29392012539554
1988-03-28,180.3283382347475
1988-03-29,180.3627629145165
1988-03-30,180.39719416595688
1988-03-31,180.43163199032315
1988-04-04,180.47304104986495
1988-04-05,181.45776293931087
1988-04-06,185.9894538734852
1988-04-07,186.91476278598103
1988-04-08,188.99555679514896
1988-04-11,190.2124050785612
1988-04-12,192.26392987761244
1988-04-13,192.11778851377213
1988-04-14,184.02329534288856
1988-04-15,184.28508360318827
1988-04-18,184.23255620107608
1988-04-19,184.2730119822914
1988-04-20,184.31530263854134
1988-04-21,184.3576030004969
1988-04-22,184.39991307038554
1988-04-25,184.4422328504352
1988-04-26,184.4845623428744
1988-04-27,184.52690154993212
1988-04-28,184.56925047383785
1988-04-29,184.61160911682163
1988-05-02,184.65633497136236
1988-05-03,184.70107166163586
1988-05-04,184.74581919026733
1988-05-05,184.79057755988256
1988-05-06,184.835346773108
1988-05-09,184.8801268325707
1988-05-10,184.92491774089842
1988-05-11,184.96971950071952
1988-05-12,185.01453211466296
1988-05-13,185.05935558535836
1988-05-16,185.10418991543602
1988-05-17,185.14903510752683
1988-05-18,185.19389116426234
1988-05-19,185.2387580882747
1988-05-20,185.28363588219673
1988-05-23,185.3285245486619
1988-05-24,185.3734240903043
1988-05-25,185.41833450975867
1988-05-26,185.46325580966035
1988-05-27,185.50818799264536
1988-05-31,185.55313106135034
1988-06-01,185.59436282260347
1988-06-02,185.63560374596628
1988-06-03,185.67685383347467
1988-06-06,185.718113087165
1988-06-07,185.7593815090741
1988-06-08,188.83792166679402
1988-06-09,188.57093369534815
1988-06-10,188.53683380744016
1988-06-13,188.57872857728051
1988-06-14,188.62063265655766
1988-06-15,188.66254604734027
1988-06-16,188.70446875169745
1988-06-17,188.74640077169877
1988-06-20,188.78834210941426
1988-06-21,188.8302927669144
1988-06-22,188.87225274627014
1988-06-23,188.91422204955288
1988-06-24,188.9562006788345
1988-06-27,188.99818863618734
1988-06-28,189.0401859236842
1988-06-29,189.0821925433983
1988-06-30,189.12420849740337
1988-07-01,189.17231791356096
1988-07-05,189.22043956779183
1988-07-06,189.2685734632091
1988-07-07,189.3167196029267
1988-07-08,189.3648779900593
1988-07-11,189.41304862772245
1988-07-12,189.4612315190324
1988-07-13,189.50942666710623
1988-07-14,189.55763407506183
1988-07-15,189.60585374601786
1988-07-18,189.6540856830938
1988-07-19,189.7023298894099
1988-07-20,189.7505863680872
1988-07-21,189.79885512224755
1988-07-22,189.84713615501357
1988-07-25,189.8954294695087
1988-07-26,189.9437350688572
1988-07-27,189.99205295618404
1988-07-28,190.04038313461504
1988-07-29,190.08872560727684
1988-08-01,190.13735030328718
1988-08-02,190.18598743749473
1988-08-03,190.23463701308123
1988-08-04,190.28329903322916
1988-08-05,190.33197350112184
1988-08-08,189.7266251734008
1988-08-09,189.68026966549812
1988-08-10,189.72878987847852
1988-08-11,189.77732250292942
1988-08-12,189.82586754202566
1988-08-15,189.87442499894289
1988-08-16,189.9229948768576
1988-08-17,189.97157717894706
1988-08-18,190.02017190838941
1988-08-19,190.06877906836357
1988-08-22,190.11739866204923
1988-08-23,190.16603069262698
1988-08-24,190.21467516327814
1988-08-25,190.26333207718488
1988-08-26,190.3120014375302
1988-08-29,190.36068324749792
1988-08-30,190.4093775102726
1988-08-31,190.4580842290397
1988-09-01,190.5141493752942
1988-09-02,190.57023102544582
1988-09-06,190.62632918435278
1988-09-07,190.68244385687478
1988-09-08,190.73857504787293
1988-09-09,190.79472276220977
1988-09-12,190.8508870047493
1988-09-13,190.90706778035687
1988-09-14,190.96326509389937
1988-09-15,191.01947895024506
1988-09-16,191.07570935426364
1988-09-19,191.13195631082624
1988-09-20,191.18821982480546
1988-09-21,191.24449990107527
1988-09-22,191.30079654451114
1988-09-23,191.35710975998995
1988-09-26,191.41343955239
1988-09-27,191.46978592659104
1988-09-28,191.52614888747425
1988-09-29,191.58252843992224
1988-09-30,191.6389245888191
1988-10-03,191.69443088693703
1988-10-04,191.74995326189915
1988-10-05,191.80549171836194
1988-10-06,191.86104626098327
1988-10-07,191.91661689442233
1988-10-10,191.97220362333965
1988-10-11,192.02780645239713
1988-10-12,191.74685619246773
1988-10-13,192.55419563511757
1988-10-14,192.67607530355892
1988-10-17,192.64797028034198
1988-10-18,192.70376883845398
1988-10-19,192.75958355806037
1988-10-20,192.81541444384214
1988-10-21,192.87126150048167
1988-10-24,192.9271247326627
1988-10-25,192.98300414507028
1988-10-26,193.03889974239087
1988-10-27,193.09481152931227
1988-10-28,193.15073951052364
1988-10-31,193.2066836907155
1988-11-01,193.25898280792373
1988-11-02,193.31129608198
1988-11-03,193.36362351671644
1988-11-04,193.4159651159662
1988-11-07,193.46832088356345
1988-11-08,193.52069082334341
1988-11-09,193.5730749391424
1988-11-10,193.62547323479768
1988-11-11,193.6778857141476
1988-11-14,193.73031238103158
1988-11-15,193.78275323929
1988-11-16,193.83520829276435
1988-11-17,193.88767754529712
1988-11-18,193.94016100073188
1988-11-21,193.99265866291316
1988-11-22,194.04517053568662
1988-11-23,194.09769662289892
1988-11-25,194.1502369283978
1988-11-28,194.20279145603195
1988-11-29,194.25536020965117
1988-11-30,194.30794319310633
1988-12-01,194.3660606989154
1988-12-02,194.42419558767045
1988-12-05,194.48234786457076
1988-12-06,194.54051753481707
1988-12-07,194.6155235270972
1988-12-08,193.91164557395274
1988-12-09,194.33414789899578
1988-12-12,193.69964781340818
1988-12-13,193.66070458638018
1988-12-14,193.71862850312198
1988-12-15,193.77656974490728
1988-12-16,193.834528316918
1988-12-19,193.8925042243376
1988-12-20,193.95049747235115
1988-12-21,194.00850806614514
1988-12-22,194.06653601090775
1988-12-23,194.12458131182865
1988-12-27,194.18264397409905
1988-12-28,194.24072400291172
1988-12-29,194.298821403461
1988-12-30,194.3569361809428
1989-01-03,194.407706099812
1989-01-04,194.4584892807994
1989-01-05,194.50928572736933
1989-01-06,194.56009544298703
1989-01-09,194.61091843111868
1989-01-10,194.66175469523125
1989-01-11,194.71260423879275
1989-01-12,194.763467065272
1989-01-13,194.8143431781388
1989-01-16,194.86523258086382
1989-01-17,194.9161352769186
1989-01-18,194.96705126977565
1989-01-19,195.01798056290835
1989-01-20,195.068923159791
1989-01-23,195.11987906389882
1989-01-24,195.1708482787079
1989-01-25,195.22183080769528
1989-01-26,195.27282665433887
1989-01-27,195.32383582211753
1989-01-30,195.374858314511
1989-01-31,195.97949913923213
1989-02-01,196.2552052066844
1989-02-02,196.17171850877645
1989-02-03,196.31336893375277
1989-02-06,195.81280403745293
1989-02-07,197.9300466079464
1989-02-08,197.66496454177963
1989-02-09,196.34114414817603
1989-02-10,193.74964078278674
1989-02-13,193.79502116408946
1989-02-14,193.82033491506786
1989-02-15,194.2431129007765
1989-02-16,194.27741391656528
1989-02-17,194.92800678887613
1989-02-21,194.40344824095735
1989-02-22,191.68660729939913
1989-02-23,192.45336542342847
1989-02-24,190.0573215240337
1989-02-27,190.06748883947188
1989-02-28,190.03327097710172
1989-03-01,190.09096127750493
1989-03-02,190.14866909152954
1989-03-03,190.20639442449234
1989-03-06,190.26413728171173
1989-03-07,190.3218976685077
1989-03-08,190.37967559020188
1989-03-09,190.29743201126288
1989-03-10,189.74240972669529
1989-03-13,191.14583471819563
1989-03-14,191.15832163301963
1989-03-15,192.3736137208028
1989-03-16,193.98125406162458
1989-03-17,190.06819393495707
1989-03-20,188.28430878890273
1989-03-21,189.34463292086875
1989-03-22,189.36426344487003
1989-03-23,188.6204963296719
1989-03-27,189.48798988152285
1989-03-28,190.43333986880123
1989-03-29,190.87980088118238
1989-03-30,190.97704613130696
1989-03-31,190.99925306891006
1989-04-03,191.0630353594799
1989-04-04,190.77320277794328
1989-04-05,191.3732191272988
1989-04-06,190.97215804990816
1989-04-07,191.85425728370518
1989-04-10,191.92093662435101
1989-04-11,192.6025411669207
1989-04-12,192.57052543008825
1989-04-13,192.63483243135036
1989-04-14,192.69916090729248
1989-04-17,192.76982624143452
1989-04-18,194.7851814541657
1989-04-19,195.62249503772068
1989-04-20,195.06196730386978
1989-04-21,196.73332997518852
1989-04-24,196.6272089879752
1989-04-25,195.84771922100128
1989-04-26,196.1335172686486
1989-04-27,197.91492779163534
1989-04-28,198.33544463566125
1989-05-01,198.20680087123398
1989-05-02,198.1785685184916
1989-05-03,198.24946491959344
1989-05-04,198.32038668317378
1989-05-05,198.39133381830584
1989-05-08,198.46230633406603
1989-05-09,198.533304239534
1989-05-10,198.84690486502458
1989-05-11,199.49347295400102
1989-05-12,203.6665227039307
1989-05-15,205.0247775508855
1989-05-16,204.73323898850106
1989-05-17,206.31580062271036
1989-05-18,206.67922378033794
1989-05-19,208.4226347843052
1989-05-22,209.22217513170978
1989-05-23,207.0292072148421
1989-05-24,207.54748504651147
1989-05-25,207.70961904029127
1989-05-26,209.1588426768958
1989-05-30,207.8862594048738
1989-05-31,208.75374674003808
1989-06-01,209.48643309269605
1989-06-02,211.8868765249882
1989-06-05,210.3643931454037
1989-06-06,211.33400968975306
1989-06-07,213.98370102718584
1989-06-08,214.26804308050043
1989-06-09,214.17943165018252
1989-06-12,213.6425253184495
1989-06-13,212.13198731559885
1989-06-14,211.99880029252077
1989-06-15,209.4925278858899
1989-06-16,209.91175379766565
1989-06-19,210.159296573935
1989-06-20,209.98214035857833
1989-06-21,210.0856388497979
1989-06-22,211.32106657179088
1989-06-23,214.51760160303175
1989-06-26,213.90337638079905
1989-06-27,214.67032533302992
1989-06-28,213.05830836161752
1989-06-29,209.08625544451994
1989-06-30,207.9386060170609
1989-07-03,208.54739216723598
1989-07-05,209.44990527634718
1989-07-06,210.3314379167322
1989-07-07,212.33381322589779
1989-07-10,213.33974564521012
1989-07-11,214.67143113678335
1989-07-12,215.33537620073912
1989-07-13,215.50061421540522
1989-07-14,216.21299800095625
1989-07-17,216.551635225291
1989-07-18,215.94977161428073
1989-07-19,218.26000320465687
1989-07-20,217.04007010964492
1989-07-21,217.96857569687032
1989-07-24,216.9309218803099
1989-07-25,217.4114885575222
1989-07-26,220.46428832879943
1989-07-27,222.6855197122958
1989-07-28,222.66846909225316
1989-07-31,225.17720154263722
1989-08-01,223.90666780716094
1989-08-02,224.36146660543503
1989-08-03,224.67433953343144
1989-08-04,223.36885042483584
1989-08-07,225.904471121653
1989-08-08,226.17978886488774
1989-08-09,225.4327025053731
1989-08-10,226.5199077768462
1989-08-11,224.77898319216672
1989-08-14,224.11112947741498
1989-08-15,224.70794307180262
1989-08-16,225.18801580364027
1989-08-17,224.75462885594095
1989-08-18,225.42265303360603
1989-08-21,222.79635551725897
1989-08-22,222.850957318662
1989-08-23,224.92463662145485
1989-08-24,228.85925537868349
1989-08-25,228.3887247188207
1989-08-28,229.3142857256714
1989-08-29,228.597299922638
1989-08-30,229.33072156797817
1989-08-31,229.29789824889576
1989-09-01,230.5405480291223
1989-09-05,230.24476412895083
1989-09-06,228.26631461365844
1989-09-07,227.62094098760673
1989-09-08,227.81978571094425
1989-09-11,226.9146555154432
1989-09-12,227.60584171238528
1989-09-13,225.84801467798383
1989-09-14,223.88477371195037
1989-09-15,224.2562557271602
1989-09-18,225.2166796170321
1989-09-19,225.56723939267508
1989-09-20,225.49067754250513
1989-09-21,225.36733166302898
1989-09-22,226.51660904463068
1989-09-25,224.7133624877538
1989-09-26,225.13317602797338
1989-09-27,225.83095646273202
1989-09-28,228.34759014642287
1989-09-29,229.31014515262638
1989-10-02,230.40492230030515
1989-10-03,232.8351212087038
1989-10-04,234.10731412460402
1989-10-05,234.58932324240266
1989-10-06,235.7833397614074
1989-10-09,236.2583157880437
1989-10-10,235.76108731398807
1989-10-11,234.27023102454478
1989-10-12,233.2574862002149
1989-10-13,219.726089906226
1989-10-16,223.1414821241434
1989-10-17,222.04763269730438
1989-10-18,222.80126700641534
1989-10-19,225.15396265155414
1989-10-20,225.14798394139981
1989-10-23,225.21734978377233
1989-10-24,225.28673699706724
1989-10-25,225.3561455878687
1989-10-26,225.42557556276287
1989-10-27,222.74735275913483
1989-10-30,222.7152713856723
1989-10-31,225.51571178551762
1989-11-01,226.24768579687827
1989-11-02,225.271343936244
1989-11-03,224.90076093199025
1989-11-06,222.27223560598563
1989-11-07,223.34053402991955
1989-11-08,225.47364616491694
1989-11-09,224.86081032666328
1989-11-10,226.28532573087202
1989-11-13,226.31947649522675
1989-11-14,225.25388678117807
1989-11-15,226.80513380618098
1989-11-16,226.83169813367527
1989-11-17,227.14584779592275
1989-11-20,226.04109168283486
1989-11-21,225.8784103443434
1989-11-22,227.2741331710145
1989-11-24,228.61339050727577
1989-11-27,229.61747418039573
1989-11-28,230.04552389848072
1989-11-29,228.78584391240202
1989-11-30,230.1357307262747
1989-12-01,232.7213845787504
1989-12-04,233.46724158695662
1989-12-05,232.77295817246795
1989-12-06,232.6278526772148
1989-12-07,232.34778017883937
1989-12-08,233.16425148941258
1989-12-11,233.50312413811798
1989-12-12,236.2141859655069
1989-12-13,237.21387574601135
1989-12-14,236.28173526887394
1989-12-15,236.0046634717374
1989-12-18,233.49930357195126
1989-12-19,232.88611912823717
1989-12-20,233.0734569504474
1989-12-21,233.91117291920034
1989-12-22,235.0290076627761
1989-12-26,234.67023750354954
1989-12-27,235.59454782061195
1989-12-28,236.4657197250852
1989-12-29,238.0004523259905
1990-01-02,240.8964914734654
1990-01-03,240.55971143886103
1990-01-04,238.1530415514295
1990-01-05,235.5973025658222
1990-01-08,236.47124071349737
1990-01-09,234.2298331856968
1990-01-10,232.82486182274587
1990-01-11,233.5060939543203
1990-01-12,228.0111518249938
1990-01-15,225.82146090664463
1990-01-16,225.76687100847133
1990-01-17,225.8252069102712
1990-01-18,225.88355788548472
1990-01-19,225.94192393800674
1990-01-22,226.00030507173307
1990-01-23,226.05870129056055
1990-01-24,226.117112598387
1990-01-25,223.41909816110433
1990-01-26,222.72370866020722
1990-01-29,222.3101393666188
1990-01-30,220.616135679411
1990-01-31,222.82606273791416
1990-02-01,223.0192663715558
1990-02-02,224.7974339547914
1990-02-05,225.5979578043088
1990-02-06,224.32488323350265
1990-02-07,226.29947241064255
1990-02-08,226.3489724255135
1990-02-09,226.3034854276862
1990-02-12,226.37119316749133
1990-02-13,226.4389211647751
1990-02-14,226.5066694255984
1990-02-15,226.57443795602384
1990-02-16,225.41223962321877
1990-02-20,222.815410868922
1990-02-21,222.41736530807577
1990-02-22,221.2960696658671
1990-02-23,220.10146322597117
1990-02-26,222.2487881261974
1990-02-27,223.37599437705842
1990-02-28,224.5357161247329
1990-03-01,225.03978090911153
1990-03-02,226.6603898860647
1990-03-05,226.33099616171418
1990-03-06,228.80283102901961
1990-03-07,228.27044372169414
1990-03-08,230.71078511133058
1990-03-09,229.78684076442758
1990-03-12,230.40061352381088
1990-03-13,230.35220059259018
1990-03-14,230.41900733780605
1990-03-15,231.28165919745751
1990-03-16,234.04246756717757
1990-03-19,235.42574647446583
1990-03-20,234.3139637028208
1990-03-21,233.26083777351334
1990-03-22,230.42878455897642
1990-03-23,231.2617014058813
1990-03-26,231.77133101784926
1990-03-27,233.6358138426391
1990-03-28,233.77641081295573
1990-03-29,232.93293862990868
1990-03-30,232.3398058184914
1990-04-02,231.4446798475474
1990-04-03,234.58436396691854
1990-04-04,233.64508948272336
1990-04-05,233.64797663961
1990-04-06,233.46344297747376
1990-04-09,234.04698995113762
1990-04-10,234.1321786931246
1990-04-11,234.17622375951612
1990-04-12,235.86864294184645
1990-04-16,235.79562277690167
1990-04-17,235.60508562613379
1990-04-18,234.25926130828648
1990-04-19,232.120923317059
1990-04-20,230.38716248171806
1990-04-23,230.3586946769874
1990-04-24,230.437908121326
1990-04-25,230.51714880479167
1990-04-26,230.5964167367512
1990-04-27,230.67571192657448
1990-04-30,230.75503438363467
1990-05-01,230.82612770217793
1990-05-02,230.8972429238617
1990-05-03,230.96838005543415
1990-05-04,232.0218986952837
1990-05-07,233.48477194279934
1990-05-08,234.2747822945561
1990-05-09,234.74146008795748
1990-05-10,235.81366391847865
1990-05-11,240.1522067013806
1990-05-14,242.0253036185942
1990-05-15,242.1674348957222
1990-05-16,241.8867702283676
1990-05-17,242.62753702689025
1990-05-18,242.91324926415743
1990-05-21,245.72663967894354
1990-05-22,246.48484736768788
1990-05-23,247.9461734555968
1990-05-24,247.95970389834346
1990-05-25,245.50800318330928
1990-05-29,249.41364208916508
1990-05-30,249.70618807831983
1990-05-31,249.82165430397785
1990-06-01,251.05119106262114
1990-06-04,253.51050947405506
1990-06-05,252.84151946611144
1990-06-06,252.02514761370577
1990-06-07,250.5632287180217
1990-06-08,247.5168729123665
1990-06-11,249.5216944176561
1990-06-12,252.67562496076746
1990-06-13,252.10267199330835
1990-06-14,251.24253611994186
1990-06-15,251.0803617945327
1990-06-18,247.49650654549674
1990-06-19,248.29234598800184
1990-06-20,248.62785313720752
1990-06-21,249.85288704064837
1990-06-22,247.30288334468045
1990-06-25,245.2296257014692
1990-06-26,245.18032239557527
1990-06-27,245.25365583000382
1990-06-28,245.3270111984626
1990-06-29,245.40038850751208
1990-07-02,245.47959639091061
1990-07-03,245.55882984023768
1990-07-05,245.6380888637452
1990-07-06,247.54516076566676
1990-07-09,248.26916028505312
1990-07-10,248.22511947485737
1990-07-11,248.30523909667025
1990-07-12,248.38538457869345
1990-07-13,248.4655559292739
1990-07-16,248.54575315676118
1990-07-17,247.26626628475537
1990-07-18,244.6210143559099
1990-07-19,244.96400833499487
1990-07-20,243.2152010021158
1990-07-23,238.26837767954336
1990-07-24,238.3603202386203
1990-07-25,238.31803717128412
1990-07-26,238.39495908414187
1990-07-27,238.47190582508543
1990-07-30,238.54887740212857
1990-07-31,238.62587382328763
1990-08-01,238.69413275449477
1990-08-02,238.76241121116917
1990-08-03,238.8307091988961
1990-08-06,231.4147104077098
1990-08-07,231.3651661323291
1990-08-08,231.43134813810124
1990-08-09,231.49754907523612
1990-08-10,231.56376894914908
1990-08-13,231.63000776525698
1990-08-14,231.69626552897822
1990-08-15,231.76254224573276
1990-08-16,231.82883792094214
1990-08-17,231.8951525600294
1990-08-20,231.96148616841919
1990-08-21,232.02783875153764
1990-08-22,232.0942103148125
1990-08-23,232.16060086367304
1990-08-24,232.22701040355008
1990-08-27,232.293438939876
1990-08-28,232.35988647808475
1990-08-29,232.4263530236118
1990-08-30,232.49283858189418
1990-08-31,232.55934315837052
1990-09-04,232.6325760955311
1990-09-05,232.7058320937436
1990-09-06,232.7791111602699
1990-09-07,232.8524133023743
1990-09-10,232.9257385273232
1990-09-11,232.99908684238545
1990-09-12,233.41821576182898
1990-09-13,230.7040487652834
1990-09-14,228.71147088876583
1990-09-17,228.84778441195257
1990-09-18,229.38295332309883
1990-09-19,227.8593858760712
1990-09-20,224.20022254579482
1990-09-21,223.4859324418058
1990-09-24,218.5457311899269
1990-09-25,221.44819435912498
1990-09-26,219.7280401709721
1990-09-27,218.80152134172474
1990-09-28,218.81515298221512
1990-10-01,218.87963561964747
1990-10-02,218.94413725946825
1990-10-03,219.00865790727724
1990-10-04,219.07319756867594
1990-10-05,219.13775624926745
1990-10-08,219.20233395465655
1990-10-09,219.26693069044967
1990-10-10,219.33154646225483
1990-10-11,219.3961812756818
1990-10-12,219.46083513634196
1990-10-15,219.5255080498483
1990-10-16,219.59020002181552
1990-10-17,219.65491105785995
1990-10-18,219.7196411635996
1990-10-19,219.90434592354828
1990-10-22,219.96522917678735
1990-10-23,220.03005073017346
1990-10-24,220.09489138582313
1990-10-25,220.15975114936563
1990-10-26,220.22463002643184
1990-10-29,220.28952802265434
1990-10-30,220.35444514366733
1990-10-31,220.41938139510674
1990-11-01,220.47904671745658
1990-11-02,220.53872819061255
1990-11-05,220.59842581894645
1990-11-06,220.65813960683138
1990-11-07,220.71786955864155
1990-11-08,220.7776156787524
1990-11-09,220.8373779715405
1990-11-12,220.8971564413836
1990-11-13,220.95695109266072
1990-11-14,221.016761929752
1990-11-15,221.07658895703875
1990-11-16,221.13643217890353
1990-11-19,221.19629159973005
1990-11-20,221.2561672239032
1990-11-21,221.39217634357863
1990-11-23,221.05496474547826
1990-11-26,221.00424471282827
1990-11-27,221.6659457988557
1990-11-28,221.53074609188948
1990-11-29,221.24363856309748
1990-11-30,223.54989217980153
1990-12-03,225.28370212316972
1990-12-04,225.23842019478855
1990-12-05,226.38169061419623
1990-12-06,226.2966287087518
1990-12-07,225.76318222134702
1990-12-10,226.4022582872532
1990-12-11,225.29124258374077
1990-12-12,227.89356402236106
1990-12-13,227.678208540004
1990-12-14,225.61628779386604
1990-12-17,224.6773228602785
1990-12-18,227.36363221486903
1990-12-19,227.36034156924396
1990-12-20,227.34629922545705
1990-12-21,227.60610891091886
1990-12-24,226.571161760423
1990-12-26,227.134138910395
1990-12-27,225.87067246294697
1990-12-28,225.9058850381873
1990-12-31,226.82580403931186
1991-01-02,224.77978894443325
1991-01-03,221.1212983439192
1991-01-04,221.0628476064809
1991-01-07,221.1149698046895
1991-01-08,221.16710429227004
1991-01-09,221.21925107212004
1991-01-10,221.2714101471378
1991-01-11,221.32358152022226
1991-01-14,221.37576519427307
1991-01-15,221.42796117219055
1991-01-16,221.4801694568757
1991-01-17,221.5323900512302
1991-01-18,221.58462295815647
1991-01-21,221.73073029559245
1991-01-22,220.24725486812255
1991-01-23,222.00772628389618
1991-01-24,225.85010801900094
1991-01-25,226.5724748440103
1991-01-28,226.9939359257609
1991-01-29,227.46479610745556
1991-01-30,231.63285036840296
1991-01-31,233.35284029769664
1991-02-01,233.3233199216414
1991-02-04,237.13325421718991
1991-02-05,239.8624943909693
1991-02-06,243.5477306354783
1991-02-07,241.81074872145757
1991-02-08,243.71819716095106
1991-02-11,249.84129959367922
1991-02-12,248.41365449886138
1991-02-13,250.63218133102575
1991-02-14,247.9935845435951
1991-02-15,252.0235050933528
1991-02-19,252.76300600018223
1991-02-20,250.00854107591937
1991-02-21,250.2744949476026
1991-02-22,251.56088481049278
1991-02-25,253.11498780271143
1991-02-26,249.78507178036128
1991-02-27,252.11937891881652
1991-02-28,251.57510628723196
1991-03-01,253.53933968699786
1991-03-04,253.81751958077834
1991-03-05,259.139615749783
1991-03-06,258.90035352258764
1991-03-07,259.0935716066701
1991-03-08,258.64367478611126
1991-03-11,256.54465511800373
1991-03-12,253.54839731566128
1991-03-13,256.68386205434217
1991-03-14,257.08441831628727
1991-03-15,256.4615030718854
1991-03-18,255.1099523312123
1991-03-19,251.3530776716451
1991-03-20,253.91456466800028
1991-03-21,253.84636661287794
1991-03-22,254.40898556038874
1991-03-25,255.31283362788406
1991-03-26,260.01986337760957
1991-03-27,260.02447436639045
1991-03-28,259.6971498500582
1991-04-01,257.6746911508559
1991-04-02,263.8887810344741
1991-04-03,264.2728932614588
1991-04-04,265.7333635178923
1991-04-05,262.90875841634795
1991-04-08,264.6178251284608
1991-04-09,261.3637491824225
1991-04-10,260.56586734985837
1991-04-11,264.1387196660712
1991-04-12,266.07753360361977
1991-04-15,266.5114951833468
1991-04-16,270.72641115966746
1991-04-17,272.29174814755925
1991-04-18,270.57340726824276
1991-04-19,267.0004350993459
1991-04-22,264.3581405949493
1991-04-23,264.46991588824585
1991-04-24,264.610397906164
1991-04-25,263.2463066341212
1991-04-26,262.965567271216
1991-04-29,259.0293289568019
1991-04-30,259.44609241908813
1991-05-01,263.55966904740177
1991-05-02,264.1109323926071
1991-05-03,264.80538351803267
1991-05-06,264.3881962589967
1991-05-07,263.180490599205
1991-05-08,263.37798071393416
1991-05-09,266.33562202632623
1991-05-10,265.0950093825177
1991-05-13,265.2264454901631
1991-05-14,261.6614143407829
1991-05-15,258.7568176940621
1991-05-16,258.6963879894551
1991-05-17,258.7515317115189
1991-05-20,258.80668718801854
1991-05-21,258.8618544214595
1991-05-22,258.91703341434794
1991-05-23,258.97222416919055
1991-05-24,259.0274266884944
1991-05-28,259.08264097476734
1991-05-29,259.1378670305175
1991-05-30,259.1931048582537
1991-05-31,259.2483544604853
1991-06-03,259.3026877306131
1991-06-04,258.9966171790599
1991-06-05,257.81342374337953
1991-06-06,256.7682312146203
1991-06-07,254.42778900721268
1991-06-10,253.68613594717127
1991-06-11,254.20139430661723
1991-06-12,253.98086808380498
1991-06-13,254.29127983578888
1991-06-14,254.29774060236326
1991-06-17,254.3510363228387
1991-06-18,254.4043432130312
1991-06-19,254.4576612752818
1991-06-20,254.51099051193185
1991-06-21,254.56433092532333
1991-06-24,254.61768251779864
1991-06-25,254.6710452917007
1991-06-26,254.72441924937291
1991-06-27,254.7778043931592
1991-06-28,254.83120072540387
1991-07-01,254.88782676651707
1991-07-02,254.94446539050284
1991-07-03,255.00111660015727
1991-07-05,255.057780398277
1991-07-08,255.1144567876593
1991-07-09,255.1711457711021
1991-07-10,255.22784735140388
1991-07-11,255.28456153136383
1991-07-12,255.34128831378172
1991-07-15,255.39802770145792
1991-07-16,255.45477969719346
1991-07-17,255.51154430378998
1991-07-18,255.5683215240497
1991-07-19,255.62511136077558
1991-07-22,255.68191381677104
1991-07-23,254.5944774235286
1991-07-24,254.27428498217958
1991-07-25,254.48218722469153
1991-07-26,254.51973829100316
1991-07-29,254.5762951220488
1991-07-30,254.63286452058787
1991-07-31,254.689446489413
1991-08-01,254.74258234863407
1991-08-02,255.40585954326704
1991-08-05,254.11653416437096
1991-08-06,254.04246572164524
1991-08-07,254.1320366899961
1991-08-08,254.16030437799836
1991-08-09,254.2133298423007
1991-08-12,254.2663663693057
1991-08-13,254.31941396132132
1991-08-14,254.37247262065605
1991-08-15,254.4255423496189
1991-08-16,254.47862315051927
1991-08-19,254.53171502566715
1991-08-20,254.58481797737295
1991-08-21,254.63793200794754
1991-08-22,254.69105711970235
1991-08-23,254.74419331494923
1991-08-26,254.7973405960005
1991-08-27,254.85049896516904
1991-08-28,254.9036684247681
1991-08-29,254.87412525978462
1991-08-30,254.30401965052664
1991-09-03,252.22097696962078
1991-09-04,250.7022544218262
1991-09-05,250.63441069392144
1991-09-06,250.6919312911757
1991-09-09,250.74946508940707
1991-09-10,250.8070120916451
1991-09-11,250.86457230092017
1991-09-12,250.92214572026327
1991-09-13,250.9797323527061
1991-09-16,251.03733220128106
1991-09-17,251.09494526902128
1991-09-18,251.15257155896055
1991-09-19,251.21021107413335
1991-09-20,251.2678638175749
1991-09-23,251.32552979232105
1991-09-24,251.3832090014084
1991-09-25,251.44090144787424
1991-09-26,251.49860713475655
1991-09-27,251.556326065094
1991-09-30,251.61405824192596
1991-10-01,251.65991238789996
1991-10-02,251.70577489033354
1991-10-03,251.75164575074956
1991-10-04,251.7975249706712
1991-10-07,251.84341255162184
1991-10-08,251.88930849512525
1991-10-09,251.9352128027054
1991-10-10,251.98112547588656
1991-10-11,252.02704651619328
1991-10-14,252.0729759251504
1991-10-15,252.118913704283
1991-10-16,252.16485985511645
1991-10-17,251.7747383667381
1991-10-18,252.36839349930466
1991-10-21,251.15283765653618
1991-10-22,250.7381912217912
1991-10-23,251.09611411353495
1991-10-24,248.77966411566257
1991-10-25,247.7239010883818
1991-10-28,251.41614129969835
1991-10-29,251.33622839760017
1991-10-30,252.5564599929442
1991-10-31,252.47618463927225
1991-11-01,252.5253266038504
1991-11-04,252.57447813342054
1991-11-05,252.6236392298444
1991-11-06,252.67280989498408
1991-11-07,253.70405727407464
1991-11-08,253.7581521909733
1991-11-11,254.38640873931837
1991-11-12,256.78843051292176
1991-11-13,256.7099926071303
1991-11-14,256.7599586400913
1991-11-15,256.809934398441
1991-11-18,256.85991988407227
1991-11-19,256.90991509887846
1991-11-20,256.9599200447533
1991-11-21,257.0099347235908
1991-11-22,257.0599591372854
1991-11-25,257.1099932877318
1991-11-26,257.1600371768253
1991-11-27,257.2100908064614
1991-11-29,257.2601541785359
1991-12-02,257.3066230801852
1991-12-03,257.61876281512457
1991-12-04,257.5185507283281
1991-12-05,256.45996335375787
1991-12-06,258.201886813169
1991-12-09,258.11183647969193
1991-12-10,258.15292726987116
1991-12-11,257.24981884403377
1991-12-12,259.7081693405
1991-12-13,261.1503176085938
1991-12-16,261.8091597888243
1991-12-17,261.00993623076295
1991-12-18,261.4185148780863
1991-12-19,260.8373878670724
1991-12-20,260.78446834734547
1991-12-23,260.83157384586303
1991-12-24,260.8786878530468
1991-12-26,260.92581037043374
1991-12-27,262.53147702844456
1991-12-30,267.5808221184361
1991-12-31,268.8328583554524
1992-01-02,268.1379834769421
1992-01-03,269.6514368417143
1992-01-06,269.4331209521221
1992-01-07,269.60213379327644
1992-01-08,271.1630397278995
1992-01-09,272.2183198456255
1992-01-10,269.8947508904946
1992-01-13,269.1777407538934
1992-01-14,272.1445283764361
1992-01-15,271.9754872128362
1992-01-16,269.43877224768744
1992-01-17,269.57265390497395
1992-01-20,267.4107053024084
1992-01-21,263.57794458589444
1992-01-22,267.3775752297711
1992-01-23,266.0856977028676
1992-01-24,266.04253164413
1992-01-27,265.85398864162175
1992-01-28,266.6744079129758
1992-01-29,264.17191182299354
1992-01-30,265.1516438458893
1992-01-31,263.90153935009744
1992-02-03,264.11788312965183
1992-02-04,267.2220823398587
1992-02-05,268.1942663792068
1992-02-06,268.57870653485793
1992-02-07,266.53784737947615
1992-02-10,267.80140972541454
1992-02-11,267.9533995760565
1992-02-12,267.8954575092372
1992-02-13,267.9348836837188
1992-02-14,267.97431566055053
1992-02-18,268.0137534405863
1992-02-19,268.92491211410953
1992-02-20,271.3868118542734
1992-02-21,269.3659091667305
1992-02-24,268.31175054754965
1992-02-25,265.4783726624843
1992-02-26,268.06641892611003
1992-02-27,267.3813207209614
1992-02-28,267.49821703218583
1992-03-02,267.42363021273553
1992-03-03,267.3972065786198
1992-03-04,267.39252843075883
1992-03-05,267.4337870978957
1992-03-06,267.47505213124487
1992-03-09,267.5606236679051
1992-03-10,268.8540450358845
1992-03-11,266.9287329458747
1992-03-12,266.67277090309443
1992-03-13,267.79726279459436
1992-03-16,268.19995725931005
1992-03-17,270.83634364742574
1992-03-18,271.26255706785764
1992-03-19,272.19009335778225
1992-03-20,272.13225903558117
1992-03-23,272.1742490431503
1992-03-24,272.21624552977767
1992-03-25,272.2582484964629
1992-03-26,272.3002579442059
1992-03-27,272.34227387400665
1992-03-30,272.3842962868654
1992-03-31,272.54188157114476
1992-04-01,272.25074155134865
1992-04-02,269.69449800862714
1992-04-03,268.98673500405977
1992-04-06,271.3744828370397
1992-04-07,266.1902331393385
1992-04-08,263.4444665408094
1992-04-09,263.35280734158533
1992-04-10,263.39287647122234
1992-04-13,263.4329516973774
1992-04-14,263.47303302097816
1992-04-15,263.5131204429523
1992-04-16,263.55321396422767
1992-04-20,260.70959935186875
1992-04-21,260.3862618954228
1992-04-22,260.5272010111328
1992-04-23,262.31144470516364
1992-04-24,259.25899537662303
1992-04-27,259.29298434796294
1992-04-28,259.2027695576437
1992-04-29,259.2422072590319
1992-04-30,261.0428134629356
1992-05-01,259.7319190003745
1992-05-04,261.35793065612245
1992-05-05,261.00073853158165
1992-05-06,261.152209694455
1992-05-07,261.05812702419996
1992-05-08,261.0946255609392
1992-05-11,261.1311292005389
1992-05-12,261.16763794371246
1992-05-13,261.2041517911734
1992-05-14,261.24067074363535
1992-05-15,261.277194801812
1992-05-18,261.3137239664173
1992-05-19,262.4506720009549
1992-05-20,262.7863565691091
1992-05-21,261.1834432144005
1992-05-22,261.5255056177321
1992-05-26,261.2605618483717
1992-05-27,261.2474890361554
1992-05-28,261.2014029110691
1992-05-29,261.2379214792101
1992-06-01,261.27586106254654
1992-06-02,261.3138061558486
1992-06-03,261.3517567599166
1992-06-04,261.38971287555086
1992-06-05,261.42767450355177
1992-06-08,261.46564164471994
1992-06-09,261.503614299856
1992-06-10,261.54159246976076
1992-06-11,261.0032492511164
1992-06-12,261.51287218664794
1992-06-15,261.4200762752251
1992-06-16,261.45804231290253
1992-06-17,261.49601386438763
1992-06-18,261.53399093048114
1992-06-19,261.57197351198397
1992-06-22,261.6099616096971
1992-06-23,261.6479552244217
1992-06-24,261.685954356959
1992-06-25,261.7239590081102
1992-06-26,261.76196917867696
1992-06-29,261.7999848694608
1992-06-30,261.83800608126336
1992-07-01,263.9019039810275
1992-07-02,263.84429741650393
1992-07-06,263.8814203091504
1992-07-07,263.91854842498793
1992-07-08,264.00452530264585
1992-07-09,265.8997698619525
1992-07-10,266.2461702783497
1992-07-13,266.5096917537137
1992-07-14,268.26480025074017
1992-07-15,268.1683938355814
1992-07-16,268.20612512859407
1992-07-17,267.13350422953266
1992-07-20,267.05638855281467
1992-07-21,267.09396338668404
1992-07-22,267.13154350733254
1992-07-23,267.169128915504
1992-07-24,267.20671961194245
1992-07-27,267.1595904396533
1992-07-28,268.42895512152313
1992-07-29,270.82687621088843
1992-07-30,270.7600141311552
1992-07-31,271.50397805122185
1992-08-03,271.77831600572114
1992-08-04,270.8792671281725
1992-08-05,269.1210705176502
1992-08-06,267.80385249275787
1992-08-07,267.65189761884386
1992-08-10,267.81554244610464
1992-08-11,267.6252028854016
1992-08-12,267.5244682692815
1992-08-13,267.5575503450277
1992-08-14,267.5906365117034
1992-08-17,267.6237267698144
1992-08-18,267.6568211198668
1992-08-19,267.2477822311392
1992-08-20,267.2375973971638
1992-08-21,267.27064399845796
1992-08-24,267.3036946862948
1992-08-25,267.33674946117975
1992-08-26,267.36980832361814
1992-08-27,267.40287127411545
1992-08-28,267.43593831317725
1992-08-31,267.4690094413091
1992-09-01,267.5020846590166
1992-09-02,267.53516396680556
1992-09-03,267.5682473651817
1992-09-04,267.60133485465093
1992-09-08,267.6344264357191
1992-09-09,267.6675221088922
1992-09-10,267.7006218746762
1992-09-11,267.7337257335772
1992-09-14,267.76683368610145
1992-09-15,267.7999457327551
1992-09-16,267.8330618740444
1992-09-17,267.8661821104758
1992-09-18,267.8993064425556
1992-09-21,267.9324348707903
1992-09-22,267.96556739568643
1992-09-23,267.9987040177506
1992-09-24,268.03184473748945
1992-09-25,268.06498955540974
1992-09-28,268.0981384720182
1992-09-29,268.13129148782167
1992-09-30,268.16444860332706
1992-10-01,268.1924530166947
1992-10-02,268.2204603545632
1992-10-05,268.248470617238
1992-10-06,268.27648380502455
1992-10-07,268.3044999182283
1992-10-08,268.3325189571548
1992-10-09,268.36054092210946
1992-10-12,268.3885658133979
1992-10-13,268.4165936313258
1992-10-14,268.4446243761987
1992-10-15,268.4726580483223
1992-10-16,268.50069464800225
1992-10-19,268.52873417554434
1992-10-20,268.55677663125425
1992-10-21,268.58482201543785
1992-10-22,268.6128703284009
1992-10-23,268.6409215704493
1992-10-26,268.66897574188886
1992-10-27,268.69703284302557
1992-10-28,268.72509287416534
1992-10-29,268.75315583561417
1992-10-30,268.7812217276781
1992-11-02,268.8120966266179
1992-11-03,268.8429750721574
1992-11-04,268.87385706470394
1992-11-05,268.904742604665
1992-11-06,268.935631692448
1992-11-09,268.9665243284605
1992-11-10,269.02057795654105
1992-11-11,270.90301198575025
1992-11-12,270.9193064836554
1992-11-13,270.946103167161
1992-11-16,269.86626167879695
1992-11-17,268.5314587603622
1992-11-18,268.42802381654553
1992-11-19,269.1134368700398
1992-11-20,270.96069198821095
1992-11-23,270.43686222519585
1992-11-24,272.08511399005846
1992-11-25,273.1394336520698
1992-11-27,273.7098541368445
1992-11-30,274.81055365141236
1992-12-01,274.014472004052
1992-12-02,273.610873362038
1992-12-03,274.00689097535036
1992-12-04,275.44449679706395
1992-12-07,277.07122631705323
1992-12-08,277.7488687572979
1992-12-09,276.6165489686203
1992-12-10,275.43921740564355
1992-12-11,274.96645201045175
1992-12-14,274.5937752004465
1992-12-15,274.17269134201143
1992-12-16,273.3501189835619
1992-12-17,275.597236753601
1992-12-18,278.6053311063113
1992-12-21,278.8509338498654
1992-12-22,279.4281128020767
1992-12-23,279.8305525333854
1992-12-24,280.218179016951
1992-12-28,279.6996934308575
1992-12-29,280.12696134505717
1992-12-30,280.61350548877886
1992-12-31,280.1936902186765
1993-01-04,279.358103158941
1993-01-05,279.05916506234433
1993-01-06,280.04831181015203
1993-01-07,278.0775009966452
1993-01-08,276.72773833303677
1993-01-11,278.06215758150313
1993-01-12,277.9014863231818
1993-01-13,279.23174535404104
1993-01-14,282.3524508249598
1993-01-15,283.53050235859945
1993-01-18,284.5854302072564
1993-01-19,284.6689553411044
1993-01-20,283.5381561860981
1993-01-21,285.15764411310437
1993-01-22,285.7927538577154
1993-01-25,287.21569090233345
1993-01-26,287.45250568213623
1993-01-27,286.11924811520544
1993-01-28,285.55899460876645
1993-01-29,285.67766992631994
1993-02-01,288.57166239132783
1993-02-02,289.7315120824398
1993-02-03,292.64496346034304
1993-02-04,295.2788364472568
1993-02-05,294.08410836217394
1993-02-08,293.62491346527975
1993-02-09,291.4344607617878
1993-02-10,291.7728413340635
1993-02-11,292.6181686206685
1993-02-12,290.7099235617324
1993-02-16,282.97673086389744
1993-02-17,282.15051671682204
1993-02-18,281.5262801898042
1993-02-19,283.7249151279429
1993-02-22,284.8650398585954
1993-02-23,283.3682633615485
1993-02-24,283.2593400482873
1993-02-25,284.13123015471336
1993-02-26,284.63204087629845
1993-03-01,284.36507902192176
1993-03-02,287.1399061537675
1993-03-03,288.9409736716203
1993-03-04,288.04315578612017
1993-03-05,287.45074499241963
1993-03-08,292.037827092452
1993-03-09,293.32187562642923
1993-03-10,294.39110372087794
1993-03-11,293.3099406687504
1993-03-12,291.1577640380346
1993-03-15,292.1447267386858
1993-03-16,292.0908370014384
1993-03-17,290.13479357935626
1993-03-18,292.0620684562421
1993-03-19,290.73375284015776
1993-03-22,289.5082982023247
1993-03-23,289.1199870669617
1993-03-24,289.0396758442775
1993-03-25,290.76613871004145
1993-03-26,289.95875424681185
1993-03-29,291.18324287290216
1993-03-30,291.47165010027413
1993-03-31,291.74098712458374
1993-04-01,290.9767474583356
1993-04-02,286.49891715237885
1993-04-05,287.2230518378549
1993-04-06,287.49954216158693
1993-04-07,289.00744121681845
1993-04-08,289.1348471958785
1993-04-12,292.27086488864
1993-04-13,292.3542969610996
1993-04-14,292.36815647102634
1993-04-15,292.4015332197691
1993-04-16,293.05979668300523
1993-04-19,291.16385190699464
1993-04-20,288.3386600495539
1993-04-21,287.0438333390579
1993-04-22,285.1806612408499
1993-04-23,284.129887532244
1993-04-26,281.8227989441558
1993-04-27,283.3865692647965
1993-04-28,283.31637775918813
1993-04-29,283.2070467962947
1993-04-30,283.239377712757
1993-05-03,283.27050288797386
1993-05-04,283.87931386934304
1993-05-05,283.85162428957585
1993-05-06,282.98848977795177
1993-05-07,282.4700888486459
1993-05-10,282.8108943946082
1993-05-11,283.5596658613955
1993-05-12,283.42278609706847
1993-05-13,280.28232121090736
1993-05-14,280.5153766567298
1993-05-17,281.1836398335962
1993-05-18,280.90807771796267
1993-05-19,284.3719435526293
1993-05-20,286.6973825500746
1993-05-21,284.5228744215024
1993-05-24,285.7478651482231
1993-05-25,286.4172532658725
1993-05-26,289.1600463811519
1993-05-27,289.0421860933343
1993-05-28,287.6161560508641
1993-06-01,290.0390234272816
1993-06-02,290.8401231686784
1993-06-03,290.82697113379095
1993-06-04,289.9380519608074
1993-06-07,288.4086097314211
1993-06-08,285.7951688859936
1993-06-09,286.3787499815383
1993-06-10,285.334507599517
1993-06-11,284.84284852539804
1993-06-14,284.36163551932765
1993-06-15,283.9572849827498
1993-06-16,284.4179026081214
1993-06-17,285.32657594237656
1993-06-18,282.74590779095263
1993-06-21,284.3782400257683
1993-06-22,284.9246580741466
1993-06-23,283.90388962389335
1993-06-24,285.5444211325621
1993-06-25,285.8632017951404
1993-06-28,289.2567772583894
1993-06-29,288.6525966916576
1993-06-30,289.5845495178588
1993-07-01,289.2805648051031
1993-07-02,287.9956840890747
1993-07-06,286.25702499652044
1993-07-07,286.39156567589225
1993-07-08,289.4974634623752
1993-07-09,289.8153705813479
1993-07-12,290.0844624315502
1993-07-13,289.619287700041
1993-07-14,290.67911752246545
1993-07-15,291.2667100006475
1993-07-16,289.97677854617655
1993-07-19,290.1268416999224
1993-07-20,291.3225951523153
1993-07-21,290.90409986974436
1993-07-22,289.1174287863207
1993-07-23,289.89058502156445
1993-07-26,292.00721505108635
1993-07-27,291.1536463379939
1993-07-28,291.0140221037048
1993-07-29,292.94266444275996
1993-07-30,292.0611580389592
1993-08-02,293.2979562274216
1993-08-03,292.9636562935963
1993-08-04,292.96428344372924
1993-08-05,292.6830179489878
1993-08-06,292.7145309285584
1993-08-09,294.4531512667306
1993-08-10,294.21512641272295
1993-08-11,294.8820166178043
1993-08-12,294.11210360339027
1993-08-13,294.4982579654952
1993-08-16,295.2003389685087
1993-08-17,295.1991375689938
1993-08-18,295.2018092902169
1993-08-19,295.0681241820466
1993-08-20,295.3647888846198
1993-08-23,295.06337774147886
1993-08-24,297.3557640549474
1993-08-25,297.4854849554649
1993-08-26,297.2430097212121
1993-08-27,296.6531817615591
1993-08-30,297.3616865543032
1993-08-31,298.40368351602444
1993-09-01,298.65819888565727
1993-09-02,297.5508274328041
1993-09-03,297.8273007852688
1993-09-07,295.99254683135644
1993-09-08,294.67042183360496
1993-09-09,294.7438946138774
1993-09-10,297.3265223542022
1993-09-13,298.0233244566218
1993-09-14,296.1932545085782
1993-09-15,297.0147930791065
1993-09-16,296.9029961674545
1993-09-17,296.928308255204
1993-09-20,296.9585914176986
1993-09-21,296.9953133171133
1993-09-22,297.60545599549636
1993-09-23,298.3217832029527
1993-09-24,298.33748838864824
1993-09-27,300.1031641340275
1993-09-28,300.67210530598726
1993-09-29,300.5589317753202
1993-09-30,299.6438649703214
1993-10-01,300.8585895669289
1993-10-04,301.23049417529734
1993-10-05,300.60122982476076
1993-10-06,300.47294517511136
1993-10-07,300.3915504182509
1993-10-08,300.4229863940022
1993-10-11,300.4544256595283
1993-10-12,300.4858682151735
1993-10-13,300.5173140612822
1993-10-14,300.5487631981987
1993-10-15,300.5802156262674
1993-10-18,300.61167134583263
1993-10-19,297.8369209003081
1993-10-20,297.2805468590047
1993-10-21,296.6299217703695
1993-10-22,295.4722370398988
1993-10-25,295.33965443646724
1993-10-26,295.2676280776219
1993-10-27,295.2985278349002
1993-10-28,295.3294308258381
1993-10-29,294.956803154631
1993-11-01,294.84438052986013
1993-11-02,295.95823643692773
1993-11-03,293.2657517260663
1993-11-04,293.1539736446258
1993-11-05,293.1888325836319
1993-11-08,293.2236956677144
1993-11-09,293.2585628973663
1993-11-10,293.29343427308044
1993-11-11,293.32830979534987
1993-11-12,293.36318946466764
1993-11-15,293.39807328152693
1993-11-16,293.43296124642086
1993-11-17,291.35158587958875
1993-11-18,290.61170393953125
1993-11-19,289.83339558251646
1993-11-22,286.21375807937244
1993-11-23,286.9130312260222
1993-11-24,287.65758482925014
1993-11-26,287.62950470943616
1993-11-29,287.6637067338412
1993-11-30,287.69791282520896
1993-12-01,287.7279571182453
1993-12-02,288.17861180723634
1993-12-03,289.7899191736032
1993-12-06,290.1907775228715
1993-12-07,290.3650783623648
1993-12-08,290.7904634115491
1993-12-09,290.18589643097897
1993-12-10,290.5451139644622
1993-12-13,291.422765856299
1993-12-14,289.59328930473885
1993-12-15,288.6945771079378
1993-12-16,289.05420217776737
1993-12-17,291.1108042977144
1993-12-20,290.8095973808099
1993-12-21,290.62614230940505
1993-12-22,291.32124593067624
1993-12-23,291.7811803799298
1993-12-27,293.6163395867941
1993-12-28,294.22846286741986
1993-12-29,294.699773300177
1993-12-30,294.2075075017742
1993-12-31,293.9010505574795
1994-01-03,292.20867122378314
1994-01-04,293.3979883034977
1994-01-05,294.5105156851475
1994-01-06,295.3509906216522
1994-01-07,296.55568754658606
1994-01-10,299.7952103602313
1994-01-11,299.7154165548407
1994-01-12,299.8517078848204
1994-01-13,299.68720224630647
1994-01-14,301.7147675128974
1994-01-17,301.723620408625
1994-01-18,302.7192065696218
1994-01-19,302.2185760287341
1994-01-20,302.52458814678687
1994-01-21,302.6952141347679
1994-01-24,301.6372607839715
1994-01-25,299.8987103040945
1994-01-26,300.18290011756295
1994-01-27,302.1798628628281
1994-01-28,303.19582022317184
1994-01-31,305.22820038760483
1994-02-01,304.4931552799304
1994-02-02,306.05916319262695
1994-02-03,305.7744109549059
1994-02-04,298.7133377769506
1994-02-07,300.4250553176918
1994-02-08,301.4363537141757
1994-02-09,302.3669354169608
1994-02-10,302.2491226125826
1994-02-11,302.28249696070145
1994-02-14,302.3158749940158
1994-02-15,302.34925671293263
1994-02-16,302.38264211785884
1994-02-17,301.1161336314578
1994-02-18,299.70975415395634
1994-02-22,301.73528688906305
1994-02-23,301.2132047311119
1994-02-24,297.2888623592489
1994-02-25,298.04347711097995
1994-02-28,299.1379269791483
1994-03-01,297.594983043897
1994-03-02,297.4468433197573
1994-03-03,296.94834860209096
1994-03-04,299.0072017131792
1994-03-07,300.87511541751223
1994-03-08,300.418492201015
1994-03-09,301.2875440159873
1994-03-10,299.59713721394826
1994-03-11,300.70962411578955
1994-03-14,301.79211613987434
1994-03-15,301.5318113667162
1994-03-16,302.78669359026475
1994-03-17,303.7330762259396
1994-03-18,303.80182820748524
1994-03-21,302.1986314751465
1994-03-22,301.7561192914622
1994-03-23,302.01424338724996
1994-03-24,298.2239798683932
1994-03-25,295.74391115631494
1994-03-28,294.2558420802778
1994-03-29,287.99348894076996
1994-03-30,287.8832396707647
1994-03-31,287.9169911017837
1994-04-04,287.95785228116085
1994-04-05,287.9987192595566
1994-04-06,288.0395920377939
1994-04-07,288.0804706166959
1994-04-08,288.1213549970858
1994-04-11,288.16224517978696
1994-04-12,288.20314116562287
1994-04-13,285.55167895004837
1994-04-14,285.40817951923486
1994-04-15,284.75596141668
1994-04-18,282.16450016806886
1994-04-19,281.63091386353017
1994-04-20,280.92120312525344
1994-04-21,283.237454408864
1994-04-22,283.11453582119714
1994-04-25,287.06709807473226
1994-04-26,287.8232569629436
1994-04-28,286.33024367077803
1994-04-29,287.6413916561246
1994-05-02,290.676546615543
1994-05-03,289.8180129473947
1994-05-04,289.63568453046656
1994-05-05,289.66372756826456
1994-05-06,289.70779990441406
1994-05-09,286.49742680201825
1994-05-10,288.09937565903414
1994-05-11,285.3670797788492
1994-05-12,286.5586247189991
1994-05-13,286.4452094739676
1994-05-16,286.0473850891036
1994-05-17,285.97039821859494
1994-05-18,288.1206516759023
1994-05-19,290.00731584678334
1994-05-20,289.1726568679169
1994-05-23,288.2227646331041
1994-05-24,289.32840157194175
1994-05-25,290.14154461647774
1994-05-26,290.758237597565
1994-05-27,291.01405593142795
1994-05-31,290.84550422672623
1994-06-01,291.7123824270039
1994-06-02,292.0190361921804
1994-06-03,293.1018664397098
1994-06-06,293.12312960177206
1994-06-07,292.3579010992796
1994-06-08,290.9891251279378
1994-06-09,291.0412827069102
1994-06-10,291.49323622984355
1994-06-13,292.121169163879
1994-06-14,293.29930526519485
1994-06-15,292.2944737605631
1994-06-16,292.8599006500372
1994-06-17,290.7240536349349
1994-06-20,287.9038833481984
1994-06-21,284.90278904699943
1994-06-22,285.79109016921745
1994-06-23,284.6574758328775
1994-06-24,284.62779632673187
1994-06-27,284.667843457675
1994-06-28,284.7078962232495
1994-06-29,284.7479546242481
1994-06-30,284.78801866146375
1994-07-01,284.82783487435285
1994-07-05,284.86765665394665
1994-07-06,284.9074840010235
1994-07-07,287.60335527830784
1994-07-08,288.1148527843492
1994-07-11,287.2525952101174
1994-07-12,287.1463759552586
1994-07-13,287.83960370792846
1994-07-14,290.9337948110403
1994-07-15,291.47033144075573
1994-07-18,292.0240941866402
1994-07-19,291.76485809524274
1994-07-20,289.99663143206436
1994-07-21,290.2362733488404
1994-07-22,291.1279950596217
1994-07-25,291.6274118275258
1994-07-26,290.8808975889666
1994-07-27,290.33984534796843
1994-07-28,291.09012487095396
1994-07-29,293.6848207130355
1994-08-01,295.24825185991637
1994-08-02,296.1358184112995
1994-08-03,296.1954099968186
1994-08-04,294.80056668516073
1994-08-05,293.84699675231315
1994-08-08,294.2841426786063
1994-08-09,294.69592208488166
1994-08-10,296.62594448720387
1994-08-11,296.0760398465665
1994-08-12,297.3218668457792
1994-08-15,297.5443099449078
1994-08-16,300.10216895643737
1994-08-17,301.4759062007691
1994-08-18,300.83873858960607
1994-08-19,301.18295188406995
1994-08-22,300.9008833875872
1994-08-23,302.35395690345166
1994-08-24,304.0765581701056
1994-08-25,304.2213048056753
1994-08-26,307.7457674728236
1994-08-29,307.9748189363605
1994-08-30,309.3108077057989
1994-08-31,308.95338775407623
1994-09-01,307.2591063230539
1994-09-02,306.0803679947861
1994-09-06,306.2488579525116
1994-09-07,305.86909920415286
1994-09-08,307.35367730684004
1994-09-09,304.7140909859634
1994-09-12,304.6153002582359
1994-09-13,304.6688759972453
1994-09-14,304.7224611591557
1994-09-15,304.77605574562443
1994-09-16,304.829659758309
1994-09-19,304.5210269061424
1994-09-20,301.121029102318
1994-09-21,299.52401120499513
1994-09-22,299.28085996576164
1994-09-23,298.2812267973467
1994-09-26,298.1845216552661
1994-09-27,298.23696634893486
1994-09-28,298.2894202665763
1994-09-29,298.3418834098128
1994-09-30,298.3943557802669
1994-10-03,298.4482547527515
1994-10-04,298.5021634610075
1994-10-05,297.4771913398889
1994-10-06,297.4281586754629
1994-10-07,297.4818831237645
1994-10-10,297.53561727631313
1994-10-11,297.58936113486175
1994-10-12,297.64311470116354
1994-10-13,297.696877976972
1994-10-14,297.75065096404103
1994-10-17,297.80443366412464
1994-10-18,297.6016523900564
1994-10-19,299.5381732402879
1994-10-20,297.78108615314284
1994-10-21,296.6337100554227
1994-10-24,294.6601239502944
1994-10-25,294.3869564239948
1994-10-26,295.5721320825946
1994-10-27,297.73745215000076
1994-10-28,298.30152996835096
1994-10-31,297.64292972352024
1994-11-01,297.5754391303753
1994-11-02,296.9320207620316
1994-11-03,297.1262468533502
1994-11-04,293.88137326819754
1994-11-07,293.6650544829372
1994-11-08,295.8892761674192
1994-11-09,295.79334651472493
1994-11-10,295.84537064850997
1994-11-11,295.89740393229965
1994-11-14,295.9494463677033
1994-11-15,295.25786059381653
1994-11-16,295.80594587519056
1994-11-17,294.9448873462817
1994-11-18,294.4727983621081
1994-11-21,292.33069320469167
1994-11-22,285.5197945151661
1994-11-23,284.0987948882715
1994-11-25,284.00668780322434
1994-11-28,284.05663889947516
1994-11-29,284.10659878112483
1994-11-30,284.15656744971847
1994-12-01,284.21598174640656
1994-12-02,284.27540846602994
1994-12-05,284.3348476111861
1994-12-06,284.39429918447314
1994-12-07,282.62591142978016
1994-12-08,277.88449961040504
1994-12-09,278.49941510855575
1994-12-12,279.6437682385743
1994-12-13,280.14326425630725
1994-12-14,283.4479992607559
1994-12-15,283.36551177021994
1994-12-16,284.25927163321853
1994-12-19,284.2614770507588
1994-12-20,284.3209132829953
1994-12-21,285.9110973825881
1994-12-22,285.74448674209185
1994-12-23,285.75481283471834
1994-12-27,286.62907130863226
1994-12-28,286.40612932705943
1994-12-29,286.4455033768464
1994-12-30,286.50539626714743
1995-01-03,286.5625827442423
1995-01-04,287.00620241545727
1995-01-05,286.84083205281286
1995-01-06,288.15848653502144
1995-01-09,288.82239294836904
1995-01-10,289.392811968868
1995-01-11,289.41591865893264
1995-01-12,289.4773753915739
1995-01-13,291.7056645398736
1995-01-16,294.0716192237971
1995-01-17,295.0676141844079
1995-01-18,294.8515893414901
1995-01-19,293.1744385485236
1995-01-20,290.7740151783271
1995-01-23,290.2870428134916
1995-01-24,291.0914587438065
1995-01-25,290.7197687972512
1995-01-26,291.17800557574543
1995-01-27,291.0905066433055
1995-01-30,291.1486083084315
1995-01-31,291.20672157064985
1995-02-01,291.26791283905345
1995-02-02,291.6038792185879
1995-02-03,294.72339955829096
1995-02-06,296.7776338973622
1995-02-07,296.5192150711854
1995-02-08,296.7798117724459
1995-02-09,296.01580370968696
1995-02-10,296.600898180585
1995-02-13,296.3797034357767
1995-02-14,296.6652675595007
1995-02-15,297.7258848476774
1995-02-16,298.3295677860727
1995-02-17,295.69880778965546
1995-02-21,295.277934844472
1995-02-22,296.5133944966661
1995-02-23,297.6497587767901
1995-02-24,298.0421630168851
1995-02-27,295.7908304919081
1995-02-28,298.22190149243767
1995-03-01,297.186893141714
1995-03-02,296.8851356916588
1995-03-03,297.1812393525338
1995-03-06,297.4918232307711
1995-03-07,297.45556905700806
1995-03-08,297.5149292903691
1995-03-09,297.57430136965826
1995-03-10,297.6336852972396
1995-03-13,297.6930810754775
1995-03-14,298.48932575217924
1995-03-15,297.72648642598676
1995-03-16,299.40206845254113
1995-03-17,299.6541175224611
1995-03-20,300.72454414640265
1995-03-21,300.5997173600097
1995-03-22,300.42800484950516
1995-03-23,300.6178439520021
1995-03-24,302.7664781113262
1995-03-27,304.2158919353974
1995-03-28,304.61462498890296
1995-03-29,303.3399844931764
1995-03-30,301.90618879242487
1995-03-31,301.23215473033775
1995-04-03,301.9650397970133
1995-04-04,303.2358469002703
1995-04-05,303.24381114753584
1995-04-06,303.2243820247593
1995-04-07,302.71555763423305
1995-04-10,303.05645727135993
1995-04-11,302.49736481730474
1995-04-12,303.32969345363296
1995-04-13,304.32602181737076
1995-04-17,302.55023006817675
1995-04-18,301.66645320695255
1995-04-19,299.2454256922834
1995-04-20,299.76100448713873
1995-04-21,302.10931236207176
1995-04-24,305.4058346971907
1995-04-25,305.39797299766917
1995-04-26,305.9744357166437
1995-04-27,306.6755297810478
1995-04-28,307.2632896067487
1995-05-01,307.3454510161684
1995-05-02,307.68331833389595
1995-05-03,311.06357083570964
1995-05-04,310.8946036882133
1995-05-05,309.98461587712234
1995-05-08,311.86810044101424
1995-05-09,311.6435706600468
1995-05-10,312.0184388728931
1995-05-11,312.51366539274824
1995-05-12,312.1017428766816
1995-05-15,313.3353420867763
1995-05-16,314.0311207103873
1995-05-17,313.5146209376925
1995-05-18,309.2220045889071
1995-05-19,308.73586179936734
1995-05-22,311.6552988693824
1995-05-23,315.9165594659681
1995-05-24,315.22521378288724
1995-05-25,315.24347120730556
1995-05-26,311.95355372085174
1995-05-30,309.37139533977466
1995-05-31,313.9572821746459
1995-06-01,314.7042708243219
1995-06-02,314.95994683241764
1995-06-05,316.4853890313856
1995-06-06,316.640495926113
1995-06-07,315.38405573612545
1995-06-08,314.7667170013246
1995-06-09,312.04360365016623
1995-06-12,313.45794668329864
1995-06-13,316.20706156776936
1995-06-14,316.4591100685663
1995-06-15,317.41108074962824
1995-06-16,319.23923696283566
1995-06-19,322.8916581032492
1995-06-20,323.57885641706645
1995-06-21,323.44822847582907
1995-06-22,327.7294083514898
1995-06-23,327.08595959666036
1995-06-26,323.85972614426294
1995-06-27,321.3430634683881
1995-06-28,322.1711133439245
1995-06-29,322.6861452463141
1995-06-30,323.23078746275905
1995-07-03,324.42916192040894
1995-07-05,324.6603319774582
1995-07-06,327.9079670207984
1995-07-07,330.31077088507226
1995-07-10,331.4858832721477
1995-07-11,329.5366212982748
1995-07-12,334.29706535189615
1995-07-13,334.7118889513306
1995-07-14,334.4794729209895
1995-07-17,336.2797308331016
1995-07-18,331.7302106426678
1995-07-19,322.59846842035074
1995-07-20,324.5928101114204
1995-07-21,325.34641811106115
1995-07-24,328.8774885655022
1995-07-25,331.4000285454587
1995-07-26,332.96941958829814
1995-07-27,335.7641952937158
1995-07-28,335.064973877704
1995-07-31,334.6768614029979
1995-08-01,332.9833306958879
1995-08-02,331.2037708742594
1995-08-03,330.80224360977826
1995-08-04,331.6525089745422
1995-08-07,332.32633022064783
1995-08-08,332.48018993956777
1995-08-09,332.62805727003433
1995-08-10,332.01861424783993
1995-08-11,330.7430187943665
1995-08-14,333.6034259414128
1995-08-15,333.3179158587965
1995-08-16,335.47036299481954
1995-08-17,335.5258684527795
1995-08-18,335.37805036202576
1995-08-21,331.03224070326604
1995-08-22,333.1877846455264
1995-08-23,332.6893735617143
1995-08-24,331.96815792128325
1995-08-25,333.2286276291738
1995-08-28,333.0452479653411
1995-08-29,333.255278264648
1995-08-30,334.8033269324361
1995-08-31,335.69075524117125
1995-09-01,336.2988784401454
1995-09-05,338.5929392187174
1995-09-06,339.6268715042617
1995-09-07,339.4316826684531
1995-09-08,341.5830035286332
1995-09-11,342.46217274760426
1995-09-12,343.3105476012897
1995-09-13,344.6850044090748
1995-09-14,346.8370721132804
1995-09-15,346.26462718633536
1995-09-18,345.59162638692726
1995-09-19,346.7215302467099
1995-09-20,348.27303281906774
1995-09-21,347.07104087687554
1995-09-22,346.61547373356024
1995-09-25,346.5254083579134
1995-09-26,347.4108269194427
1995-09-27,347.31320750046643
1995-09-28,348.93435800771675
1995-09-29,348.96987176371397
1995-10-02,347.44793740731495
1995-10-03,348.35214670940076
1995-10-04,348.8930885052576
1995-10-05,348.9882627973952
1995-10-06,349.52891525386576
1995-10-09,347.3990137543934
1995-10-10,346.4526089747722
1995-10-11,347.90229719998086
1995-10-12,349.9051051545088
1995-10-13,351.0491947684902
1995-10-16,350.7152437466647
1995-10-17,351.6530969677365
1995-10-18,352.05222025871666
1995-10-19,352.40615086117515
1995-10-20,349.888792150699
1995-10-23,348.7182477587699
1995-10-24,349.4435358655846
1995-10-25,347.84164927587165
1995-10-26,344.5639817707249
1995-10-27,344.21445255297164
1995-10-30,345.7542938928812
1995-10-31,344.8466296799587
1995-11-01,346.6988199914615
1995-11-02,348.52567836311675
1995-11-03,349.49417706643294
1995-11-06,348.14939836256195
1995-11-07,346.0536410926864
1995-11-08,348.62021526046675
1995-11-09,349.6620904789399
1995-11-10,348.8382836186022
1995-11-13,348.9492026703262
1995-11-14,348.0470908909888
1995-11-15,350.42579327787377
1995-11-16,351.84877145779285
1995-11-17,353.21476013564757
1995-11-20,352.1550955895494
1995-11-21,353.4465456045704
1995-11-22,352.2282607518326
1995-11-24,352.6652354004765
1995-11-27,353.83025817636286
1995-11-28,355.3949429091045
1995-11-29,356.74003620058664
1995-11-30,356.2003231735692
1995-12-01,357.4961237688423
1995-12-04,361.08368669394304
1995-12-05,363.6239384990981
1995-12-06,365.3697912099251
1995-12-07,363.01028692068576
1995-12-08,362.9072293743307
1995-12-11,363.92292189361604
1995-12-12,363.9945071468092
1995-12-13,366.3936803193337
1995-12-14,365.40529797879543
1995-12-15,365.10093556983514
1995-12-18,359.7802036674564
1995-12-19,360.65137295549806
1995-12-20,357.83697574685857
1995-12-21,360.48732548209983
1995-12-22,361.42233805817904
1995-12-26,362.47284061391326
1995-12-27,363.15471766481875
1995-12-28,363.7382503799952
1995-12-29,364.64214879584625
1996-01-02,365.6222852848665
1996-01-03,366.33561478087273
1996-01-04,364.7288423724358
1996-01-05,364.1691665236235
1996-01-08,364.9553785915379
1996-01-09,361.58779737322556
1996-01-10,355.356529863216
1996-01-11,356.75967779923496
1996-01-12,355.8522809385965
1996-01-15,355.69668564394647
1996-01-16,355.7084799140801
1996-01-17,355.77786085308736
1996-01-18,355.8472553248468
1996-01-19,355.91666333199794
1996-01-22,355.4149129201002
1996-01-23,355.61713663680564
1996-01-24,359.57203619325946
1996-01-25,358.0203473954208
1996-01-26,360.58216301984845
1996-01-29,361.8572023051784
1996-01-30,366.262966372948
1996-01-31,367.6593452617777
1996-02-01,368.9304724327995
1996-02-02,367.3648954533991
1996-02-05,369.4656526212527
1996-02-06,371.0864810211919
1996-02-07,373.2330150644361
1996-02-08,376.40043103864105
1996-02-09,376.87678626419586
1996-02-12,379.1333487176929
1996-02-13,378.63838312263437
1996-02-14,376.203152904404
1996-02-15,374.55381332765916
1996-02-16,372.54750711126326
1996-02-20,368.34846418914964
1996-02-21,371.23898353097223
1996-02-22,376.1274299636981
1996-02-23,376.19720622594957
1996-02-26,372.74083481194833
1996-02-27,371.2245020733959
1996-02-28,370.20045247464543
1996-02-29,367.7216779868425
1996-03-01,370.369795992483
1996-03-04,375.39385506085165
1996-03-05,377.63190270045385
1996-03-06,376.1354572614107
1996-03-07,377.28857252001666
1996-03-08,365.8534874366162
1996-03-11,369.2161884059962
1996-03-12,368.71827702841927
1996-03-13,369.1600283283058
1996-03-14,370.6222290210082
1996-03-15,370.52211252136055
1996-03-18,375.7018282204263
1996-03-19,376.0720828832034
1996-03-20,374.7684628946869
1996-03-21,374.34775191438945
1996-03-22,375.47930717616566
1996-03-25,374.8134334645447
1996-03-26,375.36585120080036
1996-03-27,373.32760039123207
1996-03-28,373.5802490363806
1996-03-29,371.95991780930063
1996-04-01,375.89556204822185
1996-04-02,376.91436218348645
1996-04-03,377.120045168336
1996-04-04,378.1735697770479
1996-04-08,371.51182318892455
1996-04-09,370.7563169238246
1996-04-10,366.0738387010357
1996-04-11,363.98029051578936
1996-04-12,365.292629720671
1996-04-15,369.3969271600018
1996-04-16,371.9078752225748
1996-04-17,370.29902020187393
1996-04-18,369.4287531663052
1996-04-19,370.0904454844102
1996-04-22,371.39846181161204
1996-04-23,372.9557055573181
1996-04-24,372.5202093746636
1996-04-25,373.68814198315795
1996-04-26,373.8843970274591
1996-04-29,374.263633506556
1996-04-30,374.08858756717876
1996-05-01,374.447125247744
1996-05-02,369.53401196411954
1996-05-03,369.19741664692765
1996-05-06,369.0986941763191
1996-05-07,367.6075521786784
1996-05-08,368.3351053131258
1996-05-09,369.3064500447838
1996-05-10,371.04194712639986
1996-05-13,374.74815250906715
1996-05-14,378.12721500023804
1996-05-15,378.18686954009405
1996-05-16,378.9039924133112
1996-05-17,381.49042061360376
1996-05-20,383.47353392152326
1996-05-21,383.6045320815083
1996-05-22,386.3537019454371
1996-05-23,385.70339254768106
1996-05-24,386.5247401688394
1996-05-28,382.47845960879573
1996-05-29,380.1480329012233
1996-05-30,382.569602188404
1996-05-31,380.47797889651486
1996-06-03,380.5610387042939
1996-06-04,383.5325794850888
1996-06-05,386.6751451409084
1996-06-06,384.29437414988263
1996-06-07,383.6906815860722
1996-06-10,383.6421877775614
1996-06-11,383.0865281800786
1996-06-12,382.7613807154604
1996-06-13,382.3446260960291
1996-06-14,380.89543949978173
1996-06-17,380.457621869469
1996-06-18,378.3892814463164
1996-06-19,378.45005931027947
1996-06-20,377.39529599082243
1996-06-21,379.4025883967387
1996-06-24,381.0240022331732
1996-06-25,380.6781695318179
1996-06-26,379.21502470534983
1996-06-27,380.5911864930944
1996-06-28,382.09932869679966
1996-07-01,384.43970891635524
1996-07-02,383.62487124856625
1996-07-03,382.62916491371743
1996-07-05,374.5231189763784
1996-07-08,372.06516873106887
1996-07-09,373.77240853826953
1996-07-10,374.02732788795805
1996-07-11,371.152690002402
1996-07-12,371.90496586885513
1996-07-15,371.8899082788597
1996-07-16,371.96581472803854
1996-07-17,372.0417366704827
1996-07-18,372.11767410935454
1996-07-19,372.193627047817
1996-07-22,369.9386672807048
1996-07-23,366.4844032682757
1996-07-24,365.36577843148285
1996-07-25,368.23939485211423
1996-07-26,371.3081214900653
1996-07-29,368.4129238291213
1996-07-30,370.20159425778155
1996-07-31,373.7170079518173
1996-08-01,379.1738685367897
1996-08-02,385.4827129635677
1996-08-05,384.0441672840792
1996-08-06,384.8460627740182
1996-08-07,385.6361864508209
1996-08-08,384.72154842521854
1996-08-09,380.41612708048973
1996-08-12,383.1155401197483
1996-08-13,380.41578689511556
1996-08-14,382.15072900036097
1996-08-15,382.64042796836526
1996-08-16,384.51509356391165
1996-08-19,384.98988339971584
1996-08-20,384.5098550624421
1996-08-21,384.2213029107009
1996-08-22,387.20086047078814
1996-08-23,385.32123001758254
1996-08-26,383.9161707460718
1996-08-27,385.4501893733709
1996-08-28,385.1167526110902
1996-08-29,381.45081244442537
1996-08-30,379.05684485080474
1996-09-03,379.503564459717
1996-09-04,380.3721215657563
1996-09-05,376.4330409719763
1996-09-06,380.16917076063913
1996-09-09,384.09342155222487
1996-09-10,384.35499611400985
1996-09-11,386.06278024135
1996-09-12,388.12216727920446
1996-09-13,392.29433142497294
1996-09-16,393.9285806684263
1996-09-17,392.9149991410629
1996-09-18,391.99380113015144
1996-09-19,392.03657238660696
1996-09-20,394.2992220984187
1996-09-23,394.02765207147735
1996-09-24,394.87901668706843
1996-09-25,396.6403618425999
1996-09-26,397.84799163717815
1996-09-27,397.9626865161996
1996-09-30,398.4512939171127
1996-10-01,398.8482385414061
1996-10-02,401.2141081106471
1996-10-03,401.3997748596415
1996-10-04,406.1688042991845
1996-10-07,405.46723749820643
1996-10-08,404.0761103204091
1996-10-09,402.1018022155518
1996-10-10,401.41080282801636
1996-10-11,403.5759188048214
1996-10-14,405.3975454149593
1996-10-15,405.78804044307105
1996-10-16,405.24478815239934
1996-10-17,405.76637845080245
1996-10-18,407.7156522849548
1996-10-21,406.6923272750506
1996-10-22,405.35313934946305
1996-10-23,403.9816175733756
1996-10-24,401.6502591441153
1996-10-25,401.22630152962637
1996-10-28,399.3611036020197
1996-10-29,402.5293111484882
1996-10-30,403.1200346488389
1996-10-31,404.85634600846157
1996-11-01,403.62020657194347
1996-11-04,405.2326369947293
1996-11-05,408.5117371068279
1996-11-06,413.4497272686526
1996-11-07,414.4047908555984
1996-11-08,415.40940052111176
1996-11-11,415.2697121470539
1996-11-12,415.7917847882699
1996-11-13,416.53404874905834
1996-11-14,418.5925668748097
1996-11-15,418.892765298699
1996-11-18,418.6614365842163
1996-11-19,420.6286198493821
1996-11-20,421.4499212587406
1996-11-21,420.5716237729876
1996-11-22,423.72230698277167
1996-11-25,428.636410905561
1996-11-26,427.3062045371627
1996-11-27,426.9598838589842
1996-11-29,428.261338638483
1996-12-02,427.6766383466207
1996-12-03,424.08807579315123
1996-12-04,421.713764691814
1996-12-05,421.4311595897447
1996-12-06,418.93981460858726
1996-12-09,425.1415317275906
1996-12-10,423.35933789546186
1996-12-11,420.18679066966564
1996-12-12,414.46942332419565
1996-12-13,412.67518993058945
1996-12-16,407.6430662825149
1996-12-17,410.2761132900407
1996-12-18,413.8271193606311
1996-12-19,421.1198351494859
1996-12-20,422.74001744291627
1996-12-23,421.8765016956291
1996-12-24,423.61744996897227
1996-12-26,425.8929550209675
1996-12-27,426.3462249103563
1996-12-30,425.99601490925784
1996-12-31,420.6265191913206
1997-01-02,417.48203170585094
1997-01-03,422.12509973463006
1997-01-06,422.6488483019504
1997-01-07,424.99966176884544
1997-01-08,423.3355098203331
1997-01-09,426.54366065605353
1997-01-10,429.8104702558257
1997-01-13,428.3703358586464
1997-01-14,431.95096818147584
1997-01-15,430.95249109972895
1997-01-16,432.2365095107754
1997-01-17,434.4463134566494
1997-01-20,434.61121565448764
1997-01-21,436.5808906390848
1997-01-22,437.76732446217676
1997-01-23,434.1431202825632
1997-01-24,429.6008423894219
1997-01-27,426.67549308995393
1997-01-28,426.7685624302004
1997-01-29,430.1340012903763
1997-01-30,435.3378698589659
1997-01-31,436.4773463603002
1997-02-03,436.4870101516141
1997-02-04,437.3001541908614
1997-02-05,431.8693399730466
1997-02-06,433.46604922478963
1997-02-07,438.33297468525956
1997-02-10,436.6935938374679
1997-02-11,438.7196959016284
1997-02-12,444.95814499697383
1997-02-13,450.5938698258645
1997-02-14,449.4043244958556
1997-02-18,453.9776367894861
1997-02-19,452.052758770686
1997-02-20,446.97664295799774
1997-02-21,446.7100703771325
1997-02-24,450.59466048743843
1997-02-25,451.53186310519766
1997-02-26,447.6572536641472
1997-02-27,444.4281686179453
1997-02-28,441.7680897591996
1997-03-03,443.8949858069011
1997-03-04,440.97352409757667
1997-03-05,446.0624401140972
1997-03-06,445.98335883137577
1997-03-07,450.0802977875625
1997-03-10,454.0793561387849
1997-03-11,454.00195924041003
1997-03-12,450.7819130063574
1997-03-13,442.5418618706827
1997-03-14,444.7167152290425
1997-03-17,445.0906856670565
1997-03-18,441.19165885719974
1997-03-19,439.0755710574614
1997-03-20,436.3957721180262
1997-03-21,436.2711604922944
1997-03-24,436.3647668324897
1997-03-25,436.4583932568613
1997-03-26,436.55203976971853
1997-03-27,428.0045525262971
1997-03-31,418.95367552088516
1997-04-01,419.9141483638182
1997-04-02,414.31536239250283
1997-04-03,414.1889765166356
1997-04-04,414.26976407650517
1997-04-07,414.35056739398834
1997-04-08,414.4313864721586
1997-04-09,414.51222131409
1997-04-10,414.59307192285735
1997-04-11,414.67393830153594
1997-04-14,415.95135255112416
1997-04-15,421.24942192112445
1997-04-16,421.61010769447216
1997-04-17,421.17775497977993
1997-04-18,423.6578540703253
1997-04-21,420.4616498914844
1997-04-22,423.1705915166237
1997-04-23,421.94255889705045
1997-04-24,421.9053402825546
1997-04-25,421.98763291917675
1997-04-28,422.0699416069777
1997-04-29,431.4926876203981
1997-04-30,435.09452060463997
1997-05-01,435.14606997465665
1997-05-02,444.15564725921314
1997-05-05,452.9081056771419
1997-05-06,452.1969618339465
1997-05-07,446.1681071148385
1997-05-08,448.1189353982576
1997-05-09,450.80480877216326
1997-05-12,456.7178891091003
1997-05-13,454.7725001129832
1997-05-14,455.94468912169185
1997-05-15,458.5651747320976
1997-05-16,454.073337773838
1997-05-19,456.24121960528873
1997-05-20,459.7680710895519
1997-05-21,459.42608401034477
1997-05-22,458.438819081278
1997-05-23,464.1234013106217
1997-05-27,465.63445294125233
1997-05-28,464.72067030493207
1997-05-29,463.0011951385976
1997-05-30,463.3493007269259
1997-06-02,463.42976763840403
1997-06-03,461.40016127074347
1997-06-04,458.9657730193412
1997-06-05,460.684381473252
1997-06-06,466.0953977897763
1997-06-09,467.87953053457784
1997-06-10,469.6968479243624
1997-06-11,471.6689978118765
1997-06-12,477.4862500631605
1997-06-13,480.6312470406459
1997-06-16,480.55906190024797
1997-06-17,479.81874083689496
1997-06-18,478.89881124482116
1997-06-19,483.80209055753033
1997-06-20,483.3707934515741
1997-06-23,473.8374416721479
1997-06-24,481.1690248232841
1997-06-25,477.9043645578469
1997-06-26,475.50152333546015
1997-06-27,478.2762426500177
1997-06-30,476.9246544209479
1997-07-01,479.3783520490588
1997-07-02,485.01611628761964
1997-07-03,490.59255459997013
1997-07-07,488.33282555332744
1997-07-08,493.022121758554
1997-07-09,487.8546887497711
1997-07-10,491.7254591172076
1997-07-11,493.94587348879367
1997-07-14,495.07702230340635
1997-07-15,499.35880620641336
1997-07-16,504.9258118636612
1997-07-17,502.5289003574448
1997-07-18,495.21804715614996
1997-07-21,492.81454739956496
1997-07-22,502.2610679025655
1997-07-23,504.854386237954
1997-07-24,506.0550311838267
1997-07-25,505.04509304054307
1997-07-28,504.9672462717662
1997-07-29,507.0129657269792
1997-07-30,512.3309589663942
1997-07-31,512.9775771537659
1997-08-01,510.22827771511015
1997-08-04,511.6213090390304
1997-08-05,512.5632189993531
1997-08-06,516.7998563358839
1997-08-07,514.9471640309378
1997-08-08,506.128759673994
1997-08-11,505.5797969986246
1997-08-12,502.2610068446286
1997-08-13,501.59269333169004
1997-08-14,501.7020185182142
1997-08-15,491.64904947502635
1997-08-18,494.90976472292317
1997-08-19,501.60499022480553
1997-08-20,508.4951978072
1997-08-21,503.53726307444066
1997-08-22,503.2632668366455
1997-08-25,505.58547354873826
1997-08-26,502.89279410585306
1997-08-27,502.9142761161866
1997-08-28,499.6453184283427
1997-08-29,497.41599197183734
1997-09-02,508.22013615646813
1997-09-03,509.03192802249964
1997-09-04,511.4899995074632
1997-09-05,511.36326523642094
1997-09-08,513.6869057557666
1997-09-09,515.7310291913433
1997-09-10,511.2234781565555
1997-09-11,508.57992699081626
1997-09-12,513.7836197795366
1997-09-15,513.93214413155
1997-09-16,522.5544456774402
1997-09-17,522.4355075008383
1997-09-18,525.02339901268
1997-09-19,525.8755774279234
1997-09-22,526.1918143984008
1997-09-23,522.674897193365
1997-09-24,520.4610446629739
1997-09-25,517.964607744366
1997-09-26,521.0728496603285
1997-09-29,524.9710552539633
1997-09-30,523.7112235635483
1997-10-01,527.8081384007905
1997-10-02,529.8413856029803
1997-10-03,530.6678186101148
1997-10-06,532.128250897849
1997-10-07,535.2695692100035
1997-10-08,532.6073100517197
1997-10-09,533.3495975797132
1997-10-10,532.1331455293933
1997-10-13,533.9926538228744
1997-10-14,534.3285301516412
1997-10-15,533.4773351139337
1997-10-16,529.0117403754523
1997-10-17,523.0519540973133
1997-10-20,527.2370640021259
1997-10-21,534.713240599466
1997-10-22,532.679963680437
1997-10-23,524.237240171062
1997-10-24,521.3361769796774
1997-10-27,491.8837444033251
1997-10-28,496.94909563026795
1997-10-29,496.9592670418515
1997-10-30,497.0498328986772
1997-10-31,497.14041526022464
1997-11-03,497.2422693885032
1997-11-04,497.3441443846555
1997-11-05,497.44604025295706
1997-11-06,497.54795699768414
1997-11-07,497.1270212022185
1997-11-10,495.7141017835187
1997-11-11,496.26192438401574
1997-11-12,490.7093187264095
1997-11-13,494.1462122446299
1997-11-14,499.42370492816065
1997-11-17,506.79822131502345
1997-11-18,507.0089965611818
1997-11-19,509.28656739141564
1997-11-20,516.0686533376081
1997-11-21,517.6713240029322
1997-11-24,511.4186854974532
1997-11-25,513.7486594314873
1997-11-26,514.6878797074128
1997-11-28,515.7787333867861
1997-12-01,520.5311990225593
1997-12-02,519.4942509798482
1997-12-03,521.0726204431052
1997-12-04,520.3725174425673
1997-12-05,522.4225499729014
1997-12-08,522.2538400233564
1997-12-09,522.2978490946894
1997-12-10,522.4077138296639
1997-12-11,516.8516157503095
1997-12-12,516.8183650000412
1997-12-15,521.1545431828122
1997-12-16,524.2466988374072
1997-12-17,524.8067346261142
1997-12-18,521.787401538178
1997-12-19,518.911244704462
1997-12-22,523.8790785808775
1997-12-23,519.2687145147449
1997-12-24,517.1652051034506
1997-12-26,518.2429953487348
1997-12-29,524.9636520327075
1997-12-30,531.1653563698521
1997-12-31,531.2798964026517
1998-01-02,529.0905542353305
1998-01-05,525.5711281099572
1998-01-06,520.8997073901593
1998-01-07,520.7849704074583
1998-01-08,520.896710030709
1998-01-09,510.28905510488204
1998-01-12,514.8669429459006
1998-01-13,521.4838514455071
1998-01-14,523.5502034939464
1998-01-15,520.2631690357256
1998-01-16,526.1182464857462
1998-01-20,534.2668295733195
1998-01-21,531.570949641891
1998-01-22,530.4635278338225
1998-01-23,527.9712138291907
1998-01-26,525.3639528325107
1998-01-27,531.1745889499126
1998-01-28,534.5805166663346
1998-01-29,539.3208607938126
1998-01-30,536.9956246562746
1998-02-02,546.6751884052588
1998-02-03,547.3940885408709
1998-02-04,547.8485231946
1998-02-05,545.1718779938892
1998-02-06,550.0769496481693
1998-02-09,551.7689194978292
1998-02-10,556.484204061333
1998-02-11,557.634942924241
1998-02-12,560.2108897661303
1998-02-13,559.2432881101428
1998-02-17,562.8271783293415
1998-02-18,566.0780810307969
1998-02-19,564.6094488789724
1998-02-20,568.5460529732891
1998-02-23,570.7326605552014
1998-02-24,568.4587280302094
1998-02-25,571.6713548922373
1998-02-26,571.9714353977414
1998-02-27,572.0365454544741
1998-03-02,574.2755336159379
1998-03-03,574.4076547153213
1998-03-04,574.6295114593838
1998-03-05,571.4393364279483
1998-03-06,573.7765848061347
1998-03-09,573.8204290826192
1998-03-10,574.2585288666729
1998-03-11,575.5629768404852
1998-03-12,574.5297550128874
1998-03-13,575.2823460016436
1998-03-16,580.029638210494
1998-03-17,581.5838449791521
1998-03-18,582.991454506989
1998-03-19,585.1683419863268
1998-03-20,589.5043353000261
1998-03-23,586.4777611481206
1998-03-24,592.2787473977094
1998-03-25,589.1077370919463
1998-03-26,587.2445842399175
1998-03-27,583.2133810533985
1998-03-30,584.3955665487247
1998-03-31,588.0538502013114
1998-04-01,589.3752858927572
1998-04-02,589.32732624654
1998-04-03,589.4451176130442
1998-04-06,587.5427200477305
1998-04-07,583.8060886240944
1998-04-08,580.5441126663408
1998-04-09,584.4464832147427
1998-04-13,583.966086558923
1998-04-14,587.5612974691256
1998-04-15,588.7940795496079
1998-04-16,582.9176671980082
1998-04-17,586.649535715261
1998-04-20,583.8314524225431
1998-04-21,584.3226171581672
1998-04-22,584.7763625345315
1998-04-23,578.0115150095
1998-04-24,572.4401495000724
1998-04-27,560.7329752258129
1998-04-28,562.2107927634763
1998-04-29,567.393013468389
1998-04-30,569.3134649496144
1998-05-01,569.8252884195996
1998-05-04,569.8976358565345
1998-05-05,570.0088002012916
1998-05-06,567.4623244055134
1998-05-07,565.5731870832931
1998-05-08,569.9192262656463
1998-05-11,569.8242501727462
1998-05-12,572.8624996289768
1998-05-13,580.9447582242292
1998-05-14,581.6717113433565
1998-05-15,576.6128550825784
1998-05-18,574.282838874629
1998-05-19,574.8323611404755
1998-05-20,574.8240616412581
1998-05-21,574.8895432098701
1998-05-22,574.7645027551702
1998-05-26,571.1688890321502
1998-05-27,569.2628006638379
1998-05-28,573.1668995487918
1998-05-29,570.524285503947
1998-06-01,570.9600406856455
1998-06-02,577.6835626349298
1998-06-03,574.6307568877361
1998-06-04,576.8271399739501
1998-06-05,583.7823228221415
1998-06-08,585.936835628002
1998-06-09,585.3751386659106
1998-06-10,581.2444885464778
1998-06-11,571.9168658028608
1998-06-12,571.8456742871241
1998-06-15,561.1985990055744
1998-06-16,566.3813585709552
1998-06-17,571.0571036636278
1998-06-18,571.0161672341276
1998-06-19,571.1223762412332
1998-06-22,571.2921285316495
1998-06-23,571.500045061694
1998-06-24,574.4758655854763
1998-06-25,572.6700642436673
1998-06-26,574.4482666643504
1998-06-29,576.8618321967148
1998-06-30,575.2212810629213
1998-07-01,580.6560092744033
1998-07-02,578.7137651803819
1998-07-06,586.022319128478
1998-07-07,583.9516820309416
1998-07-08,589.7799020114891
1998-07-09,585.1471711466496
1998-07-10,586.7398730782979
1998-07-13,586.5335068740286
1998-07-14,592.1552345659819
1998-07-15,590.7810180512167
1998-07-16,595.2962635566438
1998-07-17,596.6514634083817
1998-07-20,597.5131481018076
1998-07-21,587.6834830358515
1998-07-22,587.3621187489663
1998-07-23,574.3847785712088
1998-07-24,575.954105127743
1998-07-27,576.3137382151484
1998-07-28,571.3903877174871
1998-07-29,571.3317193371468
1998-07-30,571.4353989042548
1998-07-31,571.539097286094
1998-08-03,571.6558855852335
1998-08-04,571.772697748894
1998-08-05,571.9219614148084
1998-08-06,572.9625846665157
1998-08-07,573.7240547856196
1998-08-10,573.746237960654
1998-08-11,573.8634772669188
1998-08-12,581.0089650759468
1998-08-13,574.7966938083352
1998-08-14,568.4395441477733
1998-08-17,575.5482278657947
1998-08-18,585.1349249139625
1998-08-19,582.3163891680894
1998-08-20,579.3816826625246
1998-08-21,574.1808796770707
1998-08-24,577.595794086417
1998-08-25,579.772444204737
1998-08-26,575.9355505315996
1998-08-27,554.7763803841327
1998-08-28,545.981021566214
1998-08-31,506.94483654416297
1998-09-01,523.3434909482982
1998-09-02,519.7584441096946
1998-09-03,518.5755993091032
1998-09-04,518.5984454964124
1998-09-08,522.1190381944779
1998-09-09,516.9824183239308
1998-09-10,508.5413867416767
1998-09-11,522.1794858138857
1998-09-14,531.7184100179506
1998-09-15,534.9698644154653
1998-09-16,537.8090302158445
1998-09-17,527.7742428218723
1998-09-18,531.7195894628043
1998-09-21,531.5760187482277
1998-09-22,533.4541433142791
1998-09-23,541.6173249942673
1998-09-24,532.2476188865031
1998-09-25,532.9837339627595
1998-09-28,534.4605785578701
1998-09-29,536.2690085970762
1998-09-30,525.3792005749873
1998-10-01,513.0774639246152
1998-10-02,521.6990453516192
1998-10-05,516.4972681747128
1998-10-06,512.9161989593194
1998-10-07,510.42143100257977
1998-10-08,508.4681774088889
1998-10-09,506.2972974704063
1998-10-12,503.7266936870638
1998-10-13,505.05485719887656
1998-10-14,512.3580849338309
1998-10-15,529.7896239009849
1998-10-16,534.783078360883
1998-10-19,539.7868460283928
1998-10-20,542.820792090266
1998-10-21,543.1808310973059
1998-10-22,548.2903969232473
1998-10-23,545.1239361116656
1998-10-26,544.3491706670507
1998-10-27,541.8533794540231
1998-10-28,542.3653800443233
1998-10-29,550.244527463026
1998-10-30,555.0645990374165
1998-11-02,562.2439616451323
1998-11-03,561.4853133346712
1998-11-04,565.925127718771
1998-11-05,572.9119743721075
1998-11-06,576.7262734141198
1998-11-09,572.4538123338227
1998-11-10,573.5719054899224
1998-11-11,569.9836578841486
1998-11-12,567.4304734157989
1998-11-13,569.2304158599965
1998-11-16,573.6885970897882
1998-11-17,576.1469443500431
1998-11-18,581.1476947515303
1998-11-19,584.8158178803076
1998-11-20,587.649126061682
1998-11-23,599.9475795472646
1998-11-24,597.1219325396924
1998-11-25,600.0660907747549
1998-11-27,602.7224817950741
1998-11-30,589.1583618967666
1998-12-01,597.2020936843255
1998-12-02,595.9673487466454
1998-12-03,587.6120727707474
1998-12-04,600.9023937541857
1998-12-07,609.8233488465627
1998-12-08,608.9575117975664
1998-12-09,610.2982019245114
1998-12-10,601.5611628145201
1998-12-11,603.4828720138654
1998-12-14,588.1582268123453
1998-12-15,599.0615618036696
1998-12-16,598.8373029542531
1998-12-17,607.6947465481736
1998-12-18,615.1078892569666
1998-12-21,627.9128954304455
1998-12-22,626.4261243376255
1998-12-23,639.89575151103
1998-12-24,639.2041942566258
1998-12-28,642.1885268168068
1998-12-29,650.1899581125429
1998-12-30,645.165265533259
1998-12-31,647.8356038770561
1999-01-04,644.593861632612
1999-01-05,654.62931169809
1999-01-06,669.7062252672615
1999-01-07,667.4157939429853
1999-01-08,672.6123786180502
1999-01-11,669.220475106941
1999-01-12,657.1394276443338
1999-01-13,655.5004523482401
1999-01-14,645.2259313270777
1999-01-15,661.4980546229643
1999-01-19,677.8739456500604
1999-01-20,681.1831128253028
1999-01-21,665.4384344288711
1999-01-22,661.9278428677139
1999-01-25,662.0771055965814
1999-01-26,670.3264916525604
1999-01-27,664.5283790403179
1999-01-28,664.3790217322717
1999-01-29,666.0190350629945
1999-02-01,664.541304537095
1999-02-02,656.540242004356
1999-02-03,662.8486858798877
1999-02-04,648.900740160996
1999-02-05,641.3214670665785
1999-02-08,643.8926236783651
1999-02-09,629.5586871849707
1999-02-10,629.233380540691
1999-02-11,634.6508218970383
1999-02-12,634.6555240043624
1999-02-16,634.7722435017821
1999-02-17,634.8889844650846
1999-02-18,635.0057468982176
1999-02-19,635.1225308051297
1999-02-22,636.2608975600572
1999-02-23,636.248317932521
1999-02-24,636.3503876488935
1999-02-25,636.4674188486861
1999-02-26,636.5844715716865
1999-03-01,636.7032391365477
1999-03-02,636.8220288598735
1999-03-03,636.9408407457979
1999-03-04,637.059674798456
1999-03-05,637.1785310219832
1999-03-08,637.9306519581326
1999-03-09,636.3804664188111
1999-03-10,638.1431335200316
1999-03-11,643.6726140798237
1999-03-12,641.5499103168968
1999-03-15,646.7270420045008
1999-03-16,646.2700515750346
1999-03-17,642.2130428013149
1999-03-18,649.216890059881
1999-03-19,641.582837493602
1999-03-22,640.7573154321985
1999-03-23,635.7218035292261
1999-03-24,635.7493197221911
1999-03-25,635.8679314727717
1999-03-26,635.9865653527467
1999-03-29,636.1052213662446
1999-03-30,636.2238995173949
1999-03-31,636.3425998103279
1999-04-01,638.3975974972137
1999-04-05,638.3850033376949
1999-04-06,638.4972824920819
1999-04-07,638.6095813941266
1999-04-08,639.2143131283964
1999-04-09,639.3034636653938
1999-04-12,640.1401289206544
1999-04-13,636.0773329902273
1999-04-14,626.0922439927764
1999-04-15,621.250586665721
1999-04-16,622.2698034498084
1999-04-19,619.7290890907391
1999-04-20,619.7644775115228
1999-04-21,619.852128246759
1999-04-22,619.961147839075
1999-04-23,620.0701866057569
1999-04-26,620.1792445501771
1999-04-27,620.2883216757086
1999-04-28,622.9124692426975
1999-04-29,619.4357910041441
1999-04-30,618.6532344516717
1999-05-03,624.1199675020313
1999-05-04,614.8088782817463
1999-05-05,618.466392020346
1999-05-06,618.2620786389032
1999-05-07,618.3670162615106
1999-05-10,618.4719716951807
1999-05-11,618.5769449429366
1999-05-12,618.6819360078018
1999-05-13,618.7869448928005
1999-05-14,618.8919716009573
1999-05-17,618.9970161352971
1999-05-18,618.4280843450057
1999-05-19,618.4422009772484
1999-05-20,618.5471691720203
1999-05-21,618.6521551830439
1999-05-24,618.7571590133432
1999-05-25,618.8621806659426
1999-05-26,618.967220143867
1999-05-27,619.0722774501421
1999-05-28,619.1773525877937
1999-06-01,619.2897147019678
1999-06-02,619.4020972064948
1999-06-03,619.5145001050748
1999-06-04,619.6269234014089
1999-06-07,619.7393670991986
1999-06-08,615.4753005532556
1999-06-09,615.3436814145088
1999-06-10,615.4146203437648
1999-06-11,615.5262996349186
1999-06-14,615.6379991925133
1999-06-15,615.7497190202268
1999-06-16,615.8614591217374
1999-06-17,618.252374695488
1999-06-18,621.0896862252881
1999-06-21,625.5929162637019
1999-06-22,619.1889249052216
1999-06-23,618.6004724925117
1999-06-24,609.1521774077976
1999-06-25,609.6563674169477
1999-06-28,618.8903213031891
1999-06-29,628.6764932532262
1999-06-30,638.0823256379525
1999-07-01,640.8504170470633
1999-07-02,643.4976061057009
1999-07-06,643.3347001867639
1999-07-07,643.828959057227
1999-07-08,643.00018833615
1999-07-09,645.7643398514036
1999-07-12,645.1469729680097
1999-07-13,643.5253948275301
1999-07-14,643.4510444214134
1999-07-15,643.5672709835673
1999-07-16,643.683518539725
1999-07-19,643.7997870936789
1999-07-20,643.9160766492216
1999-07-21,644.0323872101468
1999-07-22,644.1487187802486
1999-07-23,644.2650713633219
1999-07-26,644.3814449631623
1999-07-27,644.497839583566
1999-07-28,644.61425522833
1999-07-29,644.7306919012518
1999-07-30,644.84714960613
1999-08-02,644.9612488607813
1999-08-03,645.0753683041547
1999-08-04,643.1615824016494
1999-08-05,643.2085038604627
1999-08-06,643.3223131731357
1999-08-09,643.4361426232286
1999-08-10,643.5499922143044
1999-08-11,643.6638619499269
1999-08-12,643.7777518336603
1999-08-13,643.8916618690698
1999-08-16,644.0055920597209
1999-08-17,645.0675100121579
1999-08-18,645.1138687529328
1999-08-19,641.0883177459232
1999-08-20,644.6687784904482
1999-08-23,644.6126909505906
1999-08-24,644.7267487201274
1999-08-25,644.8408266710459
1999-08-26,644.954924806917
1999-08-27,645.0690431313124
1999-08-30,645.183181647804
1999-08-31,645.2973403599648
1999-09-01,647.3428818880018
1999-09-02,647.3213337332772
1999-09-03,647.4413276889114
1999-09-07,647.5613438878252
1999-09-08,647.6813823341417
1999-09-09,647.8014430319851
1999-09-10,647.92152598548
1999-09-13,648.0416311987519
1999-09-14,648.1617586759273
1999-09-15,642.9201307350274
1999-09-16,641.461378685987
1999-09-17,650.1805317451481
1999-09-20,650.8064459530178
1999-09-21,638.5240315252843
1999-09-22,642.4576415942665
1999-09-23,625.6246253375913
1999-09-24,624.941202769949
1999-09-27,629.4568214609038
1999-09-28,629.8368049318675
1999-09-29,629.5454019395389
1999-09-30,631.1605422780606
1999-10-01,631.2023331552757
1999-10-04,631.3193391317727
1999-10-05,627.8315835583844
1999-10-06,640.2355880356422
1999-10-07,638.4709882925897
1999-10-08,648.1317298129347
1999-10-11,648.7832303443755
1999-10-12,637.2309629710477
1999-10-13,624.3805427598238
1999-10-14,622.6865842774514
1999-10-15,606.1590134905193
1999-10-18,609.5513414540083
1999-10-19,609.3595018191807
1999-10-20,609.4724587900329
1999-10-21,609.5854366997188
1999-10-22,609.6984355521199
1999-10-25,609.8114553511183
1999-10-26,609.9244961005968
1999-10-27,615.935174990493
1999-10-28,635.4100944193375
1999-10-29,643.9544840101979
1999-11-01,640.1147490102162
1999-11-02,637.1684521449876
1999-11-03,640.2811246966131
1999-11-04,644.394519548263
1999-11-05,649.0882510128808
1999-11-08,652.8356639864604
1999-11-09,648.0795303908911
1999-11-10,653.9046590734565
1999-11-11,659.0783532393237
1999-11-12,663.7356988308302
1999-11-15,662.6890629606494
1999-11-16,675.0879605193907
1999-11-17,672.1533090759298
1999-11-18,682.6620865000594
1999-11-19,682.411260889302
1999-11-22,682.7865045353755
1999-11-23,674.7643459977951
1999-11-24,682.2142215910926
1999-11-26,684.3186736033348
1999-11-29,680.2103088627775
1999-11-30,666.1286112788564
1999-12-01,671.3630125753626
1999-12-02,681.7192670588972
1999-12-03,693.776741746844
1999-12-06,693.8877814625824
1999-12-07,692.5866593496937
1999-12-08,692.5060549102532
1999-12-09,693.609051282427
1999-12-10,696.1767941752339
1999-12-13,699.4314342107091
1999-12-14,689.9634258811393
1999-12-15,694.8664812633839
1999-12-16,701.3283422250039
1999-12-17,704.4707451519328
1999-12-20,703.4217914518633
1999-12-21,712.6860355934871
1999-12-22,714.9343579927693
1999-12-23,723.6080968490281
1999-12-27,722.3872883935877
1999-12-28,723.9920262039271
1999-12-29,730.0949021073588
1999-12-30,729.6159460832303
1999-12-31,733.8797162171314
